scene,steps,move_share,mean_move_param,mean_abs_turn_param,mean_speed_mps,final_distance_to_active_goal_m
250000,100,0.53,0.04027919843792915,0.42969274520874023,6.152307510375977,1244.2159423828125
250001,100,0.47,-0.05357551947236061,0.5337498784065247,5.471224308013916,692.6467895507812
250002,100,0.51,0.07460442185401917,0.4639407992362976,9.43056869506836,718.9498901367188
250003,100,0.54,-0.008171259425580502,0.5664297342300415,4.6874308586120605,1340.1427001953125
250004,47,0.3829787234042553,0.17746202647686005,0.3689597547054291,5.671848297119141,748.0424194335938
250005,100,0.5,0.04701671004295349,0.5062723755836487,6.439981460571289,1244.0728759765625
250006,87,0.5517241379310345,-0.027805641293525696,0.5355512499809265,4.34291410446167,1267.796875
250007,66,0.48484848484848486,0.2710704207420349,0.44920942187309265,18.20598030090332,1997.406005859375
250008,30,0.5,0.018033893778920174,0.42225542664527893,3.4953525066375732,1898.2303466796875
250009,100,0.6,0.02523076720535755,0.4766358733177185,13.381904602050781,748.6372680664062
250010,100,0.55,-0.0003215204633306712,0.4764059782028198,7.6146159172058105,1333.9072265625
250011,100,0.44,-0.020059429109096527,0.48623064160346985,3.6870832443237305,577.4730834960938
250012,100,0.33,0.31249889731407166,0.6180253028869629,21.221973419189453,491.93072509765625
250013,100,0.36,-0.10987058281898499,0.5464816093444824,3.155811071395874,638.3936767578125
250014,100,0.5,-0.1387995481491089,0.5781205296516418,3.733212471008301,1656.294677734375
250015,100,0.51,-0.11604170501232147,0.5068968534469604,3.5107553005218506,1484.3988037109375
250016,100,0.39,0.22212950885295868,0.5395634770393372,11.788174629211426,804.6689453125
250017,100,0.43,-0.027149200439453125,0.5497679710388184,5.06181526184082,496.0730895996094
250018,100,0.52,-0.026226667687296867,0.48310232162475586,3.452066421508789,637.4412231445312
250019,100,0.61,-0.03620058298110962,0.5985242128372192,6.494497299194336,1119.874267578125
250020,14,0.5,0.13366946578025818,0.4640207886695862,7.97277307510376,1886.3009033203125
250021,87,0.5977011494252874,0.28389838337898254,0.5223326086997986,23.32156753540039,1398.0084228515625
250022,100,0.39,-0.15427960455417633,0.5070934891700745,1.6293823719024658,1646.8433837890625
250023,100,0.45,-0.05553974583745003,0.5492775440216064,8.296077728271484,1950.618896484375
250024,100,0.52,0.18033219873905182,0.5245374441146851,23.793031692504883,528.1082763671875
250025,100,0.46,-0.12182227522134781,0.5151222944259644,2.3653371334075928,1450.162353515625
250026,100,0.56,-0.06651183217763901,0.573749303817749,4.957355976104736,957.564208984375
250027,88,0.5454545454545454,-0.035519618541002274,0.6123540997505188,4.174080848693848,1301.2664794921875
250028,100,0.39,0.030170580372214317,0.5953434109687805,4.197478771209717,1049.3284912109375
250029,100,0.47,-0.11131196469068527,0.5454890131950378,2.827164888381958,1478.44677734375
250030,100,0.44,0.24656157195568085,0.5227313041687012,25.415868759155273,1067.98828125
250031,100,0.57,-0.19365261495113373,0.569525957107544,1.5315884351730347,629.6636352539062
250032,15,0.6666666666666666,-0.005856818053871393,0.6103743314743042,2.879899501800537,2016.6328125
250033,100,0.45,0.09961023181676865,0.5446653962135315,11.546730995178223,806.50244140625
250034,100,0.55,-0.014228655956685543,0.5093064308166504,3.24338436126709,1205.236083984375
250035,100,0.54,0.04688543826341629,0.44844794273376465,10.964773178100586,1086.65478515625
250036,100,0.5,0.09122174978256226,0.6055375933647156,11.496232986450195,856.8734741210938
250037,100,0.42,-0.027732757851481438,0.4966028928756714,2.2757723331451416,953.8809814453125
250038,100,0.49,-0.11145531386137009,0.4724596440792084,4.660004138946533,1222.97119140625
250039,100,0.47,-0.04920394346117973,0.5510366559028625,2.6784098148345947,1276.562255859375
250040,7,0.2857142857142857,0.686651885509491,0.6846474409103394,2.566800355911255,990.3076782226562
250041,100,0.48,0.028384365141391754,0.50634765625,5.879704475402832,1237.9176025390625
250042,100,0.45,0.06709993630647659,0.4851127564907074,10.855971336364746,637.4526977539062
250043,100,0.59,-0.21164348721504211,0.5391102433204651,1.2475647926330566,1528.4580078125
250044,100,0.52,-0.10423541069030762,0.6177434325218201,3.1535439491271973,703.5593872070312
250045,7,0.5714285714285714,0.2392282336950302,0.5084193348884583,3.850600481033325,999.4061889648438
250046,100,0.51,-0.018422693014144897,0.49580472707748413,11.416032791137695,986.538818359375
250047,100,0.54,0.0005783974193036556,0.5803987979888916,5.1843109130859375,861.97705078125
250048,100,0.46,0.01985008642077446,0.6105565428733826,5.170412063598633,638.2766723632812
250049,100,0.56,-0.08869563043117523,0.44138267636299133,3.878368616104126,1168.5262451171875
250050,100,0.53,0.026401827111840248,0.5584218502044678,6.703855991363525,622.6907348632812
250051,100,0.4,-0.090054951608181,0.5560863018035889,3.6268343925476074,984.4871215820312
250052,100,0.49,-0.09493277966976166,0.49494293332099915,2.8657467365264893,1807.550537109375
250053,48,0.6041666666666666,0.1906571090221405,0.6125789880752563,15.90195369720459,216.97579956054688
250054,100,0.46,0.057385969907045364,0.4913904666900635,5.843381404876709,588.5006713867188
250055,17,0.5294117647058824,-0.1992599219083786,0.562079668045044,1.1723133325576782,1651.149169921875
250056,100,0.5,0.024092718958854675,0.5734924077987671,12.87386703491211,1065.160888671875
250057,100,0.49,-0.07373734563589096,0.509334146976471,4.07953405380249,1147.2647705078125
250058,25,0.64,-0.18620222806930542,0.6733459830284119,0.7840219736099243,1273.5924072265625
250059,34,0.5588235294117647,-0.007271463051438332,0.4482559561729431,2.164760112762451,1797.9749755859375
250060,30,0.5333333333333333,0.1220790296792984,0.5002515912055969,3.546410322189331,1167.6253662109375
250061,100,0.41,-0.05236169695854187,0.5388916730880737,5.995657920837402,1005.6543579101562
250062,9,0.6666666666666666,0.1992841362953186,0.6318326592445374,4.207818984985352,1537.8094482421875
250063,47,0.574468085106383,0.1729118973016739,0.4967668056488037,10.16268539428711,1528.1722412109375
250064,100,0.52,-0.10955537110567093,0.4775564968585968,2.4163763523101807,831.5426635742188
250065,100,0.58,-0.019244860857725143,0.4853084981441498,5.946507453918457,554.2009887695312
250066,100,0.53,0.07507719844579697,0.6162663698196411,13.603110313415527,1055.3067626953125
250067,100,0.41,-0.08358719199895859,0.5315632820129395,3.8192179203033447,1838.403564453125
250068,100,0.5,-0.020562676712870598,0.44175320863723755,6.213472843170166,775.87353515625
250069,100,0.44,-0.06327859312295914,0.4928070902824402,4.023158073425293,1117.3477783203125
250070,100,0.56,-0.0054573798552155495,0.5045604705810547,5.637084484100342,802.7049560546875
250071,100,0.41,-0.06228413060307503,0.5380081534385681,3.196000099182129,1142.7647705078125
250072,100,0.5,0.012374784797430038,0.5740293264389038,5.674538612365723,386.7499694824219
250073,100,0.36,-0.02190902642905712,0.5938647985458374,2.661855459213257,306.48724365234375
250074,100,0.5,-0.05764256417751312,0.47389575839042664,6.006103515625,654.2498168945312
250075,100,0.49,-0.028914663940668106,0.5242107510566711,9.609297752380371,1520.1605224609375
250076,100,0.54,0.024611376225948334,0.46995818614959717,6.695410251617432,567.3646240234375
250077,83,0.43373493975903615,0.20844633877277374,0.5371072292327881,19.331724166870117,381.4826965332031
250078,100,0.51,-0.056829292327165604,0.5410839915275574,2.0151164531707764,1550.49755859375
250079,100,0.48,-0.10512751340866089,0.5251842141151428,4.147557258605957,1328.5457763671875
250080,100,0.49,0.0334395207464695,0.4446004629135132,10.9364595413208,1277.0460205078125
250081,100,0.46,-0.036117568612098694,0.5669093728065491,7.007659435272217,927.0383911132812
250082,100,0.45,-0.1400509774684906,0.4937923848628998,1.7128379344940186,1507.6905517578125
250083,100,0.54,0.009234530851244926,0.5902458429336548,5.312203407287598,1609.6611328125
250084,100,0.42,-0.0552382655441761,0.6192923784255981,3.158144474029541,764.2567138671875
250085,100,0.54,0.04073634743690491,0.5049214363098145,5.519964218139648,314.08770751953125
250086,100,0.51,-0.020296167582273483,0.5578789114952087,3.741048574447632,467.3829040527344
250087,100,0.61,0.04514172673225403,0.4885937571525574,12.923810958862305,393.9971618652344
250088,66,0.6363636363636364,0.05300077795982361,0.5137072801589966,6.4717020988464355,1456.4873046875
250089,100,0.46,0.04151469096541405,0.5026837587356567,9.952113151550293,749.8268432617188
250090,100,0.42,-0.24063140153884888,0.6311309933662415,1.4078959226608276,1664.2481689453125
250091,73,0.4794520547945205,0.15953202545642853,0.5171541571617126,12.895137786865234,2120.90380859375
250092,100,0.59,-0.0939105898141861,0.5341126918792725,4.375308990478516,403.0320739746094
250093,100,0.46,0.05099188908934593,0.5238531231880188,5.3385725021362305,402.46051025390625
250094,66,0.5303030303030303,0.09016935527324677,0.4478524923324585,6.987448692321777,1682.552978515625
250095,100,0.61,-0.05927779898047447,0.4612807333469391,5.815239906311035,1417.7762451171875
250096,100,0.5,0.09264526516199112,0.4920591413974762,16.80289649963379,754.96044921875
250097,100,0.59,-0.0714479461312294,0.5170259475708008,6.043832302093506,129.6906280517578
250098,100,0.49,0.0854177176952362,0.46220383048057556,9.6471586227417,576.5955810546875
250099,100,0.55,-0.04468648508191109,0.5204751491546631,5.269466400146484,1251.440185546875
250100,100,0.47,-0.010512235574424267,0.5117149353027344,3.9550118446350098,564.4989013671875
250101,46,0.5217391304347826,0.09772831201553345,0.44443151354789734,8.566864967346191,1690.6015625
250102,100,0.46,-0.0039017596282064915,0.5311882495880127,13.984994888305664,1242.77001953125
250103,100,0.49,0.0006544674979522824,0.5601166486740112,5.481069564819336,686.4577026367188
250104,100,0.46,-0.11399739980697632,0.5877164006233215,2.2238876819610596,484.9096374511719
250105,100,0.41,0.15837882459163666,0.4855599105358124,13.750131607055664,1549.306640625
250106,100,0.54,0.0777696967124939,0.6070622801780701,14.437521934509277,310.5679626464844
250107,31,0.7096774193548387,0.10944519191980362,0.5922887921333313,8.701529502868652,1787.145263671875
250108,100,0.55,-0.008968460373580456,0.4226788282394409,7.692512035369873,715.1162719726562
250109,81,0.48148148148148145,0.03856663033366203,0.5139252543449402,7.116312503814697,889.306640625
250110,100,0.51,0.026400091126561165,0.5455772280693054,6.308149814605713,987.9754028320312
250111,100,0.43,-0.057594332844018936,0.5373469591140747,3.647249698638916,1496.2069091796875
250112,78,0.5641025641025641,0.11920039355754852,0.5157933235168457,14.07650375366211,1836.1556396484375
250113,100,0.48,0.07047843188047409,0.5413709282875061,7.203969955444336,1522.9617919921875
250114,100,0.51,0.006349151022732258,0.5140389204025269,7.720321178436279,351.1488342285156
250115,100,0.55,-0.08033483475446701,0.447282075881958,7.471973896026611,729.215087890625
250116,40,0.575,0.10953906178474426,0.541266679763794,5.525876998901367,1062.1505126953125
250117,100,0.43,0.007562998216599226,0.5010756254196167,4.422358512878418,1243.5186767578125
250118,100,0.51,-0.03225957602262497,0.5444744825363159,5.971814155578613,970.7420043945312
250119,100,0.46,-0.04853052273392677,0.5607102513313293,6.707685947418213,1139.419677734375
250120,100,0.51,-0.1013747826218605,0.5128300786018372,3.271446466445923,1753.4537353515625
250121,100,0.54,0.07295207679271698,0.44087842106819153,19.62042808532715,740.2976684570312
250122,100,0.47,0.07026771456003189,0.5363475680351257,11.440044403076172,998.1239013671875
250123,100,0.35,0.027871200814843178,0.4986223578453064,3.450639247894287,1358.4334716796875
250124,100,0.57,-0.053729098290205,0.47918829321861267,3.7980871200561523,1420.907958984375
250125,100,0.55,-0.07710140198469162,0.5304363369941711,4.329953193664551,1644.33349609375
250126,100,0.5,-0.12680651247501373,0.5560108423233032,2.645902395248413,1201.0321044921875
250127,98,0.45918367346938777,-0.046786244958639145,0.605976939201355,3.1251955032348633,1308.23046875
250128,100,0.49,0.08134550601243973,0.43205389380455017,7.398939609527588,727.253173828125
250129,100,0.43,0.25487247109413147,0.5445941686630249,25.992530822753906,571.6007080078125
250130,100,0.5,0.10122376680374146,0.5760117173194885,11.427294731140137,996.043212890625
250131,100,0.52,-0.03925926983356476,0.5003240704536438,4.163410663604736,1414.2257080078125
250132,100,0.54,-0.035604700446128845,0.4865763187408447,4.352612495422363,1543.00634765625
250133,100,0.49,0.10782232880592346,0.5044732093811035,22.489843368530273,194.18101501464844
250134,100,0.49,-0.01389927975833416,0.4885109066963196,5.47722053527832,1662.311767578125
250135,100,0.44,0.19465678930282593,0.5407689809799194,24.570669174194336,540.4657592773438
250136,100,0.42,-0.20233076810836792,0.5352514982223511,1.626698613166809,1829.1812744140625
250137,100,0.53,0.02451026625931263,0.5635566115379333,5.563931941986084,655.9528198242188
250138,100,0.51,0.06905905157327652,0.5266627073287964,5.293467998504639,210.41773986816406
250139,100,0.49,-0.018764153122901917,0.4636971950531006,8.118407249450684,1685.6112060546875
250140,100,0.34,-0.08937237411737442,0.5459375381469727,1.8787788152694702,659.553955078125
250141,59,0.6440677966101694,0.10045990347862244,0.5751459002494812,8.433440208435059,894.0433959960938
250142,70,0.5,0.0038799557369202375,0.6165739297866821,6.325145721435547,574.453369140625
250143,100,0.51,-0.08665674924850464,0.5335586071014404,4.894969940185547,1151.9249267578125
250144,100,0.54,0.07215575873851776,0.5361281037330627,15.83612060546875,872.5015869140625
250145,100,0.55,-0.07719938457012177,0.5599270462989807,2.566042900085449,1391.307861328125
250146,100,0.45,-0.0009712378378026187,0.43695637583732605,5.314923286437988,1120.678466796875
250147,100,0.45,-0.06776197254657745,0.5473200082778931,5.331547260284424,856.0770263671875
250148,100,0.48,-0.19393856823444366,0.5432167649269104,0.7957485914230347,229.35984802246094
250149,100,0.58,-0.02599058672785759,0.4920290410518646,5.6331939697265625,326.89166259765625
250150,100,0.5,-0.21524952352046967,0.48914769291877747,1.2759171724319458,460.6175842285156
250151,61,0.4918032786885246,0.03762330114841461,0.46759912371635437,9.104499816894531,1208.770263671875
250152,12,0.8333333333333334,0.19922295212745667,0.04158986359834671,2.6536264419555664,955.1259765625
250153,100,0.5,0.013718732632696629,0.5745012164115906,5.779869556427002,890.2135009765625
250154,100,0.48,-0.07739492505788803,0.5469076633453369,3.651959180831909,509.7471923828125
250155,100,0.6,-0.08305077999830246,0.4944162964820862,3.626014471054077,722.5492553710938
250156,100,0.48,-0.07963690161705017,0.4945084750652313,6.2451887130737305,655.2576293945312
250157,100,0.4,0.011267676949501038,0.44900599122047424,9.819611549377441,1580.7119140625
250158,100,0.45,-0.1295347511768341,0.5083735585212708,3.3125762939453125,1265.096435546875
250159,100,0.53,0.12197542935609818,0.497067928314209,12.362199783325195,470.2802429199219
250160,100,0.51,-0.01839907467365265,0.5922636389732361,4.256341457366943,953.7509765625
250161,68,0.5882352941176471,0.20415428280830383,0.5565398335456848,18.28895378112793,1574.8590087890625
250162,100,0.49,0.14897406101226807,0.5243746042251587,10.172989845275879,840.849853515625
250163,100,0.57,-0.189630389213562,0.50229811668396,1.7408534288406372,1181.5911865234375
250164,96,0.5416666666666666,0.052680857479572296,0.5395451188087463,9.709063529968262,1386.094970703125
250165,100,0.47,-0.11120040714740753,0.44438624382019043,3.1777849197387695,806.168701171875
250166,100,0.5,-0.0419180728495121,0.5701338052749634,2.914461374282837,581.9558715820312
250167,50,0.48,0.2677009403705597,0.5696351528167725,14.581289291381836,1859.1751708984375
250168,24,0.5,0.09692776203155518,0.630744993686676,5.499155044555664,1529.124755859375
250169,100,0.56,0.03167593479156494,0.47950318455696106,6.684526443481445,513.7350463867188
250170,100,0.56,-0.0039222207851707935,0.5379445552825928,11.289935111999512,260.6351623535156
250171,100,0.61,-0.042357102036476135,0.45108237862586975,6.397575855255127,1428.1123046875
250172,100,0.54,-0.029759205877780914,0.5366513133049011,5.9334821701049805,1121.047119140625
250173,11,0.6363636363636364,0.36253622174263,0.23600268363952637,9.107138633728027,611.1041259765625
250174,100,0.55,-0.03566690906882286,0.5577014684677124,2.9328994750976562,726.1829833984375
250175,100,0.54,-0.019055651500821114,0.5829777121543884,4.285726547241211,175.7336883544922
250176,100,0.46,-0.13575512170791626,0.5212267637252808,4.6551513671875,723.9059448242188
250177,100,0.51,-0.005443322937935591,0.49614083766937256,5.5860419273376465,1204.207275390625
250178,100,0.48,0.016078615561127663,0.4762458801269531,10.643608093261719,312.429443359375
250179,90,0.6111111111111112,0.04962807893753052,0.5447996854782104,5.918198585510254,809.5382080078125
250180,100,0.53,-0.0659080520272255,0.5365714430809021,5.429094314575195,832.6320190429688
250181,42,0.42857142857142855,-0.06656496971845627,0.6182608008384705,3.541317939758301,1653.419677734375
250182,96,0.4583333333333333,-0.023377681151032448,0.5600050091743469,7.265743255615234,743.1868286132812
250183,100,0.53,0.0037402352318167686,0.4858826994895935,8.091241836547852,132.8552703857422
250184,100,0.5,-0.008951128460466862,0.4813086688518524,8.531257629394531,1202.1212158203125
250185,100,0.53,0.02759132720530033,0.5276392102241516,9.381893157958984,1291.0419921875
250186,100,0.47,-0.048778094351291656,0.5427968502044678,3.3396995067596436,855.7947387695312
250187,100,0.44,0.0474674254655838,0.5735560655593872,8.686598777770996,1258.3963623046875
250188,100,0.56,0.06254417449235916,0.45017024874687195,10.749329566955566,1133.27978515625
250189,25,0.52,0.29678210616111755,0.5240288972854614,6.809510707855225,1200.22216796875
250190,42,0.5238095238095238,0.12191774696111679,0.6020285487174988,6.8620285987854,1846.630615234375
250191,100,0.55,-0.0658673495054245,0.4864230751991272,3.506115674972534,679.7368774414062
250192,86,0.3953488372093023,0.10196132957935333,0.46667951345443726,11.934392929077148,606.6679077148438
250193,100,0.5,0.004001551307737827,0.498382031917572,6.160733699798584,872.3526611328125
250194,100,0.49,0.16293244063854218,0.5312415957450867,18.60765266418457,947.6605834960938
250195,100,0.46,0.05187470093369484,0.4804624319076538,12.947237968444824,347.968017578125
250196,100,0.47,-0.07691480964422226,0.5422430038452148,2.054680585861206,745.3639526367188
250197,36,0.5277777777777778,0.08362564444541931,0.5316513776779175,2.543640375137329,1262.4080810546875
250198,100,0.5,-0.09586166590452194,0.49813520908355713,3.9403464794158936,1192.38232421875
250199,100,0.5,-0.17483508586883545,0.4999682307243347,2.0704519748687744,823.6000366210938
250200,100,0.49,0.038230862468481064,0.5988416075706482,13.48956298828125,1261.6629638671875
250201,100,0.47,-0.07549924403429031,0.4745127558708191,3.3367931842803955,779.6206665039062
250202,100,0.49,-0.01042218692600727,0.5184450745582581,4.147863388061523,977.035400390625
250203,86,0.43023255813953487,0.02737962268292904,0.43170955777168274,3.5928280353546143,1389.8062744140625
250204,100,0.51,0.05317430943250656,0.5411879420280457,6.345919132232666,1668.833984375
250205,100,0.52,-0.10332675278186798,0.5041889548301697,3.342560052871704,1217.1632080078125
250206,100,0.5,0.08089137077331543,0.47227996587753296,10.136512756347656,976.028564453125
250207,100,0.49,-0.05266715586185455,0.5547682642936707,4.590145587921143,382.3390197753906
250208,100,0.42,-0.028061049059033394,0.4705687463283539,9.146492958068848,903.2002563476562
250209,100,0.44,-0.11598829925060272,0.5537747144699097,2.694950580596924,1034.4859619140625
250210,100,0.53,1.260019689652836e-05,0.6160038113594055,5.382262706756592,1112.7662353515625
250211,100,0.51,0.08855489641427994,0.4922504127025604,10.574581146240234,1234.8175048828125
250212,100,0.5,0.08180646598339081,0.4705272614955902,13.097661018371582,1077.0079345703125
250213,100,0.47,-0.08337699621915817,0.5721399784088135,3.102261543273926,645.7332153320312
250214,100,0.47,-0.15284587442874908,0.5517480373382568,1.971285104751587,1098.1612548828125
250215,100,0.46,-0.02998991124331951,0.5422850251197815,6.248838901519775,701.4412841796875
250216,47,0.5106382978723404,0.08009955286979675,0.46149441599845886,6.639192581176758,1554.601318359375
250217,100,0.52,-0.024877360090613365,0.5846166014671326,4.334479808807373,592.1972045898438
250218,100,0.54,0.029617326334118843,0.5319769382476807,7.459730625152588,1013.9596557617188
250219,100,0.47,-0.12204787135124207,0.4668554961681366,3.229815721511841,1455.4722900390625
250220,100,0.52,-0.019965384155511856,0.5248519778251648,10.998815536499023,1117.963134765625
250221,100,0.53,0.04949367418885231,0.5490683913230896,12.01257038116455,1573.931640625
250222,24,0.4583333333333333,0.15764212608337402,0.5449873805046082,2.8586390018463135,620.481201171875
250223,100,0.41,-0.06426127254962921,0.5480185747146606,3.665700912475586,995.6847534179688
250224,100,0.46,-0.046400319784879684,0.5127251744270325,2.602461814880371,288.2409973144531
250225,90,0.5111111111111111,0.10716728866100311,0.585884153842926,10.635160446166992,1518.1796875
250226,100,0.55,-0.054620176553726196,0.5774787664413452,4.994936943054199,1181.836181640625
250227,100,0.56,0.005032992921769619,0.5252832770347595,6.446724891662598,560.5916748046875
250228,100,0.59,-7.72890416556038e-05,0.5692353844642639,6.3952531814575195,1186.6104736328125
250229,100,0.58,-0.04509136080741882,0.5538665056228638,4.056252479553223,1175.20166015625
250230,100,0.45,0.04485200345516205,0.5519452095031738,7.2074055671691895,987.92822265625
250231,100,0.53,-0.05315832793712616,0.5499318242073059,6.108884334564209,994.7432861328125
250232,100,0.41,0.06898728013038635,0.5197460651397705,8.888284683227539,595.5794677734375
250233,100,0.51,-0.09214965999126434,0.49784353375434875,2.9939825534820557,405.2110900878906
250234,94,0.5106382978723404,-0.12654714286327362,0.4981517791748047,1.8038899898529053,971.9686279296875
250235,100,0.51,-0.01517149992287159,0.6115732192993164,4.770761013031006,1496.9205322265625
250236,100,0.57,0.09217452257871628,0.43610110878944397,6.445712089538574,1263.56884765625
250237,100,0.52,0.062198154628276825,0.5351265072822571,14.028116226196289,835.1519775390625
250238,100,0.49,-0.042753104120492935,0.5302736759185791,5.9704718589782715,1267.1654052734375
250239,100,0.5,0.050372447818517685,0.5245164632797241,11.02614974975586,1472.8634033203125
250240,100,0.59,0.020303169265389442,0.47752121090888977,6.697920322418213,1069.2431640625
250241,48,0.5208333333333334,0.18032734096050262,0.5655286908149719,12.443611145019531,767.55859375
250242,9,0.6666666666666666,0.18768011033535004,0.7824617028236389,2.918041944503784,1616.7149658203125
250243,97,0.5567010309278351,0.03785157948732376,0.5087066292762756,5.65337610244751,367.49212646484375
250244,100,0.46,0.22661146521568298,0.47259050607681274,12.47016716003418,569.6049194335938
250245,100,0.5,-0.06471306085586548,0.5668336153030396,3.627349615097046,238.171875
250246,100,0.39,0.13728323578834534,0.4684116542339325,11.388201713562012,1145.91552734375
250247,100,0.57,0.012257717549800873,0.5105640888214111,6.736937046051025,163.4988250732422
250248,100,0.45,0.14871260523796082,0.42994576692581177,13.556962013244629,1051.4990234375
250249,76,0.4605263157894737,0.11008956283330917,0.5423904657363892,17.083152770996094,958.9677734375
250250,100,0.52,0.018116602674126625,0.5062418580055237,7.130244731903076,893.8555297851562
250251,100,0.49,-0.003886997699737549,0.5204554796218872,6.347250938415527,863.076416015625
250252,100,0.58,-0.006507844664156437,0.5156804323196411,5.637923717498779,1027.2623291015625
250253,30,0.5,0.1335657387971878,0.42423009872436523,8.917848587036133,944.5523681640625
250254,8,0.875,0.0031315514352172613,0.010517976246774197,1.4009947776794434,752.3216552734375
250255,100,0.56,0.05333317071199417,0.45911961793899536,7.3992486000061035,594.270751953125
250256,17,0.4117647058823529,0.01362805999815464,0.5504337549209595,1.0259324312210083,1553.22265625
250257,100,0.54,-0.047727733850479126,0.4696423411369324,2.9768826961517334,567.226806640625
250258,53,0.5094339622641509,-0.05199229717254639,0.6218359470367432,2.853423595428467,1677.19140625
250259,100,0.53,0.01093260757625103,0.49211427569389343,8.387585639953613,1114.8564453125
250260,100,0.51,-0.19621019065380096,0.49942970275878906,1.478172779083252,500.7721862792969
250261,100,0.59,-0.03569436073303223,0.5494652986526489,7.830410003662109,736.6935424804688
250262,100,0.5,-0.005044187419116497,0.49220696091651917,5.414428234100342,436.3858642578125
250263,85,0.4588235294117647,0.0740177109837532,0.5858569741249084,8.913665771484375,1325.1065673828125
250264,100,0.44,-0.1164432242512703,0.572077214717865,1.8057491779327393,1124.8148193359375
250265,100,0.4,-0.044413793832063675,0.6024226546287537,5.535881996154785,917.8908081054688
250266,15,0.6,0.21353058516979218,0.6884651184082031,7.7072834968566895,408.44927978515625
250267,100,0.52,0.013510439544916153,0.4744189977645874,11.827374458312988,1002.1812744140625
250268,100,0.57,0.10469275712966919,0.5698404908180237,10.72070598602295,1305.563720703125
250269,84,0.5119047619047619,0.0690808817744255,0.49279841780662537,11.350982666015625,1774.8214111328125
250270,100,0.46,-0.021029222756624222,0.49932172894477844,2.884690284729004,1124.813720703125
250271,80,0.4375,0.10423640161752701,0.5292104482650757,6.2084455490112305,1984.0731201171875
250272,100,0.49,-0.06887909024953842,0.45156994462013245,5.886062145233154,1145.82568359375
250273,100,0.58,-0.05516910180449486,0.5629763603210449,4.695337772369385,1480.85693359375
250274,100,0.42,-0.045457933098077774,0.50452721118927,4.19888973236084,1104.8636474609375
250275,100,0.44,0.15480254590511322,0.5653221011161804,15.389404296875,699.7456665039062
250276,100,0.34,-0.00993043091148138,0.48546549677848816,2.563436985015869,1286.8353271484375
250277,100,0.39,0.007023068610578775,0.47185593843460083,4.084184169769287,1071.574462890625
250278,100,0.49,-0.0879034623503685,0.5260013937950134,3.9935190677642822,466.7413024902344
250279,100,0.47,-0.0780072957277298,0.5327223539352417,2.8011715412139893,701.8297729492188
250280,66,0.6212121212121212,0.09629285335540771,0.5117863416671753,11.278449058532715,1037.5076904296875
250281,34,0.47058823529411764,0.14794224500656128,0.6462211608886719,9.13926887512207,1452.9278564453125
250282,100,0.51,-0.04498261958360672,0.5282172560691833,5.993110179901123,1444.960693359375
250283,100,0.42,-0.08026712387800217,0.5038734078407288,2.5488927364349365,1069.707763671875
250284,100,0.43,-0.046028293669223785,0.5534743666648865,6.616581439971924,516.3352661132812
250285,100,0.53,0.05459488928318024,0.47555044293403625,12.610352516174316,903.3723754882812
250286,100,0.55,-0.137891948223114,0.4980841875076294,2.935051679611206,322.5498046875
250287,86,0.46511627906976744,0.03134825825691223,0.44358792901039124,4.909300327301025,750.9867553710938
250288,100,0.47,-0.030878880992531776,0.4646681249141693,3.7566442489624023,676.3128662109375
250289,88,0.5795454545454546,0.19508571922779083,0.5372293591499329,19.42254638671875,1297.5714111328125
250290,100,0.53,-0.0767378881573677,0.4781018793582916,3.6940109729766846,640.2134399414062
250291,100,0.54,-0.024129342287778854,0.5283699035644531,3.721925735473633,1699.2264404296875
250292,100,0.53,-0.06640450656414032,0.48214882612228394,4.05107307434082,924.8070068359375
250293,100,0.54,-0.08176986128091812,0.5232114791870117,4.758317470550537,815.7496948242188
250294,100,0.49,-0.09643622487783432,0.5395053625106812,2.296032190322876,1392.8818359375
250295,100,0.47,0.025712622329592705,0.47346359491348267,8.018304824829102,715.72900390625
250296,100,0.52,0.15676163136959076,0.5606489181518555,22.576770782470703,551.83447265625
250297,100,0.49,0.06490921974182129,0.5485630631446838,7.213967323303223,1027.2894287109375
250298,100,0.48,-0.019613655284047127,0.5492602586746216,4.790978908538818,893.5341186523438
250299,100,0.52,0.07128917425870895,0.49974536895751953,14.368953704833984,1137.533203125
250300,93,0.4838709677419355,-0.09381977468729019,0.4863557815551758,3.721773862838745,1504.0216064453125
250301,76,0.4473684210526316,0.11152305454015732,0.4954114258289337,9.149803161621094,938.260498046875
250302,100,0.51,-0.04996122047305107,0.5750964283943176,2.0051639080047607,265.5398254394531
250303,80,0.5125,0.018379824236035347,0.4326164126396179,10.790526390075684,1714.433837890625
250304,70,0.5142857142857142,0.04975241422653198,0.4901425540447235,10.348671913146973,1557.2857666015625
250305,22,0.36363636363636365,0.016300143674016,0.5959447622299194,1.949264645576477,1930.0703125
250306,100,0.39,0.011570091359317303,0.5414278507232666,10.798040390014648,1083.740478515625
250307,49,0.42857142857142855,0.38463807106018066,0.5578395128250122,14.109210968017578,1300.669921875
250308,100,0.43,0.09903089702129364,0.5774949789047241,12.18864631652832,1206.038818359375
250309,56,0.5,0.16759805381298065,0.43844541907310486,9.04666805267334,1873.774169921875
250310,59,0.3898305084745763,0.24446642398834229,0.4703354239463806,10.13103199005127,1646.9913330078125
250311,100,0.45,-0.061497993767261505,0.5381845235824585,4.214152812957764,755.8326416015625
250312,4,0.75,0.49915504455566406,0.26949068903923035,3.2182445526123047,884.48486328125
250313,100,0.48,-0.040559813380241394,0.5215254426002502,4.120567321777344,1048.51904296875
250314,100,0.51,0.0011970201740041375,0.6027746200561523,3.1637802124023438,675.409423828125
250315,100,0.57,-0.06122739985585213,0.5968154072761536,2.228653907775879,913.50048828125
250316,100,0.46,-0.059251464903354645,0.5351132154464722,5.129065036773682,940.3616333007812
250317,94,0.48936170212765956,0.06622475385665894,0.4191524088382721,11.063793182373047,2083.470703125
250318,100,0.55,0.09918632358312607,0.4923613369464874,16.609832763671875,979.84130859375
250319,100,0.47,-0.05128874257206917,0.5564509630203247,4.0608601570129395,603.32861328125
250320,100,0.49,0.03537394478917122,0.45049768686294556,6.227851390838623,976.014892578125
250321,100,0.54,-0.14416030049324036,0.5203800797462463,2.666604995727539,604.7155151367188
250322,100,0.51,-0.0043043396435678005,0.5665988326072693,4.273662090301514,1033.5234375
250323,100,0.42,-0.17455391585826874,0.5172387957572937,3.884030818939209,1443.0697021484375
250324,100,0.54,-0.08234140276908875,0.5012605786323547,3.133355140686035,859.0292358398438
250325,46,0.43478260869565216,0.06081054359674454,0.47311684489250183,3.4839491844177246,2382.89794921875
250326,55,0.6545454545454545,0.1441321223974228,0.5634297132492065,13.638033866882324,1240.4478759765625
250327,20,0.7,-0.1300874650478363,0.4583075940608978,2.823556900024414,685.8832397460938
250328,100,0.51,-0.13254579901695251,0.5039497017860413,2.9557578563690186,314.3943176269531
250329,100,0.56,0.12656670808792114,0.5321362018585205,17.198139190673828,511.2659912109375
250330,100,0.47,-0.05431516095995903,0.5417172908782959,2.9987802505493164,681.7061157226562
250331,100,0.45,0.046543046832084656,0.5279542803764343,7.491733551025391,1359.2083740234375
250332,100,0.5,0.10723774135112762,0.4963483512401581,13.374902725219727,1783.947509765625
250333,100,0.59,0.041003044694662094,0.5273648500442505,9.046704292297363,212.51956176757812
250334,100,0.48,0.1255768984556198,0.4993731677532196,8.587246894836426,312.5289001464844
250335,100,0.44,0.07003547996282578,0.5332732200622559,6.709542751312256,492.3446960449219
250336,100,0.43,0.012370927259325981,0.4922976791858673,7.003854274749756,1238.7584228515625
250337,100,0.46,0.0018791038310155272,0.5344207286834717,4.808045864105225,546.3673706054688
250338,41,0.5609756097560976,0.21876530349254608,0.3716893196105957,10.281580924987793,1204.913330078125
250339,68,0.4264705882352941,-0.07609766721725464,0.5768668055534363,2.8974761962890625,991.928955078125
250340,100,0.54,0.07142024487257004,0.4897198975086212,15.096199035644531,638.692626953125
250341,100,0.42,-0.09564272314310074,0.49822819232940674,2.0542142391204834,451.9821472167969
250342,100,0.41,-0.02622188627719879,0.46354860067367554,6.580406665802002,546.8729248046875
250343,100,0.5,-0.1267545372247696,0.49174079298973083,3.264669895172119,384.52886962890625
250344,96,0.46875,-0.03084617666900158,0.5483501553535461,8.09719467163086,806.4279174804688
250345,92,0.41304347826086957,0.1453978717327118,0.49246451258659363,17.465246200561523,1238.60595703125
250346,100,0.44,0.03265691176056862,0.5189942717552185,5.661744594573975,552.3706665039062
250347,98,0.5204081632653061,0.09988906234502792,0.4802909195423126,10.440868377685547,1010.610107421875
250348,60,0.45,0.1642157882452011,0.5795173048973083,7.677663326263428,1480.5615234375
250349,100,0.46,-0.0171433687210083,0.6015039086341858,8.539608001708984,881.128662109375
250350,78,0.4358974358974359,0.11302417516708374,0.5228952169418335,8.901286125183105,1263.3948974609375
250351,74,0.5135135135135135,0.27728790044784546,0.506493330001831,22.161462783813477,858.0453491210938
250352,94,0.40425531914893614,0.06161649525165558,0.4719519019126892,9.27267837524414,1572.8685302734375
250353,100,0.47,-0.1004524827003479,0.507300078868866,3.589930772781372,1056.0950927734375
250354,100,0.48,-0.026455163955688477,0.4972987174987793,4.880383491516113,1013.0599975585938
250355,100,0.52,-0.0878421813249588,0.5081294178962708,2.9617905616760254,661.9431762695312
250356,100,0.49,0.013062389567494392,0.4806039035320282,5.917400360107422,474.8310241699219
250357,65,0.5384615384615384,0.08548105508089066,0.5586957931518555,5.710256576538086,501.8808898925781
250358,100,0.53,0.107141874730587,0.5358012318611145,18.410306930541992,888.0718383789062
250359,100,0.57,0.03346214070916176,0.531154990196228,9.279208183288574,1245.2913818359375
250360,45,0.4444444444444444,0.21747756004333496,0.5054116249084473,12.620168685913086,1326.700927734375
250361,64,0.5625,0.04421012103557587,0.5876196026802063,12.281744003295898,1587.6544189453125
250362,30,0.4666666666666667,0.04161331057548523,0.5428777933120728,5.651090621948242,408.7051696777344
250363,44,0.4318181818181818,0.1378185749053955,0.43139153718948364,2.651552438735962,1491.99169921875
250364,74,0.5135135135135135,0.1828012764453888,0.4810652732849121,16.501903533935547,586.173095703125
250365,100,0.49,-0.07044079154729843,0.5244979858398438,6.92869758605957,1316.2110595703125
250366,37,0.5945945945945946,0.2405349612236023,0.6076947450637817,10.045778274536133,1804.66796875
250367,100,0.51,-0.16689299046993256,0.49327465891838074,3.1462182998657227,1522.6162109375
250368,100,0.53,-0.11888407915830612,0.4917171895503998,1.287601113319397,333.7899475097656
250369,100,0.58,0.060136578977108,0.5030642747879028,19.689725875854492,1164.0716552734375
250370,100,0.55,-0.06391528993844986,0.49246761202812195,4.401268482208252,1075.538818359375
250371,30,0.5,0.2046719342470169,0.5477963089942932,9.986306190490723,1205.050048828125
250372,100,0.59,0.012611199170351028,0.4957844913005829,6.10746955871582,1392.8458251953125
250373,100,0.46,-0.023080874234437943,0.48515206575393677,6.032599925994873,1192.72119140625
250374,100,0.55,-0.020689059048891068,0.5350978970527649,3.7869248390197754,869.0443725585938
250375,100,0.46,-0.14816609025001526,0.5607651472091675,2.3467164039611816,856.6607666015625
250376,88,0.45454545454545453,-0.17610159516334534,0.5002498030662537,1.4315096139907837,966.886474609375
250377,100,0.53,-0.1691616028547287,0.4873984754085541,2.2570977210998535,1497.1707763671875
250378,100,0.53,0.019816529005765915,0.47139930725097656,4.473649978637695,780.3125
250379,91,0.5054945054945055,0.02509857527911663,0.4942099153995514,6.9743123054504395,1457.330078125
250380,100,0.51,0.10427222400903702,0.547631025314331,11.005245208740234,1786.175537109375
250381,100,0.55,-0.0159017164260149,0.5638378262519836,6.284152984619141,658.4033813476562
250382,80,0.4625,0.18653059005737305,0.524032473564148,13.859704971313477,1733.14453125
250383,100,0.46,-0.10817715525627136,0.46607816219329834,4.442598819732666,904.5213012695312
250384,100,0.46,0.12811915576457977,0.5469284653663635,10.497519493103027,873.7487182617188
250385,100,0.57,-0.1103200763463974,0.4942115843296051,2.7511773109436035,1074.7261962890625
250386,100,0.45,-0.12449578195810318,0.5404826402664185,10.109148979187012,577.2609252929688
250387,100,0.48,-0.03581635281443596,0.5342469215393066,3.426039457321167,524.2666625976562
250388,78,0.5128205128205128,0.0400104820728302,0.5191566348075867,9.087568283081055,1469.739501953125
250389,100,0.47,0.04380796477198601,0.5744320154190063,10.977496147155762,1154.531005859375
250390,100,0.49,-0.03692539781332016,0.5173338651657104,3.3688881397247314,1517.0225830078125
250391,34,0.5,0.07269059866666794,0.34317803382873535,5.568703651428223,1655.448974609375
250392,100,0.51,-0.017653489485383034,0.5568178296089172,7.468755722045898,1420.7047119140625
250393,100,0.54,0.011256326921284199,0.48571357131004333,6.71261739730835,1263.2987060546875
250394,75,0.4666666666666667,0.08471561968326569,0.412177711725235,12.155981063842773,860.1485595703125
250395,100,0.51,-0.08909542113542557,0.4620336890220642,4.590898513793945,811.9078979492188
250396,100,0.44,-0.02359643764793873,0.49949178099632263,8.313273429870605,1282.8055419921875
250397,100,0.5,0.054646290838718414,0.5401553511619568,10.585976600646973,981.6705322265625
250398,84,0.5476190476190477,0.04066862910985947,0.5764378309249878,13.128423690795898,1135.6837158203125
250399,100,0.54,-0.0742374062538147,0.5019227862358093,3.008418560028076,971.713134765625
250400,100,0.51,-0.053160395473241806,0.45278307795524597,3.1938657760620117,1313.3189697265625
250401,33,0.45454545454545453,0.18770171701908112,0.3291316628456116,5.836699962615967,1660.61767578125
250402,100,0.53,0.1436520516872406,0.5241514444351196,23.807273864746094,1565.394775390625
250403,100,0.5,-0.13538898527622223,0.42716094851493835,3.758533239364624,1004.1796264648438
250404,100,0.51,-0.0035552619956433773,0.48888325691223145,3.9709737300872803,820.729248046875
250405,100,0.64,0.1441323459148407,0.5539836287498474,14.124844551086426,467.9700927734375
250406,39,0.48717948717948717,0.07847984880208969,0.4910483956336975,2.5903217792510986,1044.3258056640625
250407,100,0.58,0.02256770431995392,0.5482428669929504,10.86695671081543,701.730712890625
250408,100,0.49,0.06395120173692703,0.6580594182014465,10.933374404907227,1247.9705810546875
250409,23,0.6086956521739131,0.3542831242084503,0.5218825340270996,11.858123779296875,1270.7728271484375
250410,22,0.2727272727272727,0.4009231626987457,0.5992085933685303,5.385741710662842,1475.156494140625
250411,100,0.5,0.01196934375911951,0.561631977558136,12.51948356628418,955.2088623046875
250412,84,0.5238095238095238,-0.01078343391418457,0.46160954236984253,3.5579516887664795,1107.5277099609375
250413,100,0.43,0.020433152094483376,0.49769431352615356,5.621735095977783,341.4986572265625
250414,100,0.55,-0.053588949143886566,0.5259906053543091,2.4632556438446045,1112.435791015625
250415,100,0.45,0.0005702058551833034,0.573928952217102,5.826690196990967,441.40325927734375
250416,100,0.51,-0.08165638148784637,0.5316482186317444,3.8827965259552,919.244140625
250417,100,0.58,-0.1520788073539734,0.4703328609466553,3.7615180015563965,301.1143798828125
250418,100,0.56,0.05346398428082466,0.45042601227760315,8.567793846130371,592.65869140625
250419,31,0.41935483870967744,0.3028927445411682,0.5163965225219727,11.652718544006348,989.8197021484375
250420,100,0.49,-0.013515282422304153,0.5478017330169678,7.406341075897217,963.9263305664062
250421,100,0.5,0.01471339724957943,0.49287837743759155,5.040388584136963,1274.1417236328125
250422,100,0.52,0.15100796520709991,0.497978538274765,16.692798614501953,1499.5997314453125
250423,100,0.49,-0.09891582280397415,0.46076130867004395,1.9999233484268188,1715.333984375
250424,100,0.46,0.13229243457317352,0.5249086022377014,15.373525619506836,864.666748046875
250425,100,0.39,0.09110806882381439,0.5603639483451843,7.927557945251465,386.6617126464844
250426,68,0.5441176470588235,0.11961439251899719,0.4019757807254791,11.73785400390625,987.8970336914062
250427,100,0.53,0.11568255722522736,0.5046454668045044,17.27252769470215,927.3104858398438
250428,60,0.4166666666666667,0.10457079857587814,0.5339573621749878,4.145626068115234,1147.07421875
250429,68,0.5441176470588235,0.15065139532089233,0.5751357078552246,10.669042587280273,1751.940673828125
250430,100,0.5,-0.05514022707939148,0.5260983109474182,2.247173547744751,1379.174072265625
250431,100,0.5,-0.0306997150182724,0.47121283411979675,3.90391206741333,982.8668823242188
250432,100,0.48,0.012019828893244267,0.4530673325061798,13.271328926086426,829.9481811523438
250433,94,0.6170212765957447,-0.01895417831838131,0.5087222456932068,6.709244251251221,1793.107177734375
250434,100,0.47,0.03270139917731285,0.45244917273521423,14.806614875793457,1620.2362060546875
250435,100,0.52,-0.0423196479678154,0.5134372115135193,4.394098281860352,1655.1142578125
250436,100,0.51,-0.020465878769755363,0.5064087510108948,7.283995151519775,1129.2440185546875
250437,100,0.49,-0.06359987705945969,0.5031294226646423,4.822723388671875,762.7549438476562
250438,100,0.47,0.021017882972955704,0.4700055718421936,6.072465896606445,356.70166015625
250439,1,1.0,0.21825586259365082,,0.873023271560669,1465.989990234375
250440,69,0.5507246376811594,0.261277973651886,0.5493525266647339,19.509368896484375,398.9120788574219
250441,100,0.58,-0.009275189600884914,0.4817403554916382,5.927557468414307,977.6608276367188
250442,100,0.48,0.1533249020576477,0.5295785665512085,17.35517120361328,1017.1749877929688
250443,100,0.49,0.07619944959878922,0.43942952156066895,10.74479866027832,676.45751953125
250444,100,0.49,0.03736831247806549,0.5314431190490723,14.673322677612305,1269.761962890625
250445,100,0.6,-0.137403205037117,0.5380688905715942,3.6617133617401123,1038.1783447265625
250446,82,0.4878048780487805,0.08225449919700623,0.4953640103340149,9.174424171447754,1458.209228515625
250447,24,0.4583333333333333,0.41550377011299133,0.5082377791404724,9.06460952758789,1951.42431640625
250448,100,0.42,-0.12538999319076538,0.4949953556060791,2.9761552810668945,511.13623046875
250449,100,0.46,-0.17696291208267212,0.5790240168571472,2.437516689300537,1475.43994140625
250450,38,0.5,-0.14932598173618317,0.478920042514801,1.9419511556625366,1570.9444580078125
250451,100,0.52,-0.080796018242836,0.5050666332244873,2.9064550399780273,1393.328369140625
250452,58,0.43103448275862066,0.11689186841249466,0.5144573450088501,5.946834087371826,369.3448486328125
250453,100,0.6,-0.09391830861568451,0.5216506123542786,2.061201572418213,768.599609375
250454,100,0.45,-0.014247859828174114,0.5449251532554626,9.028278350830078,961.174072265625
250455,100,0.45,-0.011452896520495415,0.5147449970245361,5.907097816467285,849.988037109375
250456,100,0.39,0.02363612875342369,0.5120041370391846,4.481180191040039,1428.4996337890625
250457,100,0.43,-0.08395624905824661,0.5134948492050171,2.6856210231781006,1334.6998291015625
250458,100,0.48,-0.16734682023525238,0.5072780251502991,1.8073551654815674,607.9404296875
250459,100,0.5,-0.13206230103969574,0.5874980092048645,3.1840271949768066,835.244140625
250460,100,0.54,0.00835408829152584,0.5251867175102234,9.030657768249512,1487.530029296875
250461,100,0.55,-0.06235205754637718,0.42601603269577026,3.8503265380859375,368.1443176269531
250462,10,0.7,0.1147972121834755,0.4280554950237274,2.608229637145996,1232.425537109375
250463,100,0.52,-0.039555009454488754,0.6316296458244324,4.138095855712891,421.0272521972656
250464,100,0.5,0.06229039281606674,0.6230131983757019,8.139492988586426,1019.8855590820312
250465,100,0.49,-0.010679058730602264,0.5241706371307373,4.0410685539245605,1437.9552001953125
250466,46,0.43478260869565216,0.04855826869606972,0.657984733581543,4.009106636047363,654.5430297851562
250467,83,0.4819277108433735,-0.0017121635610237718,0.516471266746521,9.543795585632324,1283.47802734375
250468,100,0.43,0.08650793880224228,0.5038805603981018,12.496647834777832,396.7667236328125
250469,100,0.44,0.010177988559007645,0.5212509036064148,12.536131858825684,224.81166076660156
250470,100,0.58,-0.0707644671201706,0.4565270245075226,5.673599720001221,1370.74755859375
250471,21,0.6666666666666666,0.09807206690311432,0.6472020745277405,4.36928653717041,1318.9271240234375
250472,100,0.45,0.07419685274362564,0.483883261680603,7.034334182739258,1213.515625
250473,28,0.6071428571428571,0.2566494047641754,0.45102307200431824,7.355443477630615,1962.5897216796875
250474,100,0.57,0.019703827798366547,0.422542542219162,7.810577392578125,1629.4932861328125
250475,77,0.5584415584415584,-0.03275527060031891,0.5156521797180176,8.690376281738281,1685.8836669921875
250476,100,0.44,0.08522897958755493,0.5436148047447205,4.57353401184082,696.4507446289062
250477,100,0.52,-0.11401499062776566,0.522533655166626,2.5371289253234863,949.9130249023438
250478,58,0.3793103448275862,0.10943794995546341,0.5520983338356018,5.0675554275512695,1356.128662109375
250479,100,0.57,-0.053389884531497955,0.5450660586357117,11.986310005187988,509.37939453125
250480,62,0.45161290322580644,0.10561472177505493,0.4442830979824066,7.103213310241699,1156.0875244140625
250481,100,0.54,-0.16949471831321716,0.5457227826118469,0.7462251782417297,695.5377807617188
250482,100,0.45,0.039318762719631195,0.46671006083488464,7.880366325378418,883.679443359375
250483,100,0.46,0.0767001211643219,0.509543776512146,10.895340919494629,503.6275329589844
250484,100,0.53,0.06710191816091537,0.5604985356330872,14.110033988952637,1567.193603515625
250485,100,0.49,-0.1829453706741333,0.5395322442054749,1.706493854522705,708.1912841796875
250486,100,0.52,0.013432353734970093,0.48429134488105774,7.907940864562988,932.4291381835938
250487,64,0.5625,0.06156841292977333,0.5540944933891296,6.633520603179932,642.6536254882812
250488,100,0.54,0.012609140016138554,0.541768491268158,6.168572425842285,1285.527587890625
250489,100,0.53,0.00828421488404274,0.5279940962791443,6.664839267730713,1028.9696044921875
250490,100,0.54,-0.12896780669689178,0.501813530921936,2.6870715618133545,1014.9307250976562
250491,100,0.53,-0.0433741994202137,0.47513389587402344,8.001049041748047,909.24169921875
250492,100,0.46,-0.11822033673524857,0.5206984281539917,2.4020028114318848,951.0831298828125
250493,37,0.4594594594594595,0.09655439108610153,0.5410520434379578,8.09865665435791,754.0359497070312
250494,100,0.45,-0.07594630867242813,0.5478467345237732,2.4093635082244873,343.9115905761719
250495,81,0.5679012345679012,-0.12477657943964005,0.38600391149520874,2.77327823638916,581.3466186523438
250496,100,0.5,-0.13411849737167358,0.5030073523521423,1.8346037864685059,969.6088256835938
250497,100,0.56,-0.06844713538885117,0.44929754734039307,2.387831926345825,1242.989013671875
250498,100,0.47,-0.07755391299724579,0.5087157487869263,3.7045485973358154,684.3477783203125
250499,100,0.5,-0.04848561808466911,0.49321720004081726,5.297633647918701,590.5021362304688
250500,100,0.5,-0.13298004865646362,0.5222147107124329,3.003793954849243,576.1617431640625
250501,100,0.46,0.04699939861893654,0.5175886750221252,4.877613544464111,1389.091796875
250502,100,0.56,-0.006842892151325941,0.5835166573524475,9.523786544799805,897.4502563476562
250503,100,0.62,0.007292130962014198,0.5464860796928406,9.657251358032227,359.5722351074219
250504,100,0.45,-0.019813280552625656,0.572197675704956,10.914956092834473,1275.008544921875
250505,98,0.5102040816326531,0.14261510968208313,0.5081040263175964,16.323657989501953,1216.0767822265625
250506,100,0.42,0.04843801632523537,0.5356276035308838,8.379901885986328,432.5802307128906
250507,100,0.52,0.10793506354093552,0.6326260566711426,16.451448440551758,598.4535522460938
250508,76,0.5657894736842105,0.04204997047781944,0.5582303404808044,5.433965682983398,325.5420837402344
250509,100,0.49,-0.01640206202864647,0.42361611127853394,7.646225452423096,353.29498291015625
250510,100,0.46,0.09779619425535202,0.538424551486969,15.970172882080078,207.41932678222656
250511,100,0.47,-0.019315773621201515,0.5787521004676819,2.6433706283569336,537.0902709960938
250512,100,0.51,0.07331210374832153,0.5208919048309326,12.0363187789917,724.4964599609375
250513,100,0.48,0.0888896957039833,0.47464269399642944,8.662030220031738,661.0162353515625
250514,100,0.49,-0.0713459923863411,0.5390132665634155,2.679560899734497,794.0454711914062
250515,49,0.5510204081632653,-0.04761309176683426,0.6669148802757263,4.43696928024292,778.3436279296875
250516,100,0.49,-0.03001365438103676,0.503711998462677,5.537861347198486,704.1024169921875
250517,100,0.57,0.04209885746240616,0.4682774543762207,6.930844783782959,113.33837890625
250518,100,0.51,-0.045938506722450256,0.435512900352478,4.4929914474487305,827.5241088867188
250519,100,0.54,0.1444086730480194,0.519317090511322,16.6862850189209,536.7186279296875
250520,100,0.45,0.032208945602178574,0.5213602781295776,7.855597972869873,813.6096801757812
250521,100,0.39,0.08919776231050491,0.5141789317131042,7.421745777130127,1722.5963134765625
250522,100,0.65,-0.07223550975322723,0.4532717764377594,6.320992469787598,314.3090515136719
250523,100,0.45,-0.03058917261660099,0.5036812424659729,3.9574639797210693,1217.8436279296875
250524,100,0.43,-0.1921820044517517,0.5894597172737122,1.175520896911621,1577.704345703125
250525,100,0.36,0.031500253826379776,0.5454903244972229,3.2427361011505127,629.4622802734375
250526,100,0.5,0.0484846867620945,0.6015866994857788,9.743694305419922,504.0419006347656
250527,100,0.47,0.06141001731157303,0.563809871673584,6.420189380645752,1057.3262939453125
250528,100,0.45,-0.07278291136026382,0.459026962518692,3.9931833744049072,785.5082397460938
250529,100,0.51,-0.057798828929662704,0.4965171813964844,3.6411938667297363,1034.724853515625
250530,41,0.4634146341463415,0.008656380698084831,0.42821845412254333,9.06414794921875,811.9315185546875
250531,100,0.4,-0.04094713181257248,0.5167024731636047,5.853005886077881,477.6312255859375
250532,100,0.54,-0.039203397929668427,0.5586589574813843,3.0357887744903564,896.5718994140625
250533,100,0.51,-0.026525894179940224,0.5066837668418884,3.606896162033081,707.6077270507812
250534,100,0.54,-0.04886963963508606,0.44601210951805115,4.0477471351623535,777.4902954101562
250535,100,0.57,0.012401475571095943,0.6102890372276306,6.318615913391113,1317.6280517578125
250536,74,0.5540540540540541,-0.027818789705634117,0.5384907722473145,7.099391460418701,1619.2679443359375
250537,100,0.47,0.06883976608514786,0.5324081778526306,15.53896713256836,873.4654541015625
250538,42,0.5476190476190477,-0.007635393645614386,0.540952742099762,2.6381936073303223,2066.1298828125
250539,100,0.43,-0.00877455249428749,0.5818868279457092,10.374299049377441,1030.8873291015625
250540,100,0.45,-0.1859663426876068,0.48636603355407715,1.0301833152770996,501.1630554199219
250541,100,0.45,-0.053555991500616074,0.504846453666687,5.078158855438232,932.5761108398438
250542,26,0.5769230769230769,0.49050816893577576,0.692183256149292,14.01127815246582,729.99462890625
250543,100,0.5,0.035926878452301025,0.5467138290405273,9.098068237304688,891.5997924804688
250544,32,0.34375,0.26260003447532654,0.47293558716773987,7.591573715209961,1394.3035888671875
250545,100,0.52,0.0026592279318720102,0.5077805519104004,11.865586280822754,1252.542236328125
250546,100,0.46,-0.11587736010551453,0.47377878427505493,2.985894203186035,880.9488525390625
250547,100,0.59,0.058780547231435776,0.49463212490081787,17.028709411621094,1515.3172607421875
250548,100,0.49,-0.03953346982598305,0.5068345069885254,2.954646587371826,1391.511962890625
250549,100,0.46,-0.27927231788635254,0.5157708525657654,1.5098237991333008,1452.619873046875
250550,100,0.45,-0.03126015141606331,0.5739611983299255,8.908211708068848,707.7095336914062
250551,92,0.5652173913043478,5.237185177975334e-05,0.565739631652832,6.007053375244141,624.6395874023438
250552,100,0.38,-0.03131546825170517,0.5386115312576294,3.826655864715576,1158.4569091796875
250553,100,0.51,0.05930734798312187,0.4822317957878113,6.7931599617004395,1524.0675048828125
250554,100,0.49,0.075981505215168,0.49452248215675354,11.288187026977539,815.8967895507812
250555,98,0.6224489795918368,0.10186917334794998,0.5646330118179321,16.126041412353516,1761.1688232421875
250556,100,0.51,0.007045560982078314,0.5080628395080566,7.512251377105713,495.82977294921875
250557,100,0.5,-0.0017344122752547264,0.5565823316574097,10.357388496398926,657.3350219726562
250558,100,0.48,-0.024403231218457222,0.5327025651931763,2.945110559463501,1780.8453369140625
250559,61,0.5245901639344263,0.0841546431183815,0.5485471487045288,7.634382724761963,1097.35888671875
250560,100,0.47,0.06541731208562851,0.5366286635398865,7.060749053955078,1424.2947998046875
250561,100,0.61,-0.20283569395542145,0.4875456392765045,2.4171242713928223,374.1623840332031
250562,79,0.379746835443038,0.23584705591201782,0.49438944458961487,18.48709487915039,1595.441650390625
250563,100,0.53,0.05281004682183266,0.4309473931789398,8.085188865661621,820.32275390625
250564,100,0.52,-0.09944568574428558,0.47631391882896423,2.457951545715332,1219.2420654296875
250565,100,0.36,-0.1507030576467514,0.47820258140563965,1.8680044412612915,1050.4376220703125
250566,100,0.41,0.06834985315799713,0.45145419239997864,7.3647284507751465,1081.632568359375
250567,49,0.5102040816326531,0.17907185852527618,0.5635824799537659,15.047895431518555,1199.356689453125
250568,36,0.6388888888888888,0.06679024547338486,0.45345190167427063,5.603775501251221,1325.5400390625
250569,100,0.52,0.023919064551591873,0.4623388350009918,6.545384407043457,1392.1912841796875
250570,85,0.4823529411764706,0.05779930576682091,0.5553581714630127,7.538608074188232,1908.6500244140625
250571,91,0.5164835164835165,0.13707052171230316,0.5040257573127747,12.960339546203613,350.34716796875
250572,5,0.8,0.030854668468236923,0.26036253571510315,2.1057465076446533,1169.33251953125
250573,100,0.56,0.14084042608737946,0.5953231453895569,14.193050384521484,1006.8516845703125
250574,100,0.52,0.09975334256887436,0.5122221112251282,9.712272644042969,1165.17529296875
250575,23,0.43478260869565216,0.3744378983974457,0.551734983921051,7.604455471038818,810.5947265625
250576,91,0.5054945054945055,0.09712006896734238,0.45006752014160156,11.444534301757812,2007.6934814453125
250577,100,0.56,0.08507851511240005,0.547347366809845,8.719788551330566,902.7214965820312
250578,31,0.3870967741935484,0.16234149038791656,0.46587157249450684,2.771535634994507,810.4068603515625
250579,100,0.55,-0.1772659718990326,0.4944175183773041,1.7704602479934692,624.3656005859375
250580,26,0.5384615384615384,0.13988938927650452,0.49232766032218933,5.986695289611816,1255.752197265625
250581,100,0.57,-0.1683589071035385,0.5494180917739868,1.3333741426467896,1494.8875732421875
250582,78,0.5769230769230769,0.006144003011286259,0.5500410795211792,6.718971252441406,563.32275390625
250583,100,0.49,0.005672454833984375,0.4802663326263428,6.249710559844971,582.431396484375
250584,100,0.45,0.052115388214588165,0.5248481631278992,6.225672721862793,826.74462890625
250585,100,0.44,-0.05696679651737213,0.4364147186279297,6.99909782409668,431.8710632324219
250586,10,0.8,0.1019848957657814,0.45492053031921387,1.7353012561798096,988.8855590820312
250587,100,0.45,0.02359059453010559,0.5263723134994507,5.511101245880127,925.0984497070312
250588,59,0.576271186440678,0.05190403386950493,0.4957387149333954,7.067375659942627,820.9915161132812
250589,100,0.42,-0.08999114483594894,0.4631396234035492,1.7581260204315186,963.77001953125
250590,100,0.6,-0.0635976567864418,0.46325263381004333,4.474610805511475,1407.4873046875
250591,100,0.47,0.02548576332628727,0.5204015970230103,11.116966247558594,347.3963317871094
250592,100,0.53,-0.0037805703468620777,0.5820892453193665,8.949862480163574,541.6763916015625
250593,100,0.43,-0.0016219962853938341,0.48823198676109314,4.9349822998046875,729.2819213867188
250594,83,0.43373493975903615,0.004656260367482901,0.5809751749038696,2.604142665863037,931.6654052734375
250595,100,0.52,-0.04815230146050453,0.5178831219673157,1.9543867111206055,607.825439453125
250596,100,0.46,0.05931418016552925,0.5082753300666809,9.277000427246094,884.6646118164062
250597,100,0.53,-0.19933660328388214,0.5373997092247009,2.144261598587036,1433.394287109375
250598,100,0.49,-0.0774356946349144,0.6025815010070801,3.6359221935272217,1475.23876953125
250599,100,0.46,0.007015225477516651,0.5604603886604309,12.789872169494629,1117.1131591796875
250600,100,0.49,0.021119317039847374,0.5595919489860535,5.187364101409912,1550.21337890625
250601,100,0.62,0.023483363911509514,0.46932777762413025,14.206345558166504,1537.06884765625
250602,81,0.5185185185185185,0.08047042787075043,0.5607486963272095,15.917462348937988,1437.6287841796875
250603,100,0.55,0.07844426482915878,0.558272123336792,15.182844161987305,447.03173828125
250604,100,0.49,0.03875226154923439,0.5383550524711609,5.761312484741211,1321.227294921875
250605,100,0.58,0.0022817121353000402,0.47991108894348145,8.141589164733887,1108.8017578125
250606,100,0.47,0.026949305087327957,0.5725868940353394,7.541510105133057,966.950927734375
250607,100,0.42,-0.06898368895053864,0.5537086129188538,4.9249348640441895,1127.6650390625
250608,100,0.56,-0.15182806551456451,0.5545790195465088,1.3803808689117432,1142.1708984375
250609,100,0.49,0.046997107565402985,0.5055440068244934,8.904169082641602,648.8465576171875
250610,100,0.5,0.005392010323703289,0.47337472438812256,5.950156211853027,757.6697998046875
250611,100,0.55,-0.0371440164744854,0.46904072165489197,6.418944835662842,1034.0345458984375
250612,13,0.46153846153846156,0.17453545331954956,0.6017346978187561,2.49640154838562,1719.750244140625
250613,100,0.54,-0.1202843189239502,0.4548429846763611,3.523444414138794,1143.2198486328125
250614,100,0.48,-0.08638099581003189,0.5457818508148193,5.595613956451416,1112.31201171875
250615,28,0.6071428571428571,0.0784459263086319,0.5234948992729187,4.6933417320251465,952.2326049804688
250616,98,0.46938775510204084,0.06088823825120926,0.5648546814918518,7.451002597808838,1145.2484130859375
250617,100,0.45,-0.07149454951286316,0.5032557845115662,5.172765731811523,789.4169311523438
250618,100,0.49,-0.09757009148597717,0.5229411125183105,4.434396266937256,1087.6990966796875
250619,51,0.47058823529411764,0.13540256023406982,0.5587641000747681,9.265096664428711,913.67138671875
250620,100,0.47,-0.09738172590732574,0.5325609445571899,2.390019178390503,334.5919494628906
250621,100,0.51,0.0010591336758807302,0.48287320137023926,6.361410617828369,1027.083251953125
250622,47,0.5319148936170213,0.1795380413532257,0.6001906991004944,11.635513305664062,1901.139892578125
250623,47,0.5957446808510638,-0.0449121929705143,0.5308105945587158,4.744433403015137,1270.5516357421875
250624,100,0.56,-0.09678150713443756,0.4618448317050934,1.999821424484253,1672.6309814453125
250625,100,0.52,0.03526096045970917,0.46870994567871094,6.218505382537842,882.5015258789062
250626,100,0.49,0.016955452039837837,0.5062370300292969,7.295401573181152,859.2635498046875
250627,100,0.5,-0.12039007246494293,0.5434587597846985,1.517713189125061,957.3211669921875
250628,19,0.47368421052631576,0.1952497363090515,0.4832542836666107,2.8672382831573486,1564.51904296875
250629,100,0.49,0.059888821095228195,0.5659471750259399,11.970226287841797,1121.747314453125
250630,100,0.52,-0.09043390303850174,0.5036547183990479,3.017773389816284,1524.4027099609375
250631,100,0.59,0.04216589406132698,0.48779305815696716,11.926151275634766,1469.7705078125
250632,70,0.5857142857142857,0.1452338695526123,0.507591187953949,16.798789978027344,1252.812255859375
250633,100,0.52,-0.06513272225856781,0.4877851903438568,5.8860249519348145,949.9889526367188
250634,62,0.4838709677419355,0.1696610301733017,0.5865685343742371,14.44573974609375,993.9672241210938
250635,100,0.47,0.07496760040521622,0.5408618450164795,11.501470565795898,857.5840454101562
250636,100,0.56,-0.07547713816165924,0.4948482811450958,3.7795498371124268,533.98388671875
250637,96,0.4583333333333333,0.12232015281915665,0.4549750089645386,13.04015827178955,1461.0225830078125
250638,83,0.4819277108433735,-0.01927509345114231,0.39712533354759216,3.9304654598236084,385.11212158203125
250639,100,0.54,-0.14767667651176453,0.534138023853302,1.8943581581115723,968.408203125
250640,100,0.45,-0.041122980415821075,0.5578615069389343,3.9518322944641113,241.96937561035156
250641,1,1.0,0.7862710952758789,,3.1450843811035156,1169.290771484375
250642,100,0.53,0.05333875119686127,0.47385531663894653,8.803781509399414,1171.1558837890625
250643,100,0.55,-0.015962550416588783,0.5359300374984741,7.699239730834961,1161.9583740234375
250644,100,0.47,-0.11888394504785538,0.46913090348243713,1.3590071201324463,1011.5723876953125
250645,82,0.43902439024390244,0.06925611943006516,0.5000036954879761,6.307662010192871,690.5859985351562
250646,84,0.6190476190476191,-0.01238749548792839,0.5475972890853882,5.9649553298950195,277.7554626464844
250647,100,0.54,0.012696469202637672,0.512565016746521,6.897485256195068,1037.3377685546875
250648,100,0.51,0.005540577694773674,0.5225933194160461,7.490421295166016,726.4088134765625
250649,22,0.6363636363636364,0.019985755905508995,0.49694547057151794,4.553459644317627,1410.7454833984375
250650,79,0.4936708860759494,0.004377323668450117,0.5114232301712036,4.392913341522217,1596.8563232421875
250651,3,0.6666666666666666,0.8534466028213501,0.8081620335578918,3.4272708892822266,1717.5743408203125
250652,100,0.45,-0.043459612876176834,0.5121373534202576,3.7894835472106934,970.4253540039062
250653,59,0.3728813559322034,0.07881186902523041,0.46874040365219116,12.46920394897461,1635.619873046875
250654,100,0.47,0.14117281138896942,0.521090567111969,11.521305084228516,463.53009033203125
250655,100,0.48,-0.00010921557986875996,0.5216853618621826,5.866090297698975,207.8491973876953
250656,100,0.5,0.05874248594045639,0.5310273170471191,10.1708402633667,1022.170166015625
250657,100,0.59,-0.0021223477087914944,0.46257203817367554,11.877381324768066,466.22021484375
250658,100,0.5,-0.008689663372933865,0.5229747295379639,7.041753768920898,558.689697265625
250659,100,0.55,0.07709934562444687,0.5370436310768127,9.566207885742188,835.143310546875
250660,100,0.51,-0.12572114169597626,0.5541039109230042,3.5478057861328125,1140.1444091796875
250661,100,0.56,-0.08331384509801865,0.5122472643852234,2.9765355587005615,392.0164794921875
250662,42,0.47619047619047616,0.26066452264785767,0.4845633804798126,9.114286422729492,1407.6131591796875
250663,100,0.38,0.15703824162483215,0.45155125856399536,15.134570121765137,1319.593017578125
250664,100,0.59,-0.11889354139566422,0.5509836077690125,2.147613286972046,418.52593994140625
250665,100,0.49,-0.01783643290400505,0.5087624192237854,4.052176475524902,241.0323486328125
250666,100,0.57,-0.09820172190666199,0.5349326133728027,2.8886871337890625,1570.9737548828125
250667,100,0.54,0.08597152680158615,0.4780026376247406,13.724944114685059,702.5874633789062
250668,100,0.47,0.06293691694736481,0.5666534304618835,10.375724792480469,698.5752563476562
250669,60,0.5166666666666667,0.05808274820446968,0.5723649263381958,5.639107704162598,912.84619140625
250670,27,0.48148148148148145,0.22421547770500183,0.6678895950317383,9.174816131591797,1137.6536865234375
250671,100,0.38,-0.1058788150548935,0.5222804546356201,2.184882164001465,975.1838989257812
250672,93,0.46236559139784944,0.08493246138095856,0.504716157913208,11.671592712402344,2322.738525390625
250673,100,0.45,-0.012616483494639397,0.5183979272842407,4.563091278076172,1747.2003173828125
250674,45,0.4222222222222222,0.01254590880125761,0.5834910869598389,4.117107391357422,1458.0372314453125
250675,100,0.51,-0.08161456137895584,0.4984971582889557,3.127002239227295,1308.021240234375
250676,100,0.49,-0.047651007771492004,0.5074538588523865,7.098097324371338,550.791259765625
250677,100,0.49,-0.07208657264709473,0.43062442541122437,4.220760345458984,954.6746826171875
250678,100,0.45,-0.10174360126256943,0.4751647710800171,2.01796817779541,1883.9715576171875
250679,100,0.53,0.10357996076345444,0.486380934715271,20.334514617919922,1217.6903076171875
250680,74,0.527027027027027,-0.03801523149013519,0.4530828595161438,2.154447078704834,544.17041015625
250681,100,0.56,-0.0755794569849968,0.4523862600326538,4.876935958862305,1042.7359619140625
250682,100,0.55,-0.08336209505796432,0.5262381434440613,3.901190996170044,1207.8638916015625
250683,100,0.52,0.022057371214032173,0.5760384202003479,10.534049987792969,1129.6204833984375
250684,100,0.54,-0.038283705711364746,0.42244043946266174,7.315764904022217,477.249267578125
250685,100,0.49,0.07146047800779343,0.5384875535964966,11.848674774169922,1555.451416015625
250686,100,0.43,0.059180691838264465,0.537630558013916,11.364228248596191,815.3778076171875
250687,100,0.48,0.011963027529418468,0.5452167987823486,7.915380477905273,1166.6761474609375
250688,100,0.56,-0.061117611825466156,0.5756258368492126,4.267383098602295,735.0682373046875
250689,100,0.51,-0.0828765407204628,0.5650720596313477,3.4540348052978516,1255.7696533203125
250690,100,0.53,-0.1572619527578354,0.5268135666847229,1.9358607530593872,702.1064453125
250691,100,0.52,-0.057327546179294586,0.47884783148765564,6.343557357788086,1429.493896484375
250692,100,0.5,-0.00495314784348011,0.4572972059249878,4.0056257247924805,363.8477783203125
250693,45,0.5555555555555556,-0.0860995352268219,0.535830557346344,3.9608380794525146,1476.0921630859375
250694,49,0.5714285714285714,0.10439455509185791,0.45148080587387085,4.460343837738037,1704.3885498046875
250695,98,0.47959183673469385,-0.05317143350839615,0.49894922971725464,6.935929775238037,1992.719482421875
250696,100,0.51,0.06173410639166832,0.5144339799880981,7.903220176696777,355.1640319824219
250697,100,0.47,-0.03611067682504654,0.5327080488204956,6.57951545715332,1474.1126708984375
250698,100,0.52,-0.006052377168089151,0.5237379670143127,2.2519757747650146,991.46533203125
250699,100,0.54,-0.008217274211347103,0.4681379199028015,4.257318019866943,730.0438842773438
250700,100,0.39,0.02299054153263569,0.45793405175209045,7.408804893493652,1229.750244140625
250701,100,0.55,-0.06637654453516006,0.48266923427581787,4.331538200378418,257.6484069824219
250702,100,0.48,-0.09941589832305908,0.5273832678794861,1.8944631814956665,1110.8482666015625
250703,100,0.54,-0.05726462975144386,0.5531731843948364,6.461467266082764,662.5884399414062
250704,100,0.47,-0.10440695285797119,0.5708224773406982,4.391129016876221,1397.0970458984375
250705,100,0.5,-0.08681654185056686,0.5204160809516907,4.507260799407959,599.177490234375
250706,100,0.52,0.08167722821235657,0.5697900652885437,12.518332481384277,580.2037963867188
250707,100,0.44,0.0775238499045372,0.48961353302001953,6.84532356262207,979.5633544921875
250708,100,0.53,0.18138962984085083,0.49458593130111694,25.574750900268555,846.3427124023438
250709,100,0.57,0.027469832450151443,0.4743182063102722,9.450346946716309,1737.618408203125
250710,100,0.46,0.08568155020475388,0.4249151945114136,8.162503242492676,578.5762329101562
250711,91,0.5274725274725275,0.15044289827346802,0.5376297831535339,12.028594017028809,1363.0928955078125
250712,100,0.6,-0.06380970031023026,0.49308672547340393,2.588332414627075,966.6077270507812
250713,65,0.46153846153846156,0.15534134209156036,0.4612746238708496,12.83454418182373,1295.745849609375
250714,7,0.7142857142857143,0.1647019386291504,0.8596277236938477,2.9169013500213623,1882.5487060546875
250715,100,0.45,-0.10849693417549133,0.5537545680999756,4.965029239654541,763.6686401367188
250716,100,0.48,-0.10661397129297256,0.5078758001327515,3.3684754371643066,1033.67919921875
250717,100,0.51,-0.10023447871208191,0.4805150628089905,2.987495183944702,1204.8587646484375
250718,100,0.55,0.004485053475946188,0.5194982886314392,4.698705196380615,589.64794921875
250719,100,0.6,0.09240644425153732,0.5013396143913269,17.75630760192871,436.27642822265625
250720,83,0.4939759036144578,-0.010710028000175953,0.46724024415016174,8.554910659790039,1947.958740234375
250721,100,0.4,-0.12577827274799347,0.5010161995887756,1.7109638452529907,820.8350830078125
250722,100,0.51,-0.03673095628619194,0.4631361663341522,3.5270180702209473,785.7789306640625
250723,100,0.47,0.0988989770412445,0.5135003328323364,5.963579177856445,1139.28857421875
250724,100,0.48,0.005504841450601816,0.5525344014167786,5.092799186706543,726.0986938476562
250725,100,0.43,0.17864155769348145,0.48359906673431396,18.524662017822266,1124.4248046875
250726,100,0.47,0.09391164034605026,0.4942402243614197,11.34735107421875,1040.252685546875
250727,98,0.5204081632653061,0.18958993256092072,0.5163849592208862,21.363271713256836,1970.173828125
250728,32,0.59375,0.1847304254770279,0.5771454572677612,10.823812484741211,2183.70556640625
250729,100,0.5,0.03684733062982559,0.4952068328857422,12.910688400268555,863.4109497070312
250730,100,0.54,0.0823110044002533,0.4867874085903168,12.39760971069336,1592.97802734375
250731,49,0.4897959183673469,-0.04965817928314209,0.5130606293678284,2.1614139080047607,1380.277099609375
250732,100,0.54,-0.07780226320028305,0.4611932933330536,5.860469341278076,1368.595947265625
250733,80,0.5375,0.09856553375720978,0.5891035795211792,9.163798332214355,2070.365966796875
250734,100,0.52,-0.10409385710954666,0.5099194645881653,2.2100789546966553,1674.0
250735,100,0.45,0.012226220220327377,0.47415751218795776,6.460978984832764,648.662353515625
250736,100,0.6,0.0673312246799469,0.5402657985687256,8.785931587219238,1423.5926513671875
250737,55,0.43636363636363634,0.06226092576980591,0.5115616321563721,3.0182700157165527,770.9700927734375
250738,100,0.49,0.06887854635715485,0.5201253294944763,9.141556739807129,613.597900390625
250739,89,0.5617977528089888,0.07000486552715302,0.5212719440460205,7.5213518142700195,1610.6790771484375
250740,100,0.48,-0.008115038275718689,0.5806266069412231,3.4666411876678467,851.5993041992188
250741,100,0.45,-0.07312335819005966,0.5416169166564941,3.078087568283081,543.6400146484375
250742,100,0.48,0.042192209511995316,0.4750506281852722,11.043754577636719,1408.6279296875
250743,13,0.5384615384615384,0.23071670532226562,0.7256419062614441,4.868880271911621,1189.537109375
250744,100,0.49,0.0209491103887558,0.5011738538742065,8.575037956237793,811.7642822265625
250745,100,0.45,-0.05535810440778732,0.5082443356513977,7.249725341796875,921.6300659179688
250746,100,0.51,-0.1631397306919098,0.47812649607658386,3.0972089767456055,861.7113037109375
250747,80,0.4,0.21389669179916382,0.5444846153259277,8.205473899841309,1227.04736328125
250748,100,0.47,-0.04010476544499397,0.4999662935733795,7.062155246734619,361.26019287109375
250749,53,0.6415094339622641,0.08184615522623062,0.3681109547615051,9.93902587890625,2100.71923828125
250750,100,0.49,0.08390632271766663,0.45718711614608765,11.305594444274902,1437.1932373046875
250751,100,0.5,-0.11496098339557648,0.5055975317955017,3.0717358589172363,1278.6903076171875
250752,100,0.51,-0.07182607054710388,0.4813977777957916,3.707289934158325,1633.68408203125
250753,100,0.52,-0.1788509637117386,0.5615787506103516,2.678208112716675,420.8143310546875
250754,100,0.49,-0.11277876794338226,0.5021904110908508,2.5454344749450684,897.3253784179688
250755,100,0.5,-0.11848392337560654,0.5007432699203491,2.5042200088500977,1725.5865478515625
250756,100,0.44,-0.12338974326848984,0.4538429081439972,1.7418588399887085,952.1732788085938
250757,31,0.45161290322580644,-0.010548979043960571,0.4654034674167633,2.9734113216400146,1722.5499267578125
250758,100,0.61,0.018537025898694992,0.5659618973731995,8.048810005187988,502.31634521484375
250759,100,0.52,0.1222190409898758,0.5400746464729309,25.09680938720703,1152.019775390625
250760,100,0.46,0.059949371963739395,0.5088217258453369,8.841983795166016,1440.022705078125
250761,100,0.39,0.046696823090314865,0.47420576214790344,8.83637809753418,261.8712158203125
250762,9,0.6666666666666666,0.0904526636004448,0.32878586649894714,1.2657612562179565,717.990478515625
250763,100,0.56,-0.017416205257177353,0.4398985803127289,5.744626522064209,643.637939453125
250764,100,0.53,0.018545499071478844,0.48109540343284607,6.544561862945557,1084.6434326171875
250765,100,0.54,-0.02133021131157875,0.5381978154182434,5.373770236968994,333.7588806152344
250766,62,0.5483870967741935,0.09113616496324539,0.4054562747478485,7.25493049621582,1407.4315185546875
250767,100,0.51,0.07033137232065201,0.4965817630290985,6.391834735870361,361.0963439941406
250768,100,0.46,0.043039120733737946,0.5317872166633606,10.09225082397461,497.5916748046875
250769,100,0.5,-0.14729465544223785,0.5474218726158142,2.2944891452789307,1347.7489013671875
250770,29,0.4482758620689655,0.11752863228321075,0.5292770266532898,2.924544334411621,1117.637939453125
250771,100,0.53,-0.013444118201732635,0.46619340777397156,5.977712631225586,1757.09375
250772,100,0.54,0.015608468092978,0.4987279176712036,11.349739074707031,158.0563507080078
250773,67,0.4626865671641791,0.032457951456308365,0.5262534618377686,5.60931396484375,1416.0855712890625
250774,56,0.5357142857142857,0.06261111050844193,0.4631461799144745,4.56707763671875,841.1618041992188
250775,100,0.46,0.04190743342041969,0.500522255897522,5.425417423248291,442.248779296875
250776,100,0.54,-0.012790546752512455,0.49629488587379456,6.778146266937256,541.6873779296875
250777,100,0.49,-0.07781505584716797,0.525181770324707,2.461665391921997,858.1146850585938
250778,100,0.56,-0.08466196060180664,0.5162688493728638,9.223182678222656,1394.4365234375
250779,89,0.5280898876404494,0.010870126076042652,0.5221210718154907,5.882695198059082,1270.10595703125
250780,39,0.5897435897435898,-0.17089733481407166,0.5997188091278076,2.028641700744629,894.0341796875
250781,100,0.61,0.052712664008140564,0.5212313532829285,7.1973185539245605,1458.0360107421875
250782,100,0.49,-0.11604029685258865,0.47955864667892456,3.205043315887451,723.57080078125
250783,100,0.57,-0.007048354018479586,0.44805800914764404,4.657875061035156,529.419677734375
250784,100,0.47,-0.07952157407999039,0.49626779556274414,5.003913402557373,854.1078491210938
250785,100,0.49,-0.048319000750780106,0.4891211688518524,2.723447799682617,646.9523315429688
250786,100,0.47,-0.10172320157289505,0.5316833853721619,3.884316921234131,1093.7030029296875
250787,100,0.48,0.03143906965851784,0.5303719639778137,7.764702320098877,1220.8583984375
250788,100,0.49,0.02189033292233944,0.49278366565704346,8.544886589050293,2064.8427734375
250789,51,0.5294117647058824,0.05682400241494179,0.45679569244384766,4.4913201332092285,1401.62451171875
250790,100,0.55,-0.015479028224945068,0.5896384119987488,5.819770336151123,1523.3602294921875
250791,100,0.54,0.05978050082921982,0.43185660243034363,9.280965805053711,841.0006713867188
250792,100,0.53,-0.1230042576789856,0.47645846009254456,4.1673903465271,835.7802734375
250793,100,0.54,0.11503414064645767,0.4939631223678589,9.348936080932617,473.7845764160156
250794,100,0.54,-0.05700313672423363,0.564207136631012,5.614109516143799,1558.210693359375
250795,100,0.48,-0.05593939498066902,0.5457224249839783,3.211897611618042,843.492919921875
250796,98,0.4897959183673469,0.14799408614635468,0.5367896556854248,16.860050201416016,975.1925048828125
250797,100,0.4,-0.1757550984621048,0.501482367515564,2.142378330230713,938.1942749023438
250798,90,0.43333333333333335,0.035706352442502975,0.6003755927085876,11.226892471313477,1289.138916015625
250799,100,0.56,0.01692313887178898,0.4675455093383789,12.165504455566406,532.8786010742188
250800,100,0.6,0.055941879749298096,0.4254547953605652,10.883088111877441,1022.482421875
250801,34,0.6176470588235294,0.27486705780029297,0.45654645562171936,15.647625923156738,1655.4471435546875
250802,100,0.53,0.041079480201005936,0.4949972331523895,7.2774176597595215,591.3043823242188
250803,60,0.55,0.12219992280006409,0.4263828694820404,11.757610321044922,1217.1868896484375
250804,36,0.5555555555555556,0.16970883309841156,0.5047192573547363,6.599734306335449,1742.564697265625
250805,100,0.53,0.013718790374696255,0.5112745761871338,10.748692512512207,672.5213012695312
250806,100,0.51,-0.11315399408340454,0.5705638527870178,3.182917833328247,1143.742431640625
250807,100,0.55,0.1373046189546585,0.6211050748825073,15.346207618713379,991.2655639648438
250808,100,0.51,-0.16160765290260315,0.5744811296463013,1.3448915481567383,832.5449829101562
250809,100,0.45,-0.0014486617874354124,0.5637872815132141,6.564969539642334,1952.4969482421875
250810,83,0.4819277108433735,0.04399995133280754,0.5031851530075073,4.917963981628418,1078.6954345703125
250811,72,0.5416666666666666,0.19666917622089386,0.5023090243339539,13.782686233520508,2037.067626953125
250812,24,0.4166666666666667,0.26431792974472046,0.49302390217781067,6.028547763824463,907.0604248046875
250813,100,0.5,0.015686554834246635,0.5266191959381104,9.418447494506836,1290.8082275390625
250814,100,0.43,0.06852732598781586,0.4852760434150696,7.3119964599609375,708.860107421875
250815,100,0.48,0.0582568496465683,0.5685840249061584,11.422146797180176,1218.8209228515625
250816,100,0.53,-0.10290320962667465,0.43764957785606384,1.9867182970046997,948.6580810546875
250817,73,0.4794520547945205,0.026996128261089325,0.527772068977356,8.45727252960205,914.5011596679688
250818,77,0.5064935064935064,-0.05050627142190933,0.46554645895957947,2.843414783477783,1200.51318359375
250819,100,0.47,-0.044865962117910385,0.5237170457839966,3.728118658065796,1837.5670166015625
250820,100,0.43,0.012082608416676521,0.5570129156112671,7.849286079406738,205.51490783691406
250821,100,0.5,0.03748158738017082,0.5487312078475952,5.9578351974487305,1057.56591796875
250822,100,0.5,0.029651572927832603,0.5319510102272034,7.3358354568481445,889.8751831054688
250823,100,0.55,-0.038988467305898666,0.49738967418670654,5.128511905670166,974.8845825195312
250824,100,0.49,-0.04754922166466713,0.5221405625343323,5.525594711303711,1397.7977294921875
250825,100,0.49,-0.03479840233922005,0.5070666074752808,3.1085541248321533,485.95745849609375
250826,100,0.53,0.06767004728317261,0.4849414527416229,13.4241361618042,694.3078002929688
250827,100,0.61,-0.0038405568338930607,0.5304874181747437,3.1361160278320312,1222.8387451171875
250828,100,0.44,0.07220897823572159,0.5315569043159485,11.140606880187988,397.71435546875
250829,100,0.5,-0.08029711991548538,0.4984220862388611,2.1749799251556396,1462.8834228515625
250830,100,0.51,0.06285648047924042,0.4894627034664154,5.9396796226501465,559.0108032226562
250831,43,0.4883720930232558,0.15815302729606628,0.5034040212631226,5.657098293304443,1363.6571044921875
250832,100,0.54,0.11372321844100952,0.5932649970054626,14.453910827636719,1313.9432373046875
250833,100,0.49,-0.18986822664737701,0.4981597363948822,1.6664974689483643,1641.203857421875
250834,100,0.51,-0.03505006432533264,0.5669476389884949,9.970929145812988,496.3755798339844
250835,100,0.48,-0.002677838085219264,0.5275025367736816,4.710270881652832,1539.9947509765625
250836,100,0.52,-0.020641833543777466,0.44682273268699646,2.9592063426971436,1016.8460693359375
250837,100,0.53,0.049909282475709915,0.5103720426559448,9.955604553222656,721.3684692382812
250838,100,0.55,0.0075980303809046745,0.6429600119590759,7.420238018035889,572.5506591796875
250839,100,0.49,0.05349643528461456,0.5383073091506958,7.72566032409668,700.604248046875
250840,100,0.47,0.1167205423116684,0.4889747202396393,14.584466934204102,1612.0224609375
250841,100,0.54,-0.05421090126037598,0.5244849920272827,7.591708183288574,611.4141845703125
250842,100,0.45,-0.09812141209840775,0.42960745096206665,2.750126838684082,1162.33642578125
250843,100,0.51,0.11100678145885468,0.5149019360542297,9.537345886230469,1235.08935546875
250844,41,0.4634146341463415,-0.07916309684515,0.5205882787704468,1.1344735622406006,997.227294921875
250845,63,0.5555555555555556,-0.15671147406101227,0.4690723717212677,1.5653467178344727,838.7144165039062
250846,100,0.47,0.022114403545856476,0.5402728319168091,8.902458190917969,1590.375732421875
250847,100,0.52,-0.15419739484786987,0.502164363861084,1.9786125421524048,913.5930786132812
250848,100,0.48,-0.013993312604725361,0.5063016414642334,3.2884202003479004,1407.5753173828125
250849,100,0.5,0.01857677474617958,0.5178657174110413,14.635478973388672,1411.593017578125
250850,11,0.5454545454545454,0.13544197380542755,0.4165201783180237,1.3768330812454224,1491.2109375
250851,100,0.55,-0.0058061652816832066,0.49507877230644226,6.995657444000244,1005.5717163085938
250852,100,0.48,0.0600542277097702,0.5600481629371643,18.23627471923828,1273.945556640625
250853,100,0.51,-0.10012760013341904,0.4984373450279236,3.305748701095581,585.803955078125
250854,84,0.5476190476190477,0.13380996882915497,0.5502588748931885,22.520469665527344,1953.3228759765625
250855,100,0.53,-0.11867916584014893,0.5974993109703064,2.5298867225646973,545.8021850585938
250856,100,0.38,-0.12817145884037018,0.5366765856742859,3.439727783203125,341.1133728027344
250857,91,0.5934065934065934,-0.021215049549937248,0.5370876789093018,12.370625495910645,378.10174560546875
250858,100,0.41,0.1493220180273056,0.5071074366569519,12.596711158752441,423.9712829589844
250859,100,0.47,-0.030864177271723747,0.48391151428222656,6.412713527679443,1230.32958984375
250860,100,0.57,0.07686872035264969,0.5222010016441345,15.691811561584473,1725.2802734375
250861,100,0.46,0.041525863111019135,0.5242591500282288,8.111165046691895,230.52874755859375
250862,100,0.51,-0.016301216557621956,0.5374139547348022,5.603960990905762,637.8720703125
250863,100,0.57,0.05226093903183937,0.4808500111103058,12.0733642578125,909.5672607421875
250864,3,0.6666666666666666,0.0738806277513504,0.3980659544467926,1.2484105825424194,1635.850830078125
250865,64,0.546875,0.09265826642513275,0.5109935402870178,11.817970275878906,259.5134582519531
250866,100,0.46,-0.05932115390896797,0.5734154582023621,2.470489025115967,660.8082275390625
250867,100,0.42,0.15414206683635712,0.5724504590034485,10.726387977600098,1276.626953125
250868,100,0.55,-0.03682788461446762,0.5197282433509827,3.4694387912750244,1050.557373046875
250869,45,0.5111111111111111,0.12833356857299805,0.5919735431671143,12.296204566955566,583.9320068359375
250870,100,0.55,-0.1720263957977295,0.474960058927536,1.8768501281738281,1168.5517578125
250871,100,0.43,0.010306156240403652,0.5209966897964478,7.7853827476501465,1406.609375
250872,100,0.49,-0.009093116968870163,0.4960583746433258,9.754734992980957,834.7435913085938
250873,100,0.49,-0.024562610313296318,0.5385552644729614,6.105309009552002,454.04022216796875
250874,86,0.4883720930232558,0.04651997238397598,0.5092110633850098,4.703930377960205,784.2465209960938
250875,85,0.32941176470588235,0.1389530450105667,0.5269334316253662,10.249597549438477,1703.64990234375
250876,100,0.48,-0.032890066504478455,0.5247865319252014,4.63749885559082,1052.012939453125
250877,100,0.49,-0.16601231694221497,0.5653687715530396,1.4397523403167725,1913.1617431640625
250878,100,0.47,-0.060270410031080246,0.5659536123275757,6.680546760559082,1898.964599609375
250879,100,0.55,0.01496217679232359,0.5170709490776062,3.204758882522583,665.6888427734375
250880,85,0.47058823529411764,0.08744432777166367,0.4833092987537384,13.079643249511719,1710.1273193359375
250881,91,0.4945054945054945,0.06077592074871063,0.4307032823562622,8.426351547241211,1054.6722412109375
250882,83,0.46987951807228917,-0.10373876988887787,0.47460129857063293,3.3713817596435547,1218.52392578125
250883,100,0.47,-0.04391252249479294,0.5056310892105103,5.106354713439941,861.394287109375
250884,22,0.6363636363636364,0.1709851175546646,0.46990764141082764,8.184744834899902,1577.3326416015625
250885,100,0.49,-0.06833621114492416,0.5227386355400085,5.555139064788818,1373.9791259765625
250886,97,0.5670103092783505,0.11695894598960876,0.5824519991874695,9.017621994018555,513.55419921875
250887,100,0.49,0.015911193564534187,0.4968007802963257,9.256114959716797,543.8988647460938
250888,35,0.42857142857142855,0.17178630828857422,0.5200561285018921,7.0968828201293945,1635.4739990234375
250889,100,0.58,-0.08870929479598999,0.44225725531578064,3.119600296020508,527.27001953125
250890,100,0.42,-0.09420853108167648,0.558150053024292,3.512378454208374,606.0097045898438
250891,65,0.6307692307692307,0.025559067726135254,0.5091360211372375,7.528738498687744,2060.86962890625
250892,100,0.45,0.01346602477133274,0.5240730047225952,6.916104793548584,1692.6397705078125
250893,55,0.5636363636363636,0.0031622378155589104,0.5175026655197144,4.847985744476318,1242.12451171875
250894,100,0.6,-0.03377724811434746,0.4798309803009033,4.191678524017334,349.6031188964844
250895,100,0.58,-0.03420639783143997,0.5229770541191101,7.7443108558654785,495.8627624511719
250896,100,0.44,-0.24505600333213806,0.4457705020904541,1.4978610277175903,431.9046936035156
250897,100,0.53,0.022904573008418083,0.5928881168365479,8.189617156982422,1138.4937744140625
250898,100,0.54,0.014835054986178875,0.523729145526886,8.891429901123047,1005.7290649414062
250899,100,0.48,0.035175662487745285,0.49818044900894165,11.77649211883545,1247.783935546875
250900,90,0.5666666666666667,0.07264968007802963,0.5036113262176514,9.17243480682373,1005.8980102539062
250901,90,0.4666666666666667,-0.004489260260015726,0.4581233561038971,2.3424899578094482,973.7991943359375
250902,62,0.5967741935483871,-0.07891896367073059,0.46823036670684814,1.9689971208572388,625.4586181640625
250903,100,0.51,-0.025623328983783722,0.5034454464912415,7.552188873291016,1665.8309326171875
250904,100,0.58,-0.09926024079322815,0.4862775206565857,3.1584062576293945,856.16748046875
250905,100,0.45,0.10217566043138504,0.5643602609634399,12.450116157531738,703.1481323242188
250906,17,0.4117647058823529,0.13192124664783478,0.3558715879917145,5.576735019683838,1702.90966796875
250907,100,0.46,-0.11082101613283157,0.4835892915725708,3.9003090858459473,962.6694946289062
250908,100,0.5,0.0011885189451277256,0.5131727457046509,9.502464294433594,1050.7130126953125
250909,100,0.41,-0.07801526039838791,0.47457602620124817,2.1492395401000977,1141.271484375
250910,100,0.55,-0.05806290730834007,0.5277672410011292,2.429752826690674,1251.9866943359375
250911,100,0.53,-0.03409040719270706,0.4956037104129791,4.899951934814453,1773.2508544921875
250912,84,0.42857142857142855,0.23361700773239136,0.5944052934646606,11.512510299682617,1116.0673828125
250913,90,0.5555555555555556,0.0951857641339302,0.5637179017066956,13.572102546691895,1787.0892333984375
250914,100,0.52,0.07390803843736649,0.529213011264801,9.057194709777832,427.53631591796875
250915,100,0.47,-0.012585204094648361,0.5248158574104309,6.898911952972412,1309.11328125
250916,100,0.55,-0.04616478830575943,0.48590850830078125,5.995657920837402,296.5338439941406
250917,33,0.45454545454545453,0.2561372220516205,0.5721169114112854,7.226768493652344,489.8904113769531
250918,100,0.46,0.07341240346431732,0.5018929839134216,9.140423774719238,912.7464599609375
250919,100,0.5,-0.04964153468608856,0.5088497996330261,4.986188888549805,587.2285766601562
250920,100,0.45,0.0268882904201746,0.4893254041671753,5.274710178375244,514.3289794921875
250921,46,0.5434782608695652,0.02871156483888626,0.5360681414604187,3.0243470668792725,1053.106689453125
250922,100,0.58,-0.10831038653850555,0.5715569257736206,2.942112922668457,1497.207275390625
250923,10,0.5,0.6978715658187866,0.4231535494327545,6.297171592712402,1177.3924560546875
250924,100,0.45,0.10474102944135666,0.5384466648101807,9.519676208496094,544.3536987304688
250925,100,0.5,-0.10377797484397888,0.5505767464637756,2.3312695026397705,739.8297729492188
250926,100,0.47,0.01990014873445034,0.4394933581352234,6.434064865112305,1168.28466796875
250927,100,0.48,-0.032182347029447556,0.4450021982192993,8.58376693725586,1238.477783203125
250928,100,0.46,-0.09477382898330688,0.535645067691803,3.328535556793213,953.1815185546875
250929,100,0.5,0.10400442034006119,0.46625909209251404,24.332685470581055,1271.9373779296875
250930,100,0.56,-0.10833138972520828,0.5356126427650452,7.914824962615967,630.3414306640625
250931,90,0.4666666666666667,0.010473226197063923,0.512089192867279,5.504829406738281,1622.078857421875
250932,100,0.59,-0.052452441304922104,0.4835721552371979,2.6682114601135254,425.57745361328125
250933,100,0.42,0.24673977494239807,0.5261887907981873,18.632118225097656,941.7467041015625
250934,100,0.54,-0.09294956922531128,0.48673713207244873,2.156189441680908,489.0023193359375
250935,67,0.5970149253731343,0.14389948546886444,0.5550877451896667,13.455409049987793,692.1326904296875
250936,100,0.49,0.12460821866989136,0.5135872960090637,21.046117782592773,412.21319580078125
250937,100,0.53,-0.09529004991054535,0.5879918932914734,5.465391635894775,608.2446899414062
250938,100,0.51,-0.024889837950468063,0.4375056028366089,2.2395780086517334,669.840576171875
250939,97,0.5670103092783505,0.029139747843146324,0.5800389051437378,18.021352767944336,1132.2705078125
250940,100,0.39,-0.06560616940259933,0.4686691164970398,8.764001846313477,1681.8079833984375
250941,100,0.47,-0.006823045201599598,0.5244313478469849,6.056596755981445,980.77197265625
250942,100,0.5,0.04397860914468765,0.4517969787120819,9.52085018157959,618.552978515625
250943,100,0.43,0.11343107372522354,0.45796722173690796,10.9324312210083,526.3167114257812
250944,100,0.48,-0.0889575183391571,0.5573953986167908,2.4893834590911865,1352.01513671875
250945,100,0.53,-0.0029544481076300144,0.5628491044044495,4.9933061599731445,1134.33984375
250946,33,0.5757575757575758,-0.03938267379999161,0.5632237195968628,2.043484926223755,1519.0562744140625
250947,100,0.6,-0.06433828175067902,0.5314702391624451,2.019745111465454,1195.77490234375
250948,100,0.48,-0.008325804956257343,0.5154561996459961,3.381946086883545,1112.468994140625
250949,100,0.46,-0.029468415305018425,0.5141521692276001,6.993746280670166,476.4488830566406
250950,25,0.44,0.21875816583633423,0.6056138873100281,5.689547061920166,1132.992919921875
250951,41,0.6097560975609756,-0.052138425409793854,0.4963987469673157,2.856677532196045,957.82275390625
250952,100,0.49,-0.09952816367149353,0.46499496698379517,2.9405837059020996,1254.4886474609375
250953,100,0.48,-0.04470914974808693,0.42856958508491516,4.323178291320801,724.4220581054688
250954,100,0.45,0.08383890986442566,0.5776565074920654,8.663019180297852,1025.3970947265625
250955,24,0.5416666666666666,0.26722219586372375,0.4569166898727417,6.298356533050537,518.4876098632812
250956,100,0.55,-0.029659559950232506,0.5983967781066895,5.310849666595459,658.0066528320312
250957,35,0.42857142857142855,0.20904111862182617,0.45939749479293823,7.143076419830322,970.0481567382812
250958,100,0.5,0.042609453201293945,0.5120680332183838,11.14149284362793,758.8302001953125
250959,82,0.47560975609756095,0.09939577430486679,0.49049216508865356,8.979439735412598,1853.0323486328125
250960,100,0.52,-0.046788088977336884,0.6161739230155945,2.966869592666626,1563.660400390625
250961,54,0.5,0.1862006038427353,0.5967522859573364,11.210654258728027,905.3858642578125
250962,100,0.46,-0.010416087694466114,0.500674843788147,7.051657676696777,1585.9854736328125
250963,100,0.45,-0.00570722296833992,0.5747025609016418,3.589529037475586,510.3946838378906
250964,100,0.57,0.008994145318865776,0.48200199007987976,3.174834966659546,791.611083984375
250965,73,0.6027397260273972,-0.10584671050310135,0.5446370840072632,2.9003992080688477,1180.56689453125
250966,100,0.48,0.12247860431671143,0.504167914390564,14.712576866149902,1739.392578125
250967,100,0.44,0.0837644636631012,0.5446174144744873,6.571570873260498,504.4248046875
250968,100,0.5,0.032068196684122086,0.5027331709861755,7.460067272186279,328.3137512207031
250969,100,0.49,0.023665491491556168,0.5119739174842834,10.004944801330566,313.4377746582031
250970,100,0.46,-0.027145609259605408,0.526098370552063,3.6824920177459717,587.1968994140625
250971,100,0.57,-0.01698593981564045,0.48077893257141113,4.704308986663818,948.2720336914062
250972,7,0.5714285714285714,0.08508375287055969,0.3310365080833435,0.5165149569511414,1550.47802734375
250973,100,0.54,0.013834860175848007,0.5445305705070496,7.044740200042725,962.5326538085938
250974,100,0.46,0.18964321911334991,0.536479115486145,15.08354377746582,1163.9111328125
250975,100,0.38,-0.031104151159524918,0.4769640564918518,5.625374794006348,1042.0072021484375
250976,100,0.52,-0.06288658827543259,0.4787658154964447,3.8781566619873047,1189.638916015625
250977,100,0.57,0.00010602947440929711,0.5685546398162842,5.46320915222168,767.6209716796875
250978,100,0.55,-0.03240962326526642,0.5306864976882935,4.328038215637207,1019.6180419921875
250979,100,0.52,-0.07434282451868057,0.5096656680107117,3.6883182525634766,701.6626586914062
250980,100,0.54,-0.12137050181627274,0.5443728566169739,2.5769152641296387,462.3906555175781
250981,100,0.57,0.0035039791837334633,0.5963990688323975,6.4776129722595215,775.5692749023438
250982,100,0.48,-0.00530939782038331,0.44633233547210693,5.582882881164551,917.04638671875
250983,100,0.54,0.01751565933227539,0.5037590265274048,8.359029769897461,861.4675903320312
250984,44,0.6363636363636364,0.23162178695201874,0.48611557483673096,15.494243621826172,1654.707275390625
250985,52,0.46153846153846156,-0.03976729139685631,0.4962107241153717,3.2171833515167236,597.4940795898438
250986,100,0.43,0.035109441727399826,0.5298694968223572,8.874661445617676,1386.350341796875
250987,33,0.6060606060606061,0.17082475125789642,0.4006351828575134,7.152840614318848,1369.951416015625
250988,28,0.5,0.1718907505273819,0.4349903166294098,9.03784465789795,1376.9019775390625
250989,100,0.52,-0.03209737688302994,0.5463938117027283,5.141016960144043,788.0137939453125
250990,100,0.52,-0.04319309443235397,0.48322832584381104,4.799139022827148,330.7340393066406
250991,88,0.42045454545454547,0.05028843134641647,0.5489392280578613,6.473167419433594,1271.07958984375
250992,100,0.5,0.001461760955862701,0.6014943718910217,6.609330654144287,1044.643798828125
250993,100,0.51,0.020892256870865822,0.5293980240821838,4.574476718902588,699.4935913085938
250994,47,0.5319148936170213,0.03858054056763649,0.5381413102149963,7.616086959838867,1998.5364990234375
250995,100,0.5,-0.056402821093797684,0.46992865204811096,4.176144599914551,588.5800170898438
250996,100,0.41,-0.11218607425689697,0.5078615546226501,2.684300184249878,1130.38623046875
250997,61,0.5901639344262295,0.14732258021831512,0.44287073612213135,11.294340133666992,927.3308715820312
250998,100,0.55,-0.08751791715621948,0.5255856513977051,2.5329983234405518,1430.4007568359375
250999,59,0.576271186440678,-0.046780236065387726,0.6211811304092407,2.787721633911133,764.7965698242188
251000,41,0.4634146341463415,0.12435245513916016,0.45462244749069214,6.655057430267334,630.3924560546875
251001,100,0.56,0.20923538506031036,0.6200379133224487,23.52508544921875,1161.8062744140625
251002,73,0.5753424657534246,0.10586175322532654,0.5066595673561096,9.298012733459473,927.2385864257812
251003,100,0.41,-0.06801386922597885,0.49555930495262146,4.164651870727539,242.33447265625
251004,99,0.4444444444444444,0.1315975934267044,0.5820733308792114,16.064586639404297,1296.104736328125
251005,57,0.49122807017543857,0.031493064016103745,0.5557019710540771,5.057438850402832,183.29188537597656
251006,27,0.6296296296296297,-0.01983710564672947,0.5948922038078308,1.625426173210144,1290.258544921875
251007,36,0.5555555555555556,0.15992072224617004,0.5251195430755615,9.824862480163574,1848.439208984375
251008,100,0.42,0.025833526626229286,0.5326610207557678,5.41348934173584,1009.5052490234375
251009,100,0.46,-0.017181485891342163,0.5259943604469299,4.987649917602539,430.0661926269531
251010,100,0.58,0.11730653047561646,0.4762907028198242,15.637324333190918,1098.4100341796875
251011,100,0.56,0.06925194710493088,0.5178329944610596,7.975529670715332,865.6603393554688
251012,100,0.5,0.01029230561107397,0.5433833599090576,3.013256788253784,998.505859375
251013,75,0.44,0.003953278064727783,0.6157369017601013,3.6869542598724365,860.6431274414062
251014,68,0.5441176470588235,0.10414125770330429,0.5357574820518494,10.347399711608887,1450.6463623046875
251015,100,0.52,0.021669941022992134,0.4759427607059479,7.548272609710693,1342.98876953125
251016,100,0.52,-0.022843919694423676,0.5005316734313965,2.9444501399993896,606.671875
251017,17,0.6470588235294118,0.5742701888084412,0.41964995861053467,15.44936752319336,1576.18896484375
251018,100,0.52,-0.025819865986704826,0.46760129928588867,6.125682830810547,462.7064514160156
251019,77,0.5064935064935064,-0.05944838747382164,0.5305525064468384,1.6908503770828247,761.1795654296875
251020,100,0.6,0.0245547816157341,0.5587852001190186,8.334253311157227,571.7064819335938
251021,39,0.4358974358974359,0.21804216504096985,0.5244122743606567,8.079211235046387,919.8908081054688
251022,100,0.53,0.08569759130477905,0.49948346614837646,19.018857955932617,518.3323364257812
251023,100,0.38,0.02493222989141941,0.4992506504058838,8.560680389404297,959.9841918945312
251024,69,0.463768115942029,-0.14587163925170898,0.42340001463890076,2.2684683799743652,963.0902709960938
251025,55,0.5454545454545454,0.16725125908851624,0.577116072177887,15.28880500793457,1680.3387451171875
251026,100,0.43,-0.0033745821565389633,0.5215250849723816,3.2793567180633545,1351.6319580078125
251027,100,0.47,-0.08377931267023087,0.5176924467086792,2.6104178428649902,554.3229370117188
251028,100,0.5,-0.0645938515663147,0.5798116326332092,7.458637714385986,1428.2342529296875
251029,100,0.51,0.010216524824500084,0.49874168634414673,8.646688461303711,728.4296264648438
251030,55,0.5818181818181818,-0.04478894919157028,0.5494632124900818,2.7983367443084717,1378.8966064453125
251031,100,0.53,-0.01032218523323536,0.4689461290836334,4.783961296081543,1890.053466796875
251032,100,0.45,-0.07082437723875046,0.4946111738681793,3.3749563694000244,182.85659790039062
251033,100,0.5,-0.10384168475866318,0.46057072281837463,2.471525192260742,1233.9671630859375
251034,31,0.41935483870967744,0.3945147693157196,0.44496768712997437,10.210089683532715,962.8026733398438
251035,54,0.5,0.30988720059394836,0.5776287913322449,15.173791885375977,1843.6434326171875
251036,100,0.48,0.04492029547691345,0.5311133861541748,5.002557277679443,1664.37353515625
251037,100,0.4,0.008551917970180511,0.5010559558868408,4.745520114898682,648.8154296875
251038,100,0.56,0.11422837525606155,0.4652276337146759,16.19818878173828,1360.640869140625
251039,100,0.46,-0.021470028907060623,0.5491177439689636,7.221023082733154,824.0594482421875
251040,100,0.47,-0.0928245410323143,0.5361918210983276,2.207705020904541,1808.8751220703125
251041,44,0.38636363636363635,0.3237483501434326,0.5450728535652161,10.837169647216797,845.257568359375
251042,100,0.6,-0.070960134267807,0.5196974873542786,6.053229808807373,409.55401611328125
251043,69,0.4782608695652174,-0.05269834026694298,0.48911088705062866,1.8884427547454834,1283.40283203125
251044,50,0.64,-0.14751704037189484,0.6323071122169495,2.62107515335083,883.3159790039062
251045,100,0.5,-0.016383761540055275,0.5006062388420105,7.460224628448486,313.9581604003906
251046,100,0.54,0.05131706967949867,0.5644019842147827,8.457477569580078,1047.728515625
251047,100,0.52,0.1442985087633133,0.5083972811698914,16.490081787109375,667.6378173828125
251048,100,0.47,-0.005495134741067886,0.4758484661579132,5.2499165534973145,1043.8846435546875
251049,100,0.6,-0.037497378885746,0.4703262746334076,3.443601608276367,1317.63427734375
251050,100,0.54,-0.012435334734618664,0.5841822624206543,6.161477565765381,1133.459716796875
251051,100,0.42,0.013989778235554695,0.42971324920654297,14.937097549438477,1127.4349365234375
251052,100,0.55,0.020719027146697044,0.507672131061554,7.825809478759766,931.0585327148438
251053,100,0.52,-0.005380891729146242,0.5232248902320862,7.407289028167725,739.5162963867188
251054,93,0.44086021505376344,-0.09374412894248962,0.5202085375785828,6.2613019943237305,2065.322021484375
251055,100,0.47,-0.0863170325756073,0.4737710654735565,2.7956693172454834,1489.4404296875
251056,100,0.51,0.07846053689718246,0.563868522644043,10.113625526428223,530.6309814453125
251057,100,0.61,0.11431200802326202,0.4943121373653412,9.619563102722168,253.15907287597656
251058,100,0.49,0.03814217820763588,0.5462623238563538,9.466439247131348,1298.5899658203125
251059,100,0.53,0.05077654868364334,0.5031095743179321,11.78111457824707,427.6509094238281
251060,100,0.51,0.031224021688103676,0.4450317621231079,7.01310920715332,1369.3040771484375
251061,100,0.53,-0.031601570546627045,0.4994969964027405,2.9359540939331055,425.47467041015625
251062,100,0.62,0.0025630092713981867,0.5355620384216309,6.923041820526123,287.1806640625
251063,53,0.4716981132075472,0.03244173899292946,0.4954637885093689,7.258144378662109,562.753662109375
251064,100,0.5,0.016415853053331375,0.547060489654541,5.421741485595703,1298.070068359375
251065,100,0.49,-0.07206929475069046,0.5588760375976562,5.133738994598389,798.2145385742188
251066,100,0.57,-0.014840931631624699,0.5139293074607849,6.688780307769775,1173.58837890625
251067,100,0.45,-0.0019061565399169922,0.5065200328826904,6.1299662590026855,1128.7564697265625
251068,100,0.46,0.013162854127585888,0.4936433732509613,5.256993293762207,889.6118774414062
251069,100,0.47,-0.04757877439260483,0.5010460019111633,6.297989368438721,614.2049560546875
251070,60,0.48333333333333334,-0.09710198640823364,0.5296591520309448,2.8571126461029053,1209.601318359375
251071,100,0.44,-0.08847390860319138,0.5630894303321838,2.124422550201416,471.5699462890625
251072,100,0.56,0.024483991786837578,0.46867501735687256,5.655341625213623,1331.41015625
251073,100,0.48,0.09230812638998032,0.4762713611125946,11.00433349609375,267.83050537109375
251074,100,0.52,0.1493174135684967,0.504344642162323,16.5190372467041,576.6935424804688
251075,73,0.589041095890411,0.052452221512794495,0.5330509543418884,11.497605323791504,1677.8389892578125
251076,100,0.51,0.1405392289161682,0.4628923237323761,20.92849349975586,1824.61328125
251077,55,0.45454545454545453,0.2633475363254547,0.4686400592327118,14.645052909851074,759.0277099609375
251078,100,0.6,-0.023642944172024727,0.4645290970802307,5.327897548675537,568.43603515625
251079,100,0.51,-0.06007537618279457,0.5079516768455505,5.405566215515137,649.1605224609375
251080,100,0.52,-0.04766440764069557,0.5352841019630432,2.7992823123931885,661.6331176757812
251081,100,0.58,0.0007468410767614841,0.5001950263977051,6.51657247543335,1572.848388671875
251082,100,0.47,0.009967073798179626,0.507898211479187,7.293520927429199,900.8519287109375
251083,56,0.625,0.0050980765372514725,0.5931599736213684,10.75464916229248,1019.6031494140625
251084,100,0.47,-0.07455449551343918,0.547204315662384,2.3921985626220703,1143.5916748046875
251085,42,0.5,0.16822360455989838,0.5459109544754028,6.788611888885498,744.6207885742188
251086,100,0.47,-0.16761524975299835,0.5552351474761963,1.6690350770950317,481.22052001953125
251087,100,0.56,-0.01577122136950493,0.5363979339599609,5.972842216491699,1105.9542236328125
251088,100,0.49,-0.07953090965747833,0.5537508726119995,2.61922550201416,1227.541015625
251089,100,0.5,0.04700493440032005,0.47323617339134216,11.284550666809082,1289.55712890625
251090,41,0.4878048780487805,0.3222542405128479,0.46384888887405396,13.856695175170898,1671.0589599609375
251091,100,0.4,-0.03324412181973457,0.4780424237251282,3.810392379760742,930.4700927734375
251092,100,0.52,0.06648974865674973,0.49819302558898926,6.617089748382568,947.2963256835938
251093,100,0.53,-0.13152991235256195,0.5493113994598389,2.1390578746795654,1753.4033203125
251094,97,0.5567010309278351,-0.03507841378450394,0.5210006833076477,9.224371910095215,1173.077392578125
251095,100,0.47,0.09794638305902481,0.5132333040237427,16.942689895629883,518.7211303710938
251096,100,0.47,-0.07858993858098984,0.5142092704772949,2.5810282230377197,1061.972412109375
251097,100,0.46,-0.07682663202285767,0.531648576259613,5.485429286956787,721.7699584960938
251098,100,0.44,0.08214589953422546,0.4897790551185608,8.894848823547363,488.11907958984375
251099,96,0.5625,-0.08052331209182739,0.4902879595756531,3.0135934352874756,1177.71142578125
251100,100,0.51,0.07461757957935333,0.5533530116081238,4.404587745666504,1550.180419921875
251101,100,0.46,0.1781916469335556,0.5388616919517517,20.61115264892578,305.06689453125
251102,31,0.41935483870967744,0.02130262739956379,0.4785933494567871,3.0333778858184814,1066.0316162109375
251103,100,0.49,-0.050874631851911545,0.4935467541217804,3.7532761096954346,472.101806640625
251104,100,0.46,-0.10243847966194153,0.5511360764503479,3.905757188796997,316.2464599609375
251105,100,0.47,-0.01911770924925804,0.5485804080963135,2.9561984539031982,1087.97802734375
251106,100,0.46,0.05467188358306885,0.5373525619506836,7.9833455085754395,999.7684326171875
251107,70,0.5142857142857142,0.1176065057516098,0.5048174858093262,13.060402870178223,1765.4150390625
251108,100,0.37,-0.11475455015897751,0.5515453219413757,2.0698463916778564,1251.881591796875
251109,100,0.5,-0.00941584724932909,0.5397101044654846,5.4529194831848145,1357.446533203125
251110,79,0.4936708860759494,0.08238542824983597,0.5184226036071777,7.66607666015625,779.5057373046875
251111,100,0.49,0.029709113761782646,0.5295231342315674,10.102322578430176,882.5779418945312
251112,100,0.47,-0.009764515794813633,0.5705667734146118,6.301854133605957,1398.0244140625
251113,100,0.5,-0.08175316452980042,0.4696601629257202,3.902474880218506,834.6505126953125
251114,100,0.52,0.008296513929963112,0.4680962562561035,6.309549331665039,585.9147338867188
251115,100,0.49,-0.00562690244987607,0.5173195004463196,3.9982211589813232,454.2877197265625
251116,100,0.52,-0.06334906071424484,0.46228742599487305,3.607687473297119,825.2597045898438
251117,54,0.5555555555555556,0.13984635472297668,0.5418262481689453,7.088962554931641,1572.518310546875
251118,100,0.46,0.17024081945419312,0.56202632188797,14.940971374511719,1134.2249755859375
251119,100,0.56,0.01024112943559885,0.44794753193855286,6.068871021270752,907.7838745117188
251120,100,0.51,0.022270431742072105,0.5816328525543213,7.1282501220703125,962.6828002929688
251121,100,0.56,-0.0586383156478405,0.5451629757881165,2.696411371231079,595.71044921875
251122,100,0.56,-0.097633957862854,0.47323712706565857,3.4296720027923584,873.649169921875
251123,100,0.5,0.04539830982685089,0.5125887393951416,14.185314178466797,965.7057495117188
251124,100,0.54,-0.045535679906606674,0.5111497640609741,3.7625467777252197,1095.540771484375
251125,100,0.51,0.02792535535991192,0.5502946972846985,6.91596794128418,657.4883422851562
251126,88,0.5795454545454546,0.1375049352645874,0.4479081332683563,13.3825101852417,968.6622314453125
251127,46,0.5869565217391305,0.20169775187969208,0.4549354612827301,17.381046295166016,1358.2410888671875
251128,88,0.48863636363636365,0.11515558511018753,0.5299321413040161,7.641874313354492,1088.4525146484375
251129,100,0.53,0.10315350443124771,0.5958309769630432,10.49697494506836,887.3892822265625
251130,87,0.4827586206896552,-0.00843378622084856,0.5145244002342224,4.912178039550781,1942.6845703125
251131,59,0.5423728813559322,0.08702635020017624,0.6183159351348877,8.78809928894043,1366.08447265625
251132,100,0.53,-0.036084480583667755,0.5069736242294312,11.003094673156738,1004.898193359375
251133,99,0.45454545454545453,-0.03465431183576584,0.5574191808700562,8.639800071716309,765.693359375
251134,100,0.56,-0.06077228859066963,0.5524113178253174,3.5103986263275146,738.871826171875
251135,42,0.47619047619047616,0.2430427521467209,0.5439895987510681,6.197429656982422,1343.1046142578125
251136,100,0.47,-0.1031993106007576,0.4977738857269287,2.0638539791107178,947.9651489257812
251137,41,0.5609756097560976,0.21106043457984924,0.3166559040546417,11.14151668548584,116.18911743164062
251138,100,0.56,0.024476071819663048,0.5545268654823303,8.785314559936523,1492.72900390625
251139,100,0.49,0.039229318499565125,0.4868503510951996,8.63101577758789,1412.9132080078125
251140,100,0.48,0.10359034687280655,0.5317480564117432,10.342751502990723,392.2978210449219
251141,100,0.51,0.0012305647833272815,0.4949885308742523,5.0223469734191895,580.6163940429688
251142,67,0.4626865671641791,0.014172227121889591,0.6066136956214905,3.3389317989349365,862.531494140625
251143,87,0.5172413793103449,0.09758424013853073,0.4752158522605896,10.260698318481445,729.5186767578125
251144,100,0.59,0.05779216066002846,0.5104931592941284,13.132824897766113,1151.26416015625
251145,42,0.5238095238095238,0.07520962506532669,0.5767560005187988,8.083995819091797,904.7921142578125
251146,100,0.53,-0.08049619197845459,0.5338906049728394,2.548175573348999,1560.1610107421875
251147,100,0.58,0.011302976869046688,0.4574883282184601,6.911257743835449,653.8197631835938
251148,100,0.53,0.10503659397363663,0.4774850904941559,15.425127983093262,857.9780883789062
251149,99,0.47474747474747475,-0.05912533029913902,0.575261116027832,2.807675838470459,1614.684326171875
251150,100,0.47,-0.10226857662200928,0.5063403844833374,3.136098861694336,503.4593811035156
251151,100,0.55,0.05605441704392433,0.5376788377761841,7.195918083190918,673.8495483398438
251152,100,0.52,0.02610335871577263,0.4718833863735199,10.657132148742676,1424.562744140625
251153,100,0.4,-0.0813865065574646,0.577155351638794,3.064396858215332,1004.532958984375
251154,100,0.49,-0.07468108087778091,0.5423791408538818,3.053445339202881,1156.1158447265625
251155,84,0.5119047619047619,-0.011216606944799423,0.5049715638160706,8.100288391113281,1597.494873046875
251156,100,0.53,0.09421993046998978,0.5299085378646851,13.669565200805664,1703.41259765625
251157,42,0.4523809523809524,0.27856138348579407,0.41452935338020325,8.544145584106445,570.1852416992188
251158,100,0.53,0.012549242004752159,0.4818495213985443,7.862873554229736,1402.7808837890625
251159,92,0.4673913043478261,0.017840176820755005,0.5215261578559875,7.03762149810791,1875.433349609375
251160,100,0.42,0.03075220435857773,0.5701855421066284,4.782181262969971,465.308837890625
251161,100,0.46,-0.04760277271270752,0.4946494698524475,4.98760461807251,1109.509033203125
251162,100,0.53,-0.025954987853765488,0.5356225967407227,5.033506393432617,915.0783081054688
251163,100,0.62,-0.039024095982313156,0.4587339162826538,5.802745819091797,1521.01220703125
251164,100,0.52,-0.002901834435760975,0.49344882369041443,6.049783706665039,332.585693359375
251165,100,0.6,-0.0661325752735138,0.5082911252975464,2.7727420330047607,922.9645385742188
251166,100,0.5,-0.1946946382522583,0.4499084949493408,1.688919186592102,670.01025390625
251167,100,0.44,0.14346279203891754,0.45048633217811584,13.694955825805664,787.9027099609375
251168,100,0.45,-0.04641486331820488,0.5086726546287537,3.9197466373443604,481.80267333984375
251169,100,0.54,-0.07109436392784119,0.5293068885803223,5.041420936584473,911.7434692382812
251170,100,0.55,-0.12465556710958481,0.49768656492233276,3.2890403270721436,992.1931762695312
251171,100,0.52,0.04596683010458946,0.484381765127182,6.602249622344971,1219.282470703125
251172,80,0.55,0.120956651866436,0.44500043988227844,16.210418701171875,1370.27880859375
251173,40,0.55,0.044980283826589584,0.45862191915512085,3.953171968460083,1189.4970703125
251174,29,0.4827586206896552,0.1095961257815361,0.3951157033443451,6.25522518157959,1310.5367431640625
251175,100,0.44,-0.06635789573192596,0.4792943000793457,3.9418554306030273,1128.8433837890625
251176,100,0.53,-0.10722246021032333,0.4795866310596466,4.322520732879639,1061.0711669921875
251177,100,0.46,-0.030298853293061256,0.4524313509464264,2.7195281982421875,920.1069946289062
251178,100,0.43,-0.0058454968966543674,0.4748745262622833,3.3875732421875,1407.9117431640625
251179,100,0.51,0.07026407122612,0.549170732498169,17.97675323486328,1024.023193359375
251180,100,0.47,0.022079946473240852,0.5397220253944397,15.62928581237793,1376.8416748046875
251181,66,0.45454545454545453,0.10903885215520859,0.5067818760871887,8.925799369812012,1741.62744140625
251182,100,0.5,-0.1469336748123169,0.4718396067619324,2.449625015258789,1082.3651123046875
251183,100,0.46,0.036107487976551056,0.5555198192596436,4.38643217086792,846.50390625
251184,100,0.5,-0.12177293747663498,0.44374293088912964,1.5882223844528198,349.4792175292969
251185,100,0.48,-0.01766638644039631,0.5242208242416382,5.324950695037842,732.1844482421875
251186,26,0.4230769230769231,-0.06881260126829147,0.6056930422782898,2.1691179275512695,1298.4429931640625
251187,100,0.45,0.027361780405044556,0.5272343158721924,5.611264228820801,1545.1759033203125
251188,100,0.49,-0.012612911872565746,0.5135263800621033,4.568233013153076,1219.9404296875
251189,100,0.51,-0.0026460469234734774,0.6143093705177307,5.919926166534424,621.0729370117188
251190,95,0.5157894736842106,0.12169447541236877,0.5225750207901001,18.977636337280273,1298.8504638671875
251191,100,0.53,0.02445460483431816,0.5128806233406067,6.03272819519043,880.1820068359375
251192,100,0.5,-0.039413418620824814,0.5600838661193848,7.3958234786987305,1077.5692138671875
251193,100,0.57,0.005991403479129076,0.5267025828361511,5.7701568603515625,555.3995361328125
251194,100,0.52,-0.008410940878093243,0.5327164530754089,3.0061402320861816,1031.857177734375
251195,36,0.4166666666666667,0.0335613451898098,0.5935998558998108,1.806536316871643,1166.2999267578125
251196,100,0.49,0.05614224076271057,0.5325530767440796,8.313942909240723,376.40020751953125
251197,100,0.51,-0.036926478147506714,0.5358686447143555,5.693267345428467,902.3829345703125
251198,100,0.57,0.003609231673181057,0.4770391583442688,10.704176902770996,1087.8505859375
251199,100,0.4,0.07301940768957138,0.5298726558685303,10.624200820922852,1091.442626953125
251200,100,0.56,-0.0894184485077858,0.5495156645774841,3.36006236076355,627.2611083984375
251201,82,0.5,0.15620990097522736,0.5012889504432678,11.86818790435791,1138.04345703125
251202,100,0.5,-0.09246338158845901,0.5164735317230225,2.16003680229187,1181.4044189453125
251203,100,0.45,-0.06150492653250694,0.47979736328125,3.3948066234588623,1077.496826171875
251204,100,0.5,-0.21652241051197052,0.4927970767021179,1.4670891761779785,729.328369140625
251205,8,0.5,0.38927870988845825,0.5380920171737671,2.007446527481079,979.5291748046875
251206,100,0.56,0.06189760938286781,0.5244737863540649,6.5803070068359375,737.654541015625
251207,100,0.65,-0.0057373689487576485,0.5316308736801147,7.4075188636779785,1305.022216796875
251208,100,0.49,0.03206118196249008,0.4977725148200989,5.404991626739502,693.6409301757812
251209,14,0.6428571428571429,0.05667566508054733,0.4744212031364441,2.5428085327148438,601.149658203125
251210,100,0.5,0.20158731937408447,0.46762627363204956,17.460535049438477,161.0638427734375
251211,100,0.47,-0.11377110332250595,0.5089156031608582,2.0272016525268555,1420.5067138671875
251212,100,0.5,-0.020368531346321106,0.52430659532547,4.053185939788818,1049.340576171875
251213,100,0.6,0.1199723407626152,0.49175387620925903,15.451525688171387,1050.5843505859375
251214,100,0.56,-0.024903258308768272,0.42729127407073975,4.356927871704102,1038.7073974609375
251215,100,0.49,-0.03883422911167145,0.5298729538917542,9.441311836242676,1536.5374755859375
251216,100,0.43,0.08574160188436508,0.49355176091194153,13.598793983459473,929.2774658203125
251217,84,0.4880952380952381,0.1692923754453659,0.4942161738872528,13.278022766113281,1389.905029296875
251218,100,0.52,0.09966494143009186,0.5533422827720642,13.770219802856445,1267.49951171875
251219,100,0.57,-0.08996716141700745,0.4801327884197235,3.0072476863861084,756.2885131835938
251220,37,0.5405405405405406,0.13427503407001495,0.6247319579124451,7.476301193237305,1250.3355712890625
251221,100,0.53,-0.0416979156434536,0.5193505883216858,4.990736484527588,865.6566162109375
251222,100,0.49,-0.022723039612174034,0.5044922828674316,5.850296497344971,920.8045043945312
251223,100,0.45,0.02114730328321457,0.48332345485687256,10.347124099731445,1703.99560546875
251224,100,0.37,-0.1597103625535965,0.5230319499969482,2.0989060401916504,406.0408630371094
251225,63,0.47619047619047616,0.04792455956339836,0.5089805126190186,9.531452178955078,1879.083984375
251226,100,0.46,-0.07565649598836899,0.44943881034851074,2.9685773849487305,974.0494384765625
251227,100,0.53,-0.0726100355386734,0.451936811208725,1.9628934860229492,1871.197021484375
251228,100,0.5,-0.00401108805090189,0.469558984041214,8.724564552307129,1197.5740966796875
251229,40,0.575,-0.03572133183479309,0.4727933406829834,6.171009063720703,1551.4578857421875
251230,100,0.48,0.045748110860586166,0.4828580617904663,9.752227783203125,1236.556396484375
251231,100,0.46,0.048219453543424606,0.5230807662010193,10.942456245422363,1055.3892822265625
251232,61,0.45901639344262296,0.01505723875015974,0.4813404679298401,4.822922229766846,921.3154907226562
251233,100,0.44,-0.09080659598112106,0.4805760383605957,3.2312209606170654,789.1121215820312
251234,100,0.49,0.027351928874850273,0.48384910821914673,4.474850177764893,1052.0078125
251235,100,0.57,-0.05051066726446152,0.537620484828949,5.288406848907471,1570.9366455078125
251236,100,0.52,-0.18477289378643036,0.576417863368988,1.407181739807129,423.70416259765625
251237,100,0.53,-0.02849551849067211,0.5202077627182007,9.076264381408691,375.0665588378906
251238,100,0.5,0.015067216008901596,0.5551500916481018,7.469072341918945,1201.33544921875
251239,57,0.5087719298245614,-0.032694265246391296,0.5247610807418823,2.508695363998413,1197.6856689453125
251240,100,0.45,0.045813363045454025,0.5465677380561829,6.148509979248047,1583.9654541015625
251241,100,0.51,-0.1814371943473816,0.5619716644287109,1.350556492805481,823.6129150390625
251242,100,0.47,0.0737089067697525,0.5025942921638489,11.085901260375977,993.3165893554688
251243,100,0.54,0.05141299217939377,0.4903842806816101,8.501688003540039,653.3864135742188
251244,100,0.42,0.003019877942278981,0.5362721681594849,11.074615478515625,464.8877868652344
251245,49,0.5306122448979592,0.014021476730704308,0.4809739589691162,3.013218879699707,1423.4595947265625
251246,100,0.61,0.013614117167890072,0.5044780969619751,6.432560920715332,1166.177490234375
251247,100,0.48,0.018524324521422386,0.5646692514419556,8.521081924438477,911.5035400390625
251248,100,0.55,-0.055373139679431915,0.4252259135246277,3.5399341583251953,784.2921752929688
251249,25,0.56,0.07437825202941895,0.6269904375076294,4.295871734619141,1848.78125
251250,100,0.49,0.0019296705722808838,0.48345160484313965,4.53136682510376,425.91949462890625
251251,77,0.5064935064935064,0.015417334623634815,0.47406005859375,4.211407661437988,950.8980712890625
251252,100,0.56,0.01036633551120758,0.5051266551017761,7.750868320465088,372.4008483886719
251253,89,0.6179775280898876,0.072132907807827,0.4705370366573334,9.818183898925781,872.5416870117188
251254,72,0.6388888888888888,0.06716801226139069,0.6546170711517334,7.282182693481445,964.6483154296875
251255,62,0.5161290322580645,-0.01164427399635315,0.605889081954956,4.0527801513671875,1295.605712890625
251256,100,0.5,0.011338946409523487,0.5641721487045288,7.3558349609375,929.8804321289062
251257,100,0.52,-0.1273394525051117,0.5201064944267273,2.1942429542541504,1469.91845703125
251258,100,0.47,-0.04175995662808418,0.617648720741272,3.931555986404419,1084.843505859375
251259,100,0.42,-0.15444429218769073,0.5097475647926331,2.2841646671295166,1419.7872314453125
251260,66,0.48484848484848486,-0.054430197924375534,0.5289579033851624,2.053755760192871,632.5823364257812
251261,100,0.54,-0.05700468644499779,0.4964945316314697,3.2011334896087646,620.5222778320312
251262,100,0.47,0.07278910279273987,0.5337296724319458,12.496377944946289,196.17430114746094
251263,100,0.41,-0.032163508236408234,0.5546456575393677,3.5556116104125977,1447.44873046875
251264,100,0.45,-0.22379843890666962,0.4838635325431824,1.4565614461898804,939.9281005859375
251265,100,0.5,-0.03823160007596016,0.5509010553359985,6.844162464141846,1618.9371337890625
251266,12,0.75,0.3930225968360901,0.8572602272033691,8.034260749816895,1512.2716064453125
251267,100,0.5,-0.06177561357617378,0.5627111196517944,4.274476528167725,984.302001953125
251268,100,0.51,0.02602725848555565,0.5485278367996216,9.563660621643066,434.70819091796875
251269,100,0.48,0.010969840921461582,0.5346819162368774,8.012452125549316,1276.4647216796875
251270,87,0.47126436781609193,0.04236377775669098,0.5263314247131348,3.9616661071777344,1481.854248046875
251271,100,0.46,0.03256886452436447,0.491256445646286,5.050202369689941,1216.1710205078125
251272,93,0.44086021505376344,0.028267627581954002,0.559159517288208,6.30948543548584,379.6518859863281
251273,84,0.47619047619047616,-0.020415369421243668,0.4364987313747406,1.965192198753357,1244.0159912109375
251274,100,0.48,0.05644233897328377,0.5297585129737854,6.201292037963867,1571.6563720703125
251275,100,0.48,-0.10588636249303818,0.5405036807060242,1.3357653617858887,1167.790771484375
251276,100,0.53,0.02331160195171833,0.49356216192245483,5.8571457862854,867.5670776367188
251277,94,0.5212765957446809,0.1140168234705925,0.47094064950942993,17.71555519104004,1717.2364501953125
251278,100,0.45,-0.1453702449798584,0.41271254420280457,2.8906946182250977,1924.2215576171875
251279,84,0.42857142857142855,-0.008332537487149239,0.4822056293487549,8.272563934326172,1588.48828125
251280,100,0.6,-0.1625317931175232,0.5514300465583801,1.9955438375473022,929.6396484375
251281,100,0.48,0.05486553534865379,0.5188032388687134,8.567442893981934,1270.4647216796875
251282,100,0.49,0.1353742629289627,0.5582292079925537,13.880741119384766,1548.4234619140625
251283,100,0.52,-0.06969848275184631,0.4679758548736572,4.464410305023193,495.87652587890625
251284,20,0.45,0.21366259455680847,0.5371367931365967,3.9425253868103027,491.94403076171875
251285,14,0.6428571428571429,0.04277289658784866,0.6131352186203003,2.4552228450775146,1371.315673828125
251286,52,0.4807692307692308,0.06476981192827225,0.4269521236419678,5.2786641120910645,743.701904296875
251287,100,0.45,0.08471012860536575,0.4657268822193146,7.290760517120361,1432.1563720703125
251288,100,0.47,0.03468229994177818,0.46159571409225464,6.67929220199585,973.6215209960938
251289,100,0.54,0.014465942047536373,0.5260970592498779,6.0489115715026855,1588.146728515625
251290,100,0.47,-0.15660002827644348,0.5351150631904602,3.029933214187622,357.69647216796875
251291,100,0.51,0.05849844962358475,0.3708798289299011,6.327833652496338,1486.4725341796875
251292,100,0.53,0.02323918230831623,0.4814246594905853,4.67620325088501,527.8244018554688
251293,100,0.46,-0.09582291543483734,0.5483976006507874,3.671421766281128,571.10595703125
251294,100,0.58,0.05446084216237068,0.5379385352134705,15.22292709350586,1332.4503173828125
251295,100,0.57,-0.11483534425497055,0.4494243860244751,2.302091598510742,1096.0623779296875
251296,100,0.52,-0.10590706765651703,0.5548927783966064,3.161764144897461,1233.12548828125
251297,100,0.46,-0.07462012022733688,0.5011292099952698,2.4902126789093018,1050.3968505859375
251298,50,0.64,-0.03533022850751877,0.5209080576896667,2.740051507949829,1404.276123046875
251299,100,0.5,-0.06431937962770462,0.47438523173332214,2.924766778945923,895.1021118164062
251300,100,0.52,0.03258422762155533,0.5463457703590393,6.129252910614014,1531.7061767578125
251301,100,0.53,0.07641664892435074,0.4988269507884979,12.897982597351074,1076.216064453125
251302,100,0.52,-0.05434025824069977,0.46672144532203674,2.5830583572387695,572.2492065429688
251303,100,0.47,-0.1260698437690735,0.5146723985671997,2.720449209213257,1886.6591796875
251304,100,0.52,-0.0067312028259038925,0.43904808163642883,5.627511978149414,1359.8280029296875
251305,100,0.49,0.11191858351230621,0.5041541457176208,8.9832124710083,1514.852783203125
251306,100,0.42,0.02795017696917057,0.542806088924408,8.576277732849121,776.7947998046875
251307,100,0.43,0.06193942204117775,0.5866066813468933,7.74062967300415,1203.101806640625
251308,100,0.49,0.03304046764969826,0.4791194796562195,9.058438301086426,1005.7838134765625
251309,100,0.5,-0.08338794857263565,0.46440955996513367,3.4222826957702637,440.65765380859375
251310,24,0.4583333333333333,0.15499934554100037,0.6513672471046448,2.861372709274292,832.6461181640625
251311,23,0.4782608695652174,0.15923556685447693,0.4805673062801361,3.885772705078125,901.6840209960938
251312,100,0.48,-0.05818401277065277,0.49955135583877563,4.641693592071533,1348.7391357421875
251313,100,0.53,0.020769353955984116,0.5231547951698303,7.630302906036377,504.20843505859375
251314,100,0.51,0.08888109773397446,0.4948931336402893,15.022405624389648,332.9331359863281
251315,100,0.48,0.0037848949432373047,0.5099756121635437,6.773687362670898,1030.802734375
251316,100,0.48,0.10790595412254333,0.4916301965713501,10.445817947387695,729.1426391601562
251317,100,0.55,-0.03123670071363449,0.4924471974372864,5.626164436340332,938.9541015625
251318,100,0.51,-0.22639603912830353,0.4811513125896454,1.1844977140426636,642.279052734375
251319,100,0.46,-0.10190339386463165,0.5349310040473938,3.3794281482696533,714.2960815429688
251320,85,0.4470588235294118,-0.08641214668750763,0.548360288143158,2.8802058696746826,1617.2724609375
251321,100,0.51,-0.009138318710029125,0.5455947518348694,4.839743137359619,749.20654296875
251322,100,0.56,0.0036144363693892956,0.5284107327461243,2.3893301486968994,1139.1142578125
251323,100,0.48,-0.04152757301926613,0.5373207330703735,3.706880569458008,1232.154541015625
251324,40,0.475,-0.021643491461873055,0.5183398127555847,6.289778232574463,1666.78466796875
251325,100,0.52,0.009173356927931309,0.5513907074928284,4.2062668800354,509.7997131347656
251326,100,0.49,0.1657838225364685,0.42654532194137573,24.538942337036133,750.5509033203125
251327,100,0.56,-0.1480942815542221,0.5023289322853088,3.4277560710906982,796.9909057617188
251328,100,0.38,-0.01370916422456503,0.52341628074646,3.38120174407959,1848.068115234375
251329,47,0.5106382978723404,0.049212727695703506,0.4800669252872467,4.917701721191406,196.24012756347656
251330,100,0.48,0.08608567714691162,0.4918675124645233,14.003898620605469,911.831298828125
251331,40,0.5,0.03252636268734932,0.5010748505592346,7.385423183441162,1884.987060546875
251332,52,0.5384615384615384,-0.07384590804576874,0.5009846091270447,1.985675573348999,304.0556335449219
251333,100,0.53,0.1669662743806839,0.5808847546577454,21.95068359375,1095.818115234375
251334,67,0.582089552238806,0.1137588694691658,0.5048283934593201,15.220046043395996,609.2606811523438
251335,100,0.53,0.06979420781135559,0.5190573334693909,9.519471168518066,789.9844970703125
251336,100,0.55,-0.02047240547835827,0.45831653475761414,4.4218831062316895,2035.022705078125
251337,100,0.54,-0.06429176777601242,0.5247683525085449,7.240823268890381,609.7659912109375
251338,100,0.55,-0.0879533439874649,0.47919756174087524,4.333764553070068,882.6209716796875
251339,70,0.45714285714285713,-0.040656790137290955,0.4831327497959137,4.468414306640625,1887.8011474609375
251340,36,0.3888888888888889,0.16448689997196198,0.5215774178504944,4.487178802490234,1309.40966796875
251341,51,0.5098039215686274,0.2052900642156601,0.5436421036720276,19.446691513061523,1720.18896484375
251342,100,0.54,-0.0037191566079854965,0.5567781925201416,5.5020952224731445,1686.275146484375
251343,100,0.55,0.05031832680106163,0.567470908164978,9.862597465515137,835.6427612304688
251344,70,0.5,-0.009881194680929184,0.5421209931373596,7.153361797332764,1487.33251953125
251345,68,0.5441176470588235,0.018476147204637527,0.6092687249183655,6.992940902709961,574.5136108398438
251346,100,0.61,0.12454663962125778,0.5633693337440491,21.87372398376465,1628.753173828125
251347,69,0.4057971014492754,0.20588107407093048,0.5970582962036133,9.130510330200195,1818.261962890625
251348,100,0.51,0.05552764609456062,0.5179498791694641,14.312468528747559,1348.2415771484375
251349,100,0.5,0.07301690429449081,0.5347236394882202,10.750190734863281,1712.2825927734375
251350,100,0.57,-0.023988263681530952,0.48101288080215454,3.95839786529541,758.4981689453125
251351,100,0.53,-0.02852562442421913,0.5136959552764893,4.572922706604004,1427.260986328125
251352,100,0.55,0.07417863607406616,0.4720263183116913,16.059507369995117,1274.34716796875
251353,100,0.43,-0.05121772363781929,0.5109443664550781,4.352209091186523,1511.656494140625
251354,100,0.53,-0.00011820388317573816,0.5453097820281982,7.065113067626953,1266.047119140625
251355,100,0.58,0.05344492942094803,0.4523957073688507,12.483908653259277,248.71560668945312
251356,100,0.51,-0.0018006410682573915,0.5109080672264099,3.9005179405212402,1503.15625
251357,100,0.49,-0.06961663067340851,0.4798469841480255,6.305362701416016,597.1912841796875
251358,100,0.53,-0.07981733977794647,0.5840988755226135,4.179030418395996,114.0363998413086
251359,22,0.36363636363636365,0.43475186824798584,0.4173625111579895,6.445947647094727,1121.0430908203125
251360,100,0.46,-0.20301268994808197,0.5157087445259094,2.0838208198547363,1072.595703125
251361,100,0.52,0.02124377340078354,0.5445360541343689,6.545934677124023,1508.623779296875
251362,100,0.49,0.11471883952617645,0.536674439907074,13.795157432556152,471.95947265625
251363,100,0.46,-0.06696400791406631,0.45236754417419434,2.6381616592407227,194.11903381347656
251364,100,0.45,0.01660620979964733,0.47941872477531433,7.160150051116943,649.1478271484375
251365,97,0.4845360824742268,-0.05141046643257141,0.5028003454208374,4.4540934562683105,1502.24462890625
251366,100,0.57,0.03907869756221771,0.5397356748580933,10.719130516052246,342.1419677734375
251367,100,0.49,0.014454484917223454,0.47622036933898926,5.688450813293457,628.0118408203125
251368,100,0.48,0.05701996758580208,0.5359939336776733,5.76268196105957,1229.7574462890625
251369,100,0.53,-0.01870347186923027,0.46714988350868225,5.548137187957764,494.639404296875
251370,67,0.47761194029850745,0.22205257415771484,0.5412032604217529,17.911455154418945,1031.6627197265625
251371,100,0.5,-0.09457727521657944,0.5248417258262634,2.8523712158203125,1419.98388671875
251372,29,0.6206896551724138,0.08104917407035828,0.48325803875923157,4.2325310707092285,1191.51025390625
251373,86,0.5232558139534884,0.048072561621665955,0.5749018788337708,8.688237190246582,1933.2896728515625
251374,100,0.47,-0.04434913769364357,0.5627560019493103,4.546316623687744,1263.386474609375
251375,100,0.44,0.09124916046857834,0.5721153616905212,13.452179908752441,977.9503173828125
251376,100,0.54,-0.1209215521812439,0.5600683093070984,3.603083610534668,637.364013671875
251377,100,0.51,0.05080467090010643,0.3880441188812256,11.212503433227539,195.2935791015625
251378,60,0.36666666666666664,0.2836154103279114,0.5278885960578918,10.541325569152832,375.3958435058594
251379,100,0.44,0.003703121328726411,0.5727371573448181,7.900824069976807,1006.3202514648438
251380,100,0.56,-0.04247220978140831,0.5566149353981018,3.752769708633423,664.2391357421875
251381,100,0.4,0.0968116745352745,0.48089006543159485,9.470190048217773,736.6875610351562
251382,100,0.46,-0.08284185826778412,0.5633925795555115,5.547013759613037,576.2212524414062
251383,49,0.3673469387755102,0.21513661742210388,0.536063551902771,5.220653533935547,1884.33154296875
251384,100,0.48,-0.07671717554330826,0.5113676190376282,5.118030548095703,581.918701171875
251385,100,0.51,0.02108602598309517,0.5298029184341431,7.038140773773193,872.8274536132812
251386,100,0.5,0.010625376366078854,0.44715502858161926,6.969534873962402,1573.592529296875
251387,100,0.49,0.06020898371934891,0.5944027900695801,9.472408294677734,1096.7879638671875
251388,30,0.5666666666666667,0.1548095941543579,0.45092472434043884,7.42706823348999,605.3176879882812
251389,100,0.46,0.08510096371173859,0.49613431096076965,14.573336601257324,1669.0062255859375
251390,27,0.5555555555555556,0.3731636703014374,0.5064923763275146,9.601634979248047,1457.96728515625
251391,2,1.0,0.6981261372566223,,3.6695711612701416,603.7289428710938
251392,100,0.49,-0.05611525848507881,0.5078295469284058,3.6178314685821533,668.9921264648438
251393,100,0.39,-0.0051191020756959915,0.48245948553085327,3.664616107940674,984.5885620117188
251394,100,0.57,0.19008566439151764,0.479777991771698,16.18897247314453,1466.8604736328125
251395,100,0.45,0.09148399531841278,0.5616153478622437,11.230069160461426,1056.562744140625
251396,39,0.41025641025641024,0.16230879724025726,0.4952380657196045,7.470895767211914,920.4639892578125
251397,100,0.44,0.01775224693119526,0.5193442106246948,3.600292921066284,196.15293884277344
251398,100,0.49,-0.08734185248613358,0.4963665306568146,2.2901647090911865,1132.8953857421875
251399,100,0.52,-0.05407223477959633,0.5058273673057556,4.793219566345215,416.7767639160156
251400,100,0.47,0.21362125873565674,0.5554049611091614,23.88394546508789,509.3758239746094
251401,100,0.63,0.04984664544463158,0.5152552723884583,11.276074409484863,1175.298095703125
251402,100,0.53,0.0180360060185194,0.4892943799495697,8.092367172241211,1408.232177734375
251403,44,0.38636363636363635,-0.21245107054710388,0.5011405944824219,0.8837757110595703,528.7413330078125
251404,100,0.51,-0.00677413959056139,0.5644165277481079,6.087506294250488,696.186767578125
251405,33,0.48484848484848486,-0.19262106716632843,0.5942810773849487,3.514183282852173,1517.8594970703125
251406,100,0.45,-0.009782973676919937,0.4557324945926666,5.836704254150391,696.82861328125
251407,100,0.52,-0.024329395964741707,0.47234663367271423,5.327834606170654,834.9723510742188
251408,100,0.45,-0.057862091809511185,0.5227965116500854,4.918804168701172,1509.5887451171875
251409,100,0.49,0.026226339861750603,0.501615047454834,8.84704303741455,577.7801513671875
251410,100,0.5,0.03805618733167648,0.5523678660392761,11.172240257263184,660.317138671875
251411,89,0.4943820224719101,0.02538222074508667,0.4667415916919708,10.423124313354492,1132.8663330078125
251412,93,0.45161290322580644,0.0921299010515213,0.5195060968399048,5.955593109130859,1252.677734375
251413,100,0.57,0.014906087890267372,0.5595952272415161,8.728363990783691,1124.74609375
251414,100,0.43,-0.1653093695640564,0.5498223304748535,1.8766546249389648,1348.8697509765625
251415,100,0.44,0.055865731090307236,0.47405675053596497,14.706416130065918,806.5748291015625
251416,100,0.55,-0.025424346327781677,0.47344860434532166,4.161236763000488,1044.578125
251417,100,0.45,0.010212458670139313,0.5070719122886658,4.113449573516846,763.8515014648438
251418,100,0.51,-0.01704501546919346,0.5164111852645874,5.0403032302856445,600.9851684570312
251419,100,0.51,0.03087744489312172,0.5304984450340271,5.360249042510986,250.2484893798828
251420,100,0.53,-0.10887320339679718,0.44882258772850037,2.4275736808776855,1847.1805419921875
251421,100,0.52,-0.06785859167575836,0.5694526433944702,2.4620964527130127,907.8145751953125
251422,100,0.48,-0.00790067482739687,0.4801960289478302,7.456745624542236,514.8080444335938
251423,100,0.46,-0.10218704491853714,0.5668404698371887,2.1850054264068604,1031.0557861328125
251424,100,0.4,0.028984427452087402,0.4379805326461792,11.017333984375,925.089111328125
251425,87,0.5287356321839081,0.05953588709235191,0.5428373217582703,8.689571380615234,660.3098754882812
251426,100,0.49,0.027321849018335342,0.5249375104904175,6.1786208152771,1435.0655517578125
251427,100,0.52,-0.037370406091213226,0.5262102484703064,4.949258327484131,1430.2930908203125
251428,100,0.52,-0.042468681931495667,0.4525426924228668,4.158126354217529,311.60577392578125
251429,38,0.42105263157894735,0.1821245402097702,0.5799372792243958,8.614751815795898,1544.3125
251430,100,0.59,0.010049109347164631,0.4696836769580841,4.49919319152832,1018.4466552734375
251431,100,0.5,0.014394906349480152,0.522648274898529,3.8050034046173096,372.388427734375
251432,26,0.6153846153846154,0.10069309920072556,0.47703856229782104,3.4744768142700195,1709.0025634765625
251433,100,0.46,-0.16016991436481476,0.5409141778945923,1.7108657360076904,273.39019775390625
251434,100,0.55,-0.07792992889881134,0.48199114203453064,5.03798770904541,346.8714294433594
251435,24,0.5833333333333334,-0.054488588124513626,0.6544949412345886,1.0847350358963013,1690.2529296875
251436,100,0.5,-0.06624163687229156,0.51170414686203,2.92008113861084,765.532470703125
251437,100,0.45,0.00523707689717412,0.4478537440299988,3.2521657943725586,1070.9029541015625
251438,100,0.51,0.09419538825750351,0.5358198285102844,17.549657821655273,1492.5399169921875
251439,100,0.43,-0.1564200073480606,0.5761643052101135,2.733504056930542,1147.426513671875
251440,100,0.57,0.03275098651647568,0.5170230269432068,9.756471633911133,914.5818481445312
251441,100,0.58,-0.044726140797138214,0.5165800452232361,4.249112129211426,1222.000732421875
251442,100,0.37,-0.03809930756688118,0.536715030670166,3.962183952331543,638.6871948242188
251443,100,0.49,-0.010867461562156677,0.48332226276397705,4.664906978607178,966.15087890625
251444,100,0.5,0.018818268552422523,0.4880657196044922,5.715396881103516,500.240966796875
251445,100,0.48,-0.01067475974559784,0.5137889385223389,5.564757823944092,796.1480102539062
251446,100,0.57,0.07742894440889359,0.5725620985031128,16.6970157623291,1482.3907470703125
251447,100,0.48,0.05815759301185608,0.49619612097740173,5.760450839996338,651.3688354492188
251448,53,0.5471698113207547,-0.07715710252523422,0.4774762690067291,2.7487525939941406,1034.75927734375
251449,100,0.6,-0.07057582587003708,0.5590901374816895,3.9293406009674072,970.0128173828125
251450,100,0.48,-0.020504847168922424,0.5359961986541748,5.786202430725098,1217.4461669921875
251451,100,0.44,-0.1164853572845459,0.46079713106155396,2.8426685333251953,1689.5252685546875
251452,100,0.54,0.009122489020228386,0.5470524430274963,7.553452968597412,725.9071044921875
251453,100,0.48,-0.052993807941675186,0.5247790217399597,3.4742932319641113,1728.246826171875
251454,100,0.43,0.003926526755094528,0.5451485514640808,5.937559127807617,619.405517578125
251455,21,0.38095238095238093,-0.13556775450706482,0.5300314426422119,0.5540459752082825,891.4065551757812
251456,100,0.52,0.021373290568590164,0.4679085314273834,10.858508110046387,581.375
251457,100,0.49,-0.028012586757540703,0.5275626182556152,7.428343296051025,1153.4827880859375
251458,97,0.5567010309278351,0.18629063665866852,0.5105695724487305,16.408409118652344,430.4918518066406
251459,100,0.51,-0.0033031702041625977,0.5986325144767761,7.029275894165039,1687.0172119140625
251460,100,0.48,-0.19678469002246857,0.524955153465271,1.1243276596069336,200.7443389892578
251461,100,0.49,-0.04383813589811325,0.5126209855079651,2.7623980045318604,781.7682495117188
251462,30,0.5333333333333333,-0.0006051100790500641,0.6109338998794556,4.488125801086426,1711.3890380859375
251463,100,0.42,-0.11064548790454865,0.5860618352890015,2.7526907920837402,2110.3857421875
251464,100,0.41,-0.02452481910586357,0.4805785119533539,2.5267205238342285,890.6533203125
251465,100,0.55,0.014404132962226868,0.5185447335243225,8.172199249267578,1550.5391845703125
251466,100,0.56,-0.011680202558636665,0.531627893447876,5.338988780975342,1312.9171142578125
251467,100,0.52,-0.20313794910907745,0.556692898273468,3.691601276397705,698.2493286132812
251468,100,0.6,-0.1596158891916275,0.5147562026977539,2.9157700538635254,568.7366943359375
251469,100,0.61,0.026916300877928734,0.4803444445133209,10.645699501037598,966.5460815429688
251470,65,0.4307692307692308,0.0026125397998839617,0.507614016532898,3.210076093673706,2047.8778076171875
251471,100,0.46,-0.0717492550611496,0.48896580934524536,2.553027629852295,644.07666015625
251472,100,0.51,-0.04024907574057579,0.564493715763092,4.732513904571533,1554.9676513671875
251473,100,0.54,0.03315127268433571,0.5375945568084717,10.151039123535156,1058.8123779296875
251474,100,0.48,0.05910245701670647,0.5040571093559265,8.850469589233398,1467.5557861328125
251475,100,0.48,-0.15362317860126495,0.42179837822914124,3.122694969177246,764.1082763671875
251476,38,0.5263157894736842,-0.04838556796312332,0.41636037826538086,3.1713638305664062,1127.832763671875
251477,100,0.48,-0.062438398599624634,0.5563218593597412,2.6470160484313965,1311.74169921875
251478,100,0.49,-0.1391419768333435,0.5713666081428528,2.2127654552459717,267.0784912109375
251479,14,0.7142857142857143,0.24832776188850403,0.6763280034065247,6.329743385314941,911.9420776367188
251480,100,0.48,-0.19353240728378296,0.5718556046485901,1.68778657913208,418.8263854980469
251481,100,0.46,0.019493693485856056,0.49842914938926697,9.189980506896973,888.0791625976562
251482,100,0.54,0.0176427960395813,0.5277072787284851,5.6787109375,917.1502685546875
251483,100,0.48,-0.11084102839231491,0.5364893078804016,3.9368765354156494,624.3087158203125
251484,100,0.45,0.021859945729374886,0.4456571638584137,9.180948257446289,1304.0615234375
251485,100,0.5,0.03924901410937309,0.5061612725257874,5.997321605682373,958.5133056640625
251486,63,0.5079365079365079,0.036506537348032,0.47908642888069153,5.718527317047119,1880.40576171875
251487,100,0.57,-0.1311064213514328,0.5588110685348511,2.902970790863037,789.4248657226562
251488,100,0.53,0.050804611295461655,0.5165165066719055,11.554110527038574,1798.53564453125
251489,100,0.5,-0.03500867262482643,0.4812285602092743,3.806703567504883,1384.01513671875
251490,100,0.48,0.019137710332870483,0.5574623942375183,8.798301696777344,984.8279418945312
251491,100,0.54,-0.10050614923238754,0.4858926832675934,2.464970350265503,1471.5531005859375
251492,100,0.58,-0.006690866779536009,0.4939710199832916,6.701501846313477,1551.5126953125
251493,100,0.49,0.007188963238149881,0.48727017641067505,5.090411186218262,931.2578735351562
251494,100,0.47,-0.06456781923770905,0.5012726187705994,2.2681052684783936,795.1072998046875
251495,100,0.5,0.011026815511286259,0.4725838601589203,4.963787078857422,468.70880126953125
251496,40,0.45,0.21224448084831238,0.4323752224445343,8.85478401184082,1841.00439453125
251497,100,0.57,-0.1375999003648758,0.4586133658885956,3.338998317718506,854.1100463867188
251498,48,0.5416666666666666,0.2062803953886032,0.4898024797439575,8.49714469909668,631.1851806640625
251499,100,0.51,0.028701510280370712,0.542631208896637,8.97346305847168,1494.8968505859375
251500,100,0.54,-0.034447554498910904,0.4242517948150635,7.841726303100586,728.46044921875
251501,100,0.59,-0.0992736741900444,0.5126757621765137,1.8798184394836426,1691.4603271484375
251502,100,0.43,-0.023827284574508667,0.5199069976806641,2.461414098739624,993.1048583984375
251503,100,0.5,0.07482049614191055,0.5226361751556396,12.909035682678223,389.62689208984375
251504,35,0.45714285714285713,0.09159869700670242,0.6097319722175598,5.345317363739014,1680.235107421875
251505,100,0.49,0.009565403684973717,0.47894150018692017,11.592350006103516,783.0599975585938
251506,47,0.425531914893617,0.27705293893814087,0.5069831609725952,8.352334022521973,1423.9111328125
251507,100,0.57,-0.11293211579322815,0.49812954664230347,3.942072868347168,650.4104614257812
251508,100,0.47,0.07640784233808517,0.4934312403202057,11.55411148071289,1404.701416015625
251509,100,0.54,-0.13154731690883636,0.48903754353523254,1.8269380331039429,1162.9873046875
251510,98,0.46938775510204084,0.05985332652926445,0.5346083641052246,8.011800765991211,1039.0623779296875
251511,32,0.5,0.14228025078773499,0.420235812664032,7.259462356567383,816.0263671875
251512,100,0.44,0.0211632177233696,0.5788103938102722,10.473732948303223,1367.7127685546875
251513,54,0.46296296296296297,0.055223818868398666,0.5145465135574341,7.511382579803467,1050.9698486328125
251514,4,0.5,0.16358116269111633,0.490922212600708,1.9297033548355103,323.80499267578125
251515,100,0.52,0.08514800667762756,0.5025304555892944,9.624665260314941,999.6919555664062
251516,90,0.5111111111111111,-0.00752147426828742,0.4560393989086151,5.03461217880249,1094.3372802734375
251517,100,0.48,0.010460431687533855,0.5495390295982361,8.311056137084961,735.291015625
251518,100,0.48,-0.07115122675895691,0.4449552893638611,4.706045627593994,672.1997680664062
251519,100,0.46,0.09315260499715805,0.5502284169197083,9.783748626708984,383.3917236328125
251520,100,0.51,-0.15988245606422424,0.5930532813072205,1.9886260032653809,962.2713623046875
251521,8,0.5,0.1314234733581543,0.3417590260505676,2.0629196166992188,1833.9876708984375
251522,100,0.5,0.04982471838593483,0.5690066814422607,13.498861312866211,1012.1580200195312
251523,100,0.45,0.03370351344347,0.5758384466171265,9.773625373840332,352.3731384277344
251524,100,0.55,-0.05744089558720589,0.469455748796463,2.6300878524780273,720.3751831054688
251525,100,0.44,-0.03293927013874054,0.532854437828064,2.56925106048584,529.2623291015625
251526,41,0.5853658536585366,0.1944059133529663,0.5607503056526184,6.578636169433594,907.525390625
251527,53,0.49056603773584906,0.04168321192264557,0.5270126461982727,10.038435935974121,543.4163818359375
251528,100,0.41,-0.1631239801645279,0.4779876470565796,1.5233705043792725,820.9140014648438
251529,82,0.5365853658536586,0.15762187540531158,0.4795057475566864,16.628454208374023,1919.029052734375
251530,100,0.53,0.07404537498950958,0.4534546136856079,12.125223159790039,1371.3336181640625
251531,100,0.48,-0.17969167232513428,0.4750480353832245,3.734917640686035,855.4456787109375
251532,100,0.46,-0.14414291083812714,0.5728908181190491,5.950716018676758,1621.126220703125
251533,100,0.54,-0.0797303318977356,0.47707441449165344,3.658707857131958,866.0419311523438
251534,100,0.52,0.026122935116291046,0.4847518503665924,12.554387092590332,695.2059326171875
251535,81,0.5061728395061729,0.11705604195594788,0.5553239583969116,15.280535697937012,1357.805908203125
251536,100,0.61,-0.1273474246263504,0.4944397509098053,4.214710235595703,690.1519165039062
251537,71,0.5774647887323944,0.07046997547149658,0.5231834650039673,13.787949562072754,446.95684814453125
251538,100,0.43,-0.0309344120323658,0.5561914443969727,5.005840301513672,506.1535949707031
251539,100,0.52,-0.002099379664286971,0.4404030740261078,10.254045486450195,967.6572875976562
251540,43,0.4186046511627907,0.12910103797912598,0.42549189925193787,7.274181365966797,1735.6171875
251541,100,0.58,0.08705705404281616,0.4920671582221985,13.440569877624512,1883.2041015625
251542,86,0.46511627906976744,0.12911295890808105,0.5054365396499634,13.803656578063965,909.5471801757812
251543,47,0.5106382978723404,0.09876582771539688,0.527019202709198,7.659719944000244,946.0236206054688
251544,100,0.44,0.08984101563692093,0.5308030843734741,11.495737075805664,899.0724487304688
251545,100,0.43,-0.033517494797706604,0.46149832010269165,4.9448933601379395,204.44541931152344
251546,100,0.42,-0.0887640118598938,0.4728436768054962,2.0216126441955566,1344.4246826171875
251547,100,0.51,0.018093427643179893,0.46471431851387024,5.959926128387451,251.55514526367188
251548,100,0.53,0.06396625936031342,0.44357535243034363,9.878765106201172,708.4011840820312
251549,100,0.45,-0.011673256754875183,0.4883427619934082,4.258849620819092,507.2055969238281
251550,100,0.47,0.09253837913274765,0.5187029242515564,8.742693901062012,691.8162231445312
251551,100,0.5,-0.022610867395997047,0.46026840806007385,3.507293462753296,593.0501708984375
