phase,env_steps,model_updates,ac_updates,elapsed_seconds,scene,success,pickup,timeout,oob,length,return_
prefill,100,0,0,0.9,250000,False,False,True,False,100,-1.3223818269350471
prefill,200,0,0,1.0,250001,False,False,True,False,100,-1.368535746512731
prefill,300,0,0,1.0,250002,False,False,True,False,100,-1.4904921352155056
prefill,400,0,0,1.0,250003,False,False,True,False,100,-1.3299339761661386
prefill,447,0,0,1.0,250004,False,False,False,True,47,-1.0192066226570602
prefill,547,0,0,1.0,250005,False,False,True,False,100,-1.4341195075107982
prefill,634,0,0,1.0,250006,False,False,False,True,87,-1.3149747365225353
prefill,700,0,0,1.0,250007,False,False,False,True,66,-1.1528117191358294
prefill,730,0,0,1.0,250008,False,False,False,True,30,-0.8601759190055405
prefill,830,0,0,1.1,250009,False,False,True,False,100,-1.3735628921569283
prefill,930,0,0,1.1,250010,False,False,True,False,100,-1.4084738776262942
prefill,1030,0,0,1.1,250011,False,False,True,False,100,-1.7784313976084947
policy,1130,69,19,39.5,250012,False,False,True,False,100,-1.1565358183176992
policy,1230,89,39,46.0,250013,False,False,True,False,100,-1.4440449256319732
policy,1330,109,59,53.2,250014,False,False,True,False,100,-1.1040554289562685
policy,1430,129,79,60.6,250015,False,False,True,False,100,-1.1763369305039089
policy,1530,149,99,68.3,250016,False,False,True,False,100,-1.5307717538794092
policy,1630,169,119,76.0,250017,False,False,True,False,100,-1.3851682971467394
policy,1730,189,139,83.4,250018,False,False,True,False,100,-1.7014925180842524
policy,1830,209,159,90.2,250019,False,False,True,False,100,-1.4711558776016447
policy,1844,212,162,91.2,250020,False,False,False,True,14,-0.6411500994431223
policy,1931,230,180,97.8,250021,False,False,False,True,87,-1.381248178461365
policy,2031,250,200,104.5,250022,False,False,True,False,100,-1.1215483823763615
policy,2131,270,220,111.2,250023,False,False,True,False,100,-1.2308520579312578
policy,2231,290,240,118.0,250024,False,False,True,False,100,-1.6008662115441745
policy,2331,310,260,125.0,250025,False,False,True,False,100,-1.1491307707320906
policy,2431,330,280,131.8,250026,False,False,True,False,100,-1.2134725674418703
policy,2519,347,297,137.8,250027,False,False,False,True,88,-1.359100746338819
policy,2619,367,317,145.5,250028,False,False,True,False,100,-1.4645210530043629
policy,2719,387,337,153.0,250029,False,False,True,False,100,-1.0786696919418273
policy,2819,407,357,160.5,250030,False,False,True,False,100,-1.500153194276349
policy,2919,427,377,167.6,250031,False,False,True,False,100,-1.7587458808621408
policy,2934,430,380,168.7,250032,False,False,False,True,15,-0.6757057154740673
policy,3034,450,400,175.7,250033,False,False,True,False,100,-1.7050328543572046
policy,3134,470,420,184.0,250034,False,False,True,False,100,-1.5183745168276617
policy,3234,490,440,191.4,250035,False,False,True,False,100,-1.5184615507576729
policy,3334,510,460,198.9,250036,False,False,True,False,100,-1.6215664844346713
policy,3434,530,480,206.4,250037,False,False,True,False,100,-1.1839720826729851
policy,3534,550,500,213.8,250038,False,False,True,False,100,-1.1505399249463064
policy,3634,570,520,220.9,250039,False,False,True,False,100,-1.3969634629204302
policy,3641,572,522,221.6,250040,False,False,False,True,7,-0.7435627660578197
policy,3741,592,542,229.9,250041,False,False,True,False,100,-1.1796527686548468
policy,3841,612,562,237.9,250042,False,False,True,False,100,-1.6997303755304385
policy,3941,632,582,245.2,250043,False,False,True,False,100,-1.332288871889514
policy,4041,652,602,252.6,250044,False,False,True,False,100,-1.4807873412398738
policy,4048,653,603,252.9,250045,False,False,False,True,7,-0.7931755118995105
policy,4148,673,623,259.0,250046,False,False,True,False,100,-1.6659185329894552
policy,4248,693,643,265.8,250047,False,False,True,False,100,-1.2637868006288073
policy,4348,713,663,271.5,250048,False,False,True,False,100,-1.1880295088792234
policy,4448,733,683,274.9,250049,False,False,True,False,100,-1.204563548423173
policy,4548,753,703,278.2,250050,False,False,True,False,100,-1.6044733535796158
policy,4648,773,723,281.5,250051,False,False,True,False,100,-1.487512907179293
policy,4748,793,743,284.7,250052,False,False,True,False,100,-1.3195762210947102
policy,4796,803,753,286.4,250053,False,False,False,True,48,-1.1017036140953351
policy,4896,823,773,289.7,250054,False,False,True,False,100,-1.3559065397344832
policy,4913,826,776,290.2,250055,False,False,False,True,17,-0.8238561707082068
policy,5013,846,796,293.6,250056,False,False,True,False,100,-1.3468174425128598
policy,5113,866,816,296.9,250057,False,False,True,False,100,-1.218682350472609
policy,5138,871,821,297.8,250058,False,False,False,True,25,-0.8329594128911901
policy,5172,878,828,299.0,250059,False,False,False,True,34,-0.7766393826961395
policy,5202,884,834,300.2,250060,False,False,False,True,30,-0.9425340286315788
policy,5302,904,854,304.2,250061,False,False,True,False,100,-1.5741865420308367
policy,5311,906,856,304.6,250062,False,False,False,True,9,-0.602408773571872
policy,5358,915,865,306.1,250063,False,False,False,True,47,-0.826585557643955
policy,5458,935,885,309.3,250064,False,False,True,False,100,-1.502930906482662
policy,5558,955,905,312.1,250065,False,False,True,False,100,-1.5192022840613977
policy,5658,975,925,315.4,250066,False,True,True,False,100,-1.552923277081085
policy,5758,995,945,317.5,250067,False,False,True,False,100,-1.34290080927695
policy,5858,1015,965,319.8,250068,False,False,True,False,100,-1.6029946980388359
policy,5958,1035,985,322.1,250069,False,False,True,False,100,-1.2820590862591978
policy,6058,1055,1005,324.9,250070,False,False,True,False,100,-1.2623418899184553
policy,6158,1075,1025,327.2,250071,False,False,True,False,100,-1.1392532490178602
policy,6258,1095,1045,329.8,250072,False,False,True,False,100,-1.7819781434662718
policy,6358,1115,1065,332.7,250073,False,False,True,False,100,-1.761606181632111
policy,6458,1135,1085,335.3,250074,False,False,True,False,100,-1.486735020558696
policy,6558,1155,1105,337.6,250075,False,False,True,False,100,-1.3993030354253597
policy,6658,1175,1125,339.9,250076,False,False,True,False,100,-1.6076484258960528
policy,6741,1192,1142,341.9,250077,False,False,False,True,83,-1.2111995794153807
policy,6841,1212,1162,344.1,250078,False,False,True,False,100,-1.2513013224534106
policy,6941,1232,1182,346.4,250079,False,False,True,False,100,-1.3391844068303886
policy,7041,1252,1202,349.3,250080,False,False,True,False,100,-1.3013405317144953
policy,7141,1272,1222,351.7,250081,False,False,True,False,100,-1.2357813195226073
policy,7241,1292,1242,354.2,250082,False,False,True,False,100,-1.4341175488759412
policy,7341,1312,1262,356.6,250083,False,False,True,False,100,-1.0617191592099933
policy,7441,1332,1282,359.2,250084,False,False,True,False,100,-1.2703340375741545
policy,7541,1352,1302,362.1,250085,False,False,True,False,100,-1.7104868520079952
policy,7641,1372,1322,364.7,250086,False,False,True,False,100,-1.7696592509456375
policy,7741,1392,1342,367.0,250087,False,False,True,False,100,-1.3489744722290067
policy,7807,1405,1355,368.6,250088,False,False,False,True,66,-1.1047039729754613
policy,7907,1425,1375,371.4,250089,False,False,True,False,100,-1.4812366714757592
policy,8007,1445,1395,374.3,250090,False,False,True,False,100,-1.1059820955433202
policy,8080,1459,1409,376.0,250091,False,False,False,True,73,-0.9479132566152129
policy,8180,1479,1429,378.7,250092,False,False,True,False,100,-1.223158652856289
policy,8280,1499,1449,381.2,250093,False,False,True,False,100,-1.4827944930133312
policy,8346,1513,1463,382.7,250094,False,False,False,True,66,-1.1536864083143992
policy,8446,1533,1483,385.0,250095,False,False,True,False,100,-1.4139285001024282
policy,8546,1553,1503,387.5,250096,False,False,True,False,100,-1.3293195277141177
policy,8646,1573,1523,390.0,250097,False,False,True,False,100,-1.4658434036733579
policy,8746,1593,1543,392.4,250098,False,False,True,False,100,-1.6518592026113867
policy,8846,1613,1563,394.8,250099,False,False,True,False,100,-1.2888776174917091
policy,8946,1633,1583,397.0,250100,False,False,True,False,100,-1.6953721510562234
policy,8992,1642,1592,398.0,250101,False,False,False,True,46,-0.9572919173179328
policy,9092,1662,1612,400.3,250102,False,False,True,False,100,-1.4291769000558046
policy,9192,1682,1632,402.5,250103,False,False,True,False,100,-1.575224777058123
policy,9292,1702,1652,404.8,250104,False,False,True,False,100,-1.4689340401668565
policy,9392,1722,1672,407.1,250105,False,False,True,False,100,-1.1068520964817918
policy,9492,1742,1692,409.5,250106,False,False,True,False,100,-1.6209304148516677
policy,9523,1748,1698,410.3,250107,False,False,False,True,31,-0.7333279301937121
policy,9623,1768,1718,412.7,250108,False,False,True,False,100,-1.3928154069364491
policy,9704,1784,1734,414.6,250109,False,False,False,True,81,-1.4964635248866154
policy,9804,1804,1754,417.1,250110,False,False,True,False,100,-1.2529109682414439
policy,9904,1824,1774,419.6,250111,False,False,True,False,100,-1.5078259972974175
policy,9982,1840,1790,421.9,250112,False,False,False,True,78,-1.0108107032546814
policy,10082,1860,1810,424.4,250113,False,False,True,False,100,-1.130234313068269
policy,10182,1880,1830,426.9,250114,False,False,True,False,100,-1.59570829098603
policy,10282,1900,1850,429.3,250115,False,False,True,False,100,-1.4931706347384608
policy,10322,1908,1858,430.2,250116,False,False,False,True,40,-0.835096184186361
policy,10422,1928,1878,432.6,250117,False,False,True,False,100,-1.1090898015778998
policy,10522,1948,1898,435.1,250118,False,False,True,False,100,-1.3197015849467357
policy,10622,1968,1918,437.7,250119,False,False,True,False,100,-1.1761505779367338
policy,10722,1988,1938,440.2,250120,False,False,True,False,100,-1.1043491597709483
policy,10822,2008,1958,443.1,250121,False,False,True,False,100,-1.2360070257823472
policy,10922,2028,1978,445.7,250122,False,False,True,False,100,-1.5819341097848059
policy,11022,2048,1998,448.2,250123,False,False,True,False,100,-1.1190673154157014
policy,11122,2068,2018,450.7,250124,False,False,True,False,100,-1.4878982047399925
policy,11222,2088,2038,453.0,250125,False,False,True,False,100,-1.2302000086100358
policy,11322,2108,2058,455.4,250126,False,False,True,False,100,-1.2414497654636785
policy,11420,2127,2077,457.6,250127,False,False,False,True,98,-1.196127930894034
policy,11520,2147,2097,459.9,250128,False,False,True,False,100,-1.126802042366884
policy,11620,2167,2117,462.2,250129,False,False,True,False,100,-1.3508118923450865
policy,11720,2187,2137,464.6,250130,False,False,True,False,100,-1.3421588141302996
policy,11820,2207,2157,467.0,250131,False,False,True,False,100,-1.2086274353299342
policy,11920,2227,2177,469.5,250132,False,False,True,False,100,-1.3929363511553
policy,12020,2247,2197,472.1,250133,False,False,True,False,100,-1.4096980489312736
policy,12120,2267,2217,474.7,250134,False,False,True,False,100,-1.2215703102568987
policy,12220,2287,2237,477.2,250135,False,False,True,False,100,-1.3928017080912627
policy,12320,2307,2257,479.6,250136,False,False,True,False,100,-1.1779585288954135
policy,12420,2327,2277,482.0,250137,False,False,True,False,100,-1.3929371064807734
policy,12520,2347,2297,484.4,250138,False,False,True,False,100,-1.6672507429729406
policy,12620,2367,2317,486.7,250139,False,False,True,False,100,-1.516980418681562
policy,12720,2387,2337,489.0,250140,False,False,True,False,100,-1.6307283148976093
policy,12779,2399,2349,490.3,250141,False,False,False,True,59,-1.144506665921975
policy,12849,2413,2363,491.9,250142,False,False,False,True,70,-1.4175738173413792
policy,12949,2433,2383,494.2,250143,False,False,True,False,100,-1.5165491271889429
policy,13049,2453,2403,496.6,250144,False,True,True,False,100,-1.4777973625473868
policy,13149,2473,2423,498.9,250145,False,False,True,False,100,-1.355844329313694
policy,13249,2493,2443,501.2,250146,False,False,True,False,100,-1.5288474720622
policy,13349,2513,2463,503.5,250147,False,False,True,False,100,-1.4270429443433144
policy,13449,2533,2483,505.9,250148,False,False,True,False,100,-1.4309072743787201
policy,13549,2553,2503,508.3,250149,False,False,True,False,100,-1.5326919717423853
policy,13649,2573,2523,510.5,250150,False,False,True,False,100,-1.5133603136781657
policy,13710,2585,2535,511.8,250151,False,False,False,True,61,-1.1679435815432408
policy,13722,2588,2538,512.2,250152,False,False,False,True,12,-0.7330374639377015
policy,13822,2608,2558,514.4,250153,False,False,True,False,100,-1.1696385899450572
policy,13922,2628,2578,516.6,250154,False,False,True,False,100,-1.379898014978644
policy,14022,2648,2598,518.8,250155,False,False,True,False,100,-1.4315825506730562
policy,14122,2668,2618,521.7,250156,False,False,True,False,100,-1.2649836817886848
policy,14222,2688,2638,524.0,250157,False,False,True,False,100,-1.3302530917107322
policy,14322,2708,2658,526.2,250158,False,False,True,False,100,-1.2023618203624857
policy,14422,2728,2678,528.6,250159,False,False,True,False,100,-1.4289244562669534
policy,14522,2748,2698,531.1,250160,False,False,True,False,100,-1.5021720410517407
policy,14590,2761,2711,532.9,250161,False,False,False,True,68,-1.3455880903141082
policy,14690,2781,2731,535.3,250162,False,False,True,False,100,-1.4883175294408237
policy,14790,2801,2751,537.7,250163,False,False,True,False,100,-1.4369444181992177
policy,14886,2821,2771,540.1,250164,False,False,False,True,96,-1.5531992622550628
policy,14986,2841,2791,542.6,250165,False,False,True,False,100,-1.4359449877821004
policy,15086,2861,2811,544.8,250166,False,False,True,False,100,-1.4646008047142232
policy,15136,2871,2821,545.9,250167,False,False,False,True,50,-0.9990759269245304
policy,15160,2875,2825,546.4,250168,False,False,False,True,24,-0.8053908894838808
policy,15260,2895,2845,548.6,250169,False,False,True,False,100,-1.3386728714606146
policy,15360,2915,2865,550.8,250170,False,False,True,False,100,-1.523996416571483
policy,15460,2935,2885,553.0,250171,False,False,False,True,100,-1.5032202347117238
policy,15560,2955,2905,555.3,250172,False,False,True,False,100,-1.5243497794178595
policy,15571,2958,2908,555.6,250173,False,False,False,True,11,-0.7271453057051094
policy,15671,2978,2928,557.8,250174,False,False,True,False,100,-1.2801538351804553
policy,15771,2998,2948,560.0,250175,False,False,True,False,100,-1.6915753687566581
policy,15871,3018,2968,562.3,250176,False,False,True,False,100,-1.6880138787848766
policy,15971,3038,2988,564.8,250177,False,False,True,False,100,-1.5010424200580708
policy,16071,3058,3008,567.2,250178,False,False,True,False,100,-1.620263731686085
policy,16161,3076,3026,569.2,250179,False,False,False,True,90,-1.544463926432059
policy,16261,3096,3046,571.5,250180,False,False,True,False,100,-1.3253533823296784
policy,16303,3104,3054,572.5,250181,False,False,False,True,42,-0.7820905414635532
policy,16399,3123,3073,574.7,250182,False,False,False,True,96,-1.4057656234161058
policy,16499,3143,3093,577.0,250183,False,False,True,False,100,-1.4371864025024572
policy,16599,3163,3113,579.3,250184,False,False,True,False,100,-1.514477788880698
policy,16699,3183,3133,581.6,250185,False,False,True,False,100,-1.1071203513405472
policy,16799,3203,3153,583.9,250186,False,False,True,False,100,-1.4981921925602262
policy,16899,3223,3173,586.2,250187,False,False,True,False,100,-1.3964539964551554
policy,16999,3243,3193,588.6,250188,False,False,True,False,100,-1.1343537378955812
policy,17024,3248,3198,589.2,250189,False,False,False,True,25,-0.8879851000932957
policy,17066,3257,3207,590.2,250190,False,False,False,True,42,-0.7693292689853479
policy,17166,3277,3227,592.5,250191,False,False,True,False,100,-1.4007974867148199
policy,17252,3294,3244,594.3,250192,False,False,False,True,86,-1.11776712915188
policy,17352,3314,3264,596.6,250193,False,False,True,False,100,-1.3631989932753288
policy,17452,3334,3284,598.9,250194,False,False,True,False,100,-1.5462780522465425
policy,17552,3354,3304,601.5,250195,False,False,True,False,100,-1.500092896634646
policy,17652,3374,3324,604.0,250196,False,False,True,False,100,-1.3061701063119693
policy,17688,3381,3331,604.8,250197,False,False,False,True,36,-0.734354161433683
policy,17788,3401,3351,607.6,250198,False,False,True,False,100,-1.0888470672412005
policy,17888,3421,3371,610.0,250199,False,False,True,False,100,-1.6204015460273617
policy,17988,3441,3391,612.3,250200,False,False,True,False,100,-1.1242129424462015
policy,18088,3461,3411,614.6,250201,False,False,True,False,100,-1.4026096545702162
policy,18188,3481,3431,616.9,250202,False,False,True,False,100,-1.5940719470509006
policy,18274,3498,3448,618.8,250203,False,False,False,True,86,-1.3596541161932696
policy,18374,3518,3468,621.0,250204,False,False,True,False,100,-1.3562551344977727
policy,18474,3538,3488,623.2,250205,False,False,True,False,100,-1.4167860401391814
policy,18574,3558,3508,625.5,250206,False,False,True,False,100,-1.3257407302367756
policy,18674,3578,3528,627.7,250207,False,False,True,False,100,-1.2713835316498598
policy,18774,3598,3548,629.9,250208,False,False,True,False,100,-1.4056053298846958
policy,18874,3618,3568,632.1,250209,False,False,True,False,100,-1.5455980116994246
policy,18974,3638,3588,634.5,250210,False,False,True,False,100,-1.4105595266575568
policy,19074,3658,3608,636.8,250211,False,False,True,False,100,-1.3273125546163227
policy,19174,3678,3628,639.0,250212,False,False,True,False,100,-1.3828472081321097
policy,19274,3698,3648,641.2,250213,False,False,True,False,100,-1.469653302126127
policy,19374,3718,3668,643.4,250214,False,False,True,False,100,-1.6062597860433188
policy,19474,3738,3688,645.8,250215,False,False,True,False,100,-1.5616183705787807
policy,19521,3748,3698,646.9,250216,False,False,False,True,47,-1.0051136549938355
policy,19621,3768,3718,649.2,250217,False,False,True,False,100,-1.701383354293939
policy,19721,3788,3738,651.5,250218,False,False,True,False,100,-1.1508671915430453
policy,19821,3808,3758,653.6,250219,False,False,True,False,100,-1.3766982294765748
policy,19921,3828,3778,655.8,250220,False,False,True,False,100,-1.6792539488547338
policy,20021,3848,3798,658.0,250221,False,False,True,False,100,-1.3117030606414444
policy,20045,3852,3802,658.5,250222,False,False,False,True,24,-0.7544790042204772
policy,20145,3872,3822,660.8,250223,False,False,True,False,100,-1.3681269308756936
policy,20245,3892,3842,663.1,250224,False,False,True,False,100,-1.3617924650862576
policy,20335,3910,3860,665.3,250225,False,False,False,True,90,-1.3878173049634648
policy,20435,3930,3880,667.6,250226,False,False,True,False,100,-1.5293276960864013
policy,20535,3950,3900,670.0,250227,False,False,True,False,100,-1.4153442627266999
policy,20635,3970,3920,672.3,250228,False,False,True,False,100,-1.5640992837877379
policy,20735,3990,3940,674.6,250229,False,False,True,False,100,-1.2595622853793367
policy,20835,4010,3960,676.9,250230,False,False,True,False,100,-1.2937008197554285
policy,20935,4030,3980,679.1,250231,False,False,True,False,100,-1.215432424328205
policy,21035,4050,4000,681.4,250232,False,False,True,False,100,-1.5940892343529478
policy,21135,4070,4020,683.7,250233,False,False,True,False,100,-1.3022069579528384
policy,21229,4089,4039,685.8,250234,False,False,False,True,94,-1.405473611917996
policy,21329,4109,4059,688.1,250235,False,False,True,False,100,-1.135433123622184
policy,21429,4129,4079,690.4,250236,False,False,True,False,100,-1.2088256668076585
policy,21529,4149,4099,692.6,250237,False,False,True,False,100,-1.5050867407388533
policy,21629,4169,4119,694.8,250238,False,False,True,False,100,-1.3325648414153162
policy,21729,4189,4139,697.0,250239,False,False,True,False,100,-1.1125217646679824
policy,21829,4209,4159,699.2,250240,False,False,True,False,100,-1.480073243989136
policy,21877,4219,4169,700.3,250241,False,False,False,True,48,-1.349956208146823
policy,21886,4221,4171,700.6,250242,False,False,False,True,9,-0.6997182050541291
policy,21983,4240,4190,702.7,250243,False,False,False,True,97,-1.601521105533982
policy,22083,4260,4210,705.1,250244,False,False,True,False,100,-1.3447495602192192
policy,22183,4280,4230,707.3,250245,False,False,True,False,100,-1.5185384806112707
policy,22283,4300,4250,709.6,250246,False,False,True,False,100,-1.1141463901877606
policy,22383,4320,4270,711.8,250247,False,False,True,False,100,-1.4434866082583895
policy,22483,4340,4290,714.0,250248,False,False,True,False,100,-1.232858058023536
policy,22559,4355,4305,715.7,250249,False,False,False,True,76,-1.4191061673081442
policy,22659,4375,4325,718.1,250250,False,False,True,False,100,-1.3242041257868924
policy,22759,4395,4345,720.5,250251,False,False,True,False,100,-1.598141706193772
policy,22859,4415,4365,722.7,250252,False,False,True,False,100,-1.3394075301154609
policy,22889,4421,4371,723.4,250253,False,False,False,True,30,-0.8130155074647424
policy,22897,4423,4373,723.6,250254,False,False,False,True,8,-0.667246399993294
policy,22997,4443,4393,725.8,250255,False,False,True,False,100,-1.2080191890597818
policy,23014,4446,4396,726.1,250256,False,False,False,True,17,-0.6674796847244656
policy,23114,4466,4416,728.3,250257,False,False,True,False,100,-1.4460989519300036
policy,23167,4477,4427,729.5,250258,False,False,False,True,53,-0.9320366580090056
policy,23267,4497,4447,731.6,250259,False,False,True,False,100,-1.5029901894710187
policy,23367,4517,4467,733.7,250260,False,False,True,False,100,-1.403120343334559
policy,23467,4537,4487,735.8,250261,False,False,True,False,100,-1.4810952947884384
policy,23567,4557,4507,738.0,250262,False,False,True,False,100,-1.436939219206752
policy,23652,4574,4524,739.9,250263,False,False,False,True,85,-1.3322301408584165
policy,23752,4594,4544,742.1,250264,False,False,True,False,100,-1.2614556464342472
policy,23852,4614,4564,744.4,250265,False,False,True,False,100,-1.593208609333617
policy,23867,4617,4567,744.7,250266,False,False,False,True,15,-1.009478591538274
policy,23967,4637,4587,747.0,250267,False,False,True,False,100,-1.4756651620454604
policy,24067,4657,4607,749.4,250268,False,False,True,False,100,-1.4315059553507958
policy,24151,4674,4624,751.5,250269,False,False,False,True,84,-1.3729705051452754
policy,24251,4694,4644,754.0,250270,False,False,True,False,100,-1.3006424565781045
policy,24331,4710,4660,755.8,250271,False,False,False,True,80,-1.040650375723275
policy,24431,4730,4680,757.9,250272,False,False,True,False,100,-1.550610320466091
policy,24531,4750,4700,760.1,250273,False,True,True,False,100,-1.4352465202416906
policy,24631,4770,4720,762.3,250274,False,False,True,False,100,-1.132032766919101
policy,24731,4790,4740,764.6,250275,False,False,True,False,100,-1.31370051386535
policy,24831,4810,4760,766.9,250276,False,False,True,False,100,-1.2373319606937885
policy,24931,4830,4780,769.2,250277,False,False,True,False,100,-1.200827927984753
policy,25031,4850,4800,771.4,250278,False,False,True,False,100,-1.7386851833092765
policy,25131,4870,4820,773.6,250279,False,False,True,False,100,-1.2316479003770984
policy,25197,4883,4833,775.0,250280,False,False,False,True,66,-1.1635446259897653
policy,25231,4890,4840,775.8,250281,False,False,False,True,34,-0.9104809907860711
policy,25331,4910,4860,778.1,250282,False,False,True,False,100,-1.1649968416652952
policy,25431,4930,4880,780.4,250283,False,False,True,False,100,-1.3467570406436866
policy,25531,4950,4900,782.6,250284,False,False,True,False,100,-1.7169542464220808
policy,25631,4970,4920,784.7,250285,False,False,True,False,100,-1.628565903844871
policy,25731,4990,4940,786.9,250286,False,False,True,False,100,-1.652577592852448
policy,25817,5007,4957,788.7,250287,False,False,False,True,86,-1.423455733752782
policy,25917,5027,4977,790.8,250288,False,False,True,False,100,-1.1822360440294217
policy,26005,5044,4994,792.7,250289,False,False,False,True,88,-1.3730449543197705
policy,26105,5064,5014,794.8,250290,False,False,True,False,100,-1.4301954069053184
policy,26205,5084,5034,797.0,250291,False,False,True,False,100,-1.1243694744119497
policy,26305,5104,5054,799.2,250292,False,False,True,False,100,-1.3489629416874478
policy,26405,5124,5074,801.4,250293,False,False,True,False,100,-1.1826725949632038
policy,26505,5144,5094,803.7,250294,False,False,True,False,100,-1.0917238688597677
policy,26605,5164,5114,806.0,250295,False,False,True,False,100,-1.6302393830782531
policy,26705,5184,5134,808.1,250296,False,False,True,False,100,-1.6123823006859295
policy,26805,5204,5154,810.3,250297,False,False,True,False,100,-1.3720174605250413
policy,26905,5224,5174,812.5,250298,False,False,True,False,100,-1.6417385958396196
policy,27005,5244,5194,814.6,250299,False,False,True,False,100,-1.2932254670707215
policy,27098,5263,5213,816.7,250300,False,False,False,True,93,-1.2637717070489674
policy,27174,5278,5228,818.3,250301,False,False,False,True,76,-1.2227777448723682
policy,27274,5298,5248,820.7,250302,False,False,True,False,100,-1.7327757528826226
policy,27354,5314,5264,822.5,250303,False,False,False,True,80,-1.003944716483114
policy,27424,5328,5278,824.1,250304,False,False,False,True,70,-1.0510455775629601
policy,27446,5333,5283,824.6,250305,False,False,False,True,22,-0.7501803843133341
policy,27546,5353,5303,826.9,250306,False,False,True,False,100,-1.3040800809677489
policy,27595,5362,5312,827.9,250307,False,False,False,True,49,-1.0604002950947002
policy,27695,5382,5332,830.0,250308,False,False,True,False,100,-1.154437878806852
policy,27751,5394,5344,831.3,250309,False,False,False,True,56,-1.041427051258602
policy,27810,5405,5355,832.6,250310,False,False,False,True,59,-1.1375331012903174
policy,27910,5425,5375,834.8,250311,False,False,True,False,100,-1.3164790809850806
policy,27914,5426,5376,834.9,250312,False,False,False,True,4,-0.627930912395217
policy,28014,5446,5396,837.1,250313,False,False,True,False,100,-1.1646056365865183
policy,28114,5466,5416,839.3,250314,False,False,True,False,100,-1.54555075317323
policy,28214,5486,5436,841.5,250315,False,False,True,False,100,-1.2555907919172267
policy,28314,5506,5456,843.7,250316,False,False,True,False,100,-1.5010998548970047
policy,28408,5525,5475,845.7,250317,False,False,False,True,94,-1.3532487943563878
policy,28508,5545,5495,847.9,250318,False,False,True,False,100,-1.1694356581968388
policy,28608,5565,5515,850.2,250319,False,False,True,False,100,-1.5284060032318292
policy,28708,5585,5535,852.4,250320,False,False,True,False,100,-1.5647304183456723
policy,28808,5605,5555,854.5,250321,False,False,True,False,100,-1.1788063521487113
policy,28908,5625,5575,856.8,250322,False,False,True,False,100,-1.3263945208904473
policy,29008,5645,5595,859.1,250323,False,False,True,False,100,-1.2736641593122844
policy,29108,5665,5615,861.4,250324,False,False,True,False,100,-1.2370252134217452
policy,29154,5674,5624,862.4,250325,False,False,False,True,46,-0.8131311200469895
policy,29209,5685,5635,863.7,250326,False,False,False,True,55,-0.8634086378896404
policy,29229,5689,5639,864.1,250327,False,False,False,True,20,-0.9179860380121919
policy,29329,5709,5659,866.4,250328,False,False,True,False,100,-1.7823281443293504
policy,29429,5729,5679,868.7,250329,False,False,True,False,100,-1.2730726516394157
policy,29529,5749,5699,871.0,250330,False,False,True,False,100,-1.427333604331868
policy,29629,5769,5719,873.3,250331,False,False,True,False,100,-1.3744216050229752
policy,29729,5789,5739,875.5,250332,False,False,True,False,100,-1.1895336378403722
policy,29829,5809,5759,877.8,250333,False,False,True,False,100,-1.6221596535700247
policy,29929,5829,5779,880.2,250334,False,False,True,False,100,-1.2707669684375666
policy,30029,5849,5799,882.4,250335,False,False,True,False,100,-1.2447515389482722
policy,30129,5869,5819,884.7,250336,False,False,True,False,100,-1.2878842317284005
policy,30229,5889,5839,886.8,250337,False,False,True,False,100,-1.3911895874402849
policy,30270,5897,5847,887.7,250338,False,False,False,True,41,-0.7796897918006744
policy,30338,5911,5861,889.1,250339,False,False,False,True,68,-1.058699635683748
policy,30438,5931,5881,891.3,250340,False,False,True,False,100,-1.5951158247117523
policy,30538,5951,5901,894.1,250341,False,False,True,False,100,-1.6835019132889912
policy,30638,5971,5921,897.6,250342,False,False,True,False,100,-1.1375000034547191
policy,30738,5991,5941,901.9,250343,False,False,True,False,100,-1.400708751751489
policy,30834,6010,5960,905.1,250344,False,False,False,True,96,-1.4554787563344291
policy,30926,6029,5979,908.3,250345,False,False,False,True,92,-1.28080664266595
policy,31026,6049,5999,912.3,250346,False,False,True,False,100,-1.6538256532878775
policy,31124,6068,6018,916.8,250347,False,False,False,True,98,-1.5530502838728462
policy,31184,6080,6030,919.4,250348,False,False,False,True,60,-1.0000476765579038
policy,31284,6100,6050,924.5,250349,False,False,True,False,100,-1.4859571023245894
policy,31362,6116,6066,928.6,250350,False,False,False,True,78,-1.1628335419793905
policy,31436,6131,6081,931.4,250351,False,False,False,True,74,-1.1874240226014996
policy,31530,6149,6099,934.5,250352,False,False,False,True,94,-1.1700411163128752
policy,31630,6169,6119,937.8,250353,False,False,True,False,100,-1.2847193148468399
policy,31730,6189,6139,940.3,250354,False,False,True,False,100,-1.555089244613027
policy,31830,6209,6159,943.4,250355,False,False,True,False,100,-1.267070263418438
policy,31930,6229,6179,945.9,250356,False,False,True,False,100,-1.6882078198348052
policy,31995,6242,6192,947.4,250357,False,False,False,True,65,-1.187999495432278
policy,32095,6262,6212,949.7,250358,False,False,True,False,100,-1.354063997070205
policy,32195,6282,6232,952.1,250359,False,False,True,False,100,-1.3139166167936982
policy,32240,6291,6241,953.1,250360,False,False,False,True,45,-0.9933319715130843
policy,32304,6304,6254,954.7,250361,False,False,False,True,64,-0.998754991588972
policy,32334,6310,6260,955.4,250362,False,False,False,True,30,-1.0434933614960211
policy,32378,6319,6269,956.5,250363,False,False,False,True,44,-0.990049557091724
policy,32452,6334,6284,958.3,250364,False,False,False,True,74,-1.1924852742847323
policy,32552,6354,6304,961.2,250365,False,False,True,False,100,-1.159433480320003
policy,32589,6361,6311,962.0,250366,False,False,False,True,37,-0.8483356328702567
policy,32689,6381,6331,964.3,250367,False,False,True,False,100,-1.2056426931102633
policy,32789,6401,6351,966.6,250368,False,False,True,False,100,-1.45788606052101
policy,32889,6421,6371,969.1,250369,False,False,True,False,100,-1.6401690025051834
policy,32989,6441,6391,971.5,250370,False,False,True,False,100,-1.3511991305220212
policy,33019,6447,6397,972.2,250371,False,False,False,True,30,-0.9324934297685623
policy,33119,6467,6417,974.5,250372,False,False,True,False,100,-1.467610470300802
policy,33219,6487,6437,976.9,250373,False,False,True,False,100,-1.5037280931499737
policy,33319,6507,6457,979.5,250374,False,False,True,False,100,-1.2219359916897496
policy,33419,6527,6477,982.8,250375,False,False,True,False,100,-1.3058864835119046
policy,33507,6545,6495,985.6,250376,False,False,False,True,88,-1.1880405817764959
policy,33607,6565,6515,988.3,250377,False,False,True,False,100,-1.1810527994048292
policy,33707,6585,6535,990.6,250378,False,False,True,False,100,-1.6709298180934644
policy,33798,6603,6553,992.7,250379,False,False,False,True,91,-1.230111523133051
policy,33898,6623,6573,995.1,250380,False,False,True,False,100,-1.119814180337356
policy,33998,6643,6593,997.5,250381,False,False,True,False,100,-1.7167728174160322
policy,34078,6659,6609,999.6,250382,False,False,False,True,80,-0.9746650715976878
policy,34178,6679,6629,1002.1,250383,False,False,True,False,100,-1.4176433146445553
policy,34278,6699,6649,1004.6,250384,False,False,True,False,100,-1.3099718332932888
policy,34378,6719,6669,1007.1,250385,False,False,True,False,100,-1.2059431752971075
policy,34478,6739,6689,1009.4,250386,False,False,True,False,100,-1.2012802660355413
policy,34578,6759,6709,1011.9,250387,False,False,True,False,100,-1.5682718416971162
policy,34656,6775,6725,1013.7,250388,False,False,False,True,78,-1.075580088306844
policy,34756,6795,6745,1016.4,250389,False,False,True,False,100,-1.6603529610723038
policy,34856,6815,6765,1019.2,250390,False,False,True,False,100,-1.1904618734503245
policy,34890,6821,6771,1020.1,250391,False,False,False,True,34,-0.9494043182003576
policy,34990,6841,6791,1022.6,250392,False,False,True,False,100,-1.2589774681713797
policy,35090,6861,6811,1024.9,250393,False,False,True,False,100,-1.4865181604436692
policy,35165,6876,6826,1026.6,250394,False,False,False,True,75,-1.1864852362015563
policy,35265,6896,6846,1028.8,250395,False,False,True,False,100,-1.4793282245195054
policy,35365,6916,6866,1031.1,250396,False,False,True,False,100,-1.2317063798644488
policy,35465,6936,6886,1033.3,250397,False,False,True,False,100,-1.5028674563376114
policy,35549,6953,6903,1035.5,250398,False,False,False,True,84,-1.2613717664232924
policy,35649,6973,6923,1038.3,250399,False,False,True,False,100,-1.4324049395103646
policy,35749,6993,6943,1040.9,250400,False,False,True,False,100,-1.3225357544008884
policy,35782,7000,6950,1041.9,250401,False,False,False,True,33,-0.8736567784062566
policy,35882,7020,6970,1044.5,250402,False,False,True,False,100,-1.0355790265694136
policy,35982,7040,6990,1046.9,250403,False,False,True,False,100,-1.2419128089488574
policy,36082,7060,7010,1049.3,250404,False,False,True,False,100,-1.2962308789141213
policy,36182,7080,7030,1051.7,250405,False,False,True,False,100,-1.351268608650958
policy,36221,7088,7038,1052.7,250406,False,False,False,True,39,-0.9176943052629358
policy,36321,7108,7058,1055.1,250407,False,False,True,False,100,-1.2800450719807648
policy,36421,7128,7078,1057.3,250408,False,False,True,False,100,-1.2600302849562646
policy,36444,7132,7082,1057.8,250409,False,False,False,True,23,-0.8917459200531508
policy,36466,7137,7087,1058.4,250410,False,False,False,True,22,-0.7814355589403084
policy,36566,7157,7107,1061.2,250411,False,False,True,False,100,-1.5835742904453354
policy,36650,7173,7123,1063.5,250412,False,False,False,True,84,-1.3286643529305429
policy,36750,7193,7143,1066.2,250413,False,False,True,False,100,-1.3430179629498595
policy,36850,7213,7163,1068.5,250414,False,False,True,False,100,-1.1573737154689243
policy,36950,7233,7183,1070.8,250415,False,False,True,False,100,-1.3139685369636425
policy,37050,7253,7203,1073.1,250416,False,False,True,False,100,-1.305911611827135
policy,37150,7273,7223,1075.4,250417,False,False,True,False,100,-1.3067096041533737
policy,37250,7293,7243,1077.5,250418,False,False,True,False,100,-1.6208573270912932
policy,37281,7300,7250,1078.3,250419,False,False,False,True,31,-1.0810333525228315
policy,37381,7320,7270,1080.6,250420,False,False,True,False,100,-1.4919475050877842
policy,37481,7340,7290,1082.8,250421,False,False,True,False,100,-1.0979833943965958
policy,37581,7360,7310,1085.1,250422,False,False,True,False,100,-1.2819856671773893
policy,37681,7380,7330,1087.5,250423,False,False,True,False,100,-1.1253778814469393
policy,37781,7400,7350,1089.9,250424,False,False,True,False,100,-1.5249989441952825
policy,37881,7420,7370,1092.4,250425,False,False,True,False,100,-1.3681588436601668
policy,37949,7433,7383,1093.8,250426,False,False,False,True,68,-1.3694609210333166
policy,38049,7453,7403,1096.1,250427,False,False,True,False,100,-1.3602106606027227
policy,38109,7465,7415,1097.4,250428,False,False,False,True,60,-1.0496174676263434
policy,38177,7479,7429,1099.0,250429,False,False,False,True,68,-1.2021962923297767
policy,38277,7499,7449,1101.2,250430,False,False,True,False,100,-1.2846802913697746
policy,38377,7519,7469,1103.5,250431,False,False,True,False,100,-1.2702280027389001
policy,38477,7539,7489,1105.9,250432,False,False,True,False,100,-1.3100920098325828
policy,38571,7558,7508,1108.0,250433,False,False,False,True,94,-1.1482173367023671
policy,38671,7578,7528,1110.3,250434,False,False,True,False,100,-1.273865299988028
policy,38771,7598,7548,1112.6,250435,False,False,True,False,100,-1.059726480596879
policy,38871,7618,7568,1114.8,250436,False,False,True,False,100,-1.296500819970504
policy,38971,7638,7588,1117.0,250437,False,False,True,False,100,-1.142537713837013
policy,39071,7658,7608,1119.7,250438,False,False,True,False,100,-1.5573229095189811
policy,39072,7658,7608,1119.7,250439,False,False,False,True,1,-0.6094014582054383
policy,39141,7672,7622,1121.5,250440,False,False,False,True,69,-1.177994894708558
policy,39241,7692,7642,1124.0,250441,False,False,True,False,100,-1.2353954870138772
policy,39341,7712,7662,1126.6,250442,False,False,True,False,100,-1.3705226863030564
policy,39441,7732,7682,1129.0,250443,False,False,True,False,100,-1.517754432107934
policy,39541,7752,7702,1131.6,250444,False,False,True,False,100,-1.168485464577831
policy,39641,7772,7722,1134.0,250445,False,False,True,False,100,-1.4550727596506854
policy,39723,7788,7738,1136.3,250446,False,False,False,True,82,-1.1534628088715158
policy,39747,7793,7743,1137.0,250447,False,False,False,True,24,-0.6838351858662253
policy,39847,7813,7763,1139.7,250448,False,False,True,False,100,-1.5686226789694602
policy,39947,7833,7783,1142.5,250449,False,False,True,False,100,-1.3577361173538098
policy,39985,7840,7790,1143.4,250450,False,False,False,True,38,-0.9012239325165123
policy,40085,7860,7810,1146.2,250451,False,False,True,False,100,-1.3018472742390657
policy,40143,7872,7822,1147.8,250452,False,False,False,True,58,-1.3819880050144933
policy,40243,7892,7842,1150.6,250453,False,False,True,False,100,-1.4567494062231043
policy,40343,7912,7862,1153.1,250454,False,False,True,False,100,-1.3958266760184241
policy,40443,7932,7882,1155.3,250455,False,False,True,False,100,-1.6278829189796082
policy,40543,7952,7902,1157.5,250456,False,False,True,False,100,-1.361673611836624
policy,40643,7972,7922,1159.9,250457,False,False,True,False,100,-1.1045056467440932
policy,40743,7992,7942,1162.3,250458,False,False,True,False,100,-1.489756586257375
policy,40843,8012,7962,1164.6,250459,False,False,True,False,100,-1.5449535050591345
policy,40943,8032,7982,1167.0,250460,False,False,True,False,100,-1.3320936815665338
policy,41043,8052,8002,1169.7,250461,False,False,True,False,100,-1.5861582052651522
policy,41053,8054,8004,1170.0,250462,False,False,False,True,10,-0.8205058351348266
policy,41153,8074,8024,1172.7,250463,False,False,True,False,100,-1.337422947527566
policy,41253,8094,8044,1175.1,250464,False,False,True,False,100,-1.5041087310629964
policy,41353,8114,8064,1177.4,250465,False,False,True,False,100,-1.2108968443509647
policy,41399,8123,8073,1178.5,250466,False,False,False,True,46,-1.026974191185319
policy,41482,8140,8090,1180.4,250467,False,False,False,True,83,-1.3811729172620852
policy,41582,8160,8110,1182.7,250468,False,False,True,False,100,-1.476956131182578
policy,41682,8180,8130,1184.9,250469,False,False,True,False,100,-1.6908256757477507
policy,41782,8200,8150,1187.3,250470,False,False,True,False,100,-1.3707685719074105
policy,41803,8204,8154,1187.7,250471,False,False,False,True,21,-0.8981635858473818
policy,41903,8224,8174,1190.0,250472,False,False,True,False,100,-1.225766482539735
policy,41931,8230,8180,1190.7,250473,False,False,False,True,28,-0.787534209014126
policy,42031,8250,8200,1193.4,250474,False,False,True,False,100,-1.3442522914969741
policy,42108,8265,8215,1195.3,250475,False,False,False,True,77,-1.0632513692155774
policy,42208,8285,8235,1197.7,250476,False,False,True,False,100,-1.540657795865664
policy,42308,8305,8255,1200.3,250477,False,False,True,False,100,-1.2760070402841295
policy,42366,8317,8267,1203.1,250478,False,False,False,True,58,-1.03395731920359
policy,42466,8337,8287,1206.5,250479,False,False,True,False,100,-1.465315431356352
policy,42528,8349,8299,1208.1,250480,False,False,False,True,62,-1.139428179516655
policy,42628,8369,8319,1210.8,250481,False,False,True,False,100,-1.4513585030384224
policy,42728,8389,8339,1213.4,250482,False,True,True,False,100,-1.606572065814155
policy,42828,8409,8359,1216.2,250483,False,False,True,False,100,-1.541450461747365
policy,42928,8429,8379,1219.2,250484,False,False,True,False,100,-1.3062553659473242
policy,43028,8449,8399,1222.1,250485,False,False,True,False,100,-1.667048222335198
policy,43128,8469,8419,1224.9,250486,False,False,True,False,100,-1.390132053876828
policy,43192,8482,8432,1226.8,250487,False,False,False,True,64,-1.2508203846595745
policy,43292,8502,8452,1229.7,250488,False,False,True,False,100,-1.216022958294233
policy,43392,8522,8472,1232.6,250489,False,False,True,False,100,-1.5550804760185142
policy,43492,8542,8492,1235.6,250490,False,False,True,False,100,-1.3107243221825136
policy,43592,8562,8512,1238.4,250491,False,False,True,False,100,-1.2830334801805237
policy,43692,8582,8532,1241.2,250492,False,False,True,False,100,-1.2788860398507311
policy,43729,8589,8539,1242.1,250493,False,False,False,True,37,-1.1398854178131115
policy,43829,8609,8559,1244.4,250494,False,False,True,False,100,-1.746070210265188
policy,43910,8625,8575,1246.2,250495,False,False,False,True,81,-1.3205783810145695
policy,44010,8645,8595,1248.6,250496,False,False,True,False,100,-1.369631894411878
policy,44110,8665,8615,1250.9,250497,False,False,True,False,100,-1.2703469027614207
policy,44210,8685,8635,1253.2,250498,False,False,True,False,100,-1.4369440846928911
policy,44310,8705,8655,1255.5,250499,False,False,True,False,100,-1.6346417823589734
policy,44410,8725,8675,1258.0,250500,False,False,True,False,100,-1.673595970383575
policy,44510,8745,8695,1260.4,250501,False,False,True,False,100,-1.3488702134417188
policy,44610,8765,8715,1262.9,250502,False,False,True,False,100,-1.5591410758217532
policy,44710,8785,8735,1265.2,250503,False,False,True,False,100,-1.5179066344257157
policy,44810,8805,8755,1268.0,250504,False,False,True,False,100,-1.3559539461860002
policy,44908,8825,8775,1270.8,250505,False,False,False,True,98,-1.1136673790705705
policy,45008,8845,8795,1273.4,250506,False,False,True,False,100,-1.7789776971015674
policy,45108,8865,8815,1275.8,250507,False,False,True,False,100,-1.3867291704668059
policy,45184,8880,8830,1277.7,250508,False,False,False,True,76,-1.4511906743072467
policy,45284,8900,8850,1280.1,250509,False,False,True,False,100,-1.2196045564802342
policy,45384,8920,8870,1282.5,250510,False,True,True,False,100,-1.7927928748592825
policy,45484,8940,8890,1285.0,250511,False,False,True,False,100,-1.3154214627772656
policy,45584,8960,8910,1287.4,250512,False,False,True,False,100,-1.428788143783105
policy,45684,8980,8930,1289.7,250513,False,False,True,False,100,-1.4261156846520693
policy,45784,9000,8950,1292.0,250514,False,False,True,False,100,-1.3733563852769972
policy,45833,9010,8960,1293.2,250515,False,False,False,True,49,-1.2434893681031718
policy,45933,9030,8980,1295.6,250516,False,False,True,False,100,-1.308764316076104
policy,46033,9050,9000,1297.9,250517,False,False,True,False,100,-1.53719018381123
policy,46133,9070,9020,1300.3,250518,False,False,True,False,100,-1.6064737140594136
policy,46233,9090,9040,1302.7,250519,False,False,True,False,100,-1.7580607119134708
policy,46333,9110,9060,1305.1,250520,False,False,True,False,100,-1.5418118939147187
policy,46433,9130,9080,1307.6,250521,False,False,True,False,100,-1.1302803030619888
policy,46533,9150,9100,1310.2,250522,False,False,True,False,100,-1.5442645596988889
policy,46633,9170,9120,1312.6,250523,False,False,True,False,100,-1.5046635262817696
policy,46733,9190,9140,1315.0,250524,False,False,True,False,100,-1.173035345081924
policy,46833,9210,9160,1317.3,250525,False,False,True,False,100,-1.2422484061905197
policy,46933,9230,9180,1319.7,250526,False,False,True,False,100,-1.2432227701167768
policy,47033,9250,9200,1322.0,250527,False,False,True,False,100,-1.3344713986822132
policy,47133,9270,9220,1324.3,250528,False,False,True,False,100,-1.750046277327967
policy,47233,9290,9240,1326.7,250529,False,False,True,False,100,-1.2808415705417695
policy,47274,9298,9248,1327.7,250530,False,False,False,True,41,-1.1590853450965684
policy,47374,9318,9268,1330.0,250531,False,True,True,False,100,-1.7766256454879916
policy,47474,9338,9288,1332.5,250532,False,False,True,False,100,-1.0917516909048415
policy,47574,9358,9308,1335.0,250533,False,False,True,False,100,-1.618480129980059
policy,47674,9378,9328,1337.5,250534,False,False,True,False,100,-1.607072154693301
policy,47774,9398,9348,1340.0,250535,False,False,True,False,100,-1.4667227818203228
policy,47848,9413,9363,1342.1,250536,False,False,False,True,74,-0.9667206710056322
policy,47948,9433,9383,1344.6,250537,False,False,True,False,100,-1.4821994461920438
policy,47990,9441,9391,1345.6,250538,False,False,False,True,42,-0.8275904427271485
policy,48090,9461,9411,1348.0,250539,False,True,True,False,100,-1.5797082558025575
policy,48190,9481,9431,1350.4,250540,False,False,True,False,100,-1.3458363012115182
policy,48290,9501,9451,1352.7,250541,False,False,True,False,100,-1.419883043436768
policy,48316,9507,9457,1353.4,250542,False,False,False,True,26,-1.0610316119919356
policy,48416,9527,9477,1355.7,250543,False,False,True,False,100,-1.3735874017968848
policy,48448,9533,9483,1356.5,250544,False,False,False,True,32,-0.7253151538093974
policy,48548,9553,9503,1358.8,250545,False,False,True,False,100,-1.4671766830673754
policy,48648,9573,9523,1361.2,250546,False,False,True,False,100,-1.194137914941845
policy,48748,9593,9543,1363.7,250547,False,False,True,False,100,-1.1706013657403005
policy,48848,9613,9563,1366.1,250548,False,False,True,False,100,-1.0763656112103637
policy,48948,9633,9583,1368.5,250549,False,False,True,False,100,-1.1941222226653645
policy,49048,9653,9603,1370.9,250550,False,False,True,False,100,-1.3090272846815578
policy,49140,9671,9621,1373.1,250551,False,False,False,True,92,-1.3735634704586825
policy,49240,9691,9641,1375.5,250552,False,False,True,False,100,-1.4661703005916582
policy,49340,9711,9661,1378.1,250553,False,False,True,False,100,-1.2893942560153882
policy,49440,9731,9681,1380.6,250554,False,False,True,False,100,-1.4169012996450534
policy,49538,9751,9701,1383.1,250555,False,False,False,True,98,-1.5372825443829723
policy,49638,9771,9721,1385.7,250556,False,False,True,False,100,-1.1602797143201689
policy,49738,9791,9741,1388.1,250557,False,False,True,False,100,-1.617396807616422
policy,49838,9811,9761,1390.4,250558,False,False,True,False,100,-1.1515407744107249
policy,49899,9823,9773,1391.8,250559,False,False,False,True,61,-1.2565973818850593
policy,49999,9843,9793,1394.6,250560,False,False,True,False,100,-1.1652489983430718
policy,50099,9863,9813,1397.6,250561,False,False,True,False,100,-1.3977273848942138
policy,50178,9879,9829,1399.5,250562,False,False,False,True,79,-1.418963666137083
policy,50278,9899,9849,1401.9,250563,False,False,True,False,100,-1.1899171809053175
policy,50378,9919,9869,1404.6,250564,False,False,True,False,100,-1.245709210079069
policy,50478,9939,9889,1407.4,250565,False,False,True,False,100,-1.3178005474199368
policy,50578,9959,9909,1410.3,250566,False,False,True,False,100,-1.1638902030446605
policy,50627,9969,9919,1411.7,250567,False,False,False,True,49,-0.8480023734404205
policy,50663,9976,9926,1412.7,250568,False,False,False,True,36,-0.9654879531937356
policy,50763,9996,9946,1415.2,250569,False,False,True,False,100,-1.487422121276136
policy,50848,10013,9963,1417.3,250570,False,False,False,True,85,-1.140586340769496
policy,50939,10031,9981,1419.7,250571,False,False,False,True,91,-1.4663959706293155
policy,50944,10032,9982,1419.9,250572,False,False,False,True,5,-0.7439493215720806
policy,51044,10052,10002,1422.3,250573,False,False,True,False,100,-1.3560291376742868
policy,51144,10072,10022,1424.9,250574,False,False,False,True,100,-1.544130506933497
policy,51167,10077,10027,1425.5,250575,False,False,False,True,23,-0.8159205373386809
policy,51258,10095,10045,1428.2,250576,False,False,False,True,91,-1.02185088416182
policy,51358,10115,10065,1430.8,250577,False,False,True,False,100,-1.3220096551302918
policy,51389,10121,10071,1431.7,250578,False,False,False,True,31,-0.9156176909310598
policy,51489,10141,10091,1434.2,250579,False,False,True,False,100,-1.3463183673969181
policy,51515,10146,10096,1434.9,250580,False,False,False,True,26,-0.7338098385145861
policy,51615,10166,10116,1437.3,250581,False,False,True,False,100,-1.1075157201233472
policy,51693,10182,10132,1439.3,250582,False,False,False,True,78,-1.2717515307929608
policy,51793,10202,10152,1441.9,250583,False,False,True,False,100,-1.502840256959963
policy,51893,10222,10172,1444.5,250584,False,False,True,False,100,-1.3622342456819243
policy,51993,10242,10192,1446.9,250585,False,False,True,False,100,-1.2097960108551693
policy,52003,10244,10194,1447.2,250586,False,False,False,True,10,-0.7467567655402951
policy,52103,10264,10214,1449.6,250587,False,False,True,False,100,-1.5368965004033257
policy,52162,10276,10226,1450.9,250588,False,False,False,True,59,-0.9778036950500792
policy,52262,10296,10246,1453.2,250589,False,False,True,False,100,-1.5732454468442074
policy,52362,10316,10266,1455.7,250590,False,False,True,False,100,-1.3029931806131565
policy,52462,10336,10286,1458.1,250591,False,False,True,False,100,-1.3576018332595392
policy,52562,10356,10306,1460.8,250592,False,False,True,False,100,-1.5196562044060307
policy,52662,10376,10326,1463.3,250593,False,False,True,False,100,-1.5475390329770855
policy,52745,10392,10342,1465.5,250594,False,False,False,True,83,-1.157402786042285
policy,52845,10412,10362,1468.3,250595,False,False,True,False,100,-1.4623819214161098
policy,52945,10432,10382,1471.0,250596,False,False,True,False,100,-1.606204071766867
policy,53045,10452,10402,1473.6,250597,False,False,True,False,100,-1.3761972266919096
policy,53145,10472,10422,1476.1,250598,False,False,True,False,100,-1.2469186683440734
policy,53245,10492,10442,1478.9,250599,False,False,True,False,100,-1.183954306818157
policy,53345,10512,10462,1481.5,250600,False,False,True,False,100,-1.3451094861593587
policy,53445,10532,10482,1484.0,250601,False,False,True,False,100,-1.55820906822396
policy,53526,10549,10499,1486.0,250602,False,False,False,True,81,-1.1892175947457408
policy,53626,10569,10519,1488.4,250603,False,False,True,False,100,-1.6524523746329574
policy,53726,10589,10539,1490.7,250604,False,False,True,False,100,-1.1163413281416437
policy,53826,10609,10559,1493.2,250605,False,False,True,False,100,-1.218275929046307
policy,53926,10629,10579,1495.7,250606,False,False,True,False,100,-1.3913800603373179
policy,54026,10649,10599,1498.3,250607,False,False,True,False,100,-1.2862990553351397
policy,54126,10669,10619,1501.0,250608,False,False,True,False,100,-1.2959354760361812
policy,54226,10689,10639,1504.1,250609,False,False,False,True,100,-1.126793160859278
policy,54326,10709,10659,1506.8,250610,False,False,True,False,100,-1.4737833793030326
policy,54426,10729,10679,1509.2,250611,False,False,True,False,100,-1.386374109554248
policy,54439,10731,10681,1509.5,250612,False,False,False,True,13,-0.6127818326125438
policy,54539,10751,10701,1511.9,250613,False,False,True,False,100,-1.5234315188947347
policy,54639,10771,10721,1514.4,250614,False,False,True,False,100,-1.4445349550227005
policy,54667,10777,10727,1515.1,250615,False,False,False,True,28,-0.9263068888115129
policy,54765,10796,10746,1517.4,250616,False,True,False,True,98,-1.6284875755334984
policy,54865,10816,10766,1519.8,250617,False,False,True,False,100,-1.5933688867987552
policy,54965,10836,10786,1522.3,250618,False,False,True,False,100,-1.2693146884889952
policy,55016,10847,10797,1523.8,250619,False,False,False,True,51,-1.1367851396939652
policy,55116,10867,10817,1526.4,250620,False,False,True,False,100,-1.5302093631106977
policy,55216,10887,10837,1529.1,250621,False,False,True,False,100,-1.2905415524127735
policy,55263,10896,10846,1530.2,250622,False,False,False,True,47,-0.9675442451186579
policy,55310,10905,10855,1531.5,250623,False,False,False,True,47,-0.9863549445060733
policy,55410,10925,10875,1534.3,250624,False,False,True,False,100,-1.1549190925064914
policy,55510,10945,10895,1537.0,250625,False,False,True,False,100,-1.5208117027284933
policy,55610,10965,10915,1539.6,250626,False,True,True,False,100,-1.7020007315810401
policy,55710,10985,10935,1542.1,250627,False,False,True,False,100,-1.4401055718864553
policy,55729,10989,10939,1542.7,250628,False,False,False,True,19,-0.7310993763683242
policy,55829,11009,10959,1545.7,250629,False,False,True,False,100,-1.453504579995727
policy,55929,11029,10979,1548.7,250630,False,False,True,False,100,-1.1656660408291462
policy,56029,11049,10999,1551.7,250631,False,False,True,False,100,-1.304354418243889
policy,56099,11063,11013,1553.7,250632,False,False,False,True,70,-1.336337870645465
policy,56199,11083,11033,1556.1,250633,False,False,True,False,100,-1.3603940917796367
policy,56261,11096,11046,1557.7,250634,False,False,False,True,62,-1.2680119537158758
policy,56361,11116,11066,1560.1,250635,False,True,True,False,100,-1.5713017764381845
policy,56461,11136,11086,1562.6,250636,False,False,True,False,100,-1.4687655971915186
policy,56557,11155,11105,1565.1,250637,False,False,False,True,96,-1.2388683778261118
policy,56640,11171,11121,1567.1,250638,False,False,False,True,83,-1.3018409944365803
policy,56740,11191,11141,1569.6,250639,False,False,True,False,100,-1.3150487613653266
policy,56840,11211,11161,1572.0,250640,False,False,True,False,100,-1.7442570752306548
policy,56841,11212,11162,1572.2,250641,False,False,False,True,1,-0.5597527242150457
policy,56941,11232,11182,1574.7,250642,False,False,True,False,100,-1.3330699204004048
policy,57041,11252,11202,1577.2,250643,False,False,True,False,100,-1.3729125893471603
policy,57141,11272,11222,1579.8,250644,False,False,True,False,100,-1.5716245328905485
policy,57223,11288,11238,1581.8,250645,False,False,False,True,82,-1.2376574069322588
policy,57307,11305,11255,1583.7,250646,False,False,False,True,84,-1.1913604983295016
policy,57407,11325,11275,1586.2,250647,False,False,True,False,100,-1.5009489634608524
policy,57507,11345,11295,1588.6,250648,False,False,True,False,100,-1.6359102965453454
policy,57529,11349,11299,1589.1,250649,False,False,False,True,22,-0.742249810708216
policy,57608,11365,11315,1591.0,250650,False,False,False,True,79,-0.9647111144604139
policy,57611,11366,11316,1591.1,250651,False,False,False,True,3,-0.6782489170819086
policy,57711,11386,11336,1593.6,250652,False,False,True,False,100,-1.324322377031172
policy,57770,11397,11347,1594.9,250653,False,False,False,True,59,-1.2370681256871272
policy,57870,11417,11367,1597.2,250654,False,False,True,False,100,-1.4474924427838483
policy,57970,11437,11387,1599.6,250655,False,False,True,False,100,-1.2916626661628527
policy,58070,11457,11407,1601.9,250656,False,False,True,False,100,-1.235820086638938
policy,58170,11477,11427,1604.4,250657,False,False,True,False,100,-1.5999510658956893
policy,58270,11497,11447,1606.9,250658,False,False,True,False,100,-1.3447704483861584
policy,58370,11517,11467,1609.3,250659,False,False,True,False,100,-1.440079031860848
policy,58470,11537,11487,1611.7,250660,False,False,True,False,100,-1.341099998871064
policy,58570,11557,11507,1614.3,250661,False,False,True,False,100,-1.405353009636685
policy,58612,11566,11516,1615.4,250662,False,False,False,True,42,-0.7989824621039365
policy,58712,11586,11536,1617.9,250663,False,False,True,False,100,-1.5221026503673458
policy,58812,11606,11556,1620.3,250664,False,False,True,False,100,-1.799876335989043
policy,58912,11626,11576,1622.7,250665,False,False,True,False,100,-1.6270467983079322
policy,59012,11646,11596,1625.2,250666,False,False,True,False,100,-1.2297651204604656
policy,59112,11666,11616,1627.6,250667,False,False,True,False,100,-1.644903964238681
policy,59212,11686,11636,1630.0,250668,False,False,True,False,100,-1.2354582861148724
policy,59272,11698,11648,1631.5,250669,False,False,False,True,60,-1.0222536935846809
policy,59299,11703,11653,1632.1,250670,False,False,False,True,27,-0.9162025317580049
policy,59399,11723,11673,1634.5,250671,False,False,True,False,100,-1.3946323186522958
policy,59492,11742,11692,1636.8,250672,False,False,False,True,93,-1.3022317886732009
policy,59592,11762,11712,1639.3,250673,False,False,True,False,100,-1.2588305583109158
policy,59637,11771,11721,1640.5,250674,False,False,False,True,45,-0.8243543027773541
policy,59737,11791,11741,1643.1,250675,False,False,True,False,100,-1.4968849099627712
policy,59837,11811,11761,1646.2,250676,False,False,True,False,100,-1.5890625185661442
policy,59937,11831,11781,1649.2,250677,False,False,True,False,100,-1.3783332301612967
policy,60037,11851,11801,1651.9,250678,False,False,True,False,100,-1.0920890869874853
policy,60137,11871,11821,1654.4,250679,False,False,True,False,100,-1.4781041844969014
policy,60211,11886,11836,1656.1,250680,False,False,False,True,74,-1.4333920348743892
policy,60311,11906,11856,1658.5,250681,False,False,True,False,100,-1.5711059281792976
policy,60411,11926,11876,1660.8,250682,False,False,True,False,100,-1.3284247373615374
policy,60511,11946,11896,1663.3,250683,False,False,True,False,100,-1.4765158714070485
policy,60611,11966,11916,1666.2,250684,False,False,True,False,100,-1.6829514355664048
policy,60711,11986,11936,1669.4,250685,False,False,True,False,100,-1.1261757214780679
policy,60811,12006,11956,1671.9,250686,False,False,True,False,100,-1.3230960777756442
policy,60911,12026,11976,1674.4,250687,False,False,True,False,100,-1.129164909441728
policy,61011,12046,11996,1676.9,250688,False,False,True,False,100,-1.4346214562191018
policy,61111,12066,12016,1679.5,250689,False,False,True,False,100,-1.2135742816924153
policy,61211,12086,12036,1682.0,250690,False,False,True,False,100,-1.689619552465088
policy,61311,12106,12056,1684.5,250691,False,False,True,False,100,-1.3663758106466253
policy,61411,12126,12076,1687.0,250692,False,False,True,False,100,-1.8242223274331477
policy,61456,12135,12085,1688.1,250693,False,False,False,True,45,-0.8341541789103197
policy,61505,12144,12094,1689.1,250694,False,False,False,True,49,-0.8999862649960411
policy,61603,12164,12114,1691.4,250695,False,False,False,True,98,-1.1438630379779182
policy,61703,12184,12134,1693.8,250696,False,False,True,False,100,-1.5348668756335277
policy,61803,12204,12154,1696.3,250697,False,False,True,False,100,-1.5368701021259987
policy,61903,12224,12174,1698.7,250698,False,False,True,False,100,-1.3099334939843288
policy,62003,12244,12194,1701.2,250699,False,False,True,False,100,-1.378350445065173
policy,62103,12264,12214,1703.8,250700,False,False,True,False,100,-1.141848423695316
policy,62203,12284,12234,1706.6,250701,False,False,True,False,100,-1.4445420089350587
policy,62303,12304,12254,1709.4,250702,False,False,True,False,100,-1.259189170887822
policy,62403,12324,12274,1712.2,250703,False,False,True,False,100,-1.4508601855677168
policy,62503,12344,12294,1714.7,250704,False,False,True,False,100,-1.1126701289116645
policy,62603,12364,12314,1717.1,250705,False,False,True,False,100,-1.4566295123172042
policy,62703,12384,12334,1720.0,250706,False,False,True,False,100,-1.2659054446677174
policy,62803,12404,12354,1722.5,250707,False,False,True,False,100,-1.308223254660799
policy,62903,12424,12374,1725.0,250708,False,False,True,False,100,-1.2309941955006936
policy,63003,12444,12394,1727.5,250709,False,False,True,False,100,-1.0969327202091317
policy,63103,12464,12414,1730.1,250710,False,False,True,False,100,-1.678432288854447
policy,63194,12482,12432,1732.3,250711,False,False,False,True,91,-1.3610190621120717
policy,63294,12502,12452,1734.9,250712,False,False,True,False,100,-1.242700282770406
policy,63359,12515,12465,1736.5,250713,False,False,False,True,65,-0.9002314065369839
policy,63366,12517,12467,1736.8,250714,False,False,False,True,7,-0.6189466870062605
policy,63466,12537,12487,1739.4,250715,False,False,True,False,100,-1.4244600572861996
policy,63566,12557,12507,1741.9,250716,False,False,True,False,100,-1.5096256698058288
policy,63666,12577,12527,1744.4,250717,False,False,True,False,100,-1.18126155159911
policy,63766,12597,12547,1746.8,250718,False,False,True,False,100,-1.778741487334672
policy,63866,12617,12567,1749.4,250719,False,False,True,False,100,-1.3169645870546425
policy,63949,12633,12583,1751.8,250720,False,False,False,True,83,-1.161469643647747
policy,64049,12653,12603,1754.2,250721,False,False,True,False,100,-1.2297176698795114
policy,64149,12673,12623,1756.6,250722,False,False,True,False,100,-1.4963201462388227
policy,64249,12693,12643,1759.2,250723,False,False,True,False,100,-1.276975791463994
policy,64349,12713,12663,1762.1,250724,False,False,True,False,100,-1.5105659119132706
policy,64449,12733,12683,1764.7,250725,False,False,True,False,100,-1.4107672545957528
policy,64549,12753,12703,1767.3,250726,False,False,True,False,100,-1.1189491648383263
policy,64647,12773,12723,1769.7,250727,False,False,False,True,98,-1.2524989038527774
policy,64679,12779,12729,1770.5,250728,False,False,False,True,32,-0.7785827891701146
policy,64779,12799,12749,1772.9,250729,False,False,True,False,100,-1.4969624366966663
policy,64879,12819,12769,1775.7,250730,False,False,True,False,100,-1.2942608966419265
policy,64928,12829,12779,1777.4,250731,False,False,False,True,49,-1.0854233250434535
policy,65028,12849,12799,1781.9,250732,False,False,True,False,100,-1.466354906755274
policy,65108,12865,12815,1785.3,250733,False,False,False,True,80,-1.1513664678337938
policy,65208,12885,12835,1789.4,250734,False,False,True,False,100,-1.1861352958780313
policy,65308,12905,12855,1793.7,250735,False,False,True,False,100,-1.3259592703184402
policy,65408,12925,12875,1798.6,250736,False,False,False,True,100,-1.1354945595659718
policy,65463,12936,12886,1801.1,250737,False,False,False,True,55,-0.9970148946327129
policy,65563,12956,12906,1806.1,250738,False,False,True,False,100,-1.653777984945959
policy,65652,12974,12924,1809.6,250739,False,False,False,True,89,-1.292532382632565
policy,65752,12994,12944,1812.2,250740,False,False,True,False,100,-1.269708611897888
policy,65852,13014,12964,1814.8,250741,False,False,True,False,100,-1.499513094321721
policy,65952,13034,12984,1817.3,250742,False,False,True,False,100,-1.6603187653987233
policy,65965,13036,12986,1817.6,250743,False,False,False,True,13,-0.8068219433073454
policy,66065,13056,13006,1820.3,250744,False,False,True,False,100,-1.5624843657728749
policy,66165,13076,13026,1822.9,250745,False,False,True,False,100,-1.2476815003531487
policy,66265,13096,13046,1825.5,250746,False,False,True,False,100,-1.6438791619312645
policy,66345,13112,13062,1827.4,250747,False,False,False,True,80,-1.207528827028738
policy,66445,13132,13082,1829.7,250748,False,False,True,False,100,-1.516967732439699
policy,66498,13143,13093,1831.1,250749,False,False,False,True,53,-0.8528190148864123
policy,66598,13163,13113,1833.5,250750,False,False,True,False,100,-1.231986283815418
policy,66698,13183,13133,1836.0,250751,False,False,True,False,100,-1.2192963825542282
policy,66798,13203,13153,1838.4,250752,False,False,True,False,100,-1.164868506682985
policy,66898,13223,13173,1840.9,250753,False,False,True,False,100,-1.7075421187598614
policy,66998,13243,13193,1843.6,250754,False,False,True,False,100,-1.2956250591155878
policy,67098,13263,13213,1846.1,250755,False,False,True,False,100,-1.2063842837550645
policy,67198,13283,13233,1848.7,250756,False,False,True,False,100,-1.430373469396438
policy,67229,13289,13239,1849.5,250757,False,False,False,True,31,-0.8427019615570062
policy,67329,13309,13259,1852.1,250758,False,False,True,False,100,-1.470243002434235
policy,67429,13329,13279,1854.6,250759,False,False,True,False,100,-1.5120976664410024
policy,67529,13349,13299,1857.1,250760,False,False,True,False,100,-1.461092398165405
policy,67629,13369,13319,1859.6,250761,False,False,True,False,100,-1.4393058619648738
policy,67638,13371,13321,1859.9,250762,False,False,False,True,9,-0.8734767038104649
policy,67738,13391,13341,1862.4,250763,False,False,True,False,100,-1.2807364767748355
policy,67838,13411,13361,1865.0,250764,False,False,True,False,100,-1.2204356916315457
policy,67938,13431,13381,1867.6,250765,False,False,True,False,100,-1.2298220276882912
policy,68000,13443,13393,1869.2,250766,False,False,False,True,62,-1.1529211662236654
policy,68100,13463,13413,1871.7,250767,False,False,True,False,100,-1.634317100517186
policy,68200,13483,13433,1874.4,250768,False,False,True,False,100,-1.432574735554641
policy,68300,13503,13453,1877.1,250769,False,False,True,False,100,-1.2700139812309796
policy,68329,13509,13459,1878.0,250770,False,False,False,True,29,-0.6981059541699198
policy,68429,13529,13479,1880.7,250771,False,False,False,True,100,-1.2019882683529648
policy,68529,13549,13499,1883.3,250772,False,False,True,False,100,-1.4601941624259704
policy,68596,13563,13513,1884.9,250773,False,False,False,True,67,-1.0416626225254793
policy,68652,13574,13524,1886.2,250774,False,False,False,True,56,-1.0197190903785824
policy,68752,13594,13544,1888.8,250775,False,False,True,False,100,-1.3910232003679872
policy,68852,13614,13564,1891.3,250776,False,False,True,False,100,-1.4805368000878898
policy,68952,13634,13584,1893.7,250777,False,False,True,False,100,-1.4656315641178994
policy,69052,13654,13604,1896.2,250778,False,False,True,False,100,-1.1338301357684384
policy,69141,13672,13622,1898.5,250779,False,False,False,True,89,-1.436594542737053
policy,69180,13679,13629,1899.4,250780,False,False,False,True,39,-0.9215368319041566
policy,69280,13699,13649,1902.1,250781,False,False,True,False,100,-1.1218736469640784
policy,69380,13719,13669,1904.6,250782,False,False,True,False,100,-1.3716335439243794
policy,69480,13739,13689,1907.3,250783,False,False,True,False,100,-1.7842662213428135
policy,69580,13759,13709,1909.9,250784,False,False,True,False,100,-1.5682257783341624
policy,69680,13779,13729,1912.4,250785,False,False,True,False,100,-1.7137260355208852
policy,69780,13799,13749,1915.0,250786,False,False,True,False,100,-1.324063698691671
policy,69880,13819,13769,1917.4,250787,False,False,True,False,100,-1.4187949301161065
policy,69980,13839,13789,1919.8,250788,False,False,True,False,100,-1.2781914103169871
policy,70031,13850,13800,1921.2,250789,False,False,False,True,51,-1.0409192924494695
policy,70131,13870,13820,1923.6,250790,False,False,True,False,100,-1.2916322886835472
policy,70231,13890,13840,1926.2,250791,False,False,True,False,100,-1.350261603345973
policy,70331,13910,13860,1928.8,250792,False,True,True,False,100,-1.733428801900117
policy,70431,13930,13880,1931.3,250793,False,False,True,False,100,-1.2645580507864085
policy,70531,13950,13900,1934.0,250794,False,False,True,False,100,-1.1635326599861828
policy,70631,13970,13920,1936.7,250795,False,False,True,False,100,-1.5909325380085133
policy,70729,13989,13939,1939.2,250796,False,False,False,True,98,-1.6499443432059546
policy,70829,14009,13959,1941.8,250797,False,False,True,False,100,-1.3534660428311802
policy,70919,14027,13977,1944.1,250798,False,False,False,True,90,-1.6127486832279685
policy,71019,14047,13997,1946.7,250799,False,False,True,False,100,-1.4552456990271536
policy,71119,14067,14017,1949.3,250800,False,False,True,False,100,-1.1897580396922411
policy,71153,14074,14024,1950.2,250801,False,False,False,True,34,-0.9696290087766302
policy,71253,14094,14044,1952.8,250802,False,False,True,False,100,-1.6183697900971117
policy,71313,14106,14056,1954.4,250803,False,False,False,True,60,-1.0394347480256572
policy,71349,14113,14063,1955.3,250804,False,False,False,True,36,-0.7950417499333011
policy,71449,14133,14083,1958.0,250805,False,False,True,False,100,-1.6191113641798875
policy,71549,14153,14103,1960.8,250806,False,False,True,False,100,-1.3554010420052822
policy,71649,14173,14123,1963.6,250807,False,False,True,False,100,-1.0603904349394662
policy,71749,14193,14143,1966.4,250808,False,False,True,False,100,-1.4096636603667414
policy,71849,14213,14163,1969.2,250809,False,False,True,False,100,-1.3298437573100528
policy,71932,14230,14180,1971.4,250810,False,False,False,True,83,-1.2983390399026629
policy,72004,14244,14194,1973.3,250811,False,False,False,True,72,-1.1570553057619177
policy,72028,14249,14199,1973.9,250812,False,False,False,True,24,-1.0169486923557431
policy,72128,14269,14219,1976.7,250813,False,False,True,False,100,-1.3548643429304112
policy,72228,14289,14239,1979.3,250814,False,False,True,False,100,-1.67635893979761
policy,72328,14309,14259,1982.1,250815,False,False,True,False,100,-1.1604614216977225
policy,72428,14329,14279,1984.8,250816,False,False,True,False,100,-1.3845371343740185
policy,72501,14344,14294,1986.9,250817,False,False,False,True,73,-1.059923224983872
policy,72578,14359,14309,1988.8,250818,False,False,False,True,77,-1.3546200698259394
policy,72678,14379,14329,1991.3,250819,False,False,True,False,100,-1.2510656267027365
policy,72778,14399,14349,1993.8,250820,False,False,True,False,100,-1.4693618638572408
policy,72878,14419,14369,1996.2,250821,False,False,True,False,100,-1.0770945175014817
policy,72978,14439,14389,1998.7,250822,False,False,True,False,100,-1.3483209206457465
policy,73078,14459,14409,2001.2,250823,False,False,True,False,100,-1.5602841879609406
policy,73178,14479,14429,2003.9,250824,False,False,True,False,100,-1.3312638644179824
policy,73278,14499,14449,2006.3,250825,False,False,True,False,100,-1.6060160609471108
policy,73378,14519,14469,2008.6,250826,False,False,True,False,100,-1.3842498766948685
policy,73478,14539,14489,2011.0,250827,False,False,True,False,100,-1.282691617206287
policy,73578,14559,14509,2013.5,250828,False,False,True,False,100,-1.3927341403137528
policy,73678,14579,14529,2016.0,250829,False,False,True,False,100,-1.101954382474159
policy,73778,14599,14549,2018.5,250830,False,False,True,False,100,-1.570157642753798
policy,73821,14608,14558,2019.6,250831,False,False,False,True,43,-0.9864043131427922
policy,73921,14628,14578,2022.1,250832,False,False,True,False,100,-1.2003994203690282
policy,74021,14648,14598,2024.7,250833,False,False,True,False,100,-1.2361615010897846
policy,74121,14668,14618,2027.3,250834,False,False,True,False,100,-1.5834811458022302
policy,74221,14688,14638,2029.9,250835,False,False,True,False,100,-1.344321607943857
policy,74321,14708,14658,2032.3,250836,False,False,True,False,100,-1.1947414238253025
policy,74421,14728,14678,2034.8,250837,False,False,True,False,100,-1.3083116270937976
policy,74521,14748,14698,2037.2,250838,False,False,True,False,100,-1.3612153460912184
policy,74621,14768,14718,2039.7,250839,False,False,True,False,100,-1.7342899559251173
policy,74721,14788,14738,2042.2,250840,False,False,True,False,100,-1.2574316797276444
policy,74821,14808,14758,2044.7,250841,False,False,True,False,100,-1.8027339073695634
policy,74921,14828,14778,2047.2,250842,False,False,True,False,100,-1.4100153238521862
policy,75021,14848,14798,2049.7,250843,False,False,True,False,100,-1.341347050560705
policy,75062,14856,14806,2050.8,250844,False,False,False,True,41,-1.0492347017951427
policy,75125,14868,14818,2052.4,250845,False,False,False,True,63,-1.0162326769768333
policy,75225,14888,14838,2055.0,250846,False,False,True,False,100,-1.2946790552035237
policy,75325,14908,14858,2057.5,250847,False,False,True,False,100,-1.3852679600258733
policy,75425,14928,14878,2060.1,250848,False,False,True,False,100,-1.4294140617885094
policy,75525,14948,14898,2062.6,250849,False,False,True,False,100,-1.3585997216819423
policy,75536,14951,14901,2063.0,250850,False,False,False,True,11,-0.80026779141449
policy,75636,14971,14921,2065.6,250851,False,False,True,False,100,-1.1434250480411992
policy,75736,14991,14941,2068.1,250852,False,False,True,False,100,-1.2791467196597752
policy,75836,15011,14961,2070.5,250853,False,False,True,False,100,-1.7269474652141357
policy,75920,15027,14977,2072.5,250854,False,True,False,True,84,-1.0722596685458081
policy,76020,15047,14997,2075.0,250855,False,False,True,False,100,-1.291613166503277
policy,76120,15067,15017,2077.5,250856,False,False,True,False,100,-1.5003966352286198
policy,76211,15086,15036,2079.9,250857,False,False,False,True,91,-1.3916395734985971
policy,76311,15106,15056,2082.3,250858,False,False,True,False,100,-1.4784599390049722
policy,76411,15126,15076,2084.7,250859,False,False,True,False,100,-1.5253628233344823
policy,76511,15146,15096,2087.2,250860,False,False,True,False,100,-1.2838565667808255
policy,76611,15166,15116,2089.7,250861,False,False,True,False,100,-1.5309793498878541
policy,76711,15186,15136,2092.1,250862,False,False,True,False,100,-1.7324788525709867
policy,76811,15206,15156,2094.5,250863,False,False,True,False,100,-1.3655976564441152
policy,76814,15206,15156,2094.5,250864,False,False,False,True,3,-0.6813775876198012
policy,76878,15219,15169,2096.1,250865,False,False,False,True,64,-1.1979315469388605
policy,76978,15239,15189,2098.6,250866,False,False,True,False,100,-1.1437190564721122
policy,77078,15259,15209,2101.1,250867,False,False,True,False,100,-1.2879026506429836
policy,77178,15279,15229,2104.0,250868,False,False,True,False,100,-1.1469392632214745
policy,77223,15288,15238,2105.1,250869,False,False,False,True,45,-1.1780695442821454
policy,77323,15308,15258,2107.7,250870,False,False,True,False,100,-1.2012240691945326
policy,77423,15328,15278,2110.3,250871,False,False,True,False,100,-1.3972588839248878
policy,77523,15348,15298,2112.9,250872,False,False,True,False,100,-1.6774160280206063
policy,77623,15368,15318,2115.4,250873,False,False,True,False,100,-1.371809138673687
policy,77709,15385,15335,2117.4,250874,False,False,False,True,86,-1.3267212126897805
policy,77794,15402,15352,2119.4,250875,False,False,False,True,85,-1.0262794534776645
policy,77894,15422,15372,2121.9,250876,False,False,True,False,100,-1.4261073581071904
policy,77994,15442,15392,2124.3,250877,False,False,True,False,100,-1.3221426438799482
policy,78094,15462,15412,2126.8,250878,False,False,True,False,100,-1.220801107532508
policy,78194,15482,15432,2129.4,250879,False,False,True,False,100,-1.488863788742662
policy,78279,15499,15449,2131.6,250880,False,False,False,True,85,-1.1136290423178938
policy,78370,15517,15467,2133.9,250881,False,False,False,True,91,-1.5470221629936336
policy,78453,15534,15484,2136.3,250882,False,False,False,True,83,-1.0521981120173844
policy,78553,15554,15504,2139.0,250883,False,False,True,False,100,-1.5638828174658896
policy,78575,15558,15508,2139.5,250884,False,False,False,True,22,-0.754698451593925
policy,78675,15578,15528,2141.9,250885,False,False,True,False,100,-1.1085415167457267
policy,78772,15598,15548,2144.3,250886,False,False,False,True,97,-1.6835351539949837
policy,78872,15618,15568,2146.8,250887,False,False,True,False,100,-1.5829709158383656
policy,78907,15625,15575,2147.6,250888,False,False,False,True,35,-0.9769120689001743
policy,79007,15645,15595,2150.0,250889,False,False,True,False,100,-1.507600120535129
policy,79107,15665,15615,2152.5,250890,False,False,True,False,100,-1.370642111994558
policy,79172,15678,15628,2154.0,250891,False,False,False,True,65,-1.0045930626697175
policy,79272,15698,15648,2156.4,250892,False,False,True,False,100,-1.213938739261708
policy,79327,15709,15659,2157.7,250893,False,False,False,True,55,-0.9707384852218389
policy,79427,15729,15679,2160.1,250894,False,False,True,False,100,-1.4153780724565301
policy,79527,15749,15699,2162.5,250895,False,False,True,False,100,-1.5819914033340163
policy,79627,15769,15719,2165.0,250896,False,False,True,False,100,-1.759451211352596
policy,79727,15789,15739,2167.6,250897,False,False,True,False,100,-1.3190276982441103
policy,79827,15809,15759,2170.2,250898,False,False,True,False,100,-1.4085850119469903
policy,79927,15829,15779,2172.8,250899,False,False,True,False,100,-1.1064343435010038
policy,80017,15847,15797,2175.3,250900,False,False,False,True,90,-1.1593608671952549
policy,80107,15865,15815,2177.7,250901,False,False,False,True,90,-1.025194410780113
policy,80169,15877,15827,2179.2,250902,False,False,False,True,62,-1.1906237981734535
policy,80269,15897,15847,2181.8,250903,False,False,True,False,100,-1.2936649283893769
policy,80369,15917,15867,2184.4,250904,False,False,True,False,100,-1.3042892831959627
policy,80469,15937,15887,2186.8,250905,False,False,True,False,100,-1.3038624219642663
policy,80486,15941,15891,2187.3,250906,False,False,False,True,17,-0.7445512807769277
policy,80586,15961,15911,2189.7,250907,False,False,True,False,100,-1.5502908059762888
policy,80686,15981,15931,2192.2,250908,False,False,True,False,100,-1.520545820717079
policy,80786,16001,15951,2194.6,250909,False,False,True,False,100,-1.505039181290904
policy,80886,16021,15971,2197.1,250910,False,False,True,False,100,-1.1299363234932502
policy,80986,16041,15991,2199.6,250911,False,False,True,False,100,-1.311540835492886
policy,81070,16057,16007,2201.6,250912,False,False,False,True,84,-1.2398272233734655
policy,81160,16075,16025,2203.9,250913,False,False,False,True,90,-1.3205660513917608
policy,81260,16095,16045,2206.5,250914,False,False,True,False,100,-1.7549937120469667
policy,81360,16115,16065,2209.0,250915,False,False,True,False,100,-1.0837062033845224
policy,81460,16135,16085,2211.5,250916,False,False,True,False,100,-1.4366383060026329
policy,81493,16142,16092,2212.3,250917,False,False,False,True,33,-0.9769952917789069
policy,81593,16162,16112,2214.9,250918,False,False,True,False,100,-1.1618073163111056
policy,81693,16182,16132,2217.4,250919,False,False,True,False,100,-1.6220944265138415
policy,81793,16202,16152,2220.1,250920,False,False,True,False,100,-1.8390177895152757
policy,81839,16211,16161,2221.4,250921,False,False,False,True,46,-0.979033637756175
policy,81939,16231,16181,2224.1,250922,False,False,True,False,100,-1.1552301146153676
policy,81949,16233,16183,2224.3,250923,False,False,False,True,10,-0.785886439609054
policy,82049,16253,16203,2226.9,250924,False,False,True,False,100,-1.4576686102422083
policy,82149,16273,16223,2229.5,250925,False,False,True,False,100,-1.5901488976754883
policy,82249,16293,16243,2232.0,250926,False,False,True,False,100,-1.33994166115925
policy,82349,16313,16263,2234.6,250927,False,False,True,False,100,-1.3411647486226164
policy,82449,16333,16283,2237.2,250928,False,False,True,False,100,-1.278038770319356
policy,82549,16353,16303,2240.0,250929,False,False,True,False,100,-1.3618015022876937
policy,82649,16373,16323,2242.7,250930,False,False,True,False,100,-1.451584509194907
policy,82739,16391,16341,2245.2,250931,False,False,False,True,90,-1.0257498698286094
policy,82839,16411,16361,2247.9,250932,False,False,True,False,100,-1.4984394512482129
policy,82939,16431,16381,2250.6,250933,False,False,True,False,100,-1.5287765059404617
policy,83039,16451,16401,2253.4,250934,False,False,True,False,100,-1.3950466644953383
policy,83106,16465,16415,2255.2,250935,False,False,False,True,67,-1.1762011392888787
policy,83206,16485,16435,2257.7,250936,False,False,True,False,100,-1.496174194494237
policy,83306,16505,16455,2260.4,250937,False,False,True,False,100,-1.4337601583823123
policy,83406,16525,16475,2263.0,250938,False,False,True,False,100,-1.547452422322816
policy,83503,16544,16494,2265.6,250939,False,False,False,True,97,-1.2407678420169823
policy,83603,16564,16514,2268.2,250940,False,False,True,False,100,-1.1181857838547482
policy,83703,16584,16534,2270.7,250941,False,False,True,False,100,-1.2422288024707049
policy,83803,16604,16554,2273.3,250942,False,False,True,False,100,-1.1402911213529698
policy,83903,16624,16574,2276.0,250943,False,False,True,False,100,-1.6257287826277529
policy,84003,16644,16594,2278.6,250944,False,False,True,False,100,-1.5216134262579095
policy,84103,16664,16614,2281.0,250945,False,False,True,False,100,-1.4962281773646648
policy,84136,16671,16621,2281.9,250946,False,False,False,True,33,-0.9333724441250837
policy,84236,16691,16641,2284.3,250947,False,False,True,False,100,-1.371210088751471
policy,84336,16711,16661,2286.8,250948,False,False,True,False,100,-1.1213915651337687
policy,84436,16731,16681,2289.4,250949,False,False,True,False,100,-1.3498891763133893
policy,84461,16736,16686,2290.0,250950,False,False,False,True,25,-0.8694581465073076
policy,84502,16744,16694,2291.0,250951,False,False,False,True,41,-1.0603003199982433
policy,84602,16764,16714,2293.6,250952,False,False,True,False,100,-1.1616955174593628
policy,84702,16784,16734,2296.1,250953,False,False,True,False,100,-1.4289928777170782
policy,84802,16804,16754,2298.8,250954,False,False,True,False,100,-1.351274930651261
policy,84826,16809,16759,2299.5,250955,False,False,False,True,24,-0.998952092107218
policy,84926,16829,16779,2302.2,250956,False,False,True,False,100,-1.2862533505643174
policy,84961,16836,16786,2303.2,250957,False,False,False,True,35,-0.8539689660172132
policy,85061,16856,16806,2305.9,250958,False,False,True,False,100,-1.4480227427667733
policy,85143,16872,16822,2307.8,250959,False,False,False,True,82,-1.2401777326910133
policy,85243,16892,16842,2310.3,250960,False,False,True,False,100,-1.3611622877270857
policy,85297,16903,16853,2311.6,250961,False,False,False,True,54,-1.1788157164270172
policy,85397,16923,16873,2314.0,250962,False,False,True,False,100,-1.255151319593185
policy,85497,16943,16893,2316.6,250963,False,False,True,False,100,-1.5239223079267712
policy,85597,16963,16913,2319.2,250964,False,False,True,False,100,-1.600264733558874
policy,85670,16977,16927,2321.5,250965,False,False,False,True,73,-1.1459723220347748
policy,85770,16997,16947,2324.0,250966,False,False,True,False,100,-1.0848912196603209
policy,85870,17017,16967,2326.5,250967,False,False,True,False,100,-1.4591713255508547
policy,85970,17037,16987,2329.1,250968,False,False,True,False,100,-1.6022745211220593
policy,86070,17057,17007,2331.6,250969,False,False,True,False,100,-1.3228955640292137
policy,86170,17077,17027,2334.1,250970,False,False,True,False,100,-1.547483698764055
policy,86270,17097,17047,2336.5,250971,False,False,True,False,100,-1.3846677477947285
policy,86277,17099,17049,2336.8,250972,False,False,False,True,7,-0.6790011729261405
policy,86377,17119,17069,2339.2,250973,False,False,True,False,100,-1.4098604840183429
policy,86477,17139,17089,2341.6,250974,False,False,True,False,100,-1.5622441762645207
policy,86577,17159,17109,2344.3,250975,False,False,True,False,100,-1.4292533254419721
policy,86677,17179,17129,2346.8,250976,False,False,True,False,100,-1.3972471928611558
policy,86777,17199,17149,2349.2,250977,False,False,True,False,100,-1.3873521996665223
policy,86877,17219,17169,2351.6,250978,False,False,True,False,100,-1.374137738917584
policy,86977,17239,17189,2354.1,250979,False,False,True,False,100,-1.635139589751659
policy,87077,17259,17209,2356.6,250980,False,False,True,False,100,-1.3299228620219568
policy,87177,17279,17229,2359.3,250981,False,False,True,False,100,-1.6163503061422915
policy,87277,17299,17249,2361.8,250982,False,False,True,False,100,-1.2376204256474974
policy,87377,17319,17269,2364.4,250983,False,False,True,False,100,-1.5359133764063346
policy,87421,17328,17278,2365.6,250984,False,False,False,True,44,-1.0989920210185518
policy,87473,17338,17288,2366.9,250985,False,False,False,True,52,-1.1787250792532915
policy,87573,17358,17308,2369.4,250986,False,False,True,False,100,-1.3203967334059654
policy,87606,17365,17315,2370.3,250987,False,False,False,True,33,-0.8653833852215675
policy,87634,17370,17320,2370.9,250988,False,False,False,True,28,-0.9017449597356277
policy,87734,17390,17340,2373.5,250989,False,False,True,False,100,-1.4041792708595113
policy,87834,17410,17360,2376.0,250990,False,False,True,False,100,-1.8699425137523447
policy,87922,17428,17378,2378.2,250991,False,False,False,True,88,-1.155975292553459
policy,88022,17448,17398,2380.6,250992,False,False,True,False,100,-1.3101199738687033
policy,88122,17468,17418,2383.1,250993,False,False,True,False,100,-1.5365035678027779
policy,88169,17477,17427,2384.3,250994,False,False,False,True,47,-0.7907377360180388
policy,88269,17497,17447,2386.8,250995,False,False,True,False,100,-1.435282107759309
policy,88369,17517,17467,2389.3,250996,False,False,True,False,100,-1.287984255789167
policy,88430,17529,17479,2390.9,250997,False,False,False,True,61,-1.1673648922847526
policy,88530,17549,17499,2393.5,250998,False,False,True,False,100,-1.2720174306634215
policy,88589,17561,17511,2395.0,250999,False,False,False,True,59,-1.3037840665387925
policy,88630,17569,17519,2396.0,251000,False,False,False,True,41,-1.023439159468226
policy,88730,17589,17539,2398.8,251001,False,True,True,False,100,-1.5283643881888809
policy,88803,17604,17554,2400.8,251002,False,False,False,True,73,-1.289064349891467
policy,88903,17624,17574,2403.5,251003,False,False,True,False,100,-1.7972659967541085
policy,89002,17644,17594,2406.5,251004,False,False,False,True,99,-1.4802435944001564
policy,89059,17655,17605,2407.9,251005,False,False,False,True,57,-1.003835986240806
policy,89086,17661,17611,2408.7,251006,False,False,False,True,27,-0.8613889949325639
policy,89122,17668,17618,2409.7,251007,False,False,False,True,36,-0.7920007157084091
policy,89222,17688,17638,2412.3,251008,False,False,True,False,100,-1.111913066098083
policy,89322,17708,17658,2415.0,251009,False,False,True,False,100,-1.5252712826992791
policy,89422,17728,17678,2417.6,251010,False,False,True,False,100,-1.3178682668991275
policy,89522,17748,17698,2420.2,251011,False,False,True,False,100,-1.703269898079245
policy,89622,17768,17718,2422.8,251012,False,False,True,False,100,-1.5377733470689552
policy,89697,17783,17733,2424.9,251013,False,False,False,True,75,-1.2317030608137955
policy,89765,17796,17746,2426.6,251014,False,False,False,True,68,-0.9742848739233522
policy,89865,17816,17766,2429.3,251015,False,False,True,False,100,-1.5040720962400247
policy,89965,17836,17786,2431.8,251016,False,False,True,False,100,-1.1918041752370618
policy,89982,17840,17790,2432.3,251017,False,False,False,True,17,-0.6496042706514195
policy,90082,17860,17810,2434.8,251018,False,False,True,False,100,-1.398941762997934
policy,90159,17875,17825,2436.8,251019,False,False,False,True,77,-1.3337113921930381
policy,90259,17895,17845,2439.3,251020,False,False,True,False,100,-1.4267920708718598
policy,90298,17903,17853,2440.4,251021,False,False,False,True,39,-0.8947228591719947
policy,90398,17923,17873,2442.9,251022,False,False,True,False,100,-1.4580589965257305
policy,90498,17943,17893,2445.6,251023,False,False,True,False,100,-1.4481707810568438
policy,90567,17957,17907,2447.5,251024,False,False,False,True,69,-1.242240981360628
policy,90622,17968,17918,2449.0,251025,False,False,False,True,55,-0.9995462222159848
policy,90722,17988,17938,2451.8,251026,False,False,True,False,100,-1.4595142288037213
policy,90822,18008,17958,2454.6,251027,False,False,True,False,100,-1.5528800324049503
policy,90922,18028,17978,2457.5,251028,False,False,True,False,100,-1.316711722957186
policy,91022,18048,17998,2460.1,251029,False,False,True,False,100,-1.3640595804016131
policy,91077,18059,18009,2461.6,251030,False,False,False,True,55,-0.958365834470106
policy,91177,18079,18029,2464.3,251031,False,False,True,False,100,-1.1674670881745004
policy,91277,18099,18049,2467.0,251032,False,False,True,False,100,-1.549755051853992
policy,91377,18119,18069,2469.8,251033,False,False,True,False,100,-1.2609774587839226
policy,91408,18125,18075,2470.6,251034,False,False,False,True,31,-0.9619182636308368
policy,91462,18136,18086,2472.1,251035,False,False,False,True,54,-0.9449289458228236
policy,91562,18156,18106,2474.7,251036,False,False,True,False,100,-1.432597605230376
policy,91662,18176,18126,2477.3,251037,False,False,True,False,100,-1.5065576059235888
policy,91762,18196,18146,2479.9,251038,False,False,True,False,100,-1.3578302744653685
policy,91862,18216,18166,2482.4,251039,False,False,True,False,100,-1.2533863102444536
policy,91962,18236,18186,2485.0,251040,False,False,True,False,100,-1.08477812875479
policy,92006,18245,18195,2486.1,251041,False,False,False,True,44,-1.0854692782318835
policy,92106,18265,18215,2488.8,251042,False,False,True,False,100,-1.810492561646356
policy,92175,18278,18228,2490.6,251043,False,False,False,True,69,-1.1203469831030048
policy,92225,18288,18238,2491.9,251044,False,False,False,True,50,-1.021781137968567
policy,92325,18308,18258,2494.6,251045,False,False,True,False,100,-1.4485593714395484
policy,92425,18328,18278,2497.4,251046,False,False,True,False,100,-1.511225036294454
policy,92525,18348,18298,2500.0,251047,False,False,True,False,100,-1.4386179242447394
policy,92625,18368,18318,2502.6,251048,False,False,True,False,100,-1.5798547777366843
policy,92725,18388,18338,2505.3,251049,False,False,True,False,100,-1.1222941422278792
policy,92825,18408,18358,2507.9,251050,False,False,True,False,100,-1.3353520070855713
policy,92925,18428,18378,2510.5,251051,False,False,True,False,100,-1.3757977208553804
policy,93025,18448,18398,2513.2,251052,False,False,True,False,100,-1.3031307572057467
policy,93125,18468,18418,2515.9,251053,False,False,True,False,100,-1.5939335789877007
policy,93218,18487,18437,2520.6,251054,False,False,False,True,93,-1.1845268648724123
policy,93318,18507,18457,2522.9,251055,False,False,True,False,100,-1.183865714439301
policy,93418,18527,18477,2525.4,251056,False,False,True,False,100,-1.6253511942853573
policy,93518,18547,18497,2528.1,251057,False,False,True,False,100,-1.2119361570967695
policy,93618,18567,18517,2530.7,251058,False,False,True,False,100,-1.3131484166383087
policy,93718,18587,18537,2533.2,251059,False,True,True,False,100,-1.6906693334091032
policy,93818,18607,18557,2536.1,251060,False,False,True,False,100,-1.1706907872993952
policy,93918,18627,18577,2538.8,251061,False,False,True,False,100,-1.4185883749527464
policy,94018,18647,18597,2541.6,251062,False,False,True,False,100,-1.249337159062787
policy,94071,18658,18608,2543.1,251063,False,False,False,True,53,-1.0878344739397345
policy,94171,18678,18628,2545.9,251064,False,False,True,False,100,-1.2395768485299983
policy,94271,18698,18648,2548.6,251065,False,False,True,False,100,-1.468979677502721
policy,94371,18718,18668,2551.3,251066,False,False,True,False,100,-1.4171503650504245
policy,94471,18738,18688,2553.9,251067,False,False,True,False,100,-1.1602336425952808
policy,94571,18758,18708,2556.4,251068,False,False,True,False,100,-1.508365456592999
policy,94671,18778,18728,2559.1,251069,False,False,True,False,100,-1.619433406563485
policy,94731,18790,18740,2560.7,251070,False,False,False,True,60,-0.9463771191057053
policy,94831,18810,18760,2563.2,251071,False,False,True,False,100,-1.2524521428937856
policy,94931,18830,18780,2565.9,251072,False,False,True,False,100,-1.1852264480881343
policy,95031,18850,18800,2568.5,251073,False,False,True,False,100,-1.394097037060234
policy,95131,18870,18820,2571.3,251074,False,False,True,False,100,-1.4241709512148617
policy,95204,18884,18834,2573.2,251075,False,False,False,True,73,-1.2048322308045132
policy,95304,18904,18854,2576.0,251076,False,False,True,False,100,-1.191464523158372
policy,95359,18915,18865,2577.5,251077,False,False,False,True,55,-1.0538645539367801
policy,95459,18935,18885,2580.2,251078,False,False,True,False,100,-1.4246323554910911
policy,95559,18955,18905,2582.8,251079,False,False,True,False,100,-1.5672528044312006
policy,95659,18975,18925,2585.7,251080,False,False,True,False,100,-1.5248323259559493
policy,95759,18995,18945,2588.4,251081,False,False,True,False,100,-1.5388022240123025
policy,95859,19015,18965,2591.1,251082,False,False,True,False,100,-1.4262075713095266
policy,95915,19026,18976,2592.6,251083,False,False,False,True,56,-0.9963438597300266
policy,96015,19046,18996,2595.4,251084,False,False,True,False,100,-1.328225135605474
policy,96057,19055,19005,2596.6,251085,False,False,False,True,42,-0.9877063957471877
policy,96157,19075,19025,2599.1,251086,False,False,True,False,100,-1.498048320779473
policy,96257,19095,19045,2601.6,251087,False,False,True,False,100,-1.1760123460921483
policy,96357,19115,19065,2604.3,251088,False,False,True,False,100,-1.4504713816050148
policy,96457,19135,19085,2606.9,251089,False,False,True,False,100,-1.3134717631600383
policy,96498,19143,19093,2608.0,251090,False,False,False,True,41,-1.01794763906489
policy,96598,19163,19113,2610.6,251091,False,False,True,False,100,-1.321786510373929
policy,96698,19183,19133,2613.4,251092,False,False,True,False,100,-1.620483929426904
policy,96798,19203,19153,2616.2,251093,False,False,True,False,100,-1.116913932069557
policy,96895,19222,19172,2618.8,251094,False,False,False,True,97,-1.391873958275079
policy,96995,19242,19192,2621.4,251095,False,False,True,False,100,-1.383447470912499
policy,97095,19262,19212,2624.0,251096,False,False,True,False,100,-1.2267041905493652
policy,97195,19282,19232,2626.5,251097,False,False,True,False,100,-1.4042391836364252
policy,97295,19302,19252,2629.1,251098,False,False,True,False,100,-1.7363615682890299
policy,97391,19322,19272,2631.6,251099,False,False,False,True,96,-1.4252224929832948
policy,97491,19342,19292,2634.1,251100,False,False,True,False,100,-1.1668262228061292
policy,97591,19362,19312,2636.7,251101,False,False,True,False,100,-1.3447094758823737
policy,97622,19368,19318,2637.5,251102,False,False,False,True,31,-0.9354125071738345
policy,97722,19388,19338,2640.0,251103,False,False,True,False,100,-1.406384852855001
policy,97822,19408,19358,2642.6,251104,False,False,True,False,100,-1.4417577933553818
policy,97922,19428,19378,2645.1,251105,False,False,True,False,100,-1.4430176145822897
policy,98022,19448,19398,2647.7,251106,False,False,True,False,100,-1.3025757980391035
policy,98092,19462,19412,2649.5,251107,False,False,False,True,70,-1.108524149847718
policy,98192,19482,19432,2652.0,251108,False,False,True,False,100,-1.224625279349329
policy,98292,19502,19452,2654.4,251109,False,False,True,False,100,-1.2546081089988066
policy,98371,19518,19468,2656.3,251110,False,False,False,True,79,-1.081607311422621
policy,98471,19538,19488,2658.8,251111,False,False,True,False,100,-1.4336886157186597
policy,98571,19558,19508,2661.3,251112,False,False,True,False,100,-1.4327078246475147
policy,98671,19578,19528,2663.8,251113,False,False,True,False,100,-1.3882739515941176
policy,98771,19598,19548,2666.3,251114,False,False,True,False,100,-1.6255454711074275
policy,98871,19618,19568,2668.9,251115,False,False,True,False,100,-1.6601257941174334
policy,98971,19638,19588,2671.6,251116,False,False,True,False,100,-1.4939559272279483
policy,99025,19648,19598,2672.8,251117,False,False,False,True,54,-0.9992694961213507
policy,99125,19668,19618,2675.3,251118,False,False,True,False,100,-1.14794751704424
policy,99225,19688,19638,2677.8,251119,False,False,True,False,100,-1.361803801118425
policy,99325,19708,19658,2680.2,251120,False,False,True,False,100,-1.3807903251274316
policy,99425,19728,19678,2682.6,251121,False,False,True,False,100,-1.6815491562247344
policy,99525,19748,19698,2685.0,251122,False,False,True,False,100,-1.669566566585158
policy,99625,19768,19718,2687.6,251123,False,False,True,False,100,-1.2215088384916617
policy,99725,19788,19738,2690.2,251124,False,False,True,False,100,-1.1519777348095692
policy,99825,19808,19758,2692.8,251125,False,False,True,False,100,-1.5607954166904752
policy,99913,19826,19776,2695.2,251126,False,False,False,True,88,-1.3256999598939037
policy,99959,19835,19785,2696.4,251127,False,False,False,True,46,-0.8501422201552467
policy,100047,19853,19803,2698.9,251128,False,False,False,True,88,-1.3137166289553255
policy,100147,19873,19823,2701.5,251129,False,False,True,False,100,-1.3854239510014184
policy,100234,19890,19840,2703.7,251130,False,False,False,True,87,-1.0922755355488198
policy,100293,19902,19852,2705.5,251131,False,False,False,True,59,-0.9953959710994842
policy,100393,19922,19872,2707.9,251132,False,False,True,False,100,-1.2141573945762276
policy,100492,19942,19892,2710.4,251133,False,False,False,True,99,-1.5962089315075483
policy,100592,19962,19912,2712.9,251134,False,False,True,False,100,-1.6712150282584832
policy,100634,19970,19920,2713.9,251135,False,False,False,True,42,-1.0509643648166809
policy,100734,19990,19940,2716.5,251136,False,False,True,False,100,-1.5803678308785367
policy,100775,19998,19948,2717.5,251137,False,False,False,True,41,-0.8525773657042499
policy,100875,20018,19968,2720.0,251138,False,False,True,False,100,-1.1926047468695062
policy,100975,20038,19988,2722.5,251139,False,False,True,False,100,-1.1748127230808416
policy,101075,20058,20008,2725.1,251140,False,False,True,False,100,-1.4002957191637861
policy,101175,20078,20028,2727.6,251141,False,False,True,False,100,-1.254460100595909
policy,101242,20092,20042,2729.4,251142,False,False,False,True,67,-1.321457905459618
policy,101329,20109,20059,2731.4,251143,False,False,False,True,87,-1.6866897770665532
policy,101429,20129,20079,2733.9,251144,False,False,True,False,100,-1.4116502593677644
policy,101471,20138,20088,2735.0,251145,False,False,False,True,42,-1.1119224836463153
policy,101571,20158,20108,2737.5,251146,False,False,True,False,100,-1.4262591942801262
policy,101671,20178,20128,2740.0,251147,False,False,True,False,100,-1.5928997073798081
policy,101771,20198,20148,2742.5,251148,False,False,True,False,100,-1.6469674175661502
policy,101870,20217,20167,2744.9,251149,False,False,False,True,99,-1.3713001258543036
policy,101970,20237,20187,2747.3,251150,False,False,True,False,100,-1.4631483760850559
policy,102070,20257,20207,2749.8,251151,False,False,True,False,100,-1.3108682553021036
policy,102170,20277,20227,2752.2,251152,False,False,True,False,100,-1.1300832739765327
policy,102270,20297,20247,2754.7,251153,False,False,True,False,100,-1.18548422582029
policy,102370,20317,20267,2757.1,251154,False,False,True,False,100,-1.1945124184855909
policy,102454,20334,20284,2759.2,251155,False,False,False,True,84,-1.0421193406550744
policy,102554,20354,20304,2761.6,251156,False,False,True,False,100,-1.2559462659633085
policy,102596,20363,20313,2762.7,251157,False,False,False,True,42,-1.2113965941538054
policy,102696,20383,20333,2765.2,251158,False,False,True,False,100,-1.239997482116384
policy,102788,20401,20351,2767.4,251159,False,False,False,True,92,-1.1217439233406787
policy,102888,20421,20371,2769.8,251160,False,False,True,False,100,-1.6018843984552735
policy,102988,20441,20391,2772.2,251161,False,False,True,False,100,-1.476260112191993
policy,103088,20461,20411,2774.5,251162,False,False,True,False,100,-1.4178505002977968
policy,103188,20481,20431,2776.8,251163,False,False,True,False,100,-1.21021105910073
policy,103288,20501,20451,2779.1,251164,False,False,True,False,100,-1.824365588415028
policy,103388,20521,20471,2781.5,251165,False,False,True,False,100,-1.6324174013315305
policy,103488,20541,20491,2783.9,251166,False,False,True,False,100,-1.6056333419912958
policy,103588,20561,20511,2786.3,251167,False,False,True,False,100,-1.5972878797456755
policy,103688,20581,20531,2788.6,251168,False,False,True,False,100,-1.543404692400316
policy,103788,20601,20551,2790.9,251169,False,False,True,False,100,-1.2007652072162056
policy,103888,20621,20571,2793.2,251170,False,False,True,False,100,-1.4423986876938106
policy,103988,20641,20591,2795.4,251171,False,False,True,False,100,-1.3885602215129822
policy,104068,20657,20607,2797.2,251172,False,False,False,True,80,-1.0693456964851542
policy,104108,20665,20615,2798.2,251173,False,False,False,True,40,-1.0622175947813215
policy,104137,20671,20621,2798.9,251174,False,False,False,True,29,-0.8258671355545724
policy,104237,20691,20641,2801.2,251175,False,False,True,False,100,-1.1474035918551027
policy,104337,20711,20661,2803.6,251176,False,False,True,False,100,-1.447286176727637
policy,104437,20731,20681,2806.0,251177,False,False,True,False,100,-1.5709728046676203
policy,104537,20751,20701,2808.4,251178,False,False,True,False,100,-1.0909361066323924
policy,104637,20771,20721,2810.8,251179,False,False,True,False,100,-1.3796613210287538
policy,104737,20791,20741,2813.1,251180,False,False,True,False,100,-1.3123188438740434
policy,104803,20804,20754,2814.7,251181,False,False,False,True,66,-0.9819558871346125
policy,104903,20824,20774,2817.0,251182,False,False,True,False,100,-1.156298673848343
policy,105003,20844,20794,2819.3,251183,False,False,True,False,100,-1.3179043192459092
policy,105103,20864,20814,2821.6,251184,False,False,True,False,100,-1.3444441262025149
policy,105203,20884,20834,2823.8,251185,False,False,True,False,100,-1.3903446242923572
policy,105229,20889,20839,2824.3,251186,False,False,False,True,26,-0.8453427322873566
policy,105329,20909,20859,2826.6,251187,False,False,True,False,100,-1.264263446014678
policy,105429,20929,20879,2828.9,251188,False,False,True,False,100,-1.5756074735176357
policy,105529,20949,20899,2831.1,251189,False,False,True,False,100,-1.752687968801032
policy,105624,20968,20918,2833.2,251190,False,False,False,True,95,-1.3716268282529918
policy,105724,20988,20938,2835.4,251191,False,False,True,False,100,-1.2613839039473294
policy,105824,21008,20958,2837.7,251192,False,False,True,False,100,-1.1647746372219823
policy,105924,21028,20978,2839.9,251193,False,False,True,False,100,-1.403563946616208
policy,106024,21048,20998,2842.2,251194,False,False,True,False,100,-1.1216577886358081
policy,106060,21055,21005,2843.0,251195,False,False,False,True,36,-1.026569304768891
policy,106160,21075,21025,2845.4,251196,False,False,True,False,100,-1.4619716865159798
policy,106260,21095,21045,2847.8,251197,False,False,True,False,100,-1.3876471041731526
policy,106360,21115,21065,2850.1,251198,False,False,True,False,100,-1.4781844914931765
policy,106460,21135,21085,2852.4,251199,False,False,True,False,100,-1.1521461385647367
policy,106560,21155,21105,2854.6,251200,False,False,True,False,100,-1.2257778407445168
policy,106642,21172,21122,2856.6,251201,False,False,False,True,82,-1.441574506551177
policy,106742,21192,21142,2858.9,251202,False,False,True,False,100,-1.5240146579433105
policy,106842,21212,21162,2861.2,251203,False,False,True,False,100,-1.0831037564128296
policy,106942,21232,21182,2863.6,251204,False,False,True,False,100,-1.3230422982890475
policy,106950,21233,21183,2863.7,251205,False,False,False,True,8,-0.6382727174370042
policy,107050,21253,21203,2866.1,251206,False,False,True,False,100,-1.5653120334721022
policy,107150,21273,21223,2868.4,251207,False,False,True,False,100,-1.2090538262432615
policy,107250,21293,21243,2870.8,251208,False,False,True,False,100,-1.5418031937801753
policy,107264,21296,21246,2871.1,251209,False,False,False,True,14,-0.8812985871663187
policy,107364,21316,21266,2873.5,251210,False,False,True,False,100,-1.1557954691234928
policy,107464,21336,21286,2875.8,251211,False,False,True,False,100,-1.3538765872847387
policy,107564,21356,21306,2878.2,251212,False,False,True,False,100,-1.4996722177859174
policy,107664,21376,21326,2880.6,251213,False,False,True,False,100,-1.3621404443032545
policy,107764,21396,21346,2883.0,251214,False,False,True,False,100,-1.36413677368313
policy,107864,21416,21366,2885.6,251215,False,False,True,False,100,-1.4630745075627425
policy,107964,21436,21386,2888.2,251216,False,False,True,False,100,-1.4390388326420644
policy,108048,21453,21403,2890.4,251217,False,False,False,True,84,-1.447080143577859
policy,108148,21473,21423,2892.9,251218,False,False,True,False,100,-1.4673130978905151
policy,108248,21493,21443,2895.4,251219,False,False,True,False,100,-1.477835170752107
policy,108285,21500,21450,2896.3,251220,False,False,False,True,37,-1.0326190342208503
policy,108385,21520,21470,2898.7,251221,False,False,True,False,100,-1.3562498008242088
policy,108485,21540,21490,2901.0,251222,False,False,True,False,100,-1.1763446243470406
policy,108585,21560,21510,2903.3,251223,False,False,True,False,100,-1.3507551639008195
policy,108685,21580,21530,2905.6,251224,False,False,True,False,100,-1.6527438999199133
policy,108748,21593,21543,2907.0,251225,False,True,False,True,63,-1.1269427928260771
policy,108848,21613,21563,2909.3,251226,False,False,True,False,100,-1.4576695412222596
policy,108948,21633,21583,2911.6,251227,False,False,True,False,100,-1.1415422029554232
policy,109048,21653,21603,2914.0,251228,False,False,True,False,100,-1.198135428047482
policy,109088,21661,21611,2914.9,251229,False,False,False,True,40,-0.8301514402840143
policy,109188,21681,21631,2917.3,251230,False,False,True,False,100,-1.3508933036022792
policy,109288,21701,21651,2920.3,251231,False,False,True,False,100,-1.7330464648014938
policy,109349,21713,21663,2921.8,251232,False,False,False,True,61,-1.247991097057103
policy,109449,21733,21683,2924.4,251233,False,False,True,False,100,-1.5115229660951268
policy,109549,21753,21703,2926.7,251234,False,False,True,False,100,-1.3416258521389355
policy,109649,21773,21723,2929.2,251235,False,False,True,False,100,-1.3881355009365806
policy,109749,21793,21743,2931.8,251236,False,False,True,False,100,-1.5515132566378638
policy,109849,21813,21763,2934.3,251237,False,False,True,False,100,-1.4044461093683644
policy,109949,21833,21783,2936.8,251238,False,False,True,False,100,-1.2181852110096902
policy,110006,21845,21795,2938.3,251239,False,False,False,True,57,-0.9608639563300869
policy,110106,21865,21815,2940.6,251240,False,False,True,False,100,-1.287606264833101
policy,110206,21885,21835,2942.9,251241,False,False,True,False,100,-1.4806570976864197
policy,110306,21905,21855,2945.2,251242,False,False,True,False,100,-1.3745110414717092
policy,110406,21925,21875,2947.5,251243,False,False,True,False,100,-1.4064243096421305
policy,110506,21945,21895,2949.9,251244,False,False,True,False,100,-1.660510896710182
policy,110555,21954,21904,2950.9,251245,False,False,False,True,49,-1.0411815708395342
policy,110655,21974,21924,2953.3,251246,False,False,True,False,100,-1.3571246346372756
policy,110755,21994,21944,2955.7,251247,False,False,True,False,100,-1.2861643378768575
policy,110855,22014,21964,2958.3,251248,False,False,True,False,100,-1.4172309212863032
policy,110880,22019,21969,2958.9,251249,False,False,False,True,25,-0.7639612497291717
policy,110980,22039,21989,2961.4,251250,False,False,True,False,100,-1.2739710668097852
policy,111057,22055,22005,2963.4,251251,False,False,False,True,77,-1.1764251941729822
policy,111157,22075,22025,2965.7,251252,False,False,True,False,100,-1.707620456844192
policy,111246,22093,22043,2967.8,251253,False,False,False,True,89,-1.5109896821681406
policy,111318,22107,22057,2969.4,251254,False,False,False,True,72,-1.3249709524634126
policy,111380,22119,22069,2970.8,251255,False,False,False,True,62,-1.0531621429123452
policy,111480,22139,22089,2973.2,251256,False,False,True,False,100,-1.5721276608474433
policy,111580,22159,22109,2975.6,251257,False,False,True,False,100,-1.169712927113352
policy,111680,22179,22129,2978.0,251258,False,False,True,False,100,-1.190171483093705
policy,111780,22199,22149,2980.5,251259,False,False,True,False,100,-1.4027655683462215
policy,111846,22213,22163,2982.1,251260,False,False,False,True,66,-1.1641501127135556
policy,111946,22233,22183,2984.5,251261,False,False,True,False,100,-1.4758480841693666
policy,112046,22253,22203,2987.0,251262,False,False,True,False,100,-1.3793272581481681
policy,112146,22273,22223,2989.5,251263,False,False,True,False,100,-1.2175278486769756
policy,112246,22293,22243,2991.8,251264,False,False,True,False,100,-1.4874301140988968
policy,112346,22313,22263,2994.1,251265,False,False,True,False,100,-1.201669911370723
policy,112358,22315,22265,2994.3,251266,False,False,False,True,12,-0.670256802249571
policy,112458,22335,22285,2996.6,251267,False,False,True,False,100,-1.4232737297511373
policy,112558,22355,22305,2998.9,251268,False,True,True,False,100,-1.7799801639529835
policy,112658,22375,22325,3001.2,251269,False,False,True,False,100,-1.3158881971125445
policy,112745,22392,22342,3003.1,251270,False,False,False,True,87,-1.1535201099322707
policy,112845,22412,22362,3005.8,251271,False,False,True,False,100,-1.4189381608871272
policy,112938,22431,22381,3008.0,251272,False,False,False,True,93,-1.2755199443501197
policy,113022,22448,22398,3010.1,251273,False,False,False,True,84,-1.0781219983384769
policy,113122,22468,22418,3012.6,251274,False,False,True,False,100,-1.1844494253902653
policy,113222,22488,22438,3015.2,251275,False,False,True,False,100,-1.2888143862675054
policy,113322,22508,22458,3017.5,251276,False,False,True,False,100,-1.5415654917046415
policy,113416,22527,22477,3019.6,251277,False,True,False,True,94,-1.27331285546911
policy,113516,22547,22497,3021.8,251278,False,False,True,False,100,-1.1945088715147163
policy,113600,22563,22513,3023.6,251279,False,False,False,True,84,-1.0266692350828528
policy,113700,22583,22533,3025.7,251280,False,False,True,False,100,-1.3186026950882632
policy,113800,22603,22553,3028.0,251281,False,False,True,False,100,-1.2101857065777517
policy,113900,22623,22573,3030.2,251282,False,False,True,False,100,-1.4622366622555123
policy,114000,22643,22593,3032.5,251283,False,False,True,False,100,-1.381892121270733
policy,114020,22647,22597,3033.0,251284,False,False,False,True,20,-0.8603080566735055
policy,114034,22650,22600,3033.4,251285,False,False,False,True,14,-0.8519380136422041
policy,114086,22661,22611,3034.7,251286,False,False,False,True,52,-1.128874319247084
policy,114186,22681,22631,3037.1,251287,False,False,True,False,100,-1.3094632073373258
policy,114286,22701,22651,3039.7,251288,False,False,True,False,100,-1.1444727126874263
policy,114386,22721,22671,3042.1,251289,False,False,True,False,100,-1.3474686047137272
policy,114486,22741,22691,3044.5,251290,False,False,True,False,100,-1.7301857088725345
policy,114586,22761,22711,3046.8,251291,False,False,True,False,100,-1.30133543600541
policy,114686,22781,22731,3049.1,251292,False,False,True,False,100,-1.6685546230991473
policy,114786,22801,22751,3051.4,251293,False,False,True,False,100,-1.3055491814066174
policy,114886,22821,22771,3053.6,251294,False,True,True,False,100,-1.5076453925623419
policy,114986,22841,22791,3055.8,251295,False,False,True,False,100,-1.4700920676239162
policy,115086,22861,22811,3058.1,251296,False,False,True,False,100,-1.2397726101619386
policy,115186,22881,22831,3060.4,251297,False,False,True,False,100,-1.2688917408585514
policy,115236,22891,22841,3061.6,251298,False,False,False,True,50,-0.9369283624213414
policy,115336,22911,22861,3064.0,251299,False,False,True,False,100,-1.2308096975566973
policy,115436,22931,22881,3066.4,251300,False,False,True,False,100,-1.2250804046757324
policy,115536,22951,22901,3068.7,251301,False,False,True,False,100,-1.4023980591023313
policy,115636,22971,22921,3070.9,251302,False,False,True,False,100,-1.392001596850761
policy,115736,22991,22941,3073.2,251303,False,False,True,False,100,-1.1990727227077964
policy,115836,23011,22961,3075.6,251304,False,False,True,False,100,-1.1655505430890565
policy,115936,23031,22981,3077.9,251305,False,False,True,False,100,-1.152534034367378
policy,116036,23051,23001,3080.3,251306,False,False,True,False,100,-1.5925701989753391
policy,116136,23071,23021,3082.7,251307,False,False,True,False,100,-1.2608650583044616
policy,116236,23091,23041,3085.1,251308,False,False,True,False,100,-1.254479794840411
policy,116336,23111,23061,3087.6,251309,False,False,True,False,100,-1.4213867448063393
policy,116360,23115,23065,3088.3,251310,False,False,False,True,24,-0.7886111425257087
policy,116383,23120,23070,3088.9,251311,False,False,False,True,23,-0.8718602110902458
policy,116483,23140,23090,3091.3,251312,False,False,True,False,100,-1.5578972239211066
policy,116583,23160,23110,3093.5,251313,False,False,True,False,100,-1.5427871712879373
policy,116683,23180,23130,3096.4,251314,False,False,True,False,100,-1.8951368848420964
policy,116783,23200,23150,3098.9,251315,False,False,True,False,100,-1.3095517279653872
policy,116883,23220,23170,3101.2,251316,False,False,True,False,100,-1.4739383748307062
policy,116983,23240,23190,3103.5,251317,False,False,True,False,100,-1.3427223860897293
policy,117083,23260,23210,3105.7,251318,False,False,True,False,100,-1.4861019213237319
policy,117183,23280,23230,3108.0,251319,False,False,True,False,100,-1.505551476625677
policy,117268,23297,23247,3110.1,251320,False,False,False,True,85,-1.003807503081008
policy,117368,23317,23267,3112.5,251321,False,False,True,False,100,-1.4562415515072644
policy,117468,23337,23287,3115.0,251322,False,False,True,False,100,-1.3420887151142202
policy,117568,23357,23307,3117.6,251323,False,False,True,False,100,-1.2591310182172508
policy,117608,23365,23315,3118.5,251324,False,False,False,True,40,-0.8516842766791468
policy,117708,23385,23335,3120.9,251325,False,False,True,False,100,-1.3707716999723283
policy,117808,23405,23355,3123.3,251326,False,False,True,False,100,-1.1869797327096028
policy,117908,23425,23375,3125.5,251327,False,False,True,False,100,-1.3134225591622903
policy,118008,23445,23395,3127.7,251328,False,False,True,False,100,-1.3500627093332764
policy,118055,23454,23404,3128.7,251329,False,False,False,True,47,-1.353698926786326
policy,118155,23474,23424,3131.0,251330,False,False,True,False,100,-1.3501397775094595
policy,118195,23482,23432,3131.9,251331,False,False,False,True,40,-0.8335011395232474
policy,118247,23493,23443,3133.1,251332,False,False,False,True,52,-1.280067205036211
policy,118347,23513,23463,3135.4,251333,False,True,True,False,100,-1.539685554427725
policy,118414,23526,23476,3136.9,251334,False,False,False,True,67,-1.3374921734463585
policy,118514,23546,23496,3139.2,251335,False,False,True,False,100,-1.3487812940302923
policy,118614,23566,23516,3141.6,251336,False,False,True,False,100,-1.2601679664237002
policy,118714,23586,23536,3144.1,251337,False,False,True,False,100,-1.5547339581709965
policy,118814,23606,23556,3146.6,251338,False,False,True,False,100,-1.3149146305372272
policy,118884,23620,23570,3148.3,251339,False,False,False,True,70,-0.9739902534039271
policy,118920,23627,23577,3149.1,251340,False,False,False,True,36,-1.0311414813199944
policy,118971,23638,23588,3150.4,251341,False,False,False,True,51,-0.9757435161818658
policy,119071,23658,23608,3152.6,251342,False,False,True,False,100,-1.2647741265249814
policy,119171,23678,23628,3154.8,251343,False,False,True,False,100,-1.1767405312608028
policy,119241,23692,23642,3156.4,251344,False,False,False,True,70,-1.0593500719658944
policy,119309,23705,23655,3157.9,251345,False,False,False,True,68,-1.5079130946693884
policy,119409,23725,23675,3160.1,251346,False,False,True,False,100,-1.6178582697248718
policy,119478,23739,23689,3161.7,251347,False,False,False,True,69,-0.9370052201950596
policy,119578,23759,23709,3164.0,251348,False,False,True,False,100,-1.375412862107439
policy,119678,23779,23729,3166.4,251349,False,False,True,False,100,-1.3239566718612168
policy,119778,23799,23749,3168.7,251350,False,False,True,False,100,-1.6886942843439328
policy,119878,23819,23769,3171.0,251351,False,False,True,False,100,-1.2195866545490102
policy,119978,23839,23789,3173.4,251352,False,False,True,False,100,-1.7321022403630906
policy,120078,23859,23809,3175.7,251353,False,False,True,False,100,-1.2076260010695632
policy,120178,23879,23829,3178.0,251354,False,False,True,False,100,-1.3437836181099492
policy,120278,23899,23849,3180.3,251355,False,False,True,False,100,-1.569821932086537
policy,120378,23919,23869,3182.7,251356,False,True,True,False,100,-1.4118148697716957
policy,120478,23939,23889,3185.1,251357,False,False,True,False,100,-1.2488314122558262
policy,120578,23959,23909,3187.4,251358,False,False,True,False,100,-1.6016878205906062
policy,120600,23963,23913,3187.9,251359,False,False,False,True,22,-0.8795353920002338
policy,120700,23983,23933,3190.2,251360,False,False,True,False,100,-1.3250850311198554
policy,120800,24003,23953,3192.5,251361,False,False,True,False,100,-1.3826578055087761
policy,120900,24023,23973,3194.8,251362,False,False,True,False,100,-1.7113070639639498
policy,121000,24043,23993,3197.2,251363,False,False,True,False,100,-1.6419420685510673
policy,121100,24063,24013,3199.5,251364,False,False,True,False,100,-1.3808788923665347
policy,121197,24083,24033,3201.9,251365,False,False,False,True,97,-1.2613885481042721
policy,121297,24103,24053,3204.3,251366,False,False,True,False,100,-1.3631322294304093
policy,121397,24123,24073,3206.8,251367,False,False,True,False,100,-1.3097205952954265
policy,121497,24143,24093,3209.2,251368,False,False,True,False,100,-1.111138492206291
policy,121597,24163,24113,3211.5,251369,False,False,True,False,100,-1.5568436767616824
policy,121664,24176,24126,3213.0,251370,False,False,False,True,67,-1.271523506414957
policy,121764,24196,24146,3215.4,251371,False,False,True,False,100,-1.3074164099588568
policy,121793,24202,24152,3216.1,251372,False,False,False,True,29,-0.7683434665465172
policy,121879,24219,24169,3218.2,251373,False,False,False,True,86,-1.0485328483660918
policy,121979,24239,24189,3220.6,251374,False,False,True,False,100,-1.142881423881713
policy,122079,24259,24209,3223.0,251375,False,False,True,False,100,-1.1145702191121782
policy,122179,24279,24229,3225.3,251376,False,False,True,False,100,-1.7297574976469345
policy,122279,24299,24249,3227.6,251377,False,False,True,False,100,-1.117339394538388
policy,122339,24311,24261,3229.0,251378,False,False,False,True,60,-1.091325945970143
policy,122439,24331,24281,3231.3,251379,False,False,True,False,100,-1.426381658698714
policy,122539,24351,24301,3233.6,251380,False,False,True,False,100,-1.5105291035396928
policy,122639,24371,24321,3235.9,251381,False,False,True,False,100,-1.2889095770220946
policy,122739,24391,24341,3238.2,251382,False,False,True,False,100,-1.7644918070339606
policy,122788,24401,24351,3239.4,251383,False,False,False,True,49,-1.0008208876959632
policy,122888,24421,24371,3241.7,251384,False,False,True,False,100,-1.779839419994382
policy,122988,24441,24391,3244.1,251385,False,False,True,False,100,-1.501905728103974
policy,123088,24461,24411,3246.4,251386,False,False,True,False,100,-1.2478769936479062
policy,123188,24481,24431,3248.8,251387,False,False,True,False,100,-1.4951731656528309
policy,123218,24487,24437,3249.5,251388,False,False,False,True,30,-1.0792016365654176
policy,123318,24507,24457,3252.0,251389,False,False,True,False,100,-1.1353129170878211
policy,123345,24512,24462,3252.6,251390,False,False,False,True,27,-0.9049054163586392
policy,123347,24513,24463,3252.7,251391,False,False,False,True,2,-0.7208290522404966
policy,123447,24533,24483,3255.1,251392,False,False,True,False,100,-1.3664550394927986
policy,123547,24553,24503,3257.4,251393,False,False,True,False,100,-1.1519011600954328
policy,123647,24573,24523,3259.8,251394,False,False,True,False,100,-1.1303342706651422
policy,123747,24593,24543,3262.2,251395,False,False,True,False,100,-1.4034130813448176
policy,123786,24601,24551,3263.2,251396,False,False,False,True,39,-0.8572019547762997
policy,123886,24621,24571,3265.6,251397,False,False,True,False,100,-1.4831127766802876
policy,123986,24641,24591,3268.1,251398,False,False,True,False,100,-1.3481753051588332
policy,124086,24661,24611,3270.4,251399,False,False,True,False,100,-1.5501435842426328
policy,124186,24681,24631,3272.7,251400,False,False,True,False,100,-1.4861433034058753
policy,124286,24701,24651,3275.0,251401,False,False,True,False,100,-1.5874701571669676
policy,124386,24721,24671,3277.3,251402,False,False,True,False,100,-1.235678517141586
policy,124430,24729,24679,3278.2,251403,False,False,False,True,44,-1.2079432041775044
policy,124530,24749,24699,3280.5,251404,False,False,True,False,100,-1.4225039625152283
policy,124563,24756,24706,3281.3,251405,False,False,False,True,33,-0.811659213849081
policy,124663,24776,24726,3283.6,251406,False,False,True,False,100,-1.6743112992663784
policy,124763,24796,24746,3285.9,251407,False,False,True,False,100,-1.1847683722395685
policy,124863,24816,24766,3288.2,251408,False,False,True,False,100,-1.3074783097472575
policy,124963,24836,24786,3290.6,251409,False,False,True,False,100,-1.390214195211847
policy,125063,24856,24806,3293.0,251410,False,False,True,False,100,-1.3319559646013373
policy,125152,24874,24824,3295.2,251411,False,False,False,True,89,-1.5378802942980512
policy,125245,24892,24842,3297.3,251412,False,False,False,True,93,-1.4261853709483208
policy,125345,24912,24862,3299.6,251413,False,False,True,False,100,-1.3547899238691028
policy,125445,24932,24882,3301.9,251414,False,False,True,False,100,-1.2803025855836783
policy,125545,24952,24902,3304.1,251415,False,False,True,False,100,-1.2057884729226813
policy,125645,24972,24922,3306.8,251416,False,False,True,False,100,-1.6007618364990193
policy,125745,24992,24942,3309.2,251417,False,False,True,False,100,-1.6115972448122218
policy,125845,25012,24962,3311.6,251418,False,False,True,False,100,-1.4979716148638822
policy,125945,25032,24982,3314.0,251419,False,False,True,False,100,-1.7343809502292673
policy,126045,25052,25002,3316.4,251420,False,False,True,False,100,-1.1122737568045906
policy,126145,25072,25022,3318.9,251421,False,False,True,False,100,-1.1490497494107954
policy,126245,25092,25042,3321.5,251422,False,False,True,False,100,-1.3352886800497799
policy,126345,25112,25062,3323.9,251423,False,False,True,False,100,-1.2942507846351619
policy,126445,25132,25082,3326.4,251424,False,False,True,False,100,-1.444370032907421
policy,126532,25150,25100,3328.7,251425,False,False,False,True,87,-1.5247455287163936
policy,126632,25170,25120,3331.3,251426,False,False,True,False,100,-1.2569308685661542
policy,126732,25190,25140,3333.7,251427,False,False,True,False,100,-1.3614890499642884
policy,126832,25210,25160,3336.1,251428,False,False,True,False,100,-1.850840953501124
policy,126870,25217,25167,3336.9,251429,False,False,False,True,38,-0.9011417396611858
policy,126970,25237,25187,3339.4,251430,False,False,True,False,100,-1.147275906298408
policy,127070,25257,25207,3342.0,251431,False,False,True,False,100,-1.4228872176598786
policy,127096,25263,25213,3342.7,251432,False,False,False,True,26,-0.6836710284684763
policy,127196,25283,25233,3345.2,251433,False,False,True,False,100,-1.7495255636828249
policy,127296,25303,25253,3347.6,251434,False,False,True,False,100,-1.489781208702528
policy,127320,25307,25257,3348.1,251435,False,False,False,True,24,-0.7981843690108505
policy,127420,25327,25277,3350.5,251436,False,False,True,False,100,-1.5147504076983256
policy,127520,25347,25297,3352.8,251437,False,False,True,False,100,-1.443716210640241
policy,127620,25367,25317,3355.1,251438,False,False,True,False,100,-1.450576644984353
policy,127720,25387,25337,3357.3,251439,False,False,True,False,100,-1.5678840417060629
policy,127820,25407,25357,3359.6,251440,False,False,True,False,100,-1.5445020699894032
policy,127920,25427,25377,3361.8,251441,False,False,True,False,100,-1.2496162738089602
policy,128020,25447,25397,3364.1,251442,False,False,True,False,100,-1.2760663587163
policy,128120,25467,25417,3366.4,251443,False,False,False,True,100,-1.3371917596149907
policy,128220,25487,25437,3368.9,251444,False,False,True,False,100,-1.6140726365007971
policy,128320,25507,25457,3371.2,251445,False,False,True,False,100,-1.6509312924425403
policy,128420,25527,25477,3373.6,251446,False,False,True,False,100,-1.3658847384956625
policy,128520,25547,25497,3375.9,251447,False,False,True,False,100,-1.7041438942961902
policy,128573,25558,25508,3377.2,251448,False,False,False,True,53,-1.084401263248988
policy,128673,25578,25528,3379.6,251449,False,False,True,False,100,-1.4711155343415367
policy,128773,25598,25548,3382.0,251450,False,False,True,False,100,-1.2517645286456556
policy,128873,25618,25568,3384.3,251451,False,False,True,False,100,-1.162712145085425
policy,128973,25638,25588,3386.6,251452,False,False,True,False,100,-1.69532090350952
policy,129073,25658,25608,3388.9,251453,False,False,True,False,100,-1.1525403000999517
policy,129173,25678,25628,3391.2,251454,False,False,True,False,100,-1.2750734155960528
policy,129194,25682,25632,3391.7,251455,False,False,False,True,21,-0.8685343891077992
policy,129294,25702,25652,3394.0,251456,False,False,True,False,100,-1.3235005768740695
policy,129394,25722,25672,3396.5,251457,False,False,True,False,100,-1.3674677407858873
policy,129491,25742,25692,3399.0,251458,False,False,False,True,97,-1.532039794475896
policy,129591,25762,25712,3401.7,251459,False,False,True,False,100,-1.231185965522623
policy,129691,25782,25732,3404.2,251460,False,False,True,False,100,-1.8308511109641603
policy,129791,25802,25752,3406.6,251461,False,False,True,False,100,-1.2340420493958746
policy,129821,25808,25758,3407.4,251462,False,False,False,True,30,-0.8452440722032375
policy,129921,25828,25778,3409.8,251463,False,False,True,False,100,-1.087116701549959
policy,130021,25848,25798,3412.1,251464,False,False,True,False,100,-1.4347327422414793
policy,130121,25868,25818,3414.5,251465,False,False,True,False,100,-1.393412787762542
policy,130221,25888,25838,3417.2,251466,False,False,True,False,100,-1.338165566042966
policy,130321,25908,25858,3419.8,251467,False,False,True,False,100,-1.5827414135839386
policy,130421,25928,25878,3422.3,251468,False,False,True,False,100,-1.4906762493197228
policy,130521,25948,25898,3425.0,251469,False,False,True,False,100,-1.3341155172210912
policy,130586,25961,25911,3426.6,251470,False,False,False,True,65,-0.938224007887412
policy,130686,25981,25931,3429.0,251471,False,False,True,False,100,-1.6390120964105455
policy,130786,26001,25951,3431.5,251472,False,False,True,False,100,-1.1426331253466788
policy,130886,26021,25971,3433.9,251473,False,False,True,False,100,-1.2030025810718021
policy,130986,26041,25991,3436.2,251474,False,False,True,False,100,-1.2531386121502823
policy,131086,26061,26011,3438.5,251475,False,False,True,False,100,-1.4695327245376528
policy,131124,26068,26018,3439.4,251476,False,False,False,True,38,-0.8245752913235204
policy,131224,26088,26038,3441.7,251477,False,False,True,False,100,-1.2033929254647282
policy,131324,26108,26058,3444.2,251478,False,False,True,False,100,-1.6327808533916564
policy,131338,26111,26061,3444.5,251479,False,False,False,True,14,-0.9017683063295557
policy,131438,26131,26081,3447.1,251480,False,False,True,False,100,-1.6622476787567186
policy,131538,26151,26101,3449.7,251481,False,True,True,False,100,-1.6238264882751887
policy,131638,26171,26121,3452.4,251482,False,False,True,False,100,-1.3143726910648255
policy,131738,26191,26141,3455.0,251483,False,False,True,False,100,-1.8029886652024736
policy,131838,26211,26161,3457.7,251484,False,False,True,False,100,-1.4717350146821997
policy,131938,26231,26181,3460.2,251485,False,False,True,False,100,-1.2197567625204258
policy,132001,26244,26194,3461.8,251486,False,False,False,True,63,-1.0789387414674716
policy,132101,26264,26214,3464.2,251487,False,False,True,False,100,-1.446307491785089
policy,132201,26284,26234,3466.5,251488,False,False,True,False,100,-1.2625122067224486
policy,132301,26304,26254,3468.8,251489,False,False,True,False,100,-1.1259732608034891
policy,132401,26324,26274,3471.2,251490,False,False,True,False,100,-1.2911730704328512
policy,132501,26344,26294,3473.5,251491,False,False,True,False,100,-1.3838683372843588
policy,132601,26364,26314,3475.9,251492,False,False,True,False,100,-1.13241965723955
policy,132701,26384,26334,3478.3,251493,False,False,True,False,100,-1.1578624938602649
policy,132801,26404,26354,3480.8,251494,False,False,True,False,100,-1.4460026654922231
policy,132901,26424,26374,3483.3,251495,False,False,True,False,100,-1.3747159444246606
policy,132941,26432,26382,3484.3,251496,False,False,False,True,40,-0.8781362812169642
policy,133041,26452,26402,3487.0,251497,False,False,True,False,100,-1.4886294031722924
policy,133089,26461,26411,3488.2,251498,False,False,False,True,48,-1.0782822586640666
policy,133189,26481,26431,3490.8,251499,False,False,True,False,100,-1.159786390219257
policy,133289,26501,26451,3493.1,251500,False,False,True,False,100,-1.665197442517821
policy,133389,26521,26471,3495.5,251501,False,False,True,False,100,-1.1477674989393483
policy,133489,26541,26491,3497.9,251502,False,False,True,False,100,-1.3025964499679001
policy,133589,26561,26511,3500.3,251503,False,False,True,False,100,-1.277067588567828
policy,133624,26568,26518,3501.1,251504,False,False,False,True,35,-0.79135649110553
policy,133724,26588,26538,3503.4,251505,False,False,True,False,100,-1.7032367743517507
policy,133771,26598,26548,3504.6,251506,False,False,False,True,47,-0.9864037510152069
policy,133871,26618,26568,3506.9,251507,False,False,True,False,100,-1.6626030364909852
policy,133971,26638,26588,3509.3,251508,False,False,True,False,100,-1.3123041890169498
policy,134071,26658,26608,3511.7,251509,False,False,True,False,100,-1.419727094324846
policy,134169,26677,26627,3513.9,251510,False,False,False,True,98,-1.3469172191631444
policy,134201,26684,26634,3514.7,251511,False,False,False,True,32,-1.0173651136514308
policy,134301,26704,26654,3517.1,251512,False,False,True,False,100,-1.2792365367653575
policy,134355,26714,26664,3518.3,251513,False,False,False,True,54,-0.9519647994235093
policy,134359,26715,26665,3518.4,251514,False,False,False,True,4,-0.8996375797009707
policy,134459,26735,26685,3521.3,251515,False,False,True,False,100,-1.7092938170413865
policy,134549,26753,26703,3523.5,251516,False,False,False,True,90,-1.4671714653024375
policy,134649,26773,26723,3525.9,251517,False,False,True,False,100,-1.2148637899995327
policy,134749,26793,26743,3528.2,251518,False,False,True,False,100,-1.5668224526042542
policy,134849,26813,26763,3530.6,251519,False,False,True,False,100,-1.456095925230758
policy,134949,26833,26783,3533.0,251520,False,False,True,False,100,-1.1567557205855068
policy,134957,26835,26785,3533.2,251521,False,False,False,True,8,-0.6374480273952541
policy,135057,26855,26805,3535.5,251522,False,False,True,False,100,-1.4323118274788054
policy,135157,26875,26825,3538.0,251523,False,False,True,False,100,-1.6207068531854238
policy,135257,26895,26845,3540.4,251524,False,False,True,False,100,-1.680389289843353
policy,135357,26915,26865,3542.8,251525,False,False,True,False,100,-1.42975066332551
policy,135398,26923,26873,3543.7,251526,False,False,False,True,41,-1.1061457435266155
policy,135451,26934,26884,3545.1,251527,False,False,False,True,53,-1.3718747257394175
policy,135551,26954,26904,3547.6,251528,False,False,True,False,100,-1.5084591428467096
policy,135633,26970,26920,3549.5,251529,False,False,False,True,82,-0.9757091265906146
policy,135733,26990,26940,3551.8,251530,False,False,True,False,100,-1.529694658945291
policy,135833,27010,26960,3554.1,251531,False,False,True,False,100,-1.2817715649633117
policy,135933,27030,26980,3556.5,251532,False,False,True,False,100,-1.293134423188389
policy,136033,27050,27000,3558.9,251533,False,False,True,False,100,-1.5125054912696938
policy,136133,27070,27020,3561.3,251534,False,True,True,False,100,-1.5173584465919854
policy,136214,27086,27036,3563.2,251535,False,False,False,True,81,-1.2740829734010135
policy,136314,27106,27056,3565.6,251536,False,False,True,False,100,-1.3661079595344487
policy,136385,27120,27070,3567.2,251537,False,False,False,True,71,-1.5584179698609237
policy,136485,27140,27090,3569.6,251538,False,False,True,False,100,-1.6081392576009308
policy,136585,27160,27110,3572.1,251539,False,False,False,True,100,-1.6228926454754848
policy,136628,27169,27119,3573.3,251540,False,False,False,True,43,-0.9049304681086436
policy,136728,27189,27139,3576.0,251541,False,False,True,False,100,-1.284796065431346
policy,136814,27206,27156,3578.2,251542,False,False,False,True,86,-1.0234298898660454
policy,136861,27216,27166,3579.5,251543,False,False,False,True,47,-1.2393955274462936
policy,136961,27236,27186,3581.9,251544,False,False,True,False,100,-1.27784143221995
policy,137061,27256,27206,3584.6,251545,False,False,True,False,100,-1.4096270626329965
policy,137161,27276,27226,3587.1,251546,False,False,True,False,100,-1.1754972306274474
policy,137261,27296,27246,3589.6,251547,False,False,True,False,100,-1.8935008731185432
policy,137361,27316,27266,3592.1,251548,False,False,True,False,100,-1.4122481515126801
policy,137461,27336,27286,3594.6,251549,False,False,True,False,100,-1.8284530540356425
policy,137561,27356,27306,3597.1,251550,False,False,True,False,100,-1.4697483049260027
policy,137661,27376,27326,3599.6,251551,False,False,True,False,100,-1.1902378483171032
