scene,steps,move_share,mean_move_param,mean_abs_turn_param,mean_speed_mps,final_distance_to_active_goal_m
250000,100,0.53,0.04027919843792915,0.42969274520874023,6.152307510375977,1244.2159423828125
250001,100,0.47,-0.05357551947236061,0.5337498784065247,5.471224308013916,692.6467895507812
250002,100,0.51,0.07460442185401917,0.4639407992362976,9.43056869506836,718.9498901367188
250003,100,0.54,-0.008171259425580502,0.5664297342300415,4.6874308586120605,1340.1427001953125
250004,47,0.3829787234042553,0.17746202647686005,0.3689597547054291,5.671848297119141,748.0424194335938
250005,100,0.5,0.04701671004295349,0.5062723755836487,6.439981460571289,1244.0728759765625
250006,87,0.5517241379310345,-0.027805641293525696,0.5355512499809265,4.34291410446167,1267.796875
250007,66,0.48484848484848486,0.2710704207420349,0.44920942187309265,18.20598030090332,1997.406005859375
250008,30,0.5,0.018033893778920174,0.42225542664527893,3.4953525066375732,1898.2303466796875
250009,100,0.6,0.02523076720535755,0.4766358733177185,13.381904602050781,748.6372680664062
250010,100,0.55,-0.0003215204633306712,0.4764059782028198,7.6146159172058105,1333.9072265625
250011,100,0.44,-0.020059429109096527,0.48623064160346985,3.6870832443237305,577.4730834960938
250012,58,0.3620689655172414,0.31340181827545166,0.6451351046562195,11.465822219848633,670.5753173828125
250013,100,0.32,-0.10672631114721298,0.4879845976829529,6.363687038421631,799.688232421875
250014,100,0.44,-0.1724575161933899,0.6038815379142761,4.271505355834961,1916.94384765625
250015,100,0.42,-0.09427052736282349,0.586529016494751,3.8333218097686768,1471.7774658203125
250016,100,0.45,-0.10702347010374069,0.596565842628479,3.345582962036133,294.1315612792969
250017,100,0.43,0.028205256909132004,0.5782758593559265,14.396564483642578,826.0238037109375
250018,100,0.59,-0.018962103873491287,0.4876306653022766,7.599358081817627,637.9915161132812
250019,89,0.5393258426966292,0.23751772940158844,0.5048458576202393,21.204946517944336,1204.59130859375
250020,41,0.3170731707317073,0.06401167809963226,0.5579630732536316,3.9299871921539307,1903.5206298828125
250021,91,0.5164835164835165,0.09569202363491058,0.5135512948036194,9.541659355163574,1419.7071533203125
250022,100,0.41,-0.10169423371553421,0.4956861734390259,2.5568172931671143,1715.900390625
250023,100,0.46,0.006303159985691309,0.4589675962924957,4.55726957321167,1835.82177734375
250024,100,0.54,0.06221954524517059,0.5301424264907837,8.552955627441406,341.1054992675781
250025,100,0.43,-0.1392984241247177,0.5261277556419373,1.7840547561645508,1506.6773681640625
250026,100,0.58,0.030499355867505074,0.5447661876678467,10.326396942138672,783.631591796875
250027,100,0.51,-0.06470318138599396,0.6229855418205261,3.1979074478149414,1268.7611083984375
250028,100,0.42,0.05374227091670036,0.5803878903388977,11.197722434997559,1024.12158203125
250029,100,0.56,-0.09088300913572311,0.5897383093833923,4.218289852142334,1456.801513671875
250030,100,0.44,0.16603952646255493,0.4906805455684662,17.80229949951172,624.37548828125
250031,100,0.52,-0.04925292357802391,0.5461710095405579,7.093409538269043,348.5487060546875
250032,54,0.5185185185185185,0.09242991358041763,0.5034778714179993,9.67801570892334,1791.98291015625
250033,100,0.5,0.0008300414774566889,0.5389671921730042,5.276122570037842,907.21435546875
250034,100,0.55,0.010845702141523361,0.5241417288780212,6.970421314239502,1507.223876953125
250035,86,0.5116279069767442,0.16243991255760193,0.4767249524593353,16.942241668701172,1434.332763671875
250036,56,0.5,0.0921974629163742,0.5344380736351013,8.646940231323242,1213.052490234375
250037,100,0.48,0.007092094514518976,0.5244373083114624,6.063584804534912,1122.7320556640625
250038,18,0.3888888888888889,0.02210056781768799,0.35863956809043884,1.2543230056762695,1008.0484008789062
250039,100,0.6,-0.11154551804065704,0.4523502290248871,3.7659080028533936,1257.4454345703125
250040,7,0.42857142857142855,0.5518701672554016,0.5438082218170166,4.281369686126709,1006.3419189453125
250041,100,0.49,0.047246407717466354,0.5319235324859619,6.4601593017578125,1249.6470947265625
250042,100,0.49,-0.011835063807666302,0.49320557713508606,4.409090518951416,428.7218322753906
250043,83,0.46987951807228917,0.0086746197193861,0.5123178362846375,4.961862564086914,1558.93017578125
250044,100,0.57,-0.15076451003551483,0.5272372961044312,2.120595932006836,381.43829345703125
250045,9,0.7777777777777778,0.07788758724927902,0.42738860845565796,2.6025304794311523,994.540771484375
250046,100,0.47,-0.08784962445497513,0.5943232774734497,4.765842914581299,466.7376403808594
250047,100,0.55,0.049171291291713715,0.5134778618812561,8.11525821685791,587.556640625
250048,100,0.45,0.010546976700425148,0.5625885725021362,4.087156772613525,751.472900390625
250049,21,0.5714285714285714,0.09473911672830582,0.37708303332328796,7.144596576690674,1546.8721923828125
250050,100,0.5,-0.004792286083102226,0.58001708984375,4.507250785827637,556.0725708007812
250051,100,0.5,-0.017423080280423164,0.46776196360588074,5.042991638183594,673.0441284179688
250052,100,0.49,-0.04640547186136246,0.5413804650306702,4.885434150695801,1615.572265625
250053,100,0.44,-0.01772380620241165,0.5596924424171448,6.846646308898926,281.2229309082031
250054,100,0.5,-0.1234351247549057,0.5100182890892029,2.140935182571411,480.011962890625
250055,5,0.6,0.8151238560676575,0.46308887004852295,6.440232276916504,1665.1846923828125
250056,33,0.6060606060606061,0.31269127130508423,0.580238401889801,10.850600242614746,1082.3931884765625
250057,100,0.45,0.023722682148218155,0.49188554286956787,8.73721694946289,1479.46484375
250058,36,0.3888888888888889,0.1122080460190773,0.5419514179229736,2.281262159347534,1279.68701171875
250059,79,0.5063291139240507,0.11194685846567154,0.586426317691803,10.664939880371094,1910.460693359375
250060,30,0.5,0.014011502265930176,0.48735561966896057,2.7687695026397705,1156.7052001953125
250061,100,0.5,-0.07123264670372009,0.5534734129905701,3.322770595550537,949.3721313476562
250062,25,0.64,-0.11951038241386414,0.6535390615463257,1.3883464336395264,1529.395263671875
250063,100,0.48,-0.09415385872125626,0.5056962370872498,3.2795379161834717,1054.50439453125
250064,100,0.45,0.06913267076015472,0.4995993971824646,8.874336242675781,747.2468872070312
250065,100,0.54,-0.023938395082950592,0.4892350435256958,2.7087576389312744,833.4903564453125
250066,100,0.54,0.0472232885658741,0.500375509262085,9.454939842224121,1209.556640625
250067,100,0.59,-0.0019998650532215834,0.5887880921363831,5.000467300415039,1655.1878662109375
250068,53,0.41509433962264153,0.06618260592222214,0.5321193337440491,5.068248271942139,586.5686645507812
250069,100,0.43,-0.07042675465345383,0.5084673166275024,3.0860791206359863,1108.85205078125
250070,100,0.49,0.04708767309784889,0.4795360267162323,5.423270225524902,480.2923889160156
250071,100,0.49,-0.06722259521484375,0.46518218517303467,4.206857204437256,1548.5401611328125
250072,100,0.58,-0.007692852057516575,0.524653434753418,10.193073272705078,384.20721435546875
250073,100,0.43,-0.0050181676633656025,0.5850149989128113,4.861579418182373,305.4391784667969
250074,100,0.42,0.07004720717668533,0.575767993927002,10.563521385192871,627.3782958984375
250075,100,0.45,-0.17917893826961517,0.5516842007637024,1.7782152891159058,1393.2215576171875
250076,94,0.5,0.05835196375846863,0.5187041759490967,8.901183128356934,604.2765502929688
250077,100,0.55,-0.030592534691095352,0.5065715312957764,5.96307373046875,719.6915893554688
250078,77,0.45454545454545453,0.14967548847198486,0.4722272753715515,6.853062152862549,1861.307373046875
250079,77,0.4675324675324675,0.12650272250175476,0.524732232093811,9.662581443786621,1374.56005859375
250080,100,0.52,0.004102382343262434,0.5520574450492859,7.473813533782959,1339.1441650390625
250081,100,0.46,-0.14837081730365753,0.5151482820510864,3.05816650390625,1371.9298095703125
250082,100,0.56,0.01230632420629263,0.4712359309196472,10.02245807647705,1697.388916015625
250083,100,0.46,-0.021791649982333183,0.5572682023048401,8.632857322692871,1150.6260986328125
250084,100,0.46,-0.007278047036379576,0.5064550042152405,3.9265213012695312,853.9820556640625
250085,100,0.53,-0.08392299711704254,0.5641462206840515,4.134199619293213,407.5904846191406
250086,100,0.43,0.019944731146097183,0.6012507081031799,5.645443916320801,321.13690185546875
250087,100,0.54,0.0044489894062280655,0.5493955016136169,5.541486740112305,900.2350463867188
250088,100,0.54,0.01193601917475462,0.5453096032142639,7.011542797088623,1397.0263671875
250089,100,0.6,-0.017807792872190475,0.48964324593544006,7.204286575317383,739.2671508789062
250090,100,0.5,0.1041402742266655,0.4684678912162781,14.452505111694336,1225.102783203125
250091,100,0.53,-0.05038225278258324,0.5914016366004944,5.753836154937744,1853.14453125
250092,100,0.44,-0.08971209824085236,0.5845032334327698,5.6363677978515625,927.4495239257812
250093,100,0.54,-0.0122321005910635,0.5779517292976379,4.303750991821289,615.4701538085938
250094,100,0.51,-0.024889450520277023,0.5101433396339417,5.705379009246826,1440.02587890625
250095,100,0.54,-0.0026818299666047096,0.43622100353240967,8.971417427062988,621.6144409179688
250096,100,0.53,-0.048585180193185806,0.4842691719532013,3.195359230041504,938.491943359375
250097,100,0.5,0.06532572209835052,0.494376540184021,15.798691749572754,417.751220703125
250098,100,0.6,-0.021927954629063606,0.49270644783973694,5.438999176025391,549.1707153320312
250099,100,0.49,0.07943955063819885,0.4637867510318756,12.16566276550293,1195.4676513671875
250100,100,0.52,-0.031748346984386444,0.5142538547515869,4.422320365905762,795.4768676757812
250101,85,0.4823529411764706,0.016575252637267113,0.509158194065094,4.222862720489502,1668.0797119140625
250102,100,0.51,0.11852502822875977,0.47286733984947205,12.16933822631836,707.8187866210938
250103,100,0.5,-0.05769234523177147,0.5539210438728333,3.758019208908081,729.135986328125
250104,51,0.49019607843137253,0.07346794754266739,0.6162509322166443,5.892841339111328,533.7606201171875
250105,100,0.47,-0.11063554137945175,0.5519633293151855,2.385316848754883,1774.9638671875
250106,100,0.42,0.16859003901481628,0.5180994272232056,13.243473052978516,798.6644287109375
250107,100,0.57,0.05264519900083542,0.5858306884765625,14.006394386291504,1595.5867919921875
250108,100,0.6,0.056740663945674896,0.47146278619766235,7.223837852478027,230.27734375
250109,100,0.46,0.025629790499806404,0.4952274560928345,4.217508316040039,847.0006713867188
250110,100,0.49,0.09619727730751038,0.5277659893035889,12.010494232177734,1191.51220703125
250111,100,0.46,-0.0864371582865715,0.5245835185050964,4.272381782531738,1380.983154296875
250112,100,0.53,0.10493706166744232,0.5538026094436646,11.62427043914795,1926.0478515625
250113,100,0.47,0.09379568696022034,0.5173900723457336,6.882631778717041,1577.881591796875
250114,100,0.5,0.01703595370054245,0.5376657247543335,11.482943534851074,1094.4193115234375
250115,100,0.5,-0.07740835845470428,0.4609000086784363,4.986351490020752,1279.8421630859375
250116,26,0.6153846153846154,0.029072344303131104,0.5677780508995056,3.864464282989502,999.5513916015625
250117,100,0.43,0.002806337783113122,0.4843308925628662,4.425756931304932,1180.4539794921875
250118,91,0.4835164835164835,-0.029063181951642036,0.5934242010116577,3.3152694702148438,1455.156982421875
250119,100,0.49,-0.010735738091170788,0.5352066159248352,5.139042854309082,980.5158081054688
250120,100,0.48,-0.11335279792547226,0.5460109114646912,3.6947619915008545,1899.3599853515625
250121,63,0.49206349206349204,0.16324888169765472,0.4593096375465393,10.530878067016602,1034.226318359375
250122,100,0.58,-0.025815889239311218,0.5208155512809753,4.557894706726074,896.2120971679688
250123,100,0.36,0.004295175429433584,0.5195294618606567,7.8384904861450195,1381.94287109375
250124,100,0.52,-0.011351015418767929,0.46047553420066833,7.4435224533081055,1607.8359375
250125,100,0.55,-0.09234991669654846,0.5323719382286072,2.470858097076416,1419.53515625
250126,31,0.5806451612903226,0.10520152002573013,0.5764522552490234,4.4734578132629395,1270.0709228515625
250127,100,0.55,-0.1572929173707962,0.5320340394973755,2.6397504806518555,999.7044677734375
250128,100,0.49,-0.10939236730337143,0.6260562539100647,3.582756757736206,953.9517211914062
250129,93,0.45161290322580644,0.08997956663370132,0.4460461139678955,8.987958908081055,1115.48095703125
250130,100,0.48,0.19230079650878906,0.5415113568305969,24.23723602294922,1196.8140869140625
250131,100,0.46,0.08899027109146118,0.5918896794319153,10.148083686828613,1322.0972900390625
250132,29,0.5862068965517241,0.19227319955825806,0.5450577139854431,10.117191314697266,1797.0869140625
250133,100,0.5,-0.003913807217031717,0.48919185996055603,5.058835029602051,705.791015625
250134,100,0.51,-0.05122442916035652,0.4849909543991089,3.3586502075195312,1802.322265625
250135,100,0.5,0.07194510847330093,0.5200338959693909,20.21686553955078,1084.7275390625
250136,37,0.4594594594594595,0.08377554267644882,0.5306631922721863,7.508746147155762,1905.934814453125
250137,100,0.54,0.09009147435426712,0.4809125065803528,7.210058689117432,512.3360595703125
250138,100,0.4,-0.07629610598087311,0.5388396978378296,8.279258728027344,371.42864990234375
250139,100,0.43,0.01468232087790966,0.47506844997406006,5.794399261474609,1412.296630859375
250140,100,0.54,0.017605504021048546,0.6126630902290344,6.576546669006348,495.842041015625
250141,65,0.5692307692307692,0.040081530809402466,0.42046743631362915,7.240428447723389,891.9757690429688
250142,100,0.47,0.027338309213519096,0.4739915132522583,8.848602294921875,857.8711547851562
250143,100,0.39,-0.0204364825040102,0.5146719217300415,2.7537670135498047,977.882080078125
250144,100,0.61,0.04768088832497597,0.5486306548118591,12.951826095581055,1115.176513671875
250145,100,0.5,-0.014652988873422146,0.5252620577812195,9.10760498046875,857.2412109375
250146,100,0.6,0.05664654076099396,0.5381084680557251,13.758535385131836,1161.064697265625
250147,100,0.47,-0.09380920231342316,0.5730490684509277,2.133960008621216,824.6289672851562
250148,100,0.49,-0.02553636208176613,0.455754816532135,2.5449912548065186,282.33709716796875
250149,100,0.5,-0.03207576274871826,0.5355453491210938,4.909847259521484,572.3614501953125
250150,100,0.45,-0.15030553936958313,0.539897620677948,0.8597020506858826,525.5770874023438
250151,100,0.53,-0.020012499764561653,0.5348917245864868,6.906658172607422,1132.105712890625
250152,25,0.68,-0.1161496639251709,0.5701526403427124,1.3012113571166992,972.4047241210938
250153,100,0.52,-0.18613800406455994,0.49458757042884827,1.4081615209579468,1064.255126953125
250154,89,0.48314606741573035,0.12017994374036789,0.5128862857818604,13.371197700500488,391.6114501953125
250155,100,0.51,-0.011696931906044483,0.5506766438484192,8.372748374938965,1258.216796875
250156,80,0.5125,-0.076486736536026,0.5734261870384216,3.4410414695739746,1156.7989501953125
250157,100,0.59,-0.07436385750770569,0.5052278637886047,3.194488525390625,1714.378173828125
250158,57,0.40350877192982454,0.10871098190546036,0.512995183467865,10.517046928405762,1724.78564453125
250159,100,0.53,-0.05628710985183716,0.47786256670951843,5.197912216186523,255.37997436523438
250160,100,0.39,-0.11513315141201019,0.4065898656845093,2.2808547019958496,846.021484375
250161,100,0.57,-0.0017964800354093313,0.5783434510231018,8.671207427978516,1342.7978515625
250162,100,0.51,-0.0028259088285267353,0.5686644315719604,7.621876239776611,846.3590087890625
250163,100,0.53,0.11700452864170074,0.5533809065818787,9.593814849853516,1086.089599609375
250164,100,0.52,0.11428344249725342,0.49784407019615173,14.91378402709961,688.768310546875
250165,100,0.54,-0.12240348011255264,0.5175663232803345,3.7163944244384766,803.3424072265625
250166,100,0.56,0.02866296097636223,0.5391994118690491,7.3464274406433105,684.4087524414062
250167,100,0.48,-0.14700448513031006,0.4451766610145569,2.0279507637023926,1270.4849853515625
250168,60,0.4666666666666667,-0.04299216717481613,0.5791061520576477,2.2863848209381104,1538.9700927734375
250169,62,0.5,0.0035985689610242844,0.49806728959083557,4.778820514678955,1092.792724609375
250170,100,0.5,0.091336190700531,0.5573431253433228,14.594346046447754,1143.8631591796875
250171,76,0.5789473684210527,0.07188159972429276,0.4568367302417755,8.855581283569336,1148.123779296875
250172,100,0.57,0.002743565244600177,0.531465470790863,6.975066661834717,682.817138671875
250173,100,0.58,-0.040046997368335724,0.4633280336856842,4.814377307891846,967.9191284179688
250174,100,0.53,0.015101778320968151,0.516157329082489,9.937141418457031,1273.5743408203125
250175,100,0.56,-0.0202843826264143,0.5524446964263916,2.8870677947998047,281.91314697265625
250176,100,0.53,-0.05076662078499794,0.6028773188591003,3.2000691890716553,684.4520263671875
250177,100,0.47,-0.10778842866420746,0.514950156211853,5.42658805847168,835.7796020507812
250178,100,0.52,0.007766858674585819,0.48791709542274475,8.644954681396484,820.6405639648438
250179,100,0.51,-0.01554714422672987,0.4865404963493347,9.040362358093262,1110.5128173828125
250180,100,0.58,-0.02062787115573883,0.5362157821655273,5.380743026733398,801.9627685546875
250181,13,0.6153846153846154,0.14104576408863068,0.5988346338272095,3.665682315826416,1641.1207275390625
250182,100,0.49,-0.16241556406021118,0.5723125338554382,2.15533447265625,656.0236206054688
250183,100,0.5,0.00585303595289588,0.6076610684394836,6.704519271850586,435.7527160644531
250184,26,0.4230769230769231,0.14428375661373138,0.4523295760154724,3.5973587036132812,1375.7069091796875
250185,100,0.53,-0.10047314316034317,0.49880534410476685,3.4773154258728027,1008.7095336914062
250186,100,0.5,-0.008939910680055618,0.5175584554672241,6.135069370269775,696.8370361328125
250187,100,0.52,-0.040768809616565704,0.5196006894111633,3.443307399749756,1284.7244873046875
250188,100,0.47,-0.11419501155614853,0.5322359204292297,3.2550745010375977,559.5189819335938
250189,43,0.4418604651162791,0.12097730487585068,0.6347717642784119,6.969757556915283,1140.611572265625
250190,88,0.5227272727272727,0.027624648064374924,0.459798663854599,3.933241128921509,1750.49462890625
250191,100,0.52,0.08601535111665726,0.5310988426208496,12.030675888061523,1255.97021484375
250192,100,0.57,0.07365967333316803,0.4801064431667328,18.048887252807617,1501.7252197265625
250193,69,0.4492753623188406,-0.02141065150499344,0.4725584089756012,4.304661750793457,871.9010620117188
250194,100,0.47,0.023973947390913963,0.5007938146591187,3.9891247749328613,1296.051513671875
250195,100,0.45,0.07344118505716324,0.47469910979270935,5.23922872543335,837.1701049804688
250196,100,0.52,0.06692025065422058,0.48503074049949646,11.002228736877441,1174.198974609375
250197,100,0.44,-0.08035475760698318,0.4889141619205475,2.9790942668914795,1283.917724609375
250198,100,0.51,-0.001201940467581153,0.5775091052055359,4.977575778961182,792.0687255859375
250199,100,0.46,-0.11653465777635574,0.4465887248516083,5.288578510284424,759.1331787109375
250200,100,0.54,-0.1575116068124771,0.525404155254364,2.980156898498535,1122.3150634765625
250201,28,0.4642857142857143,-0.04222133010625839,0.6258501410484314,2.6679818630218506,1050.352783203125
250202,22,0.5,0.4005279839038849,0.5822369456291199,9.961685180664062,846.61767578125
250203,100,0.51,-0.06619441509246826,0.5182353258132935,3.4238080978393555,1286.072265625
250204,100,0.55,-0.03905637934803963,0.49280786514282227,4.967137336730957,1901.6697998046875
250205,100,0.43,-0.10724299401044846,0.4737246632575989,1.8957009315490723,1139.11669921875
250206,33,0.5757575757575758,0.19614899158477783,0.37530234456062317,8.8997220993042,1341.6944580078125
250207,52,0.5576923076923077,0.015320003032684326,0.541048526763916,3.4642906188964844,570.3951416015625
250208,100,0.49,0.008477669209241867,0.5444870591163635,4.507718563079834,999.3023681640625
250209,91,0.5494505494505495,-0.12653185427188873,0.5132848620414734,2.857767343521118,1154.27734375
250210,7,0.5714285714285714,0.1752563863992691,0.1920676976442337,4.0731916427612305,1261.3675537109375
250211,43,0.4186046511627907,0.19095465540885925,0.4224017262458801,11.303955078125,1743.5062255859375
250212,100,0.53,-0.0897567942738533,0.5169356465339661,5.580704212188721,549.0552368164062
250213,28,0.42857142857142855,0.1556292474269867,0.5382988452911377,3.502645254135132,781.492431640625
250214,100,0.44,-0.0975273847579956,0.4629812240600586,2.490346908569336,921.049072265625
250215,100,0.45,-0.08984605222940445,0.5982577204704285,1.494786024093628,763.2052001953125
250216,47,0.5531914893617021,0.0500372052192688,0.5901007056236267,7.387698650360107,1671.517822265625
250217,100,0.48,0.09973607212305069,0.4780333638191223,10.366394996643066,1347.363525390625
250218,100,0.49,0.019430164247751236,0.5136983394622803,9.468777656555176,1135.9324951171875
250219,100,0.51,-0.08038891106843948,0.5278407335281372,2.809086561203003,1362.0880126953125
250220,100,0.48,-0.11513673514127731,0.5674588084220886,1.9852321147918701,415.3653259277344
250221,100,0.45,0.014507877640426159,0.5803683400154114,8.239462852478027,1079.292236328125
250222,100,0.5,-0.004977352451533079,0.49559345841407776,7.414080619812012,273.007568359375
250223,100,0.55,0.034484248608350754,0.5839031338691711,9.438392639160156,1362.825927734375
250224,100,0.49,-0.03687640279531479,0.4627322256565094,8.005487442016602,593.0628662109375
250225,100,0.51,-0.05729737877845764,0.5196374654769897,4.678657054901123,1155.7896728515625
250226,100,0.49,0.03905360773205757,0.5640798211097717,11.224712371826172,1007.4234008789062
250227,100,0.52,0.05189128592610359,0.5721083283424377,10.108946800231934,404.547119140625
250228,100,0.38,-0.17518778145313263,0.5254920721054077,2.774942398071289,820.50390625
250229,100,0.45,0.038658417761325836,0.5723231434822083,3.9200077056884766,1121.988525390625
250230,100,0.56,0.08729003369808197,0.530372142791748,13.479923248291016,854.4857788085938
250231,45,0.6,0.1474894881248474,0.5766993165016174,5.945730209350586,1212.1578369140625
250232,100,0.51,-0.08446743339300156,0.5024240016937256,5.78226375579834,838.1114501953125
250233,100,0.58,-0.07208190858364105,0.5773374438285828,4.598392009735107,281.1939697265625
250234,24,0.5416666666666666,0.13951987028121948,0.5372501015663147,6.1542534828186035,980.0712890625
250235,100,0.59,-0.02975749596953392,0.510839581489563,4.935659408569336,1479.7850341796875
250236,93,0.4838709677419355,-0.0055704740807414055,0.5506702661514282,5.118122100830078,1799.033203125
250237,100,0.47,-0.092894546687603,0.5518735647201538,3.779109239578247,743.6893920898438
250238,100,0.47,0.02657341957092285,0.518182098865509,4.318089485168457,991.4055786132812
250239,100,0.56,-0.10077031701803207,0.5155243277549744,2.089186906814575,1485.8975830078125
250240,100,0.44,-0.22791491448879242,0.48431792855262756,1.0438458919525146,1017.1373901367188
250241,48,0.5208333333333334,0.06042119115591049,0.5933632254600525,4.556166648864746,459.166015625
250242,7,0.5714285714285714,0.12418349087238312,0.8439999222755432,1.302800178527832,1638.6597900390625
250243,100,0.5,-0.07290606200695038,0.5280197262763977,4.460214138031006,418.1056213378906
250244,59,0.6440677966101694,0.11016253381967545,0.4139816164970398,12.195171356201172,1048.835205078125
250245,100,0.55,0.02262006513774395,0.536589503288269,9.290042877197266,1558.083251953125
250246,100,0.44,-0.10598698258399963,0.5349458456039429,3.6820218563079834,1230.827392578125
250247,100,0.47,0.07138718664646149,0.515250027179718,9.572714805603027,445.95208740234375
250248,29,0.5172413793103449,-0.029503630474209785,0.5542466044425964,4.544831275939941,1009.71875
250249,100,0.5,0.09768284112215042,0.4953135550022125,7.2368340492248535,845.664794921875
250250,100,0.48,-0.041203707456588745,0.4926399886608124,2.5583126544952393,1247.0447998046875
250251,100,0.5,0.1369371861219406,0.48411694169044495,16.68996810913086,771.9673461914062
250252,100,0.56,0.07189791649580002,0.5414987206459045,15.828113555908203,1050.08544921875
250253,100,0.4,0.07319848239421844,0.49654582142829895,7.965090751647949,875.0402221679688
250254,5,0.4,0.4066227674484253,0.3335750102996826,2.6225881576538086,760.0504760742188
250255,100,0.44,-0.03584505245089531,0.5102242827415466,3.141582727432251,857.23193359375
250256,11,0.6363636363636364,0.051206331700086594,0.6016848683357239,1.7224429845809937,1555.5313720703125
250257,100,0.5,0.10270431637763977,0.438059538602829,12.865097999572754,791.546142578125
250258,14,0.2857142857142857,0.5209642648696899,0.4979168772697449,2.712813138961792,1634.18310546875
250259,100,0.48,-0.017745673656463623,0.5365307331085205,4.906189918518066,1082.01318359375
250260,82,0.5487804878048781,0.008138558827340603,0.5085653066635132,10.207643508911133,1052.830078125
250261,100,0.49,0.009477333165705204,0.5028969645500183,8.547983169555664,1075.1544189453125
250262,100,0.56,0.036814235150814056,0.4866955578327179,7.371461391448975,429.0294189453125
250263,100,0.65,0.015304499305784702,0.4185836613178253,7.733619213104248,1077.998291015625
250264,100,0.49,-0.007987837307155132,0.47601571679115295,4.035566329956055,963.3732299804688
250265,100,0.51,-0.11816126108169556,0.6125548481941223,3.0869321823120117,1062.4427490234375
250266,30,0.5666666666666667,-0.00484972121194005,0.5014965534210205,5.254399299621582,405.21539306640625
250267,100,0.56,-0.07251118123531342,0.5267898440361023,6.0141987800598145,1320.6197509765625
250268,100,0.48,-0.17398285865783691,0.4777478575706482,3.2973108291625977,1155.956787109375
250269,100,0.56,0.025890639051795006,0.49668070673942566,10.714058876037598,1377.9114990234375
250270,100,0.41,-0.07520664483308792,0.5409191846847534,3.3535964488983154,1256.610595703125
250271,39,0.46153846153846156,0.22843313217163086,0.5944923162460327,14.104597091674805,2041.4666748046875
250272,100,0.45,-0.14449509978294373,0.5953122973442078,1.7666823863983154,685.4163818359375
250273,100,0.37,-0.008647715672850609,0.5824463367462158,5.81995964050293,304.8565979003906
250274,100,0.5,0.09153547883033752,0.5030753016471863,15.336068153381348,1273.05908203125
250275,100,0.45,-0.07341776043176651,0.510230541229248,6.314728260040283,933.8955078125
250276,100,0.58,0.10967183113098145,0.5574355125427246,11.567068099975586,1595.9892578125
250277,100,0.45,-0.009582245722413063,0.4646514058113098,2.943380355834961,1352.4500732421875
250278,100,0.55,0.0032112295739352703,0.5130943059921265,7.535008430480957,396.6429748535156
250279,100,0.49,-0.04458915814757347,0.4815627336502075,4.83635139465332,776.089599609375
250280,100,0.57,-0.08996134996414185,0.5180274248123169,3.544426679611206,479.5538635253906
250281,28,0.5,0.01164284348487854,0.5940762758255005,5.700798511505127,1419.07275390625
250282,100,0.41,-0.005032401066273451,0.4814522862434387,3.2828528881073,1134.7960205078125
250283,63,0.4444444444444444,0.17208091914653778,0.5716267824172974,13.29493522644043,1495.6248779296875
250284,100,0.36,-0.05614243447780609,0.49408194422721863,3.759411573410034,360.9053955078125
250285,100,0.44,0.055815037339925766,0.47508591413497925,7.374728202819824,496.25042724609375
250286,72,0.4861111111111111,-0.15833407640457153,0.523960292339325,1.7993035316467285,600.3101196289062
250287,16,0.4375,0.22410856187343597,0.5944827795028687,4.100672245025635,903.4659423828125
250288,54,0.4074074074074074,0.037071503698825836,0.5165646076202393,2.954552173614502,843.7506103515625
250289,100,0.57,-0.01959168165922165,0.5648243427276611,4.167629241943359,972.5470581054688
250290,46,0.5,0.12100411206483841,0.555404782295227,8.146459579467773,762.4143676757812
250291,100,0.49,-0.08494097739458084,0.522121012210846,3.5759482383728027,1602.68798828125
250292,100,0.45,-0.04944169148802757,0.4932839274406433,2.582350730895996,1065.9420166015625
250293,100,0.48,-0.002156725851818919,0.5390177369117737,8.10962200164795,1174.517578125
250294,15,0.6,0.2989200949668884,0.5385372042655945,5.691954612731934,1505.6488037109375
250295,100,0.55,-0.08163086324930191,0.4872152507305145,3.954688310623169,891.626953125
250296,100,0.5,-0.09280300885438919,0.4825543463230133,3.0087523460388184,1149.8116455078125
250297,72,0.4861111111111111,0.03828408196568489,0.4716716408729553,6.970707416534424,1373.821533203125
250298,100,0.55,-0.04912976920604706,0.48803985118865967,5.736812591552734,1218.6787109375
250299,100,0.48,0.1705031394958496,0.5691494345664978,16.02094268798828,1253.693359375
250300,100,0.58,-0.10287348181009293,0.49566224217414856,3.2589452266693115,1279.4586181640625
250301,100,0.58,-0.0677429810166359,0.5066338181495667,4.8231916427612305,1053.77783203125
250302,100,0.51,-0.02214623987674713,0.4920128881931305,6.288773059844971,438.78851318359375
250303,100,0.53,-0.05123205482959747,0.5163403749465942,3.85368013381958,1220.90283203125
250304,100,0.5,-0.1006646379828453,0.5346840620040894,2.2422537803649902,1397.1160888671875
250305,35,0.4857142857142857,0.10023529082536697,0.5095893144607544,5.996249675750732,1958.012451171875
250306,100,0.57,0.08916880190372467,0.46896055340766907,12.466121673583984,1047.919921875
250307,17,0.5882352941176471,0.3455270826816559,0.48109084367752075,9.489331245422363,1294.1146240234375
250308,100,0.56,0.040601592510938644,0.5444133877754211,11.733114242553711,1306.583251953125
250309,35,0.5142857142857142,0.15871913731098175,0.6013662815093994,8.612882614135742,1666.65087890625
250310,100,0.44,-0.04071889817714691,0.599305272102356,5.15865421295166,1459.7794189453125
250311,52,0.36538461538461536,0.16018177568912506,0.5087710618972778,7.087007999420166,837.9463500976562
250312,9,0.5555555555555556,0.2112932652235031,0.4487117826938629,1.9597841501235962,889.3273315429688
250313,100,0.49,-0.06465259939432144,0.4427196681499481,6.097235679626465,1363.0150146484375
250314,19,0.5263157894736842,-0.056756000965833664,0.5482657551765442,1.5829782485961914,761.3655395507812
250315,100,0.47,0.06449837237596512,0.5280228853225708,8.201676368713379,866.7569580078125
250316,100,0.58,-0.024541303515434265,0.5783712267875671,2.150585412979126,659.05078125
250317,26,0.5384615384615384,0.18808361887931824,0.5068009495735168,7.1099324226379395,1420.921875
250318,100,0.54,-0.07452568411827087,0.4743911027908325,3.242713689804077,1586.3861083984375
250319,100,0.43,0.020553475245833397,0.5448550581932068,7.023155689239502,831.0291137695312
250320,29,0.5172413793103449,0.06408744305372238,0.6359646916389465,6.087635517120361,967.105224609375
250321,65,0.4307692307692308,0.2122265100479126,0.5000503063201904,11.449501991271973,735.8652954101562
250322,98,0.42857142857142855,0.10148210823535919,0.5590328574180603,13.323299407958984,1831.3583984375
250323,50,0.44,0.2362857311964035,0.4611074924468994,8.8024320602417,1797.0714111328125
250324,100,0.42,0.006258036475628614,0.46723711490631104,7.036706924438477,760.0025024414062
250325,71,0.5070422535211268,0.07853636145591736,0.5692510604858398,6.684751987457275,2484.388671875
250326,100,0.56,-0.032425593584775925,0.5251311659812927,4.147945404052734,1148.0274658203125
250327,100,0.55,0.001187940128147602,0.6059151291847229,3.4588961601257324,559.7763061523438
250328,100,0.55,-0.15083883702754974,0.5934179425239563,2.184992790222168,416.14990234375
250329,100,0.45,0.0037417816929519176,0.5504217743873596,5.663061618804932,835.5820922851562
250330,100,0.49,0.0772559866309166,0.3903329372406006,12.084041595458984,273.8377380371094
250331,82,0.5121951219512195,0.1063031479716301,0.4970012605190277,14.283449172973633,967.9871215820312
250332,100,0.46,-0.001089193276129663,0.5586376190185547,4.448947906494141,1508.8306884765625
250333,100,0.56,0.0549294650554657,0.39630967378616333,7.168007850646973,1060.0518798828125
250334,100,0.52,-0.1041731908917427,0.5088245868682861,2.750675678253174,804.5855712890625
250335,100,0.52,-0.03729555383324623,0.5586298704147339,3.5258514881134033,739.95751953125
250336,100,0.42,-0.12738420069217682,0.5342496037483215,3.051877737045288,1036.823974609375
250337,100,0.58,-0.09472227096557617,0.47108200192451477,4.617657661437988,809.2669677734375
250338,100,0.55,0.07734695076942444,0.5267834067344666,11.9971342086792,1129.3555908203125
250339,100,0.51,-0.10898023843765259,0.476177453994751,2.136281967163086,1045.945068359375
250340,100,0.47,0.0232982337474823,0.49459943175315857,5.645215034484863,685.9754028320312
250341,33,0.6060606060606061,0.12231568247079849,0.5814816951751709,6.905960559844971,453.2061462402344
250342,100,0.48,0.0007365575875155628,0.5349574685096741,5.904637336730957,370.9939270019531
250343,100,0.44,0.04158817604184151,0.5318921208381653,9.208922386169434,303.3606872558594
250344,100,0.47,0.09798590838909149,0.501187264919281,12.113741874694824,719.15185546875
250345,100,0.65,0.047142259776592255,0.5156558156013489,9.459724426269531,886.4762573242188
250346,100,0.48,0.10621052235364914,0.5236914157867432,10.458052635192871,982.9412231445312
250347,100,0.41,0.0668790191411972,0.5317620635032654,5.774405002593994,626.5504760742188
250348,100,0.44,-0.028471173718571663,0.4982849657535553,7.808081150054932,1040.2637939453125
250349,100,0.49,0.02325272373855114,0.535052478313446,5.787353992462158,789.7691040039062
250350,35,0.6,0.25174206495285034,0.39338016510009766,10.333415985107422,1301.0064697265625
250351,100,0.44,-0.05835071951150894,0.5266608595848083,3.1480941772460938,628.2588500976562
250352,61,0.5737704918032787,0.12064158916473389,0.5391404628753662,11.602578163146973,1557.2042236328125
250353,100,0.52,-0.1173308938741684,0.5284193754196167,2.978869915008545,1138.5712890625
250354,66,0.4696969696969697,-0.01878567598760128,0.4190393090248108,7.570518493652344,1054.5125732421875
250355,100,0.5,-0.13717414438724518,0.519263744354248,3.5411789417266846,1031.5361328125
250356,100,0.51,-0.11106592416763306,0.5193648934364319,3.2706596851348877,915.5899658203125
250357,66,0.3939393939393939,0.1749064326286316,0.5631466507911682,9.072746276855469,390.4971008300781
250358,100,0.48,0.06737352162599564,0.4962368607521057,6.449586391448975,803.4088745117188
250359,100,0.49,0.056406449526548386,0.5014249682426453,5.4113922119140625,958.503173828125
250360,100,0.55,0.11208560317754745,0.5279570817947388,15.000482559204102,799.1707763671875
250361,100,0.46,0.10751666873693466,0.5868552923202515,12.195661544799805,1553.9881591796875
250362,100,0.46,0.03494414687156677,0.5364752411842346,7.64119815826416,329.16204833984375
250363,16,0.5,0.1264154314994812,0.45883944630622864,4.572585105895996,1493.4906005859375
250364,34,0.5,0.10926267504692078,0.48791396617889404,9.545402526855469,1054.511962890625
250365,11,0.7272727272727273,0.427199125289917,0.5781481266021729,6.435947895050049,1190.112060546875
250366,100,0.45,0.08721411973237991,0.4819318950176239,14.514378547668457,933.0970458984375
250367,100,0.46,-0.0790322870016098,0.5058167576789856,4.4438371658325195,1572.837890625
250368,100,0.46,-0.05168090760707855,0.479349285364151,3.117556571960449,290.984130859375
250369,10,0.4,0.23841595649719238,0.4112190902233124,2.9286375045776367,563.0574951171875
250370,100,0.52,-0.08502425253391266,0.5023521780967712,2.1178393363952637,1069.05078125
250371,39,0.5641025641025641,0.06986107677221298,0.555871844291687,6.300189018249512,1227.4349365234375
250372,100,0.59,-0.02345668338239193,0.4852752685546875,5.012341499328613,1261.361572265625
250373,100,0.49,0.21665127575397491,0.5698957443237305,27.542821884155273,1789.19677734375
250374,100,0.54,0.07951454073190689,0.5030089020729065,12.607604026794434,1061.253662109375
250375,100,0.49,0.06257091462612152,0.5394065976142883,8.065960884094238,1117.6907958984375
250376,73,0.4794520547945205,-0.026644524186849594,0.5181766748428345,4.830019950866699,1108.23681640625
250377,100,0.48,0.16509173810482025,0.48226597905158997,15.984521865844727,1427.8624267578125
250378,100,0.53,-0.0692700520157814,0.5040086507797241,6.634407997131348,392.2159118652344
250379,43,0.5581395348837209,0.23633702099323273,0.5969106554985046,9.805734634399414,1549.6214599609375
250380,100,0.48,-0.1536325365304947,0.5096878409385681,3.1700329780578613,1592.3885498046875
250381,100,0.59,-0.09764115512371063,0.4916459918022156,2.2586793899536133,607.1666259765625
250382,94,0.5638297872340425,0.07293861359357834,0.5038830041885376,16.956575393676758,2144.105712890625
250383,100,0.58,-0.0071256416849792,0.5044668912887573,7.637734413146973,359.1129150390625
250384,18,0.7222222222222222,0.15388783812522888,0.47644028067588806,5.328526973724365,1330.197998046875
250385,100,0.54,0.04742998257279396,0.48289036750793457,7.652346134185791,1239.67529296875
250386,100,0.51,0.07868415117263794,0.46293362975120544,13.814705848693848,754.240478515625
250387,100,0.57,0.03917725384235382,0.536749541759491,5.0915141105651855,697.3834228515625
250388,100,0.5,-0.12876708805561066,0.5844255089759827,1.6440757513046265,1474.5423583984375
250389,100,0.47,-0.1882004588842392,0.49124112725257874,2.104889154434204,840.725341796875
250390,100,0.58,-0.09243306517601013,0.41873306035995483,4.589444160461426,1690.475830078125
250391,100,0.48,-0.012819644995033741,0.5153452157974243,4.920290946960449,1550.6207275390625
250392,100,0.51,0.1405637413263321,0.4738289713859558,10.486655235290527,1507.092529296875
250393,100,0.55,0.14526839554309845,0.5341991782188416,12.289790153503418,814.7155151367188
250394,100,0.56,0.0013361157616600394,0.5497729778289795,6.887300968170166,1002.7492065429688
250395,86,0.43023255813953487,0.23560567200183868,0.5162251591682434,18.05493927001953,1666.2701416015625
250396,100,0.41,-0.025988971814513206,0.48551443219184875,3.4816555976867676,1093.292724609375
250397,100,0.46,0.18222962319850922,0.5271326303482056,14.507477760314941,1035.3409423828125
250398,100,0.55,-0.08486928790807724,0.5120589137077332,2.9052371978759766,453.9751892089844
250399,91,0.5714285714285714,0.040726687759160995,0.5559783577919006,19.14078140258789,937.8815307617188
250400,100,0.49,0.05064064636826515,0.5120751857757568,7.909622669219971,1542.28173828125
250401,16,0.5,0.4033029079437256,0.44563528895378113,5.119289398193359,1626.991455078125
250402,100,0.58,0.051468778401613235,0.5410270690917969,12.927774429321289,1863.9736328125
250403,100,0.46,0.11969924718141556,0.5479893684387207,14.386246681213379,821.3817749023438
250404,47,0.5106382978723404,0.044212471693754196,0.5455832481384277,6.153932094573975,1188.5030517578125
250405,100,0.5,0.13822683691978455,0.507782518863678,14.899480819702148,1204.9326171875
250406,40,0.575,-0.05644805356860161,0.5184635519981384,2.392152786254883,1082.8856201171875
250407,100,0.57,0.05072776600718498,0.4764726758003235,5.783263683319092,1049.1160888671875
250408,37,0.5405405405405406,0.19556865096092224,0.5462183952331543,9.211654663085938,1585.7884521484375
250409,76,0.47368421052631576,0.14252696931362152,0.4105507731437683,11.13427448272705,1080.4039306640625
250410,100,0.51,-0.012739604339003563,0.4368957579135895,5.61502742767334,1327.412353515625
250411,100,0.5,0.03243102878332138,0.452102929353714,5.301455497741699,345.52789306640625
250412,37,0.4594594594594595,0.20559051632881165,0.5395543575286865,6.1755170822143555,1219.486083984375
250413,100,0.54,0.15656635165214539,0.6285896897315979,12.760146141052246,780.7639770507812
250414,100,0.48,-0.06689482182264328,0.4846048653125763,4.419081211090088,1432.982177734375
250415,100,0.6,0.0020090171601623297,0.43141117691993713,13.610600471496582,906.1326904296875
250416,46,0.5,0.2269456833600998,0.4336712062358856,11.938276290893555,981.6422729492188
250417,100,0.59,0.23465435206890106,0.4661395847797394,29.167665481567383,1770.4068603515625
250418,100,0.55,-0.05146795138716698,0.45044440031051636,5.85177755355835,1207.824462890625
250419,47,0.5531914893617021,0.06811421364545822,0.5047186613082886,11.6080961227417,970.2284545898438
250420,100,0.58,0.18021930754184723,0.4853823482990265,19.805219650268555,490.40203857421875
250421,72,0.625,0.18502943217754364,0.570867121219635,20.04029083251953,1296.3265380859375
250422,100,0.5,0.16928815841674805,0.49902480840682983,18.28962516784668,632.8982543945312
250423,97,0.6597938144329897,0.1631210297346115,0.6144886612892151,22.63279151916504,1636.7169189453125
250424,58,0.5344827586206896,0.3627697229385376,0.6176980137825012,18.168991088867188,1344.9873046875
250425,65,0.5384615384615384,0.27931085228919983,0.5371561050415039,20.243209838867188,2223.011962890625
250426,100,0.52,0.03379146009683609,0.4819486141204834,9.737702369689941,1069.888671875
250427,96,0.4479166666666667,0.17099982500076294,0.481440931558609,17.559385299682617,1288.1778564453125
250428,26,0.5,0.12297049164772034,0.43395936489105225,5.93463134765625,1170.119873046875
250429,64,0.578125,0.23513084650039673,0.5495706796646118,18.961315155029297,1747.7894287109375
250430,100,0.48,0.01831255853176117,0.5491925477981567,6.733821392059326,1359.4080810546875
250431,100,0.48,0.16095907986164093,0.5537103414535522,16.306947708129883,1657.0302734375
250432,84,0.6547619047619048,0.031490933150053024,0.4429677128791809,6.286480903625488,1414.408447265625
250433,100,0.66,0.03425442799925804,0.4615606963634491,6.515710353851318,1726.123779296875
250434,78,0.6025641025641025,0.2732352912425995,0.4859659969806671,23.083847045898438,393.8895263671875
250435,69,0.5942028985507246,0.2614402174949646,0.5126661062240601,17.309255599975586,1542.4139404296875
250436,41,0.43902439024390244,0.16823136806488037,0.5342665910720825,8.817296028137207,1364.55224609375
250437,100,0.57,0.1272478848695755,0.4506523609161377,15.056621551513672,1372.82763671875
250438,88,0.5568181818181818,0.3282500207424164,0.5049915313720703,28.212303161621094,396.6698303222656
250439,9,0.4444444444444444,-0.1401761770248413,0.4826292395591736,0.42437753081321716,1464.3250732421875
250440,100,0.47,0.07056330889463425,0.5334749221801758,12.682231903076172,1714.0772705078125
250441,85,0.49411764705882355,0.19616708159446716,0.47642046213150024,17.541873931884766,1959.1312255859375
250442,100,0.46,0.14989395439624786,0.6011232733726501,16.759307861328125,1489.4954833984375
250443,31,0.4838709677419355,0.1487995982170105,0.45567992329597473,5.036505699157715,1037.15185546875
250444,33,0.7272727272727273,0.23941533267498016,0.390097975730896,13.48336124420166,1845.4615478515625
250445,73,0.547945205479452,0.2287253886461258,0.43523529171943665,19.76549530029297,1990.908935546875
250446,22,0.5909090909090909,0.44768473505973816,0.4388390779495239,11.555068016052246,1383.9989013671875
250447,100,0.51,0.22109171748161316,0.5019077658653259,13.964618682861328,1742.8182373046875
250448,77,0.6103896103896104,0.2062816023826599,0.5233103632926941,21.8076171875,1143.6917724609375
250449,26,0.5384615384615384,0.039401911199092865,0.5096443295478821,5.2721943855285645,1449.0584716796875
250450,61,0.4918032786885246,0.0866660624742508,0.5593967437744141,5.432960033416748,1572.834228515625
250451,59,0.559322033898305,0.1441643387079239,0.43027257919311523,14.223526000976562,1717.06591796875
250452,61,0.4918032786885246,0.1657140552997589,0.5318167209625244,7.27146053314209,604.2364501953125
250453,68,0.47058823529411764,0.26667407155036926,0.3916221559047699,16.548643112182617,1094.191162109375
250454,100,0.64,0.08062952756881714,0.47013965249061584,15.4322509765625,1624.193359375
250455,96,0.5833333333333334,0.14133182168006897,0.42946338653564453,22.604074478149414,1411.017822265625
250456,61,0.5737704918032787,0.28114303946495056,0.4630497395992279,19.632686614990234,1572.8380126953125
250457,77,0.5324675324675324,0.13053151965141296,0.4412667751312256,12.458725929260254,2011.95458984375
250458,82,0.524390243902439,0.2721484899520874,0.47906067967414856,19.42430877685547,867.4993896484375
250459,32,0.46875,0.20103152096271515,0.4677414000034332,8.211750984191895,944.4388427734375
250460,74,0.5675675675675675,0.10691972076892853,0.5205433964729309,7.57680606842041,1836.4630126953125
250461,100,0.52,0.20535121858119965,0.5048121809959412,15.03576374053955,875.3485107421875
250462,12,0.3333333333333333,0.4438357353210449,0.45735234022140503,2.029937982559204,1240.136962890625
250463,53,0.5283018867924528,0.3679125905036926,0.5205522775650024,22.210182189941406,1397.66748046875
250464,55,0.6,0.24097099900245667,0.5284300446510315,16.269989013671875,1556.0115966796875
250465,27,0.5185185185185185,0.24393883347511292,0.39767006039619446,7.617770195007324,1533.029052734375
250466,23,0.6086956521739131,0.16874893009662628,0.4493381679058075,7.768232822418213,619.4025268554688
250467,54,0.46296296296296297,0.36600443720817566,0.500575840473175,16.761171340942383,1332.6287841796875
250468,32,0.53125,0.3293245732784271,0.5966982245445251,16.529136657714844,663.8668212890625
250469,43,0.4883720930232558,0.18647626042366028,0.4103025197982788,10.343605041503906,1032.6251220703125
250470,24,0.7916666666666666,0.31182917952537537,0.4148140549659729,12.319855690002441,1913.05712890625
250471,28,0.4642857142857143,0.4386170506477356,0.58570796251297,11.378959655761719,1375.395263671875
250472,58,0.5,0.3193996250629425,0.5663977861404419,26.136171340942383,2097.22705078125
250473,43,0.4883720930232558,0.05048423632979393,0.44787976145744324,4.5889787673950195,2015.949951171875
250474,100,0.61,0.022215070202946663,0.4913122355937958,8.715380668640137,1439.0794677734375
250475,85,0.49411764705882355,0.23615385591983795,0.48645836114883423,21.909584045410156,1394.0150146484375
250476,37,0.40540540540540543,0.321353018283844,0.48408716917037964,14.418839454650879,319.9190368652344
250477,100,0.45,0.017652135342359543,0.46936705708503723,5.009326934814453,1139.811767578125
250478,73,0.4383561643835616,0.023909516632556915,0.584611177444458,4.766129016876221,1342.6796875
250479,69,0.5797101449275363,0.027208369225263596,0.42090365290641785,7.315950870513916,1581.611572265625
250480,66,0.5454545454545454,0.07737620919942856,0.5513517260551453,5.942135810852051,1054.256591796875
250481,67,0.4925373134328358,0.37825146317481995,0.45115235447883606,23.17770767211914,1763.743408203125
250482,89,0.5617977528089888,0.13722111284732819,0.47201722860336304,10.06373405456543,685.3338012695312
250483,100,0.51,0.21354763209819794,0.5505583882331848,15.236703872680664,1023.346435546875
250484,41,0.5121951219512195,0.3467700779438019,0.5249636769294739,15.43947696685791,2248.73046875
250485,74,0.5135135135135135,0.1959078162908554,0.5359036922454834,19.25812339782715,1757.185546875
250486,100,0.42,0.13402996957302094,0.520767331123352,9.313045501708984,725.1035766601562
250487,100,0.44,0.06354279071092606,0.46501585841178894,9.493241310119629,727.5792236328125
250488,100,0.48,0.007635956164449453,0.5189992189407349,5.94887638092041,1426.03564453125
250489,100,0.56,-0.017641156911849976,0.5552168488502502,6.400600433349609,1257.698486328125
250490,100,0.57,0.17486941814422607,0.4893205463886261,22.644187927246094,1053.1275634765625
250491,71,0.5915492957746479,0.0994475930929184,0.4752458333969116,11.49276065826416,1614.1180419921875
250492,56,0.5535714285714286,0.1654784381389618,0.4221547245979309,10.828804969787598,1540.747802734375
250493,30,0.6,0.3619585335254669,0.6392268538475037,10.221749305725098,642.6878662109375
250494,86,0.5465116279069767,0.12863042950630188,0.6205273270606995,9.08526611328125,679.25
250495,37,0.43243243243243246,-0.021818434819579124,0.6221287250518799,3.0416388511657715,506.5301208496094
250496,64,0.578125,0.25102099776268005,0.5279788374900818,22.013103485107422,858.8547973632812
250497,63,0.4444444444444444,0.23479832708835602,0.5000799894332886,13.198291778564453,1503.9322509765625
250498,24,0.5,0.22396154701709747,0.5130169987678528,9.806815147399902,883.346435546875
250499,86,0.5,0.1965569406747818,0.5923684239387512,12.758387565612793,979.4635009765625
250500,65,0.49230769230769234,0.3033128082752228,0.5281915664672852,18.364240646362305,1274.7625732421875
250501,28,0.42857142857142855,0.23789028823375702,0.42924851179122925,4.716818809509277,1706.4337158203125
250502,36,0.4444444444444444,0.3222202956676483,0.4966384768486023,11.441824913024902,1327.2381591796875
250503,67,0.417910447761194,0.21283359825611115,0.45797401666641235,16.48293113708496,940.4109497070312
250504,40,0.6,0.1068701222538948,0.5106340646743774,6.310816764831543,1202.54345703125
250505,60,0.5666666666666667,0.20493914186954498,0.4684271216392517,16.204477310180664,1951.5771484375
250506,93,0.5806451612903226,0.08092303574085236,0.4145651161670685,14.664881706237793,1265.60546875
250507,97,0.4845360824742268,0.29918256402015686,0.457965612411499,25.2716121673584,1234.4888916015625
250508,24,0.7083333333333334,0.3046035170555115,0.48573893308639526,10.603726387023926,826.0597534179688
250509,100,0.53,0.03264728933572769,0.42585641145706177,21.934181213378906,778.7210083007812
250510,67,0.4925373134328358,0.38534677028656006,0.5148349404335022,30.944860458374023,2022.552734375
250511,96,0.5,0.17303092777729034,0.4978346526622772,21.798797607421875,1749.631591796875
250512,58,0.5344827586206896,0.10378170758485794,0.4901057481765747,9.660709381103516,1103.520263671875
250513,100,0.45,0.17605538666248322,0.5223553776741028,12.803611755371094,1360.016357421875
250514,52,0.75,0.21351391077041626,0.5396953225135803,22.791261672973633,688.0616455078125
250515,38,0.47368421052631576,0.09515243768692017,0.5022276043891907,4.517096519470215,762.5408935546875
250516,100,0.5,0.035360950976610184,0.5294541716575623,12.120080947875977,818.3707275390625
250517,75,0.5733333333333334,0.03319532796740532,0.4834946393966675,7.701626777648926,806.8492431640625
250518,75,0.4533333333333333,0.2466277778148651,0.4562307596206665,19.374582290649414,1766.6256103515625
250519,79,0.45569620253164556,0.24136798083782196,0.5024421811103821,14.26219654083252,1393.2872314453125
250520,87,0.5632183908045977,0.12299519032239914,0.5576653480529785,22.121707916259766,1390.857666015625
250521,59,0.5254237288135594,0.22113960981369019,0.5597720742225647,14.488021850585938,1933.9976806640625
250522,100,0.49,-0.043214309960603714,0.5476114749908447,3.864009380340576,485.55609130859375
250523,100,0.55,0.07703883945941925,0.4932270050048828,13.326642036437988,669.7518310546875
250524,45,0.7111111111111111,0.1857476681470871,0.6101540327072144,6.623249530792236,1864.6962890625
250525,91,0.5164835164835165,0.12072931230068207,0.5239560604095459,10.907843589782715,554.1248779296875
250526,54,0.6111111111111112,0.19342118501663208,0.44209516048431396,17.013404846191406,1369.52197265625
250527,65,0.6615384615384615,0.18367218971252441,0.5823619961738586,16.741323471069336,1999.241455078125
250528,100,0.54,-0.10423579066991806,0.48308396339416504,3.0428473949432373,595.4292602539062
250529,32,0.5625,0.05559428408741951,0.4403388798236847,10.142786026000977,967.7376708984375
250530,100,0.54,-0.04455580189824104,0.47287821769714355,4.463849067687988,590.06884765625
250531,92,0.4782608695652174,0.1382162719964981,0.49927327036857605,13.085223197937012,651.3834838867188
250532,71,0.49295774647887325,0.08212214708328247,0.6011773943901062,8.639481544494629,972.2472534179688
250533,100,0.52,-0.04075232520699501,0.4572310447692871,2.6692214012145996,684.23388671875
250534,77,0.5324675324675324,0.09630031138658524,0.48608556389808655,10.218724250793457,1235.1495361328125
250535,100,0.52,-0.035700924694538116,0.5207430124282837,3.7612688541412354,1652.6181640625
250536,100,0.6,0.049177274107933044,0.4753473401069641,5.086073398590088,1516.4420166015625
250537,70,0.44285714285714284,0.16722270846366882,0.4833575487136841,12.460832595825195,620.0885620117188
250538,16,0.5625,-0.05474391207098961,0.3378311097621918,1.1568694114685059,2016.538818359375
250539,100,0.48,-0.1947367638349533,0.5339018106460571,2.0027356147766113,427.2609558105469
250540,81,0.5802469135802469,0.14762082695960999,0.48736730217933655,18.240219116210938,1591.4930419921875
250541,27,0.6296296296296297,0.14817321300506592,0.48030775785446167,8.219586372375488,1096.3427734375
250542,100,0.57,0.055453263223171234,0.54953932762146,14.69787311553955,1136.4793701171875
250543,100,0.59,0.12879084050655365,0.49974796175956726,19.0075740814209,1023.580078125
250544,23,0.5652173913043478,0.2903744876384735,0.535232424736023,7.740173816680908,1406.21875
250545,100,0.47,0.06747320294380188,0.49501630663871765,13.679729461669922,1037.468505859375
250546,78,0.5256410256410257,0.15238288044929504,0.4576566517353058,19.870302200317383,2094.302490234375
250547,37,0.4594594594594595,0.5502797961235046,0.5450266599655151,20.25507164001465,1914.0345458984375
250548,100,0.52,0.10926274955272675,0.6219261288642883,19.520456314086914,763.919921875
250549,44,0.6136363636363636,0.38364776968955994,0.6586413979530334,18.31818199157715,1587.5008544921875
250550,11,0.5454545454545454,0.5655578374862671,0.5111267566680908,6.525142192840576,1217.510986328125
250551,100,0.41,-0.01568538136780262,0.5912259817123413,4.127208232879639,488.5072021484375
250552,43,0.5581395348837209,0.24603033065795898,0.4617578983306885,14.979665756225586,812.894775390625
250553,71,0.5211267605633803,0.07796549797058105,0.40375661849975586,8.010564804077148,1410.7066650390625
250554,37,0.4594594594594595,0.48258182406425476,0.4866793155670166,20.902633666992188,1345.8594970703125
250555,88,0.5227272727272727,0.15876221656799316,0.475991427898407,16.86280632019043,1466.363037109375
250556,100,0.5,0.07157609611749649,0.5738087892532349,6.552073955535889,816.4309692382812
250557,67,0.5223880597014925,0.157863587141037,0.4774903655052185,11.564031600952148,888.31298828125
250558,28,0.35714285714285715,0.4437280595302582,0.5373745560646057,8.357362747192383,1899.1427001953125
250559,31,0.6129032258064516,0.3697085380554199,0.4780081808567047,12.695762634277344,1083.2490234375
250560,57,0.49122807017543857,0.3145334720611572,0.4727718234062195,19.310649871826172,2000.1685791015625
250561,48,0.3958333333333333,0.18708035349845886,0.5846333503723145,9.788817405700684,824.9815673828125
250562,63,0.6349206349206349,0.19252322614192963,0.5086814761161804,20.809785842895508,1864.2127685546875
250563,59,0.5254237288135594,0.24148283898830414,0.5278537273406982,17.290592193603516,303.7701110839844
250564,57,0.43859649122807015,0.2655937969684601,0.45894208550453186,12.19180965423584,1204.9312744140625
250565,83,0.6144578313253012,0.08874274045228958,0.5018726587295532,14.415923118591309,1742.8082275390625
250566,17,0.4117647058823529,0.47324031591415405,0.4884619116783142,5.902350902557373,1199.676513671875
250567,33,0.45454545454545453,0.3675723373889923,0.4299231767654419,12.416579246520996,1342.1051025390625
250568,28,0.5357142857142857,0.3995887339115143,0.47274908423423767,13.58320140838623,1283.2598876953125
250569,100,0.53,0.1760459691286087,0.4670983850955963,16.82586669921875,713.9473266601562
250570,9,0.7777777777777778,0.6225758790969849,0.4569293260574341,10.244579315185547,1585.1123046875
250571,32,0.5625,0.24016687273979187,0.4891006350517273,9.962417602539062,1115.8531494140625
250572,5,0.6,0.4833237826824188,0.350675493478775,2.830465793609619,1161.4749755859375
250573,71,0.43661971830985913,0.19300508499145508,0.5038639903068542,12.669179916381836,224.8863525390625
250574,63,0.38095238095238093,0.3237433135509491,0.4845809042453766,16.91645622253418,814.0413208007812
250575,24,0.4166666666666667,0.16136382520198822,0.6275359392166138,3.8906078338623047,833.5693359375
250576,89,0.5168539325842697,0.09297534823417664,0.4290171265602112,14.745158195495605,2217.714111328125
250577,49,0.6938775510204082,0.20967017114162445,0.4672836363315582,19.405967712402344,920.6309814453125
250578,25,0.56,0.29363784193992615,0.45751792192459106,5.623535633087158,824.7517700195312
250579,100,0.44,0.0743558406829834,0.4814905524253845,6.623643398284912,1098.92529296875
250580,36,0.5,-0.010797914117574692,0.5134039521217346,2.841507911682129,1224.04931640625
250581,72,0.4444444444444444,0.08156310021877289,0.5431579947471619,4.861509323120117,1739.0579833984375
250582,86,0.4418604651162791,0.17002661526203156,0.4906618297100067,10.594983100891113,781.4395141601562
250583,65,0.4461538461538462,0.33889782428741455,0.5506778359413147,24.342588424682617,1093.7149658203125
250584,47,0.5531914893617021,0.2512582838535309,0.5342845916748047,15.55242919921875,1235.4052734375
250585,100,0.56,0.08392135798931122,0.5264027118682861,12.936202049255371,543.1647338867188
250586,5,0.4,0.775790274143219,0.3561187982559204,3.6283392906188965,992.568115234375
250587,100,0.43,0.01333774346858263,0.4713963270187378,5.567747592926025,833.1030883789062
250588,54,0.5555555555555556,0.04826411232352257,0.44804850220680237,10.66408920288086,917.5191040039062
250589,87,0.42528735632183906,0.17279085516929626,0.44338685274124146,12.921103477478027,1528.3338623046875
250590,100,0.45,0.12594160437583923,0.5106158256530762,14.796836853027344,1506.8243408203125
250591,100,0.55,0.07846081256866455,0.5066087245941162,8.046557426452637,656.2980346679688
250592,48,0.5416666666666666,0.3133399784564972,0.5199763178825378,19.997339248657227,1369.7777099609375
250593,56,0.5535714285714286,0.21544696390628815,0.44981709122657776,15.780592918395996,589.7109375
250594,84,0.5238095238095238,0.06548968702554703,0.5026678442955017,6.84930419921875,1179.27978515625
250595,59,0.5084745762711864,0.10477586835622787,0.5336334109306335,6.8383965492248535,794.4722290039062
250596,100,0.58,0.1139007955789566,0.5331412553787231,11.4707670211792,792.8098754882812
250597,21,0.38095238095238093,0.6500966548919678,0.5371975302696228,8.214073181152344,1588.594970703125
250598,100,0.53,0.1254681497812271,0.5042257905006409,23.206865310668945,756.6756591796875
250599,100,0.51,0.18944191932678223,0.5521284341812134,24.336694717407227,1167.525390625
250600,47,0.574468085106383,0.12301072478294373,0.4697873592376709,9.005759239196777,1679.4093017578125
250601,100,0.48,-0.06577014178037643,0.4979037642478943,2.860618829727173,1115.6077880859375
250602,54,0.46296296296296297,0.26699069142341614,0.44662290811538696,8.214062690734863,1473.590087890625
250603,65,0.5384615384615384,0.42491400241851807,0.5287612080574036,20.186288833618164,1434.615478515625
250604,100,0.5,0.1545899212360382,0.4671418070793152,15.696307182312012,807.8244018554688
250605,33,0.48484848484848486,0.187795490026474,0.5321784019470215,8.264751434326172,860.0946044921875
250606,25,0.52,0.3217335045337677,0.4663694202899933,8.798140525817871,908.51123046875
250607,51,0.5686274509803921,0.156073197722435,0.4817480146884918,10.351594924926758,1519.579345703125
250608,42,0.5,0.2267485111951828,0.4374450147151947,12.056395530700684,1496.20654296875
250609,100,0.5,-0.004603083711117506,0.4509596526622772,5.497304916381836,764.54541015625
250610,23,0.6521739130434783,0.3634052872657776,0.4693622589111328,10.7556734085083,962.093994140625
250611,22,0.7272727272727273,0.2846391201019287,0.5241681933403015,13.732751846313477,1268.5931396484375
250612,18,0.5,0.325624018907547,0.38674867153167725,3.1042051315307617,1739.5146484375
250613,72,0.6527777777777778,0.18422217667102814,0.5258085131645203,22.3760929107666,1998.34228515625
250614,100,0.48,-0.11294794827699661,0.5146898627281189,3.824530839920044,1388.3345947265625
250615,99,0.42424242424242425,0.15420353412628174,0.5309882164001465,10.436890602111816,943.0748291015625
250616,100,0.57,-0.010756994597613811,0.5640204548835754,3.3967483043670654,266.16143798828125
250617,100,0.38,-0.058806996792554855,0.5317609310150146,4.7393574714660645,398.17681884765625
250618,31,0.45161290322580644,0.34827423095703125,0.49341079592704773,13.314231872558594,1095.965576171875
250619,66,0.48484848484848486,0.08886419236660004,0.5212082266807556,5.3354973793029785,987.2996826171875
250620,46,0.6086956521739131,0.3358916938304901,0.5758097171783447,22.69931983947754,959.3474731445312
250621,100,0.65,0.14102523028850555,0.5595877766609192,28.718549728393555,1241.5301513671875
250622,53,0.7169811320754716,0.19120824337005615,0.4429602026939392,18.992645263671875,1433.998291015625
250623,38,0.6578947368421053,0.2518657147884369,0.5527163147926331,12.794384002685547,1206.0157470703125
250624,72,0.6388888888888888,0.16064795851707458,0.49581992626190186,16.247024536132812,1986.8001708984375
250625,100,0.45,0.05202572047710419,0.5195555686950684,15.16979694366455,607.1620483398438
250626,100,0.49,-0.1533261090517044,0.519875705242157,1.430299997329712,314.9551696777344
250627,54,0.5370370370370371,0.19269362092018127,0.5360620021820068,14.861992835998535,1149.555908203125
250628,22,0.7272727272727273,0.135650634765625,0.7385035157203674,4.135131359100342,1613.5494384765625
250629,100,0.57,-0.021452730521559715,0.5465207695960999,6.267344951629639,1255.7596435546875
250630,38,0.631578947368421,-0.13378958404064178,0.552054762840271,1.4947234392166138,1686.9207763671875
250631,100,0.63,-0.006283817812800407,0.44064393639564514,4.887882709503174,1345.1168212890625
250632,100,0.54,-0.03368005156517029,0.4282839298248291,6.464778423309326,747.1176147460938
250633,69,0.5507246376811594,0.15256710350513458,0.5048864483833313,16.74640655517578,1332.3592529296875
250634,100,0.49,-0.039248980581760406,0.4101877808570862,3.2140142917633057,725.6392211914062
250635,100,0.36,-0.18339689075946808,0.4938880503177643,0.8798977732658386,693.9959106445312
250636,100,0.43,0.28991469740867615,0.481604665517807,21.96350860595703,427.1198425292969
250637,25,0.56,0.15393021702766418,0.35059353709220886,3.8232476711273193,1431.28759765625
250638,30,0.5666666666666667,0.29155656695365906,0.42982804775238037,10.886898040771484,411.5455017089844
250639,29,0.4482758620689655,0.23702222108840942,0.4352625012397766,9.012251853942871,1046.9742431640625
250640,62,0.5806451612903226,0.31226837635040283,0.4422253966331482,20.55999755859375,1424.86279296875
250641,12,0.4166666666666667,0.05093113332986832,0.4138738512992859,0.6535987854003906,1171.570068359375
250642,61,0.45901639344262296,0.2102057933807373,0.5178645253181458,8.991534233093262,1268.618896484375
250643,59,0.576271186440678,0.31757816672325134,0.5781782269477844,19.642642974853516,1302.3011474609375
250644,73,0.589041095890411,0.19524675607681274,0.45344221591949463,19.465219497680664,1180.09765625
250645,35,0.4857142857142857,0.18603374063968658,0.6269035935401917,8.339559555053711,855.92236328125
250646,45,0.7111111111111111,0.4514973759651184,0.4430137872695923,23.564477920532227,1078.7886962890625
250647,58,0.6206896551724138,0.22276663780212402,0.4656791687011719,14.502699851989746,1607.35302734375
250648,63,0.5396825396825397,0.31439322233200073,0.5105065107345581,19.71454429626465,1769.12060546875
250649,19,0.2631578947368421,0.6829690933227539,0.44033488631248474,2.9955267906188965,1393.5462646484375
250650,31,0.45161290322580644,0.33795496821403503,0.42421963810920715,9.386772155761719,1810.64453125
250651,7,0.7142857142857143,0.3533908426761627,0.7921797037124634,4.3842363357543945,1734.2918701171875
250652,71,0.4788732394366197,0.26974183320999146,0.42253759503364563,16.546457290649414,1199.2454833984375
250653,55,0.6545454545454545,0.24230273067951202,0.46909698843955994,16.08308219909668,1611.876220703125
250654,43,0.4418604651162791,0.17324848473072052,0.5817558169364929,8.081905364990234,1169.2823486328125
250655,100,0.61,0.09772840142250061,0.47056251764297485,18.307138442993164,1175.0941162109375
250656,77,0.5844155844155844,0.13596469163894653,0.48096880316734314,19.950603485107422,433.01519775390625
250657,100,0.66,-0.004009149968624115,0.5432019829750061,11.761309623718262,1486.24462890625
250658,54,0.5740740740740741,0.355131059885025,0.4724373519420624,19.731950759887695,1474.0760498046875
250659,100,0.45,0.013129576109349728,0.45644915103912354,7.408022403717041,1199.0831298828125
250660,11,0.45454545454545453,0.3220730423927307,0.4895959198474884,4.961283206939697,1309.5809326171875
250661,91,0.4065934065934066,0.10930906981229782,0.5225262641906738,12.28092098236084,691.5863647460938
250662,12,0.25,0.23536133766174316,0.3968079388141632,2.2265737056732178,1321.14599609375
250663,74,0.5945945945945946,0.11422447860240936,0.5238381028175354,14.257037162780762,1384.4093017578125
250664,94,0.48936170212765956,0.216164693236351,0.4962139427661896,18.988811492919922,1149.0831298828125
250665,38,0.7105263157894737,0.132014662027359,0.45519983768463135,9.719087600708008,664.8568725585938
250666,29,0.5172413793103449,0.40267664194107056,0.5180366635322571,14.229162216186523,1923.508056640625
250667,98,0.45918367346938777,0.08894335478544235,0.46281999349594116,10.278585433959961,1433.7415771484375
250668,26,0.8076923076923077,0.21370238065719604,0.4297918379306793,15.915680885314941,1333.53466796875
250669,44,0.6818181818181818,0.03190993145108223,0.45536771416664124,6.496057510375977,935.5872802734375
250670,30,0.5333333333333333,0.06135548651218414,0.5042297840118408,4.529644966125488,1193.856201171875
250671,70,0.5571428571428572,0.18974563479423523,0.5390836596488953,18.708728790283203,1680.0577392578125
250672,60,0.5333333333333333,0.19678613543510437,0.4960004389286041,9.228803634643555,2077.20751953125
250673,28,0.32142857142857145,0.04355457052588463,0.5381055474281311,1.4340943098068237,2001.1624755859375
250674,39,0.48717948717948717,0.0657089352607727,0.5071461796760559,4.680074214935303,1349.5716552734375
250675,33,0.5151515151515151,0.3153519928455353,0.4542432725429535,13.276535034179688,1396.679931640625
250676,100,0.4,0.053741455078125,0.493836373090744,12.125736236572266,1612.8173828125
250677,29,0.4482758620689655,0.2953978478908539,0.5530056953430176,9.164996147155762,1319.2105712890625
250678,14,0.35714285714285715,0.23604735732078552,0.5639492273330688,2.0204250812530518,1904.6151123046875
250679,37,0.4864864864864865,0.31951281428337097,0.4897501468658447,14.21523666381836,1593.3172607421875
250680,11,0.5454545454545454,0.29899683594703674,0.6452959775924683,4.364638805389404,547.4063720703125
250681,63,0.5396825396825397,0.24337084591388702,0.44624367356300354,20.66999626159668,1800.8614501953125
250682,62,0.5161290322580645,0.1808655858039856,0.4872604012489319,13.801547050476074,1641.4537353515625
250683,71,0.5211267605633803,0.2565906047821045,0.5017052292823792,24.674795150756836,759.9885864257812
250684,100,0.47,-0.0607306994497776,0.5600583553314209,3.5094408988952637,163.1652069091797
250685,93,0.5376344086021505,0.13494157791137695,0.5848205089569092,11.925569534301758,2113.206787109375
250686,100,0.51,0.053664177656173706,0.5460623502731323,13.037849426269531,994.6021728515625
250687,100,0.57,0.1155601516366005,0.5248937606811523,24.23773193359375,1064.2904052734375
250688,28,0.6785714285714286,0.34708139300346375,0.4157353937625885,15.391518592834473,508.9074401855469
250689,11,0.6363636363636364,0.6494250893592834,0.3694157004356384,8.706221580505371,1427.7822265625
250690,33,0.6060606060606061,0.18274860084056854,0.42219385504722595,11.59765338897705,1150.081787109375
250691,28,0.5,0.3707306981086731,0.45677050948143005,8.976202011108398,1267.7271728515625
250692,79,0.5569620253164557,0.2810938358306885,0.558634877204895,23.078813552856445,1430.529296875
250693,85,0.5411764705882353,0.29495567083358765,0.5314584374427795,28.059932708740234,1349.05224609375
250694,24,0.5,0.22564762830734253,0.5170583128929138,6.416167736053467,1651.498046875
250695,34,0.5588235294117647,0.4052260220050812,0.3797215223312378,19.868139266967773,2007.1756591796875
250696,41,0.4878048780487805,0.4895172715187073,0.5636308193206787,19.589685440063477,348.9838562011719
250697,42,0.47619047619047616,0.3323020339012146,0.4890419840812683,10.08503532409668,1548.7337646484375
250698,81,0.6296296296296297,0.09288814663887024,0.47487857937812805,18.75035285949707,1383.2333984375
250699,52,0.5769230769230769,0.36562860012054443,0.4622162878513336,19.66899299621582,1692.8902587890625
250700,43,0.5581395348837209,0.3923095762729645,0.5220780372619629,21.22150993347168,470.12725830078125
250701,61,0.4098360655737705,0.24905483424663544,0.45462220907211304,11.597006797790527,953.6192626953125
250702,100,0.57,0.04808342829346657,0.5370147824287415,9.800457954406738,697.4273681640625
250703,57,0.38596491228070173,0.4338322579860687,0.45783281326293945,23.159486770629883,1358.150390625
250704,51,0.5882352941176471,0.3521416485309601,0.4682900607585907,23.866390228271484,723.8197631835938
250705,55,0.5454545454545454,0.29248562455177307,0.32321590185165405,17.067798614501953,983.647705078125
250706,76,0.5789473684210527,0.2655014991760254,0.45660266280174255,25.93951416015625,1960.478515625
250707,100,0.58,0.22175978124141693,0.45287662744522095,31.02227783203125,1295.2396240234375
250708,17,0.8235294117647058,0.41821083426475525,0.35271021723747253,10.619765281677246,879.6842041015625
250709,43,0.4883720930232558,0.18154074251651764,0.4895802438259125,9.840716361999512,1754.453125
250710,79,0.5063291139240507,0.18138280510902405,0.3871060907840729,21.920564651489258,1193.25634765625
250711,35,0.42857142857142855,0.39164361357688904,0.5933399796485901,15.101171493530273,1400.8907470703125
250712,39,0.5128205128205128,0.35068219900131226,0.532460629940033,12.123580932617188,1354.87255859375
250713,100,0.49,0.26241400837898254,0.47517499327659607,23.717025756835938,2233.476318359375
250714,14,0.5714285714285714,0.13946901261806488,0.46801677346229553,1.5623849630355835,1880.3052978515625
250715,68,0.4852941176470588,0.2654336094856262,0.5051621794700623,24.372684478759766,1309.56982421875
250716,92,0.4673913043478261,0.09689946472644806,0.5237921476364136,8.539244651794434,1589.93798828125
250717,55,0.6,0.32337141036987305,0.4127744734287262,22.625133514404297,535.7747192382812
250718,60,0.48333333333333334,0.36940181255340576,0.5557535886764526,26.7745361328125,1308.9998779296875
250719,51,0.49019607843137253,0.10917375236749649,0.3961857557296753,8.253400802612305,1315.64453125
250720,9,0.7777777777777778,0.3709583282470703,0.7097698450088501,5.15970516204834,1791.3016357421875
250721,45,0.4888888888888889,0.3367464244365692,0.37285178899765015,16.716001510620117,443.0898132324219
250722,56,0.5357142857142857,0.24536389112472534,0.5647274851799011,13.984237670898438,1224.8685302734375
250723,39,0.5384615384615384,0.43349403142929077,0.5628936886787415,19.168203353881836,825.4121704101562
250724,63,0.5555555555555556,0.2438143938779831,0.48400750756263733,25.014787673950195,1749.383056640625
250725,86,0.6162790697674418,0.10147176682949066,0.41866061091423035,16.903295516967773,1900.86376953125
250726,32,0.375,0.5601840615272522,0.41967901587486267,15.799680709838867,1829.1829833984375
250727,45,0.6,0.17788471281528473,0.46503305435180664,15.28331470489502,2064.43798828125
250728,22,0.7272727272727273,0.4974035322666168,0.3717615604400635,15.76888656616211,2140.154052734375
250729,36,0.5277777777777778,0.3944436013698578,0.571098804473877,21.89197540283203,741.5651245117188
250730,32,0.5,0.41146641969680786,0.4507474899291992,12.743450164794922,1943.6776123046875
250731,27,0.6666666666666666,0.14849120378494263,0.4153945744037628,6.787952899932861,1370.837646484375
250732,47,0.5957446808510638,0.19434349238872528,0.4687241017818451,14.827156066894531,1591.4998779296875
250733,53,0.5471698113207547,0.11898619681596756,0.48206964135169983,6.762766361236572,1958.6907958984375
250734,34,0.6764705882352942,0.4744603931903839,0.39211976528167725,20.922773361206055,1927.0799560546875
250735,30,0.5333333333333333,0.509411096572876,0.44463807344436646,13.598359107971191,847.5953369140625
250736,28,0.42857142857142855,0.3051982820034027,0.4313957989215851,10.01468563079834,1238.8642578125
250737,28,0.42857142857142855,0.29595527052879333,0.6140896677970886,9.020136833190918,850.370361328125
250738,96,0.5,0.049676451832056046,0.5046625733375549,14.6214599609375,1477.2008056640625
250739,70,0.6285714285714286,0.23590850830078125,0.4447982907295227,30.61451530456543,1886.72900390625
250740,11,0.7272727272727273,0.375838041305542,0.5852130055427551,4.499955177307129,888.6791381835938
250741,55,0.6363636363636364,0.3276382386684418,0.41908520460128784,21.344133377075195,1387.294677734375
250742,30,0.6333333333333333,0.42428112030029297,0.5464695692062378,19.83346176147461,1195.1038818359375
250743,15,0.8,0.33341726660728455,0.4336368143558502,7.8197784423828125,1157.6644287109375
250744,35,0.6285714285714286,0.3626067638397217,0.5633158087730408,14.550052642822266,1021.6439819335938
250745,36,0.4444444444444444,0.16975916922092438,0.47797274589538574,6.271337509155273,1090.8203125
250746,52,0.5961538461538461,0.14870087802410126,0.4992932677268982,13.61587142944336,1076.438232421875
250747,22,0.5454545454545454,0.7632949352264404,0.6225048899650574,16.149024963378906,1256.8951416015625
250748,83,0.4819277108433735,0.30312803387641907,0.45532456040382385,25.38679313659668,77.81690216064453
250749,49,0.5714285714285714,0.22371257841587067,0.49851077795028687,18.259462356567383,2387.594482421875
250750,87,0.5977011494252874,0.19090905785560608,0.4899706244468689,21.058183670043945,2415.283203125
250751,33,0.5151515151515151,0.454698383808136,0.5502606630325317,17.318675994873047,1525.901123046875
250752,19,0.5789473684210527,0.3287562131881714,0.37591123580932617,7.016109466552734,1895.3465576171875
250753,56,0.44642857142857145,0.2718370854854584,0.43146076798439026,12.833999633789062,984.8399658203125
250754,45,0.5333333333333333,0.2319256067276001,0.3848929703235626,12.443201065063477,624.4138793945312
250755,23,0.5652173913043478,0.3291104733943939,0.36503103375434875,7.374173164367676,2037.361083984375
250756,28,0.6428571428571429,0.2944570779800415,0.620707094669342,13.620881080627441,1199.5306396484375
250757,50,0.5,0.022380197420716286,0.5214539170265198,2.039936065673828,1733.42822265625
250758,87,0.5402298850574713,0.10271546244621277,0.48415669798851013,18.240421295166016,769.3570556640625
250759,75,0.5333333333333333,0.25278252363204956,0.5474371910095215,15.945035934448242,1514.2601318359375
250760,62,0.5,0.2951372563838959,0.5314143300056458,13.165332794189453,1969.322509765625
250761,54,0.5555555555555556,0.23928575217723846,0.5448682308197021,21.999805450439453,1544.1302490234375
250762,3,0.3333333333333333,0.7690747380256653,0.11358647048473358,3.0762994289398193,716.9027099609375
250763,100,0.51,0.04046172648668289,0.44321832060813904,13.553308486938477,612.872802734375
250764,23,0.43478260869565216,0.29955509305000305,0.48778918385505676,4.691751480102539,1220.156494140625
250765,46,0.5,0.328888475894928,0.45174846053123474,15.062304496765137,1910.3095703125
250766,48,0.4166666666666667,0.2650598883628845,0.45003095269203186,8.516727447509766,1608.086181640625
250767,66,0.6060606060606061,0.21627576649188995,0.6047850847244263,19.63315200805664,1109.8472900390625
250768,72,0.6111111111111112,0.23526844382286072,0.472337931394577,22.31683349609375,1940.8909912109375
250769,35,0.5714285714285714,0.14653047919273376,0.4130572974681854,9.065568923950195,1547.698974609375
250770,24,0.4166666666666667,0.23246467113494873,0.5530709028244019,3.2914493083953857,1172.138916015625
250771,70,0.5714285714285714,0.16272523999214172,0.505560576915741,17.004438400268555,1760.732421875
250772,79,0.5189873417721519,0.18455439805984497,0.4261733591556549,26.77756690979004,1539.68115234375
250773,45,0.6222222222222222,0.1782372146844864,0.4627673923969269,10.50733757019043,1817.7977294921875
250774,26,0.5769230769230769,0.49675360321998596,0.4805927276611328,15.46916675567627,882.9575805664062
250775,39,0.4358974358974359,0.22352880239486694,0.5438780188560486,11.169623374938965,592.7954711914062
250776,77,0.4025974025974026,0.292175829410553,0.5022162795066833,16.260425567626953,1225.381103515625
250777,71,0.5211267605633803,0.16388069093227386,0.5589166879653931,10.933857917785645,1301.95361328125
250778,49,0.4489795918367347,0.3493261933326721,0.4463008642196655,18.194942474365234,1369.52197265625
250779,39,0.5128205128205128,0.39329099655151367,0.45060890913009644,16.48988914489746,1587.2352294921875
250780,8,0.5,0.4698866605758667,0.5423401594161987,4.048128128051758,868.781494140625
250781,100,0.52,0.20452743768692017,0.5115160942077637,19.535690307617188,1531.110107421875
250782,64,0.515625,0.26076439023017883,0.4827136695384979,18.790252685546875,1484.29736328125
250783,52,0.6346153846153846,0.15343715250492096,0.3935936987400055,12.981492042541504,670.7296142578125
250784,64,0.53125,0.21712829172611237,0.415048748254776,14.803802490234375,1389.2166748046875
250785,23,0.5652173913043478,0.34860357642173767,0.5222710967063904,11.70412826538086,757.8369750976562
250786,79,0.5569620253164557,0.1290517896413803,0.501312792301178,9.028139114379883,1233.597412109375
250787,57,0.5614035087719298,0.12959566712379456,0.45125991106033325,12.4492769241333,1709.60693359375
250788,92,0.5760869565217391,0.027109142392873764,0.5545214414596558,12.785009384155273,2094.462158203125
250789,16,0.375,0.592776358127594,0.5628050565719604,9.101387023925781,1372.10546875
250790,24,0.5,0.26080191135406494,0.4955618679523468,5.938417434692383,1690.17626953125
250791,88,0.5681818181818182,0.12328842282295227,0.4917515814304352,17.27831268310547,1878.874267578125
250792,81,0.4691358024691358,0.367017924785614,0.39394697546958923,27.701074600219727,1412.9420166015625
250793,93,0.5483870967741935,0.18323643505573273,0.5027112364768982,27.455915451049805,1617.9759521484375
250794,100,0.52,0.06789033859968185,0.5359223484992981,7.724160194396973,1824.5179443359375
250795,38,0.5789473684210527,0.16543903946876526,0.4270017743110657,12.846757888793945,1086.2197265625
250796,70,0.5714285714285714,0.10516300052404404,0.46344709396362305,14.615099906921387,1202.7225341796875
250797,27,0.5555555555555556,0.2622746527194977,0.6314259171485901,10.463177680969238,1070.0635986328125
250798,82,0.6585365853658537,0.11189796030521393,0.3682139813899994,13.198301315307617,1661.632568359375
250799,37,0.5405405405405406,0.23439152538776398,0.6239714026451111,10.374444961547852,1119.281005859375
250800,47,0.44680851063829785,0.321259081363678,0.49188947677612305,17.82842445373535,1534.0390625
250801,52,0.4807692307692308,0.25040119886398315,0.5067141056060791,11.96431827545166,1546.66748046875
250802,52,0.4807692307692308,0.12646862864494324,0.5359349846839905,7.6573920249938965,1141.1263427734375
250803,37,0.5675675675675675,0.3640553653240204,0.654856264591217,11.433029174804688,1245.451171875
250804,33,0.45454545454545453,0.29890695214271545,0.5765069723129272,9.59187126159668,1775.3905029296875
250805,100,0.44,-0.08948257565498352,0.4645671844482422,2.96425199508667,478.4923095703125
250806,29,0.4482758620689655,0.18731699883937836,0.4399087131023407,6.389922142028809,1377.2076416015625
250807,46,0.4782608695652174,0.38176441192626953,0.5274925827980042,18.336166381835938,1794.369384765625
250808,46,0.5217391304347826,0.20013977587223053,0.4643575847148895,8.307755470275879,1179.9156494140625
250809,56,0.5714285714285714,0.20475895702838898,0.517544686794281,9.887541770935059,2203.536865234375
250810,49,0.4489795918367347,0.2376105636358261,0.5493870377540588,11.526154518127441,1080.37109375
250811,69,0.4927536231884058,0.11627014726400375,0.49492159485816956,15.299723625183105,1992.9788818359375
250812,14,0.6428571428571429,0.32031452655792236,0.29145145416259766,6.937511920928955,877.70458984375
250813,12,0.5,0.11804386228322983,0.2336970418691635,2.6647398471832275,1806.5955810546875
250814,47,0.5106382978723404,0.43346676230430603,0.4966181814670563,18.838430404663086,1060.1002197265625
250815,70,0.5142857142857142,0.06545932590961456,0.5040786266326904,7.232781887054443,1758.40185546875
250816,77,0.5714285714285714,0.0882786437869072,0.3872562050819397,17.483402252197266,1014.2354736328125
250817,56,0.44642857142857145,0.17044448852539062,0.5252039432525635,13.117178916931152,726.8536987304688
250818,51,0.5490196078431373,0.13192148506641388,0.4038313627243042,8.681731224060059,1318.30859375
250819,55,0.6,0.29635435342788696,0.45269787311553955,24.00737762451172,1994.072265625
250820,23,0.5652173913043478,0.4432379901409149,0.39252957701683044,11.489614486694336,628.828369140625
250821,100,0.54,0.09903916716575623,0.40950533747673035,20.357500076293945,1976.4705810546875
250822,24,0.75,0.1858530193567276,0.3529764413833618,6.16514778137207,1289.12109375
250823,81,0.5061728395061729,0.10252778232097626,0.49013763666152954,16.579952239990234,2099.97314453125
250824,44,0.5681818181818182,0.21713782846927643,0.6013754606246948,15.605524063110352,1651.4388427734375
250825,65,0.6307692307692307,0.16719932854175568,0.4838393032550812,22.67813491821289,857.6715087890625
250826,22,0.5454545454545454,0.4922645092010498,0.4800889492034912,10.7960205078125,321.1376647949219
250827,41,0.5121951219512195,0.2764531672000885,0.5645703673362732,8.315881729125977,1406.261474609375
250828,18,0.4444444444444444,0.5554900169372559,0.5910435318946838,9.247119903564453,766.603271484375
250829,55,0.5454545454545454,0.2869316339492798,0.41520005464553833,18.791460037231445,1721.8436279296875
250830,20,0.6,0.22992664575576782,0.4136134684085846,5.890885829925537,707.5396728515625
250831,11,0.6363636363636364,0.30424174666404724,0.43944990634918213,3.491873264312744,1257.4627685546875
250832,32,0.53125,0.10672813653945923,0.4815894067287445,4.86122989654541,1248.9432373046875
250833,46,0.43478260869565216,0.4170946180820465,0.5538256764411926,13.49901008605957,2060.119384765625
250834,12,0.5833333333333334,0.3333856761455536,0.432699054479599,6.2972283363342285,589.3359375
250835,71,0.4788732394366197,0.16711734235286713,0.46523770689964294,19.66309356689453,1924.0330810546875
250836,75,0.4533333333333333,0.1326703578233719,0.4695671498775482,14.061697959899902,1523.37548828125
250837,58,0.5,0.36700862646102905,0.5328847169876099,21.48070526123047,876.5933227539062
250838,41,0.6585365853658537,0.16307109594345093,0.4690228998661041,10.228046417236328,1032.62646484375
250839,37,0.6216216216216216,0.14532257616519928,0.5822811126708984,6.690796375274658,800.6257934570312
250840,47,0.5106382978723404,0.1800345927476883,0.5691072344779968,8.356399536132812,1406.48388671875
250841,21,0.5714285714285714,0.16345149278640747,0.6030398607254028,7.447264194488525,594.20703125
250842,36,0.4444444444444444,0.1238185241818428,0.4611351490020752,4.209641456604004,1243.2264404296875
250843,79,0.5822784810126582,0.0958433672785759,0.43615594506263733,12.138897895812988,2105.118408203125
250844,27,0.48148148148148145,0.28518587350845337,0.46108898520469666,8.886497497558594,1049.4254150390625
250845,20,0.45,-0.02609127014875412,0.613692045211792,3.632183074951172,790.4537963867188
250846,41,0.6829268292682927,0.1610567420721054,0.5346720814704895,11.664449691772461,1635.08642578125
250847,50,0.52,0.17893308401107788,0.385918527841568,17.21765899658203,1014.7769165039062
250848,69,0.5072463768115942,0.23127223551273346,0.5083991289138794,16.318885803222656,2146.876953125
250849,84,0.5357142857142857,0.23189158737659454,0.48259109258651733,21.00179100036621,1690.0208740234375
250850,18,0.4444444444444444,-0.13314202427864075,0.48960691690444946,0.5912042856216431,1491.49609375
250851,52,0.5769230769230769,0.44444912672042847,0.44528236985206604,20.841073989868164,1789.014404296875
250852,51,0.5098039215686274,0.21937979757785797,0.46342575550079346,14.136287689208984,1508.0372314453125
250853,40,0.525,0.14470160007476807,0.41476309299468994,5.7401556968688965,699.5302734375
250854,62,0.5,0.3320596218109131,0.4537995457649231,22.070960998535156,475.6272888183594
250855,52,0.5,0.34505462646484375,0.4334128201007843,17.81728172302246,700.0693359375
250856,55,0.4909090909090909,0.22263438999652863,0.5887038111686707,14.834098815917969,921.2947387695312
250857,44,0.4772727272727273,0.16104495525360107,0.44096875190734863,8.79543399810791,918.3511352539062
250858,55,0.5272727272727272,0.26947179436683655,0.4863947629928589,17.351266860961914,529.9623413085938
250859,22,0.6363636363636364,0.33661553263664246,0.6116883158683777,8.410881996154785,1351.341064453125
250860,66,0.5454545454545454,0.19492506980895996,0.4866888225078583,22.258150100708008,1800.4725341796875
250861,39,0.6410256410256411,0.4308662414550781,0.45156046748161316,18.753902435302734,1054.62158203125
250862,65,0.4153846153846154,0.4029322862625122,0.392488569021225,17.01320457458496,1529.3370361328125
250863,64,0.53125,0.19275550544261932,0.4948612153530121,10.884819984436035,1598.70556640625
250864,3,0.6666666666666666,0.07646659016609192,0.7219221591949463,1.2581547498703003,1636.5845947265625
250865,45,0.5555555555555556,0.21352046728134155,0.3789796233177185,9.096368789672852,438.929443359375
250866,100,0.49,0.11495683342218399,0.48092663288116455,17.573162078857422,1797.7073974609375
250867,42,0.6428571428571429,0.15347573161125183,0.5832720398902893,14.350690841674805,1892.4837646484375
250868,33,0.5454545454545454,0.19590143859386444,0.4865340292453766,6.546119689941406,1331.3040771484375
250869,19,0.6842105263157895,0.22467190027236938,0.5757846236228943,10.822219848632812,679.7525634765625
250870,86,0.5348837209302325,0.1526307761669159,0.5430397987365723,22.813766479492188,1784.2418212890625
250871,54,0.48148148148148145,0.13053931295871735,0.5976787805557251,12.038022994995117,1520.452392578125
250872,37,0.5675675675675675,0.353394091129303,0.478163480758667,16.11100959777832,1211.1141357421875
250873,55,0.5454545454545454,0.12789902091026306,0.44432276487350464,10.313674926757812,561.3223266601562
250874,21,0.5238095238095238,0.3268578350543976,0.593599259853363,13.539073944091797,694.790283203125
250875,27,0.5925925925925926,0.3260299563407898,0.32570505142211914,9.8642578125,1753.02685546875
250876,59,0.4915254237288136,0.2282903492450714,0.5068404674530029,13.97852611541748,1657.9501953125
250877,49,0.5306122448979592,0.15289181470870972,0.3939284384250641,11.84338092803955,2316.624755859375
250878,42,0.47619047619047616,0.19067542254924774,0.5024484395980835,8.883097648620605,1824.9410400390625
250879,41,0.5853658536585366,0.40409335494041443,0.5093491077423096,21.7867488861084,1306.860595703125
250880,19,0.5263157894736842,0.6572638750076294,0.2913799285888672,14.326988220214844,1787.798583984375
250881,68,0.5,0.2180473655462265,0.3989335000514984,14.358674049377441,687.18896484375
250882,21,0.5238095238095238,0.32551994919776917,0.40381017327308655,11.894294738769531,1068.2320556640625
250883,32,0.71875,0.2674477994441986,0.5756399631500244,15.152647018432617,993.5855102539062
250884,21,0.42857142857142855,0.4535914957523346,0.4318796694278717,7.540137767791748,1478.906005859375
250885,63,0.49206349206349204,0.2483634352684021,0.35852769017219543,14.82686996459961,1795.5321044921875
250886,28,0.42857142857142855,0.4918048679828644,0.3617127537727356,10.293339729309082,414.9017333984375
250887,36,0.6388888888888888,0.35468316078186035,0.501970648765564,15.47726821899414,1132.90576171875
250888,21,0.6666666666666666,0.49632567167282104,0.5587093830108643,13.951488494873047,1667.6820068359375
250889,52,0.4423076923076923,0.3950415551662445,0.5296151041984558,18.407184600830078,1288.5152587890625
250890,42,0.5714285714285714,0.19659709930419922,0.5814076066017151,12.42096996307373,544.1513671875
250891,21,0.6190476190476191,0.185371533036232,0.566389262676239,3.2528369426727295,2075.823486328125
250892,30,0.5333333333333333,0.19373628497123718,0.3719508647918701,10.846407890319824,2024.434814453125
250893,26,0.46153846153846156,0.4354466199874878,0.5279594659805298,12.257185935974121,1304.9254150390625
250894,68,0.4411764705882353,0.2759186923503876,0.517606258392334,21.874460220336914,1420.0164794921875
250895,49,0.5102040816326531,0.16193905472755432,0.5262534618377686,11.463107109069824,900.0176391601562
250896,41,0.36585365853658536,0.28124016523361206,0.4986326992511749,5.205628871917725,442.6248779296875
250897,73,0.4931506849315068,0.03163347393274307,0.5203239917755127,4.769865036010742,1427.936767578125
250898,100,0.51,0.1301068812608719,0.4150027930736542,19.848291397094727,923.3909912109375
250899,44,0.6363636363636364,0.17493142187595367,0.4998309016227722,11.336908340454102,1705.1136474609375
250900,34,0.47058823529411764,0.335733562707901,0.43107521533966064,9.043355941772461,1247.8304443359375
250901,24,0.625,0.1591053456068039,0.5242354869842529,7.343711853027344,1075.9453125
250902,42,0.5476190476190477,0.3452005088329315,0.4303446412086487,14.756591796875,771.7382202148438
250903,70,0.6714285714285714,0.20057016611099243,0.45086541771888733,22.05052947998047,217.3670654296875
250904,45,0.4666666666666667,0.3737821877002716,0.486788272857666,17.84728240966797,203.39390563964844
250905,72,0.4722222222222222,0.13832615315914154,0.49610409140586853,13.77328109741211,1258.5545654296875
250906,21,0.23809523809523808,0.016125017777085304,0.49846571683883667,0.4380728006362915,1734.804931640625
250907,91,0.4945054945054945,0.21321983635425568,0.49796780943870544,22.342144012451172,2091.689697265625
250908,30,0.6666666666666666,0.15023089945316315,0.6485580801963806,12.944056510925293,978.6904907226562
250909,47,0.46808510638297873,0.3161669969558716,0.4953238368034363,15.506282806396484,1776.2442626953125
250910,67,0.4925373134328358,0.2699657082557678,0.4748929440975189,16.53098487854004,2077.358154296875
250911,16,0.625,0.4424637258052826,0.5358239412307739,13.288406372070312,1802.70263671875
250912,41,0.5121951219512195,0.16621485352516174,0.5308608412742615,6.158955097198486,1162.5931396484375
250913,77,0.5064935064935064,0.28886306285858154,0.555158257484436,24.608078002929688,1907.83203125
250914,73,0.4520547945205479,0.27629727125167847,0.4606425166130066,20.3155517578125,1431.819580078125
250915,90,0.5,0.23545464873313904,0.47299477458000183,19.8407039642334,1170.806884765625
250916,69,0.5217391304347826,0.2621556222438812,0.4658316969871521,23.507232666015625,1561.535400390625
250917,11,0.7272727272727273,0.7293338775634766,0.5531755089759827,11.338619232177734,390.33935546875
250918,100,0.5,0.23582300543785095,0.46702292561531067,26.362890243530273,1275.6453857421875
250919,29,0.5172413793103449,0.53275465965271,0.47835370898246765,16.709461212158203,813.4393310546875
250920,71,0.5492957746478874,0.1868724375963211,0.507215678691864,19.983470916748047,698.2052612304688
250921,16,0.5,0.5311487913131714,0.482665091753006,8.718439102172852,1125.212158203125
250922,27,0.5925925925925926,0.40956053137779236,0.4239511787891388,15.76413345336914,1656.477294921875
250923,11,0.45454545454545453,0.4174524247646332,0.5818663239479065,4.438719749450684,1215.2584228515625
250924,36,0.5277777777777778,0.28383252024650574,0.5931714773178101,12.861385345458984,883.3727416992188
250925,25,0.56,0.47817373275756836,0.5295419096946716,9.9196195602417,1021.8770751953125
250926,45,0.5111111111111111,0.29111745953559875,0.43791016936302185,10.778929710388184,1306.9456787109375
250927,48,0.625,0.1071152314543724,0.5349604487419128,6.288136959075928,1382.1800537109375
250928,77,0.5194805194805194,0.2649093568325043,0.5484727621078491,15.883487701416016,1360.2652587890625
250929,57,0.5964912280701754,0.18579012155532837,0.5258119702339172,16.67977523803711,1769.1875
250930,53,0.39622641509433965,0.1821049302816391,0.41609251499176025,10.12767505645752,843.3955688476562
250931,45,0.4666666666666667,0.24680951237678528,0.39193812012672424,15.253151893615723,1415.0196533203125
250932,81,0.5061728395061729,0.24569196999073029,0.5266844034194946,20.280954360961914,860.9208374023438
250933,71,0.5352112676056338,0.282695472240448,0.5411442518234253,22.08888053894043,1347.6014404296875
250934,54,0.42592592592592593,0.38309821486473083,0.4373103678226471,13.777738571166992,870.32568359375
250935,23,0.391304347826087,0.4778468906879425,0.5239387154579163,10.180032730102539,846.4661865234375
250936,54,0.5925925925925926,0.24701610207557678,0.5752677917480469,17.1210880279541,734.712890625
250937,80,0.575,0.15774095058441162,0.47586268186569214,18.15167236328125,1381.1502685546875
250938,34,0.5588235294117647,0.5141765475273132,0.41340816020965576,24.479278564453125,1455.8447265625
250939,16,0.3125,0.5057708024978638,0.7169633507728577,3.7858972549438477,1086.7459716796875
250940,51,0.5098039215686274,0.24735096096992493,0.5024963021278381,18.55337905883789,2149.061279296875
250941,59,0.5423728813559322,0.23482170701026917,0.49906620383262634,20.94179916381836,1508.721923828125
250942,48,0.5208333333333334,0.23016420006752014,0.5295935273170471,13.04923152923584,844.576416015625
250943,74,0.44594594594594594,0.289610892534256,0.4914934039115906,15.230325698852539,1353.4617919921875
250944,42,0.5714285714285714,0.3357018530368805,0.4384576678276062,20.36699104309082,1708.669921875
250945,41,0.43902439024390244,0.5260080695152283,0.551470160484314,20.718229293823242,1774.293212890625
250946,38,0.5526315789473685,0.3439910411834717,0.34857654571533203,15.272825241088867,1720.9840087890625
250947,65,0.5692307692307692,0.10943638533353806,0.4275232255458832,12.063952445983887,1713.7010498046875
250948,18,0.3333333333333333,0.3945137560367584,0.5397059321403503,5.043650150299072,1218.850341796875
250949,38,0.4473684210526316,0.39593881368637085,0.5613319277763367,15.068866729736328,646.93115234375
250950,22,0.36363636363636365,0.1377486288547516,0.4377748966217041,4.675455093383789,1115.6600341796875
250951,15,0.5333333333333333,0.28023451566696167,0.5483964085578918,3.6927103996276855,893.6539306640625
250952,34,0.47058823529411764,0.11038688570261002,0.5332308411598206,5.240964412689209,1507.3165283203125
250953,21,0.5714285714285714,0.30883726477622986,0.5060358643531799,10.540435791015625,875.3848266601562
250954,37,0.43243243243243246,0.3460160493850708,0.5666101574897766,8.556190490722656,1197.45068359375
250955,21,0.6190476190476191,0.4050392806529999,0.5632492899894714,11.546082496643066,598.5001220703125
250956,70,0.5142857142857142,0.2678399384021759,0.48720309138298035,22.524269104003906,1342.123779296875
250957,44,0.4772727272727273,0.26639503240585327,0.5215765237808228,9.847208023071289,1145.5557861328125
250958,56,0.4642857142857143,0.28424006700515747,0.42227157950401306,14.22224235534668,897.3970947265625
250959,43,0.5581395348837209,0.3341355621814728,0.3562437891960144,23.595197677612305,1766.1279296875
250960,30,0.6,0.38920891284942627,0.31947246193885803,12.93213176727295,1771.29345703125
250961,33,0.6060606060606061,0.42138710618019104,0.4109692871570587,16.15088653564453,946.5821533203125
250962,52,0.5,0.23724356293678284,0.5305017232894897,15.490375518798828,2075.365966796875
250963,49,0.4489795918367347,0.2119097113609314,0.46680256724357605,11.3663330078125,722.8442993164062
250964,23,0.8260869565217391,0.25066208839416504,0.5699098110198975,11.560687065124512,958.42724609375
250965,20,0.55,0.14172258973121643,0.4859103560447693,6.587347507476807,1179.5916748046875
250966,24,0.375,0.41748666763305664,0.6167790293693542,11.399859428405762,1008.6668701171875
250967,65,0.5384615384615384,0.21194462478160858,0.4083905816078186,18.386640548706055,1213.5489501953125
250968,40,0.525,0.12676756083965302,0.4882870316505432,8.597902297973633,537.7853393554688
250969,27,0.48148148148148145,0.49227553606033325,0.6104547381401062,11.560188293457031,860.144287109375
250970,93,0.5376344086021505,0.17015431821346283,0.4476114809513092,20.488981246948242,1905.2496337890625
250971,43,0.5348837209302325,0.3237117528915405,0.4317352771759033,19.25834083557129,1472.38623046875
250972,3,1.0,0.3652486503124237,,2.674278974533081,1551.368896484375
250973,71,0.4788732394366197,0.1341911256313324,0.526533305644989,13.668128967285156,1992.033935546875
250974,49,0.5306122448979592,0.2948542833328247,0.49865099787712097,15.059956550598145,968.3438110351562
250975,79,0.4177215189873418,0.11499454826116562,0.4841272830963135,8.202299118041992,1426.2608642578125
250976,67,0.5970149253731343,0.22242894768714905,0.4238678514957428,21.418981552124023,1864.9085693359375
250977,51,0.6862745098039216,0.2494492381811142,0.4888635575771332,19.21417808532715,1340.421875
250978,60,0.6,0.4197193384170532,0.5136149525642395,29.285377502441406,962.492431640625
250979,53,0.5471698113207547,0.28669100999832153,0.5413143038749695,14.078246116638184,1361.2314453125
250980,50,0.58,0.25556832551956177,0.5132559537887573,14.50842571258545,814.0640869140625
250981,43,0.3953488372093023,0.2975998520851135,0.34284451603889465,12.360519409179688,696.3364868164062
250982,34,0.5,0.2437528669834137,0.5424729585647583,7.633309841156006,1194.9371337890625
250983,65,0.35384615384615387,0.27388882637023926,0.40376195311546326,17.27834701538086,1306.3779296875
250984,42,0.5714285714285714,0.2918069064617157,0.5495642423629761,17.75424575805664,1656.158447265625
250985,28,0.5714285714285714,0.12157206237316132,0.4889427423477173,2.5687968730926514,564.800537109375
250986,41,0.5365853658536586,0.28052419424057007,0.3156053125858307,8.458803176879883,1400.5020751953125
250987,66,0.5151515151515151,0.17034003138542175,0.5027047395706177,17.31048011779785,1477.3280029296875
250988,25,0.72,0.24760450422763824,0.3393702507019043,10.043680191040039,1583.8402099609375
250989,46,0.5217391304347826,0.16929538547992706,0.5448580384254456,7.1997294425964355,1208.694580078125
250990,82,0.573170731707317,0.186213418841362,0.4754585921764374,22.23196792602539,1308.3741455078125
250991,24,0.625,0.3825293481349945,0.49496766924858093,14.029181480407715,1204.10400390625
250992,65,0.5230769230769231,0.23191890120506287,0.42925652861595154,19.334360122680664,774.2841186523438
250993,40,0.525,0.4428802728652954,0.4601503610610962,17.84175682067871,1238.84423828125
250994,38,0.39473684210526316,0.45993247628211975,0.5001067519187927,16.941604614257812,2095.16064453125
250995,15,0.6,0.14572535455226898,0.3786064684391022,2.926992654800415,781.9977416992188
250996,75,0.4666666666666667,0.29644107818603516,0.4747017025947571,20.861408233642578,1149.135009765625
250997,14,0.35714285714285715,0.3822389543056488,0.5759180784225464,4.324037075042725,1007.343505859375
250998,63,0.5714285714285714,0.14825499057769775,0.5927064418792725,8.977097511291504,1767.6026611328125
250999,21,0.3333333333333333,0.11728237569332123,0.5531578063964844,3.2878847122192383,860.7599487304688
251000,19,0.631578947368421,0.4042517840862274,0.4201664328575134,12.054234504699707,645.9943237304688
251001,24,0.6666666666666666,0.2783515751361847,0.4898836016654968,9.2432222366333,988.6179809570312
251002,40,0.5,0.3029676377773285,0.4801557958126068,11.5250883102417,842.476318359375
251003,83,0.5662650602409639,0.15099601447582245,0.4396657943725586,15.869338035583496,1486.1773681640625
251004,59,0.5084745762711864,0.21085508167743683,0.5573059320449829,16.668272018432617,1309.4619140625
251005,37,0.4594594594594595,0.16802357137203217,0.4744666516780853,5.860393047332764,184.3098907470703
251006,17,0.5294117647058824,0.19121986627578735,0.7196223139762878,5.469573974609375,1323.5211181640625
251007,53,0.5849056603773585,0.2855563461780548,0.44939929246902466,17.58458137512207,1944.228271484375
251008,39,0.46153846153846156,0.29556572437286377,0.5301052927970886,15.915529251098633,1478.21826171875
251009,54,0.5185185185185185,0.3203793466091156,0.4538649022579193,19.057771682739258,1198.5477294921875
251010,26,0.5769230769230769,0.3561730682849884,0.4469200372695923,9.56098461151123,553.1234130859375
251011,75,0.6,0.2173730880022049,0.46919578313827515,25.970741271972656,1313.584716796875
251012,56,0.44642857142857145,0.2121054083108902,0.4550732374191284,11.10746955871582,1517.0064697265625
251013,45,0.5555555555555556,0.06979544460773468,0.5132571458816528,5.389768600463867,846.3766479492188
251014,52,0.5961538461538461,0.1444772332906723,0.5095639824867249,5.831740379333496,1467.9822998046875
251015,54,0.5370370370370371,0.18001043796539307,0.4644828736782074,17.099040985107422,1588.4404296875
251016,59,0.4915254237288136,0.17131689190864563,0.5664960741996765,8.939857482910156,707.2406616210938
251017,20,0.6,0.45819398760795593,0.5111055374145508,13.290580749511719,1627.369873046875
251018,58,0.6379310344827587,0.21934594213962555,0.5732236504554749,15.4408540725708,816.1046142578125
251019,31,0.5806451612903226,0.26064327359199524,0.48727622628211975,7.784864902496338,929.7616577148438
251020,63,0.6031746031746031,0.30153125524520874,0.6082159280776978,24.70632553100586,1948.238525390625
251021,38,0.5526315789473685,0.13967157900333405,0.5958021283149719,8.327451705932617,1135.8724365234375
251022,68,0.4264705882352941,0.1475544422864914,0.39789003133773804,15.462019920349121,1447.2293701171875
251023,74,0.5540540540540541,0.18051566183567047,0.47315919399261475,18.61008071899414,2254.68017578125
251024,10,0.8,0.11737620085477829,0.1361602395772934,1.256798267364502,927.0062255859375
251025,42,0.5,0.25906482338905334,0.4842664301395416,8.618191719055176,1808.2744140625
251026,41,0.5365853658536586,0.16482144594192505,0.4745011031627655,9.170940399169922,1443.2728271484375
251027,100,0.46,0.15546022355556488,0.43821167945861816,13.939693450927734,1331.7713623046875
251028,44,0.5454545454545454,0.22545795142650604,0.582027018070221,13.663400650024414,1771.3623046875
251029,85,0.4470588235294118,0.09831266850233078,0.48157796263694763,14.656641006469727,1544.906982421875
251030,13,0.6153846153846154,0.45504453778266907,0.7213239073753357,5.5172200202941895,1247.5435791015625
251031,46,0.5,0.08344745635986328,0.5303162932395935,9.188124656677246,1798.0938720703125
251032,53,0.49056603773584906,0.22800278663635254,0.5154410600662231,16.3823299407959,783.6961059570312
251033,24,0.5416666666666666,0.2951921224594116,0.614639937877655,10.034945487976074,1263.2037353515625
251034,25,0.56,0.3839244842529297,0.5575159788131714,10.748493194580078,1142.8436279296875
251035,57,0.49122807017543857,0.18161451816558838,0.43655335903167725,12.887069702148438,1911.851806640625
251036,44,0.4772727272727273,0.2655450403690338,0.5678812265396118,14.37781047821045,1602.9736328125
251037,44,0.6590909090909091,0.1470026671886444,0.6565618515014648,14.183185577392578,923.5219116210938
251038,57,0.543859649122807,0.26166394352912903,0.4926452934741974,19.330381393432617,1697.658447265625
251039,25,0.68,0.3182481527328491,0.4210716485977173,11.735060691833496,1481.0860595703125
251040,17,0.5294117647058824,0.1863197535276413,0.510295033454895,4.672389984130859,1932.7957763671875
251041,45,0.4888888888888889,0.18322977423667908,0.3770705461502075,9.613351821899414,1170.064453125
251042,79,0.5189873417721519,0.17893856763839722,0.4817650318145752,12.841228485107422,541.5173950195312
251043,23,0.6086956521739131,0.023866785690188408,0.4266631007194519,2.3871655464172363,1263.1829833984375
251044,18,0.3888888888888889,0.3585851490497589,0.5467200875282288,4.99229621887207,801.5889282226562
251045,75,0.52,0.2886875867843628,0.42723697423934937,17.864038467407227,739.9269409179688
251046,65,0.6153846153846154,0.16020387411117554,0.5291268825531006,15.336823463439941,1871.6456298828125
251047,100,0.51,0.13880600035190582,0.5765398144721985,21.198862075805664,1951.382080078125
251048,64,0.53125,0.024120302870869637,0.5323291420936584,7.589805603027344,1303.027099609375
251049,17,0.5294117647058824,0.3884531259536743,0.3875191807746887,10.628640174865723,1628.7882080078125
251050,34,0.5882352941176471,0.3337170481681824,0.548087477684021,11.80859088897705,1400.1302490234375
251051,55,0.509090909090909,0.18301355838775635,0.4653012752532959,13.98522663116455,1259.722900390625
251052,28,0.5357142857142857,0.20627237856388092,0.6595665216445923,7.028798580169678,1190.96240234375
251053,83,0.3493975903614458,0.21272628009319305,0.542184054851532,8.212188720703125,477.3266906738281
251054,76,0.5526315789473685,0.0002328556583961472,0.5049977898597717,5.290977954864502,2067.385986328125
251055,42,0.6428571428571429,0.25464537739753723,0.6167500615119934,15.936617851257324,1892.150634765625
251056,53,0.5471698113207547,0.24883684515953064,0.4071826934814453,14.979188919067383,772.4469604492188
251057,53,0.660377358490566,0.20782844722270966,0.5074681639671326,19.16067123413086,839.5126342773438
251058,35,0.6285714285714286,0.34580549597740173,0.4090489149093628,10.720035552978516,1251.4742431640625
251059,27,0.6666666666666666,0.2991352379322052,0.3449994623661041,14.356932640075684,1060.975341796875
251060,52,0.5769230769230769,0.1787916123867035,0.4988299310207367,9.221481323242188,1831.699462890625
251061,20,0.5,0.3374977111816406,0.4696844220161438,10.246824264526367,448.1957092285156
251062,100,0.54,0.23079517483711243,0.466482549905777,25.367225646972656,1595.8023681640625
251063,37,0.6216216216216216,0.28759199380874634,0.419924795627594,20.73494529724121,1097.647216796875
251064,39,0.46153846153846156,0.394207626581192,0.47665128111839294,12.302027702331543,1239.4141845703125
251065,79,0.6075949367088608,0.08488260954618454,0.5679555535316467,16.304737091064453,1667.540283203125
251066,13,0.3076923076923077,0.6139397025108337,0.5687949657440186,6.4018120765686035,1547.8236083984375
251067,25,0.48,0.22526109218597412,0.577885091304779,5.158323764801025,1522.122802734375
251068,40,0.6,0.1483282893896103,0.6088933944702148,9.756156921386719,853.0980224609375
251069,59,0.5254237288135594,0.33214548230171204,0.6057995557785034,22.101688385009766,430.4552917480469
251070,22,0.6363636363636364,0.37419700622558594,0.48441678285598755,11.604750633239746,1196.88671875
251071,50,0.58,0.2074783891439438,0.5862988233566284,14.79324722290039,2147.0908203125
251072,100,0.48,0.0811389908194542,0.5281714797019958,6.419694423675537,1496.1124267578125
251073,82,0.45121951219512196,0.15831880271434784,0.460342675447464,14.851669311523438,1620.9765625
251074,49,0.5306122448979592,0.29976534843444824,0.5276206135749817,19.057891845703125,789.2174682617188
251075,32,0.5625,0.1405034363269806,0.46638697385787964,6.035171985626221,1511.820556640625
251076,31,0.4838709677419355,0.48075225949287415,0.5565910339355469,17.167509078979492,1839.1722412109375
251077,43,0.3953488372093023,0.5113388895988464,0.5307376384735107,25.272518157958984,709.614013671875
251078,66,0.5454545454545454,0.22762642800807953,0.41926997900009155,20.69155502319336,1031.9373779296875
251079,57,0.5087719298245614,0.24716368317604065,0.4548656940460205,11.451261520385742,1438.909423828125
251080,73,0.4657534246575342,0.21343205869197845,0.5074107050895691,16.911460876464844,1561.5679931640625
251081,66,0.5454545454545454,0.22496631741523743,0.598763108253479,20.990903854370117,2052.7998046875
251082,59,0.5254237288135594,0.11142423003911972,0.5205308198928833,14.642984390258789,1845.6402587890625
251083,56,0.5,0.1956600397825241,0.4179772436618805,13.26686954498291,1222.426513671875
251084,61,0.5081967213114754,0.1960017830133438,0.43324851989746094,12.034173965454102,1638.9305419921875
251085,32,0.53125,0.27673712372779846,0.5823566317558289,12.687347412109375,900.6967163085938
251086,77,0.5974025974025974,0.18567043542861938,0.48374590277671814,11.391465187072754,883.54736328125
251087,19,0.42105263157894735,0.21606528759002686,0.5394043326377869,4.057508945465088,1251.280517578125
251088,48,0.4791666666666667,0.15047301352024078,0.5084791779518127,5.714209079742432,1439.169677734375
251089,71,0.4225352112676056,0.15459106862545013,0.5031845569610596,15.345964431762695,520.0546264648438
251090,45,0.5111111111111111,0.2884186804294586,0.4961793124675751,11.017241477966309,1611.12890625
251091,61,0.5409836065573771,0.10089031606912613,0.5803082585334778,9.364030838012695,1314.4320068359375
251092,72,0.5277777777777778,0.24454618990421295,0.5237957835197449,19.68375015258789,1158.7657470703125
251093,34,0.5294117647058824,0.07136378437280655,0.5768946409225464,8.156783103942871,1724.5692138671875
251094,24,0.4166666666666667,0.27182817459106445,0.5707725882530212,6.930490016937256,932.962890625
251095,73,0.4931506849315068,0.21629022061824799,0.4649207592010498,21.295785903930664,1735.3076171875
251096,100,0.6,0.04897761717438698,0.4247031807899475,13.59658432006836,2177.695068359375
251097,36,0.5,0.24077695608139038,0.5723206996917725,15.86549186706543,870.11865234375
251098,54,0.5555555555555556,0.08958721905946732,0.4780632555484772,9.704854011535645,859.4898681640625
251099,28,0.5714285714285714,0.2125830352306366,0.5479991436004639,8.016097068786621,1118.574462890625
251100,100,0.47,0.17467954754829407,0.4368686079978943,18.27212142944336,1634.0753173828125
251101,52,0.5961538461538461,0.167314812541008,0.5516902208328247,15.483526229858398,1215.871826171875
251102,7,0.7142857142857143,0.033290959894657135,0.33771681785583496,2.8166275024414062,1043.7144775390625
251103,76,0.5657894736842105,0.2424277663230896,0.4629684388637543,19.77526092529297,652.9842529296875
251104,39,0.38461538461538464,0.3504948914051056,0.558149516582489,8.536097526550293,206.9876251220703
251105,62,0.4838709677419355,0.13380178809165955,0.5274239778518677,11.902453422546387,1382.1119384765625
251106,40,0.625,0.14659783244132996,0.6079918146133423,8.856097221374512,1334.661865234375
251107,46,0.5,0.17572419345378876,0.5070685744285583,7.432076454162598,1655.7664794921875
251108,30,0.6,0.303093820810318,0.5186745524406433,11.893609046936035,1581.3216552734375
251109,71,0.5070422535211268,0.15339967608451843,0.48668473958969116,11.000763893127441,1538.5869140625
251110,89,0.4943820224719101,0.29904934763908386,0.4757399559020996,29.603670120239258,1878.591796875
251111,83,0.5903614457831325,0.12339723110198975,0.4966108202934265,22.40726089477539,1732.0909423828125
251112,100,0.47,-0.010598460212349892,0.48775428533554077,6.296277046203613,1250.48046875
251113,44,0.4318181818181818,0.3210013210773468,0.5789159536361694,10.902138710021973,1384.2376708984375
251114,40,0.7,0.12391071766614914,0.5117142200469971,10.372567176818848,992.1920776367188
251115,46,0.5,0.1279013752937317,0.5275030732154846,10.252525329589844,842.0433959960938
251116,40,0.5,0.27326834201812744,0.4766693711280823,13.984704971313477,940.3942260742188
251117,5,0.8,0.36202263832092285,0.365247517824173,4.797871112823486,1447.7000732421875
251118,100,0.5,0.12241504341363907,0.445222407579422,10.446676254272461,748.0407104492188
251119,60,0.5333333333333333,0.21267476677894592,0.4829494059085846,23.250640869140625,2075.46875
251120,43,0.5581395348837209,0.2213403582572937,0.5063456296920776,13.840023040771484,1307.734130859375
251121,79,0.5949367088607594,0.15448245406150818,0.5770113468170166,14.416247367858887,1320.14404296875
251122,72,0.4861111111111111,0.23778504133224487,0.5046650767326355,16.03533935546875,858.2661743164062
251123,32,0.5625,0.23583658039569855,0.5482526421546936,7.695112228393555,462.5824890136719
251124,59,0.5423728813559322,0.38035476207733154,0.567033588886261,24.44877815246582,246.27734375
251125,12,0.3333333333333333,0.49587032198905945,0.34227457642555237,2.00921893119812,751.9743041992188
251126,20,0.55,0.18277610838413239,0.4319910705089569,8.544792175292969,1035.30615234375
251127,54,0.6111111111111112,0.14237594604492188,0.42487043142318726,13.836170196533203,1660.469970703125
251128,47,0.574468085106383,0.21284599602222443,0.5261791944503784,11.606103897094727,1137.012451171875
251129,40,0.35,0.2541213929653168,0.5218749642372131,5.398193836212158,1044.416015625
251130,87,0.4482758620689655,0.0418124794960022,0.39774441719055176,4.737489700317383,2043.996337890625
251131,45,0.4888888888888889,0.26819613575935364,0.503991425037384,11.373932838439941,1451.458740234375
251132,30,0.5666666666666667,0.3767102360725403,0.599649965763092,10.060223579406738,1432.3978271484375
251133,35,0.45714285714285713,0.4138804078102112,0.5449487566947937,14.075136184692383,757.531982421875
251134,43,0.5581395348837209,0.12783528864383698,0.39411306381225586,8.639469146728516,1060.4951171875
251135,29,0.6206896551724138,0.18045870959758759,0.5488028526306152,11.639634132385254,1228.60107421875
251136,37,0.4864864864864865,0.3642082214355469,0.43749308586120605,9.139936447143555,1244.01904296875
251137,50,0.64,0.379089891910553,0.5655262470245361,21.682571411132812,1120.3585205078125
251138,52,0.38461538461538464,0.32431867718696594,0.5279900431632996,15.392191886901855,2106.712890625
251139,30,0.5,0.22904084622859955,0.44287630915641785,10.561373710632324,1311.4520263671875
251140,31,0.7096774193548387,0.07028793543577194,0.5054471492767334,2.986752510070801,641.8630981445312
251141,47,0.46808510638297873,0.253304123878479,0.42043784260749817,15.04277515411377,634.8506469726562
251142,21,0.47619047619047616,0.48508358001708984,0.5101395845413208,8.983070373535156,812.4176025390625
251143,39,0.5384615384615384,0.2235412895679474,0.5358265042304993,9.974449157714844,644.3125610351562
251144,38,0.5789473684210527,0.35831645131111145,0.4518376588821411,17.097000122070312,1947.5494384765625
251145,34,0.4117647058823529,0.5128535032272339,0.5007725954055786,18.357572555541992,1253.9302978515625
251146,57,0.543859649122807,0.20314344763755798,0.5543149709701538,14.398799896240234,1900.97998046875
251147,61,0.6065573770491803,0.2541334927082062,0.43603232502937317,25.64883804321289,1595.8988037109375
251148,63,0.5555555555555556,0.15927942097187042,0.50810706615448,16.11309242248535,839.241455078125
251149,13,0.5384615384615384,0.7768168449401855,0.6709550023078918,12.161188125610352,1706.8836669921875
251150,78,0.4358974358974359,0.2487386018037796,0.519713819026947,24.37126350402832,1235.776123046875
251151,74,0.581081081081081,0.19721263647079468,0.42574506998062134,16.666101455688477,548.14892578125
251152,41,0.5609756097560976,0.3737720549106598,0.4852064847946167,18.477903366088867,1652.917236328125
251153,57,0.49122807017543857,0.2164154052734375,0.4990316331386566,16.934192657470703,1118.3028564453125
251154,52,0.5384615384615384,0.11628241837024689,0.6112939715385437,6.609268665313721,1500.4539794921875
251155,31,0.45161290322580644,0.12468097358942032,0.4988075792789459,6.4315900802612305,1466.63818359375
251156,64,0.390625,0.1459767371416092,0.48694154620170593,8.154032707214355,2068.260009765625
251157,94,0.5,0.19270716607570648,0.57634437084198,15.330453872680664,967.1898803710938
251158,36,0.6388888888888888,0.3290235102176666,0.48068001866340637,16.789857864379883,1927.4915771484375
251159,38,0.42105263157894735,0.2271100878715515,0.4563872516155243,7.199624538421631,1916.165283203125
251160,56,0.48214285714285715,0.35904383659362793,0.525985598564148,13.750572204589844,1169.99853515625
251161,57,0.5263157894736842,0.2165442258119583,0.4541815221309662,14.171128273010254,1720.8951416015625
251162,36,0.5833333333333334,0.33929792046546936,0.4184141755104065,17.016035079956055,1741.3040771484375
251163,34,0.4117647058823529,0.2546590566635132,0.5035878419876099,8.704834938049316,1856.9759521484375
251164,19,0.42105263157894735,0.5058050155639648,0.5545535683631897,9.665599822998047,567.7099609375
251165,63,0.5873015873015873,0.2604309916496277,0.5477445125579834,26.80934715270996,2131.27734375
251166,58,0.5517241379310345,0.21672147512435913,0.41804927587509155,13.801018714904785,1345.381103515625
251167,40,0.375,0.42086246609687805,0.5366774201393127,13.377283096313477,1360.146728515625
251168,40,0.45,0.36833441257476807,0.5459958910942078,12.789819717407227,246.809326171875
251169,54,0.5,0.15968894958496094,0.4781101644039154,17.005537033081055,1616.579833984375
251170,25,0.52,0.24482101202011108,0.4238094389438629,9.980670928955078,953.1876220703125
251171,16,0.6875,0.12615743279457092,0.54447340965271,7.267752647399902,1327.16552734375
251172,26,0.5384615384615384,0.4676896035671234,0.6073026061058044,14.706048965454102,1395.9632568359375
251173,14,0.6428571428571429,0.38441982865333557,0.4921455383300781,7.447977542877197,1301.5906982421875
251174,17,0.5882352941176471,0.4117558002471924,0.4623416066169739,10.195535659790039,1328.2327880859375
251175,46,0.5869565217391305,0.3421831727027893,0.44447678327560425,20.95077133178711,1794.43017578125
251176,100,0.46,0.18874964118003845,0.47496744990348816,23.13918685913086,1197.134033203125
251177,46,0.5652173913043478,0.2896452248096466,0.5689467787742615,19.54628562927246,972.0121459960938
251178,29,0.41379310344827586,0.1776958703994751,0.580628514289856,5.30375337600708,1507.029052734375
251179,33,0.5151515151515151,0.43013808131217957,0.555533766746521,16.096277236938477,1011.5420532226562
251180,68,0.4411764705882353,0.31686246395111084,0.5341847538948059,23.930191040039062,1958.5556640625
251181,41,0.5853658536585366,0.21032506227493286,0.43879806995391846,9.479266166687012,1807.04052734375
251182,100,0.53,0.15272042155265808,0.45524290204048157,27.74599838256836,766.6739501953125
251183,68,0.5441176470588235,0.14554299414157867,0.47349318861961365,15.229921340942383,1113.3612060546875
251184,41,0.5365853658536586,0.2579087018966675,0.45318955183029175,13.736862182617188,248.42652893066406
251185,43,0.46511627906976744,0.2555011808872223,0.4862484633922577,10.378815650939941,866.7026977539062
251186,25,0.32,0.24223943054676056,0.39400115609169006,3.902517080307007,1361.7552490234375
251187,39,0.48717948717948717,0.3950052559375763,0.40075382590293884,13.795061111450195,1789.8204345703125
251188,46,0.6086956521739131,0.15889227390289307,0.4775494337081909,7.407821178436279,1378.3482666015625
251189,73,0.547945205479452,0.14066360890865326,0.522066056728363,16.06076431274414,697.4652709960938
251190,48,0.3958333333333333,0.38873961567878723,0.5595564842224121,17.032270431518555,450.9540100097656
251191,51,0.5490196078431373,0.25156959891319275,0.4735795855522156,13.22790241241455,1582.522705078125
251192,63,0.36507936507936506,0.3833305835723877,0.4745834469795227,17.855409622192383,1790.083984375
251193,26,0.34615384615384615,0.47233179211616516,0.5268589854240417,11.13344669342041,1049.5438232421875
251194,82,0.5365853658536586,0.18443916738033295,0.5284649133682251,16.710609436035156,1950.6058349609375
251195,35,0.45714285714285713,0.24937917292118073,0.6103866100311279,8.733509063720703,1325.382568359375
251196,53,0.49056603773584906,0.1753229796886444,0.5564863681793213,13.59638786315918,1215.90576171875
251197,73,0.5068493150684932,0.18567992746829987,0.5394465923309326,10.482208251953125,1288.157470703125
251198,54,0.42592592592592593,0.15898923575878143,0.547370433807373,12.782313346862793,1615.302978515625
251199,92,0.6086956521739131,0.15738126635551453,0.5566644072532654,18.584056854248047,2494.098876953125
251200,55,0.509090909090909,0.3190478980541229,0.46449294686317444,25.042829513549805,1581.7518310546875
251201,60,0.45,0.3026316165924072,0.3770110607147217,24.29241371154785,1511.47607421875
251202,34,0.5294117647058824,0.30946722626686096,0.3727705478668213,9.228779792785645,1369.88134765625
251203,47,0.5106382978723404,0.2956065237522125,0.48692578077316284,18.69139862060547,1802.6995849609375
251204,70,0.44285714285714284,0.09822037816047668,0.47800666093826294,9.718228340148926,1230.8524169921875
251205,6,0.8333333333333334,0.26904624700546265,0.5079680681228638,4.147977828979492,991.190185546875
251206,56,0.5178571428571429,0.27975907921791077,0.4666315019130707,20.27690315246582,1000.9127807617188
251207,39,0.5128205128205128,0.3886059820652008,0.4943075180053711,20.56498146057129,2082.460205078125
251208,29,0.5862068965517241,0.3928174376487732,0.43982264399528503,11.620360374450684,247.4204864501953
251209,39,0.5128205128205128,-0.01874445006251335,0.5302827954292297,1.1777989864349365,587.421142578125
251210,68,0.5,0.25941571593284607,0.47373372316360474,20.912490844726562,1521.1485595703125
251211,55,0.5272727272727272,0.2730821669101715,0.5146483778953552,13.573009490966797,1349.695068359375
251212,44,0.5909090909090909,0.2526426911354065,0.5484411120414734,9.336740493774414,1310.840087890625
251213,68,0.6029411764705882,0.20020915567874908,0.4646991789340973,21.22526741027832,1419.720947265625
251214,32,0.3125,0.4419739246368408,0.43488553166389465,6.862529277801514,1154.20361328125
251215,46,0.5434782608695652,0.2917635440826416,0.5054917335510254,17.5128231048584,1744.531982421875
251216,63,0.6349206349206349,0.1144210696220398,0.5238667130470276,10.323813438415527,1916.8162841796875
251217,39,0.5641025641025641,0.341341108083725,0.47000449895858765,14.941811561584473,1426.5948486328125
251218,31,0.45161290322580644,0.13037526607513428,0.5963138937950134,5.5232343673706055,1553.7923583984375
251219,75,0.4266666666666667,0.1839354783296585,0.5004637837409973,15.012186050415039,216.7579803466797
251220,13,0.46153846153846156,0.6296613812446594,0.4247586727142334,6.896265029907227,1297.4371337890625
251221,65,0.5230769230769231,0.2077469825744629,0.5060211420059204,16.703453063964844,1411.1104736328125
251222,53,0.5094339622641509,0.27168038487434387,0.5577883720397949,14.453461647033691,434.1758728027344
251223,61,0.5573770491803278,0.21553976833820343,0.5151801109313965,15.996964454650879,1885.08984375
251224,15,0.8,0.4169025719165802,0.4886291027069092,10.783774375915527,562.5264892578125
251225,19,0.7368421052631579,0.19883783161640167,0.6544707417488098,4.932492733001709,320.109375
251226,42,0.5952380952380952,0.26891350746154785,0.4231310188770294,11.075662612915039,1475.9844970703125
251227,42,0.5476190476190477,0.25149422883987427,0.40398508310317993,9.438801765441895,2322.66748046875
251228,32,0.5,0.49736663699150085,0.49494534730911255,15.752432823181152,1625.60791015625
251229,31,0.6129032258064516,0.029740575700998306,0.5182002186775208,4.433975696563721,1533.3466796875
251230,62,0.5,0.1643093079328537,0.4589232802391052,16.514019012451172,1449.3887939453125
251231,100,0.53,0.0984906554222107,0.4724232256412506,9.046106338500977,590.5003051757812
251232,43,0.6046511627906976,0.32402604818344116,0.5614335536956787,11.533462524414062,1174.619384765625
251233,52,0.5,0.23944951593875885,0.5341444611549377,14.907491683959961,1437.2283935546875
251234,42,0.5238095238095238,0.32253265380859375,0.45811542868614197,8.966839790344238,1269.4874267578125
251235,68,0.5441176470588235,0.19189362227916718,0.5585538148880005,10.557164192199707,1971.4635009765625
251236,45,0.5333333333333333,0.2448434978723526,0.4345898926258087,15.133597373962402,832.7716674804688
251237,62,0.5967741935483871,0.17895473539829254,0.469959020614624,14.091543197631836,928.3131103515625
251238,34,0.5882352941176471,0.40362614393234253,0.5053725838661194,17.1466064453125,1362.50830078125
251239,9,0.7777777777777778,0.3938426375389099,0.6230881214141846,7.9279608726501465,1212.72998046875
251240,49,0.40816326530612246,0.11854860931634903,0.4519050419330597,8.305185317993164,1752.953125
251241,50,0.58,0.2699386477470398,0.544512927532196,16.122478485107422,1377.722900390625
251242,88,0.5909090909090909,0.17134453356266022,0.494160920381546,20.056108474731445,1861.9853515625
251243,42,0.4523809523809524,0.15073919296264648,0.5075278282165527,8.174651145935059,987.643310546875
251244,51,0.6274509803921569,0.1667463481426239,0.5546584129333496,11.443166732788086,797.232421875
251245,6,0.6666666666666666,-0.01752302795648575,0.4210580289363861,1.5387163162231445,1468.0584716796875
251246,53,0.5849056603773585,0.1445455700159073,0.4900455176830292,7.560519218444824,1635.933349609375
251247,100,0.46,0.1755106896162033,0.46657371520996094,22.37494468688965,1559.490234375
251248,48,0.4583333333333333,0.33857429027557373,0.368696391582489,18.354164123535156,1333.33837890625
251249,50,0.46,0.1044880822300911,0.47298315167427063,5.1505208015441895,1857.1788330078125
251250,83,0.4819277108433735,0.16027650237083435,0.5240923762321472,12.411355018615723,615.0652465820312
251251,28,0.5,0.4268404543399811,0.5048909783363342,9.258273124694824,738.2806396484375
251252,46,0.5,0.20092035830020905,0.501098096370697,8.558921813964844,664.1567993164062
251253,66,0.48484848484848486,0.14666813611984253,0.49968421459198,10.02239990234375,1105.1917724609375
251254,40,0.425,0.19686785340309143,0.4992520809173584,9.907563209533691,951.1932373046875
251255,17,0.5882352941176471,0.1146145612001419,0.6197906136512756,4.515130519866943,1230.5302734375
251256,39,0.5384615384615384,0.2957208454608917,0.45828765630722046,12.224654197692871,850.8555908203125
251257,38,0.5789473684210527,0.16127167642116547,0.3474079370498657,10.278393745422363,1755.57373046875
251258,100,0.54,0.1860072910785675,0.5204002857208252,24.6605224609375,1649.133056640625
251259,28,0.35714285714285715,0.31154322624206543,0.5362765789031982,7.579133033752441,1598.6429443359375
251260,15,0.26666666666666666,0.7377176880836487,0.7202834486961365,8.229984283447266,711.2391967773438
251261,42,0.5952380952380952,0.3982998728752136,0.46919822692871094,24.24518394470215,1383.78369140625
251262,39,0.6153846153846154,0.3475015461444855,0.5704370737075806,15.72910213470459,1079.930908203125
251263,36,0.4722222222222222,0.15618237853050232,0.557684063911438,6.718533992767334,1720.0833740234375
251264,22,0.5,0.3371765613555908,0.5927180647850037,8.806632041931152,1024.482666015625
251265,70,0.5571428571428572,0.2677641212940216,0.4727196991443634,20.722963333129883,881.9537963867188
251266,57,0.5087719298245614,0.0798400491476059,0.4543902575969696,7.263510227203369,1883.556884765625
251267,60,0.5,0.2350151389837265,0.5419749617576599,17.829526901245117,1626.5784912109375
251268,67,0.5970149253731343,0.2327565848827362,0.5258494019508362,18.840694427490234,1520.7135009765625
251269,47,0.5106382978723404,0.20672635734081268,0.4495406746864319,9.13501262664795,1906.4927978515625
251270,29,0.5517241379310345,0.240477055311203,0.3639025390148163,9.19419002532959,1582.6317138671875
251271,86,0.4418604651162791,0.2610655426979065,0.5054588913917542,25.186349868774414,1816.1021728515625
251272,49,0.5714285714285714,0.21657231450080872,0.4257822036743164,9.495868682861328,542.6950073242188
251273,25,0.44,0.23736505210399628,0.5887235403060913,6.01371955871582,1247.691650390625
251274,26,0.5,0.2668244242668152,0.5171025991439819,6.37561559677124,1987.326416015625
251275,70,0.45714285714285713,0.23315899074077606,0.46986478567123413,13.46568775177002,1966.2471923828125
251276,48,0.5416666666666666,0.24020276963710785,0.4552854597568512,15.03449535369873,816.8490600585938
251277,33,0.5454545454545454,0.34693896770477295,0.6606674790382385,13.500163078308105,864.7732543945312
251278,44,0.5454545454545454,0.0480949692428112,0.5377923250198364,3.6630301475524902,2013.680908203125
251279,27,0.7407407407407407,0.109954334795475,0.6255264282226562,6.577460765838623,1629.278564453125
251280,51,0.6274509803921569,0.1926342248916626,0.44903725385665894,15.743226051330566,1390.4677734375
251281,47,0.44680851063829785,0.2971751093864441,0.6285620927810669,12.276077270507812,1369.524658203125
251282,85,0.4235294117647059,0.19244033098220825,0.5370497107505798,19.479522705078125,1276.0977783203125
251283,46,0.6086956521739131,0.19909700751304626,0.452016144990921,15.605963706970215,900.8760375976562
251284,12,0.6666666666666666,0.3791927099227905,0.42868202924728394,6.425511837005615,487.88958740234375
251285,12,0.6666666666666666,0.23477566242218018,0.36716505885124207,3.033902406692505,1366.5745849609375
251286,46,0.391304347826087,0.13041916489601135,0.4544552266597748,5.49115514755249,718.0717163085938
251287,85,0.4117647058823529,0.16520172357559204,0.498372882604599,13.019957542419434,1432.9334716796875
251288,24,0.5,0.30962541699409485,0.3987770080566406,6.088755130767822,1364.869384765625
251289,81,0.5308641975308642,0.15936142206192017,0.4724206030368805,11.810078620910645,1552.594482421875
251290,37,0.35135135135135137,0.3885669410228729,0.4972824156284332,7.703457355499268,590.4104614257812
251291,38,0.6578947368421053,0.3570440709590912,0.3756366968154907,19.36590003967285,1953.4896240234375
251292,65,0.4307692307692308,0.07504021376371384,0.5107516050338745,5.996670722961426,912.910888671875
251293,44,0.6136363636363636,0.26967644691467285,0.44377416372299194,15.850162506103516,870.1904907226562
251294,76,0.5263157894736842,0.020083606243133545,0.47275033593177795,5.995946884155273,710.2493896484375
251295,100,0.52,0.13349342346191406,0.49574318528175354,19.991744995117188,556.1866455078125
251296,30,0.6,0.26377397775650024,0.40037357807159424,9.643001556396484,1317.47119140625
251297,49,0.46938775510204084,0.16793470084667206,0.42561933398246765,6.850930213928223,1180.3538818359375
251298,18,0.5,0.5155721306800842,0.5052624940872192,7.643377304077148,1316.7476806640625
251299,59,0.423728813559322,0.3777421712875366,0.44927671551704407,17.4960880279541,206.0208282470703
251300,74,0.5405405405405406,0.10807117074728012,0.500055193901062,12.388129234313965,1973.20849609375
251301,59,0.6101694915254238,0.24376648664474487,0.45137819647789,20.408079147338867,1995.4847412109375
251302,45,0.6222222222222222,0.4032309353351593,0.5949082970619202,23.999202728271484,1233.0396728515625
251303,38,0.5526315789473685,0.182077094912529,0.4097979664802551,9.794088363647461,2001.2274169921875
251304,91,0.4945054945054945,0.058604203164577484,0.49144840240478516,10.489912033081055,1976.8447265625
251305,49,0.5918367346938775,0.16797110438346863,0.624884307384491,11.357034683227539,1824.5693359375
251306,91,0.4945054945054945,0.14862902462482452,0.4689662754535675,15.193471908569336,2123.061279296875
251307,27,0.6296296296296297,0.3397544324398041,0.3031385540962219,10.553508758544922,1563.4991455078125
251308,45,0.5777777777777777,0.26298266649246216,0.6328076720237732,20.6643009185791,2389.734130859375
251309,92,0.5760869565217391,0.1879306584596634,0.4723304808139801,21.405797958374023,2200.76513671875
251310,19,0.3157894736842105,0.18469727039337158,0.43703216314315796,1.787176251411438,826.8887939453125
251311,54,0.4074074074074074,0.18372009694576263,0.48828986287117004,3.917001724243164,901.503173828125
251312,64,0.453125,0.1566489040851593,0.4373067021369934,5.6479997634887695,1513.4132080078125
251313,46,0.43478260869565216,0.09609285742044449,0.4789234399795532,8.624093055725098,685.2162475585938
251314,66,0.5757575757575758,0.29145708680152893,0.4844723343849182,19.591938018798828,746.8524780273438
251315,9,0.4444444444444444,0.4647073745727539,0.4569159150123596,3.1189255714416504,1482.533935546875
251316,52,0.4807692307692308,0.34407660365104675,0.48674196004867554,17.40717887878418,836.059814453125
251317,53,0.4716981132075472,0.19062501192092896,0.443228155374527,14.0838623046875,1632.8681640625
251318,19,0.5263157894736842,0.4559639096260071,0.5693923830986023,6.713369369506836,779.9481811523438
251319,92,0.4891304347826087,0.07271794229745865,0.5193516612052917,10.87796401977539,941.6566162109375
251320,59,0.576271186440678,0.2251015454530716,0.4988572299480438,15.279406547546387,1840.388427734375
251321,71,0.5492957746478874,0.16845129430294037,0.5871171951293945,20.757986068725586,375.4392395019531
251322,32,0.53125,0.14824175834655762,0.5519019365310669,6.730269432067871,1147.6329345703125
251323,43,0.5813953488372093,0.1910737007856369,0.4693790674209595,10.749550819396973,1312.6571044921875
251324,48,0.4791666666666667,0.15982022881507874,0.5457580089569092,7.339666843414307,1801.1427001953125
251325,97,0.5463917525773195,0.1623794287443161,0.4656456708908081,21.416828155517578,1985.010009765625
251326,78,0.46153846153846156,0.09339216351509094,0.5116130113601685,11.013766288757324,2222.76806640625
251327,20,0.6,0.06548524647951126,0.5416915416717529,4.9839653968811035,731.7105712890625
251328,21,0.5714285714285714,0.1609117090702057,0.46008503437042236,4.551396369934082,1881.686767578125
251329,22,0.5454545454545454,0.15911932289600372,0.5162740349769592,7.4343461990356445,303.4319763183594
251330,55,0.5636363636363636,0.17328740656375885,0.4320997893810272,11.867835998535156,1594.54638671875
251331,32,0.46875,0.024102484807372093,0.43863847851753235,3.5892274379730225,1768.7437744140625
251332,14,0.42857142857142855,0.15485131740570068,0.4109764099121094,2.8845324516296387,353.2218322753906
251333,68,0.5147058823529411,0.1656312197446823,0.48704585433006287,9.697272300720215,1090.2510986328125
251334,96,0.4791666666666667,0.23046168684959412,0.47233060002326965,17.41590690612793,1302.06201171875
251335,49,0.46938775510204084,0.3482033312320709,0.5631653666496277,15.062012672424316,1502.4105224609375
251336,79,0.5316455696202531,0.1332661509513855,0.6404786109924316,9.854928016662598,2502.743896484375
251337,55,0.5454545454545454,0.1908588856458664,0.5071821808815002,12.59912395477295,462.51806640625
251338,51,0.47058823529411764,0.2962985336780548,0.4657402038574219,17.24705696105957,1051.4775390625
251339,49,0.5102040816326531,0.08663378655910492,0.47827109694480896,5.300924301147461,2023.2901611328125
251340,55,0.5272727272727272,0.16147278249263763,0.43414655327796936,5.901110649108887,1341.2930908203125
251341,52,0.40384615384615385,0.12252730131149292,0.6076391339302063,9.78784465789795,1701.721435546875
251342,72,0.5555555555555556,0.07785383611917496,0.5192468762397766,8.336986541748047,1876.71337890625
251343,65,0.5230769230769231,0.22182254493236542,0.5890690684318542,16.589426040649414,1158.67529296875
251344,57,0.47368421052631576,0.2000540792942047,0.4541608691215515,12.595884323120117,1398.663818359375
251345,48,0.4583333333333333,0.16134212911128998,0.540140688419342,8.318909645080566,565.5487060546875
251346,82,0.4878048780487805,0.14673365652561188,0.5843557715415955,14.417085647583008,1324.779541015625
251347,40,0.5,0.19608893990516663,0.5386129021644592,7.648352146148682,1796.4635009765625
251348,81,0.6049382716049383,0.11756786704063416,0.45048463344573975,14.369791984558105,1234.5577392578125
251349,75,0.6,0.1380651742219925,0.4585682451725006,11.51016616821289,1947.0458984375
251350,44,0.5,0.13622012734413147,0.5496225953102112,7.641387939453125,1045.4051513671875
251351,70,0.45714285714285713,0.17938733100891113,0.4851115345954895,17.611459732055664,1893.1439208984375
251352,79,0.43037974683544306,0.2543671131134033,0.4816972017288208,16.051427841186523,669.6058349609375
251353,88,0.5,0.09870810806751251,0.5139859318733215,11.549798965454102,2025.0782470703125
251354,46,0.6956521739130435,0.042709629982709885,0.5159282088279724,6.003528118133545,1794.984619140625
251355,87,0.42528735632183906,0.1626802682876587,0.4974188208580017,13.628411293029785,1495.80029296875
251356,83,0.5421686746987951,0.17434455454349518,0.4838253855705261,17.835113525390625,1060.950927734375
251357,65,0.5384615384615384,0.11314976215362549,0.4512885510921478,10.019270896911621,1084.2750244140625
251358,79,0.569620253164557,0.0593736432492733,0.4461459219455719,10.5054292678833,833.478271484375
251359,15,0.6666666666666666,0.3600148856639862,0.4525090754032135,8.15311050415039,1173.851318359375
251360,44,0.5,0.26864874362945557,0.5411589741706848,13.229227066040039,1532.2342529296875
251361,48,0.5,0.25123628973960876,0.5071458220481873,11.418560981750488,1261.25146484375
251362,51,0.5294117647058824,0.2658083140850067,0.518069326877594,11.631173133850098,1022.1012573242188
251363,48,0.4375,0.2122924029827118,0.44579756259918213,12.50295352935791,733.9509887695312
251364,97,0.4536082474226804,0.06686071306467056,0.44823718070983887,6.419332981109619,960.7442016601562
251365,53,0.49056603773584906,0.1681397259235382,0.5069892406463623,10.861662864685059,1996.3624267578125
251366,67,0.6119402985074627,0.12398945540189743,0.5076517462730408,11.923663139343262,1469.0277099609375
251367,25,0.68,0.188716322183609,0.6976451277732849,5.744970798492432,500.5020446777344
251368,43,0.627906976744186,0.10699715465307236,0.5086473226547241,5.418022155761719,992.7228393554688
251369,37,0.6216216216216216,0.14332416653633118,0.5659521222114563,7.7357401847839355,696.3831176757812
251370,88,0.48863636363636365,0.08886721730232239,0.48220643401145935,10.286200523376465,1018.1375732421875
251371,96,0.5104166666666666,0.12348473072052002,0.5426286458969116,16.226219177246094,1191.9879150390625
251372,39,0.717948717948718,-0.03516414016485214,0.4084174335002899,4.291098594665527,1207.1763916015625
251373,75,0.52,0.11197958141565323,0.5913074016571045,8.891718864440918,2042.3033447265625
251374,51,0.5882352941176471,0.3335399031639099,0.4750813841819763,21.627809524536133,1915.7891845703125
251375,54,0.46296296296296297,0.08239978551864624,0.47536376118659973,6.661007404327393,1371.6036376953125
251376,40,0.425,0.20827950537204742,0.47788867354393005,9.507288932800293,448.0932922363281
251377,51,0.5686274509803921,0.29527053236961365,0.3475557863712311,19.74842071533203,1454.3173828125
251378,33,0.5757575757575758,0.19979922473430634,0.6025470495223999,6.636311054229736,878.1306762695312
251379,41,0.6097560975609756,0.25877416133880615,0.49019938707351685,15.367253303527832,1459.5631103515625
251380,63,0.5238095238095238,0.1392362266778946,0.5080268383026123,8.132654190063477,1049.9871826171875
251381,54,0.46296296296296297,0.09746208786964417,0.5451393127441406,8.568737030029297,1091.037841796875
251382,61,0.5573770491803278,0.33489954471588135,0.49050140380859375,17.068096160888672,1160.5263671875
251383,20,0.6,0.46366119384765625,0.5006680488586426,12.242238998413086,1900.134521484375
251384,32,0.5625,0.27305418252944946,0.5458899736404419,14.087994575500488,668.8350830078125
251385,48,0.5,0.3255032002925873,0.5121590495109558,12.661194801330566,1464.0137939453125
251386,45,0.5777777777777777,0.12404234707355499,0.5441228151321411,11.718094825744629,1891.2716064453125
251387,50,0.58,0.12879809737205505,0.42167001962661743,14.127799987792969,1501.22607421875
251388,19,0.47368421052631576,0.4012686610221863,0.43845924735069275,10.028862953186035,467.7101745605469
251389,29,0.41379310344827586,0.3704446852207184,0.5720377564430237,10.93535327911377,1442.933837890625
251390,28,0.39285714285714285,0.34371113777160645,0.5787891745567322,7.432280540466309,1374.0609130859375
251391,1,1.0,0.7753092646598816,,3.1012368202209473,604.4398193359375
251392,39,0.4358974358974359,0.3765479028224945,0.5218648314476013,10.525449752807617,976.3472290039062
251393,77,0.5844155844155844,0.17651674151420593,0.5309653282165527,18.338226318359375,792.1592407226562
251394,77,0.5194805194805194,0.1315196305513382,0.5015396475791931,17.82533836364746,1494.402099609375
251395,12,0.5,0.2274763435125351,0.5191725492477417,1.8261915445327759,1237.2845458984375
251396,39,0.5128205128205128,0.334103524684906,0.5854376554489136,13.197900772094727,1210.1246337890625
251397,30,0.6,0.20747870206832886,0.557234525680542,7.55156946182251,353.5676574707031
251398,41,0.5121951219512195,0.4066705107688904,0.4489259719848633,18.116352081298828,1083.752197265625
251399,25,0.68,0.2566022276878357,0.5859363079071045,9.65213394165039,582.3211669921875
251400,46,0.5217391304347826,0.13336755335330963,0.4260804057121277,3.1828699111938477,1030.3526611328125
251401,100,0.42,0.08373843133449554,0.4751150906085968,10.202728271484375,150.46029663085938
251402,49,0.5714285714285714,0.30338579416275024,0.42217859625816345,20.318592071533203,1785.85400390625
251403,6,0.5,0.7287949919700623,0.4745155870914459,5.933910369873047,565.0386352539062
251404,57,0.543859649122807,0.24672521650791168,0.5140300989151001,18.99207305908203,479.7789611816406
251405,24,0.5,-0.02981545962393284,0.42935502529144287,2.380779266357422,1537.8343505859375
251406,100,0.56,0.1377042680978775,0.501283586025238,17.684484481811523,914.8605346679688
251407,35,0.45714285714285713,0.3421240746974945,0.48778238892555237,13.733470916748047,438.127685546875
251408,92,0.5652173913043478,0.3203797936439514,0.5670715570449829,28.798542022705078,2391.809814453125
251409,76,0.5789473684210527,0.2416938692331314,0.4865647554397583,21.781970977783203,1726.2366943359375
251410,84,0.38095238095238093,0.20491918921470642,0.48411259055137634,12.849348068237305,1345.0609130859375
251411,51,0.5490196078431373,0.21276651322841644,0.5097178220748901,14.106462478637695,1189.0364990234375
251412,28,0.35714285714285715,0.5827986001968384,0.6190105080604553,15.122542381286621,1284.7264404296875
251413,87,0.5057471264367817,0.12979541718959808,0.5873428583145142,17.60793685913086,1699.11083984375
251414,22,0.5909090909090909,0.4265044927597046,0.5975291728973389,14.657928466796875,1708.5482177734375
251415,46,0.6956521739130435,0.2818198800086975,0.5931888818740845,22.01152992248535,1777.16455078125
251416,78,0.4230769230769231,0.2098221480846405,0.4691370725631714,20.741500854492188,1761.0721435546875
251417,100,0.48,0.17611561715602875,0.5021306276321411,19.461875915527344,2104.349609375
251418,23,0.5652173913043478,0.23514199256896973,0.532588541507721,7.7560834884643555,778.5835571289062
251419,38,0.5263157894736842,0.282633900642395,0.4830423593521118,12.481314659118652,670.2481689453125
251420,41,0.6341463414634146,0.30477476119995117,0.4208943545818329,20.702653884887695,2300.628662109375
251421,57,0.5789473684210527,0.27104517817497253,0.46069368720054626,20.208984375,1599.152587890625
251422,100,0.58,0.22953709959983826,0.5004832148551941,27.656660079956055,1797.8009033203125
251423,53,0.49056603773584906,0.27197977900505066,0.49850746989250183,17.754140853881836,677.06103515625
251424,52,0.38461538461538464,0.29068392515182495,0.5675548315048218,15.959209442138672,510.53814697265625
251425,40,0.575,0.3282703459262848,0.4748208224773407,10.916942596435547,846.0763549804688
251426,57,0.543859649122807,0.25878405570983887,0.5311944484710693,14.43377685546875,1790.904541015625
251427,16,0.5625,0.13567963242530823,0.6395707130432129,3.8753232955932617,1591.1566162109375
251428,34,0.5882352941176471,0.2693099081516266,0.4136051833629608,16.727340698242188,712.9345092773438
251429,44,0.5,0.22999505698680878,0.5097270607948303,8.282305717468262,1540.8853759765625
251430,36,0.5555555555555556,0.26802659034729004,0.36215728521347046,9.284524917602539,1608.2880859375
251431,83,0.5662650602409639,0.20317761600017548,0.4721700847148895,16.386831283569336,1120.892333984375
251432,13,0.5384615384615384,0.6564323306083679,0.5549024939537048,9.364007949829102,1724.4593505859375
251433,81,0.5061728395061729,0.2713247835636139,0.4372059404850006,19.822940826416016,1328.8433837890625
251434,54,0.5185185185185185,0.06817032396793365,0.46871331334114075,8.303284645080566,745.1403198242188
251435,9,0.6666666666666666,0.23002035915851593,0.6101430058479309,3.279690980911255,1675.3319091796875
251436,29,0.4827586206896552,0.19560405611991882,0.46519261598587036,6.2899627685546875,693.0283203125
251437,38,0.631578947368421,0.2800159752368927,0.5518651604652405,15.72721004486084,1180.2054443359375
251438,71,0.5774647887323944,0.25162994861602783,0.487964928150177,23.55712127685547,1324.9359130859375
251439,23,0.6521739130434783,0.4064015746116638,0.5561654567718506,13.612129211425781,1335.3797607421875
251440,46,0.5434782608695652,0.3202950358390808,0.5305429697036743,16.821895599365234,1558.399658203125
251441,27,0.4444444444444444,0.41034433245658875,0.2915310561656952,10.451340675354004,1562.396728515625
251442,34,0.5294117647058824,0.2370366007089615,0.46001118421554565,8.22835922241211,520.5524291992188
251443,52,0.25,0.11567762494087219,0.5078008770942688,3.3726229667663574,1139.203857421875
251444,29,0.5172413793103449,0.31332969665527344,0.48704761266708374,11.87175178527832,682.6529541015625
251445,79,0.569620253164557,0.1536312699317932,0.47577908635139465,20.446060180664062,1435.2847900390625
251446,62,0.4838709677419355,0.3505750894546509,0.48641571402549744,24.332992553710938,2066.9716796875
251447,76,0.40789473684210525,0.1514093577861786,0.4939659833908081,13.38249397277832,671.7816772460938
251448,19,0.47368421052631576,0.3637853264808655,0.4980466961860657,8.424233436584473,1114.7940673828125
251449,52,0.46153846153846156,0.19591842591762543,0.44427600502967834,11.456547737121582,1233.7152099609375
251450,95,0.4631578947368421,0.07750234007835388,0.4687635004520416,9.923778533935547,1058.366943359375
251451,16,0.3125,0.6664971113204956,0.6167497038841248,9.26534366607666,1807.129638671875
251452,47,0.6170212765957447,0.15633219480514526,0.5906243324279785,13.84742259979248,1221.2918701171875
251453,37,0.5135135135135135,0.21847985684871674,0.47815337777137756,7.369472026824951,1789.7412109375
251454,25,0.56,0.3316163420677185,0.5335368514060974,12.386734962463379,689.9999389648438
251455,8,0.25,0.46523889899253845,0.4145160913467407,1.3487498760223389,891.3605346679688
251456,41,0.5365853658536586,0.1783481240272522,0.5179298520088196,7.3980631828308105,993.5038452148438
251457,52,0.6538461538461539,0.21897923946380615,0.523480236530304,11.282072067260742,1216.88232421875
251458,62,0.6129032258064516,0.14836224913597107,0.4580208361148834,9.270700454711914,928.6875610351562
251459,34,0.4117647058823529,0.3056940734386444,0.5628191828727722,8.822813034057617,1806.1961669921875
251460,58,0.46551724137931033,0.18888847529888153,0.47820496559143066,8.872016906738281,607.7041625976562
251461,82,0.524390243902439,0.13424387574195862,0.44053351879119873,14.890338897705078,498.4461364746094
251462,49,0.4897959183673469,0.06805559247732162,0.43198609352111816,4.358280181884766,1717.951904296875
251463,28,0.35714285714285715,0.5164833664894104,0.45564085245132446,11.593745231628418,2338.901123046875
251464,52,0.4230769230769231,0.3041245639324188,0.5865678191184998,19.25994300842285,1532.9949951171875
251465,19,0.6842105263157895,0.5200815200805664,0.5093970894813538,15.242948532104492,1748.7322998046875
251466,5,0.8,0.21288812160491943,0.5189869999885559,2.7779765129089355,1531.8048095703125
251467,85,0.4470588235294118,0.19884735345840454,0.5109807848930359,13.788298606872559,459.19952392578125
251468,40,0.45,0.24196839332580566,0.46030858159065247,6.711921691894531,796.6229858398438
251469,60,0.45,0.2744363844394684,0.49994519352912903,18.52874755859375,698.8544921875
251470,24,0.4166666666666667,0.3073248267173767,0.5795812010765076,4.429538726806641,2068.423583984375
251471,33,0.6060606060606061,0.38211920857429504,0.40868523716926575,12.267695426940918,521.5178833007812
251472,42,0.5952380952380952,0.20411312580108643,0.46727997064590454,11.420646667480469,1973.2220458984375
251473,23,0.5217391304347826,0.2517891526222229,0.3773980438709259,4.510472297668457,1443.1854248046875
251474,49,0.4489795918367347,0.3158906102180481,0.5439367890357971,16.98711395263672,1430.350830078125
251475,100,0.49,0.1223706603050232,0.5007726550102234,14.569295883178711,1711.0748291015625
251476,31,0.4838709677419355,0.10218999534845352,0.5692769289016724,3.3901469707489014,1192.0855712890625
251477,17,0.47058823529411764,0.44445908069610596,0.6039798259735107,7.163961887359619,1455.77587890625
251478,77,0.5714285714285714,0.20020651817321777,0.48945876955986023,17.8154239654541,1077.8870849609375
251479,18,0.5555555555555556,0.2113867551088333,0.4463309049606323,5.284329891204834,1031.010498046875
251480,32,0.5,0.25199094414711,0.5784769058227539,10.00088119506836,554.5781860351562
251481,100,0.5,0.09595023840665817,0.48623380064964294,14.474830627441406,1111.343505859375
251482,44,0.6136363636363636,0.16903139650821686,0.5191457867622375,16.176740646362305,1589.26220703125
251483,45,0.6,0.22817890346050262,0.5141715407371521,10.07931900024414,793.8871459960938
251484,54,0.5740740740740741,0.19762055575847626,0.46924450993537903,12.386619567871094,1479.7716064453125
251485,87,0.47126436781609193,0.2267041951417923,0.5725868940353394,20.234148025512695,1153.6524658203125
251486,52,0.5384615384615384,0.18904387950897217,0.4156247079372406,17.680545806884766,1812.4967041015625
251487,60,0.55,0.37145495414733887,0.47081807255744934,24.199275970458984,724.1412963867188
251488,41,0.3902439024390244,0.16067007184028625,0.4664525091648102,7.08675479888916,1961.375244140625
251489,99,0.5959595959595959,0.12930361926555634,0.4196295738220215,16.813806533813477,1553.8359375
251490,42,0.5476190476190477,0.1904972493648529,0.5361634492874146,11.374151229858398,1290.587158203125
251491,79,0.4936708860759494,0.10138619691133499,0.5029338002204895,8.995552062988281,2101.7607421875
251492,30,0.6333333333333333,0.31896278262138367,0.5663915872573853,11.578997611999512,2055.665283203125
251493,19,0.47368421052631576,0.22885195910930634,0.2661091983318329,4.224782943725586,932.2254028320312
251494,71,0.39436619718309857,0.04957965388894081,0.4344277083873749,10.320394515991211,967.8348999023438
251495,14,0.6428571428571429,-0.08828023821115494,0.6840415000915527,0.9397603869438171,774.2705688476562
251496,47,0.5531914893617021,0.09722710400819778,0.48875460028648376,16.046199798583984,1522.2257080078125
251497,73,0.5616438356164384,0.18324615061283112,0.502174973487854,27.294261932373047,2152.96533203125
251498,56,0.5535714285714286,0.1662859171628952,0.4445498585700989,13.189494132995605,1011.4119262695312
251499,87,0.4827586206896552,0.06355023384094238,0.5201190710067749,8.708210945129395,1649.3978271484375
251500,100,0.39,0.08899978548288345,0.43781715631484985,10.07465934753418,1288.4158935546875
251501,40,0.6,0.17044858634471893,0.4403122663497925,12.841756820678711,2007.7174072265625
251502,75,0.48,0.24627041816711426,0.5659061670303345,21.717056274414062,1529.195556640625
251503,30,0.5333333333333333,0.22668437659740448,0.38881638646125793,11.191201210021973,469.5475769042969
251504,12,0.75,0.4005838930606842,0.5211069583892822,7.861954212188721,1670.566650390625
251505,52,0.6153846153846154,0.3131858706474304,0.48701173067092896,16.528484344482422,1014.883544921875
251506,22,0.6363636363636364,0.17770931124687195,0.4952865242958069,9.248200416564941,1414.6669921875
251507,20,0.55,0.19470635056495667,0.57902991771698,6.19223165512085,805.5221557617188
251508,61,0.45901639344262296,0.17579689621925354,0.5581467747688293,12.708029747009277,1625.526611328125
251509,58,0.4827586206896552,0.24532164633274078,0.5658400058746338,15.882076263427734,999.75830078125
251510,8,0.5,0.41195374727249146,0.5816618800163269,4.055773735046387,1085.588623046875
251511,39,0.5641025641025641,0.11021892726421356,0.523404061794281,7.702023029327393,961.367431640625
251512,85,0.5058823529411764,0.1409265398979187,0.4171161651611328,12.124281883239746,1822.4703369140625
251513,35,0.5714285714285714,0.25079864263534546,0.4609352946281433,16.161178588867188,1057.1685791015625
251514,8,0.25,0.22015370428562164,0.7382435202598572,0.2822493016719818,331.05322265625
251515,56,0.625,0.174960196018219,0.4599681496620178,13.514506340026855,938.9501953125
251516,31,0.6774193548387096,0.3846231698989868,0.4523009657859802,16.633617401123047,1201.6759033203125
251517,83,0.5662650602409639,0.08280497789382935,0.502376139163971,16.949668884277344,400.8933410644531
251518,36,0.4722222222222222,0.16404549777507782,0.46590372920036316,12.608159065246582,664.3621826171875
251519,52,0.46153846153846156,0.21478192508220673,0.4580492377281189,15.134506225585938,272.3642272949219
251520,67,0.582089552238806,0.18581059575080872,0.5120108723640442,23.53145980834961,728.5789794921875
251521,14,0.5,0.028187423944473267,0.6483224630355835,1.468863844871521,1832.9901123046875
251522,23,0.43478260869565216,0.44794780015945435,0.5170609354972839,11.421677589416504,1358.7554931640625
251523,34,0.4117647058823529,0.030554944649338722,0.4977865219116211,4.492362022399902,359.2765197753906
251524,80,0.525,0.1181793212890625,0.491919606924057,21.26674461364746,824.1097412109375
251525,49,0.6122448979591837,0.20183047652244568,0.4524843692779541,19.115278244018555,1349.7020263671875
251526,29,0.3793103448275862,0.42009302973747253,0.4989829659461975,10.239338874816895,721.6484985351562
251527,53,0.6037735849056604,0.21244940161705017,0.48181766271591187,8.166067123413086,490.8306884765625
251528,52,0.40384615384615385,0.15104259550571442,0.4782232642173767,6.272087574005127,1097.8983154296875
251529,50,0.5,0.17472970485687256,0.48095911741256714,9.025238037109375,1899.9244384765625
251530,71,0.4507042253521127,0.23675090074539185,0.4589192271232605,14.116716384887695,1762.1751708984375
251531,41,0.5853658536585366,0.210722878575325,0.4907672107219696,16.630096435546875,1283.9561767578125
251532,69,0.4492753623188406,0.11482241749763489,0.5337862968444824,6.91961145401001,1787.2589111328125
251533,100,0.46,0.11044130474328995,0.4904790222644806,17.005661010742188,1146.882568359375
251534,47,0.6382978723404256,0.18523116409778595,0.4745078980922699,15.82172679901123,1236.3515625
251535,54,0.5370370370370371,0.26732581853866577,0.463939905166626,19.835159301757812,2161.438232421875
251536,68,0.5147058823529411,0.2795111835002899,0.5300268530845642,23.516366958618164,1041.556396484375
251537,28,0.5714285714285714,0.377817839384079,0.2901383340358734,17.9154052734375,435.5948486328125
251538,44,0.5681818181818182,0.14724279940128326,0.4718475937843323,11.673870086669922,958.7469482421875
251539,34,0.5294117647058824,0.41994956135749817,0.4211382567882538,19.712181091308594,978.9984130859375
251540,33,0.42424242424242425,0.1791137009859085,0.5060842633247375,8.672903060913086,1749.97021484375
251541,53,0.6226415094339622,0.2699778079986572,0.5476948022842407,24.40615463256836,1869.1558837890625
251542,30,0.6,0.25450408458709717,0.3905491828918457,10.040314674377441,1436.9814453125
251543,29,0.5517241379310345,0.3665451109409332,0.3727860748767853,14.380208969116211,1026.6051025390625
251544,55,0.4727272727272727,0.28928419947624207,0.42722663283348083,11.052624702453613,511.6972961425781
251545,41,0.4634146341463415,0.29529014229774475,0.43105393648147583,11.646465301513672,700.5261840820312
251546,83,0.6024096385542169,0.09051384031772614,0.41613665223121643,12.90064525604248,1238.0447998046875
251547,34,0.4411764705882353,0.24007882177829742,0.46725618839263916,12.420621871948242,516.3930053710938
251548,57,0.543859649122807,0.1729818433523178,0.44431227445602417,16.952539443969727,1695.780029296875
251549,57,0.6140350877192983,0.14621026813983917,0.46653422713279724,11.299822807312012,675.1011352539062
251550,57,0.49122807017543857,0.1332969218492508,0.5355343818664551,9.440598487854004,1394.4989013671875
251551,81,0.5432098765432098,0.14602407813072205,0.5051555633544922,12.557063102722168,429.9967041015625
251552,15,0.5333333333333333,0.4315589666366577,0.34710097312927246,8.481013298034668,266.33489990234375
251553,37,0.4864864864864865,0.20237861573696136,0.44729629158973694,8.837907791137695,697.7689208984375
251554,61,0.5409836065573771,0.19476699829101562,0.48937639594078064,14.621498107910156,1601.125244140625
251555,68,0.5882352941176471,0.1296151578426361,0.5360190272331238,13.884482383728027,1728.655517578125
251556,6,0.8333333333333334,0.17929625511169434,0.4759284257888794,4.6460418701171875,557.4488525390625
251557,29,0.3793103448275862,0.13657797873020172,0.4827050566673279,4.723122596740723,1152.1990966796875
251558,100,0.54,0.12010052800178528,0.5009616613388062,12.396300315856934,1682.12548828125
251559,47,0.46808510638297873,0.2739714980125427,0.5344268083572388,13.76275634765625,846.00439453125
251560,100,0.54,0.056580718606710434,0.5683214068412781,8.923659324645996,1260.2965087890625
251561,57,0.5263157894736842,0.20121939480304718,0.551587700843811,11.717957496643066,2424.785400390625
251562,100,0.54,0.07476132363080978,0.47429007291793823,13.74117660522461,1683.426513671875
251563,77,0.5064935064935064,0.21240012347698212,0.45664796233177185,24.52307891845703,1527.9677734375
251564,29,0.4482758620689655,0.26724717020988464,0.48729801177978516,7.696675777435303,1728.2244873046875
251565,64,0.421875,0.3545179069042206,0.4269031584262848,24.55171012878418,352.49200439453125
251566,44,0.45454545454545453,0.29481539130210876,0.5039417147636414,8.381226539611816,741.5751342773438
251567,73,0.4520547945205479,0.17193320393562317,0.4973319172859192,10.83562183380127,1538.135009765625
251568,32,0.53125,0.22375845909118652,0.5271636247634888,9.034904479980469,1399.897216796875
251569,33,0.5454545454545454,0.30713191628456116,0.51873379945755,11.6725492477417,1357.8204345703125
251570,73,0.5616438356164384,0.06239389255642891,0.5059645771980286,8.813116073608398,1512.1185302734375
251571,35,0.5714285714285714,0.012743987143039703,0.5856977701187134,4.374207973480225,1691.4888916015625
251572,11,0.5454545454545454,0.14086823165416718,0.5792992115020752,4.87368631362915,632.3566284179688
251573,51,0.6470588235294118,0.2238614559173584,0.5116779804229736,7.1793532371521,702.0994262695312
251574,58,0.46551724137931033,0.22570200264453888,0.5395896434783936,14.987763404846191,401.7370910644531
251575,14,0.35714285714285715,0.4797632098197937,0.5992976427078247,5.347034454345703,609.829833984375
251576,49,0.46938775510204084,0.2584502398967743,0.5579529404640198,11.365935325622559,1977.4676513671875
251577,21,0.7142857142857143,0.14626537263393402,0.5479271411895752,4.960042476654053,304.8988342285156
251578,34,0.47058823529411764,0.209322988986969,0.4125221371650696,7.833117485046387,2116.091796875
251579,100,0.48,0.11140411347150803,0.5037088990211487,14.374007225036621,1045.9892578125
251580,87,0.45977011494252873,0.1586296260356903,0.48187652230262756,14.07705020904541,993.071044921875
251581,52,0.46153846153846156,0.32803231477737427,0.4959724247455597,12.9434814453125,1241.886962890625
251582,27,0.4074074074074074,0.23391030728816986,0.46787726879119873,6.212277412414551,1075.20361328125
251583,27,0.5925925925925926,0.10311093926429749,0.4302550256252289,8.395421028137207,1252.859130859375
251584,9,0.7777777777777778,0.2007785588502884,0.563654899597168,3.104973316192627,324.75274658203125
251585,54,0.5370370370370371,0.18312178552150726,0.46844014525413513,11.922377586364746,907.5355224609375
251586,45,0.4222222222222222,0.3127596378326416,0.5454426407814026,12.288599014282227,963.4469604492188
251587,51,0.6274509803921569,0.3294079899787903,0.4763471782207489,15.753127098083496,1296.507080078125
251588,43,0.46511627906976744,0.35597917437553406,0.5467210412025452,18.72799301147461,856.5808715820312
251589,35,0.45714285714285713,0.28123196959495544,0.4322996735572815,12.159497261047363,835.5274658203125
251590,67,0.417910447761194,0.15535476803779602,0.5195021629333496,16.075580596923828,1867.1602783203125
251591,51,0.5098039215686274,0.15737128257751465,0.4753192663192749,10.543164253234863,1172.3485107421875
251592,42,0.5238095238095238,0.09899432957172394,0.5439959764480591,6.92510461807251,1937.02099609375
251593,44,0.4772727272727273,0.24993102252483368,0.4878499507904053,11.17877197265625,1020.379638671875
251594,58,0.5344827586206896,0.04424874857068062,0.41488710045814514,9.334067344665527,726.9447021484375
251595,59,0.5423728813559322,0.10548324882984161,0.5192263722419739,15.125322341918945,557.7640380859375
251596,29,0.5862068965517241,0.3411595821380615,0.559881865978241,8.05205249786377,922.195068359375
251597,47,0.44680851063829785,0.18988804519176483,0.5036169290542603,12.140478134155273,499.2101745605469
251598,35,0.45714285714285713,0.2970912754535675,0.546251654624939,13.878273010253906,1260.1185302734375
251599,44,0.5227272727272727,0.35268455743789673,0.54457688331604,18.710302352905273,1679.5284423828125
251600,35,0.5428571428571428,0.22166453301906586,0.4514537453651428,8.749402046203613,1461.720947265625
251601,43,0.4186046511627907,0.22920534014701843,0.5245318412780762,10.3912353515625,870.1532592773438
251602,100,0.44,0.017266912385821342,0.45636457204818726,5.933865547180176,1264.2620849609375
251603,79,0.46835443037974683,0.13610653579235077,0.5349830985069275,10.76717758178711,1797.73193359375
251604,46,0.5434782608695652,0.17123794555664062,0.5455713272094727,11.785748481750488,248.95755004882812
251605,64,0.53125,0.23655033111572266,0.5030677318572998,23.50926399230957,1680.1160888671875
251606,16,0.6875,-0.02955101802945137,0.549225389957428,2.1296162605285645,1701.035888671875
251607,96,0.4583333333333333,0.08081773668527603,0.5272793769836426,12.248867988586426,1289.2525634765625
251608,28,0.4642857142857143,0.5257233381271362,0.6663702130317688,16.403461456298828,1349.4859619140625
251609,53,0.41509433962264153,0.2571205496788025,0.4902310073375702,17.677614212036133,825.7611694335938
251610,46,0.5434782608695652,0.2036711722612381,0.37862008810043335,12.205453872680664,1277.2078857421875
251611,59,0.559322033898305,0.19927215576171875,0.4035656750202179,16.23430633544922,1577.7308349609375
251612,59,0.5084745762711864,0.17982600629329681,0.4692200720310211,13.473278045654297,1480.8228759765625
251613,34,0.5294117647058824,0.15001283586025238,0.5056350231170654,7.424943923950195,1400.9447021484375
251614,85,0.49411764705882355,0.16266629099845886,0.5339245200157166,15.727630615234375,1214.4771728515625
251615,26,0.5384615384615384,0.19348596036434174,0.6156396269798279,6.291213035583496,1305.357666015625
251616,68,0.5882352941176471,0.11558914184570312,0.44803521037101746,13.960805892944336,1214.6380615234375
251617,31,0.4838709677419355,0.31428784132003784,0.5089424848556519,8.548884391784668,1371.435791015625
251618,9,0.5555555555555556,0.48772507905960083,0.5523619651794434,5.901544094085693,1268.658935546875
251619,24,0.5416666666666666,0.2511807382106781,0.4518054723739624,5.94045877456665,583.3665771484375
251620,41,0.43902439024390244,0.27809956669807434,0.5636007785797119,12.118894577026367,848.6399536132812
251621,28,0.4642857142857143,0.40044835209846497,0.49912720918655396,9.606072425842285,1286.4261474609375
251622,29,0.5172413793103449,0.5239685773849487,0.5305179953575134,15.60550594329834,327.82861328125
251623,100,0.57,0.14262939989566803,0.4753405451774597,17.066993713378906,1696.993408203125
251624,9,0.4444444444444444,0.3286442756652832,0.6493903398513794,2.376603603363037,1088.2783203125
251625,35,0.6,0.1664840579032898,0.5435953140258789,7.805582046508789,463.1703796386719
251626,97,0.5257731958762887,0.07760167866945267,0.4840831458568573,23.22593116760254,1825.2381591796875
251627,59,0.6101694915254238,0.1416274607181549,0.4767201840877533,12.219564437866211,1203.447998046875
251628,47,0.5531914893617021,0.033154938369989395,0.551351010799408,5.398481845855713,1439.73193359375
251629,80,0.475,0.11207224428653717,0.44260016083717346,9.45549201965332,1762.2471923828125
251630,90,0.5333333333333333,0.07359109073877335,0.4869546890258789,15.789155960083008,1712.48681640625
251631,22,0.45454545454545453,0.24227142333984375,0.3740682303905487,5.415294170379639,635.458251953125
251632,100,0.59,0.1073594018816948,0.5248831510543823,21.92120933532715,1158.91943359375
251633,57,0.43859649122807015,0.279924213886261,0.5240473747253418,13.930060386657715,452.2505187988281
251634,20,0.7,0.3716149628162384,0.4975380003452301,12.477054595947266,790.936279296875
251635,47,0.5957446808510638,0.18439553678035736,0.4516046345233917,8.522751808166504,401.6358642578125
251636,14,0.8571428571428571,0.4573011100292206,0.31997624039649963,14.391192436218262,464.2964782714844
251637,89,0.4943820224719101,0.2311653047800064,0.4782687723636627,27.14348793029785,1301.0213623046875
251638,35,0.6,0.20067453384399414,0.505462110042572,9.777731895446777,1848.0400390625
251639,47,0.425531914893617,0.1985495537519455,0.5574692487716675,10.162065505981445,739.7982788085938
251640,52,0.6153846153846154,0.2759370803833008,0.6006244421005249,22.289981842041016,1141.9564208984375
251641,66,0.4696969696969697,0.2503313422203064,0.491582989692688,16.398046493530273,946.6370849609375
251642,64,0.5,0.05421923100948334,0.5467768907546997,9.764491081237793,1688.3770751953125
251643,11,0.6363636363636364,0.6323880553245544,0.7080650329589844,11.636384010314941,1255.8089599609375
251644,25,0.76,0.2940196692943573,0.3613813817501068,8.7570161819458,1895.93408203125
251645,32,0.40625,0.32202115654945374,0.5559051036834717,5.100455284118652,1349.9071044921875
251646,67,0.5671641791044776,0.07719092816114426,0.49790075421333313,6.370515823364258,292.4836730957031
251647,28,0.39285714285714285,0.49145033955574036,0.5721378326416016,12.220026969909668,1204.6173095703125
251648,56,0.48214285714285715,0.0799262672662735,0.5442336797714233,6.482593059539795,1847.09423828125
251649,43,0.6046511627906976,0.10061408579349518,0.5147234797477722,6.738443851470947,1325.8128662109375
251650,63,0.49206349206349204,0.21492253243923187,0.4864733815193176,14.194574356079102,662.1258544921875
251651,58,0.46551724137931033,0.19035495817661285,0.48012983798980713,19.72991180419922,1743.7542724609375
251652,52,0.5576923076923077,0.13203132152557373,0.5878041386604309,11.464883804321289,924.239501953125
251653,73,0.5205479452054794,0.23039130866527557,0.35672885179519653,19.818830490112305,1512.01123046875
251654,21,0.38095238095238093,0.022014111280441284,0.5915345549583435,3.191431760787964,924.3693237304688
251655,26,0.5769230769230769,0.3442426025867462,0.4831758439540863,12.946192741394043,362.0331726074219
251656,33,0.6363636363636364,0.2448793351650238,0.620735764503479,12.658426284790039,1269.92333984375
251657,21,0.5714285714285714,0.3659350574016571,0.44208037853240967,10.564395904541016,950.8388671875
251658,59,0.4915254237288136,0.1704612374305725,0.49462950229644775,18.616975784301758,1499.251953125
251659,43,0.5581395348837209,0.24052661657333374,0.47016215324401855,17.290956497192383,425.4482116699219
251660,49,0.5102040816326531,0.26666557788848877,0.5777547955513,18.291675567626953,731.6109008789062
251661,55,0.43636363636363634,0.2613615095615387,0.5317234992980957,17.147655487060547,1453.5277099609375
251662,32,0.5,0.2406121790409088,0.4184097945690155,9.440446853637695,1615.2135009765625
251663,46,0.6086956521739131,0.11567322909832001,0.4354472756385803,11.789215087890625,1711.6243896484375
251664,21,0.6190476190476191,0.11516965180635452,0.6669804453849792,7.502782821655273,855.6663818359375
251665,21,0.5238095238095238,0.07980677485466003,0.5529332756996155,5.848419666290283,1882.8551025390625
251666,45,0.4,0.32568809390068054,0.5656722784042358,13.495939254760742,730.3200073242188
251667,67,0.5671641791044776,0.21757885813713074,0.4052755534648895,14.53760814666748,1389.8953857421875
251668,54,0.6111111111111112,0.19735658168792725,0.46506181359291077,19.400014877319336,2184.773681640625
251669,62,0.4838709677419355,0.17098014056682587,0.49057328701019287,10.988016128540039,877.9421997070312
251670,20,0.6,0.22874963283538818,0.5840576887130737,8.45069694519043,895.5453491210938
251671,81,0.5308641975308642,0.04887739568948746,0.5299753546714783,5.9246416091918945,1815.3328857421875
251672,63,0.5873015873015873,0.2230539619922638,0.49941855669021606,20.844980239868164,1315.5499267578125
251673,82,0.5853658536585366,0.13389606773853302,0.4485926628112793,11.66755199432373,2004.6646728515625
251674,48,0.5625,0.2679283022880554,0.4778798520565033,20.10162925720215,1116.6876220703125
251675,44,0.5227272727272727,0.15920671820640564,0.5255880951881409,12.415122032165527,1974.0286865234375
251676,100,0.5,0.1031409353017807,0.5460454225540161,10.425048828125,710.9636840820312
251677,63,0.5396825396825397,0.07709912955760956,0.508249044418335,12.551318168640137,1246.9617919921875
251678,100,0.47,0.09124578535556793,0.5244141221046448,15.373307228088379,1233.4183349609375
251679,57,0.543859649122807,0.16935399174690247,0.4222666323184967,19.628814697265625,1123.5272216796875
251680,86,0.5581395348837209,0.1667241007089615,0.43560197949409485,24.43488311767578,710.4805297851562
251681,100,0.42,0.058780886232852936,0.5896013975143433,9.892987251281738,1130.529541015625
251682,39,0.5384615384615384,0.14306357502937317,0.4609605073928833,6.470520973205566,544.0603637695312
251683,73,0.4246575342465753,0.17161111533641815,0.522869884967804,9.891105651855469,1024.0615234375
251684,94,0.5106382978723404,0.1443648785352707,0.4503593444824219,18.56423568725586,1732.8526611328125
251685,71,0.5352112676056338,0.15361624956130981,0.5131776332855225,15.61939525604248,1489.1488037109375
251686,45,0.4444444444444444,0.43950778245925903,0.4336452782154083,18.947477340698242,1355.9246826171875
251687,71,0.5352112676056338,0.15423811972141266,0.4737258851528168,16.097673416137695,1813.492919921875
251688,83,0.5060240963855421,0.10101872682571411,0.5081549882888794,11.806077003479004,1396.36083984375
251689,34,0.4411764705882353,0.2420661598443985,0.5474725365638733,10.127878189086914,1730.4658203125
251690,14,0.42857142857142855,0.2601752281188965,0.46422892808914185,4.6536126136779785,1968.9383544921875
251691,4,0.5,0.09679454565048218,0.7539994120597839,0.6497102975845337,1420.0797119140625
251692,45,0.37777777777777777,0.1099630668759346,0.5097219347953796,5.602975845336914,844.0147094726562
251693,22,0.45454545454545453,0.28633493185043335,0.5572998523712158,6.126789569854736,1566.6103515625
251694,47,0.46808510638297873,0.10523524880409241,0.4745906591415405,4.887178421020508,1004.3362426757812
251695,29,0.4482758620689655,0.32946836948394775,0.5048209428787231,11.20073413848877,806.4812622070312
251696,98,0.5408163265306123,0.04886169731616974,0.4380423128604889,10.720471382141113,1678.1739501953125
251697,71,0.5774647887323944,0.1622878462076187,0.4977706968784332,20.347440719604492,950.3441162109375
251698,41,0.6341463414634146,0.2434617131948471,0.47770607471466064,19.142433166503906,1221.77294921875
251699,62,0.5806451612903226,0.13762858510017395,0.43673551082611084,13.505681037902832,1577.1373291015625
251700,84,0.5476190476190477,0.11320697516202927,0.4661657512187958,10.420516967773438,472.9385681152344
251701,44,0.75,0.02236040309071541,0.6913541555404663,5.572878360748291,565.1303100585938
251702,42,0.6428571428571429,0.1755674034357071,0.36453744769096375,11.255729675292969,953.32080078125
251703,100,0.48,-0.0486360527575016,0.4509235620498657,2.877377510070801,1982.479736328125
251704,89,0.4606741573033708,0.2775070369243622,0.48414039611816406,21.951656341552734,1031.3189697265625
251705,56,0.5,0.12057505548000336,0.534672200679779,8.866533279418945,2157.32958984375
251706,42,0.47619047619047616,0.25540655851364136,0.4788661301136017,10.757905006408691,1280.9178466796875
251707,55,0.4727272727272727,0.16279377043247223,0.4757399260997772,11.062994003295898,1763.54931640625
251708,73,0.5342465753424658,0.18735907971858978,0.48370957374572754,15.154316902160645,1217.2342529296875
251709,51,0.47058823529411764,0.20539861917495728,0.4972606897354126,11.419696807861328,769.0663452148438
251710,48,0.7291666666666666,0.15321099758148193,0.5752162337303162,8.76119613647461,1442.3409423828125
251711,76,0.5263157894736842,0.1970779001712799,0.43669435381889343,17.568096160888672,1753.6768798828125
251712,81,0.5555555555555556,0.22488625347614288,0.42218732833862305,25.112817764282227,1779.70166015625
251713,33,0.6060606060606061,0.24788956344127655,0.4654496908187866,11.37120246887207,1884.7662353515625
251714,47,0.574468085106383,0.15020515024662018,0.47959738969802856,16.064414978027344,1878.0609130859375
251715,44,0.4090909090909091,0.18309514224529266,0.47088196873664856,9.44570255279541,1284.4822998046875
251716,18,0.3333333333333333,0.10692139714956284,0.5352464318275452,1.7418168783187866,1440.9420166015625
251717,20,0.5,0.34452563524246216,0.44929781556129456,11.007737159729004,1412.2469482421875
251718,91,0.5494505494505495,0.11182380467653275,0.47336462140083313,10.653918266296387,1607.9271240234375
251719,40,0.45,0.18730871379375458,0.5232194662094116,6.823419094085693,511.8629455566406
251720,57,0.49122807017543857,0.2106398642063141,0.44031980633735657,11.6264066696167,1173.51806640625
251721,75,0.38666666666666666,0.18235069513320923,0.40415284037590027,14.4393892288208,1390.06494140625
251722,48,0.4791666666666667,0.24027226865291595,0.4523757994174957,13.2154541015625,906.3407592773438
251723,36,0.5277777777777778,0.3818809390068054,0.6688329577445984,16.678607940673828,2205.79296875
251724,52,0.5192307692307693,0.23337548971176147,0.4378885328769684,15.884355545043945,931.6439208984375
251725,47,0.46808510638297873,0.3803311288356781,0.49004265666007996,15.508031845092773,1628.4134521484375
251726,5,0.6,0.144142746925354,0.47941142320632935,1.9211654663085938,398.8557434082031
251727,40,0.375,0.07812125235795975,0.5293703675270081,2.4422926902770996,1792.9661865234375
251728,88,0.5,0.11057574301958084,0.47603532671928406,14.219293594360352,1659.329833984375
251729,25,0.52,-0.003983424045145512,0.41622069478034973,1.6964412927627563,1405.9285888671875
251730,43,0.4883720930232558,0.21243810653686523,0.4791622459888458,11.545101165771484,1133.6129150390625
251731,69,0.5217391304347826,0.15087145566940308,0.5113959908485413,10.511550903320312,1206.3187255859375
251732,37,0.5675675675675675,0.2541588544845581,0.6543705463409424,10.807062149047852,1148.863037109375
251733,36,0.4444444444444444,0.32182395458221436,0.43619146943092346,9.220552444458008,1250.5863037109375
251734,27,0.6296296296296297,0.20775926113128662,0.5397773385047913,10.316925048828125,863.8363647460938
251735,56,0.44642857142857145,0.10790927708148956,0.43535107374191284,5.183086395263672,1130.845703125
251736,22,0.5454545454545454,0.38825032114982605,0.3149017095565796,11.137092590332031,667.5656127929688
251737,100,0.49,0.10003148019313812,0.5488514304161072,13.61392593383789,1707.6171875
251738,42,0.47619047619047616,0.29153305292129517,0.47607648372650146,10.764549255371094,1189.505859375
251739,72,0.3888888888888889,0.21888256072998047,0.5687812566757202,10.791324615478516,1061.9686279296875
251740,54,0.5555555555555556,0.1771886795759201,0.4916532337665558,13.278806686401367,556.634521484375
251741,40,0.475,0.13988974690437317,0.5226024389266968,8.80451774597168,971.0819702148438
251742,71,0.5633802816901409,0.16439640522003174,0.5632650852203369,20.207229614257812,778.5980834960938
251743,27,0.48148148148148145,0.2931552529335022,0.5026363730430603,7.264118671417236,2243.640869140625
251744,20,0.45,0.45705169439315796,0.4121146500110626,10.72089958190918,767.8602905273438
251745,51,0.5098039215686274,0.35246849060058594,0.4355469048023224,23.605497360229492,456.62567138671875
251746,64,0.578125,0.18154731392860413,0.5703527331352234,17.70000457763672,422.5774841308594
251747,10,0.5,0.3125566840171814,0.4850807189941406,3.6162986755371094,756.9480590820312
251748,75,0.5466666666666666,0.15975725650787354,0.5250388383865356,13.961301803588867,683.7277221679688
251749,100,0.48,0.14216290414333344,0.5096829533576965,19.410587310791016,651.95556640625
251750,46,0.5434782608695652,0.08491838723421097,0.4593103528022766,11.111227989196777,1412.171142578125
251751,5,0.8,0.4139413833618164,0.8247677087783813,2.86869478225708,1610.9732666015625
251752,46,0.45652173913043476,0.20770956575870514,0.6102902293205261,13.310166358947754,1026.977783203125
251753,69,0.5797101449275363,0.1372249573469162,0.4532662332057953,14.410240173339844,1913.218994140625
251754,99,0.45454545454545453,0.1275053471326828,0.5525864362716675,15.843332290649414,2164.63818359375
251755,21,0.5714285714285714,0.3952690660953522,0.3686096966266632,6.865642547607422,1107.808349609375
251756,52,0.4807692307692308,0.15684977173805237,0.49474215507507324,10.315216064453125,645.8356323242188
251757,49,0.5714285714285714,0.22212587296962738,0.5451278686523438,18.119091033935547,602.1136474609375
251758,97,0.5979381443298969,0.13749295473098755,0.5321858525276184,15.821060180664062,886.5038452148438
251759,69,0.4927536231884058,0.25332361459732056,0.4719901382923126,23.446632385253906,1081.26416015625
251760,100,0.46,0.18763642013072968,0.5093324184417725,17.72427749633789,171.66668701171875
251761,83,0.5180722891566265,0.15406690537929535,0.4963665008544922,11.849081993103027,192.15512084960938
251762,57,0.5087719298245614,0.26027312874794006,0.4907609820365906,18.714893341064453,1667.735107421875
251763,48,0.5416666666666666,0.08257842063903809,0.5409778952598572,10.161267280578613,1399.5098876953125
251764,29,0.4827586206896552,0.16716960072517395,0.43588781356811523,9.722146034240723,1552.166748046875
251765,82,0.4024390243902439,0.0789140984416008,0.45905888080596924,16.098155975341797,1926.6370849609375
251766,41,0.5853658536585366,0.10535088926553726,0.5650181770324707,11.034672737121582,1401.3013916015625
251767,96,0.5208333333333334,0.028862882405519485,0.4753658175468445,8.760263442993164,1418.33447265625
251768,18,0.4444444444444444,0.5194833278656006,0.5698965191841125,5.87883996963501,382.5987548828125
251769,86,0.5348837209302325,0.1957174390554428,0.5102829337120056,18.92320442199707,1062.609130859375
251770,60,0.7,0.2254914492368698,0.47720596194267273,19.602115631103516,1505.9774169921875
251771,83,0.5662650602409639,0.1480167657136917,0.551406979560852,15.892596244812012,1295.9791259765625
251772,63,0.5238095238095238,0.22738419473171234,0.496984601020813,12.6950044631958,510.3141174316406
251773,61,0.4918032786885246,0.29541653394699097,0.4606407582759857,18.650375366210938,372.1030578613281
251774,29,0.5172413793103449,0.4462128281593323,0.40943440794944763,11.087150573730469,1304.090087890625
251775,34,0.5294117647058824,0.18604806065559387,0.5026727318763733,8.405052185058594,1535.8306884765625
251776,65,0.4153846153846154,0.17253254354000092,0.48574066162109375,8.05062198638916,675.03955078125
251777,44,0.5227272727272727,0.2054361253976822,0.5085758566856384,11.564847946166992,977.5465087890625
251778,100,0.52,0.2150736004114151,0.49759161472320557,21.42843246459961,1585.1871337890625
251779,67,0.582089552238806,0.2612427771091461,0.4311325252056122,16.70287322998047,1832.2728271484375
251780,4,0.75,0.7822020649909973,0.5771599411964417,4.249156951904297,940.9127807617188
251781,100,0.59,0.1361270546913147,0.4205639064311981,12.047028541564941,1147.8955078125
251782,85,0.5058823529411764,0.22974319756031036,0.4640634059906006,20.79694938659668,1667.420654296875
251783,34,0.4411764705882353,0.10797193646430969,0.6454634666442871,3.6828689575195312,904.5371704101562
251784,25,0.6,0.3779824674129486,0.5399216413497925,12.422719955444336,876.1123046875
251785,67,0.43283582089552236,0.20458415150642395,0.48257899284362793,9.811356544494629,699.3909301757812
251786,2,0.5,0.850969672203064,0.37822699546813965,1.7019391059875488,1590.8145751953125
251787,66,0.4696969696969697,0.2929515540599823,0.5069560408592224,17.970924377441406,1463.9771728515625
251788,63,0.5873015873015873,0.20490747690200806,0.518478512763977,15.182616233825684,1163.7943115234375
251789,71,0.4788732394366197,0.1908605694770813,0.4909663796424866,16.494060516357422,1865.322021484375
251790,35,0.6,0.17569729685783386,0.4957846999168396,6.820591449737549,2062.296875
251791,71,0.5915492957746479,0.18038466572761536,0.5227433443069458,12.832000732421875,1776.693603515625
251792,61,0.5573770491803278,0.2049933522939682,0.5398611426353455,15.529618263244629,1536.34716796875
251793,85,0.4823529411764706,0.15256674587726593,0.4462633430957794,18.187015533447266,648.9822387695312
251794,100,0.47,0.2331390529870987,0.489959716796875,23.129928588867188,1143.827392578125
251795,63,0.47619047619047616,0.16220363974571228,0.5108020901679993,13.008469581604004,1992.1007080078125
251796,12,0.5833333333333334,-0.11891648918390274,0.49116307497024536,0.8818795084953308,1784.530029296875
251797,27,0.4444444444444444,0.2469220906496048,0.5397642254829407,5.915476322174072,2036.40966796875
251798,30,0.36666666666666664,0.06395874917507172,0.5231131911277771,3.5533998012542725,1530.0400390625
251799,91,0.4065934065934066,0.14815448224544525,0.5135833024978638,14.19791316986084,1126.6717529296875
251800,35,0.45714285714285713,0.14167937636375427,0.3950139284133911,4.662096977233887,1513.7508544921875
251801,43,0.4883720930232558,0.1862676739692688,0.42853638529777527,8.779708862304688,914.9122314453125
251802,46,0.5652173913043478,0.16452725231647491,0.4586672782897949,8.74203109741211,516.4218139648438
251803,66,0.5151515151515151,0.1667245775461197,0.4042607247829437,11.85799503326416,1243.228515625
251804,27,0.5185185185185185,0.03345951810479164,0.5082502961158752,4.166441440582275,396.27777099609375
251805,42,0.5238095238095238,0.25972434878349304,0.4941161572933197,11.50045394897461,699.66455078125
251806,42,0.5476190476190477,0.3080182373523712,0.47008374333381653,17.126413345336914,489.99664306640625
251807,32,0.65625,0.21868069469928741,0.4891144037246704,7.562394142150879,1086.743896484375
251808,29,0.4827586206896552,0.2136760801076889,0.5243034958839417,6.723251819610596,1323.7916259765625
251809,25,0.6,0.24610227346420288,0.35434454679489136,8.663917541503906,1224.36962890625
251810,17,0.5882352941176471,0.3054789900779724,0.5246549844741821,5.663242340087891,1301.872314453125
251811,71,0.4647887323943662,0.3027131259441376,0.48531779646873474,13.29251766204834,547.8905029296875
251812,74,0.43243243243243246,0.09746924042701721,0.5183408856391907,9.000353813171387,1977.53466796875
251813,42,0.47619047619047616,0.428724467754364,0.42529964447021484,15.919458389282227,1479.2861328125
251814,96,0.5104166666666666,0.02193189226090908,0.5263187289237976,8.351367950439453,1562.8482666015625
251815,39,0.46153846153846156,0.2925189137458801,0.48074981570243835,13.660552024841309,1102.6956787109375
251816,75,0.52,0.23954470455646515,0.45547211170196533,21.004304885864258,767.5105590820312
251817,48,0.5,0.285479873418808,0.46719393134117126,14.734062194824219,1447.9742431640625
251818,46,0.6739130434782609,0.14915508031845093,0.5016505122184753,9.506925582885742,2412.716064453125
251819,70,0.5142857142857142,0.11719412356615067,0.5695760250091553,11.23061466217041,1355.0694580078125
251820,41,0.5853658536585366,0.06757641583681107,0.6201376914978027,7.964191913604736,1589.89990234375
251821,43,0.6046511627906976,0.18244090676307678,0.4162868857383728,6.462582588195801,1406.627197265625
251822,60,0.5166666666666667,0.11173339933156967,0.5188707113265991,14.64863395690918,2338.440673828125
251823,63,0.47619047619047616,0.24155059456825256,0.5453808903694153,14.5541410446167,441.77227783203125
251824,49,0.5918367346938775,0.14423924684524536,0.5269355773925781,13.740638732910156,1672.8446044921875
251825,44,0.4772727272727273,0.3058783710002899,0.49282360076904297,11.046985626220703,1653.7357177734375
251826,36,0.4166666666666667,0.2989727258682251,0.5165047645568848,15.566741943359375,808.700439453125
251827,34,0.47058823529411764,0.4118795692920685,0.4903832674026489,16.441390991210938,1819.260498046875
251828,38,0.5263157894736842,0.15884552896022797,0.4838331937789917,7.630372524261475,997.850830078125
251829,100,0.54,0.041245609521865845,0.5092933177947998,7.427300453186035,1334.354248046875
251830,14,0.35714285714285715,0.24341638386249542,0.5278822779655457,2.362713098526001,1385.9893798828125
251831,31,0.5806451612903226,0.3907645344734192,0.4528202712535858,12.51806640625,774.6764526367188
251832,40,0.525,0.27703580260276794,0.5092613697052002,8.670619010925293,1645.8067626953125
251833,26,0.5769230769230769,0.25166991353034973,0.4394298493862152,9.172928810119629,589.5739135742188
251834,28,0.6071428571428571,0.2290661334991455,0.5178828239440918,7.26871919631958,1086.4112548828125
251835,69,0.5072463768115942,0.2967167794704437,0.4685068726539612,26.985843658447266,883.7703247070312
251836,51,0.47058823529411764,0.2644341289997101,0.5734056830406189,15.658173561096191,661.2886352539062
251837,93,0.5161290322580645,0.13079972565174103,0.4642936587333679,10.67713451385498,2238.329345703125
251838,26,0.6153846153846154,0.28475338220596313,0.3411387503147125,11.10891342163086,1398.4251708984375
251839,83,0.5662650602409639,0.10874179750680923,0.583143949508667,17.45355987548828,1012.5153198242188
251840,52,0.5192307692307693,0.2869549095630646,0.5095089077949524,20.37160301208496,847.485595703125
251841,28,0.5,0.30180269479751587,0.4800855219364166,11.58117389678955,476.57965087890625
251842,45,0.6444444444444445,0.16030201315879822,0.4777844250202179,18.53131103515625,1239.85302734375
251843,38,0.5789473684210527,0.18713420629501343,0.4416467845439911,15.796945571899414,1767.515869140625
251844,23,0.4782608695652174,0.42015448212623596,0.4821133613586426,9.043828964233398,1592.318603515625
251845,32,0.5625,0.16735129058361053,0.46534299850463867,10.870901107788086,850.8515625
251846,29,0.4482758620689655,0.21480461955070496,0.47074079513549805,6.394759654998779,1158.421142578125
251847,25,0.56,0.1420084536075592,0.44437599182128906,5.938003063201904,2392.46728515625
251848,43,0.4883720930232558,0.3573133051395416,0.5793700814247131,18.37338638305664,1175.95068359375
251849,34,0.5588235294117647,0.25527578592300415,0.5067976713180542,13.946045875549316,1886.087890625
251850,38,0.5789473684210527,0.2582368552684784,0.39226990938186646,15.066823959350586,2066.5498046875
251851,84,0.6071428571428571,0.1835295706987381,0.49601560831069946,20.936412811279297,744.6640014648438
251852,43,0.4186046511627907,0.2873986065387726,0.5361167788505554,10.414356231689453,792.2218627929688
251853,48,0.6458333333333334,0.23892353475093842,0.42917221784591675,14.300654411315918,180.79701232910156
251854,97,0.6391752577319587,0.1615607887506485,0.6103955507278442,21.06473159790039,1054.9984130859375
251855,70,0.5142857142857142,0.16923820972442627,0.5199354290962219,15.362336158752441,926.32080078125
251856,79,0.4936708860759494,0.17965827882289886,0.5679272413253784,19.48671531677246,840.8839111328125
251857,45,0.6,0.10565610975027084,0.4880014955997467,13.80925178527832,695.080322265625
251858,84,0.47619047619047616,0.18766143918037415,0.5269647240638733,12.435888290405273,1948.9737548828125
251859,100,0.45,0.07130049914121628,0.5625052452087402,8.884547233581543,1267.271484375
251860,26,0.5,0.19759830832481384,0.45523130893707275,8.00926685333252,574.84619140625
251861,39,0.5384615384615384,-0.13535097241401672,0.5290201306343079,2.44626784324646,1935.0970458984375
251862,41,0.5121951219512195,0.1970905363559723,0.5649370551109314,7.040622711181641,1422.1839599609375
251863,41,0.5121951219512195,0.05702555924654007,0.4938332438468933,4.732995986938477,582.1204223632812
251864,81,0.5185185185185185,0.18263235688209534,0.46349912881851196,19.9867000579834,1301.6136474609375
251865,68,0.4852941176470588,0.3042631447315216,0.4611371159553528,20.991117477416992,1502.60791015625
251866,71,0.4647887323943662,0.1928691267967224,0.5030102729797363,18.286874771118164,1348.9981689453125
251867,66,0.4696969696969697,0.21338312327861786,0.5086446404457092,17.465124130249023,1554.203857421875
251868,100,0.45,0.015741607174277306,0.45073777437210083,6.590207576751709,1121.164306640625
251869,64,0.46875,0.18993137776851654,0.5103610754013062,17.286212921142578,1159.84521484375
251870,93,0.5591397849462365,0.1057814210653305,0.5618481636047363,17.817317962646484,652.3041381835938
251871,10,0.3,0.480312317609787,0.5108126997947693,4.006694793701172,542.654052734375
251872,14,0.5,0.3321845531463623,0.4674395024776459,5.520590782165527,1164.6395263671875
251873,81,0.48148148148148145,0.15058276057243347,0.4598589539527893,12.887360572814941,1359.94677734375
251874,73,0.5616438356164384,0.19201552867889404,0.5323509573936462,17.465476989746094,1296.486328125
251875,49,0.46938775510204084,0.1687714010477066,0.4983694851398468,11.016511917114258,1422.1400146484375
251876,60,0.5,0.14765362441539764,0.5125238299369812,13.465648651123047,513.3046264648438
251877,83,0.42168674698795183,0.18249081075191498,0.4396328628063202,17.781719207763672,1058.7381591796875
251878,45,0.4444444444444444,0.2307746410369873,0.5108755230903625,9.644315719604492,697.3206176757812
251879,52,0.5576923076923077,0.22525130212306976,0.5354057550430298,19.917715072631836,2004.4527587890625
251880,32,0.375,0.23456203937530518,0.5686948299407959,7.330284595489502,1559.1259765625
251881,44,0.38636363636363635,0.2174188196659088,0.5392104387283325,5.500474452972412,1735.8084716796875
251882,77,0.5194805194805194,0.16626527905464172,0.41466236114501953,15.396194458007812,1014.6572875976562
251883,8,0.625,0.17779088020324707,0.4591887891292572,2.275381088256836,434.64019775390625
251884,43,0.6046511627906976,0.2425028532743454,0.43073904514312744,12.204910278320312,729.8823852539062
251885,48,0.4166666666666667,0.3285287022590637,0.6064357757568359,11.051220893859863,1742.8870849609375
251886,78,0.5,0.09146692603826523,0.5393400192260742,9.601117134094238,1089.724609375
251887,42,0.5952380952380952,0.16775500774383545,0.5755524635314941,10.514900207519531,556.7302856445312
251888,41,0.5853658536585366,0.15712492167949677,0.5594422221183777,10.463488578796387,1071.9725341796875
251889,66,0.48484848484848486,0.22764462232589722,0.46168720722198486,15.16887378692627,1578.41455078125
251890,53,0.5471698113207547,0.28286105394363403,0.44781890511512756,16.232128143310547,1483.3779296875
251891,100,0.4,0.1054147332906723,0.4141174256801605,10.042590141296387,1160.1610107421875
251892,39,0.5384615384615384,0.04864051938056946,0.537019670009613,3.6915791034698486,2172.32421875
251893,100,0.5,0.09761026501655579,0.4784110188484192,15.196283340454102,700.6141967773438
251894,16,0.5625,0.30977508425712585,0.543714165687561,5.778088569641113,1744.13720703125
251895,100,0.52,0.12255912274122238,0.5170249342918396,16.90365219116211,1300.2080078125
251896,25,0.4,0.2997359037399292,0.5759042501449585,6.7721848487854,855.1045532226562
251897,23,0.5217391304347826,0.30369052290916443,0.45159873366355896,6.107633590698242,1946.3687744140625
251898,55,0.5272727272727272,0.3116968870162964,0.5074988007545471,19.618074417114258,701.0014038085938
251899,20,0.5,0.34142324328422546,0.5829590559005737,6.340076923370361,904.6648559570312
251900,46,0.5,0.09483886510133743,0.5727774500846863,9.771615028381348,1167.6826171875
251901,57,0.5789473684210527,0.18196091055870056,0.5091025829315186,14.017671585083008,2096.393310546875
251902,33,0.48484848484848486,0.2217734456062317,0.42929184436798096,7.924808502197266,1359.5771484375
251903,19,0.5789473684210527,0.3220338821411133,0.658807635307312,5.943279266357422,892.0930786132812
251904,45,0.4666666666666667,0.23787707090377808,0.4622761309146881,9.647626876831055,1145.6226806640625
251905,85,0.4588235294117647,0.20557768642902374,0.4528800845146179,19.43552017211914,325.8968200683594
251906,14,0.5714285714285714,0.49916037917137146,0.451305627822876,7.861958026885986,1354.812255859375
251907,58,0.5,0.2590554356575012,0.4685527980327606,16.612987518310547,613.376708984375
251908,72,0.5,0.18989509344100952,0.41662895679473877,13.020761489868164,795.4811401367188
251909,49,0.6326530612244898,0.169254869222641,0.6292589902877808,15.539305686950684,791.8771362304688
251910,36,0.4166666666666667,0.3791739344596863,0.42568838596343994,15.822758674621582,1712.8172607421875
251911,65,0.46153846153846156,0.10298339277505875,0.49240848422050476,13.013580322265625,410.8361511230469
251912,50,0.6,0.04719742015004158,0.4298877716064453,9.58070182800293,1401.711669921875
251913,32,0.5,0.23877519369125366,0.32965463399887085,7.598557472229004,1458.019287109375
251914,62,0.5161290322580645,0.17374011874198914,0.38496240973472595,16.30314826965332,920.8845825195312
251915,25,0.48,-0.048609692603349686,0.6369042992591858,2.852912187576294,394.44415283203125
251916,65,0.5846153846153846,0.19389180839061737,0.367997407913208,18.91092872619629,1035.1348876953125
251917,54,0.5,-0.021470438688993454,0.4898768961429596,3.495347738265991,1047.5272216796875
251918,41,0.43902439024390244,0.3344917893409729,0.5474578738212585,13.863883018493652,480.7784118652344
251919,50,0.48,0.28059008717536926,0.5144866704940796,17.12006187438965,2094.947998046875
251920,78,0.6282051282051282,0.1696282923221588,0.40201377868652344,22.999914169311523,1519.5765380859375
251921,60,0.6166666666666667,0.14553430676460266,0.35658934712409973,15.410135269165039,1258.140869140625
251922,72,0.5833333333333334,0.11039143800735474,0.49781543016433716,12.154928207397461,850.9656372070312
251923,46,0.6086956521739131,0.08300233632326126,0.5537944436073303,8.994001388549805,973.2247314453125
251924,82,0.47560975609756095,0.18494334816932678,0.509885847568512,12.394075393676758,1950.44482421875
251925,91,0.6263736263736264,0.09329525381326675,0.43476009368896484,12.968512535095215,225.707763671875
251926,73,0.4794520547945205,0.20260193943977356,0.4607490599155426,8.646513938903809,1687.5299072265625
251927,13,0.38461538461538464,0.12162850797176361,0.6357852220535278,2.480646848678589,1901.533447265625
251928,27,0.5925925925925926,0.19562968611717224,0.5418121814727783,11.013640403747559,942.0674438476562
251929,56,0.5535714285714286,0.18310746550559998,0.5329458117485046,12.562296867370605,797.1113891601562
251930,38,0.6052631578947368,0.27986475825309753,0.41260749101638794,18.16704559326172,1647.6121826171875
251931,31,0.5161290322580645,0.3133118748664856,0.43139219284057617,7.1482696533203125,1004.6970825195312
251932,22,0.6363636363636364,0.33961501717567444,0.562601625919342,11.972384452819824,1253.259521484375
251933,54,0.5925925925925926,0.21350160241127014,0.525995671749115,10.430144309997559,967.4656982421875
251934,42,0.5,0.36894744634628296,0.3665967881679535,21.00923728942871,374.0509033203125
251935,26,0.6153846153846154,0.25529155135154724,0.5363355278968811,11.427268028259277,1361.478271484375
251936,44,0.5,0.12827187776565552,0.512360155582428,9.106789588928223,1951.9505615234375
251937,99,0.494949494949495,0.13381606340408325,0.45227867364883423,17.8944091796875,1255.3988037109375
251938,51,0.49019607843137253,0.20157630741596222,0.34828028082847595,10.669615745544434,1305.9490966796875
251939,78,0.5128205128205128,0.23028583824634552,0.4574020802974701,23.68558692932129,1496.67333984375
251940,50,0.36,0.4865950047969818,0.5109301805496216,21.355085372924805,298.75872802734375
251941,10,0.8,0.32974570989608765,0.5679567456245422,3.9852893352508545,1187.1866455078125
251942,77,0.45454545454545453,0.22128595411777496,0.5484662055969238,16.7482852935791,1071.4447021484375
251943,31,0.7419354838709677,0.3002646565437317,0.5594024658203125,16.253393173217773,338.36407470703125
251944,100,0.42,0.17754614353179932,0.5144081711769104,13.938222885131836,1841.1915283203125
251945,65,0.5076923076923077,0.13914914429187775,0.4516432285308838,15.863666534423828,1132.06201171875
251946,25,0.64,0.20377586781978607,0.513446033000946,5.117527008056641,806.3075561523438
251947,66,0.48484848484848486,0.2709508538246155,0.4269029498100281,13.557716369628906,613.5425415039062
251948,75,0.4533333333333333,0.18897563219070435,0.48031848669052124,22.609819412231445,888.1614990234375
251949,2,0.5,0.6176066398620605,0.046197619289159775,2.470426559448242,922.1116943359375
251950,84,0.5476190476190477,0.1293233335018158,0.5333135724067688,17.30938148498535,1215.4569091796875
251951,27,0.48148148148148145,0.32958027720451355,0.6140925288200378,6.74217414855957,1262.1572265625
251952,43,0.46511627906976744,0.24424798786640167,0.42151352763175964,12.262334823608398,957.9100952148438
251953,62,0.4838709677419355,0.3327850103378296,0.44507384300231934,21.18027114868164,592.1937866210938
251954,73,0.547945205479452,0.22125713527202606,0.3941802680492401,19.611467361450195,1240.687744140625
251955,73,0.4931506849315068,0.15791723132133484,0.5082517266273499,18.33936309814453,1072.6239013671875
251956,26,0.5384615384615384,0.1872265636920929,0.43477198481559753,6.260887145996094,1267.817626953125
251957,59,0.4576271186440678,0.3719225227832794,0.45107415318489075,17.928260803222656,1036.9039306640625
251958,17,0.6470588235294118,0.2378266453742981,0.4479776620864868,6.309462070465088,1143.7237548828125
251959,9,0.5555555555555556,0.23450830578804016,0.4434550106525421,1.8681600093841553,1699.368896484375
251960,39,0.6666666666666666,0.27632004022598267,0.5283218622207642,13.980886459350586,161.68141174316406
251961,21,0.5238095238095238,0.3541018068790436,0.5187799334526062,4.836043357849121,1061.6048583984375
251962,24,0.5833333333333334,0.2724340558052063,0.4765685200691223,8.082176208496094,1056.827392578125
251963,100,0.55,-0.02282615378499031,0.4831344485282898,6.8750128746032715,726.0996704101562
251964,66,0.4696969696969697,0.07828465849161148,0.5044532418251038,5.020656585693359,790.6939697265625
251965,57,0.47368421052631576,0.21412016451358795,0.5034666657447815,16.48331642150879,1520.683349609375
251966,49,0.4897959183673469,0.24670517444610596,0.5219007730484009,12.863165855407715,1751.7469482421875
251967,11,0.2727272727272727,0.3899839222431183,0.47686976194381714,3.173213005065918,1281.162841796875
251968,17,0.5294117647058824,0.558654248714447,0.3864349126815796,12.050923347473145,1400.7078857421875
251969,64,0.5625,0.16744229197502136,0.43488845229148865,15.837202072143555,1653.4544677734375
251970,21,0.3333333333333333,0.20878060162067413,0.4698246121406555,2.9748623371124268,1067.615966796875
251971,81,0.5555555555555556,0.12090045213699341,0.5431655049324036,15.672991752624512,1419.1134033203125
251972,67,0.5671641791044776,0.22561928629875183,0.5084408521652222,21.45557403564453,632.484619140625
251973,79,0.5443037974683544,0.11600932478904724,0.5000205039978027,11.061423301696777,1289.45947265625
251974,52,0.4230769230769231,0.3453553020954132,0.5668781399726868,17.4168701171875,931.6525268554688
251975,25,0.68,0.23485374450683594,0.29949745535850525,8.928391456604004,1342.654052734375
251976,81,0.5061728395061729,0.24769192934036255,0.5152614712715149,18.541215896606445,1067.394287109375
251977,20,0.65,0.3363547623157501,0.37744373083114624,13.655532836914062,856.5883178710938
251978,7,0.5714285714285714,0.5171117782592773,0.32592543959617615,5.255874156951904,957.0664672851562
251979,98,0.5408163265306123,0.12120392918586731,0.48043158650398254,21.117502212524414,1168.9041748046875
251980,11,0.5454545454545454,0.07241284102201462,0.4540823996067047,2.1268725395202637,1207.711669921875
251981,52,0.4230769230769231,0.024408793076872826,0.5457977652549744,4.436333656311035,1533.6083984375
251982,15,0.4666666666666667,0.5686984062194824,0.5185185670852661,7.873021602630615,1814.0115966796875
251983,44,0.36363636363636365,0.15430453419685364,0.5076995491981506,5.8656086921691895,576.548583984375
251984,57,0.49122807017543857,0.24937745928764343,0.4905659854412079,18.244558334350586,1456.8536376953125
251985,28,0.42857142857142855,0.2501901090145111,0.4169203042984009,5.22475528717041,785.6520385742188
251986,40,0.525,0.37468400597572327,0.3750387132167816,20.860286712646484,603.1642456054688
251987,12,0.5,0.05251731351017952,0.5180856585502625,1.8016668558120728,1214.1351318359375
251988,67,0.40298507462686567,0.21859553456306458,0.5036817789077759,17.736921310424805,424.19268798828125
251989,30,0.6,0.0666593611240387,0.5036340951919556,3.933429479598999,989.1683349609375
251990,22,0.5454545454545454,0.43382570147514343,0.5031415820121765,10.75662612915039,1190.316162109375
251991,48,0.4791666666666667,0.3431425094604492,0.5516208410263062,17.900728225708008,1261.326904296875
251992,48,0.6458333333333334,0.2226552814245224,0.5154743194580078,20.353918075561523,721.508056640625
251993,46,0.5,0.316034734249115,0.4724976420402527,19.983051300048828,984.0692749023438
251994,38,0.5789473684210527,0.28057050704956055,0.5093895792961121,16.93126678466797,858.15234375
251995,51,0.6274509803921569,0.20377573370933533,0.44976863265037537,17.03976058959961,1845.1932373046875
251996,29,0.4482758620689655,0.34313470125198364,0.5606589317321777,9.48161792755127,1410.253662109375
251997,5,0.6,0.18903951346874237,0.46361243724823,1.1539897918701172,1542.8616943359375
251998,15,0.6,0.18893559277057648,0.33366110920906067,6.887133598327637,1678.3167724609375
251999,72,0.5833333333333334,0.17409825325012207,0.4593546986579895,18.187177658081055,521.4231567382812
252000,26,0.5,0.23508904874324799,0.5906146764755249,8.013565063476562,382.4131164550781
252001,43,0.4418604651162791,0.2612285315990448,0.48136186599731445,15.664244651794434,1325.6065673828125
252002,55,0.5636363636363636,0.16331739723682404,0.6030452251434326,12.390517234802246,1256.6016845703125
252003,53,0.5849056603773585,0.11568949371576309,0.421038419008255,12.131329536437988,1146.5234375
252004,74,0.5,0.08673970401287079,0.43290597200393677,8.614386558532715,317.0843811035156
252005,70,0.4,0.28470927476882935,0.531248927116394,23.13927459716797,1928.962890625
252006,56,0.5178571428571429,0.17579081654548645,0.5419124364852905,20.870361328125,2257.190185546875
252007,45,0.5111111111111111,0.11551318317651749,0.5202605128288269,10.540817260742188,1124.1580810546875
252008,37,0.5405405405405406,0.33810552954673767,0.5259146690368652,15.327666282653809,979.07080078125
252009,54,0.5370370370370371,0.21047469973564148,0.5286549925804138,15.840639114379883,1332.00634765625
252010,63,0.5873015873015873,0.19662423431873322,0.5439626574516296,26.67441177368164,1117.599365234375
252011,70,0.5142857142857142,0.1838642954826355,0.4615550637245178,14.689122200012207,1500.9754638671875
252012,46,0.5434782608695652,0.3027356266975403,0.557245135307312,15.913705825805664,1043.257568359375
252013,52,0.6346153846153846,0.36159029603004456,0.630866289138794,23.089580535888672,619.3925170898438
252014,90,0.5333333333333333,0.1782313585281372,0.5053865313529968,19.609575271606445,1725.338134765625
252015,33,0.45454545454545453,0.39626801013946533,0.5514481663703918,10.216238975524902,928.8800659179688
252016,33,0.42424242424242425,0.30844369530677795,0.45707234740257263,8.74043083190918,1573.288818359375
252017,16,0.75,0.5429108738899231,0.5340722799301147,14.172542572021484,934.6535034179688
252018,69,0.463768115942029,0.17341755330562592,0.4200785756111145,16.655710220336914,903.580810546875
252019,27,0.5185185185185185,0.3971920311450958,0.45826035737991333,11.864823341369629,1768.19921875
252020,80,0.5,0.2121024876832962,0.5146743059158325,22.419790267944336,1927.80224609375
252021,32,0.5625,0.14860773086547852,0.4366408884525299,7.473683834075928,1113.059814453125
252022,48,0.625,0.12404898554086685,0.5550336837768555,14.485275268554688,1581.520751953125
252023,42,0.5,0.2493082731962204,0.5165711045265198,14.701157569885254,1063.2344970703125
252024,57,0.5964912280701754,0.15724948048591614,0.498439759016037,15.786837577819824,864.9973754882812
252025,39,0.6923076923076923,0.18857669830322266,0.5066390037536621,12.745185852050781,910.0250854492188
252026,32,0.5,0.3917617201805115,0.3936217427253723,11.687320709228516,1347.7183837890625
252027,59,0.559322033898305,0.08645622432231903,0.5712131857872009,8.203445434570312,1625.30712890625
252028,78,0.41025641025641024,0.17264369130134583,0.44899940490722656,14.093400955200195,871.8082885742188
252029,20,0.7,0.1753833144903183,0.5931364893913269,4.476232051849365,1545.9857177734375
252030,33,0.42424242424242425,0.08920042216777802,0.5283156633377075,3.998640537261963,1544.850341796875
252031,34,0.5,0.33014464378356934,0.47158190608024597,10.493056297302246,1115.0537109375
252032,50,0.54,0.17383792996406555,0.4885960817337036,10.085857391357422,1696.5103759765625
252033,35,0.5428571428571428,0.34939756989479065,0.3019898533821106,19.65412712097168,814.4363403320312
252034,49,0.6122448979591837,0.22183731198310852,0.47487759590148926,19.99148178100586,2093.65966796875
252035,59,0.5084745762711864,0.2374604195356369,0.5078057050704956,16.436283111572266,957.043212890625
252036,34,0.5294117647058824,0.17951394617557526,0.3922191262245178,7.367717742919922,1025.1435546875
252037,55,0.6181818181818182,0.03390810266137123,0.5475165247917175,7.414693355560303,1799.061279296875
252038,50,0.42,0.28122273087501526,0.49840793013572693,15.524906158447266,929.5863647460938
252039,20,0.7,0.34969139099121094,0.5763088464736938,9.401532173156738,1304.6531982421875
252040,22,0.5,-0.08077096939086914,0.6749152541160583,0.5843226909637451,1516.1768798828125
252041,51,0.5294117647058824,0.21518553793430328,0.5333340764045715,8.279159545898438,1299.9832763671875
252042,9,0.2222222222222222,0.900932788848877,0.4241938292980194,4.132142066955566,1675.4671630859375
252043,100,0.48,0.047487515956163406,0.5187745690345764,7.593969345092773,981.9888305664062
252044,62,0.46774193548387094,0.15740856528282166,0.5203826427459717,13.018062591552734,1504.6737060546875
252045,26,0.5769230769230769,0.24612347781658173,0.4659472405910492,16.48305320739746,1377.2135009765625
252046,75,0.5333333333333333,0.18923822045326233,0.5244975686073303,24.090158462524414,1194.399658203125
252047,78,0.47435897435897434,0.16083142161369324,0.4759986698627472,19.8990421295166,1478.1072998046875
252048,68,0.47058823529411764,0.2325211763381958,0.4345998764038086,14.065316200256348,919.7020874023438
252049,19,0.5789473684210527,0.13485482335090637,0.45786505937576294,6.605068683624268,542.6765747070312
252050,30,0.4,0.18533384799957275,0.5447943210601807,6.97056245803833,750.4510498046875
252051,92,0.5108695652173914,0.10131243616342545,0.4602566957473755,11.89645767211914,606.8688354492188
252052,54,0.4444444444444444,0.19447992742061615,0.5099945068359375,18.351585388183594,2077.955810546875
252053,55,0.5636363636363636,0.22745008766651154,0.5011647343635559,14.393604278564453,1211.4541015625
252054,100,0.54,0.116659976541996,0.4950484037399292,18.292192459106445,1603.068115234375
252055,64,0.515625,0.1911678910255432,0.5015560388565063,22.100555419921875,849.8323364257812
252056,47,0.48936170212765956,0.22027289867401123,0.48879942297935486,10.76794147491455,822.0523071289062
252057,57,0.42105263157894735,0.18220610916614532,0.5390123128890991,16.31631851196289,1454.969482421875
252058,46,0.5869565217391305,0.22229529917240143,0.4482210576534271,12.824755668640137,1050.6640625
252059,58,0.5689655172413793,0.23045741021633148,0.5085578560829163,15.206987380981445,1626.7012939453125
252060,29,0.5862068965517241,0.23619452118873596,0.5117191672325134,11.930960655212402,1098.7669677734375
252061,56,0.5,0.10614245384931564,0.5456148386001587,8.658037185668945,1195.267333984375
252062,2,1.0,0.056956082582473755,,1.1437714099884033,1088.559814453125
252063,28,0.5357142857142857,0.2538366913795471,0.4358471632003784,8.451667785644531,573.9485473632812
252064,76,0.5131578947368421,0.1893521249294281,0.48152825236320496,16.09497833251953,1677.9857177734375
252065,35,0.5428571428571428,0.32636958360671997,0.5672568678855896,12.918700218200684,1135.412841796875
252066,63,0.5079365079365079,0.2123885452747345,0.562031626701355,20.735658645629883,855.1622924804688
252067,57,0.5614035087719298,0.07119163870811462,0.5594777464866638,12.370436668395996,1278.6370849609375
252068,31,0.45161290322580644,0.45962032675743103,0.5312076807022095,13.418909072875977,977.1226806640625
252069,42,0.4523809523809524,0.33621492981910706,0.5611228346824646,12.90009593963623,505.9242858886719
252070,43,0.46511627906976744,0.4156371057033539,0.5726447701454163,13.912444114685059,2128.728515625
252071,68,0.5588235294117647,-0.01121244952082634,0.5481820702552795,8.102256774902344,1264.0665283203125
252072,79,0.569620253164557,0.1500256359577179,0.411629855632782,12.37098217010498,2295.720947265625
252073,38,0.42105263157894735,0.29356876015663147,0.45614492893218994,12.699544906616211,287.1155090332031
252074,82,0.4146341463414634,0.3756466209888458,0.48351427912712097,26.656898498535156,304.4039306640625
252075,100,0.44,0.08126828819513321,0.4927000403404236,10.423752784729004,1629.596923828125
252076,74,0.5945945945945946,0.0888085663318634,0.5483974814414978,19.776031494140625,1928.3551025390625
252077,93,0.43010752688172044,0.25619253516197205,0.43323540687561035,24.21481704711914,1509.5291748046875
252078,66,0.3333333333333333,0.16292932629585266,0.5250519514083862,8.875011444091797,1041.9503173828125
252079,43,0.5813953488372093,0.09872334450483322,0.5698864459991455,12.200117111206055,838.4601440429688
252080,26,0.38461538461538464,0.45810967683792114,0.42960652709007263,9.02823543548584,1298.7177734375
252081,25,0.56,0.438969224691391,0.5886303186416626,12.489116668701172,1840.596435546875
252082,62,0.43548387096774194,0.13786527514457703,0.4975043833255768,12.660786628723145,1889.43359375
252083,100,0.54,0.17276372015476227,0.4536893963813782,22.340593338012695,694.1876831054688
252084,42,0.5476190476190477,0.24964357912540436,0.5577415823936462,16.64174461364746,1513.9881591796875
252085,61,0.4426229508196721,0.24668267369270325,0.46879124641418457,15.626717567443848,1357.8876953125
252086,29,0.6551724137931034,0.2712550759315491,0.3560391962528229,12.122092247009277,1405.9256591796875
252087,50,0.44,0.30835697054862976,0.5262174010276794,15.21340560913086,1203.72705078125
252088,54,0.5370370370370371,0.26030075550079346,0.5108516812324524,16.880924224853516,976.05712890625
252089,62,0.532258064516129,0.2807602882385254,0.44386833906173706,26.722078323364258,1006.6054077148438
252090,36,0.4722222222222222,0.24475453794002533,0.5787684917449951,14.419755935668945,990.9889526367188
252091,20,0.5,0.35036352276802063,0.5060052871704102,9.599248886108398,670.990234375
252092,84,0.44047619047619047,0.19520235061645508,0.4412766695022583,22.371259689331055,1221.71044921875
252093,8,0.625,0.28678005933761597,0.5924212336540222,2.2485768795013428,1395.9150390625
252094,53,0.4716981132075472,0.13161128759384155,0.461107462644577,10.677135467529297,1713.9447021484375
252095,67,0.47761194029850745,0.15566551685333252,0.511543869972229,18.610916137695312,1094.7203369140625
252096,74,0.44594594594594594,0.21543733775615692,0.4731304943561554,15.214812278747559,624.6358032226562
252097,40,0.575,0.38606399297714233,0.5143564343452454,20.24020004272461,859.4088745117188
252098,29,0.5172413793103449,0.47697150707244873,0.46967819333076477,16.665361404418945,1655.7254638671875
252099,49,0.4489795918367347,0.11746615916490555,0.5660068988800049,10.157734870910645,857.90869140625
252100,52,0.4807692307692308,0.2128152847290039,0.5633270740509033,14.403636932373047,534.4362182617188
252101,48,0.4166666666666667,0.288909375667572,0.4692060649394989,16.0932559967041,798.537841796875
252102,80,0.4875,0.162957563996315,0.5274702310562134,11.36547565460205,1620.0277099609375
252103,61,0.5737704918032787,0.2148817926645279,0.519324779510498,17.048072814941406,1458.9976806640625
252104,90,0.5444444444444444,0.10344081372022629,0.4724781811237335,10.72923755645752,277.9573669433594
252105,63,0.4603174603174603,0.25675275921821594,0.4971954822540283,15.375194549560547,712.3270874023438
252106,62,0.4032258064516129,0.386079341173172,0.5201882719993591,23.689632415771484,1907.6190185546875
252107,42,0.6428571428571429,0.27750444412231445,0.5191227793693542,16.67887306213379,248.14930725097656
252108,50,0.58,0.3104581832885742,0.5542199015617371,17.312091827392578,1294.887451171875
252109,32,0.59375,0.14420659840106964,0.3105754852294922,8.092852592468262,1068.2781982421875
252110,92,0.5543478260869565,0.17487628757953644,0.5164348483085632,25.528736114501953,1365.9725341796875
252111,71,0.4084507042253521,0.2026408612728119,0.4600889980792999,8.1284818649292,1167.3223876953125
252112,42,0.5714285714285714,0.030165603384375572,0.5790817737579346,4.95151424407959,642.4970092773438
252113,93,0.5161290322580645,0.04266143962740898,0.4639735817909241,11.231345176696777,1354.947509765625
252114,69,0.463768115942029,0.26113444566726685,0.45084479451179504,17.25189971923828,546.7205810546875
252115,11,0.45454545454545453,0.00425339350476861,0.4339078962802887,1.6902393102645874,1365.8204345703125
252116,10,0.4,0.5226305723190308,0.509032666683197,4.764265537261963,656.801025390625
252117,59,0.5932203389830508,0.12742002308368683,0.49463018774986267,10.163469314575195,933.8154296875
252118,44,0.38636363636363635,0.4158647358417511,0.5084604620933533,17.628767013549805,1950.9200439453125
252119,22,0.5454545454545454,0.06742657721042633,0.471975177526474,1.9807072877883911,2261.330078125
252120,54,0.42592592592592593,0.11219951510429382,0.47148168087005615,9.300416946411133,1387.9664306640625
252121,14,0.5714285714285714,0.268332839012146,0.46411505341529846,3.754376173019409,1089.5615234375
252122,10,0.6,0.3486407697200775,0.4162270426750183,5.130888938903809,547.6441040039062
252123,39,0.46153846153846156,0.24533595144748688,0.39917874336242676,13.473402976989746,1768.0372314453125
252124,34,0.5588235294117647,0.27473703026771545,0.4921802878379822,10.790940284729004,497.8747863769531
252125,36,0.4722222222222222,0.35557907819747925,0.4402768909931183,8.524479866027832,1115.362060546875
252126,18,0.5,0.3289991021156311,0.5770882964134216,6.660084247589111,1049.9390869140625
252127,43,0.4883720930232558,0.09141343086957932,0.5787432193756104,4.23788595199585,464.186279296875
252128,50,0.44,0.08502858132123947,0.4975086748600006,6.416321277618408,1532.5401611328125
252129,39,0.5897435897435898,0.1764666885137558,0.4100613594055176,11.653971672058105,1507.1964111328125
252130,39,0.5384615384615384,0.22937080264091492,0.34350118041038513,11.044393539428711,453.21856689453125
252131,52,0.5384615384615384,0.27217817306518555,0.586065411567688,16.5449161529541,680.2088623046875
252132,58,0.46551724137931033,0.22048228979110718,0.5220081210136414,17.21436882019043,360.4051208496094
252133,77,0.5974025974025974,0.19158419966697693,0.5526301264762878,24.413663864135742,673.2509155273438
252134,88,0.4318181818181818,0.1031397134065628,0.5402191877365112,6.0533766746521,701.15087890625
252135,10,0.6,0.44622179865837097,0.5960506796836853,6.138576030731201,1835.3486328125
252136,54,0.4444444444444444,0.2960762679576874,0.4648558497428894,15.994997024536133,1039.88720703125
252137,65,0.5076923076923077,0.18501518666744232,0.49933749437332153,9.878933906555176,396.75982666015625
252138,36,0.5555555555555556,0.10939375311136246,0.4673723578453064,5.967691421508789,581.4810180664062
252139,25,0.44,0.30070164799690247,0.48590707778930664,7.111799240112305,1004.2651977539062
252140,29,0.3103448275862069,0.3317199945449829,0.47927433252334595,6.493960857391357,1612.3558349609375
252141,27,0.6666666666666666,0.24963603913784027,0.40692275762557983,12.477537155151367,824.4049682617188
252142,65,0.47692307692307695,0.2076125144958496,0.44719448685646057,11.35914134979248,791.1754150390625
252143,55,0.5636363636363636,0.2070571929216385,0.5191329121589661,15.582679748535156,1415.908447265625
252144,56,0.4107142857142857,0.3093957006931305,0.5063376426696777,14.868727684020996,1263.2823486328125
252145,46,0.5217391304347826,0.2555246651172638,0.530886709690094,12.69689655303955,702.8637084960938
252146,29,0.4827586206896552,0.2403300553560257,0.5225721001625061,12.089343070983887,2078.888671875
252147,45,0.5333333333333333,0.22661417722702026,0.44643089175224304,15.15038013458252,1274.7213134765625
252148,51,0.5686274509803921,0.1700432002544403,0.4477357864379883,9.275216102600098,526.7913818359375
252149,47,0.5319148936170213,0.1247219443321228,0.5340048670768738,6.54696798324585,1135.857421875
252150,29,0.5517241379310345,0.22068649530410767,0.4586441218852997,9.071542739868164,1278.83837890625
252151,31,0.4838709677419355,0.1918739378452301,0.7119327783584595,8.138712882995605,1141.598388671875
252152,72,0.4305555555555556,0.26618728041648865,0.4664919674396515,17.76023292541504,837.6270141601562
252153,39,0.6410256410256411,0.11246044188737869,0.5440601110458374,10.181633949279785,1368.5650634765625
252154,80,0.5,0.1285189688205719,0.5828278064727783,13.500726699829102,715.736083984375
252155,34,0.47058823529411764,0.4614039957523346,0.43911224603652954,14.20281982421875,1567.6910400390625
252156,7,0.42857142857142855,0.3223414719104767,0.4415118098258972,3.321720600128174,1430.9820556640625
252157,45,0.4666666666666667,0.1180834099650383,0.4401951730251312,7.790600776672363,1725.118408203125
252158,100,0.52,0.17555126547813416,0.4803321063518524,18.782140731811523,1787.663818359375
252159,56,0.48214285714285715,0.23992173373699188,0.5056965351104736,14.864712715148926,1095.66455078125
252160,43,0.5348837209302325,0.2279515415430069,0.5054730176925659,11.431015014648438,130.66744995117188
252161,72,0.4861111111111111,0.14175517857074738,0.4707820415496826,19.332759857177734,1754.92626953125
252162,75,0.5733333333333334,0.03960756957530975,0.5488499999046326,7.061549663543701,1646.4862060546875
252163,70,0.5285714285714286,0.19093337655067444,0.4002947509288788,22.18869972229004,1989.7564697265625
252164,42,0.5952380952380952,0.17198891937732697,0.5577877759933472,11.60739517211914,1165.1485595703125
252165,56,0.5357142857142857,0.12052282691001892,0.44490164518356323,8.191095352172852,742.2857666015625
252166,50,0.58,0.14526383578777313,0.4824413061141968,14.885859489440918,1920.887451171875
252167,47,0.5106382978723404,0.24489374458789825,0.571090817451477,11.249307632446289,415.67791748046875
252168,13,0.5384615384615384,-0.23273977637290955,0.5006676316261292,0.8648439645767212,1533.482666015625
252169,34,0.5882352941176471,0.3385504186153412,0.4842532277107239,17.52080535888672,1298.050537109375
252170,100,0.51,0.03172354772686958,0.539603590965271,9.403973579406738,1854.8984375
252171,43,0.5348837209302325,0.09648197889328003,0.5135533809661865,4.901521682739258,893.6791381835938
252172,38,0.5789473684210527,0.1214698851108551,0.4836427569389343,8.001080513000488,1206.90380859375
252173,39,0.48717948717948717,0.25883692502975464,0.5077310800552368,9.25859546661377,907.6889038085938
252174,59,0.6610169491525424,0.15779654681682587,0.6284278631210327,13.784789085388184,360.1827087402344
252175,64,0.4375,0.1608899086713791,0.4277242124080658,9.796039581298828,1019.6708374023438
252176,91,0.4945054945054945,0.07015286386013031,0.4356493353843689,6.164846420288086,1297.506103515625
252177,78,0.5512820512820513,0.1795664280653,0.5154106616973877,21.464082717895508,1466.799072265625
252178,76,0.4342105263157895,0.10217466950416565,0.5510444641113281,7.285323143005371,1699.2105712890625
252179,72,0.5138888888888888,0.0065041109919548035,0.5424457788467407,3.161860704421997,1727.076904296875
252180,39,0.6153846153846154,0.2537273168563843,0.5642014145851135,10.989020347595215,1456.197265625
252181,100,0.57,0.15444976091384888,0.47268450260162354,22.556917190551758,373.42449951171875
252182,100,0.4,0.12628138065338135,0.5630030035972595,12.815535545349121,358.19873046875
252183,70,0.5142857142857142,0.06141461431980133,0.41713058948516846,12.762654304504395,365.9802551269531
252184,54,0.5740740740740741,0.2882549464702606,0.553839921951294,19.20225715637207,911.0587158203125
252185,47,0.5319148936170213,0.15129777789115906,0.48551875352859497,13.85355281829834,1997.5216064453125
252186,14,0.5,0.3894655704498291,0.41624972224235535,8.059821128845215,374.6272888183594
252187,70,0.5,0.2733984887599945,0.4676405191421509,20.837575912475586,1306.980712890625
252188,97,0.5051546391752577,0.131486713886261,0.5137962698936462,13.442139625549316,495.3791198730469
252189,76,0.618421052631579,0.13398407399654388,0.47234803438186646,23.495933532714844,1419.3284912109375
252190,100,0.48,0.1674404740333557,0.5327962040901184,14.493505477905273,819.5596313476562
252191,59,0.559322033898305,0.18713738024234772,0.4757075607776642,15.374958992004395,294.3418273925781
252192,40,0.6,0.04952679201960564,0.5838651657104492,8.641576766967773,860.102294921875
252193,36,0.6944444444444444,0.16599634289741516,0.5685135722160339,6.902514934539795,581.8956298828125
252194,45,0.5777777777777777,0.2089906483888626,0.4777437448501587,12.46534538269043,1394.7176513671875
252195,39,0.5128205128205128,0.3661497235298157,0.5515210628509521,14.574177742004395,256.0920715332031
252196,100,0.41,0.05394138768315315,0.4975385069847107,13.459066390991211,509.6984558105469
252197,78,0.5512820512820513,0.06707733869552612,0.4510705769062042,14.01718521118164,993.2219848632812
252198,73,0.5205479452054794,0.13102594017982483,0.5286465287208557,19.64456558227539,1523.9344482421875
252199,52,0.5384615384615384,0.1581922322511673,0.5953904986381531,9.477570533752441,892.9489135742188
252200,31,0.41935483870967744,0.20560391247272491,0.49869024753570557,8.404580116271973,661.9107666015625
252201,31,0.5483870967741935,0.1477563977241516,0.4831103980541229,6.591761112213135,777.8270874023438
252202,83,0.43373493975903615,0.15047743916511536,0.536861002445221,17.877277374267578,2188.44091796875
252203,63,0.49206349206349204,0.227325901389122,0.46608638763427734,14.376752853393555,1857.2572021484375
252204,45,0.6222222222222222,0.1548973172903061,0.3988126218318939,9.34329605102539,370.7123718261719
252205,89,0.4943820224719101,0.08153141289949417,0.4991897940635681,18.071529388427734,1670.4970703125
252206,50,0.54,0.27963387966156006,0.41671067476272583,15.03668212890625,1051.7999267578125
252207,29,0.5517241379310345,0.15035507082939148,0.6606478095054626,8.782690048217773,1286.3436279296875
252208,27,0.5925925925925926,0.497516930103302,0.5358877182006836,18.99810028076172,909.244140625
252209,74,0.5135135135135135,0.15270820260047913,0.5567079782485962,16.2182674407959,1199.886474609375
252210,55,0.6181818181818182,0.15870754420757294,0.5517324805259705,19.395383834838867,898.8031005859375
252211,97,0.4639175257731959,0.021242937073111534,0.5095709562301636,3.907362461090088,2028.7225341796875
252212,50,0.48,0.22098256647586823,0.463508278131485,11.608210563659668,1380.8631591796875
252213,48,0.5208333333333334,0.2594444155693054,0.45067206025123596,10.883671760559082,321.58636474609375
252214,100,0.45,0.13480554521083832,0.5297231078147888,15.028911590576172,928.5510864257812
252215,81,0.43209876543209874,0.2450520396232605,0.497606098651886,21.61356544494629,1271.3314208984375
252216,48,0.5,0.31493958830833435,0.5276779532432556,15.727161407470703,978.6351928710938
252217,55,0.6181818181818182,0.26371732354164124,0.4822126030921936,17.310659408569336,356.79937744140625
252218,49,0.5306122448979592,0.22570641338825226,0.44707974791526794,7.136325836181641,1164.4927978515625
252219,75,0.5466666666666666,0.1508072316646576,0.5149007439613342,18.655139923095703,1466.3179931640625
252220,100,0.52,0.10103803128004074,0.5111464262008667,14.036394119262695,1690.8460693359375
252221,36,0.5833333333333334,0.13489551842212677,0.4717440903186798,7.915411949157715,714.0809936523438
252222,22,0.6818181818181818,-0.046736299991607666,0.5983707308769226,3.357908010482788,387.6964416503906
252223,87,0.6436781609195402,0.2015790492296219,0.4558984339237213,16.82808494567871,844.5001220703125
252224,79,0.5569620253164557,0.17975527048110962,0.4418479800224304,21.454036712646484,1480.25048828125
252225,49,0.40816326530612246,0.14903989434242249,0.5098724961280823,9.0947847366333,2008.33154296875
252226,56,0.5,0.09370940923690796,0.42282822728157043,8.253229141235352,865.7006225585938
252227,65,0.4307692307692308,0.29826217889785767,0.4249791204929352,22.056766510009766,1089.1116943359375
252228,38,0.5789473684210527,0.155653715133667,0.5821211338043213,4.711767196655273,1767.5941162109375
252229,64,0.5625,0.15712891519069672,0.5891813039779663,17.55469512939453,1920.2977294921875
252230,44,0.5681818181818182,0.17993226647377014,0.49195775389671326,3.6457526683807373,1472.30224609375
252231,66,0.4696969696969697,0.2467828392982483,0.42841288447380066,21.9657039642334,1836.746337890625
252232,52,0.5576923076923077,0.2815703749656677,0.4920370280742645,18.28233528137207,913.8446655273438
252233,96,0.4375,0.05825437977910042,0.41624704003334045,7.679051876068115,2007.354248046875
252234,50,0.6,0.14522859454154968,0.41695791482925415,9.627612113952637,1720.3597412109375
252235,68,0.4411764705882353,0.13550777733325958,0.5341752767562866,7.852526664733887,1090.1846923828125
252236,77,0.5584415584415584,0.08123272657394409,0.5571125745773315,13.522088050842285,2141.3427734375
252237,80,0.5375,0.10987856239080429,0.4916091561317444,14.62476921081543,416.4490051269531
252238,88,0.5113636363636364,0.10799814760684967,0.5610578060150146,7.67654275894165,922.0784301757812
252239,21,0.5714285714285714,0.13078190386295319,0.5443004965782166,4.187319278717041,915.9315185546875
252240,48,0.4791666666666667,0.2958180606365204,0.4335685074329376,18.971391677856445,376.96795654296875
252241,33,0.42424242424242425,0.23450727760791779,0.5212165713310242,11.65909481048584,1194.6397705078125
252242,61,0.5573770491803278,0.0758867859840393,0.4967535734176636,13.03750228881836,845.7325439453125
252243,36,0.6388888888888888,0.18670475482940674,0.5799432992935181,11.524288177490234,999.4742431640625
252244,85,0.5176470588235295,0.2054552435874939,0.49009329080581665,21.452098846435547,721.4485473632812
252245,91,0.4835164835164835,0.06854963302612305,0.42892444133758545,11.064278602600098,312.7953796386719
252246,81,0.5061728395061729,0.10895559191703796,0.5218743085861206,19.1729679107666,1336.4481201171875
252247,17,0.29411764705882354,0.6967129707336426,0.3674652874469757,4.536665916442871,1171.360595703125
252248,32,0.5625,0.22418737411499023,0.49253517389297485,6.915079593658447,1908.959228515625
252249,39,0.5384615384615384,0.26521655917167664,0.5038684606552124,13.785715103149414,1025.8798828125
252250,61,0.5901639344262295,0.16209600865840912,0.45099759101867676,14.109718322753906,1405.3277587890625
252251,36,0.5833333333333334,0.1718372106552124,0.4213137626647949,10.626269340515137,578.5379638671875
252252,48,0.5625,0.19332696497440338,0.5395575165748596,11.54141616821289,820.1738891601562
252253,10,0.6,0.6445517539978027,0.7195171117782593,7.244650363922119,528.8690185546875
252254,45,0.4666666666666667,0.16244851052761078,0.4749101400375366,15.110095024108887,1467.701904296875
252255,32,0.625,0.20392677187919617,0.4174320697784424,8.847970008850098,1578.982177734375
252256,20,0.45,0.36828258633613586,0.4031536877155304,7.737418174743652,794.3079223632812
252257,16,0.625,0.13654525578022003,0.5730375051498413,4.128063201904297,1883.9951171875
252258,49,0.5306122448979592,0.23705950379371643,0.5058611035346985,18.9044132232666,530.1100463867188
252259,39,0.48717948717948717,0.28027260303497314,0.5245591998100281,9.882139205932617,1150.01953125
252260,46,0.43478260869565216,0.3037288784980774,0.5184324979782104,15.38833999633789,923.058837890625
252261,16,0.625,0.26354309916496277,0.4972037374973297,4.871518611907959,502.10791015625
252262,100,0.53,0.14161989092826843,0.46080657839775085,14.644902229309082,452.3505859375
252263,87,0.5632183908045977,0.1433112770318985,0.44167062640190125,11.457950592041016,1216.3916015625
252264,26,0.7692307692307693,0.3892401456832886,0.35233721137046814,20.561260223388672,626.3523559570312
252265,27,0.4444444444444444,0.21098077297210693,0.2528638243675232,6.036077499389648,1385.6456298828125
252266,32,0.5625,0.3183515667915344,0.585284411907196,13.320106506347656,1388.558837890625
252267,44,0.5227272727272727,0.24020816385746002,0.5126234292984009,12.419408798217773,1050.2706298828125
252268,53,0.49056603773584906,0.07229512184858322,0.5266144275665283,5.518197536468506,1464.759033203125
252269,54,0.4444444444444444,0.20224802196025848,0.48317867517471313,15.756940841674805,1290.6551513671875
252270,21,0.42857142857142855,0.09253847599029541,0.5352118015289307,3.899329423904419,790.4105224609375
252271,62,0.5806451612903226,0.1674138754606247,0.45075303316116333,16.510643005371094,1062.748046875
252272,42,0.42857142857142855,0.5106744170188904,0.4035336971282959,19.591842651367188,652.792724609375
252273,74,0.6216216216216216,0.15035110712051392,0.4758852422237396,10.588666915893555,1070.3558349609375
252274,58,0.5172413793103449,0.2642963230609894,0.40340855717658997,13.976419448852539,1073.023193359375
252275,35,0.6571428571428571,0.3351706564426422,0.3522301912307739,24.057361602783203,1777.5411376953125
252276,75,0.5066666666666667,0.10549099743366241,0.5258796215057373,15.369797706604004,1854.635009765625
252277,33,0.6060606060606061,0.2548832595348358,0.5698482990264893,10.862525939941406,342.9668273925781
252278,22,0.5909090909090909,0.20784610509872437,0.4006539583206177,9.049875259399414,1228.7061767578125
252279,100,0.55,0.020431973040103912,0.4416956901550293,8.0863618850708,1612.55859375
252280,63,0.49206349206349204,0.1749938726425171,0.47453072667121887,14.891637802124023,375.3353271484375
252281,100,0.47,0.10731171816587448,0.49746081233024597,14.508444786071777,263.5768127441406
252282,36,0.5555555555555556,0.3004927933216095,0.5753470063209534,11.26192569732666,1480.196044921875
252283,42,0.5476190476190477,0.3024788200855255,0.5244461894035339,17.892908096313477,659.6919555664062
252284,39,0.46153846153846156,0.21041220426559448,0.5625308752059937,8.741950988769531,1694.2119140625
252285,100,0.48,0.18549449741840363,0.44597572088241577,22.634408950805664,650.6484985351562
252286,62,0.45161290322580644,0.3639286458492279,0.5034658908843994,19.91356086730957,769.7877197265625
252287,85,0.5764705882352941,0.0835457444190979,0.4437410831451416,12.61575984954834,1359.8587646484375
252288,48,0.5208333333333334,0.19304275512695312,0.45015373826026917,13.513431549072266,1501.5853271484375
252289,51,0.45098039215686275,0.2907676100730896,0.44550207257270813,15.055132865905762,1210.45751953125
252290,82,0.5365853658536586,0.07276857644319534,0.5294990539550781,13.049745559692383,1831.2633056640625
252291,74,0.5,0.11326449364423752,0.5127243995666504,9.75967788696289,1879.0653076171875
252292,67,0.5522388059701493,0.2725353240966797,0.4900040924549103,21.485088348388672,506.0307312011719
252293,55,0.36363636363636365,0.24580112099647522,0.5659527778625488,12.654875755310059,806.4978637695312
252294,25,0.6,0.2598312795162201,0.5408769845962524,8.282575607299805,841.1844482421875
252295,58,0.4482758620689655,0.1139460951089859,0.5007379055023193,6.809762001037598,743.1915893554688
252296,45,0.4666666666666667,0.31565651297569275,0.5275669693946838,14.627142906188965,474.0360412597656
252297,31,0.6129032258064516,0.14228059351444244,0.5916346311569214,7.705193519592285,668.5432739257812
252298,12,0.5833333333333334,0.41726428270339966,0.5094358921051025,5.147076606750488,787.7567749023438
252299,45,0.4444444444444444,0.25772517919540405,0.4710383117198944,9.308053970336914,695.61962890625
252300,58,0.5,0.159736767411232,0.41883987188339233,10.212900161743164,1636.0748291015625
252301,25,0.6,0.1845054179430008,0.43463975191116333,7.980775833129883,1770.439208984375
252302,69,0.4927536231884058,0.24033035337924957,0.4493326246738434,9.52545166015625,727.44970703125
252303,53,0.4716981132075472,0.027097132056951523,0.5940162539482117,6.983894348144531,1543.7490234375
252304,47,0.5106382978723404,0.2218177318572998,0.43400999903678894,10.315752029418945,500.2147521972656
252305,78,0.5128205128205128,0.1401773989200592,0.48307645320892334,8.093666076660156,2082.88330078125
252306,100,0.5,0.061201468110084534,0.5338519215583801,10.079793930053711,418.9828796386719
252307,68,0.47058823529411764,0.15254008769989014,0.6032613515853882,8.224311828613281,1459.683837890625
252308,47,0.5319148936170213,0.283509224653244,0.49486979842185974,13.976845741271973,1408.0478515625
252309,81,0.5185185185185185,0.11533645540475845,0.6379657983779907,12.81114673614502,1279.829833984375
252310,16,0.5,0.22013993561267853,0.5316762924194336,3.0576601028442383,842.57470703125
252311,100,0.49,0.027906721457839012,0.5305169820785522,9.805581092834473,804.2349243164062
252312,66,0.5757575757575758,0.0662488341331482,0.5795459151268005,9.238517761230469,1838.69677734375
252313,52,0.4807692307692308,0.1413000226020813,0.5016402006149292,10.421442031860352,1172.1136474609375
252314,50,0.48,0.30854758620262146,0.5414405465126038,12.940546035766602,1373.369873046875
252315,52,0.5,0.31633293628692627,0.5283323526382446,17.32107925415039,1764.968505859375
252316,20,0.75,0.15951962769031525,0.6154206991195679,5.9301557540893555,651.100830078125
252317,69,0.43478260869565216,0.10049401223659515,0.4544413089752197,6.30880880355835,539.628173828125
252318,52,0.4807692307692308,0.07870827615261078,0.3804526925086975,8.117070198059082,1210.5516357421875
252319,38,0.5526315789473685,0.3358904719352722,0.5183206796646118,19.242889404296875,472.2652282714844
252320,16,0.6875,0.3409808576107025,0.5778002738952637,9.9337797164917,667.0772705078125
252321,56,0.6071428571428571,0.2539430558681488,0.3880472183227539,17.443662643432617,184.1378936767578
252322,38,0.5263157894736842,0.37270867824554443,0.5090745091438293,13.17540454864502,2055.238037109375
252323,48,0.5625,0.15119972825050354,0.40786880254745483,13.074615478515625,1211.13525390625
252324,96,0.4479166666666667,0.032434314489364624,0.5104891657829285,4.791511058807373,621.2718505859375
252325,91,0.4835164835164835,0.04840429127216339,0.5303431153297424,8.69905948638916,1951.72607421875
252326,39,0.46153846153846156,0.16988104581832886,0.47775885462760925,7.810207843780518,1441.9052734375
252327,69,0.5942028985507246,0.10802111774682999,0.4205920100212097,12.936537742614746,851.8162841796875
252328,34,0.4411764705882353,0.22263111174106598,0.5021993517875671,11.566368103027344,731.2205200195312
252329,88,0.5227272727272727,0.20405767858028412,0.5162580609321594,22.076385498046875,1713.707763671875
252330,31,0.5483870967741935,0.27770107984542847,0.597994327545166,12.203548431396484,1804.1390380859375
252331,25,0.56,0.1320352405309677,0.4790359437465668,4.643103122711182,931.1016845703125
252332,77,0.6363636363636364,0.07281368225812912,0.5297644734382629,6.495273113250732,1047.4483642578125
252333,34,0.5294117647058824,0.31177279353141785,0.40558454394340515,11.805562019348145,526.2760009765625
252334,100,0.5,0.09420324116945267,0.49389785528182983,11.183122634887695,1837.35595703125
252335,100,0.55,0.1714773327112198,0.4268542528152466,17.049829483032227,339.6580505371094
252336,51,0.4117647058823529,0.1286161243915558,0.3908912241458893,5.368985176086426,1852.8106689453125
252337,25,0.44,0.447672575712204,0.48201483488082886,7.654965400695801,1302.1104736328125
252338,5,0.6,0.49600815773010254,0.43198567628860474,3.240370273590088,784.747314453125
252339,35,0.6857142857142857,0.14430099725723267,0.6056259870529175,12.155492782592773,761.339111328125
252340,43,0.5581395348837209,0.2939647138118744,0.37456178665161133,16.35502815246582,148.5556640625
252341,78,0.5128205128205128,0.17899341881275177,0.49082058668136597,19.366241455078125,1846.346923828125
252342,73,0.410958904109589,0.2973424196243286,0.4664495587348938,15.13477897644043,1992.885498046875
252343,80,0.425,0.1987595558166504,0.5322796106338501,14.677591323852539,692.253662109375
252344,49,0.5102040816326531,0.2247314602136612,0.4722740948200226,10.674001693725586,1375.6849365234375
252345,59,0.3559322033898305,0.05491397902369499,0.4736785888671875,4.265428066253662,563.18310546875
252346,100,0.49,0.015164624899625778,0.44527468085289,5.423107147216797,1451.62158203125
252347,63,0.4444444444444444,0.130895733833313,0.4376969337463379,8.481460571289062,1971.9822998046875
252348,70,0.5285714285714286,0.1839931458234787,0.49934080243110657,14.452483177185059,1386.1708984375
252349,8,0.75,0.4228607714176178,0.40945494174957275,4.638141632080078,1070.5897216796875
252350,18,0.5555555555555556,0.2894696295261383,0.3485867381095886,7.307528972625732,1681.1939697265625
252351,35,0.5714285714285714,0.17662957310676575,0.4857834577560425,10.114448547363281,579.017333984375
252352,77,0.5194805194805194,0.20934990048408508,0.4106791317462921,23.758901596069336,359.6853942871094
252353,100,0.41,0.04939703270792961,0.49582627415657043,10.152432441711426,1648.1334228515625
252354,34,0.5588235294117647,0.29516592621803284,0.5168110728263855,11.581295013427734,526.5674438476562
252355,63,0.5238095238095238,0.13276848196983337,0.41226619482040405,13.4429931640625,1197.8292236328125
