scene,steps,move_share,mean_move_param,mean_abs_turn_param,mean_speed_mps,final_distance_to_active_goal_m
260000,100,0.43,-0.1123674213886261,0.4405899941921234,3.892359972000122,1124.6829833984375
260001,40,0.45,0.1106272041797638,0.4852173924446106,4.70877742767334,1033.5445556640625
260002,81,0.4691358024691358,-0.052473243325948715,0.5318231582641602,2.698277711868286,527.6598510742188
260003,100,0.52,-0.06215699389576912,0.47467103600502014,2.0259368419647217,1594.351318359375
260004,99,0.5959595959595959,0.056127823889255524,0.5193604230880737,12.895431518554688,1492.0631103515625
260005,43,0.5581395348837209,0.34011730551719666,0.5352621078491211,17.647605895996094,1522.07373046875
260006,100,0.43,0.010530035011470318,0.46206921339035034,5.238124847412109,210.37353515625
260007,100,0.5,-0.049981214106082916,0.5052599906921387,4.221822738647461,891.0260009765625
260008,100,0.49,0.061913326382637024,0.4875771105289459,15.1154146194458,240.85189819335938
260009,37,0.35135135135135137,0.09608041495084763,0.37701496481895447,1.928641676902771,1011.0193481445312
260010,100,0.57,0.02842475287616253,0.5336471796035767,7.206615447998047,1381.6524658203125
260011,100,0.53,-0.0405689962208271,0.5671643018722534,4.780786037445068,214.53456115722656
260012,100,0.53,0.4725634753704071,0.5990539193153381,36.27231979370117,1548.6170654296875
260013,100,0.43,-0.018520807847380638,0.6637135744094849,10.41130256652832,1214.8800048828125
260014,61,0.39344262295081966,0.004344721790403128,0.5881471633911133,3.127694845199585,1186.787109375
260015,49,0.42857142857142855,0.08655890822410583,0.5646584630012512,6.8736138343811035,972.3922119140625
260016,100,0.52,-0.014903662726283073,0.5400320887565613,8.049215316772461,316.54095458984375
260017,100,0.54,0.13278774917125702,0.5120795369148254,18.84589195251465,688.6787719726562
260018,100,0.55,0.02397364005446434,0.6542596817016602,8.993792533874512,1271.3157958984375
260019,81,0.5185185185185185,-0.13754205405712128,0.5192763209342957,3.118509531021118,702.6671142578125
260020,100,0.58,-0.051047101616859436,0.6472209692001343,3.0636119842529297,384.0094909667969
260021,100,0.42,0.08096934854984283,0.5393747091293335,11.182849884033203,272.39984130859375
260022,35,0.45714285714285713,0.4193909168243408,0.4536910951137543,13.620809555053711,1383.7509765625
260023,87,0.4942528735632184,0.01978234015405178,0.5420958995819092,12.611346244812012,637.304443359375
260024,100,0.53,0.08417875319719315,0.5218592882156372,10.268585205078125,707.268798828125
260025,13,0.6153846153846154,-0.02543955296278,0.46716636419296265,1.8002129793167114,909.20166015625
260026,100,0.5,0.00854540802538395,0.52691251039505,4.197066783905029,671.8838500976562
260027,83,0.4939759036144578,0.058733224868774414,0.5884118676185608,12.396090507507324,2036.499755859375
260028,100,0.52,0.06617423892021179,0.563649594783783,9.418455123901367,1282.308837890625
260029,77,0.5974025974025974,-0.04517340660095215,0.5403532981872559,4.772772312164307,1856.4560546875
260030,19,0.631578947368421,0.10394179075956345,0.5653249025344849,2.521188735961914,1072.92431640625
260031,100,0.48,-0.12546929717063904,0.5972257852554321,4.520590782165527,1168.3798828125
260032,100,0.55,-0.12034045159816742,0.6190334558486938,3.734339952468872,1513.1251220703125
260033,100,0.48,-0.010843157768249512,0.5833247303962708,7.72683572769165,1229.1346435546875
260034,100,0.5,0.029984762892127037,0.6264951825141907,12.162388801574707,1622.5367431640625
260035,63,0.36507936507936506,0.10810872912406921,0.5987234711647034,5.441990375518799,1375.444091796875
260036,100,0.52,0.058524735271930695,0.46438145637512207,12.514751434326172,856.7887573242188
260037,100,0.52,-0.14591404795646667,0.4542611837387085,3.3313910961151123,938.6576538085938
260038,100,0.41,-0.15818990767002106,0.5189410448074341,4.766716957092285,608.2473754882812
260039,62,0.532258064516129,0.08140718936920166,0.44560837745666504,9.579782485961914,1571.8277587890625
260040,100,0.55,-0.02356642298400402,0.4769284427165985,3.745610237121582,385.4548645019531
260041,100,0.6,-0.07028551399707794,0.5543645620346069,6.666743755340576,779.7162475585938
260042,48,0.5625,-0.010732346214354038,0.588424563407898,2.329895496368408,817.2319946289062
260043,100,0.52,-0.022683748975396156,0.5907192230224609,3.251617431640625,536.6302490234375
260044,39,0.6666666666666666,0.22107058763504028,0.46581214666366577,12.098795890808105,1513.323974609375
260045,100,0.58,0.044638436287641525,0.5644533038139343,9.697515487670898,1837.6419677734375
260046,100,0.5,0.03094637580215931,0.5338680148124695,9.746295928955078,958.9944458007812
260047,55,0.4727272727272727,0.20483821630477905,0.5486697554588318,8.202812194824219,901.7015991210938
260048,100,0.58,0.04631742835044861,0.5608863830566406,15.568336486816406,1586.7237548828125
260049,64,0.5625,0.07041288167238235,0.46522149443626404,10.320403099060059,1047.25146484375
260050,100,0.53,-0.17475038766860962,0.4600253105163574,2.3413333892822266,1092.91259765625
260051,100,0.54,-0.1030537411570549,0.6025587320327759,3.791837453842163,696.748291015625
260052,100,0.47,0.047898367047309875,0.5256001949310303,9.913400650024414,778.5706787109375
260053,40,0.475,0.05178153142333031,0.5073996782302856,5.239065170288086,1258.929443359375
260054,43,0.5813953488372093,-0.021299190819263458,0.410937637090683,2.9897468090057373,1049.729248046875
260055,53,0.4716981132075472,0.09523037821054459,0.5745601058006287,7.598069667816162,1101.392822265625
260056,64,0.5,0.024454697966575623,0.5730100870132446,4.942573547363281,1718.864501953125
260057,100,0.51,0.050899993628263474,0.4895021915435791,6.033128261566162,699.2762451171875
260058,100,0.45,0.07358761131763458,0.49061253666877747,13.170636177062988,935.2394409179688
260059,57,0.49122807017543857,-0.010996786877512932,0.5101303458213806,4.6498494148254395,1800.933349609375
260060,100,0.59,-0.01732451282441616,0.5375115275382996,4.168585300445557,880.7697143554688
260061,63,0.42857142857142855,-0.02576267346739769,0.4922097623348236,2.675595283508301,1199.9002685546875
260062,100,0.58,-0.06309749186038971,0.49712735414505005,3.5799996852874756,588.9879760742188
260063,100,0.35,0.03861990198493004,0.5331958532333374,7.444784164428711,948.369140625
260064,100,0.54,-0.01675993576645851,0.49057134985923767,2.659207344055176,930.7413940429688
260065,100,0.49,-0.01056885439902544,0.5624794363975525,3.797762393951416,1254.26025390625
260066,43,0.5581395348837209,0.2122553586959839,0.5178215503692627,9.423918724060059,838.7679443359375
260067,100,0.51,0.05917367339134216,0.47154951095581055,10.42221450805664,1353.2100830078125
260068,100,0.44,0.05565512180328369,0.5287566781044006,12.205782890319824,266.4642333984375
260069,100,0.45,-0.08650847524404526,0.5145256519317627,3.1052370071411133,1477.3780517578125
260070,45,0.5111111111111111,0.31601613759994507,0.5289128422737122,17.635818481445312,1088.606689453125
260071,100,0.54,-0.13790860772132874,0.5038431286811829,1.6134719848632812,1213.5333251953125
260072,100,0.46,0.07882380485534668,0.5268843173980713,8.909642219543457,1612.5947265625
260073,10,0.6,-0.28648266196250916,0.5711377859115601,0.5968122482299805,1691.2896728515625
260074,100,0.49,-0.015232647769153118,0.4968878924846649,3.6539080142974854,481.9926452636719
260075,100,0.51,0.058143824338912964,0.5903447866439819,8.178034782409668,624.9638671875
260076,100,0.46,-0.0320194847881794,0.49672409892082214,4.852210521697998,1024.3729248046875
260077,100,0.51,0.10208750516176224,0.5503129959106445,13.973148345947266,410.697998046875
260078,100,0.47,0.0391136035323143,0.5146154761314392,6.262506008148193,1763.803955078125
260079,36,0.6944444444444444,0.06568693369626999,0.45894762873649597,8.227598190307617,1630.866943359375
260080,50,0.64,0.11581458151340485,0.5388199687004089,6.611910820007324,310.6715087890625
260081,100,0.55,-0.013981552794575691,0.5446817278862,3.98226261138916,304.5900573730469
260082,100,0.6,0.05709342285990715,0.44345492124557495,14.067296028137207,1452.45068359375
260083,100,0.43,0.04332365095615387,0.4818851947784424,10.367610931396484,1018.6192016601562
260084,100,0.43,0.013858463615179062,0.4758254587650299,5.633655548095703,1075.7806396484375
260085,100,0.47,-0.04694439843297005,0.5358144044876099,7.674762725830078,966.2012329101562
260086,100,0.42,0.080071821808815,0.4744583070278168,11.084660530090332,679.3994750976562
260087,100,0.43,0.03624383360147476,0.5229804515838623,5.4656291007995605,818.7783203125
260088,100,0.47,0.033010777086019516,0.543128490447998,14.28826904296875,455.85198974609375
260089,100,0.57,0.0013933349400758743,0.546824038028717,7.629726409912109,977.159912109375
260090,34,0.47058823529411764,-0.029850013554096222,0.48926645517349243,2.8716542720794678,1352.374267578125
260091,100,0.55,-0.1833987981081009,0.4645116925239563,5.382226467132568,1295.1376953125
260092,100,0.58,-0.1191537082195282,0.45308375358581543,2.3259172439575195,1624.9510498046875
260093,25,0.48,0.002853569807484746,0.419300377368927,3.952543258666992,320.6138916015625
260094,100,0.49,0.033298954367637634,0.4877506196498871,4.722573757171631,1417.5084228515625
260095,100,0.56,-0.016229737550020218,0.5281642079353333,3.769970417022705,755.9987182617188
260096,100,0.5,0.08836538344621658,0.5470210909843445,14.261058807373047,1298.385009765625
260097,100,0.45,0.11041589081287384,0.5423662066459656,8.544000625610352,985.2074584960938
260098,73,0.5068493150684932,0.0409119576215744,0.5044605731964111,5.729511737823486,525.8230590820312
260099,100,0.44,0.044867727905511856,0.4859504699707031,9.116595268249512,1094.8978271484375
260100,100,0.51,0.041231948882341385,0.5017223954200745,9.348930358886719,922.0317993164062
260101,100,0.54,-0.04231421649456024,0.45557495951652527,7.330657958984375,2031.0828857421875
260102,100,0.53,-0.12716148793697357,0.5244115591049194,3.894507646560669,1618.8748779296875
260103,100,0.4,0.08243215084075928,0.4868205785751343,9.594758033752441,1784.584716796875
260104,100,0.5,0.16016988456249237,0.6203804612159729,18.799726486206055,531.3739013671875
260105,100,0.45,-0.020443350076675415,0.5533046722412109,4.489439487457275,1158.643310546875
260106,100,0.47,0.0035790123511105776,0.5364434123039246,7.545948028564453,371.5962219238281
260107,100,0.46,0.008174109272658825,0.5318089127540588,5.93681526184082,603.8602905273438
260108,100,0.46,0.13950462639331818,0.4824936091899872,10.038780212402344,1567.6827392578125
260109,100,0.38,-0.16681519150733948,0.5731829404830933,2.005202531814575,754.5242919921875
260110,100,0.47,-0.09760573506355286,0.4969054162502289,3.311944007873535,769.18310546875
260111,100,0.49,0.013613976538181305,0.5208272933959961,8.313177108764648,1158.2320556640625
260112,39,0.41025641025641024,-0.08865073323249817,0.3990143835544586,2.2384238243103027,1161.7156982421875
260113,100,0.49,-0.04793577268719673,0.5249859690666199,3.1235885620117188,1062.532470703125
260114,100,0.41,-0.00319300196133554,0.5824347734451294,6.235613822937012,1231.9644775390625
260115,100,0.58,0.019571494311094284,0.537920355796814,7.825791835784912,969.5709838867188
260116,100,0.55,0.13579413294792175,0.5985777974128723,21.59786605834961,1632.208984375
260117,100,0.48,-0.057832181453704834,0.49736320972442627,6.2758564949035645,1462.7315673828125
260118,100,0.48,0.06512593477964401,0.5534790754318237,8.020490646362305,1021.0148315429688
260119,44,0.38636363636363635,-0.2644013464450836,0.4926764965057373,0.8949697613716125,1580.0892333984375
260120,100,0.54,0.01743151806294918,0.5035801529884338,6.018944263458252,902.1526489257812
260121,100,0.48,0.021847983822226524,0.5497890114784241,6.645345687866211,784.6942749023438
260122,79,0.5443037974683544,-0.04348761588335037,0.5142636299133301,5.477139949798584,1107.8284912109375
260123,100,0.53,-0.028121698647737503,0.5356791615486145,5.161074638366699,1168.89501953125
260124,100,0.5,-0.1719610095024109,0.5250425934791565,2.2240967750549316,441.44671630859375
260125,100,0.46,0.009687787853181362,0.566870927810669,5.430327892303467,802.6751098632812
260126,100,0.57,0.02014567330479622,0.4861590266227722,5.260974884033203,1288.1734619140625
260127,100,0.6,0.013344261795282364,0.6336968541145325,8.20169734954834,290.4671936035156
260128,91,0.38461538461538464,0.0717688575387001,0.5473381280899048,8.910496711730957,832.32763671875
260129,100,0.52,-0.0786806270480156,0.4963821470737457,3.061462640762329,1310.4365234375
260130,35,0.4857142857142857,0.007507149130105972,0.642207145690918,2.4685933589935303,1640.2962646484375
260131,100,0.54,-0.011470855213701725,0.512433648109436,3.8744797706604004,804.3749389648438
260132,100,0.41,0.007768815383315086,0.5262302160263062,3.1003801822662354,400.92822265625
260133,100,0.48,-0.009284461848437786,0.5383347272872925,3.518096685409546,1104.7255859375
260134,100,0.55,-0.04859454557299614,0.5610659718513489,7.912628650665283,839.3631591796875
260135,100,0.43,0.08307943493127823,0.48592886328697205,11.632796287536621,646.1840209960938
260136,100,0.53,0.07177113741636276,0.4720366597175598,13.522441864013672,1700.261474609375
260137,100,0.46,-0.04453040659427643,0.5519822239875793,2.5642189979553223,1296.802978515625
260138,100,0.51,-0.009858028963208199,0.5182290077209473,4.849322319030762,1081.036376953125
260139,100,0.45,0.2113960087299347,0.5166734457015991,24.578784942626953,1699.617431640625
260140,100,0.46,0.03690120577812195,0.5379692912101746,9.837410926818848,269.29925537109375
260141,65,0.5076923076923077,0.27706336975097656,0.4879873991012573,18.638837814331055,1486.7894287109375
260142,100,0.53,0.0341838076710701,0.5168271064758301,17.4122257232666,911.3778076171875
260143,100,0.57,-0.017026465386152267,0.5825383067131042,5.504956245422363,229.0696258544922
260144,100,0.49,-0.0032195972744375467,0.5304111242294312,4.149211406707764,733.5712890625
260145,100,0.5,0.15740376710891724,0.5193387866020203,13.901812553405762,1030.2156982421875
260146,26,0.46153846153846156,-0.17672620713710785,0.4871765077114105,0.8064152002334595,2007.332763671875
260147,72,0.5833333333333334,0.003710127668455243,0.5385777950286865,3.3245742321014404,2204.831298828125
260148,31,0.5483870967741935,-0.17744103074073792,0.7435193061828613,1.494857907295227,693.723388671875
260149,100,0.58,-0.04715954139828682,0.5299386978149414,5.747246265411377,739.08203125
260150,100,0.5,-0.11784608662128448,0.4457792043685913,1.2210125923156738,1255.7769775390625
260151,14,0.5,0.41638046503067017,0.530525803565979,5.1767048835754395,813.5375366210938
260152,100,0.49,0.032434768974781036,0.525922417640686,9.195269584655762,1035.79931640625
260153,92,0.5217391304347826,0.06809920817613602,0.48622816801071167,7.895680904388428,1940.888427734375
260154,35,0.45714285714285713,0.07742571830749512,0.45430344343185425,5.607598304748535,684.8009643554688
260155,100,0.48,-0.08567037433385849,0.5076188445091248,4.322269439697266,355.4466247558594
260156,100,0.49,-0.20193491876125336,0.52630215883255,2.0855841636657715,1228.9932861328125
260157,100,0.52,0.09838127344846725,0.4792088270187378,8.969725608825684,1128.1785888671875
260158,100,0.52,0.015558077953755856,0.5581881999969482,11.742436408996582,984.1646728515625
260159,100,0.48,-0.07720737159252167,0.6138885021209717,1.7028098106384277,1568.7950439453125
260160,100,0.49,0.10929906368255615,0.5353057384490967,7.934715747833252,1882.3184814453125
260161,100,0.49,0.0018531777895987034,0.5486102104187012,6.969394683837891,1133.2779541015625
260162,100,0.6,0.12480426579713821,0.527633011341095,12.254003524780273,1287.9410400390625
260163,100,0.42,0.05845508724451065,0.5556846261024475,12.167564392089844,1083.273193359375
260164,100,0.41,-0.039581771939992905,0.46369102597236633,3.5727014541625977,1102.807373046875
260165,100,0.45,-0.06295584887266159,0.5084188580513,4.142609596252441,974.6068725585938
260166,16,0.375,0.13842160999774933,0.5206478238105774,2.782322406768799,1261.5850830078125
260167,100,0.44,0.008639093488454819,0.5148658156394958,4.185510635375977,1140.4783935546875
260168,100,0.51,0.030481889843940735,0.48830124735832214,12.611743927001953,828.2637329101562
260169,100,0.57,-0.03125354275107384,0.5518926382064819,4.424298286437988,853.287841796875
260170,25,0.6,0.008215530775487423,0.49012675881385803,2.8629462718963623,517.5671997070312
260171,100,0.6,-0.12092632800340652,0.4754889905452728,6.482194900512695,1441.1246337890625
260172,67,0.43283582089552236,0.12547795474529266,0.5545650124549866,7.764578342437744,1247.2564697265625
260173,100,0.41,0.08821795135736465,0.5178881287574768,7.173917293548584,902.1739501953125
260174,100,0.49,-0.08146844804286957,0.47167935967445374,3.4486162662506104,1498.0909423828125
260175,100,0.47,-0.014626750722527504,0.5248233079910278,3.879243850708008,965.5436401367188
260176,100,0.49,0.05377428978681564,0.5350019335746765,6.178759574890137,1285.704345703125
260177,100,0.53,-0.038965288549661636,0.43529871106147766,3.494549036026001,458.5332946777344
260178,100,0.58,0.07233303040266037,0.5129258632659912,17.73196029663086,1470.7269287109375
260179,100,0.53,0.04531518742442131,0.5184431076049805,10.418756484985352,959.4190673828125
260180,100,0.52,-0.12021137028932571,0.5152814388275146,2.284724235534668,1228.6480712890625
260181,100,0.55,0.007566177751868963,0.4888424277305603,4.304937362670898,1370.89453125
260182,73,0.6027397260273972,0.13267004489898682,0.38465678691864014,15.770931243896484,1114.5213623046875
260183,100,0.49,-0.0704774260520935,0.48681390285491943,2.843846082687378,586.533203125
260184,100,0.48,-0.17453740537166595,0.5295019149780273,1.884996771812439,1683.189208984375
260185,59,0.4915254237288136,0.13671261072158813,0.5700413584709167,8.724990844726562,1366.175048828125
260186,51,0.5294117647058824,0.03508518263697624,0.5728424787521362,6.761580467224121,1549.6529541015625
260187,100,0.49,-0.08598315715789795,0.4617108404636383,1.8697553873062134,290.0426025390625
260188,100,0.48,0.07267018407583237,0.5325276851654053,11.44921588897705,1530.4942626953125
260189,100,0.44,-0.12403177469968796,0.554625928401947,3.201434850692749,542.1710205078125
260190,100,0.53,-0.007819922640919685,0.5621771812438965,4.0095720291137695,752.43896484375
260191,100,0.48,-0.08663704991340637,0.542583703994751,3.180359125137329,933.9091186523438
260192,100,0.47,-0.009660543873906136,0.5101374387741089,4.769513130187988,227.14918518066406
260193,100,0.42,-0.009892955422401428,0.5249353647232056,6.924137115478516,1344.6927490234375
260194,70,0.5142857142857142,0.0022161155939102173,0.46966153383255005,7.711900234222412,584.1651611328125
260195,5,0.4,0.030398070812225342,0.5808907747268677,1.2068119049072266,745.1792602539062
260196,96,0.5416666666666666,0.03058243729174137,0.5727115273475647,5.7715582847595215,912.1097412109375
260197,100,0.4,0.11890701949596405,0.4395737051963806,13.114151954650879,660.9442138671875
260198,19,0.3684210526315789,0.40108177065849304,0.5641558170318604,6.051320552825928,1274.6234130859375
260199,100,0.49,-0.003338462207466364,0.5730070471763611,8.292686462402344,1144.1556396484375
260200,100,0.42,0.03346921131014824,0.5096123218536377,6.049179553985596,1089.7314453125
260201,100,0.49,-0.1203421801328659,0.532619833946228,2.2175540924072266,1115.25732421875
260202,100,0.47,0.03761168569326401,0.5729160308837891,8.562725067138672,1538.3167724609375
260203,79,0.5316455696202531,0.05568620190024376,0.5432944893836975,5.769730091094971,764.7868041992188
260204,87,0.5517241379310345,-0.026820704340934753,0.5066311955451965,3.7834858894348145,1536.8154296875
260205,100,0.47,-0.09979309886693954,0.5401882529258728,4.090749263763428,229.7729949951172
260206,100,0.47,0.06255944073200226,0.5271622538566589,7.689666748046875,1021.7879028320312
260207,100,0.47,-0.02237130142748356,0.48607996106147766,3.42238712310791,611.66455078125
260208,100,0.49,0.026354188099503517,0.5198960900306702,7.7885260581970215,568.8208618164062
260209,86,0.6162790697674418,-0.004009300377219915,0.5614051222801208,4.67147159576416,889.3488159179688
260210,100,0.4,-0.0780283585190773,0.5055080652236938,3.853286027908325,832.3883666992188
260211,100,0.53,0.014886162243783474,0.5520832538604736,3.510152578353882,1298.154541015625
260212,100,0.49,0.02503286488354206,0.5619271397590637,7.4551920890808105,837.2681274414062
260213,66,0.5151515151515151,0.03575855866074562,0.5473557710647583,6.620763778686523,991.2567138671875
260214,93,0.5053763440860215,0.047954123467206955,0.5412235260009766,10.06095027923584,1922.190673828125
260215,61,0.45901639344262296,-0.009779446758329868,0.5137840509414673,3.802948474884033,540.5310668945312
260216,100,0.53,-0.03991997614502907,0.5102576017379761,2.8579835891723633,1380.340087890625
260217,100,0.52,-0.06618998944759369,0.5388808846473694,4.540536403656006,1318.4017333984375
260218,100,0.42,-0.07804162055253983,0.5097303986549377,3.150425910949707,1062.020263671875
260219,100,0.46,-0.12941385805606842,0.5085480809211731,6.5413031578063965,1332.696044921875
260220,100,0.51,0.05962743982672691,0.5353527069091797,10.233148574829102,1034.932861328125
260221,100,0.58,0.012800500728189945,0.5489290952682495,7.879852294921875,1271.94970703125
260222,100,0.47,0.019563401117920876,0.5204353928565979,7.505841255187988,1171.5760498046875
260223,100,0.58,0.07253612577915192,0.5488364100456238,16.736919403076172,522.552734375
260224,83,0.4578313253012048,0.05625080317258835,0.5809715986251831,7.28662109375,1037.46337890625
260225,100,0.57,-0.13773587346076965,0.44349151849746704,2.9322006702423096,936.9818115234375
260226,100,0.59,-0.18139255046844482,0.5486255288124084,1.8042470216751099,1425.387939453125
260227,100,0.57,0.028997987508773804,0.5740627646446228,7.373021125793457,1355.6614990234375
260228,100,0.58,-0.08980154246091843,0.6015312671661377,3.0965447425842285,710.1079711914062
260229,100,0.47,0.02526300959289074,0.44479936361312866,8.443401336669922,1644.8804931640625
260230,53,0.5660377358490566,0.10059905052185059,0.5002623200416565,10.099547386169434,195.77635192871094
260231,100,0.51,0.06603723764419556,0.5864524245262146,6.866365432739258,1103.673095703125
260232,100,0.52,-0.11453013867139816,0.4683245122432709,3.6714284420013428,1435.9586181640625
260233,100,0.53,0.004426252096891403,0.4937277138233185,8.832590103149414,721.9707641601562
260234,67,0.44776119402985076,0.1306072324514389,0.5394614934921265,10.62098217010498,1306.87255859375
260235,100,0.6,0.03977368399500847,0.497450590133667,11.324104309082031,1621.643798828125
260236,66,0.36363636363636365,0.1451040804386139,0.46888965368270874,4.161324501037598,1610.621826171875
260237,34,0.4117647058823529,-0.33231058716773987,0.5848854780197144,0.8694948554039001,1632.15185546875
260238,100,0.5,0.11404857784509659,0.5215823650360107,16.851030349731445,655.69873046875
260239,70,0.5142857142857142,-0.01681264117360115,0.5890470743179321,3.503770112991333,1411.146484375
260240,83,0.4819277108433735,0.0784163773059845,0.48734718561172485,6.443002223968506,1771.3326416015625
260241,25,0.6,0.0106255654245615,0.3789214491844177,4.099193096160889,421.1855163574219
260242,100,0.45,-0.11081451922655106,0.5677980184555054,2.2711880207061768,747.295654296875
260243,100,0.57,0.0356416292488575,0.5135877132415771,6.271583080291748,1097.331787109375
260244,91,0.3516483516483517,0.07930901646614075,0.5097516179084778,6.478593349456787,877.1223754882812
260245,100,0.48,-0.09189843386411667,0.4890126585960388,1.9306963682174683,345.619873046875
260246,100,0.5,-0.008661878295242786,0.5265751481056213,7.231997013092041,529.0712280273438
260247,100,0.39,-0.040390003472566605,0.5259029865264893,6.071142673492432,1560.400634765625
260248,89,0.5056179775280899,-0.033435869961977005,0.47140082716941833,4.724344253540039,1488.434814453125
260249,100,0.48,0.009024247527122498,0.5313689708709717,4.001417636871338,1252.11328125
260250,100,0.49,-0.014533857814967632,0.5122177600860596,10.594366073608398,1499.7501220703125
260251,77,0.5714285714285714,0.19626346230506897,0.5020167231559753,19.88629913330078,1507.642578125
260252,54,0.3888888888888889,-0.1875220686197281,0.5544469952583313,0.8230940699577332,437.75079345703125
260253,100,0.5,-0.05844021961092949,0.5362825989723206,4.658870220184326,1078.527099609375
260254,100,0.53,0.0691383108496666,0.486726850271225,10.212579727172852,1398.9232177734375
260255,100,0.37,0.05651722848415375,0.4881041944026947,7.674745559692383,310.8232116699219
260256,99,0.45454545454545453,0.22380097210407257,0.46096211671829224,15.102386474609375,1595.456298828125
260257,100,0.48,0.09354397654533386,0.5179469585418701,5.712197303771973,1129.29736328125
260258,41,0.5121951219512195,0.0010498876217752695,0.4627346992492676,5.419246673583984,1114.100341796875
260259,91,0.5054945054945055,0.2912462651729584,0.5478774905204773,25.08864974975586,2176.648193359375
260260,100,0.62,-0.003508733119815588,0.46269407868385315,12.589402198791504,1186.28662109375
260261,100,0.44,0.08056341856718063,0.5156875848770142,11.254599571228027,1011.1943359375
260262,100,0.52,-0.022117994725704193,0.46142157912254333,11.514884948730469,608.830810546875
260263,100,0.5,-0.06708045303821564,0.5261020660400391,3.0192108154296875,914.6715698242188
260264,74,0.47297297297297297,-0.0378405787050724,0.46924757957458496,5.67252779006958,978.2637939453125
260265,43,0.5813953488372093,0.20555296540260315,0.4041653275489807,13.289710998535156,292.5191955566406
260266,100,0.52,-0.02401595376431942,0.4252283275127411,4.427587032318115,1185.2847900390625
260267,64,0.453125,0.07418547570705414,0.5764636993408203,12.940779685974121,287.6763916015625
260268,29,0.6206896551724138,-0.03993642330169678,0.4498026669025421,2.0904383659362793,477.0064392089844
260269,7,0.5714285714285714,-0.3885577917098999,0.5750977396965027,0.49167394638061523,1208.4073486328125
260270,100,0.43,-0.0010211848421022296,0.45392489433288574,13.0056791305542,1891.413818359375
260271,100,0.54,0.013473507016897202,0.44690704345703125,5.316227436065674,988.3983154296875
260272,83,0.40963855421686746,0.08126755058765411,0.5034412741661072,9.32608699798584,688.3800659179688
260273,100,0.48,-0.005665913224220276,0.49402284622192383,6.89055061340332,858.8458251953125
260274,96,0.4583333333333333,0.1390901654958725,0.5349904298782349,8.053540229797363,1474.8941650390625
260275,100,0.56,-0.07117354869842529,0.47497475147247314,6.625697612762451,1608.83837890625
260276,53,0.4528301886792453,-0.06332498043775558,0.5460896492004395,2.428140878677368,679.9271240234375
260277,17,0.7647058823529411,0.3922739624977112,0.797085165977478,12.73028564453125,1259.4124755859375
260278,66,0.5606060606060606,0.13189484179019928,0.5009421110153198,14.409972190856934,1383.5992431640625
260279,100,0.53,0.08899848908185959,0.532784640789032,11.700418472290039,1380.846435546875
260280,100,0.52,-0.0063420566730201244,0.50905841588974,6.762736797332764,644.7894897460938
260281,100,0.47,-0.017058828845620155,0.46431005001068115,6.1430439949035645,1258.9461669921875
260282,100,0.53,-0.02432827651500702,0.4590620994567871,3.189239740371704,727.6292114257812
260283,100,0.53,0.029677849262952805,0.6003560423851013,6.1124138832092285,697.0237426757812
260284,100,0.49,-0.12389326840639114,0.4782981872558594,2.1117658615112305,1500.0023193359375
260285,39,0.41025641025641024,0.2890327274799347,0.46832507848739624,9.890852928161621,986.827880859375
260286,100,0.46,-0.0390406996011734,0.49623653292655945,11.182697296142578,874.0648803710938
260287,48,0.4791666666666667,0.2280767410993576,0.5105925798416138,13.878876686096191,1038.4522705078125
260288,100,0.5,-0.06684591621160507,0.5419160723686218,4.251944065093994,903.8308715820312
260289,100,0.48,0.004594767931848764,0.5806618928909302,4.982788562774658,675.7960205078125
260290,100,0.52,-0.0006296405335888267,0.5112912654876709,5.786538124084473,562.2876586914062
260291,100,0.48,-0.04297494888305664,0.5095272660255432,4.425827503204346,924.7073364257812
260292,34,0.6470588235294118,0.30957943201065063,0.4914659559726715,13.163994789123535,158.4292449951172
260293,100,0.45,0.0713462382555008,0.504418134689331,14.433271408081055,553.0279541015625
260294,100,0.48,0.017477845773100853,0.5148781538009644,8.15821361541748,600.2446899414062
260295,100,0.54,0.09239549189805984,0.5579671263694763,14.013009071350098,1673.8057861328125
260296,74,0.581081081081081,0.018217111006379128,0.4347572922706604,5.683473587036133,1175.5814208984375
260297,100,0.52,0.008198494091629982,0.48392820358276367,5.521195888519287,1312.1063232421875
260298,100,0.56,-0.03587590903043747,0.5457292795181274,3.007436752319336,506.28125
260299,100,0.42,0.0451405793428421,0.47781312465667725,6.001009941101074,326.3404235839844
260300,100,0.53,-0.029592929407954216,0.494253009557724,4.323676586151123,1135.993408203125
260301,47,0.5106382978723404,0.12175915390253067,0.5762014985084534,8.221590995788574,543.4185791015625
260302,100,0.42,-0.08138599246740341,0.4576612114906311,3.3498480319976807,1127.6070556640625
260303,100,0.4,-0.04054633900523186,0.5304235816001892,4.043649196624756,1293.327880859375
260304,100,0.43,0.058651402592659,0.5345463156700134,8.404614448547363,916.0855712890625
260305,100,0.52,-0.02118423394858837,0.5437847971916199,4.194509983062744,948.4473266601562
260306,100,0.56,0.023463496938347816,0.4235737919807434,11.845251083374023,901.003173828125
260307,100,0.49,-0.033555950969457626,0.4256531894207001,5.301053524017334,1658.76611328125
260308,83,0.6024096385542169,0.020710716024041176,0.4644501805305481,10.605116844177246,835.521484375
260309,5,0.6,0.4088381826877594,0.15842923521995544,1.8479483127593994,800.2806396484375
260310,100,0.47,-0.07176840305328369,0.5165082216262817,4.862262725830078,619.704345703125
260311,100,0.54,-0.013265402987599373,0.507479190826416,2.769866943359375,588.1090698242188
260312,73,0.5342465753424658,0.05879836156964302,0.5427989363670349,7.699765682220459,1142.2052001953125
260313,100,0.5,-0.025533011183142662,0.5548489093780518,4.311081886291504,731.4183349609375
260314,100,0.56,0.052756939083337784,0.48358115553855896,11.083656311035156,399.43798828125
260315,98,0.5408163265306123,0.048749297857284546,0.5215885639190674,9.069972038269043,1761.0509033203125
260316,100,0.45,0.09818486124277115,0.530151903629303,9.392867088317871,708.7554931640625
260317,24,0.5833333333333334,0.12022839486598969,0.5635915994644165,2.105560541152954,1130.8939208984375
260318,70,0.5,-0.1338818371295929,0.4867037534713745,2.407050132751465,196.68447875976562
260319,100,0.47,-0.021493976935744286,0.5533180832862854,12.607346534729004,1290.037353515625
260320,100,0.5,-0.028495006263256073,0.471787691116333,4.054523468017578,1560.995849609375
260321,91,0.4725274725274725,0.026825083419680595,0.4483700096607208,7.672807216644287,1446.9471435546875
260322,100,0.56,-0.020720282569527626,0.5477617979049683,5.254213333129883,737.2854614257812
260323,100,0.42,0.15327103435993195,0.5546004176139832,18.021455764770508,1250.919921875
260324,90,0.4666666666666667,0.05154823511838913,0.5558355450630188,4.744102478027344,685.5921020507812
260325,100,0.49,0.02153322473168373,0.5340684056282043,6.941643714904785,319.2201232910156
260326,84,0.5595238095238095,0.17609117925167084,0.5431296229362488,14.612394332885742,1117.3582763671875
260327,70,0.4857142857142857,0.06460090726613998,0.46996361017227173,5.436119079589844,899.2227172851562
260328,58,0.5,0.12777592241764069,0.5623263716697693,17.014253616333008,929.333251953125
260329,100,0.48,0.0317656584084034,0.5310531854629517,15.23922348022461,900.0960083007812
260330,100,0.54,-0.01389462873339653,0.4434882402420044,6.983738422393799,488.5572509765625
260331,100,0.5,-0.037809327244758606,0.47888538241386414,4.550480842590332,1196.2056884765625
260332,100,0.42,-0.030860543251037598,0.5591539740562439,6.145123481750488,1765.2774658203125
260333,46,0.5217391304347826,0.0912584438920021,0.4985932409763336,13.158220291137695,2299.205078125
260334,100,0.5,-0.14011730253696442,0.46881115436553955,2.4430997371673584,826.346923828125
260335,100,0.55,-0.06415588408708572,0.5625013709068298,2.429121494293213,1505.808837890625
260336,31,0.45161290322580644,0.03340337052941322,0.4872344434261322,2.3988072872161865,975.887939453125
260337,100,0.58,0.041426848620176315,0.5186300873756409,5.535991191864014,661.2411499023438
260338,27,0.6296296296296297,0.167642280459404,0.5149772763252258,4.975383758544922,763.7120361328125
260339,100,0.53,0.005111087113618851,0.5009317398071289,4.866323947906494,942.6793212890625
260340,100,0.47,-0.19778043031692505,0.412369966506958,1.241461157798767,394.13201904296875
260341,100,0.52,-0.11486596614122391,0.5541874766349792,2.761902093887329,346.9150085449219
260342,100,0.44,0.06124670431017876,0.5126597285270691,8.349285125732422,1897.1470947265625
260343,100,0.55,-0.04461251199245453,0.5291506052017212,5.154223442077637,300.2218017578125
260344,100,0.53,0.06580909341573715,0.5253394246101379,19.8826847076416,180.99908447265625
260345,100,0.47,-0.17640911042690277,0.539901614189148,0.9014375805854797,241.27496337890625
260346,12,0.4166666666666667,0.06580311059951782,0.5282972455024719,1.2031611204147339,529.07958984375
260347,100,0.59,0.07608314603567123,0.4762074947357178,10.323953628540039,1207.09912109375
260348,100,0.54,-0.09410872310400009,0.44043615460395813,4.095142364501953,1453.0574951171875
260349,77,0.5064935064935064,0.10594575852155685,0.5256617665290833,9.855249404907227,1652.12158203125
260350,100,0.44,-0.1375245302915573,0.5179955363273621,3.1816928386688232,862.41943359375
260351,100,0.5,-0.11105616390705109,0.5260935425758362,3.2120447158813477,553.4004516601562
260352,100,0.55,-0.03703169897198677,0.5011304020881653,4.82078218460083,1096.17529296875
260353,100,0.47,-0.12715917825698853,0.49723976850509644,2.089357376098633,782.325927734375
260354,100,0.48,0.0733732208609581,0.54133141040802,9.934303283691406,373.19354248046875
260355,77,0.44155844155844154,0.04428790509700775,0.5391184687614441,8.636968612670898,1117.2149658203125
260356,100,0.57,0.10299897938966751,0.5696271657943726,11.648537635803223,445.07147216796875
260357,66,0.6212121212121212,0.0375276617705822,0.520897388458252,5.379094123840332,1223.884521484375
260358,100,0.6,0.009541938081383705,0.5055539608001709,11.747431755065918,478.5448303222656
260359,100,0.52,-0.0619453601539135,0.5635395050048828,4.059598445892334,489.8793640136719
260360,100,0.58,0.01677260547876358,0.5009320378303528,5.387681484222412,813.5911254882812
260361,100,0.49,0.014364957809448242,0.5187285542488098,4.05952262878418,905.927001953125
260362,100,0.53,0.026158705353736877,0.5422466993331909,7.1998748779296875,1553.85546875
260363,100,0.51,0.013300818391144276,0.48109063506126404,10.61413860321045,278.1102600097656
260364,100,0.51,-0.05262068286538124,0.48902639746665955,3.99332857131958,448.24102783203125
260365,100,0.45,0.0539640411734581,0.5356228947639465,6.466466903686523,1097.5980224609375
260366,100,0.45,0.2271084487438202,0.5767834186553955,22.19549560546875,1194.16259765625
260367,100,0.47,-0.026704702526330948,0.48395854234695435,3.863765001296997,1388.4449462890625
260368,26,0.4230769230769231,-0.07780465483665466,0.5231550335884094,0.8428919315338135,833.1612548828125
260369,100,0.52,0.05488644540309906,0.5885897278785706,12.941122055053711,1074.2421875
260370,100,0.49,0.03243910148739815,0.5453640818595886,7.282999038696289,985.92919921875
260371,44,0.4772727272727273,0.1894020140171051,0.5881778597831726,5.432901382446289,1810.4564208984375
260372,64,0.53125,0.06733518838882446,0.53489750623703,8.35725212097168,1821.017822265625
260373,40,0.425,0.11583598703145981,0.48674124479293823,5.5425848960876465,1097.880615234375
260374,100,0.55,-0.05444027855992317,0.4795108735561371,5.153801441192627,761.6071166992188
260375,100,0.53,0.025717398151755333,0.5474081635475159,6.953384876251221,1113.09912109375
260376,100,0.61,0.023556550964713097,0.5267699956893921,8.895125389099121,1525.4190673828125
260377,100,0.6,-0.022933226078748703,0.48400673270225525,2.9973151683807373,542.383544921875
260378,100,0.42,0.053215350955724716,0.45175227522850037,9.894895553588867,1333.7003173828125
260379,64,0.453125,0.18084286153316498,0.5270241498947144,14.917806625366211,1168.837158203125
260380,35,0.6285714285714286,-0.09260916709899902,0.4822853207588196,2.6669204235076904,1719.9580078125
260381,100,0.51,-0.08212702721357346,0.4779593050479889,2.7970166206359863,1384.2117919921875
260382,100,0.47,-0.06474462896585464,0.5812677145004272,2.209566354751587,541.2453002929688
260383,97,0.5360824742268041,0.07998856157064438,0.4841710329055786,19.148378372192383,428.87939453125
260384,31,0.45161290322580644,0.19033415615558624,0.5413016676902771,6.794950485229492,469.8258361816406
260385,83,0.46987951807228917,0.10751459002494812,0.4101984202861786,10.815665245056152,1326.75
260386,100,0.47,-0.058076161891222,0.5256858468055725,3.4254555702209473,719.975341796875
260387,100,0.46,-0.05511612445116043,0.5296177268028259,3.1095621585845947,687.1401977539062
260388,100,0.43,0.04645322635769844,0.44492465257644653,13.896171569824219,977.8280639648438
260389,100,0.44,0.16250240802764893,0.5587974786758423,19.51209259033203,740.4605102539062
260390,100,0.54,0.06170234829187393,0.46613091230392456,10.978306770324707,794.8927612304688
260391,100,0.49,-0.12336555123329163,0.4658852815628052,2.488664388656616,1267.8905029296875
260392,100,0.5,0.10968621075153351,0.5324891805648804,12.48983383178711,1223.123046875
260393,100,0.37,-0.1499340832233429,0.5274132490158081,1.8986941576004028,1104.643310546875
260394,99,0.5252525252525253,-0.14172326028347015,0.5319184064865112,1.3594624996185303,1778.455322265625
260395,100,0.41,-0.16884295642375946,0.5181471109390259,1.8456672430038452,887.809814453125
260396,100,0.55,-0.06901536136865616,0.5339816212654114,5.521453380584717,1085.3087158203125
260397,100,0.48,0.05128704011440277,0.4480437934398651,17.48927116394043,798.6437377929688
260398,100,0.49,0.012800903059542179,0.5674067139625549,5.849435806274414,1463.738525390625
260399,63,0.49206349206349204,0.048233095556497574,0.4872603714466095,6.007936954498291,1784.0853271484375
260400,100,0.49,-0.10028612613677979,0.47997283935546875,3.6897690296173096,694.8958740234375
260401,100,0.6,0.09732852876186371,0.6083499193191528,18.56400489807129,1085.101318359375
260402,100,0.5,-0.05860333517193794,0.5460480451583862,6.975927829742432,693.55615234375
260403,100,0.58,-0.06333004683256149,0.4981696307659149,3.4554171562194824,1204.929931640625
260404,100,0.55,0.005622634664177895,0.4789471924304962,9.180763244628906,995.3421020507812
260405,100,0.58,-0.021211698651313782,0.508539080619812,3.2053234577178955,785.019775390625
260406,100,0.54,0.011128704994916916,0.5609276294708252,5.613757133483887,1722.7978515625
260407,100,0.5,-0.13284575939178467,0.5555809140205383,3.840543508529663,994.98486328125
260408,90,0.5444444444444444,0.20553354918956757,0.5169954895973206,25.77973175048828,1645.684326171875
260409,100,0.55,0.026869868859648705,0.4981940686702728,4.580623626708984,1123.0421142578125
260410,100,0.45,-0.04270635545253754,0.5709542632102966,3.8696093559265137,914.7265625
260411,24,0.4166666666666667,0.10264167934656143,0.4328916370868683,4.534375190734863,801.3384399414062
260412,74,0.5405405405405406,-0.042178936302661896,0.5631814002990723,2.5602474212646484,556.6221923828125
260413,100,0.49,-0.03757522255182266,0.5892171859741211,3.2034430503845215,339.5039367675781
260414,100,0.58,-0.06846687942743301,0.4547736346721649,6.085545063018799,969.9826049804688
260415,32,0.40625,0.12395933270454407,0.3996058702468872,4.7117719650268555,1280.697265625
260416,100,0.55,-0.13615666329860687,0.5050475001335144,3.015456438064575,359.7303771972656
260417,74,0.40540540540540543,0.20026417076587677,0.5935404300689697,16.017059326171875,1433.6763916015625
260418,100,0.43,0.11250409483909607,0.48664551973342896,10.734219551086426,1977.8553466796875
260419,82,0.43902439024390244,0.11190246045589447,0.5489456057548523,12.398758888244629,354.09246826171875
260420,100,0.59,0.07674821466207504,0.5865691304206848,17.437326431274414,1421.219970703125
260421,76,0.4342105263157895,0.11602426320314407,0.472970575094223,9.014713287353516,1848.220458984375
260422,100,0.45,0.18074698746204376,0.5350549817085266,13.118607521057129,667.6926879882812
260423,100,0.46,-0.07569216936826706,0.4462442398071289,8.253798484802246,359.56744384765625
260424,100,0.48,-0.06631731241941452,0.5607486963272095,5.1613593101501465,625.5665893554688
260425,100,0.55,0.042660292237997055,0.4791550040245056,7.830399990081787,1112.75439453125
260426,85,0.6,0.0766887441277504,0.459109365940094,12.360881805419922,780.1294555664062
260427,100,0.47,-0.0853523313999176,0.5401802659034729,2.7997405529022217,469.2727966308594
260428,100,0.57,-0.010356551967561245,0.5345833897590637,6.869889736175537,1175.1246337890625
260429,100,0.44,0.02681996114552021,0.5135357975959778,5.338738441467285,840.8072509765625
260430,100,0.41,-0.03604896366596222,0.4814094305038452,4.943142414093018,910.553466796875
260431,41,0.34146341463414637,0.268941730260849,0.5784074068069458,7.164902687072754,1188.0826416015625
260432,100,0.46,-0.021917855367064476,0.5871426463127136,3.9129416942596436,427.18194580078125
260433,96,0.5208333333333334,0.10302859544754028,0.5073193907737732,13.37364673614502,1278.6109619140625
260434,100,0.47,0.01839013583958149,0.5389512777328491,11.008713722229004,607.4666137695312
260435,100,0.48,0.013038817793130875,0.5450012683868408,8.365693092346191,646.1170043945312
260436,99,0.46464646464646464,-0.054298754781484604,0.4993889033794403,2.873500108718872,1750.9498291015625
260437,100,0.42,0.011604140512645245,0.4075293242931366,8.940247535705566,812.0924682617188
260438,100,0.47,-0.03991100937128067,0.4565924108028412,2.3577301502227783,1625.8768310546875
260439,100,0.49,-0.021886290982365608,0.6173129081726074,4.5027079582214355,1113.4267578125
260440,42,0.5,-0.12653061747550964,0.425263911485672,2.4441850185394287,1328.7008056640625
260441,100,0.56,-0.0630059689283371,0.5649624466896057,4.137366771697998,972.2567138671875
260442,100,0.53,-0.007973394356667995,0.6065349578857422,12.026935577392578,566.5308837890625
260443,84,0.5,0.09942726045846939,0.47664138674736023,12.22741413116455,1393.292724609375
260444,48,0.4375,-0.08802266418933868,0.46604123711586,2.1163270473480225,1032.0755615234375
260445,30,0.6333333333333333,0.053712595254182816,0.5494517087936401,4.934906482696533,1646.430419921875
260446,65,0.5846153846153846,-0.0327393002808094,0.46446049213409424,3.6687822341918945,1260.0537109375
260447,100,0.49,-0.22941061854362488,0.5111764073371887,1.33994722366333,1020.8713989257812
260448,100,0.61,0.08831249922513962,0.5087018609046936,9.122915267944336,1847.523193359375
260449,100,0.41,0.018492484465241432,0.5027798414230347,5.393249034881592,693.4288330078125
260450,11,0.8181818181818182,0.08245845884084702,0.6302481889724731,2.717446804046631,1880.3873291015625
260451,100,0.43,-0.04548611864447594,0.5011745095252991,6.099461555480957,395.52337646484375
260452,37,0.6756756756756757,0.1113768070936203,0.5979099273681641,5.240767002105713,864.00537109375
260453,65,0.5076923076923077,0.07076475024223328,0.5610030889511108,6.095037460327148,2018.0023193359375
260454,69,0.5507246376811594,0.029377812519669533,0.5735722184181213,10.832462310791016,1103.4912109375
260455,100,0.54,0.07800782471895218,0.462030827999115,11.810030937194824,517.8923950195312
260456,76,0.5526315789473685,0.12933729588985443,0.5018609166145325,7.883269309997559,1104.7484130859375
260457,100,0.48,-0.2074337750673294,0.43325963616371155,2.470900297164917,352.9165954589844
260458,100,0.53,0.007131536025553942,0.5438240170478821,4.347638130187988,686.2189331054688
260459,100,0.5,-0.05348409712314606,0.4778108596801758,5.202642440795898,537.9301147460938
260460,84,0.6071428571428571,0.16613976657390594,0.6053876876831055,22.31290626525879,1829.475341796875
260461,100,0.55,-0.06389085948467255,0.46353790163993835,4.178603649139404,860.9910888671875
260462,33,0.6666666666666666,0.1591232419013977,0.5221220254898071,12.302532196044922,2017.1475830078125
260463,100,0.55,0.0607822947204113,0.5650891065597534,13.857280731201172,1693.7191162109375
260464,95,0.49473684210526314,-0.15039175748825073,0.4984976053237915,2.6373136043548584,1460.3798828125
260465,100,0.45,-0.03907494992017746,0.5175513029098511,2.7384886741638184,655.602783203125
260466,40,0.675,0.0630374550819397,0.6461449265480042,7.869630336761475,971.4646606445312
260467,100,0.53,-0.029590699821710587,0.382862389087677,6.3735456466674805,1165.4610595703125
260468,92,0.5217391304347826,0.046630579978227615,0.586616575717926,9.48873519897461,95.72955322265625
260469,100,0.52,0.01936325803399086,0.51494961977005,5.165900230407715,1438.6201171875
260470,100,0.5,-0.0014713394921272993,0.4900737702846527,3.1283037662506104,694.906005859375
260471,100,0.61,-0.1000029593706131,0.5196576118469238,3.253141403198242,1084.4041748046875
260472,100,0.53,-0.018070818856358528,0.5150532126426697,6.440093517303467,1526.88623046875
260473,100,0.49,0.00020909674640279263,0.47376662492752075,6.355994701385498,757.4115600585938
260474,100,0.41,0.05152053385972977,0.5315141081809998,9.164749145507812,1287.8822021484375
260475,100,0.48,-0.032369498163461685,0.4721323549747467,9.116842269897461,1143.050048828125
260476,20,0.7,-0.02024420164525509,0.4306814670562744,5.531691074371338,816.642333984375
260477,21,0.5714285714285714,0.17302782833576202,0.4629549980163574,2.811471939086914,1645.4188232421875
260478,100,0.47,-0.011038537137210369,0.47870126366615295,6.796640396118164,1512.72998046875
260479,100,0.51,0.0744432657957077,0.517806351184845,10.591913223266602,761.5294799804688
260480,34,0.38235294117647056,-0.02660175785422325,0.44850054383277893,1.3920657634735107,825.2196044921875
260481,100,0.57,-0.04502054303884506,0.5135224461555481,4.960770130157471,834.026611328125
260482,100,0.48,0.057413775473833084,0.5078476667404175,4.666860580444336,344.12060546875
260483,100,0.41,0.05292326211929321,0.5390705466270447,8.059810638427734,1330.1971435546875
260484,100,0.5,0.09308002144098282,0.5107733607292175,15.233661651611328,523.5305786132812
260485,11,0.6363636363636364,0.47560057044029236,0.7787491083145142,5.601341247558594,962.9580078125
260486,70,0.5714285714285714,0.07051457464694977,0.4509599506855011,10.165682792663574,1373.8857421875
260487,100,0.48,-0.07226825505495071,0.5244428515434265,4.446889877319336,1104.84033203125
260488,100,0.59,0.02239025942981243,0.5540585517883301,9.5253267288208,1280.8985595703125
260489,100,0.63,-0.023313123732805252,0.5690621733665466,4.7550859451293945,560.4010620117188
260490,71,0.4788732394366197,0.19410169124603271,0.4754568934440613,11.911659240722656,902.1824340820312
260491,100,0.48,0.16506001353263855,0.5386469960212708,22.032861709594727,1356.240478515625
260492,100,0.56,0.025075485929846764,0.49250030517578125,7.010385036468506,1247.7774658203125
260493,100,0.54,0.07464466243982315,0.5110054612159729,7.776253700256348,1067.285888671875
260494,100,0.44,0.12117595225572586,0.5162174105644226,13.329463958740234,1438.1502685546875
260495,100,0.49,0.07143564522266388,0.4982019364833832,10.491558074951172,362.1037902832031
260496,100,0.58,0.04538251459598541,0.4704497754573822,12.951294898986816,1207.58544921875
260497,100,0.52,0.012807241640985012,0.5634906888008118,4.210925102233887,832.2728881835938
260498,100,0.5,0.17529012262821198,0.5006077885627747,21.388111114501953,653.1200561523438
260499,100,0.54,0.08005312830209732,0.496601402759552,10.377176284790039,1071.321533203125
260500,100,0.58,-0.005979498382657766,0.503148078918457,4.238276481628418,526.0321655273438
260501,100,0.46,0.06113415211439133,0.5546138882637024,5.608027935028076,258.6583557128906
260502,100,0.51,0.019560853019356728,0.5296499133110046,9.769549369812012,781.7492065429688
260503,100,0.51,0.1809934675693512,0.4828941822052002,13.021271705627441,589.2257690429688
260504,100,0.53,0.04453939199447632,0.5437157154083252,9.325508117675781,662.585205078125
260505,100,0.52,0.009386320598423481,0.49049246311187744,7.1819682121276855,880.5219116210938
260506,39,0.6410256410256411,0.11030950397253036,0.47651591897010803,4.748314380645752,957.3650512695312
260507,100,0.47,-0.007586382795125246,0.48683637380599976,3.6483888626098633,1222.9522705078125
260508,100,0.54,-0.18834039568901062,0.5894771814346313,1.0280940532684326,287.27740478515625
260509,100,0.54,0.009070881642401218,0.5386653542518616,6.656084060668945,1435.7392578125
260510,100,0.53,-0.01551666110754013,0.4925994873046875,5.481616020202637,1103.7662353515625
260511,100,0.49,-0.038549475371837616,0.5197555422782898,4.953799247741699,309.4553527832031
260512,59,0.4915254237288136,0.04948759078979492,0.5112727284431458,9.585063934326172,1203.69091796875
260513,100,0.48,0.04037419334053993,0.5158864855766296,7.521268367767334,145.4634552001953
260514,100,0.52,0.037604350596666336,0.5373675227165222,5.647832870483398,900.3988037109375
260515,100,0.52,-0.01166936382651329,0.5362353920936584,3.904528856277466,377.17132568359375
260516,43,0.627906976744186,0.2611204981803894,0.5852246284484863,13.425182342529297,849.21630859375
260517,100,0.5,0.14933398365974426,0.5938848257064819,22.17865562438965,480.3731689453125
260518,100,0.59,-0.13898028433322906,0.5578781962394714,2.5611257553100586,1765.6649169921875
260519,51,0.47058823529411764,0.2302306443452835,0.49277618527412415,11.73896598815918,1805.046875
260520,98,0.47959183673469385,0.03167764097452164,0.59767085313797,5.748826503753662,985.269775390625
260521,100,0.59,-0.010284218937158585,0.47777682542800903,5.018285751342773,1499.439697265625
260522,100,0.41,0.10324473679065704,0.4852093756198883,21.2788028717041,1083.6082763671875
260523,67,0.5671641791044776,0.08998312056064606,0.4929755628108978,12.660737991333008,831.5535278320312
260524,100,0.42,0.12602464854717255,0.5206357836723328,13.924551010131836,1465.0848388671875
260525,100,0.43,-0.03428775444626808,0.556922435760498,6.322344779968262,1519.1226806640625
260526,100,0.59,0.07646341621875763,0.4230955243110657,8.67740249633789,1281.7730712890625
260527,77,0.4675324675324675,0.024471484124660492,0.5439561009407043,8.136835098266602,1329.363525390625
260528,12,0.5833333333333334,0.031173834577202797,0.6398254036903381,2.178900718688965,833.54150390625
260529,100,0.55,0.11181316524744034,0.5362353324890137,12.187634468078613,974.5147094726562
260530,52,0.4807692307692308,0.16367048025131226,0.5353921055793762,7.259861469268799,177.17103576660156
260531,100,0.52,-0.14584361016750336,0.5815157294273376,1.6856067180633545,1176.00390625
260532,100,0.55,-0.04964354634284973,0.5220423340797424,4.257008075714111,1461.1883544921875
260533,65,0.46153846153846156,0.15453244745731354,0.5252870321273804,15.108794212341309,1578.319091796875
260534,45,0.35555555555555557,-0.018375329673290253,0.5203311443328857,1.6138076782226562,633.7549438476562
260535,43,0.5116279069767442,0.11598517745733261,0.49770990014076233,7.809838771820068,1370.011962890625
260536,100,0.54,0.12159252166748047,0.4931594729423523,15.797380447387695,969.8207397460938
260537,100,0.51,-0.08780058473348618,0.492321252822876,3.2250888347625732,322.63079833984375
260538,86,0.45348837209302323,0.03956443816423416,0.5348853468894958,6.389911651611328,944.767578125
260539,100,0.48,-0.026347355917096138,0.456866055727005,8.83712387084961,1314.990478515625
260540,100,0.46,0.14722438156604767,0.5004662871360779,18.377788543701172,570.1763916015625
260541,100,0.52,0.10704244673252106,0.5226489901542664,20.568002700805664,777.3031005859375
260542,100,0.47,0.04421414062380791,0.508415937423706,7.20351505279541,1440.9261474609375
260543,100,0.6,0.06172459200024605,0.5945138335227966,11.128067970275879,317.030517578125
260544,100,0.48,0.006954034324735403,0.5709823966026306,7.492012977600098,1379.7501220703125
260545,80,0.55,0.05402151122689247,0.5810233950614929,9.89117431640625,1356.3638916015625
260546,100,0.59,-0.09853837639093399,0.5200207233428955,1.8611499071121216,1179.5615234375
260547,37,0.5405405405405406,0.09893890470266342,0.5039950609207153,3.8766562938690186,1257.971923828125
260548,30,0.3,0.24258314073085785,0.508814811706543,6.926454544067383,1104.0386962890625
260549,100,0.49,0.03566988557577133,0.5778532028198242,6.048311233520508,1182.3743896484375
260550,58,0.5517241379310345,0.20326709747314453,0.5999445915222168,12.068973541259766,771.9896850585938
260551,44,0.5227272727272727,0.22382430732250214,0.47287124395370483,13.567351341247559,617.5950927734375
260552,100,0.5,-0.09616288542747498,0.45141592621803284,4.578151226043701,970.6852416992188
260553,100,0.55,0.010585399344563484,0.6249238848686218,7.696897506713867,1232.2481689453125
260554,80,0.525,0.16482077538967133,0.5085641741752625,19.598894119262695,1166.52001953125
260555,100,0.57,0.03275107592344284,0.45630308985710144,6.855475425720215,337.1783142089844
260556,100,0.52,0.01625698432326317,0.5416080951690674,9.747188568115234,1513.265869140625
260557,100,0.57,-0.009491529315710068,0.5121461749076843,5.752072334289551,846.916015625
260558,100,0.6,0.03465043753385544,0.595509946346283,6.652160167694092,502.85150146484375
260559,100,0.52,0.07536785304546356,0.5079466700553894,13.95553970336914,1004.1981811523438
260560,100,0.49,0.12225472182035446,0.4875466227531433,13.944353103637695,1776.189697265625
260561,51,0.6078431372549019,0.16111546754837036,0.49219828844070435,14.663132667541504,1031.9786376953125
260562,49,0.46938775510204084,0.11627686768770218,0.4816432297229767,10.23493766784668,1565.6998291015625
260563,48,0.6041666666666666,0.17825208604335785,0.559725284576416,7.320982456207275,1121.7984619140625
260564,100,0.58,0.10180474072694778,0.5370227098464966,9.366891860961914,1628.0977783203125
260565,100,0.47,-0.0011742203496396542,0.5465840697288513,8.952956199645996,1378.4422607421875
260566,29,0.6206896551724138,-0.05996697396039963,0.507449746131897,1.6628433465957642,606.3096313476562
260567,100,0.47,-0.08253643661737442,0.5100163221359253,3.101719379425049,773.4105224609375
260568,77,0.5324675324675324,0.05626841261982918,0.5199858546257019,5.6080145835876465,828.3930053710938
260569,76,0.4473684210526316,0.08972280472517014,0.560183048248291,7.232608795166016,1798.66162109375
260570,100,0.6,0.03462450951337814,0.4234970211982727,9.681668281555176,520.6089477539062
260571,100,0.5,0.004746468272060156,0.4446752071380615,9.175617218017578,2141.953857421875
260572,100,0.56,0.1586313098669052,0.5825653672218323,28.326160430908203,592.8236083984375
260573,100,0.46,-0.024280091747641563,0.5090581178665161,2.39028263092041,788.6735229492188
260574,23,0.6086956521739131,0.04654277116060257,0.49756160378456116,4.552427768707275,1050.104248046875
260575,91,0.4945054945054945,0.11358266323804855,0.5264906883239746,12.156577110290527,785.5494995117188
260576,100,0.6,0.007272788789123297,0.5226000547409058,5.2793731689453125,128.92556762695312
260577,47,0.5319148936170213,0.23492370545864105,0.47038277983665466,17.202693939208984,1079.4310302734375
260578,100,0.49,0.04367952421307564,0.49644699692726135,10.979517936706543,653.08251953125
260579,100,0.54,0.03862794116139412,0.5659319162368774,11.764023780822754,1527.4739990234375
260580,93,0.44086021505376344,0.016467727720737457,0.47370660305023193,8.982564926147461,951.332275390625
260581,100,0.51,0.01543106883764267,0.5705327987670898,7.133442401885986,1455.66552734375
260582,100,0.53,0.010622665286064148,0.4174944758415222,3.4150800704956055,1236.08349609375
260583,100,0.57,0.09498939663171768,0.5623067617416382,21.15594482421875,1153.177978515625
260584,100,0.49,0.1086050271987915,0.45651787519454956,17.505189895629883,553.325927734375
260585,66,0.5454545454545454,0.20229239761829376,0.6637110114097595,17.341888427734375,1636.6795654296875
260586,59,0.4067796610169492,-0.006464332342147827,0.556377112865448,4.136516094207764,1880.5615234375
260587,100,0.54,-0.0009929218795150518,0.5129138231277466,6.2773919105529785,1347.1248779296875
260588,76,0.4868421052631579,-0.04759599640965462,0.5035764575004578,2.8047618865966797,1445.8570556640625
260589,100,0.51,0.10849156975746155,0.5220081806182861,13.502790451049805,1338.1170654296875
260590,100,0.38,-0.00041575965587981045,0.533367931842804,3.852705955505371,613.7586669921875
260591,100,0.48,0.06084368750452995,0.5571352243423462,9.541019439697266,465.17523193359375
260592,100,0.46,0.1583845168352127,0.5296640396118164,16.198633193969727,1659.2435302734375
260593,35,0.4,0.17048025131225586,0.4924251139163971,7.887032508850098,1201.7286376953125
260594,29,0.5517241379310345,0.2654765248298645,0.47705766558647156,10.129938125610352,1415.11572265625
260595,78,0.5384615384615384,0.18311583995819092,0.5141364932060242,20.379058837890625,2032.5391845703125
260596,100,0.55,0.07670403271913528,0.5323098301887512,10.777109146118164,840.0938720703125
260597,100,0.37,-0.07064308971166611,0.5486700534820557,2.460282564163208,1063.905029296875
260598,100,0.56,0.01702691800892353,0.5102614760398865,12.801984786987305,662.3301391601562
260599,100,0.57,0.16189029812812805,0.554068386554718,17.93149185180664,478.22216796875
260600,31,0.6129032258064516,0.2035125344991684,0.5245630145072937,11.401603698730469,591.480224609375
260601,30,0.6333333333333333,0.17100413143634796,0.43748247623443604,9.292683601379395,953.8286743164062
260602,100,0.47,0.0861855298280716,0.484209269285202,9.905131340026855,1111.6575927734375
260603,87,0.45977011494252873,0.12060756981372833,0.4907040596008301,12.952691078186035,1052.1273193359375
260604,16,0.375,0.2748395800590515,0.47287487983703613,1.75700843334198,1566.406982421875
260605,70,0.5285714285714286,-0.055870216339826584,0.49846625328063965,2.3042778968811035,887.2959594726562
260606,100,0.45,0.039390236139297485,0.5507855415344238,8.210567474365234,1274.641357421875
260607,100,0.5,-0.007683015428483486,0.4860815107822418,4.835949897766113,1026.477783203125
260608,76,0.5394736842105263,0.06499114632606506,0.6066617965698242,8.322073936462402,1193.317626953125
260609,100,0.46,-0.19480536878108978,0.5500521063804626,3.2301430702209473,746.3756713867188
260610,68,0.5,0.07127900421619415,0.530057430267334,11.007447242736816,1289.16796875
260611,25,0.48,0.23461656272411346,0.6231198906898499,8.178757667541504,617.7470703125
260612,100,0.54,0.019436752423644066,0.4465652406215668,8.931044578552246,1149.6395263671875
260613,100,0.39,0.09858912974596024,0.5213341116905212,14.775964736938477,1704.9359130859375
260614,19,0.47368421052631576,0.26208415627479553,0.4984353184700012,7.405483245849609,1704.1180419921875
260615,7,0.2857142857142857,0.3550354540348053,0.4334959089756012,2.3836886882781982,800.5159912109375
260616,39,0.5384615384615384,0.15691550076007843,0.5203863978385925,5.530211448669434,688.4949340820312
260617,11,0.5454545454545454,0.4178219735622406,0.2903386056423187,5.745639324188232,871.87744140625
260618,31,0.5806451612903226,0.16679058969020844,0.507809579372406,5.742647647857666,1094.4278564453125
260619,30,0.5,-0.06519534438848495,0.6301376819610596,2.1897077560424805,1310.8509521484375
260620,100,0.5,-0.03970597684383392,0.5063794851303101,5.51619815826416,1533.9381103515625
260621,100,0.46,0.07580413669347763,0.5395616888999939,11.986832618713379,1247.8408203125
260622,54,0.4074074074074074,0.220096156001091,0.4939962923526764,14.469480514526367,1524.009765625
260623,60,0.5166666666666667,0.08705296367406845,0.46474769711494446,4.123933792114258,449.1882629394531
260624,15,0.6,0.4537408649921417,0.36368441581726074,9.269287109375,1867.7879638671875
260625,100,0.53,0.011868096888065338,0.528090238571167,5.72113037109375,698.0126342773438
260626,100,0.53,-0.019594300538301468,0.5967434048652649,4.364760875701904,994.0419311523438
260627,100,0.51,0.038678284734487534,0.5771145820617676,8.033265113830566,1317.2916259765625
260628,100,0.51,-0.03702860698103905,0.52253258228302,3.3838512897491455,1676.643310546875
260629,58,0.5,0.17224666476249695,0.6017223000526428,14.783836364746094,1389.7578125
260630,56,0.5178571428571429,0.2392982393503189,0.43506354093551636,14.415677070617676,1074.769775390625
260631,100,0.5,0.15402299165725708,0.4963468909263611,18.432777404785156,1744.24560546875
260632,14,0.35714285714285715,0.1870211660861969,0.536222517490387,2.329223394393921,1278.2349853515625
260633,35,0.4857142857142857,0.22114276885986328,0.46048370003700256,8.13068675994873,796.939697265625
260634,49,0.5714285714285714,0.08658279478549957,0.5026419758796692,12.622745513916016,1400.5654296875
260635,50,0.62,0.08981413394212723,0.5129668116569519,13.155861854553223,724.1268310546875
260636,52,0.5,0.1697012335062027,0.47088801860809326,11.007415771484375,1165.80126953125
260637,6,0.5,0.5609639286994934,0.2374548316001892,4.478905200958252,1668.96435546875
260638,25,0.56,-0.0446678102016449,0.40567493438720703,2.6503305435180664,2090.001953125
260639,100,0.35,-0.00926559790968895,0.49866169691085815,2.9566357135772705,1989.00830078125
260640,100,0.57,-0.03726194053888321,0.5008580684661865,4.277636528015137,934.777587890625
260641,100,0.49,-0.02062411606311798,0.5255022048950195,3.0738372802734375,309.39605712890625
260642,100,0.46,-0.07053573429584503,0.4801013767719269,3.819706678390503,1291.235595703125
260643,39,0.48717948717948717,0.13358324766159058,0.5007971525192261,8.404617309570312,1194.57470703125
260644,100,0.38,0.06066051870584488,0.49175432324409485,5.146599292755127,1669.3033447265625
260645,100,0.45,0.07933072745800018,0.567297101020813,8.984628677368164,862.4434814453125
260646,89,0.47191011235955055,0.11364904791116714,0.4917747676372528,17.449125289916992,1017.8605346679688
260647,100,0.55,0.10535029321908951,0.5159854888916016,15.865817070007324,2045.3016357421875
260648,72,0.4305555555555556,0.026189200580120087,0.4046027958393097,3.336956024169922,1080.0511474609375
260649,100,0.55,-0.07726118713617325,0.5125558376312256,3.5976762771606445,1100.5994873046875
260650,100,0.52,0.019280118867754936,0.5145172476768494,11.856358528137207,767.3823852539062
260651,100,0.47,0.09411760419607162,0.547972559928894,8.305519104003906,707.9378662109375
260652,100,0.56,0.043068550527095795,0.488725483417511,11.708702087402344,858.885009765625
260653,99,0.5454545454545454,0.03888167440891266,0.4986035227775574,5.731992244720459,531.2838745117188
260654,37,0.4864864864864865,0.024606406688690186,0.49764084815979004,4.05402946472168,1223.3690185546875
260655,67,0.44776119402985076,0.04810450226068497,0.4832949638366699,11.819076538085938,950.0354614257812
260656,45,0.4222222222222222,0.15700775384902954,0.5629073977470398,10.956256866455078,404.6446838378906
260657,100,0.47,0.01569725200533867,0.5686712265014648,7.651434421539307,1118.1990966796875
260658,35,0.5142857142857142,0.07834115624427795,0.5455061197280884,9.329485893249512,1065.627685546875
260659,7,0.42857142857142855,0.24635225534439087,0.39545923471450806,0.9220138192176819,609.5242309570312
260660,100,0.49,0.17449842393398285,0.5474681258201599,17.772506713867188,943.73291015625
260661,100,0.54,0.11160344630479813,0.5182228684425354,19.563480377197266,932.5286865234375
260662,33,0.5454545454545454,0.5276772975921631,0.6342405080795288,25.263568878173828,929.319580078125
260663,83,0.5542168674698795,0.03451051563024521,0.5674025416374207,8.106402397155762,827.9825439453125
260664,49,0.4897959183673469,0.41596564650535583,0.532548189163208,21.65518569946289,600.17724609375
260665,80,0.55,0.0762525349855423,0.5063951015472412,8.566898345947266,1047.8330078125
260666,59,0.423728813559322,0.26976853609085083,0.5151034593582153,12.280229568481445,1719.97607421875
260667,100,0.54,0.048612747341394424,0.4995734989643097,8.109557151794434,1698.19287109375
260668,100,0.51,0.028705231845378876,0.5280645489692688,5.50966739654541,910.4945678710938
260669,84,0.5357142857142857,0.17715981602668762,0.5782145261764526,19.180395126342773,1138.95654296875
260670,55,0.6727272727272727,0.2785719037055969,0.46612125635147095,18.949480056762695,1474.5732421875
260671,85,0.5294117647058824,0.0728815570473671,0.47295165061950684,8.682084083557129,987.7323608398438
260672,4,0.5,0.10432027280330658,0.4923570454120636,0.46064138412475586,912.1900634765625
260673,66,0.5909090909090909,0.1439470499753952,0.4633285105228424,15.506513595581055,1477.939208984375
260674,100,0.41,0.16789975762367249,0.5108343362808228,11.55525016784668,665.1114501953125
260675,100,0.49,-0.04422629252076149,0.5056740641593933,3.4597504138946533,1665.1402587890625
260676,94,0.46808510638297873,0.10684647411108017,0.5177555680274963,11.016311645507812,778.5011596679688
260677,36,0.6944444444444444,0.09809686988592148,0.4259003698825836,4.6279988288879395,1979.197265625
260678,68,0.39705882352941174,0.2410358339548111,0.4845179617404938,17.654138565063477,1845.2152099609375
260679,77,0.5584415584415584,0.09218858182430267,0.4773417115211487,12.965705871582031,1480.30810546875
260680,75,0.41333333333333333,0.06680748611688614,0.5855689644813538,5.008508205413818,1235.76953125
260681,90,0.45555555555555555,0.12944939732551575,0.5276479721069336,13.932608604431152,1296.9140625
260682,53,0.41509433962264153,0.3110237121582031,0.49923020601272583,17.128562927246094,1555.9215087890625
260683,60,0.5166666666666667,0.3208620250225067,0.5668303966522217,15.90395450592041,1887.224609375
260684,50,0.52,0.10885541886091232,0.5590393543243408,10.547659873962402,878.0084228515625
260685,61,0.5245901639344263,0.24547110497951508,0.434904009103775,14.580362319946289,1040.4840087890625
260686,100,0.47,0.18385586142539978,0.44563746452331543,23.42009735107422,808.0606079101562
260687,29,0.5172413793103449,0.04478286951780319,0.4800836145877838,2.2670698165893555,1299.5706787109375
260688,35,0.5142857142857142,0.22105762362480164,0.624274730682373,10.833855628967285,1623.1436767578125
260689,39,0.38461538461538464,0.36468392610549927,0.44414710998535156,13.684585571289062,642.8272705078125
260690,41,0.6097560975609756,0.15873703360557556,0.4840499758720398,12.983511924743652,827.3988037109375
260691,100,0.54,0.1288815140724182,0.5385235548019409,13.476858139038086,279.6908264160156
260692,30,0.6333333333333333,0.0917176604270935,0.568446695804596,9.04504108428955,1620.2557373046875
260693,64,0.484375,0.15494737029075623,0.5502748489379883,20.55551528930664,2076.704345703125
260694,39,0.5128205128205128,-0.03963429480791092,0.46028658747673035,3.0034260749816895,763.4754028320312
260695,31,0.45161290322580644,0.22181901335716248,0.45718154311180115,7.642138957977295,1097.505859375
260696,100,0.56,0.08462142199277878,0.47280457615852356,18.682973861694336,1338.420654296875
260697,93,0.4731182795698925,0.09798980504274368,0.4794580042362213,14.3642578125,1985.0447998046875
260698,49,0.46938775510204084,0.13764725625514984,0.3893245458602905,9.569096565246582,783.7510375976562
260699,4,0.25,0.7584786415100098,0.29945552349090576,0.7584786415100098,1277.1270751953125
260700,72,0.5694444444444444,0.10532352328300476,0.394044429063797,12.75255012512207,1817.8507080078125
260701,100,0.42,0.05488121509552002,0.4760965406894684,12.220246315002441,849.5555419921875
260702,50,0.54,0.24969927966594696,0.5372819304466248,13.89207649230957,1474.2708740234375
260703,88,0.5113636363636364,0.16916950047016144,0.5660215020179749,13.194097518920898,1199.5272216796875
260704,50,0.52,0.16072766482830048,0.41883745789527893,14.861946105957031,1391.956787109375
260705,55,0.5454545454545454,0.2654650807380676,0.5605748891830444,23.374704360961914,818.8534545898438
260706,100,0.6,0.030350495129823685,0.4706704020500183,11.237560272216797,561.0556640625
260707,100,0.54,0.11469355970621109,0.504341185092926,21.54549789428711,1215.8426513671875
260708,100,0.49,0.12634976208209991,0.5240696668624878,19.422082901000977,1523.4945068359375
260709,100,0.46,0.052456922829151154,0.5239281058311462,11.578465461730957,565.9085693359375
260710,52,0.5192307692307693,0.4061146378517151,0.4763775169849396,25.304277420043945,620.9629516601562
260711,100,0.5,0.05223175510764122,0.4940280616283417,6.45490837097168,547.6376953125
260712,100,0.47,0.08494365215301514,0.5264963507652283,9.883245468139648,672.1890869140625
260713,73,0.6027397260273972,-0.052870310842990875,0.6161008477210999,3.746504306793213,1252.84033203125
260714,89,0.5617977528089888,0.10802758485078812,0.43992844223976135,16.590803146362305,1420.5146484375
260715,35,0.5714285714285714,0.17429333925247192,0.4337773025035858,8.650948524475098,948.0213623046875
260716,100,0.48,0.06207648292183876,0.5500360727310181,10.220806121826172,1372.7716064453125
260717,42,0.6666666666666666,0.24215976893901825,0.424588680267334,15.014931678771973,1172.6353759765625
260718,3,0.6666666666666666,0.6024346351623535,0.37928831577301025,4.245312213897705,522.9525146484375
260719,100,0.47,-0.13669082522392273,0.5753257274627686,1.827001929283142,557.1838989257812
260720,90,0.6222222222222222,0.052556030452251434,0.44377824664115906,19.51479148864746,1816.9139404296875
260721,26,0.5384615384615384,0.2934539020061493,0.539402961730957,11.927347183227539,1541.7998046875
260722,39,0.6923076923076923,0.2234186977148056,0.5728147029876709,14.921015739440918,1065.8153076171875
260723,100,0.52,0.0847112387418747,0.49571290612220764,13.494793891906738,1212.394775390625
260724,100,0.51,0.04299062862992287,0.5681648850440979,13.697513580322266,217.51551818847656
260725,34,0.3235294117647059,0.229227215051651,0.47714105248451233,7.809008598327637,1087.6810302734375
260726,100,0.53,0.07972939312458038,0.5045126676559448,11.739672660827637,373.3148498535156
260727,72,0.5555555555555556,0.1134258285164833,0.6233509182929993,11.419926643371582,1240.8182373046875
260728,36,0.6111111111111112,0.18822461366653442,0.5371443033218384,7.835868835449219,1496.87109375
260729,46,0.45652173913043476,0.13514375686645508,0.4286704659461975,6.043796062469482,820.9526977539062
260730,100,0.48,0.08828988671302795,0.5775637030601501,7.928641319274902,259.80810546875
260731,100,0.52,0.0896243304014206,0.4707152843475342,9.03002643585205,759.9751586914062
260732,9,0.4444444444444444,0.35013875365257263,0.5505151748657227,2.1732451915740967,752.4286499023438
260733,100,0.5,0.12694118916988373,0.4699476659297943,14.757680892944336,931.2728271484375
260734,100,0.52,0.0860440656542778,0.4799661636352539,10.197866439819336,1578.5009765625
260735,46,0.5652173913043478,0.25631511211395264,0.5130101442337036,16.860530853271484,1361.7022705078125
260736,100,0.49,0.13345101475715637,0.4480973780155182,17.451770782470703,793.173828125
260737,94,0.4574468085106383,0.18559232354164124,0.5133532285690308,21.592632293701172,2255.0576171875
260738,57,0.6140350877192983,0.22085732221603394,0.4409343898296356,18.848180770874023,1644.808837890625
260739,37,0.5675675675675675,0.20019882917404175,0.4389914870262146,6.724574565887451,1698.2794189453125
260740,54,0.3888888888888889,0.3810296356678009,0.4595333933830261,18.31659698486328,1757.687255859375
260741,20,0.45,-0.08254210650920868,0.5142790079116821,2.2464280128479004,1356.66650390625
260742,78,0.5512820512820513,0.10157983005046844,0.5297829508781433,12.557539939880371,1684.647216796875
260743,100,0.44,0.06771351397037506,0.5399652123451233,7.131082534790039,405.8441162109375
260744,19,0.631578947368421,0.2957148253917694,0.5883350372314453,5.800448417663574,694.0008544921875
260745,30,0.4666666666666667,0.058473050594329834,0.5586296916007996,3.230048894882202,1450.3804931640625
260746,21,0.5714285714285714,0.46884456276893616,0.4796980619430542,9.316539764404297,1745.91015625
260747,78,0.5128205128205128,0.07874490320682526,0.49738985300064087,7.202577114105225,1968.6329345703125
260748,33,0.5151515151515151,0.2878510355949402,0.5643731951713562,7.672330379486084,1282.93896484375
260749,33,0.5151515151515151,0.21476952731609344,0.3973658084869385,11.645506858825684,1521.1197509765625
260750,52,0.5384615384615384,0.18541404604911804,0.5184139013290405,8.259598731994629,1438.529541015625
260751,74,0.6081081081081081,0.11724793910980225,0.542217493057251,11.869808197021484,1186.7867431640625
260752,100,0.5,-0.05996101722121239,0.4957523047924042,4.427416801452637,371.5584411621094
260753,100,0.49,0.11367975920438766,0.4974423944950104,15.477377891540527,1685.8846435546875
260754,17,0.5882352941176471,0.09183011204004288,0.4399121105670929,6.9720683097839355,959.6160278320312
260755,53,0.49056603773584906,0.22271864116191864,0.4689994752407074,10.468833923339844,529.799560546875
260756,100,0.66,0.04477176070213318,0.5465299487113953,12.195099830627441,406.5895080566406
260757,96,0.5104166666666666,0.1170249730348587,0.5399905443191528,21.180173873901367,837.1331787109375
260758,62,0.6612903225806451,0.14800691604614258,0.4344313442707062,17.67943000793457,521.0281982421875
260759,100,0.5,0.1448901742696762,0.468005895614624,17.374595642089844,1278.1199951171875
260760,30,0.5666666666666667,0.23772156238555908,0.44118037819862366,6.451382160186768,1327.5482177734375
260761,46,0.5,0.22019360959529877,0.5460286736488342,12.471207618713379,416.09954833984375
260762,72,0.5555555555555556,0.08528204262256622,0.5595782995223999,11.849262237548828,2117.34716796875
260763,51,0.5294117647058824,0.24743963778018951,0.5710005760192871,13.742510795593262,452.2461242675781
260764,78,0.48717948717948717,0.04650853946805,0.48502811789512634,12.979338645935059,1472.24853515625
260765,37,0.5945945945945946,0.04115024581551552,0.506239652633667,6.331956386566162,1113.97998046875
260766,100,0.49,0.062021367251873016,0.5162615776062012,8.312551498413086,908.6248168945312
260767,100,0.44,-0.030761444941163063,0.5273943543434143,8.069580078125,1184.5047607421875
260768,100,0.53,-0.014919943176209927,0.5077245831489563,5.344064712524414,1587.8388671875
260769,31,0.41935483870967744,0.44097989797592163,0.4451279640197754,10.687827110290527,1777.3367919921875
260770,61,0.45901639344262296,0.07594124972820282,0.5464678406715393,7.5993571281433105,1428.3995361328125
260771,11,0.6363636363636364,0.11762741953134537,0.38232001662254333,5.079249382019043,657.1483764648438
260772,100,0.49,0.0790260061621666,0.5524958968162537,17.416221618652344,1362.3514404296875
260773,100,0.54,0.06262663751840591,0.5159956216812134,5.697713851928711,292.45068359375
260774,54,0.48148148148148145,0.14287069439888,0.5077537298202515,9.089198112487793,939.1179809570312
260775,42,0.5714285714285714,0.18680019676685333,0.5414039492607117,14.090113639831543,1608.398681640625
260776,23,0.4782608695652174,0.17900557816028595,0.5813065767288208,5.731830596923828,1633.591552734375
260777,100,0.49,0.04303969070315361,0.43215620517730713,10.578394889831543,289.2466125488281
260778,6,0.6666666666666666,0.7746151685714722,0.8955013751983643,8.377394676208496,1493.8436279296875
260779,100,0.48,0.060114677995443344,0.5359563231468201,14.652615547180176,967.4326171875
260780,72,0.5694444444444444,0.18251486122608185,0.542828381061554,15.41327953338623,666.495849609375
260781,71,0.5070422535211268,0.17265357077121735,0.49571242928504944,14.751426696777344,769.6231079101562
260782,43,0.6744186046511628,0.09449052810668945,0.4813366234302521,6.59126615524292,1551.9661865234375
260783,39,0.6153846153846154,0.19646982848644257,0.5080331563949585,13.883071899414062,680.876220703125
260784,49,0.6326530612244898,0.13487973809242249,0.4044875502586365,12.571682929992676,1022.7877197265625
260785,45,0.4888888888888889,0.33452528715133667,0.5160524249076843,14.089340209960938,1096.3946533203125
260786,27,0.5185185185185185,0.3290345072746277,0.5377405881881714,9.902738571166992,1723.317138671875
260787,58,0.603448275862069,0.195018470287323,0.579730749130249,17.320274353027344,1734.4490966796875
260788,32,0.59375,0.23070739209651947,0.580474317073822,12.601757049560547,862.236328125
260789,71,0.6338028169014085,0.24688337743282318,0.5170376300811768,16.452415466308594,2058.473388671875
260790,29,0.5517241379310345,0.4769788384437561,0.4484158158302307,18.328279495239258,1105.1104736328125
260791,100,0.53,0.20241202414035797,0.5601224899291992,27.098779678344727,934.2857055664062
260792,19,0.5263157894736842,0.06901710480451584,0.3506377637386322,4.466050624847412,1097.66650390625
260793,85,0.5882352941176471,0.11065909266471863,0.6406505703926086,16.10065269470215,1815.5538330078125
260794,100,0.55,0.0031410553492605686,0.376447856426239,4.637955665588379,786.2703857421875
260795,43,0.6046511627906976,0.17821060121059418,0.38327303528785706,13.691368103027344,1801.7633056640625
260796,59,0.4576271186440678,0.14840801060199738,0.43351805210113525,13.580625534057617,1817.6690673828125
260797,57,0.5964912280701754,0.17499004304409027,0.4533024728298187,15.071134567260742,1053.5670166015625
260798,69,0.5652173913043478,0.0071559748612344265,0.5311675667762756,7.774145126342773,944.9322509765625
260799,50,0.5,0.20209258794784546,0.43347424268722534,12.606729507446289,1818.7421875
260800,82,0.5,0.14353640377521515,0.5290787220001221,24.828386306762695,1039.091552734375
260801,66,0.45454545454545453,0.26385337114334106,0.5239515900611877,16.609554290771484,1707.1871337890625
260802,16,0.5,0.17028002440929413,0.4256857931613922,3.712388038635254,290.5626525878906
260803,80,0.5,0.1618070751428604,0.5721766352653503,13.050593376159668,869.9381103515625
260804,44,0.5227272727272727,0.43633490800857544,0.38145890831947327,18.666461944580078,911.766357421875
260805,11,0.18181818181818182,-0.0821705162525177,0.544147253036499,0.2110576629638672,781.405517578125
260806,93,0.4946236559139785,0.07655782997608185,0.4874459505081177,8.22452163696289,1484.3663330078125
260807,100,0.46,0.044892165809869766,0.4874911904335022,7.967708587646484,1404.9862060546875
260808,100,0.45,-0.11221857368946075,0.4750313460826874,1.7514616250991821,770.199951171875
260809,71,0.5492957746478874,0.14132137596607208,0.5797756314277649,16.47626495361328,559.28662109375
260810,100,0.46,0.13116709887981415,0.5362619161605835,8.380413055419922,1007.822265625
260811,100,0.47,0.065575510263443,0.4730289876461029,14.124234199523926,881.8353271484375
260812,39,0.5128205128205128,0.25385427474975586,0.48620834946632385,12.042280197143555,1559.5694580078125
260813,45,0.5333333333333333,0.23462535440921783,0.49460548162460327,10.491137504577637,1484.47314453125
260814,46,0.5217391304347826,0.15210337936878204,0.4823874235153198,7.396636486053467,1455.6300048828125
260815,60,0.5333333333333333,0.14576955139636993,0.45835986733436584,12.3612642288208,1370.8258056640625
260816,100,0.51,-0.04722483828663826,0.4956814646720886,9.109659194946289,494.3893127441406
260817,100,0.49,0.055159859359264374,0.5250826478004456,15.932682991027832,1300.7406005859375
260818,100,0.53,0.03642674535512924,0.4632261097431183,6.932822227478027,1225.5413818359375
260819,80,0.475,0.1460486650466919,0.4419291019439697,11.72298526763916,1200.2606201171875
260820,33,0.5454545454545454,0.21653692424297333,0.5272523760795593,10.483881950378418,1652.5057373046875
260821,100,0.52,-0.011057408526539803,0.46037784218788147,8.361474990844727,2051.407470703125
260822,54,0.4444444444444444,0.42520952224731445,0.5556837320327759,18.185836791992188,1284.7427978515625
260823,76,0.5394736842105263,0.15459376573562622,0.5311732292175293,19.019689559936523,1813.2103271484375
260824,98,0.42857142857142855,0.11113329231739044,0.5468529462814331,13.78548526763916,585.877197265625
260825,58,0.4482758620689655,0.17985810339450836,0.5693053007125854,9.271378517150879,1826.6810302734375
260826,83,0.5180722891566265,0.06302319467067719,0.5143222212791443,13.13290786743164,183.4767303466797
260827,100,0.4,0.04751531779766083,0.5122227668762207,6.341942310333252,1017.1903076171875
260828,61,0.6557377049180327,0.20047077536582947,0.43659597635269165,18.964418411254883,171.8460235595703
260829,13,0.46153846153846156,0.07792051881551743,0.4960949718952179,1.8355381488800049,1244.4500732421875
260830,52,0.5,0.2107229232788086,0.5400158166885376,9.185941696166992,950.0581665039062
260831,53,0.5660377358490566,0.08512716740369797,0.5088216662406921,10.345706939697266,585.2906494140625
260832,23,0.5652173913043478,0.3846469521522522,0.6618974208831787,14.70997428894043,1277.51904296875
260833,47,0.5531914893617021,0.2576730251312256,0.38356253504753113,17.577333450317383,686.0011596679688
260834,56,0.5535714285714286,0.32703977823257446,0.4857109487056732,24.412399291992188,1346.2003173828125
260835,55,0.6363636363636364,0.03337699919939041,0.5305231809616089,6.407144069671631,1343.1690673828125
260836,38,0.4473684210526316,0.20862258970737457,0.5652356147766113,8.583606719970703,698.2962036132812
260837,47,0.3829787234042553,0.08051420748233795,0.4848962724208832,4.618250846862793,1372.5565185546875
260838,100,0.54,0.16947132349014282,0.5384535789489746,20.9713191986084,1852.76220703125
260839,58,0.5689655172413793,0.15760649740695953,0.47038722038269043,15.307649612426758,1084.97607421875
260840,90,0.5111111111111111,0.07690712809562683,0.4392545819282532,10.786959648132324,1312.0137939453125
260841,88,0.5,0.23450814187526703,0.480512410402298,20.903118133544922,2059.23193359375
260842,38,0.5526315789473685,0.2884352207183838,0.5188780426979065,11.47353744506836,527.463623046875
260843,100,0.51,0.14763033390045166,0.42470160126686096,19.875083923339844,2415.24072265625
260844,100,0.43,0.035745009779930115,0.5157033801078796,12.076070785522461,908.6216430664062
260845,48,0.5625,0.2337343990802765,0.5354658365249634,13.859450340270996,715.8387451171875
260846,40,0.55,0.2467307150363922,0.5042610168457031,12.71159553527832,1765.765625
260847,29,0.4482758620689655,0.028208252042531967,0.3316444754600525,2.0059280395507812,278.4177551269531
260848,47,0.6382978723404256,0.11146099120378494,0.46257346868515015,7.485222816467285,1205.1185302734375
260849,68,0.5294117647058824,0.09580286592245102,0.49564915895462036,7.153148174285889,1024.0494384765625
260850,60,0.5333333333333333,0.20339319109916687,0.596873939037323,20.62507438659668,1295.6959228515625
260851,58,0.4827586206896552,0.3543653190135956,0.5299126505851746,19.848047256469727,326.9604187011719
260852,27,0.5185185185185185,0.13512282073497772,0.5254321694374084,3.380323886871338,1109.0308837890625
260853,62,0.5806451612903226,0.24173647165298462,0.5274738669395447,22.968679428100586,1952.2064208984375
260854,95,0.5157894736842106,0.18633517622947693,0.49742794036865234,23.383621215820312,2099.271484375
260855,27,0.5925925925925926,0.11911262571811676,0.4617901146411896,3.65627121925354,1123.08154296875
260856,46,0.5217391304347826,0.27704083919525146,0.5419747233390808,12.081640243530273,623.12060546875
260857,29,0.5517241379310345,0.2045828253030777,0.574553906917572,6.255680084228516,1225.9287109375
260858,83,0.5421686746987951,0.12764810025691986,0.552251935005188,11.168670654296875,476.56512451171875
260859,25,0.64,0.3324121832847595,0.517776370048523,9.889687538146973,617.5321044921875
260860,53,0.5660377358490566,0.2453945428133011,0.4580208361148834,15.09793472290039,1920.890869140625
260861,100,0.46,0.024295659735798836,0.5117195248603821,7.639120578765869,1509.37646484375
260862,91,0.4725274725274725,0.042734112590551376,0.5260132551193237,10.17057991027832,1571.4847412109375
260863,74,0.47297297297297297,0.22813832759857178,0.5072755217552185,20.93979835510254,1362.40185546875
260864,100,0.6,0.02200053073465824,0.5228516459465027,8.627978324890137,575.916748046875
260865,32,0.59375,0.3327583074569702,0.5639532208442688,14.717470169067383,1846.9774169921875
260866,92,0.5108695652173914,0.18024253845214844,0.37388962507247925,12.374566078186035,736.4470825195312
260867,100,0.51,0.05029886215925217,0.48284590244293213,7.740667819976807,1380.195556640625
260868,11,0.45454545454545453,0.5205090045928955,0.6017596125602722,5.248712062835693,652.6091918945312
260869,38,0.631578947368421,0.03936665132641792,0.5602568984031677,5.749266147613525,1780.3089599609375
260870,34,0.5294117647058824,0.22936919331550598,0.6524051427841187,7.856655120849609,1624.612060546875
260871,51,0.5098039215686274,0.27418577671051025,0.4985893666744232,13.473581314086914,1486.8072509765625
260872,90,0.4666666666666667,0.1453879475593567,0.537617027759552,17.73406982421875,545.5095825195312
260873,68,0.5,0.15242618322372437,0.5270450115203857,15.343620300292969,1658.53564453125
260874,61,0.6065573770491803,0.2275230884552002,0.42310503125190735,23.590368270874023,1586.072265625
260875,89,0.5056179775280899,0.1738390028476715,0.5316911935806274,18.05542755126953,1534.370361328125
260876,66,0.45454545454545453,0.24888311326503754,0.5179795622825623,20.20935821533203,810.565185546875
260877,100,0.44,-0.01000036671757698,0.5168041586875916,4.983503341674805,1272.4451904296875
260878,48,0.5,0.2735837996006012,0.5114386081695557,15.130938529968262,1322.319091796875
260879,63,0.5396825396825397,0.12222399562597275,0.5341708064079285,8.700153350830078,1687.911376953125
260880,61,0.5409836065573771,0.33008527755737305,0.4831054210662842,20.993309020996094,1491.9556884765625
260881,44,0.38636363636363635,0.07204173505306244,0.49901482462882996,4.546419143676758,1634.0234375
260882,100,0.43,0.21343585848808289,0.5407637357711792,27.51311492919922,847.3546142578125
260883,17,0.4117647058823529,0.3356487452983856,0.4891110956668854,3.6817307472229004,1096.0556640625
260884,39,0.6410256410256411,0.18449866771697998,0.6430573463439941,9.344439506530762,1771.4248046875
260885,20,0.35,0.5073504447937012,0.43390828371047974,9.754914283752441,1204.6612548828125
260886,27,0.5185185185185185,0.32069993019104004,0.514625072479248,11.110896110534668,640.6823120117188
260887,100,0.45,0.08625984936952591,0.45992112159729004,9.299388885498047,246.29443359375
260888,55,0.5454545454545454,0.23794835805892944,0.5969708561897278,17.3049373626709,634.2161254882812
260889,49,0.5102040816326531,0.3367733061313629,0.4947679936885834,19.163475036621094,1385.101806640625
260890,69,0.4057971014492754,0.07526940852403641,0.5606337785720825,5.2104597091674805,1688.0518798828125
260891,17,0.5882352941176471,0.510675311088562,0.6896477937698364,11.150900840759277,1858.806640625
260892,78,0.5384615384615384,0.21375547349452972,0.5212191939353943,25.96344757080078,1758.617431640625
260893,31,0.5161290322580645,0.4766606092453003,0.5233669281005859,14.845541954040527,1538.980224609375
260894,73,0.4657534246575342,0.12561072409152985,0.5199649930000305,11.373905181884766,1664.986083984375
260895,72,0.5138888888888888,0.18847762048244476,0.41033124923706055,21.98021125793457,1404.3333740234375
260896,69,0.42028985507246375,0.2096175104379654,0.4886227548122406,7.330056667327881,1112.790283203125
260897,50,0.48,0.27080175280570984,0.4489856958389282,16.236000061035156,1195.807373046875
260898,98,0.5,0.18119336664676666,0.531355619430542,19.236312866210938,2103.20556640625
260899,100,0.49,0.06204666942358017,0.456719309091568,12.594847679138184,1335.96044921875
260900,42,0.40476190476190477,0.3443547785282135,0.5044478178024292,16.120166778564453,979.4290771484375
260901,54,0.5740740740740741,0.24423886835575104,0.5233818292617798,19.085920333862305,1430.3524169921875
260902,45,0.4888888888888889,0.2574162185192108,0.48578041791915894,9.950582504272461,1020.0877075195312
260903,57,0.6666666666666666,0.29616066813468933,0.4528149664402008,23.124244689941406,791.9176025390625
260904,34,0.4117647058823529,0.22750087082386017,0.521537721157074,5.4825639724731445,1607.3729248046875
260905,100,0.48,0.07848412543535233,0.45355382561683655,12.47059440612793,1289.0440673828125
260906,2,0.5,0.633115828037262,0.44747838377952576,2.5324630737304688,1827.2911376953125
260907,27,0.6296296296296297,0.2446865439414978,0.4227827191352844,8.031442642211914,1123.754638671875
260908,50,0.48,0.4058568477630615,0.5618565678596497,15.234844207763672,1081.993896484375
260909,74,0.5,0.14416515827178955,0.5260264873504639,10.80177116394043,1733.066162109375
260910,49,0.5102040816326531,0.1567293405532837,0.388430118560791,12.969076156616211,918.5908813476562
260911,42,0.6666666666666666,0.2748235762119293,0.6237272620201111,14.529658317565918,1258.15380859375
260912,71,0.5352112676056338,0.21772146224975586,0.46380841732025146,21.047042846679688,1036.8736572265625
260913,57,0.5964912280701754,0.046384140849113464,0.41316860914230347,5.438782215118408,991.19775390625
260914,53,0.49056603773584906,0.11085857450962067,0.5728070139884949,8.425199508666992,751.7975463867188
260915,54,0.5555555555555556,0.2510715425014496,0.5365960001945496,11.555611610412598,1231.75439453125
260916,48,0.4375,0.19705048203468323,0.5149677991867065,6.481372356414795,1035.0345458984375
260917,50,0.58,0.16366687417030334,0.5575871467590332,14.522207260131836,515.8900756835938
260918,55,0.4727272727272727,0.21883398294448853,0.475456178188324,7.802388668060303,1345.824951171875
260919,45,0.4444444444444444,0.1930537074804306,0.534423828125,10.03996467590332,208.5484161376953
260920,100,0.43,0.007783702574670315,0.4338539242744446,11.284688949584961,1688.322509765625
260921,49,0.5102040816326531,0.15317827463150024,0.3215819299221039,11.193360328674316,662.2313842773438
260922,72,0.5555555555555556,0.12024044990539551,0.47819381952285767,8.097713470458984,2180.160400390625
260923,36,0.7222222222222222,0.3997565507888794,0.49944478273391724,16.72173309326172,1275.4873046875
260924,56,0.5535714285714286,0.20065122842788696,0.47096166014671326,17.13473892211914,1237.08740234375
260925,7,0.5714285714285714,0.5721386075019836,0.6458702683448792,4.317270278930664,1533.76806640625
260926,66,0.5606060606060606,0.16286063194274902,0.5656113624572754,19.66181755065918,814.6156005859375
260927,42,0.6666666666666666,0.3328856825828552,0.5433940291404724,23.962263107299805,1146.3441162109375
260928,45,0.7111111111111111,0.1284237504005432,0.460387259721756,16.189441680908203,308.28399658203125
260929,18,0.4444444444444444,0.4837997555732727,0.6083788275718689,9.909028053283691,1650.3848876953125
260930,100,0.36,0.038749080151319504,0.5524664521217346,5.687358379364014,1102.7750244140625
260931,63,0.5238095238095238,0.022252148017287254,0.5188740491867065,5.340750694274902,1319.677001953125
260932,87,0.5747126436781609,0.14432963728904724,0.4504658877849579,23.14630699157715,1498.4810791015625
260933,86,0.5465116279069767,0.10807662457227707,0.5131952166557312,12.444162368774414,740.62646484375
260934,55,0.6,0.30465108156204224,0.43896839022636414,24.624937057495117,727.117919921875
260935,43,0.627906976744186,0.20405027270317078,0.5382767915725708,10.203703880310059,1271.34912109375
260936,50,0.44,0.27227598428726196,0.5394675135612488,16.40042495727539,1130.414306640625
260937,78,0.5128205128205128,0.15936298668384552,0.4559422433376312,19.96058464050293,428.5523986816406
260938,91,0.45054945054945056,0.18688935041427612,0.503853440284729,11.144750595092773,345.2360534667969
260939,31,0.6774193548387096,0.40003126859664917,0.522383987903595,18.612186431884766,1321.4117431640625
260940,40,0.6,0.33028700947761536,0.4589490294456482,18.898860931396484,1161.3148193359375
260941,32,0.4375,0.2072048932313919,0.612872838973999,6.304121971130371,1663.7310791015625
260942,47,0.6382978723404256,0.25117403268814087,0.4548291563987732,23.7088565826416,867.796630859375
260943,20,0.45,0.4831773340702057,0.3257349729537964,13.187004089355469,1531.840087890625
260944,42,0.40476190476190477,0.1451476812362671,0.4707653522491455,5.39565372467041,1447.1102294921875
260945,100,0.53,0.13041740655899048,0.4877212643623352,27.9295654296875,878.1782836914062
260946,16,0.5,0.5781994462013245,0.4715046286582947,9.97240924835205,1231.3656005859375
260947,33,0.42424242424242425,0.2776642441749573,0.5322467684745789,7.261089324951172,333.36578369140625
260948,34,0.5294117647058824,0.27424541115760803,0.5092684030532837,8.69830322265625,531.0486450195312
260949,100,0.45,0.1789410263299942,0.5363349318504333,20.49072265625,496.5214538574219
260950,47,0.44680851063829785,0.38072994351387024,0.5402625799179077,15.8096923828125,121.66943359375
260951,44,0.5,0.24477165937423706,0.5249793529510498,15.420197486877441,845.8425903320312
260952,62,0.6451612903225806,0.14773036539554596,0.515514612197876,10.554143905639648,510.0235290527344
260953,96,0.4270833333333333,0.11955790221691132,0.5314264297485352,15.681594848632812,1532.5228271484375
260954,100,0.41,0.05876464396715164,0.4956267476081848,14.47658920288086,1533.88232421875
260955,34,0.47058823529411764,0.24701961874961853,0.5356665849685669,11.666426658630371,1237.5823974609375
260956,46,0.6086956521739131,0.2511516511440277,0.5194123983383179,19.595544815063477,1520.6431884765625
260957,84,0.47619047619047616,0.22761332988739014,0.48808833956718445,20.16158676147461,1402.8497314453125
260958,42,0.40476190476190477,0.23473311960697174,0.47960036993026733,11.24896240234375,2127.435546875
260959,75,0.52,0.10151156038045883,0.5063629746437073,10.092803955078125,1570.987548828125
260960,33,0.6060606060606061,0.40105992555618286,0.5761750340461731,22.052982330322266,1012.0992431640625
260961,49,0.4897959183673469,0.2815338671207428,0.5285964608192444,20.16249656677246,442.2509765625
260962,67,0.44776119402985076,0.30671387910842896,0.5088984370231628,18.557241439819336,694.993408203125
260963,69,0.4782608695652174,0.2619304955005646,0.5250279903411865,20.557432174682617,262.0479736328125
260964,78,0.48717948717948717,0.29318928718566895,0.5619558095932007,25.42487335205078,529.6018676757812
260965,15,0.2,0.029159724712371826,0.5346859097480774,0.7553615570068359,1017.940185546875
260966,62,0.5483870967741935,0.2074555903673172,0.503331184387207,10.308845520019531,375.11328125
260967,25,0.64,0.05259649455547333,0.4998946189880371,3.443216562271118,1001.4220581054688
260968,85,0.5176470588235295,0.11747469753026962,0.4392256736755371,15.967588424682617,2117.67236328125
260969,76,0.5657894736842105,0.11292577534914017,0.5590388178825378,14.250836372375488,1072.430419921875
260970,36,0.4444444444444444,0.2763136029243469,0.5180058479309082,8.81281566619873,1649.1358642578125
260971,53,0.5849056603773585,0.172848641872406,0.5558527112007141,16.286916732788086,1351.71240234375
260972,95,0.4,0.17920713126659393,0.579146683216095,15.001324653625488,208.31924438476562
260973,31,0.45161290322580644,0.13936391472816467,0.3365783989429474,9.026408195495605,847.0416259765625
260974,81,0.37037037037037035,0.18767832219600677,0.489705353975296,14.31624984741211,1284.0186767578125
260975,50,0.42,0.023723706603050232,0.5717146396636963,6.929000377655029,1098.254638671875
260976,81,0.5308641975308642,0.0857321098446846,0.49566832184791565,9.254315376281738,667.53759765625
260977,36,0.4444444444444444,0.17391064763069153,0.4233393669128418,11.935558319091797,894.4334106445312
260978,51,0.49019607843137253,0.24254333972930908,0.5851067900657654,15.19845962524414,913.9871215820312
260979,8,0.75,0.7267656326293945,0.5624251365661621,10.653289794921875,1454.8155517578125
260980,66,0.5454545454545454,0.1918042004108429,0.5408875346183777,20.334949493408203,1012.7003173828125
260981,62,0.5967741935483871,0.11972840875387192,0.4241489768028259,14.870858192443848,1319.669677734375
260982,3,0.6666666666666666,0.7444072961807251,0.9607886672019958,4.72124719619751,796.7763061523438
260983,53,0.5471698113207547,0.08893400430679321,0.48520660400390625,10.755167007446289,1915.9825439453125
260984,27,0.6296296296296297,0.3474658131599426,0.5293557047843933,15.143566131591797,757.109619140625
260985,53,0.5660377358490566,0.18297451734542847,0.4397512972354889,13.6531982421875,447.4612731933594
260986,72,0.6111111111111112,0.02261263318359852,0.4467737376689911,12.49008560180664,1648.2305908203125
260987,43,0.5813953488372093,0.06911564618349075,0.4858997166156769,7.418964385986328,1423.3236083984375
260988,100,0.52,0.14656385779380798,0.4865378141403198,13.958830833435059,744.55419921875
260989,27,0.5555555555555556,0.46204301714897156,0.42221590876579285,17.685035705566406,1611.9200439453125
260990,43,0.4418604651162791,0.10775377601385117,0.44156837463378906,6.470582485198975,1893.85302734375
260991,49,0.5714285714285714,0.23926304280757904,0.4884091317653656,13.72159481048584,1978.5062255859375
260992,14,0.5714285714285714,0.040744438767433167,0.48234936594963074,3.120089292526245,1061.0115966796875
260993,51,0.6274509803921569,0.2948635220527649,0.528351902961731,22.04110336303711,1513.8951416015625
260994,47,0.6170212765957447,0.23679028451442719,0.5708625912666321,13.226059913635254,1382.2025146484375
260995,59,0.559322033898305,0.23067612946033478,0.598222553730011,15.201056480407715,1171.339111328125
260996,100,0.48,0.1463557481765747,0.5546830892562866,16.052658081054688,831.9923706054688
260997,50,0.46,0.4677969813346863,0.3709174394607544,26.80765151977539,1732.8118896484375
260998,69,0.5652173913043478,0.14926376938819885,0.502871572971344,15.858758926391602,2150.3515625
260999,42,0.5,0.2511223256587982,0.5047787427902222,14.33686351776123,1696.03271484375
261000,27,0.3333333333333333,0.4575077295303345,0.5133048295974731,9.369258880615234,910.408447265625
261001,35,0.45714285714285713,0.42540839314460754,0.4927269220352173,17.23297691345215,446.510498046875
261002,47,0.425531914893617,0.344351589679718,0.4940212666988373,14.99206256866455,1013.5569458007812
261003,22,0.7727272727272727,0.4014749825000763,0.6059072613716125,15.956740379333496,332.28631591796875
261004,56,0.5892857142857143,0.2775518298149109,0.4746031165122986,19.981008529663086,740.3272705078125
261005,46,0.6739130434782609,0.29023677110671997,0.5447254776954651,17.151960372924805,1223.1058349609375
261006,53,0.4339622641509434,0.2625183165073395,0.4783118665218353,13.566804885864258,838.2611694335938
261007,39,0.5897435897435898,0.2052861899137497,0.5098336935043335,10.679283142089844,1638.468505859375
261008,48,0.4375,0.36338144540786743,0.6121819019317627,14.71667194366455,674.6303100585938
261009,32,0.75,0.5011069178581238,0.5329368114471436,24.402212142944336,587.1536254882812
261010,29,0.5172413793103449,0.18621546030044556,0.41941118240356445,7.706247329711914,1039.556396484375
261011,12,0.4166666666666667,0.5725216269493103,0.5215216875076294,8.269217491149902,796.1083374023438
261012,75,0.49333333333333335,0.20570559799671173,0.4957990050315857,18.889944076538086,389.8372802734375
261013,48,0.4583333333333333,0.3923095762729645,0.48312610387802124,21.882108688354492,2059.107666015625
261014,34,0.47058823529411764,0.1200941875576973,0.45298221707344055,3.371022939682007,1240.5955810546875
261015,6,0.6666666666666666,0.7615293264389038,0.44730472564697266,7.377752780914307,1476.3319091796875
261016,82,0.5609756097560976,0.3569338917732239,0.5548401474952698,28.699798583984375,572.44873046875
261017,35,0.4857142857142857,0.3776887357234955,0.4814893305301666,11.7706880569458,352.5421142578125
261018,23,0.43478260869565216,0.05728742480278015,0.5686075687408447,2.81302809715271,1360.8131103515625
261019,38,0.5263157894736842,0.21217267215251923,0.45449697971343994,10.46274185180664,1340.8330078125
261020,65,0.47692307692307695,0.24040648341178894,0.5264036655426025,19.64899253845215,545.157470703125
261021,60,0.55,0.32630088925361633,0.5348395705223083,24.12515640258789,1450.63818359375
261022,48,0.5833333333333334,0.1642892062664032,0.4959622919559479,11.897552490234375,955.6824951171875
261023,43,0.4883720930232558,0.13991189002990723,0.6162580251693726,3.71805739402771,455.4207763671875
261024,41,0.4878048780487805,0.33179157972335815,0.5195107460021973,20.041597366333008,1391.2269287109375
261025,100,0.53,0.08728357404470444,0.45426124334335327,15.167564392089844,1216.9188232421875
261026,20,0.45,0.5982878804206848,0.5968661308288574,10.281883239746094,1188.6143798828125
261027,31,0.5161290322580645,0.24766132235527039,0.5793800950050354,8.67741870880127,374.4034118652344
261028,14,0.35714285714285715,0.5904008150100708,0.46675264835357666,7.105717658996582,759.2066650390625
261029,14,0.5,0.48471203446388245,0.563100278377533,8.553625106811523,301.48907470703125
261030,39,0.6153846153846154,0.3738904297351837,0.5295456647872925,23.400238037109375,961.447509765625
261031,35,0.45714285714285713,0.4358649253845215,0.44694653153419495,13.46873950958252,1119.556640625
261032,31,0.6129032258064516,0.3023548424243927,0.5261121988296509,13.669965744018555,1727.7738037109375
261033,28,0.5714285714285714,0.19825774431228638,0.3450518548488617,7.7753119468688965,1826.549560546875
261034,72,0.5277777777777778,0.22708995640277863,0.5597055554389954,16.924964904785156,394.365966796875
261035,65,0.4307692307692308,0.06891738623380661,0.44520506262779236,11.046272277832031,1594.447021484375
261036,31,0.5161290322580645,0.1873699426651001,0.38746869564056396,7.589221477508545,621.7826538085938
261037,41,0.4878048780487805,0.32131892442703247,0.38144785165786743,11.94643497467041,698.962890625
261038,61,0.5737704918032787,0.17622630298137665,0.5237247943878174,20.535900115966797,1999.4073486328125
261039,29,0.4827586206896552,0.1914806216955185,0.41013383865356445,5.962855815887451,541.5581665039062
261040,24,0.6666666666666666,0.16074754297733307,0.7179515361785889,7.3201727867126465,772.0624389648438
261041,46,0.5217391304347826,0.1836276799440384,0.49971458315849304,9.884690284729004,1711.2626953125
261042,65,0.47692307692307695,0.21521852910518646,0.5499804615974426,21.92645263671875,730.2752685546875
261043,67,0.47761194029850745,0.26039886474609375,0.5041839480400085,17.26634979248047,377.1649169921875
261044,42,0.5476190476190477,0.2758921682834625,0.43029463291168213,15.00531005859375,1333.4432373046875
261045,36,0.6666666666666666,0.2968708276748657,0.5425593256950378,11.932825088500977,1433.142822265625
261046,82,0.573170731707317,0.24441908299922943,0.453860342502594,30.146516799926758,1858.9864501953125
261047,20,0.55,0.24377918243408203,0.43083831667900085,8.893730163574219,630.2824096679688
261048,60,0.48333333333333334,0.1409301608800888,0.4848005175590515,9.005611419677734,313.98419189453125
261049,17,0.29411764705882354,0.16533130407333374,0.44409462809562683,3.1769721508026123,386.62945556640625
261050,49,0.3877551020408163,0.33523520827293396,0.5015377998352051,13.951371192932129,349.9466552734375
261051,27,0.7407407407407407,0.2778744101524353,0.5578409433364868,12.453547477722168,1153.0733642578125
261052,66,0.5303030303030303,0.2229692041873932,0.550086259841919,18.391565322875977,1292.9730224609375
261053,32,0.4375,0.3172284960746765,0.5535513162612915,10.570037841796875,1974.74560546875
261054,3,1.0,0.382304310798645,,5.1104559898376465,1077.8363037109375
261055,49,0.4897959183673469,0.2597786486148834,0.5867196321487427,14.776718139648438,1967.49560546875
261056,64,0.46875,0.28022444248199463,0.5407772660255432,17.53030776977539,1355.511962890625
261057,49,0.5306122448979592,0.4136046767234802,0.44638434052467346,23.6561222076416,545.39501953125
261058,61,0.5737704918032787,0.1760941743850708,0.48760631680488586,10.402966499328613,1247.3140869140625
261059,30,0.6666666666666666,0.32490548491477966,0.4790327548980713,18.082128524780273,1564.4471435546875
261060,68,0.4852941176470588,0.2585732042789459,0.5310471057891846,23.27094268798828,1328.20751953125
261061,81,0.5432098765432098,0.1180192157626152,0.4712763726711273,12.393512725830078,1821.7115478515625
261062,24,0.5416666666666666,0.2589184641838074,0.29181942343711853,6.785441875457764,350.50750732421875
261063,28,0.5357142857142857,0.2208019196987152,0.4679064452648163,8.841399192810059,1387.2808837890625
261064,24,0.4583333333333333,0.4099205732345581,0.5819512605667114,8.616183280944824,1665.329345703125
261065,62,0.3870967741935484,0.5004287362098694,0.4495260417461395,21.615976333618164,1836.94091796875
261066,23,0.6086956521739131,0.47263261675834656,0.45798763632774353,16.46588706970215,1917.0875244140625
261067,35,0.45714285714285713,0.4195021092891693,0.5216835737228394,17.691444396972656,1760.8441162109375
261068,14,0.7857142857142857,0.26460736989974976,0.4670841693878174,5.636427879333496,1865.3468017578125
261069,58,0.5689655172413793,0.2894167900085449,0.5526147484779358,17.467866897583008,415.42584228515625
261070,43,0.46511627906976744,0.2691057622432709,0.45520642399787903,15.207417488098145,893.2238159179688
261071,65,0.5692307692307692,0.2690207362174988,0.4706270694732666,14.4105224609375,1725.3636474609375
261072,25,0.64,0.28974705934524536,0.39812761545181274,11.551722526550293,1136.3460693359375
261073,38,0.5263157894736842,0.30884212255477905,0.5035975575447083,16.101106643676758,1297.6593017578125
261074,58,0.39655172413793105,0.38495656847953796,0.4324977397918701,20.742843627929688,775.71923828125
261075,24,0.5416666666666666,0.47909867763519287,0.6675029397010803,10.232964515686035,1700.840576171875
261076,73,0.589041095890411,0.3203119933605194,0.47243812680244446,27.7427921295166,1718.2606201171875
261077,72,0.5416666666666666,0.3103683888912201,0.5069347620010376,28.100187301635742,1252.1856689453125
261078,71,0.5352112676056338,0.22728563845157623,0.5268516540527344,27.530006408691406,1666.2073974609375
261079,64,0.546875,0.2129243016242981,0.502968966960907,15.695760726928711,616.4344482421875
261080,26,0.5384615384615384,0.28919094800949097,0.4698702394962311,5.867016315460205,1779.3470458984375
261081,39,0.6410256410256411,0.4228377938270569,0.5478988885879517,26.297157287597656,665.8934326171875
261082,31,0.4838709677419355,0.23457880318164825,0.548314094543457,7.907418727874756,1270.102783203125
261083,29,0.4482758620689655,0.27509939670562744,0.5536181926727295,9.37149429321289,1004.0676879882812
261084,42,0.5714285714285714,0.34765252470970154,0.5148313045501709,18.563980102539062,1102.9346923828125
261085,58,0.5344827586206896,0.16702494025230408,0.5854551792144775,16.927303314208984,1405.14453125
261086,72,0.6111111111111112,0.2350355088710785,0.5000167489051819,23.39785385131836,1519.077392578125
261087,20,0.7,0.38477879762649536,0.6496887803077698,13.0538969039917,842.9275512695312
261088,36,0.5277777777777778,0.43251940608024597,0.5339440107345581,19.89090347290039,970.5844116210938
261089,67,0.4925373134328358,0.17831090092658997,0.5720207095146179,9.446529388427734,719.5999755859375
261090,33,0.5757575757575758,0.3850368559360504,0.5101729035377502,14.94427490234375,1259.3817138671875
261091,36,0.4444444444444444,0.38846713304519653,0.5490975379943848,14.864537239074707,148.84120178222656
261092,32,0.65625,0.39345574378967285,0.49338778853416443,20.664417266845703,222.92848205566406
261093,55,0.4,0.3645603060722351,0.5017109513282776,19.83102798461914,1262.4666748046875
261094,73,0.4794520547945205,0.19970546662807465,0.5141005516052246,16.386966705322266,1839.138916015625
261095,41,0.5609756097560976,0.20465746521949768,0.45443642139434814,8.579608917236328,736.4863891601562
261096,33,0.5151515151515151,0.3059547543525696,0.5781179070472717,13.383195877075195,1523.17431640625
261097,100,0.4,0.11327681690454483,0.5085465312004089,8.177310943603516,1184.7305908203125
261098,86,0.5,0.2300046682357788,0.5216989517211914,15.205912590026855,1879.6468505859375
261099,35,0.34285714285714286,-0.03774924576282501,0.5604039430618286,1.6696298122406006,1090.761962890625
261100,31,0.45161290322580644,0.43360528349876404,0.48882701992988586,12.90931224822998,1510.742919921875
261101,15,0.6,0.4459749758243561,0.3095701038837433,8.835887908935547,1501.56884765625
261102,69,0.42028985507246375,0.3557344675064087,0.5572022199630737,23.485820770263672,1921.405517578125
261103,45,0.5777777777777777,0.19452524185180664,0.46897029876708984,12.838876724243164,415.33441162109375
261104,48,0.5625,0.2848829925060272,0.405415803194046,19.53044891357422,2079.087646484375
261105,47,0.6595744680851063,0.1620108187198639,0.48482781648635864,11.513495445251465,620.4501342773438
261106,49,0.3877551020408163,0.28169068694114685,0.5598881840705872,10.386746406555176,672.748291015625
261107,6,0.5,0.5077321529388428,0.554193913936615,2.9273030757904053,1146.608642578125
261108,25,0.52,0.22620685398578644,0.462268203496933,9.694681167602539,1703.9144287109375
261109,50,0.56,0.23206527531147003,0.408802330493927,20.18577766418457,896.71826171875
261110,42,0.4523809523809524,0.2528172433376312,0.5712481141090393,8.3697509765625,1070.30810546875
261111,25,0.64,0.47714585065841675,0.5974031090736389,18.952972412109375,621.9816284179688
261112,33,0.5151515151515151,0.13840454816818237,0.5568749904632568,6.27542781829834,461.7794189453125
261113,27,0.6296296296296297,0.39878565073013306,0.5416043996810913,13.344781875610352,616.1585693359375
261114,91,0.5824175824175825,0.09793196618556976,0.4848002791404724,13.870222091674805,1557.9312744140625
261115,14,0.2857142857142857,0.5343528985977173,0.48180097341537476,3.088670015335083,1644.5927734375
261116,48,0.5833333333333334,0.2066967487335205,0.45546966791152954,17.33749008178711,1123.9290771484375
261117,96,0.46875,0.10636396706104279,0.5626670122146606,12.80341625213623,267.1622314453125
261118,27,0.48148148148148145,0.17085370421409607,0.49751153588294983,6.38300895690918,1800.8282470703125
261119,9,0.5555555555555556,0.1980251520872116,0.5901656150817871,2.196830987930298,718.0394287109375
261120,100,0.57,0.06999627500772476,0.4928145706653595,14.528403282165527,356.32421875
261121,33,0.3939393939393939,0.3104245066642761,0.5372565984725952,7.919898986816406,1447.39208984375
261122,79,0.4430379746835443,0.23996852338314056,0.47746896743774414,19.31728172302246,2090.727294921875
261123,30,0.6666666666666666,0.27653366327285767,0.5409752130508423,10.879349708557129,1045.896240234375
261124,16,0.6875,0.30700525641441345,0.4661439061164856,8.74740982055664,575.928466796875
261125,11,0.45454545454545453,0.2964566648006439,0.5892376899719238,2.0876481533050537,1124.042236328125
261126,71,0.49295774647887325,0.20403029024600983,0.4777895510196686,13.758488655090332,1361.544189453125
261127,45,0.5111111111111111,0.31282687187194824,0.3476048707962036,13.010272979736328,581.25439453125
261128,100,0.43,0.11274848133325577,0.5452860593795776,15.354239463806152,488.75982666015625
261129,64,0.5625,0.1856973022222519,0.459632009267807,13.995909690856934,1032.7926025390625
261130,32,0.5625,0.1992284655570984,0.6335452198982239,9.115303039550781,823.2597045898438
261131,86,0.5232558139534884,0.12974467873573303,0.457771897315979,23.742944717407227,1493.659423828125
261132,25,0.4,0.461478054523468,0.3632577657699585,9.486859321594238,209.23052978515625
261133,38,0.42105263157894735,0.17964084446430206,0.3923934996128082,9.136917114257812,830.2552490234375
261134,75,0.5066666666666667,0.2248114049434662,0.49115321040153503,19.53440284729004,1402.65869140625
261135,74,0.5,0.1032615453004837,0.47606730461120605,9.108137130737305,1608.2161865234375
261136,100,0.46,0.21379423141479492,0.46406280994415283,20.111452102661133,1263.452392578125
261137,36,0.5555555555555556,0.3151041567325592,0.4869615435600281,13.186237335205078,665.8167724609375
261138,54,0.5925925925925926,0.3489854037761688,0.5776373744010925,22.269344329833984,1868.121337890625
261139,54,0.46296296296296297,0.30451738834381104,0.486672043800354,14.167011260986328,1513.001708984375
261140,4,0.25,0.6909999847412109,0.06251845508813858,2.7639997005462646,991.7479858398438
261141,48,0.6458333333333334,0.19746290147304535,0.5183408260345459,15.39184284210205,1402.103271484375
261142,28,0.5357142857142857,0.1658312976360321,0.5866742134094238,8.101200103759766,1739.841064453125
261143,35,0.5142857142857142,0.4613947868347168,0.4203258454799652,15.725830078125,795.6160888671875
261144,28,0.6785714285714286,0.13249965012073517,0.5020638704299927,8.617960929870605,964.029296875
261145,20,0.4,0.22976723313331604,0.530315101146698,3.7597084045410156,2088.82275390625
261146,79,0.4936708860759494,0.15597353875637054,0.4283166825771332,19.959251403808594,518.0352783203125
261147,38,0.6052631578947368,0.10819195955991745,0.4706314504146576,9.5675630569458,1071.1722412109375
261148,12,0.6666666666666666,0.49216994643211365,0.559694766998291,8.66120433807373,1992.03173828125
261149,45,0.5111111111111111,0.23484499752521515,0.5916529893875122,14.256659507751465,1745.297607421875
261150,46,0.5869565217391305,0.20760127902030945,0.5501087307929993,19.96164894104004,1252.3533935546875
261151,63,0.5238095238095238,0.21186551451683044,0.41219156980514526,15.88945484161377,968.007080078125
261152,22,0.5909090909090909,0.29336559772491455,0.4130919873714447,8.432331085205078,1088.162841796875
261153,49,0.40816326530612246,0.07009367644786835,0.4270811676979065,4.046260356903076,1026.31689453125
261154,44,0.5681818181818182,0.13536179065704346,0.535222053527832,14.88205623626709,910.4014282226562
261155,59,0.4915254237288136,0.27811968326568604,0.5099064111709595,21.234638214111328,656.5596923828125
261156,36,0.4166666666666667,0.46096861362457275,0.5263077616691589,12.879767417907715,723.08984375
261157,73,0.5205479452054794,0.3262585699558258,0.4239089787006378,22.759002685546875,1099.922119140625
261158,63,0.5079365079365079,0.23937727510929108,0.5197271704673767,13.29984188079834,1930.904296875
261159,50,0.52,0.34276169538497925,0.45905813574790955,20.59695053100586,1765.76171875
261160,62,0.5161290322580645,0.26922425627708435,0.4306095242500305,15.506939888000488,1395.23876953125
261161,44,0.6136363636363636,0.2938854396343231,0.6142994165420532,21.42833709716797,1098.7645263671875
261162,29,0.6551724137931034,0.26935335993766785,0.3807387948036194,14.005200386047363,1936.9718017578125
261163,64,0.578125,0.11801915615797043,0.6988665461540222,12.272125244140625,1532.2734375
261164,31,0.4838709677419355,0.23641711473464966,0.4266878366470337,5.3675336837768555,1129.197998046875
261165,46,0.5434782608695652,0.15905609726905823,0.39234718680381775,5.9108076095581055,491.2517395019531
261166,9,0.4444444444444444,0.26518508791923523,0.6244852542877197,2.367616653442383,360.2562255859375
261167,27,0.5925925925925926,0.3367041349411011,0.5844226479530334,11.482565879821777,1416.9522705078125
261168,4,0.5,0.533047080039978,0.24495291709899902,3.997157335281372,1474.92431640625
261169,42,0.5952380952380952,0.19868187606334686,0.5394448637962341,14.618663787841797,654.4393310546875
261170,55,0.5636363636363636,0.16803430020809174,0.5423702597618103,15.698397636413574,1385.86279296875
261171,49,0.4489795918367347,0.1419724076986313,0.5427625179290771,4.670909881591797,1423.083984375
261172,58,0.46551724137931033,0.2997170686721802,0.49000051617622375,15.630815505981445,668.936279296875
261173,61,0.3770491803278688,0.3116166293621063,0.44409504532814026,19.494110107421875,857.1693725585938
261174,92,0.5108695652173914,0.13041424751281738,0.48488444089889526,13.344278335571289,1683.362548828125
261175,60,0.55,0.18090395629405975,0.4912000596523285,14.155251502990723,1024.3302001953125
261176,52,0.6538461538461539,0.2901552617549896,0.515457034111023,17.988056182861328,1109.9256591796875
261177,86,0.6162790697674418,0.19553884863853455,0.4695712625980377,18.708223342895508,1092.856201171875
261178,59,0.5084745762711864,0.09028350561857224,0.4195285439491272,9.083707809448242,1693.929931640625
261179,37,0.40540540540540543,0.33480700850486755,0.5512837767601013,7.979347229003906,963.19921875
261180,76,0.5394736842105263,0.13624700903892517,0.5017855167388916,16.38148307800293,1651.454345703125
261181,7,0.5714285714285714,0.40175431966781616,0.832852840423584,2.135913610458374,1133.3519287109375
261182,72,0.5277777777777778,0.09718035906553268,0.5459651947021484,10.556217193603516,506.39605712890625
261183,54,0.4444444444444444,0.2224721908569336,0.5618484020233154,15.797209739685059,1395.68115234375
261184,32,0.625,0.48295003175735474,0.39306557178497314,16.86112403869629,718.718505859375
261185,33,0.5454545454545454,0.2868378460407257,0.46541059017181396,11.493986129760742,1356.2237548828125
261186,17,0.4117647058823529,0.5592383146286011,0.49448198080062866,10.33950138092041,627.8103637695312
261187,100,0.63,0.0623515248298645,0.4650387167930603,16.394319534301758,258.9423828125
261188,54,0.5740740740740741,0.16468565165996552,0.46866169571876526,10.848038673400879,2010.9248046875
261189,94,0.5319148936170213,0.17268294095993042,0.5400977730751038,23.640975952148438,454.38177490234375
261190,56,0.625,0.13080687820911407,0.4531044661998749,15.174467086791992,1970.902099609375
261191,66,0.5606060606060606,0.1805044412612915,0.44474560022354126,16.108999252319336,1021.015869140625
261192,3,1.0,0.3955015242099762,,3.523211717605591,498.6498718261719
261193,58,0.5,0.21134181320667267,0.49112874269485474,9.535966873168945,977.4068603515625
261194,25,0.68,0.2647787630558014,0.5345973372459412,12.833660125732422,1846.650146484375
261195,14,0.5714285714285714,0.12409566342830658,0.41198334097862244,3.131927013397217,1235.599853515625
261196,30,0.5333333333333333,0.1312064230442047,0.5215998888015747,5.47332239151001,797.31640625
261197,69,0.4492753623188406,0.151760995388031,0.5711262822151184,13.190967559814453,892.191650390625
261198,41,0.5609756097560976,0.14968538284301758,0.4454791247844696,10.957474708557129,1296.350830078125
261199,100,0.53,0.05031266808509827,0.5183885097503662,11.800307273864746,664.1453247070312
261200,100,0.49,0.08157040923833847,0.5541273951530457,10.518096923828125,807.4810791015625
261201,23,0.4782608695652174,0.28890302777290344,0.5414969325065613,5.751270294189453,1582.822998046875
261202,63,0.6031746031746031,0.16910600662231445,0.560524582862854,14.694225311279297,364.99468994140625
261203,11,0.7272727272727273,0.30075550079345703,0.5172553062438965,5.105988025665283,1520.1396484375
261204,32,0.5625,0.3820614218711853,0.5810130834579468,13.436592102050781,204.08218383789062
261205,39,0.5641025641025641,0.20510512590408325,0.6073781251907349,17.226608276367188,990.5842895507812
261206,30,0.5,0.261892169713974,0.62454754114151,12.740504264831543,1700.1920166015625
261207,59,0.5254237288135594,0.07120667397975922,0.4700091779232025,11.864683151245117,1941.0335693359375
261208,81,0.5308641975308642,0.09906470775604248,0.4768235683441162,15.23046588897705,827.3536376953125
261209,15,0.5333333333333333,0.400085985660553,0.4503268897533417,9.260119438171387,1119.383544921875
261210,62,0.5161290322580645,0.1247721016407013,0.5142538547515869,8.995509147644043,2172.21142578125
261211,44,0.5,0.1573091596364975,0.47203752398490906,7.232641696929932,1561.06591796875
261212,53,0.5660377358490566,0.1723698079586029,0.45212894678115845,9.755544662475586,901.4523315429688
261213,53,0.5660377358490566,0.21025744080543518,0.4228084087371826,14.787809371948242,1694.9476318359375
261214,55,0.6363636363636364,0.16558891534805298,0.5631355047225952,19.699060440063477,847.06689453125
261215,28,0.6071428571428571,0.04191789776086807,0.41699790954589844,2.669286012649536,1199.9747314453125
261216,100,0.52,0.03362313657999039,0.5104554295539856,9.114056587219238,1116.521484375
261217,32,0.59375,0.16525432467460632,0.40171828866004944,10.807714462280273,2024.925048828125
261218,47,0.5319148936170213,0.3270806074142456,0.3422858417034149,16.564821243286133,636.4136962890625
261219,100,0.46,0.11452788859605789,0.45655959844589233,21.065876007080078,1713.333251953125
261220,34,0.5294117647058824,0.4439108073711395,0.47593075037002563,20.368724822998047,1917.9447021484375
261221,33,0.45454545454545453,0.20296359062194824,0.459915429353714,12.987112998962402,1366.15966796875
261222,84,0.5119047619047619,0.057714346796274185,0.4868641793727875,7.95175313949585,2319.345947265625
261223,16,0.5625,0.3388575613498688,0.6889020800590515,8.26115894317627,1058.34423828125
261224,60,0.6,0.12644003331661224,0.5781988501548767,10.604658126831055,1702.784912109375
261225,46,0.43478260869565216,0.19987013936042786,0.42212599515914917,8.671629905700684,959.1682739257812
261226,64,0.59375,0.1224064975976944,0.5319315195083618,12.60444450378418,653.0679321289062
261227,31,0.41935483870967744,0.18278397619724274,0.5237018465995789,7.008474826812744,1096.6385498046875
261228,19,0.47368421052631576,0.23453845083713531,0.5328993797302246,3.8457601070404053,527.2861328125
261229,46,0.5,0.2429196536540985,0.5277493596076965,13.529443740844727,1810.494140625
261230,24,0.5,0.24488292634487152,0.4931999444961548,11.575636863708496,1150.1380615234375
261231,29,0.3448275862068966,0.07448937743902206,0.35389411449432373,2.616010904312134,1389.859619140625
261232,88,0.5113636363636364,0.10283173620700836,0.4097641706466675,13.188338279724121,1326.451171875
261233,54,0.5370370370370371,0.2740434408187866,0.5291606187820435,15.06479263305664,869.5540771484375
261234,50,0.58,0.3383728861808777,0.38386788964271545,17.247791290283203,770.5316162109375
261235,81,0.43209876543209874,0.16286084055900574,0.4528518617153168,11.288970947265625,1845.6956787109375
261236,100,0.52,-0.024185916408896446,0.45072945952415466,7.674678802490234,1012.0781860351562
261237,12,0.5833333333333334,0.2339959442615509,0.4295618534088135,4.025463581085205,1871.4320068359375
261238,33,0.6666666666666666,0.4271532893180847,0.5350961089134216,19.018657684326172,450.26043701171875
261239,61,0.4918032786885246,0.20666489005088806,0.4558897018432617,12.373610496520996,1966.9017333984375
261240,38,0.5526315789473685,0.31624236702919006,0.3611314296722412,21.27745246887207,1076.3338623046875
261241,59,0.5423728813559322,0.1586320549249649,0.5530009865760803,14.758610725402832,551.1875610351562
261242,47,0.5531914893617021,0.1993195116519928,0.48072904348373413,15.355060577392578,1402.7421875
261243,26,0.5,0.3569154143333435,0.5808728933334351,11.167192459106445,1118.7718505859375
261244,60,0.5333333333333333,0.05293209105730057,0.4498138725757599,4.4037299156188965,602.892822265625
261245,22,0.5,0.5755730867385864,0.5001062750816345,10.815694808959961,920.6026000976562
261246,100,0.55,0.10429561138153076,0.4705970883369446,23.632801055908203,577.4694213867188
261247,53,0.41509433962264153,0.28347718715667725,0.5080379247665405,15.502401351928711,1601.2017822265625
261248,100,0.53,0.07572725415229797,0.4564763307571411,12.720117568969727,1536.6507568359375
261249,39,0.5641025641025641,0.2006249874830246,0.4616566002368927,13.273359298706055,1064.5439453125
261250,11,0.45454545454545453,0.24852688610553741,0.5833616852760315,3.2950234413146973,744.2733764648438
261251,62,0.4838709677419355,0.022310053929686546,0.4927213788032532,4.456505298614502,880.1239013671875
261252,89,0.5280898876404494,0.1398695409297943,0.49795404076576233,15.62932300567627,1565.2059326171875
261253,71,0.5492957746478874,0.17730426788330078,0.48667675256729126,15.034444808959961,885.5885009765625
261254,93,0.5376344086021505,0.15818201005458832,0.47727614641189575,18.79645538330078,643.7244873046875
261255,56,0.5714285714285714,0.08254657685756683,0.4892188310623169,13.002909660339355,1246.6209716796875
261256,39,0.5384615384615384,0.2666170597076416,0.4428578019142151,9.815491676330566,1207.3648681640625
261257,100,0.5,0.05083702877163887,0.47874346375465393,14.710460662841797,1256.9298095703125
261258,61,0.6557377049180327,0.2055608481168747,0.465864360332489,18.618196487426758,1752.234619140625
261259,100,0.44,0.11336469650268555,0.4898684620857239,16.627256393432617,693.9634399414062
261260,36,0.5833333333333334,0.14215241372585297,0.49368903040885925,10.757692337036133,1878.045654296875
261261,97,0.5463917525773195,0.172048881649971,0.5329415202140808,23.47657012939453,1828.877197265625
261262,68,0.4411764705882353,0.31701967120170593,0.4778518080711365,12.835658073425293,721.634521484375
261263,44,0.5681818181818182,0.2202458381652832,0.3971655070781708,20.053455352783203,525.1070556640625
261264,100,0.55,0.08813194185495377,0.4518590271472931,19.24860382080078,271.3255615234375
261265,39,0.6153846153846154,0.11616639047861099,0.42341265082359314,11.97368049621582,1249.5838623046875
261266,32,0.4375,0.3165387511253357,0.4285978376865387,12.131919860839844,1228.1134033203125
261267,100,0.55,0.07877662777900696,0.45876583456993103,15.087013244628906,1269.672607421875
261268,73,0.5068493150684932,0.14248891174793243,0.4703909158706665,16.823476791381836,1707.257568359375
261269,79,0.4936708860759494,0.07041865587234497,0.49116212129592896,7.3469414710998535,2040.3306884765625
261270,72,0.4305555555555556,0.19996869564056396,0.49471035599708557,18.63544464111328,1898.054443359375
261271,41,0.5121951219512195,0.25805938243865967,0.6142598390579224,8.633970260620117,302.9741516113281
261272,11,0.7272727272727273,0.45595377683639526,0.4520554542541504,8.812751770019531,696.8441162109375
261273,40,0.675,0.2054721713066101,0.4612709879875183,9.338455200195312,571.816650390625
261274,25,0.6,0.19954414665699005,0.5803067684173584,10.648118019104004,968.2150268554688
261275,50,0.6,0.19440951943397522,0.5179704427719116,13.168254852294922,719.6420288085938
261276,49,0.5918367346938775,0.2526237368583679,0.5407434701919556,20.73778533935547,1137.9425048828125
261277,42,0.4523809523809524,0.13417845964431763,0.5355932712554932,7.8941969871521,585.2613525390625
261278,61,0.5081967213114754,0.20942501723766327,0.6199455857276917,21.112064361572266,1673.4613037109375
261279,58,0.4827586206896552,0.06230521947145462,0.48439913988113403,5.06869649887085,1652.449462890625
261280,48,0.6458333333333334,0.3095802962779999,0.6077862977981567,22.423959732055664,1321.8084716796875
261281,35,0.4857142857142857,0.4020780622959137,0.5146878361701965,11.65909481048584,1484.8665771484375
261282,55,0.6,0.2515089511871338,0.6489014029502869,20.04486656188965,1008.3452758789062
261283,64,0.53125,0.19344714283943176,0.516110360622406,13.16379165649414,588.3809204101562
261284,27,0.5185185185185185,0.4054434895515442,0.5902815461158752,14.24272346496582,453.41571044921875
261285,19,0.631578947368421,0.31363075971603394,0.5127983689308167,9.435157775878906,1580.2998046875
261286,39,0.5128205128205128,0.21961013972759247,0.5554144382476807,13.999735832214355,1893.013671875
261287,40,0.35,0.13234451413154602,0.5227404832839966,5.960831642150879,857.0914916992188
261288,35,0.42857142857142855,0.2375243604183197,0.5647526979446411,11.06301212310791,1000.5307006835938
261289,62,0.5806451612903226,0.09366273134946823,0.5165929198265076,6.781360626220703,946.2463989257812
261290,52,0.4423076923076923,0.41218605637550354,0.4541294276714325,22.228893280029297,959.0263671875
261291,16,0.5,0.19707562029361725,0.3496643602848053,5.461684226989746,668.5142822265625
261292,41,0.5365853658536586,0.29360565543174744,0.5542653799057007,17.91429328918457,918.8167114257812
261293,10,0.7,0.5510736703872681,0.5634613037109375,7.708854675292969,786.41796875
261294,80,0.475,0.21743528544902802,0.3970993161201477,16.052249908447266,1227.631103515625
261295,42,0.5476190476190477,0.30933621525764465,0.5477102994918823,13.855487823486328,906.0687866210938
261296,61,0.45901639344262296,0.27559101581573486,0.4591712951660156,19.005250930786133,1034.6024169921875
261297,12,0.5,0.42755937576293945,0.5069379806518555,4.672297954559326,427.63299560546875
261298,27,0.37037037037037035,0.34390661120414734,0.40404677391052246,8.445504188537598,791.17578125
261299,58,0.6379310344827587,0.08840907365083694,0.4626823961734772,5.941626071929932,1191.41845703125
261300,100,0.53,0.06737630814313889,0.5300505757331848,19.061969757080078,1078.6597900390625
261301,78,0.44871794871794873,0.12892842292785645,0.4404202699661255,11.503594398498535,1030.66650390625
261302,49,0.5918367346938775,0.36275583505630493,0.4620956480503082,22.055957794189453,2115.815185546875
261303,45,0.5111111111111111,0.0778789073228836,0.5209111571311951,7.377018928527832,864.2904663085938
261304,37,0.5945945945945946,0.07184898108243942,0.430697500705719,10.286931991577148,1183.55810546875
261305,50,0.52,0.24554960429668427,0.6240231990814209,16.299440383911133,499.0784912109375
261306,95,0.49473684210526314,0.20008748769760132,0.537844717502594,17.639406204223633,878.235107421875
261307,89,0.449438202247191,0.17617568373680115,0.42131999135017395,19.681354522705078,1999.5501708984375
261308,100,0.52,0.058156490325927734,0.4681911766529083,14.726310729980469,986.8787231445312
261309,50,0.42,0.3201703429222107,0.33524319529533386,16.78788948059082,2225.693603515625
261310,18,0.5,0.33986029028892517,0.42716068029403687,6.824244022369385,1453.672607421875
261311,34,0.47058823529411764,0.14219045639038086,0.5361106395721436,5.752735137939453,1872.6361083984375
261312,100,0.5,0.05377357825636864,0.5229718685150146,14.03942584991455,553.6797485351562
261313,42,0.5,0.15472103655338287,0.391825407743454,6.642464637756348,1966.33740234375
261314,58,0.5172413793103449,0.16815918684005737,0.5935012698173523,8.528336524963379,1425.1331787109375
261315,33,0.45454545454545453,0.3744783103466034,0.4627065062522888,10.000495910644531,985.6051635742188
261316,63,0.5396825396825397,0.1692148745059967,0.4787746071815491,15.780902862548828,540.1664428710938
261317,43,0.5116279069767442,0.2513523995876312,0.54864501953125,13.978161811828613,1109.5771484375
261318,31,0.5806451612903226,0.3223205804824829,0.34186822175979614,17.649852752685547,1183.421875
261319,52,0.46153846153846156,0.30363669991493225,0.4307888448238373,11.872861862182617,1614.462646484375
261320,80,0.4625,0.032547395676374435,0.4937411844730377,4.403810024261475,1799.938720703125
261321,56,0.48214285714285715,0.23011741042137146,0.5358284711837769,18.71474838256836,1367.69677734375
261322,100,0.51,0.17735980451107025,0.47922757267951965,17.67641830444336,961.9837646484375
261323,100,0.58,0.08024536073207855,0.5483630895614624,11.659682273864746,2040.0057373046875
261324,5,0.8,0.7226482629776001,0.7194121479988098,6.505649566650391,344.65740966796875
261325,23,0.5217391304347826,0.36089685559272766,0.5313899517059326,10.60911750793457,701.3126831054688
261326,28,0.5357142857142857,0.2670990526676178,0.4969397187232971,9.889396667480469,301.2292175292969
261327,36,0.5,0.266349196434021,0.4705653786659241,8.822704315185547,1433.1103515625
261328,26,0.6538461538461539,0.42869019508361816,0.42701178789138794,18.19115447998047,1461.7752685546875
261329,50,0.54,0.1816560924053192,0.5118565559387207,10.172525405883789,1027.5599365234375
261330,100,0.54,0.03544881194829941,0.5025744438171387,8.488882064819336,1067.635986328125
261331,29,0.4827586206896552,0.22709621489048004,0.4288733899593353,9.858809471130371,1502.4150390625
261332,15,0.5333333333333333,0.6238408088684082,0.31144675612449646,9.001957893371582,1340.0081787109375
261333,100,0.38,0.0957336276769638,0.510687530040741,6.283270835876465,1824.94091796875
261334,72,0.4444444444444444,0.20477250218391418,0.5143764615058899,13.72230339050293,1318.1224365234375
261335,53,0.49056603773584906,0.10724273324012756,0.437046617269516,9.881501197814941,1425.7015380859375
261336,71,0.4225352112676056,0.1296578049659729,0.4444379508495331,10.08826732635498,1441.5538330078125
261337,61,0.4426229508196721,0.18927651643753052,0.4971247911453247,11.356788635253906,650.6412353515625
261338,34,0.5294117647058824,0.2568731904029846,0.4256017506122589,10.686128616333008,1900.1187744140625
261339,100,0.44,0.14064420759677887,0.5276393294334412,14.816027641296387,1116.6092529296875
261340,19,0.631578947368421,0.17950932681560516,0.6515290141105652,8.215685844421387,1019.1544189453125
261341,32,0.5625,0.28808027505874634,0.496703177690506,12.567901611328125,1444.7108154296875
261342,21,0.38095238095238093,0.2887640595436096,0.3779127299785614,2.7098989486694336,488.1651611328125
261343,100,0.52,0.11440737545490265,0.5732820630073547,11.355550765991211,798.3416137695312
261344,15,0.4666666666666667,0.1504557877779007,0.5044921636581421,2.7081551551818848,737.244384765625
261345,36,0.4722222222222222,0.43953531980514526,0.3872813284397125,17.101070404052734,752.0550537109375
261346,100,0.59,0.029283005744218826,0.4804793894290924,18.76264190673828,768.175048828125
261347,59,0.4745762711864407,0.15184526145458221,0.4433269202709198,14.385746955871582,287.95404052734375
261348,37,0.40540540540540543,0.1368323713541031,0.581560492515564,4.348857879638672,884.42626953125
261349,61,0.36065573770491804,0.31037765741348267,0.49141862988471985,17.49332046508789,1043.4984130859375
261350,100,0.43,0.04656052589416504,0.47524046897888184,8.831244468688965,843.6290283203125
261351,36,0.5,0.3628953993320465,0.3982911705970764,15.722856521606445,1847.9139404296875
261352,89,0.5056179775280899,0.15038225054740906,0.4544108510017395,12.62983512878418,761.2728881835938
261353,73,0.4657534246575342,0.2516993582248688,0.5676473379135132,22.680004119873047,1221.4649658203125
261354,69,0.4927536231884058,0.2292129397392273,0.512416660785675,14.491442680358887,1349.524169921875
261355,48,0.625,0.233494833111763,0.6209281086921692,13.172062873840332,1047.563720703125
261356,36,0.6111111111111112,0.18581008911132812,0.4385744631290436,6.737207412719727,1362.4345703125
261357,100,0.56,0.1512499302625656,0.5364474654197693,19.2650203704834,400.5511474609375
261358,83,0.5421686746987951,0.06070414558053017,0.45562928915023804,13.084442138671875,1340.973388671875
261359,100,0.5,0.1671828329563141,0.507093071937561,15.903840065002441,773.5023193359375
261360,70,0.5428571428571428,0.35681891441345215,0.5121755003929138,29.726213455200195,1363.8470458984375
261361,40,0.525,0.25205960869789124,0.6131967306137085,12.008806228637695,838.248291015625
261362,39,0.5641025641025641,0.2965058386325836,0.4025748670101166,18.50375747680664,1584.8670654296875
261363,61,0.5737704918032787,0.22260940074920654,0.4763847589492798,20.1273193359375,791.1510009765625
261364,43,0.37209302325581395,0.4277036488056183,0.49729400873184204,14.769697189331055,1533.630615234375
261365,100,0.47,0.08040584623813629,0.5036379098892212,14.914987564086914,182.7865447998047
261366,88,0.5340909090909091,0.08656162768602371,0.5093042254447937,17.89503288269043,1497.1468505859375
261367,43,0.5813953488372093,0.3490457534790039,0.6727596521377563,18.3164005279541,559.0750732421875
261368,62,0.6129032258064516,0.16535334289073944,0.4452141225337982,13.696449279785156,1134.832275390625
261369,56,0.44642857142857145,0.12322801351547241,0.4695124924182892,7.791260242462158,1922.3465576171875
261370,19,0.6842105263157895,0.20058026909828186,0.44269636273384094,7.000301837921143,1011.052001953125
261371,12,0.5833333333333334,0.5648967027664185,0.660321831703186,8.025125503540039,1433.4051513671875
261372,82,0.43902439024390244,0.07760456204414368,0.5211219787597656,13.19070816040039,1701.4288330078125
261373,14,0.6428571428571429,0.13419416546821594,0.44728612899780273,5.060312747955322,1211.147216796875
261374,93,0.5483870967741935,0.11345674842596054,0.46087735891342163,12.6985502243042,1351.2174072265625
261375,32,0.4375,0.5402666330337524,0.43312644958496094,14.83939266204834,1201.994384765625
261376,64,0.53125,0.2591879367828369,0.5257096886634827,20.468990325927734,870.7963256835938
261377,100,0.5,0.15334217250347137,0.5660827159881592,15.490255355834961,658.8949584960938
261378,67,0.40298507462686567,0.18616421520709991,0.534196674823761,18.497995376586914,1536.0404052734375
261379,80,0.4875,0.17830857634544373,0.499559223651886,14.23523235321045,1531.9293212890625
261380,100,0.44,0.07289289683103561,0.5558335781097412,14.018348693847656,1198.684326171875
261381,46,0.5869565217391305,0.296130508184433,0.5744853019714355,13.171149253845215,901.2333374023438
261382,16,0.25,0.4159048795700073,0.604463517665863,4.352567672729492,1160.122802734375
261383,98,0.3877551020408163,0.11581216007471085,0.4792878031730652,16.62274742126465,1443.4393310546875
261384,74,0.581081081081081,0.15752263367176056,0.5393427610397339,14.074167251586914,1187.4561767578125
261385,18,0.5555555555555556,0.4198729395866394,0.6885722279548645,11.8951997756958,1192.060791015625
261386,27,0.5185185185185185,0.21278630197048187,0.5418287515640259,7.858151435852051,1347.583740234375
261387,100,0.41,0.09114020317792892,0.47172826528549194,13.441973686218262,911.604248046875
261388,50,0.6,0.20576970279216766,0.4910002648830414,10.747357368469238,1458.0203857421875
261389,70,0.5428571428571428,0.07902529090642929,0.4489045739173889,12.842137336730957,745.9719848632812
261390,100,0.54,0.12761250138282776,0.5441644787788391,16.255084991455078,1053.4427490234375
261391,92,0.5652173913043478,0.07768905162811279,0.44649696350097656,11.080503463745117,1161.502685546875
261392,24,0.5833333333333334,0.28306904435157776,0.5749729871749878,10.912007331848145,178.50344848632812
261393,28,0.42857142857142855,0.10124347358942032,0.5766935348510742,4.542222023010254,858.7532348632812
261394,69,0.5652173913043478,0.23028315603733063,0.41554325819015503,18.633520126342773,911.6666259765625
261395,100,0.53,0.16272135078907013,0.5089260935783386,31.51617431640625,1791.6337890625
261396,37,0.5405405405405406,0.1262476146221161,0.43951186537742615,4.679727077484131,556.0288696289062
261397,40,0.65,0.24706414341926575,0.35118812322616577,12.958269119262695,415.0260314941406
261398,94,0.5212765957446809,0.18341435492038727,0.4706600308418274,26.722455978393555,1097.6685791015625
261399,52,0.46153846153846156,0.09462336450815201,0.4585520327091217,4.302291393280029,1713.797119140625
261400,39,0.3333333333333333,0.2765493094921112,0.4573344588279724,6.492625713348389,1372.2972412109375
261401,27,0.4444444444444444,0.33523333072662354,0.4517227113246918,9.94837474822998,1067.9349365234375
261402,42,0.5952380952380952,0.32616913318634033,0.48290565609931946,17.193899154663086,1673.4991455078125
261403,46,0.5652173913043478,0.1890801638364792,0.49145469069480896,12.90639877319336,1826.7772216796875
261404,32,0.5625,0.297972172498703,0.5316689014434814,9.760295867919922,1176.489501953125
261405,53,0.5471698113207547,0.24665765464305878,0.4681653678417206,16.654407501220703,473.1112365722656
261406,55,0.41818181818181815,0.353120893239975,0.48899897933006287,16.845151901245117,1716.436767578125
261407,38,0.5263157894736842,0.15116283297538757,0.5078395009040833,7.84763765335083,1042.7427978515625
261408,100,0.56,0.11822028458118439,0.5558645129203796,22.494247436523438,577.2540893554688
261409,48,0.5833333333333334,0.20590421557426453,0.5787698030471802,13.157894134521484,2316.130859375
261410,26,0.4230769230769231,0.16126860678195953,0.42745333909988403,5.848763465881348,1621.65380859375
261411,46,0.5869565217391305,0.3291282057762146,0.4410735070705414,18.20989418029785,708.5269775390625
261412,70,0.5571428571428572,0.14160263538360596,0.5141375064849854,14.095460891723633,609.04638671875
261413,39,0.358974358974359,0.2844684422016144,0.5154361128807068,9.5621919631958,1148.48681640625
261414,33,0.5454545454545454,0.1353786289691925,0.40364471077919006,8.507335662841797,1380.613525390625
261415,53,0.5283018867924528,0.10747826099395752,0.5172162055969238,8.874373435974121,1430.6446533203125
261416,42,0.40476190476190477,0.3233591318130493,0.576472818851471,8.999143600463867,624.4654541015625
261417,30,0.5333333333333333,0.3290248513221741,0.5875038504600525,14.271235466003418,1215.9766845703125
261418,38,0.47368421052631576,0.2900215983390808,0.47748059034347534,11.585609436035156,1033.5404052734375
261419,77,0.45454545454545453,0.23971402645111084,0.42112430930137634,16.0150089263916,878.2965087890625
261420,100,0.5,0.10219302028417587,0.5472548604011536,9.760405540466309,790.5999145507812
261421,15,0.5333333333333333,0.3109733760356903,0.3669993579387665,4.433632850646973,337.2121887207031
261422,23,0.6956521739130435,0.32606014609336853,0.6359044909477234,7.4535441398620605,1619.075439453125
261423,29,0.5517241379310345,0.3954290747642517,0.5621128678321838,14.87075424194336,1704.5382080078125
261424,46,0.3695652173913043,0.250639408826828,0.48915162682533264,13.293012619018555,1170.0982666015625
261425,81,0.4691358024691358,0.3107878267765045,0.48635008931159973,20.69388771057129,1526.8792724609375
261426,68,0.5294117647058824,0.13387902081012726,0.5279463529586792,11.878087997436523,1582.3272705078125
261427,17,0.6470588235294118,0.35044485330581665,0.5565313696861267,9.239700317382812,1452.7540283203125
261428,28,0.5357142857142857,0.3293558955192566,0.4464761018753052,12.891072273254395,830.7855224609375
261429,17,0.5882352941176471,0.40458208322525024,0.5009894967079163,6.551414489746094,1642.3349609375
261430,58,0.5172413793103449,0.20265914499759674,0.6692923903465271,16.24359130859375,340.87506103515625
261431,38,0.631578947368421,0.197690948843956,0.5801655054092407,8.143755912780762,1125.7281494140625
261432,66,0.5454545454545454,0.2510582208633423,0.5130338668823242,21.35130500793457,1872.415771484375
261433,36,0.4444444444444444,0.24424594640731812,0.6068649888038635,7.829061031341553,1994.6605224609375
261434,76,0.5526315789473685,0.11704383790493011,0.4915274977684021,17.262075424194336,1666.730712890625
261435,34,0.5588235294117647,0.21706290543079376,0.574166476726532,9.26556396484375,1448.0518798828125
261436,50,0.42,0.1453036367893219,0.5257896184921265,11.840002059936523,946.8441162109375
261437,91,0.6043956043956044,0.06585707515478134,0.4510004222393036,14.302043914794922,1649.5804443359375
261438,77,0.6103896103896104,0.1870279163122177,0.4349917769432068,15.323575019836426,1284.011962890625
261439,57,0.42105263157894735,0.2804068326950073,0.46978896856307983,14.95962142944336,1207.943603515625
261440,13,0.7692307692307693,0.49235790967941284,0.39858278632164,10.811421394348145,804.9519653320312
261441,36,0.5555555555555556,0.40658408403396606,0.5447590947151184,19.639415740966797,1538.2103271484375
261442,53,0.4528301886792453,0.2661319971084595,0.5351759195327759,15.011359214782715,1501.7633056640625
261443,37,0.4594594594594595,0.36162233352661133,0.4630659520626068,9.57900619506836,1253.9547119140625
261444,100,0.54,0.07934033125638962,0.4385022222995758,13.398626327514648,1535.8955078125
261445,49,0.5714285714285714,0.03226380795240402,0.4166680872440338,3.1376760005950928,780.0389404296875
261446,57,0.5087719298245614,0.32475924491882324,0.5522672533988953,17.63895606994629,1156.3443603515625
261447,62,0.5161290322580645,0.18320351839065552,0.3889266848564148,15.672807693481445,1082.0440673828125
261448,72,0.5,0.09754505753517151,0.46090206503868103,8.154338836669922,1388.325927734375
261449,82,0.5,0.002141315722838044,0.5385192036628723,5.901062965393066,1232.089599609375
261450,42,0.5238095238095238,0.3419370949268341,0.45576685667037964,17.324186325073242,875.6463012695312
261451,48,0.3541666666666667,0.25840163230895996,0.4870835244655609,12.1670503616333,1385.2962646484375
261452,82,0.5609756097560976,0.16349951922893524,0.46129110455513,22.063369750976562,497.2683410644531
261453,67,0.6268656716417911,0.2507910132408142,0.5659616589546204,20.373977661132812,927.1698608398438
261454,100,0.51,0.038086362183094025,0.5320793390274048,10.631129264831543,1289.5728759765625
261455,49,0.6530612244897959,0.12214796990156174,0.4778546690940857,11.581727027893066,1704.6170654296875
261456,28,0.32142857142857145,0.3176773190498352,0.4944540858268738,8.241142272949219,954.5227661132812
261457,12,0.4166666666666667,0.36072856187820435,0.5113006234169006,2.414029836654663,648.0272216796875
261458,6,0.5,0.37389540672302246,0.5762483477592468,1.4609302282333374,858.2391357421875
261459,62,0.5967741935483871,0.20364508032798767,0.4800223112106323,21.675498962402344,1244.1832275390625
261460,62,0.532258064516129,0.23372162878513336,0.5051456689834595,18.75666618347168,769.591552734375
261461,14,0.6428571428571429,0.3302525281906128,0.6724467873573303,4.386562347412109,1354.3193359375
261462,83,0.4939759036144578,0.17676831781864166,0.4359293580055237,16.080310821533203,563.7063598632812
261463,100,0.49,0.1334863156080246,0.5145488381385803,10.926007270812988,688.4411010742188
261464,79,0.4050632911392405,0.069241963326931,0.523365318775177,8.962318420410156,1777.3665771484375
261465,37,0.35135135135135137,0.2679356038570404,0.5912166833877563,5.904296398162842,1338.161376953125
261466,100,0.47,0.09545335173606873,0.5666245818138123,12.089803695678711,1212.10400390625
261467,13,0.46153846153846156,-0.20115040242671967,0.5849043726921082,2.277925968170166,914.8206176757812
261468,31,0.6129032258064516,0.2750326097011566,0.5508583188056946,12.074586868286133,1618.239013671875
261469,100,0.43,0.11289379000663757,0.46158158779144287,18.205778121948242,1297.4732666015625
261470,40,0.5,0.1179635152220726,0.4861031174659729,9.33601188659668,551.8721313476562
261471,75,0.4266666666666667,0.21573704481124878,0.4405704736709595,14.980021476745605,1189.16357421875
261472,92,0.5108695652173914,0.17994876205921173,0.47800037264823914,18.587961196899414,1182.5465087890625
261473,88,0.48863636363636365,0.17025426030158997,0.49300524592399597,16.78936004638672,1180.10986328125
261474,100,0.53,0.11483027786016464,0.5575271248817444,21.648252487182617,560.8887939453125
261475,100,0.46,0.09516735374927521,0.4329913556575775,18.58755111694336,944.8168334960938
261476,74,0.5,0.17892959713935852,0.550450325012207,17.863000869750977,1511.5518798828125
261477,100,0.46,0.01550520770251751,0.5279120206832886,5.163809299468994,389.06842041015625
261478,35,0.45714285714285713,0.30307453870773315,0.6318521499633789,10.575462341308594,1103.1942138671875
261479,63,0.5396825396825397,0.18252849578857422,0.453357458114624,10.800126075744629,2019.82666015625
261480,57,0.43859649122807015,0.19464139640331268,0.5310471057891846,11.677057266235352,773.52880859375
261481,100,0.49,0.045445725321769714,0.5168203115463257,15.104249000549316,1251.9725341796875
261482,57,0.47368421052631576,0.21693655848503113,0.5322129130363464,9.738785743713379,723.2633666992188
261483,75,0.56,0.13105957210063934,0.42747753858566284,22.423423767089844,622.6705932617188
261484,16,0.5,0.26877671480178833,0.5496957302093506,4.575967788696289,736.221923828125
261485,58,0.5517241379310345,0.2779461443424225,0.43903160095214844,22.510520935058594,276.5027770996094
261486,40,0.375,0.1710212528705597,0.5415077805519104,5.938243389129639,1354.058349609375
261487,34,0.35294117647058826,0.2945519685745239,0.4829771816730499,7.610289573669434,1481.2615966796875
261488,62,0.6774193548387096,0.19469568133354187,0.3765561580657959,20.453563690185547,1612.564208984375
261489,100,0.53,0.07590596377849579,0.5180617570877075,12.097786903381348,806.8270874023438
261490,78,0.5769230769230769,0.1361164003610611,0.40967732667922974,18.769744873046875,1037.0499267578125
261491,61,0.5081967213114754,0.25478649139404297,0.5000256299972534,15.204926490783691,701.7394409179688
261492,30,0.5666666666666667,0.35156306624412537,0.6151856184005737,10.210596084594727,828.9730224609375
261493,82,0.45121951219512196,0.061744000762701035,0.43535876274108887,9.149442672729492,914.524169921875
261494,29,0.5862068965517241,0.41385897994041443,0.5196822881698608,16.329500198364258,2029.665283203125
261495,96,0.5,0.1413823962211609,0.42127904295921326,15.517066955566406,818.2315063476562
261496,69,0.6231884057971014,0.12787050008773804,0.4656229019165039,18.292516708374023,874.3152465820312
261497,32,0.46875,0.3570551872253418,0.39468806982040405,10.162029266357422,692.7583618164062
261498,100,0.47,0.11429833620786667,0.42104870080947876,10.210468292236328,674.9092407226562
261499,26,0.5,0.2614257335662842,0.4216739237308502,9.051833152770996,1642.772705078125
261500,46,0.45652173913043476,0.3270302414894104,0.4512805640697479,14.680020332336426,1567.119384765625
261501,60,0.48333333333333334,0.1943848580121994,0.5352312922477722,15.755295753479004,473.5557861328125
261502,64,0.5,0.07235175371170044,0.5087376832962036,12.021830558776855,1926.1070556640625
261503,50,0.44,0.38414713740348816,0.5904250741004944,19.450170516967773,649.6021118164062
261504,76,0.5657894736842105,0.19324344396591187,0.5087422728538513,18.547840118408203,977.3370971679688
261505,35,0.5142857142857142,0.3829849660396576,0.7039366960525513,14.943860054016113,1741.756591796875
261506,57,0.43859649122807015,0.2592296898365021,0.4789848029613495,11.228395462036133,1181.30859375
261507,56,0.5714285714285714,0.15555359423160553,0.49467921257019043,13.741392135620117,1827.0123291015625
261508,96,0.4791666666666667,0.09837842732667923,0.5286498665809631,15.795005798339844,674.0946044921875
261509,50,0.4,0.26146557927131653,0.5228992700576782,9.207659721374512,1428.573486328125
261510,66,0.48484848484848486,0.15892952680587769,0.5559998154640198,12.959495544433594,652.1557006835938
261511,65,0.5384615384615384,0.14374642074108124,0.5216701030731201,12.636253356933594,1136.531005859375
261512,21,0.6190476190476191,0.22806471586227417,0.5622979402542114,5.9418206214904785,423.71905517578125
261513,67,0.417910447761194,0.14761371910572052,0.42378365993499756,8.519308090209961,411.4814758300781
261514,47,0.46808510638297873,0.23804250359535217,0.48496323823928833,11.910340309143066,559.5886840820312
261515,35,0.5142857142857142,0.20178240537643433,0.5719904899597168,9.112078666687012,2012.4351806640625
261516,21,0.5238095238095238,0.3096032738685608,0.4915105402469635,5.355652809143066,866.9590454101562
261517,28,0.39285714285714285,0.08312519639730453,0.3681815564632416,1.2526477575302124,780.5171508789062
261518,35,0.5714285714285714,0.30986616015434265,0.43517419695854187,14.086917877197266,1900.1549072265625
261519,75,0.48,0.1727997064590454,0.5117090940475464,20.96156120300293,1289.2637939453125
261520,54,0.5555555555555556,0.14761705696582794,0.464784175157547,10.50822925567627,1826.179931640625
261521,28,0.5357142857142857,0.37603017687797546,0.5588102340698242,12.429313659667969,1204.54150390625
261522,40,0.375,0.0956573635339737,0.4426678717136383,8.685622215270996,727.850341796875
261523,15,0.4666666666666667,0.42740851640701294,0.6728987097740173,6.485347270965576,678.4207153320312
261524,98,0.47959183673469385,0.05271118879318237,0.4915913939476013,8.352835655212402,1340.075439453125
261525,53,0.6037735849056604,0.19688200950622559,0.4829377233982086,9.72952938079834,918.166259765625
261526,29,0.4827586206896552,0.2563011944293976,0.6533976793289185,10.6149263381958,399.39532470703125
261527,50,0.58,0.16689178347587585,0.45376524329185486,7.165409088134766,998.9271240234375
261528,37,0.3783783783783784,0.32378295063972473,0.5476764440536499,10.901053428649902,1794.8900146484375
261529,22,0.5454545454545454,0.1821487993001938,0.5616431832313538,9.16848087310791,1153.0423583984375
261530,100,0.52,0.1071326807141304,0.4920366704463959,16.605514526367188,1437.038818359375
261531,15,0.7333333333333333,0.21425694227218628,0.26792261004447937,4.83654260635376,1178.15869140625
261532,20,0.65,0.34486621618270874,0.6543684601783752,10.034071922302246,464.2370300292969
261533,100,0.59,0.014702122658491135,0.4699259400367737,7.261491775512695,652.031982421875
261534,76,0.4473684210526316,0.1962512731552124,0.5118943452835083,15.405153274536133,503.40777587890625
261535,13,0.6153846153846154,0.280244380235672,0.5862209796905518,3.853893518447876,994.9222412109375
261536,26,0.46153846153846156,0.2505752742290497,0.5301132202148438,6.266530990600586,687.7798461914062
261537,66,0.3787878787878788,0.25848233699798584,0.5207902193069458,14.758997917175293,429.6773376464844
261538,36,0.3333333333333333,0.3001696765422821,0.4405039846897125,6.6588335037231445,1993.6336669921875
261539,81,0.5308641975308642,0.10937158763408661,0.4641684591770172,15.270645141601562,1429.27978515625
261540,14,0.5714285714285714,0.3166973888874054,0.3454325497150421,3.7667605876922607,1390.1151123046875
261541,75,0.56,0.139011949300766,0.5392138361930847,21.65899658203125,1629.0374755859375
261542,45,0.5111111111111111,0.2073693424463272,0.5496201515197754,11.138633728027344,1165.8232421875
261543,40,0.525,0.2803073525428772,0.48803865909576416,18.487272262573242,1187.8360595703125
261544,9,0.5555555555555556,0.17742571234703064,0.7223688960075378,2.954425811767578,407.22015380859375
261545,59,0.4745762711864407,0.08472517877817154,0.5191290378570557,5.0324602127075195,764.1839599609375
261546,24,0.5416666666666666,0.3022284209728241,0.44049298763275146,7.669811725616455,273.8926086425781
261547,100,0.49,0.1522863656282425,0.46187272667884827,11.7214937210083,751.4085693359375
261548,15,0.6666666666666666,0.3493531346321106,0.35470420122146606,8.94690990447998,1318.745361328125
261549,21,0.5714285714285714,0.5100575089454651,0.42717087268829346,14.468880653381348,1838.9910888671875
261550,61,0.45901639344262296,0.1914648562669754,0.5109255909919739,12.801567077636719,1169.225341796875
261551,63,0.47619047619047616,0.13311037421226501,0.5571837425231934,12.223021507263184,1285.4046630859375
261552,18,0.6111111111111112,0.2992612421512604,0.42777204513549805,5.258611679077148,1328.06884765625
261553,47,0.5531914893617021,0.19865775108337402,0.5616285800933838,14.621798515319824,1972.1959228515625
261554,52,0.5384615384615384,0.25239214301109314,0.41238322854042053,15.171632766723633,2150.873046875
261555,38,0.5263157894736842,0.3245443105697632,0.4079485535621643,18.149412155151367,1430.427978515625
261556,37,0.5675675675675675,0.427441269159317,0.5030514001846313,16.182767868041992,1564.2454833984375
261557,28,0.5,0.24200484156608582,0.588596761226654,9.649531364440918,940.648193359375
261558,30,0.5333333333333333,0.36209696531295776,0.4822883605957031,11.008952140808105,420.0021667480469
261559,47,0.574468085106383,0.16475290060043335,0.5836220383644104,10.731525421142578,1214.7303466796875
261560,63,0.4603174603174603,0.23519863188266754,0.40167343616485596,14.817848205566406,1374.2115478515625
261561,46,0.5,0.27165594696998596,0.4582180380821228,16.143692016601562,1921.9766845703125
261562,27,0.5185185185185185,0.4637744128704071,0.4303401708602905,17.176546096801758,1313.7294921875
261563,14,0.42857142857142855,0.554951012134552,0.5631543397903442,5.258554935455322,1093.42919921875
261564,74,0.5540540540540541,0.21654315292835236,0.4259320795536041,19.58039093017578,2447.211181640625
261565,20,0.45,0.3460690677165985,0.6388198137283325,7.814204216003418,415.3690185546875
261566,33,0.48484848484848486,0.34015369415283203,0.4080357849597931,13.70211410522461,682.1815185546875
261567,45,0.5555555555555556,0.24081218242645264,0.48071545362472534,19.451618194580078,1979.5389404296875
261568,17,0.5294117647058824,0.46081918478012085,0.44293123483657837,8.736454963684082,568.8536376953125
261569,27,0.5555555555555556,0.08476617932319641,0.5391371250152588,2.8921947479248047,1049.3448486328125
261570,41,0.5609756097560976,0.20569905638694763,0.6403692364692688,10.432948112487793,1106.633544921875
261571,50,0.54,0.23602627217769623,0.5014724731445312,22.730758666992188,1368.4892578125
261572,49,0.5510204081632653,0.1715908646583557,0.4700854420661926,11.972493171691895,1629.9560546875
261573,25,0.56,0.2695152759552002,0.5346923470497131,9.71348762512207,1912.40625
261574,39,0.4358974358974359,0.22071552276611328,0.4825865626335144,10.730384826660156,1588.6116943359375
261575,34,0.4411764705882353,0.3222680687904358,0.4427713453769684,7.820196628570557,1564.6036376953125
261576,25,0.6,0.24101611971855164,0.6835933327674866,10.661445617675781,785.8721313476562
261577,42,0.5476190476190477,0.2566140294075012,0.46173039078712463,12.034932136535645,1087.2716064453125
261578,41,0.5365853658536586,0.3035358786582947,0.4822100102901459,13.859166145324707,609.5196533203125
261579,35,0.45714285714285713,0.23235352337360382,0.6167105436325073,9.706859588623047,1197.2735595703125
261580,100,0.48,0.12410622835159302,0.4309598207473755,15.335646629333496,1331.0723876953125
261581,76,0.5394736842105263,0.1765800416469574,0.45817553997039795,15.684788703918457,573.0223999023438
261582,97,0.422680412371134,0.09822119772434235,0.45825856924057007,5.909104824066162,1036.5625
261583,43,0.4186046511627907,0.1908682882785797,0.5499847531318665,7.116004467010498,1692.2840576171875
261584,25,0.64,0.3202424645423889,0.5250762701034546,11.206250190734863,1439.493408203125
261585,30,0.7333333333333333,0.3156180679798126,0.5060330629348755,17.863231658935547,233.37429809570312
261586,17,0.47058823529411764,0.25205206871032715,0.4677060842514038,3.1246745586395264,906.3867797851562
261587,44,0.4772727272727273,0.33037206530570984,0.5209065079689026,17.13732147216797,365.8680725097656
261588,44,0.6818181818181818,0.3219895362854004,0.585576593875885,16.905466079711914,1721.2974853515625
261589,29,0.4482758620689655,0.3139350116252899,0.4614924490451813,10.556130409240723,886.220947265625
261590,78,0.38461538461538464,0.1718573272228241,0.47477731108665466,15.89863109588623,549.997802734375
261591,57,0.5614035087719298,0.062192875891923904,0.5684539675712585,17.062252044677734,1060.9510498046875
261592,100,0.49,0.10008417069911957,0.5215153098106384,12.387866973876953,491.2734069824219
261593,57,0.5087719298245614,0.1567675918340683,0.5640642642974854,15.73532485961914,2037.8670654296875
261594,17,0.5294117647058824,0.21951855719089508,0.5379543900489807,2.7155067920684814,1089.9010009765625
261595,5,0.4,0.3758660852909088,0.6683621406555176,0.6215198040008545,649.4774169921875
261596,31,0.4838709677419355,0.5404055118560791,0.5997623205184937,13.278403282165527,1303.7869873046875
261597,68,0.4411764705882353,0.11275169253349304,0.5176854729652405,5.702799320220947,477.7812194824219
261598,22,0.5454545454545454,0.1919628530740738,0.5971019864082336,4.288074016571045,1252.08837890625
261599,54,0.6481481481481481,0.15679246187210083,0.37058883905410767,10.341920852661133,1432.6983642578125
261600,78,0.41025641025641024,0.16921952366828918,0.5245925784111023,11.290807723999023,1365.1439208984375
261601,90,0.5222222222222223,0.13941025733947754,0.47037285566329956,10.795662879943848,710.8154296875
261602,39,0.48717948717948717,0.24787122011184692,0.5651002526283264,12.634093284606934,773.8216552734375
261603,30,0.7333333333333333,0.24540068209171295,0.49881312251091003,14.242937088012695,1055.870849609375
261604,48,0.5625,0.22515957057476044,0.4420185983181,13.312872886657715,710.6205444335938
261605,36,0.4722222222222222,0.06599487364292145,0.47832754254341125,3.2794766426086426,314.81512451171875
261606,40,0.5,0.2687234878540039,0.5062048435211182,11.865052223205566,907.5518798828125
261607,97,0.5257731958762887,0.11482393741607666,0.4727479815483093,23.59983253479004,1604.3463134765625
261608,90,0.4777777777777778,0.14092113077640533,0.5233303904533386,17.490966796875,912.8009643554688
261609,44,0.5681818181818182,0.3090935945510864,0.5697968006134033,15.67810344696045,570.9662475585938
261610,44,0.5,0.24170714616775513,0.4459357261657715,14.99826431274414,943.5061645507812
261611,52,0.5576923076923077,0.25121691823005676,0.463408499956131,20.20574188232422,1613.1617431640625
261612,54,0.5,0.20856596529483795,0.410700261592865,10.366776466369629,706.8906860351562
261613,23,0.6086956521739131,0.31378665566444397,0.4039187729358673,9.680741310119629,566.078369140625
261614,22,0.45454545454545453,0.21437866985797882,0.32607361674308777,5.786205768585205,1259.739501953125
261615,21,0.6190476190476191,0.3666815459728241,0.5498461723327637,9.072061538696289,1324.0528564453125
261616,32,0.40625,0.16792091727256775,0.5257598757743835,8.63254165649414,950.7914428710938
261617,37,0.5135135135135135,0.35653090476989746,0.5138230919837952,12.075620651245117,945.107666015625
261618,21,0.5714285714285714,0.3771934509277344,0.4618734121322632,8.82661247253418,1575.9595947265625
261619,84,0.5,0.12285500764846802,0.4344232678413391,19.247756958007812,1152.906005859375
261620,94,0.43617021276595747,0.13426655530929565,0.48727884888648987,16.229583740234375,1156.5667724609375
261621,73,0.5342465753424658,0.22669529914855957,0.5303827524185181,17.305194854736328,1499.7119140625
261622,34,0.6176470588235294,0.3578588664531708,0.34108203649520874,13.478475570678711,2366.526123046875
261623,33,0.6666666666666666,0.25023090839385986,0.48938724398612976,11.873113632202148,1762.78759765625
261624,68,0.5294117647058824,0.24080249667167664,0.4470008611679077,19.913183212280273,903.963623046875
261625,31,0.4838709677419355,0.5012025237083435,0.5268570780754089,18.500280380249023,984.3460083007812
261626,26,0.5384615384615384,0.4388032555580139,0.41172167658805847,12.104599952697754,414.2898254394531
261627,39,0.48717948717948717,0.3879740536212921,0.5375909805297852,12.843412399291992,917.0299072265625
261628,100,0.54,0.1793915033340454,0.4720558822154999,25.772083282470703,600.566162109375
261629,34,0.5882352941176471,0.25950950384140015,0.6103735566139221,14.877511024475098,1312.461181640625
261630,100,0.53,0.1442268192768097,0.5064789056777954,23.155481338500977,1171.95654296875
261631,24,0.5416666666666666,0.486051082611084,0.6041179895401001,18.485212326049805,518.17529296875
261632,41,0.5365853658536586,0.2831619083881378,0.5051695704460144,15.320464134216309,1275.8673095703125
261633,12,0.6666666666666666,0.38240769505500793,0.7334386110305786,7.2116475105285645,1247.6351318359375
261634,30,0.6,0.1544189155101776,0.6245419979095459,9.008687973022461,1061.0234375
261635,53,0.4528301886792453,0.14590983092784882,0.5253320336341858,8.444490432739258,1424.855224609375
261636,43,0.37209302325581395,0.34730738401412964,0.4673141837120056,10.02532958984375,948.924072265625
261637,31,0.5161290322580645,0.27881452441215515,0.5223380327224731,8.992402076721191,463.4653015136719
261638,32,0.40625,0.1374603658914566,0.41710951924324036,5.279449462890625,1398.1021728515625
261639,12,0.5833333333333334,0.519267201423645,0.6853057146072388,9.165085792541504,748.8311767578125
261640,66,0.3939393939393939,0.2397846132516861,0.5352904200553894,9.738499641418457,1159.2578125
261641,16,0.625,0.169099360704422,0.4433974027633667,4.461050987243652,537.2324829101562
261642,51,0.47058823529411764,0.3013896048069,0.549809992313385,18.875865936279297,316.9695129394531
261643,48,0.5,0.12683773040771484,0.5065342783927917,8.848015785217285,467.8764343261719
261644,40,0.55,0.09251806139945984,0.574337899684906,7.579692840576172,879.12451171875
261645,24,0.4583333333333333,0.163387268781662,0.7585792541503906,6.2899651527404785,501.8397521972656
261646,42,0.47619047619047616,0.3647279441356659,0.5257766246795654,13.445079803466797,779.3829956054688
261647,58,0.4482758620689655,0.25168439745903015,0.5246978998184204,13.499675750732422,1884.444091796875
261648,11,0.6363636363636364,0.19529305398464203,0.5258597731590271,6.471350193023682,582.9124755859375
261649,62,0.532258064516129,0.18529725074768066,0.45481064915657043,13.82988452911377,1107.0552978515625
261650,46,0.5652173913043478,0.24196571111679077,0.49836158752441406,18.320388793945312,471.13079833984375
261651,67,0.34328358208955223,0.06437929719686508,0.45892202854156494,6.711060047149658,1505.4114990234375
261652,18,0.6666666666666666,0.3331557512283325,0.6389763355255127,8.177526473999023,1679.7386474609375
261653,100,0.52,0.1330621838569641,0.4833889305591583,20.586164474487305,995.6094360351562
261654,39,0.46153846153846156,0.2031126320362091,0.47825390100479126,6.364874839782715,1101.8447265625
261655,44,0.5454545454545454,0.22614240646362305,0.3534375727176666,19.62291145324707,1052.4141845703125
261656,19,0.8421052631578947,0.22413760423660278,0.3695484399795532,10.050850868225098,826.2996826171875
261657,55,0.5272727272727272,0.23506073653697968,0.4575316607952118,20.375120162963867,1130.7071533203125
261658,52,0.5192307692307693,0.20629242062568665,0.4844416379928589,16.06630516052246,1747.4105224609375
261659,67,0.40298507462686567,0.19950751960277557,0.5121287703514099,20.371829986572266,1779.9423828125
261660,42,0.5952380952380952,0.2585555911064148,0.4215148091316223,17.05204200744629,1384.42822265625
261661,100,0.41,0.10242024809122086,0.5962634682655334,14.747855186462402,1971.305908203125
261662,55,0.43636363636363634,0.22167301177978516,0.5616801381111145,13.922906875610352,1823.3856201171875
261663,88,0.5568181818181818,0.18442495167255402,0.45827776193618774,24.492931365966797,1005.55322265625
261664,56,0.5535714285714286,0.21352475881576538,0.5386695861816406,14.869176864624023,1729.7843017578125
261665,54,0.5,0.2735835611820221,0.5909740924835205,17.883230209350586,1876.2884521484375
261666,26,0.4230769230769231,0.5339270830154419,0.40035438537597656,12.81128978729248,1439.2496337890625
261667,25,0.6,0.3950367271900177,0.44169849157333374,13.013615608215332,683.6109619140625
261668,25,0.48,0.18969272077083588,0.5576341152191162,7.3868408203125,749.009033203125
261669,41,0.3170731707317073,0.13790687918663025,0.5403411984443665,8.031868934631348,1068.5433349609375
261670,70,0.6142857142857143,0.15347832441329956,0.4450502097606659,19.370254516601562,2095.799560546875
261671,57,0.5263157894736842,0.1402469277381897,0.5681531429290771,14.96229076385498,1442.77197265625
261672,50,0.5,0.24995583295822144,0.4745464324951172,17.7541561126709,1450.79296875
261673,98,0.5306122448979592,-0.005073407664895058,0.520574152469635,5.466094493865967,670.8161010742188
261674,40,0.525,0.012967832386493683,0.546857476234436,3.2162024974823,770.8291015625
261675,60,0.5666666666666667,0.3125497102737427,0.4454887807369232,22.601503372192383,441.3994140625
261676,89,0.550561797752809,0.13492439687252045,0.5093331336975098,16.264877319335938,1572.8074951171875
261677,44,0.45454545454545453,0.2968243658542633,0.5221583843231201,12.038909912109375,309.3800048828125
261678,93,0.5913978494623656,0.12152686715126038,0.4564547836780548,22.102663040161133,1634.366455078125
261679,57,0.5964912280701754,0.17974388599395752,0.4697689414024353,12.717765808105469,1300.1883544921875
261680,39,0.48717948717948717,0.2184116393327713,0.46831756830215454,13.357351303100586,751.05029296875
261681,32,0.53125,0.22529058158397675,0.4664822816848755,10.717267036437988,1109.6319580078125
261682,13,0.6923076923076923,0.39049291610717773,0.33629322052001953,7.98804235458374,347.64935302734375
261683,73,0.410958904109589,0.20741036534309387,0.4255320131778717,17.23565673828125,1654.53173828125
261684,46,0.5217391304347826,0.08657177537679672,0.5064641237258911,7.51627779006958,805.1642456054688
261685,51,0.49019607843137253,0.2258964478969574,0.5720431804656982,17.241220474243164,1743.2835693359375
261686,39,0.5384615384615384,0.21458390355110168,0.4874593913555145,9.725543975830078,1175.230712890625
261687,25,0.4,0.44376763701438904,0.5577139258384705,9.514632225036621,721.0606079101562
261688,36,0.4722222222222222,0.3244440257549286,0.4617125988006592,10.988380432128906,1255.0303955078125
261689,58,0.3448275862068966,0.20960597693920135,0.4653872549533844,9.717851638793945,1048.9083251953125
261690,26,0.5769230769230769,0.3239002525806427,0.5461621880531311,10.942460060119629,1002.8294067382812
261691,42,0.5714285714285714,0.2643895745277405,0.4882000684738159,17.85672950744629,1828.220703125
261692,86,0.5348837209302325,0.17562797665596008,0.4092927873134613,19.41163444519043,1236.9156494140625
261693,66,0.5909090909090909,0.13264884054660797,0.5375846028327942,10.478643417358398,759.8804931640625
261694,27,0.5555555555555556,0.587500810623169,0.4392361640930176,19.716371536254883,1499.630615234375
261695,32,0.4375,0.4937734305858612,0.48785722255706787,17.20830535888672,1163.165771484375
261696,8,0.75,0.6700133681297302,0.7151125073432922,8.904178619384766,841.866943359375
261697,30,0.43333333333333335,0.422292560338974,0.6038702130317688,13.504902839660645,905.6317138671875
261698,43,0.5116279069767442,0.25237157940864563,0.47002896666526794,8.353995323181152,1742.6737060546875
261699,14,0.6428571428571429,0.4764707386493683,0.5923341512680054,7.755096435546875,628.339599609375
261700,56,0.5357142857142857,0.1828293651342392,0.42939451336860657,14.873044967651367,1599.73193359375
261701,37,0.5675675675675675,0.2757951617240906,0.5140303373336792,8.952136993408203,1735.970458984375
261702,32,0.5,0.42204493284225464,0.5438575744628906,19.256208419799805,652.4315185546875
261703,100,0.42,0.16552141308784485,0.44714945554733276,20.715364456176758,577.0792846679688
261704,17,0.6470588235294118,0.34674471616744995,0.2960428297519684,7.538094997406006,2350.583251953125
261705,13,0.38461538461538464,0.4051550328731537,0.6015563607215881,5.576528549194336,1169.573974609375
261706,22,0.45454545454545453,0.1567399501800537,0.46904078125953674,3.9862616062164307,1810.3671875
261707,16,0.6875,0.021197080612182617,0.5324011445045471,4.474126815795898,1454.7559814453125
261708,61,0.5409836065573771,0.27872398495674133,0.5667538046836853,22.03561782836914,1104.5684814453125
261709,29,0.7241379310344828,0.193241149187088,0.4926856756210327,6.563848495483398,513.4239501953125
261710,65,0.38461538461538464,0.31215909123420715,0.4961465001106262,19.65471076965332,1392.2918701171875
261711,67,0.5223880597014925,0.14858201146125793,0.5253069996833801,11.105033874511719,1662.706787109375
261712,100,0.47,0.1595391482114792,0.4562804102897644,20.214317321777344,1882.827880859375
261713,68,0.5,0.13639476895332336,0.5145936012268066,16.32984733581543,1500.2374267578125
261714,58,0.5344827586206896,0.10125044733285904,0.5366833209991455,8.693975448608398,1407.4686279296875
261715,100,0.48,0.1769266277551651,0.4631362557411194,15.901203155517578,698.6618041992188
261716,20,0.7,0.26945117115974426,0.6135888695716858,9.974617004394531,1141.3037109375
261717,29,0.41379310344827586,0.12015970796346664,0.6087589859962463,3.4108433723449707,2118.766357421875
261718,90,0.4444444444444444,0.14532122015953064,0.48019328713417053,18.70671844482422,1374.4677734375
261719,50,0.48,0.1822565197944641,0.4650295078754425,8.396749496459961,690.1035766601562
261720,39,0.5641025641025641,0.23930306732654572,0.47798609733581543,15.87039566040039,1626.093017578125
261721,76,0.4473684210526316,0.1816788911819458,0.5073148608207703,21.717304229736328,1210.370361328125
261722,46,0.5217391304347826,0.357901930809021,0.5153626799583435,17.44991111755371,1848.6650390625
261723,72,0.5277777777777778,0.12218151241540909,0.5389835238456726,14.42206859588623,1161.3814697265625
261724,36,0.5,0.2872920334339142,0.4333867132663727,10.870345115661621,1296.0367431640625
261725,50,0.52,0.2918820381164551,0.4836953580379486,17.126249313354492,1331.833984375
261726,47,0.5531914893617021,0.2426721453666687,0.4386977553367615,23.09290313720703,1272.9627685546875
261727,44,0.5227272727272727,0.18553194403648376,0.47359856963157654,11.392099380493164,2086.580078125
261728,54,0.5740740740740741,0.15598243474960327,0.5061187148094177,11.69371509552002,800.4662475585938
261729,70,0.5285714285714286,0.18562418222427368,0.5132672786712646,18.98358726501465,1074.362548828125
261730,88,0.5795454545454546,0.1156959980726242,0.4492664337158203,16.69407844543457,387.8630676269531
261731,43,0.5348837209302325,0.1954682171344757,0.41905999183654785,12.533232688903809,1218.2491455078125
261732,35,0.5428571428571428,0.27747267484664917,0.4585628807544708,10.251477241516113,733.7677001953125
261733,100,0.61,0.016100458800792694,0.5180622339248657,14.364245414733887,2086.699462890625
261734,7,0.14285714285714285,0.6611101627349854,0.5221723914146423,0.3777773082256317,1574.3028564453125
261735,23,0.6521739130434783,0.2552175223827362,0.6802132725715637,9.264280319213867,1054.5537109375
261736,23,0.6521739130434783,0.3344351053237915,0.41040077805519104,11.752335548400879,860.0116577148438
261737,73,0.4794520547945205,0.2492779940366745,0.4455614686012268,16.088197708129883,542.964111328125
261738,40,0.525,0.32520678639411926,0.42169690132141113,14.075848579406738,1171.9794921875
261739,82,0.5609756097560976,0.16983254253864288,0.4591575264930725,20.504411697387695,1603.267333984375
261740,38,0.4473684210526316,0.16067016124725342,0.5247781872749329,7.454229831695557,1937.8509521484375
261741,80,0.4875,0.08504040539264679,0.540381669998169,6.477746486663818,891.4766845703125
261742,45,0.5333333333333333,0.2400309294462204,0.5036913752555847,12.928446769714355,1968.4921875
261743,10,0.5,0.20590324699878693,0.26758620142936707,2.1953768730163574,1030.2564697265625
261744,7,0.7142857142857143,0.037750981748104095,0.29598328471183777,1.2398664951324463,1306.284423828125
261745,20,0.65,0.23656797409057617,0.4311574399471283,6.210885047912598,1697.5557861328125
261746,57,0.5087719298245614,0.16486695408821106,0.518409252166748,11.825196266174316,1392.5892333984375
261747,43,0.5348837209302325,0.05362806096673012,0.36302176117897034,5.353628635406494,961.8201904296875
261748,56,0.5535714285714286,0.23276253044605255,0.33484935760498047,17.43449592590332,537.070556640625
261749,63,0.42857142857142855,0.19493496417999268,0.47983217239379883,10.237706184387207,1501.591796875
261750,100,0.57,0.07371262460947037,0.4404654800891876,15.199762344360352,856.0501098632812
261751,100,0.48,-0.0575689971446991,0.5356625318527222,5.121210098266602,1290.9620361328125
261752,52,0.5384615384615384,0.2511692941188812,0.5108780860900879,11.467659950256348,1334.493896484375
261753,37,0.4594594594594595,0.32579997181892395,0.47004222869873047,12.441665649414062,1240.728271484375
261754,70,0.4857142857142857,0.09017395228147507,0.47777652740478516,16.42856788635254,1699.7501220703125
261755,24,0.6666666666666666,0.06279940903186798,0.3151417374610901,2.555150270462036,1015.5512084960938
261756,65,0.5846153846153846,0.12518513202667236,0.4304947257041931,10.124439239501953,1004.1480102539062
261757,9,0.5555555555555556,0.17004601657390594,0.8009128570556641,1.411234974861145,1777.248046875
261758,59,0.4067796610169492,0.2954810559749603,0.4892215132713318,14.489096641540527,1543.9998779296875
261759,58,0.43103448275862066,0.26934027671813965,0.567196249961853,14.026025772094727,1160.311279296875
261760,32,0.65625,0.2765963077545166,0.5959818363189697,11.955358505249023,1157.5604248046875
261761,54,0.5925925925925926,0.2724657654762268,0.5203539729118347,20.604442596435547,1071.472900390625
261762,24,0.5833333333333334,0.4874216616153717,0.5006025433540344,12.334915161132812,1036.1998291015625
261763,84,0.5119047619047619,0.20836684107780457,0.4950737953186035,24.927085876464844,1257.568115234375
261764,12,0.9166666666666666,0.3364468216896057,0.04884214326739311,10.635821342468262,1359.537109375
261765,94,0.5,0.16234774887561798,0.4894571900367737,16.12512969970703,1671.309326171875
261766,23,0.7391304347826086,0.16067028045654297,0.3645249307155609,6.07285737991333,1070.5809326171875
261767,28,0.5357142857142857,0.28438958525657654,0.5309216976165771,9.770325660705566,791.85400390625
261768,59,0.4745762711864407,0.1616438776254654,0.5558304786682129,11.119107246398926,782.8194580078125
261769,100,0.5,0.0829143226146698,0.5365096926689148,19.700641632080078,1001.98974609375
261770,69,0.5072463768115942,0.24267801642417908,0.4410666823387146,24.657291412353516,1484.5892333984375
261771,44,0.5909090909090909,0.21854856610298157,0.47073274850845337,16.126432418823242,2065.8828125
261772,31,0.41935483870967744,0.17313139140605927,0.4889693856239319,4.261157989501953,683.3186645507812
261773,35,0.6,0.2779744267463684,0.33423468470573425,19.29315757751465,1467.2962646484375
261774,75,0.48,0.2517804205417633,0.43450185656547546,20.65687370300293,1977.07080078125
261775,46,0.4782608695652174,0.2226259559392929,0.5675259232521057,11.878552436828613,1026.9354248046875
261776,25,0.32,0.22346125543117523,0.4455910325050354,6.705869197845459,2007.6119384765625
261777,11,0.5454545454545454,0.3348638713359833,0.6140998601913452,7.833102226257324,1457.0595703125
261778,39,0.46153846153846156,0.45726191997528076,0.5038375854492188,16.656145095825195,399.4325256347656
261779,46,0.45652173913043476,0.12873858213424683,0.48897266387939453,7.167079925537109,1686.7420654296875
261780,54,0.5740740740740741,0.10189833492040634,0.3923334777355194,13.521284103393555,565.8490600585938
261781,53,0.39622641509433965,0.31186193227767944,0.5183629989624023,17.260623931884766,1116.7364501953125
261782,32,0.4375,0.3318360447883606,0.49883413314819336,10.982157707214355,1463.1759033203125
261783,39,0.5384615384615384,0.24701645970344543,0.38487187027931213,11.929681777954102,845.8933715820312
261784,52,0.6346153846153846,0.29185545444488525,0.4372245967388153,22.92917251586914,909.1163940429688
261785,32,0.59375,0.22530336678028107,0.48229488730430603,11.112663269042969,314.8283996582031
261786,26,0.5,0.43109720945358276,0.44753772020339966,10.828136444091797,1538.273681640625
261787,36,0.5,0.2963303327560425,0.49026456475257874,15.23830795288086,1671.555419921875
261788,80,0.55,0.1968550831079483,0.5061230659484863,19.793224334716797,1286.74560546875
261789,66,0.5151515151515151,0.22457274794578552,0.4808400869369507,21.092254638671875,147.88958740234375
261790,27,0.6296296296296297,0.2622009813785553,0.5663625597953796,11.957368850708008,609.4729614257812
261791,30,0.5333333333333333,0.383689284324646,0.4067959785461426,16.722265243530273,1551.8223876953125
261792,41,0.5365853658536586,0.14005440473556519,0.576568603515625,11.550683975219727,2267.103515625
261793,55,0.5272727272727272,0.1551947295665741,0.45641714334487915,12.623184204101562,566.9798583984375
261794,96,0.53125,0.11898753046989441,0.5787898302078247,13.717249870300293,1171.9189453125
261795,30,0.5,0.3451438248157501,0.4677613377571106,12.004764556884766,848.4210205078125
261796,25,0.48,0.22121448814868927,0.5185002684593201,7.114142417907715,1125.3289794921875
261797,19,0.5789473684210527,0.25063154101371765,0.61253821849823,4.625766754150391,1465.931640625
261798,31,0.6774193548387096,0.29601556062698364,0.57555091381073,14.23762321472168,1764.4713134765625
261799,95,0.43157894736842106,0.037582822144031525,0.5153959393501282,3.5058817863464355,1106.9090576171875
261800,100,0.46,0.13423477113246918,0.47010502219200134,18.07636070251465,973.468017578125
261801,78,0.47435897435897434,0.11440529674291611,0.4942437708377838,10.215916633605957,2023.7701416015625
261802,22,0.5,0.44936415553092957,0.3572615683078766,11.772505760192871,763.4525756835938
261803,33,0.5454545454545454,0.3291870057582855,0.5370254516601562,10.364128112792969,447.73992919921875
261804,64,0.46875,0.22519482672214508,0.5423925518989563,12.50974178314209,793.989990234375
261805,93,0.5053763440860215,0.16587847471237183,0.4358459413051605,19.439027786254883,827.2044677734375
261806,22,0.5,0.37479934096336365,0.416606605052948,13.068768501281738,1384.4227294921875
261807,66,0.5757575757575758,0.11942428350448608,0.3855624496936798,15.130172729492188,2050.5341796875
261808,61,0.4918032786885246,0.06894244998693466,0.5159052014350891,5.516995906829834,1663.9031982421875
261809,41,0.6097560975609756,0.3731156885623932,0.5396063327789307,23.1730899810791,962.6854858398438
261810,26,0.5,0.3159116506576538,0.621288001537323,11.120208740234375,498.79669189453125
261811,21,0.7142857142857143,0.13756564259529114,0.563608705997467,3.9200541973114014,1533.48095703125
261812,62,0.43548387096774194,0.14583329856395721,0.45367997884750366,10.45801067352295,1308.5137939453125
261813,25,0.52,0.5569280982017517,0.36882665753364563,16.337980270385742,1819.83251953125
261814,9,0.6666666666666666,0.4244227409362793,0.333333820104599,3.8335506916046143,1605.9644775390625
261815,68,0.5147058823529411,0.15042494237422943,0.544018030166626,12.504326820373535,405.9456481933594
261816,100,0.47,0.025910131633281708,0.48310333490371704,6.4217529296875,622.552490234375
261817,38,0.5263157894736842,0.02250847779214382,0.5539547204971313,2.8745503425598145,1747.194580078125
261818,32,0.71875,0.37631332874298096,0.6490719318389893,24.842205047607422,1101.7017822265625
261819,62,0.5645161290322581,0.15252520143985748,0.4510939121246338,19.97224235534668,636.6331787109375
261820,37,0.5405405405405406,0.23794503509998322,0.6232246160507202,17.289752960205078,1761.3570556640625
261821,46,0.4782608695652174,0.21412397921085358,0.5379905104637146,14.646416664123535,1559.182373046875
261822,100,0.46,0.11680956184864044,0.41832295060157776,15.588964462280273,845.4640502929688
261823,55,0.4,0.38397863507270813,0.44929468631744385,19.415449142456055,220.29598999023438
261824,61,0.5245901639344263,0.32953155040740967,0.4301774203777313,23.217872619628906,736.9146728515625
261825,25,0.56,0.2628895938396454,0.4488770663738251,8.172100067138672,694.4592895507812
261826,16,0.375,0.21996533870697021,0.37407442927360535,4.221457004547119,1019.6826171875
261827,33,0.6363636363636364,0.39199098944664,0.46488121151924133,13.604501724243164,307.75
261828,15,0.3333333333333333,0.4629904329776764,0.5163606405258179,5.375382423400879,784.3505859375
261829,72,0.5416666666666666,0.229828342795372,0.5674754977226257,18.85480499267578,1432.21826171875
261830,37,0.5675675675675675,0.2208680808544159,0.3974934220314026,10.388046264648438,910.070068359375
261831,21,0.7142857142857143,0.3208011984825134,0.6081547141075134,10.193686485290527,756.78076171875
261832,53,0.49056603773584906,0.3722134828567505,0.5387652516365051,23.246326446533203,528.1819458007812
261833,28,0.6071428571428571,0.3322010934352875,0.49045056104660034,13.719757080078125,831.0314331054688
261834,24,0.5416666666666666,0.34961047768592834,0.4218989610671997,7.741563320159912,1420.2548828125
261835,66,0.5,0.2605341076850891,0.4655543267726898,19.321327209472656,843.1329345703125
261836,100,0.43,0.11429920047521591,0.45024266839027405,15.206643104553223,926.735107421875
261837,63,0.5238095238095238,0.2802172601222992,0.5404596328735352,18.356090545654297,486.2872009277344
261838,68,0.5147058823529411,0.2325754165649414,0.4907190203666687,14.459339141845703,1700.057373046875
261839,68,0.5147058823529411,0.17195267975330353,0.5098471641540527,25.592315673828125,1819.449951171875
261840,38,0.5263157894736842,0.4096278250217438,0.4585443139076233,17.549604415893555,1189.256103515625
261841,74,0.5540540540540541,0.19060741364955902,0.40063175559043884,16.5587215423584,680.6048583984375
261842,41,0.5121951219512195,0.3495262861251831,0.5386970639228821,16.33236312866211,632.9708862304688
261843,62,0.5,0.2247541844844818,0.48919370770454407,17.04523468017578,1915.443115234375
261844,76,0.4342105263157895,0.23655612766742706,0.4498833119869232,15.785609245300293,1608.8165283203125
261845,56,0.44642857142857145,0.23573936522006989,0.485581636428833,13.871103286743164,1023.6766357421875
261846,76,0.4342105263157895,0.22368571162223816,0.5137953758239746,16.728879928588867,730.550048828125
261847,25,0.56,0.2624601423740387,0.4915633499622345,6.156430244445801,1653.605712890625
261848,69,0.5072463768115942,0.2708408236503601,0.5702738761901855,20.683530807495117,1209.628662109375
261849,39,0.48717948717948717,0.06084137037396431,0.5220522880554199,4.886229038238525,1102.314453125
261850,4,0.75,0.13502638041973114,0.11775567382574081,1.89927339553833,2393.51611328125
261851,26,0.5384615384615384,0.30758875608444214,0.6917872428894043,8.061182975769043,1238.896484375
261852,48,0.4166666666666667,0.3805461525917053,0.5330358147621155,11.738873481750488,774.217529296875
261853,26,0.6153846153846154,0.28750312328338623,0.6786926984786987,8.844812393188477,490.4515686035156
261854,52,0.5,0.18220564723014832,0.4912331700325012,12.347625732421875,1329.5162353515625
261855,58,0.5172413793103449,0.11588500440120697,0.49680274724960327,13.352108001708984,1686.943115234375
261856,39,0.5128205128205128,0.2503201365470886,0.6481168270111084,11.473380088806152,1994.252197265625
261857,89,0.5168539325842697,0.08992963284254074,0.5296260714530945,13.47766399383545,1063.402587890625
261858,72,0.5277777777777778,0.24976710975170135,0.4527747929096222,19.873817443847656,702.701171875
261859,28,0.6071428571428571,0.49528712034225464,0.41251811385154724,23.1806640625,1189.69287109375
261860,41,0.4878048780487805,0.42126378417015076,0.4186435043811798,20.312509536743164,968.086669921875
261861,49,0.5510204081632653,0.05006350949406624,0.5473121404647827,4.614081382751465,804.8634033203125
261862,43,0.5581395348837209,0.25646549463272095,0.5905395150184631,14.894359588623047,1793.232177734375
261863,39,0.5128205128205128,0.32147201895713806,0.5574510097503662,14.117719650268555,1317.66796875
261864,67,0.582089552238806,0.11887243390083313,0.5040003657341003,11.72715950012207,1042.690185546875
261865,54,0.5740740740740741,0.17527438700199127,0.5440794825553894,6.972490310668945,2220.1142578125
261866,31,0.45161290322580644,0.351719468832016,0.5488948225975037,12.16281795501709,706.8214111328125
261867,40,0.525,0.21948201954364777,0.5802041888237,10.012818336486816,1484.51904296875
261868,47,0.3829787234042553,0.2373771369457245,0.48755890130996704,10.326560974121094,941.4390258789062
261869,100,0.5,0.04720223322510719,0.4435670077800751,12.732146263122559,1346.8851318359375
261870,22,0.5,0.2811185121536255,0.2923986315727234,7.492745876312256,1365.1478271484375
261871,39,0.5641025641025641,0.22165323793888092,0.3617163300514221,9.454845428466797,1236.1773681640625
261872,50,0.72,0.19487528502941132,0.4824877679347992,17.087974548339844,1593.9913330078125
261873,51,0.5294117647058824,0.23956213891506195,0.476828008890152,13.547002792358398,870.3270263671875
261874,58,0.41379310344827586,0.14844244718551636,0.5407437682151794,5.93298864364624,1098.447021484375
261875,13,0.5384615384615384,0.10226547718048096,0.4884234666824341,1.3090811967849731,1017.34912109375
261876,34,0.5,0.22235167026519775,0.4656166136264801,6.299379825592041,883.2241821289062
261877,71,0.39436619718309857,0.28159692883491516,0.4350201487541199,21.094844818115234,1941.774169921875
261878,23,0.43478260869565216,0.473069429397583,0.46745067834854126,8.523177146911621,1486.3631591796875
261879,37,0.4864864864864865,0.36492717266082764,0.5243567824363708,14.022688865661621,1577.09619140625
261880,90,0.4444444444444444,0.11286784708499908,0.4394592046737671,15.360872268676758,1559.615966796875
261881,42,0.5476190476190477,0.23176272213459015,0.5503653883934021,10.086487770080566,1444.6414794921875
261882,72,0.5138888888888888,0.19036021828651428,0.4143502414226532,15.392045974731445,2151.304931640625
261883,56,0.4642857142857143,0.3282659947872162,0.5220081210136414,18.376201629638672,660.3595581054688
261884,71,0.4647887323943662,0.20634090900421143,0.4303590953350067,18.992610931396484,339.2178649902344
261885,30,0.43333333333333335,0.22036513686180115,0.4974134564399719,5.773885726928711,1403.5606689453125
261886,98,0.46938775510204084,0.13490836322307587,0.4677005112171173,19.063161849975586,2242.085693359375
261887,74,0.527027027027027,0.10398529469966888,0.49325862526893616,12.945718765258789,662.10107421875
261888,19,0.47368421052631576,0.3176644742488861,0.7036818265914917,7.638148307800293,1206.7374267578125
261889,18,0.6111111111111112,0.39464235305786133,0.6711509823799133,11.516328811645508,1502.9844970703125
261890,60,0.5166666666666667,0.23426419496536255,0.48060229420661926,20.508596420288086,1721.47900390625
261891,20,0.35,0.4108450412750244,0.494748055934906,7.440995693206787,877.1256103515625
261892,20,0.6,0.280316025018692,0.511523962020874,7.418830871582031,1250.271728515625
261893,27,0.5555555555555556,0.30425718426704407,0.44964513182640076,16.348106384277344,1270.1864013671875
261894,11,0.36363636363636365,0.7743602991104126,0.7283428311347961,7.3848981857299805,754.6060791015625
261895,85,0.5411764705882353,0.1846640259027481,0.43528497219085693,24.265396118164062,1097.0294189453125
261896,16,0.6875,0.26548752188682556,0.3766217827796936,4.76837158203125,1224.18115234375
261897,47,0.48936170212765956,0.2910478115081787,0.5154678821563721,13.35926342010498,159.54974365234375
261898,13,0.3076923076923077,0.4840858280658722,0.3559267222881317,4.13718318939209,2028.402099609375
261899,31,0.3870967741935484,0.457381933927536,0.4263695776462555,7.994554042816162,1304.7728271484375
261900,56,0.44642857142857145,0.1881982982158661,0.46652212738990784,14.629804611206055,1282.0181884765625
261901,32,0.375,0.4571972191333771,0.5387240648269653,11.718887329101562,845.1010131835938
261902,60,0.48333333333333334,0.295372873544693,0.39956897497177124,15.624834060668945,1050.5758056640625
261903,23,0.4782608695652174,0.6029865145683289,0.46005427837371826,13.6140775680542,965.0068969726562
261904,100,0.56,0.09774751961231232,0.4536469280719757,12.926229476928711,520.5932006835938
261905,66,0.5303030303030303,0.12062251567840576,0.5552783012390137,12.357669830322266,1581.111328125
261906,18,0.4444444444444444,0.5278692841529846,0.5540204048156738,6.421092510223389,420.9507141113281
261907,60,0.5,0.18062849342823029,0.47513920068740845,11.345304489135742,242.76295471191406
261908,24,0.5416666666666666,0.2934317886829376,0.5080775618553162,11.518895149230957,1906.3248291015625
261909,59,0.5423728813559322,0.1963764876127243,0.4335991144180298,17.298368453979492,1418.18603515625
261910,35,0.5714285714285714,0.04625527188181877,0.5663082599639893,4.041510105133057,332.998779296875
261911,15,0.5333333333333333,0.6489638090133667,0.4751262962818146,12.467304229736328,1113.8934326171875
261912,8,0.75,0.7644312977790833,0.1364307403564453,11.490653991699219,1304.6951904296875
261913,67,0.4626865671641791,0.2611542344093323,0.517900288105011,24.655960083007812,1948.834228515625
261914,27,0.5185185185185185,0.3411681056022644,0.5433298945426941,14.207923889160156,2253.318359375
261915,100,0.58,0.10061237961053848,0.42018359899520874,18.586320877075195,608.3121948242188
261916,40,0.4,0.39825648069381714,0.34401264786720276,12.26173210144043,2107.591064453125
261917,28,0.4642857142857143,0.33453845977783203,0.46583911776542664,6.480867862701416,704.5239868164062
261918,24,0.5416666666666666,0.30752474069595337,0.43865567445755005,11.126605033874512,1990.15087890625
261919,47,0.5531914893617021,0.22169066965579987,0.5316753387451172,12.583708763122559,826.8814697265625
261920,80,0.55,0.1650482714176178,0.5291106700897217,17.159364700317383,729.16357421875
261921,32,0.625,0.35054609179496765,0.4320559799671173,21.433496475219727,771.2283325195312
261922,100,0.49,0.1139376237988472,0.4741743505001068,14.825584411621094,1551.8602294921875
261923,22,0.6363636363636364,0.36560550332069397,0.5132290720939636,13.228290557861328,1500.23583984375
261924,53,0.4716981132075472,0.28958195447921753,0.49554380774497986,16.56806182861328,1604.765380859375
261925,55,0.4,0.34249457716941833,0.5541173815727234,23.500146865844727,1507.43994140625
261926,92,0.5,0.15232554078102112,0.4435673952102661,14.072961807250977,871.0733032226562
261927,60,0.5166666666666667,0.16916804015636444,0.588907778263092,17.797117233276367,1279.4425048828125
261928,23,0.4782608695652174,0.325532466173172,0.588127613067627,14.517088890075684,1734.164306640625
261929,22,0.6818181818181818,0.1950632482767105,0.4437476098537445,8.19454288482666,1112.9869384765625
261930,18,0.4444444444444444,0.3951115012168884,0.44149547815322876,6.686898708343506,2039.783203125
261931,29,0.6206896551724138,0.07418766617774963,0.5118855834007263,4.103034496307373,1341.5792236328125
261932,45,0.5111111111111111,0.29853275418281555,0.46412086486816406,11.0123291015625,1820.3641357421875
261933,49,0.5918367346938775,0.17511114478111267,0.4363897740840912,18.51836585998535,676.1419067382812
261934,42,0.38095238095238093,0.3110039234161377,0.5003920793533325,11.730119705200195,1625.822998046875
261935,42,0.4523809523809524,0.3413940966129303,0.4641353487968445,15.734074592590332,854.5079345703125
261936,37,0.40540540540540543,0.34632402658462524,0.4618571400642395,9.367284774780273,1311.3651123046875
261937,67,0.44776119402985076,0.22380341589450836,0.4438537359237671,15.344234466552734,1581.5435791015625
261938,46,0.45652173913043476,0.20850397646427155,0.6374649405479431,10.113076210021973,1006.5787963867188
261939,35,0.5142857142857142,0.38494518399238586,0.6140098571777344,17.514503479003906,290.0943908691406
261940,14,0.7857142857142857,0.47215721011161804,0.45953646302223206,10.959235191345215,794.9803466796875
261941,44,0.5909090909090909,0.24102507531642914,0.503184974193573,18.17413330078125,1515.2825927734375
261942,43,0.6046511627906976,0.2105451226234436,0.46394023299217224,10.91551399230957,1587.86083984375
261943,19,0.5789473684210527,0.1842392534017563,0.6433777213096619,4.103091239929199,444.9671936035156
261944,44,0.5681818181818182,0.20476089417934418,0.5547603964805603,17.67205047607422,1589.5423583984375
261945,32,0.53125,0.3814660608768463,0.46099966764450073,9.588489532470703,982.8851318359375
261946,75,0.5066666666666667,0.17915648221969604,0.5420087575912476,21.713529586791992,1406.839111328125
261947,69,0.43478260869565216,0.12243654578924179,0.4989270865917206,18.146160125732422,1902.453369140625
261948,31,0.5806451612903226,0.4060137867927551,0.6944685578346252,13.696847915649414,1219.572265625
261949,77,0.5194805194805194,0.1882316768169403,0.4968750476837158,16.551471710205078,1686.7979736328125
261950,57,0.47368421052631576,0.1752128005027771,0.5227060317993164,13.200786590576172,1129.59423828125
261951,89,0.4943820224719101,0.19818110764026642,0.5401948094367981,19.96179962158203,673.989013671875
261952,14,0.35714285714285715,0.18116827309131622,0.5153653621673584,2.0895111560821533,2219.3466796875
261953,52,0.5384615384615384,0.2441716194152832,0.49853837490081787,11.251997947692871,1781.866455078125
261954,51,0.5098039215686274,0.29762500524520874,0.5327170491218567,18.204421997070312,1812.9560546875
261955,60,0.5333333333333333,0.17089566588401794,0.5018161535263062,16.554288864135742,1040.3919677734375
261956,41,0.5365853658536586,0.2870415151119232,0.49881041049957275,11.462408065795898,1742.1995849609375
261957,15,0.4666666666666667,0.4097556173801422,0.5936635732650757,5.2498931884765625,1527.9482421875
261958,48,0.5208333333333334,0.30123692750930786,0.5473048090934753,13.534968376159668,1779.774658203125
261959,54,0.5,0.23950456082820892,0.5344300270080566,18.51526641845703,1177.7796630859375
261960,58,0.5517241379310345,0.2869841754436493,0.4469139873981476,17.31591033935547,268.4533386230469
261961,38,0.42105263157894735,0.34583979845046997,0.6210401654243469,12.208050727844238,1547.72900390625
261962,14,0.7857142857142857,0.43606436252593994,0.380401611328125,12.198236465454102,524.1152954101562
261963,17,0.5882352941176471,0.5817387104034424,0.39394375681877136,14.109549522399902,1170.8671875
261964,69,0.4782608695652174,0.23271013796329498,0.4788522720336914,22.819658279418945,1071.885009765625
261965,39,0.5641025641025641,0.22525836527347565,0.5279867053031921,9.743928909301758,1017.0820922851562
261966,62,0.5161290322580645,0.2153160721063614,0.526207685470581,15.884586334228516,1622.6474609375
261967,25,0.52,0.4440923035144806,0.5664995312690735,11.707222938537598,1913.8919677734375
261968,31,0.5806451612903226,0.18886978924274445,0.5351170301437378,9.165376663208008,1148.48876953125
261969,41,0.6829268292682927,0.21247971057891846,0.504762589931488,17.10397720336914,1888.740966796875
261970,50,0.44,0.2888078987598419,0.5334895253181458,11.245534896850586,1645.474853515625
261971,68,0.5,0.19331222772598267,0.5252954363822937,24.117252349853516,488.6616516113281
261972,32,0.5625,0.232601135969162,0.5230562686920166,8.800661087036133,1315.4285888671875
261973,52,0.4807692307692308,0.25344565510749817,0.5566533207893372,16.438304901123047,1640.8834228515625
261974,100,0.45,0.13928630948066711,0.5333460569381714,13.807099342346191,429.8417663574219
261975,63,0.5079365079365079,0.21396951377391815,0.6044703722000122,13.46585750579834,1314.78271484375
261976,31,0.45161290322580644,0.4153684675693512,0.3953922688961029,10.322664260864258,861.4686889648438
261977,47,0.46808510638297873,0.30452871322631836,0.5160456299781799,16.731586456298828,809.1712036132812
261978,18,0.4444444444444444,0.6207287311553955,0.5944736003875732,7.328493595123291,1411.6263427734375
261979,9,0.4444444444444444,0.7005773186683655,0.3715130388736725,6.6224188804626465,437.8719177246094
261980,17,0.47058823529411764,0.6028483510017395,0.502673864364624,7.713578224182129,674.2408447265625
261981,30,0.4666666666666667,0.41946688294410706,0.5669416189193726,8.576952934265137,1069.86181640625
261982,14,0.5714285714285714,0.39471545815467834,0.5080305933952332,6.325102806091309,1601.578125
261983,14,0.42857142857142855,0.4856322705745697,0.6918030977249146,7.461101055145264,630.7744750976562
261984,10,0.4,0.29413533210754395,0.4874344766139984,1.3597815036773682,1890.0416259765625
261985,48,0.4583333333333333,0.36028435826301575,0.5475867986679077,17.021333694458008,701.3897705078125
261986,26,0.5384615384615384,0.14810772240161896,0.46906575560569763,7.158749103546143,1114.7095947265625
261987,27,0.5555555555555556,0.431268572807312,0.5249602198600769,11.270062446594238,461.5440368652344
261988,41,0.5121951219512195,0.13812071084976196,0.46088752150535583,7.336028099060059,944.0059204101562
261989,19,0.5263157894736842,0.19899879395961761,0.5223976969718933,6.5282111167907715,1005.568603515625
261990,63,0.6031746031746031,0.13343268632888794,0.482774019241333,14.14441967010498,1525.001220703125
261991,61,0.4426229508196721,0.29700520634651184,0.47742557525634766,20.5831356048584,1301.120849609375
261992,57,0.5614035087719298,0.2299601137638092,0.38239020109176636,17.702823638916016,1050.8341064453125
261993,29,0.5517241379310345,0.2202778458595276,0.5442076325416565,11.588687896728516,861.342529296875
261994,5,0.8,0.2789681553840637,0.6219847798347473,2.9653160572052,1507.2340087890625
261995,45,0.5777777777777777,0.27279868721961975,0.46349406242370605,23.28334617614746,776.2047729492188
261996,52,0.5576923076923077,0.24298307299613953,0.5120342373847961,20.436107635498047,658.7112426757812
261997,66,0.6060606060606061,0.19627776741981506,0.59360671043396,17.924808502197266,1602.1888427734375
261998,36,0.5555555555555556,0.3024803698062897,0.431458443403244,12.072501182556152,1050.0550537109375
261999,45,0.5111111111111111,0.26189813017845154,0.5148786902427673,12.123590469360352,1134.498046875
262000,29,0.41379310344827586,0.26224610209465027,0.5418086051940918,6.332418441772461,841.717041015625
262001,39,0.5128205128205128,0.38824528455734253,0.3950470983982086,19.188735961914062,1782.8543701171875
262002,67,0.4925373134328358,0.1449834406375885,0.4779980182647705,19.108530044555664,530.43310546875
262003,53,0.49056603773584906,0.10497447103261948,0.4969383180141449,13.178959846496582,613.2695922851562
262004,80,0.5625,0.11364465206861496,0.4601782560348511,13.499467849731445,1378.572021484375
262005,71,0.352112676056338,0.16911643743515015,0.4721945524215698,13.157816886901855,1816.500244140625
262006,54,0.4444444444444444,0.3064655065536499,0.354200541973114,16.14034652709961,1273.45166015625
262007,43,0.5581395348837209,0.3615221083164215,0.4485195577144623,22.37480926513672,698.3782348632812
262008,69,0.6521739130434783,0.08651823550462723,0.5634851455688477,17.680749893188477,266.17852783203125
262009,18,0.5,0.27133989334106445,0.42117026448249817,5.050899982452393,1780.7725830078125
262010,38,0.47368421052631576,0.1803884208202362,0.4302821755409241,9.928855895996094,1209.08251953125
262011,61,0.47540983606557374,0.14966981112957,0.4897863566875458,9.825318336486816,581.6157836914062
262012,51,0.5294117647058824,0.3021899461746216,0.505103349685669,24.749483108520508,132.541748046875
262013,53,0.5471698113207547,0.1129150465130806,0.5465368628501892,12.789327621459961,958.197021484375
262014,23,0.6521739130434783,0.3138424754142761,0.3083640933036804,8.13881778717041,666.9654541015625
262015,11,0.45454545454545453,0.6950647830963135,0.5527889728546143,5.743367671966553,568.8392944335938
262016,68,0.5147058823529411,0.16840921342372894,0.4706074595451355,19.045299530029297,1302.19189453125
262017,64,0.390625,0.2763644754886627,0.5469165444374084,16.55459213256836,1478.08642578125
262018,32,0.53125,0.3687242567539215,0.5725583434104919,12.093058586120605,752.7882080078125
262019,53,0.3584905660377358,0.28062891960144043,0.4707861542701721,13.813941955566406,781.6174926757812
262020,82,0.5121951219512195,0.10238472372293472,0.49510231614112854,14.6710844039917,1251.385986328125
262021,32,0.65625,0.1797640025615692,0.3528194725513458,5.964282512664795,660.9202270507812
262022,43,0.6511627906976745,0.20254091918468475,0.5773586630821228,11.268659591674805,1425.8253173828125
262023,43,0.46511627906976744,0.32390791177749634,0.4772220551967621,17.93374252319336,2032.6258544921875
262024,40,0.425,0.24147090315818787,0.5593641400337219,7.865782260894775,1970.476318359375
262025,10,0.2,0.6832171678543091,0.4814515709877014,3.4931366443634033,517.0416870117188
262026,21,0.38095238095238093,0.27894166111946106,0.527783989906311,5.9133124351501465,1489.6873779296875
262027,90,0.36666666666666664,0.2402990758419037,0.4958324432373047,12.971673965454102,540.1593017578125
262028,100,0.47,0.13825055956840515,0.4787149131298065,13.224213600158691,1247.1943359375
262029,13,0.5384615384615384,0.3263002336025238,0.3812096416950226,5.371571063995361,924.0906372070312
262030,36,0.5555555555555556,0.3190181255340576,0.5135090351104736,21.338186264038086,601.6527709960938
262031,96,0.4791666666666667,0.15803077816963196,0.5830148458480835,16.026933670043945,850.3464965820312
262032,51,0.3333333333333333,0.4381547272205353,0.389680951833725,13.08115291595459,1526.064453125
262033,25,0.52,0.41005632281303406,0.5028818249702454,13.202214241027832,1443.281005859375
262034,55,0.509090909090909,0.2816878855228424,0.4480951428413391,18.926923751831055,1353.309326171875
262035,51,0.47058823529411764,0.14228689670562744,0.4518616497516632,10.963615417480469,1232.829345703125
262036,30,0.4666666666666667,0.19078536331653595,0.5104730129241943,8.746271133422852,914.3303833007812
262037,61,0.45901639344262296,0.39240604639053345,0.4585917294025421,20.50659942626953,616.6682739257812
262038,33,0.48484848484848486,0.38193708658218384,0.4600140452384949,14.196024894714355,424.9012756347656
262039,28,0.5,0.48672035336494446,0.46779412031173706,15.222674369812012,661.2636108398438
262040,58,0.5517241379310345,0.177008718252182,0.5566098690032959,8.95005989074707,1465.45654296875
262041,50,0.54,0.18500827252864838,0.46024462580680847,15.055320739746094,598.7637939453125
262042,44,0.5681818181818182,0.23690517246723175,0.42076390981674194,11.559662818908691,957.2874145507812
262043,30,0.43333333333333335,0.24450217187404633,0.515123188495636,7.638366222381592,1718.974609375
262044,36,0.5555555555555556,0.22856751084327698,0.415905237197876,13.660269737243652,776.8035888671875
262045,36,0.6111111111111112,0.21082450449466705,0.5248973369598389,5.087260723114014,1789.471923828125
262046,28,0.39285714285714285,0.38814011216163635,0.5734948515892029,9.656035423278809,1450.5924072265625
262047,71,0.5633802816901409,0.13479706645011902,0.5232648253440857,18.073991775512695,930.6787109375
262048,28,0.32142857142857145,0.18078544735908508,0.4592632055282593,3.796288251876831,352.3370666503906
262049,19,0.5263157894736842,0.26019757986068726,0.4858812689781189,5.430573463439941,1267.4051513671875
262050,23,0.4782608695652174,0.3584146201610565,0.4345128834247589,8.24069881439209,1175.162109375
262051,49,0.5102040816326531,0.21931755542755127,0.4628782570362091,9.843401908874512,939.673095703125
262052,21,0.5238095238095238,0.42010924220085144,0.3672909736633301,10.384291648864746,1623.658203125
262053,66,0.4090909090909091,0.2209404855966568,0.508836567401886,16.788087844848633,680.8245239257812
262054,53,0.5094339622641509,0.10091651976108551,0.4691026508808136,6.36818265914917,601.6971435546875
262055,59,0.4915254237288136,0.20865999162197113,0.48016464710235596,20.126352310180664,1327.4490966796875
262056,66,0.48484848484848486,0.2726525068283081,0.49870407581329346,19.615314483642578,798.5256958007812
262057,12,0.25,0.17258518934249878,0.4763111472129822,1.8984211683273315,558.9940185546875
262058,60,0.45,0.22240184247493744,0.4740428626537323,13.078535079956055,990.0994262695312
262059,100,0.51,0.08255161345005035,0.4796672463417053,19.19266700744629,1173.993896484375
262060,51,0.4117647058823529,0.22973503172397614,0.5228579044342041,6.878669261932373,1887.52880859375
262061,51,0.5686274509803921,0.21217988431453705,0.5320820212364197,17.710521697998047,838.6011962890625
262062,33,0.48484848484848486,0.19190078973770142,0.48532599210739136,5.992523193359375,2212.296142578125
262063,44,0.5,0.2931920886039734,0.46685898303985596,17.681814193725586,1550.6328125
262064,57,0.5789473684210527,0.252183735370636,0.463165283203125,22.373584747314453,882.6370849609375
262065,18,0.4444444444444444,0.289206862449646,0.5690354108810425,4.423797607421875,485.12420654296875
262066,60,0.4,0.08085447549819946,0.5123353004455566,9.296463966369629,1840.9984130859375
262067,97,0.5567010309278351,0.12267633527517319,0.45417484641075134,17.07883644104004,1889.8494873046875
262068,27,0.4444444444444444,0.3930383622646332,0.5794327259063721,10.970787048339844,1333.90673828125
262069,35,0.4857142857142857,0.08510363847017288,0.500119686126709,3.499387264251709,938.9219970703125
262070,67,0.44776119402985076,0.2519461214542389,0.48311692476272583,20.155071258544922,720.3285522460938
262071,23,0.5217391304347826,0.26109883189201355,0.46155765652656555,5.839175224304199,1377.2763671875
262072,52,0.5384615384615384,0.22657518088817596,0.4654633104801178,15.485185623168945,1828.0806884765625
262073,69,0.5652173913043478,0.17053836584091187,0.5292381048202515,14.305580139160156,1671.1212158203125
262074,100,0.51,0.07224792242050171,0.394848108291626,15.029662132263184,1725.4844970703125
262075,23,0.5652173913043478,0.3376672863960266,0.49393901228904724,10.241172790527344,671.253173828125
262076,54,0.46296296296296297,0.2283187061548233,0.40687096118927,19.958768844604492,1157.8717041015625
262077,32,0.34375,0.48452863097190857,0.47689056396484375,12.789505004882812,1169.1944580078125
262078,48,0.4375,0.342909574508667,0.4804973900318146,14.539082527160645,1060.591064453125
262079,33,0.48484848484848486,0.19897891581058502,0.5090093612670898,7.40697717666626,907.7366943359375
262080,38,0.5263157894736842,0.42785197496414185,0.5217076539993286,19.772890090942383,838.0360107421875
262081,36,0.5,0.3390372097492218,0.41123396158218384,8.93862533569336,1066.9169921875
262082,39,0.6153846153846154,0.181975319981575,0.49756935238838196,7.836113452911377,1733.9139404296875
262083,31,0.6129032258064516,0.32199063897132874,0.5421983599662781,15.920951843261719,1006.7301025390625
262084,30,0.4666666666666667,0.20082831382751465,0.500908374786377,8.982050895690918,751.8775634765625
262085,100,0.48,0.14544907212257385,0.49649783968925476,10.417323112487793,1430.671630859375
262086,63,0.4603174603174603,0.17700931429862976,0.4707806408405304,13.95166015625,1931.9853515625
262087,100,0.53,-0.04452824965119362,0.5922771096229553,3.909175157546997,250.9552001953125
262088,38,0.4473684210526316,-0.0470162108540535,0.4916505217552185,2.631326675415039,656.7216186523438
262089,100,0.54,-0.02247529849410057,0.49216407537460327,9.038077354431152,1367.3314208984375
262090,24,0.4583333333333333,0.023207182064652443,0.4082150161266327,3.284491777420044,1196.82958984375
262091,61,0.39344262295081966,0.28642159700393677,0.5489840507507324,14.89562702178955,383.3876647949219
262092,16,0.5625,0.29611265659332275,0.6005014181137085,5.190855026245117,770.4117431640625
262093,22,0.5454545454545454,0.09437838941812515,0.33603689074516296,4.517190933227539,631.0532836914062
262094,69,0.4782608695652174,0.06885523349046707,0.47612375020980835,8.446921348571777,597.1712036132812
262095,100,0.53,0.0033865177538245916,0.471377968788147,7.918956756591797,1715.3521728515625
262096,70,0.5142857142857142,0.12649135291576385,0.47877418994903564,12.801241874694824,969.84765625
262097,34,0.47058823529411764,0.19712646305561066,0.43846601247787476,4.4940505027771,1452.14794921875
262098,29,0.5172413793103449,0.26261651515960693,0.5607035756111145,8.701971054077148,1232.872314453125
262099,40,0.475,0.37765002250671387,0.5443089604377747,11.09167766571045,1586.1226806640625
262100,51,0.47058823529411764,0.21142108738422394,0.47641852498054504,8.960785865783691,1226.493896484375
262101,31,0.5161290322580645,0.40817975997924805,0.461759477853775,14.28372573852539,764.76708984375
262102,63,0.4603174603174603,0.232062429189682,0.5022847652435303,14.160143852233887,427.88275146484375
262103,36,0.75,0.29486098885536194,0.5239676833152771,18.55354118347168,970.0198364257812
262104,65,0.5230769230769231,0.21318455040454865,0.4215007424354553,23.756256103515625,847.0833129882812
262105,44,0.4772727272727273,0.2342406064271927,0.5223554968833923,13.514196395874023,1268.2916259765625
262106,22,0.6818181818181818,0.27992406487464905,0.5328322649002075,11.821985244750977,1538.05908203125
262107,36,0.5,0.3288612961769104,0.49763303995132446,17.561750411987305,1200.2320556640625
262108,60,0.48333333333333334,0.16267181932926178,0.5648388266563416,16.55539894104004,296.8616943359375
262109,51,0.6078431372549019,0.32555100321769714,0.5019185543060303,17.991518020629883,485.34844970703125
262110,80,0.5375,0.09077339619398117,0.4609845280647278,16.297489166259766,710.7730712890625
262111,53,0.6037735849056604,0.15785560011863708,0.5208629369735718,13.118935585021973,1171.0291748046875
262112,32,0.65625,0.25310516357421875,0.2748764753341675,12.050348281860352,820.0258178710938
262113,53,0.4716981132075472,0.047606173902750015,0.5272460579872131,5.852221965789795,1415.09326171875
262114,24,0.4583333333333333,0.3172602355480194,0.5031543374061584,8.60698127746582,495.9560546875
262115,73,0.589041095890411,0.16503019630908966,0.5180186629295349,19.83428955078125,1695.58154296875
262116,67,0.5223880597014925,0.10133596509695053,0.5136590003967285,11.88630485534668,1318.2828369140625
262117,71,0.49295774647887325,0.24274109303951263,0.567645788192749,19.382808685302734,1595.95458984375
262118,58,0.5517241379310345,0.3173179030418396,0.4314061403274536,24.025327682495117,915.33203125
262119,46,0.41304347826086957,0.23559622466564178,0.5261497497558594,8.798308372497559,991.565673828125
262120,92,0.5,0.176456019282341,0.5050361156463623,16.28300666809082,1144.8544921875
262121,56,0.44642857142857145,0.21303188800811768,0.49672311544418335,13.671122550964355,272.3180847167969
262122,40,0.5,0.35462823510169983,0.41474875807762146,20.060731887817383,1050.03515625
262123,50,0.52,0.1762542873620987,0.5220832228660583,10.596060752868652,1049.3975830078125
262124,29,0.4827586206896552,0.36973053216934204,0.5762803554534912,6.663650989532471,1648.1976318359375
262125,93,0.5698924731182796,0.15728749334812164,0.5386067628860474,21.65085220336914,878.8988647460938
262126,37,0.5135135135135135,0.32670584321022034,0.5618916749954224,13.458755493164062,937.2368774414062
262127,13,0.5384615384615384,0.5463635325431824,0.2844403386116028,7.246392250061035,1008.4922485351562
262128,44,0.45454545454545453,0.12210676819086075,0.5332213640213013,10.084705352783203,768.0343627929688
262129,34,0.4117647058823529,0.17468933761119843,0.5901334285736084,9.413324356079102,481.4350280761719
262130,57,0.6666666666666666,0.18464425206184387,0.5902578234672546,18.086318969726562,198.5207061767578
262131,57,0.5263157894736842,0.13449551165103912,0.4311597943305969,14.864241600036621,1218.9384765625
262132,13,0.3076923076923077,0.22228296101093292,0.7077160477638245,2.8122076988220215,250.00205993652344
262133,100,0.5,-0.04867487773299217,0.5388988256454468,6.393130302429199,1359.8719482421875
262134,45,0.4888888888888889,0.23528172075748444,0.498811274766922,12.874268531799316,380.54241943359375
262135,100,0.53,0.1267448514699936,0.486138254404068,20.02885627746582,1418.125244140625
262136,60,0.5333333333333333,0.1993432641029358,0.516802966594696,16.79539680480957,1510.99853515625
262137,34,0.4411764705882353,0.2878628969192505,0.48710691928863525,8.313094139099121,791.5513916015625
262138,41,0.5365853658536586,0.22327761352062225,0.5098508596420288,12.95539665222168,1457.6949462890625
262139,17,0.35294117647058826,0.21944530308246613,0.4460501968860626,3.589060068130493,641.2532958984375
262140,16,0.375,0.40847349166870117,0.4195151925086975,5.587709426879883,1197.299560546875
262141,12,0.4166666666666667,0.45315447449684143,0.6384667158126831,4.380983352661133,1817.599365234375
262142,26,0.5769230769230769,0.32956093549728394,0.3264135718345642,10.419099807739258,1834.1368408203125
262143,87,0.41379310344827586,0.16968563199043274,0.431398868560791,15.911706924438477,1422.2056884765625
262144,26,0.5769230769230769,0.3116477429866791,0.3812306523323059,9.724752426147461,1764.3580322265625
262145,36,0.3611111111111111,0.1957736611366272,0.558333158493042,5.9119648933410645,1813.4112548828125
262146,40,0.5,0.3091868460178375,0.4594694674015045,12.996194839477539,513.245849609375
262147,13,0.46153846153846156,0.6696271896362305,0.5323313474655151,10.373332023620605,568.0935668945312
262148,65,0.6461538461538462,0.07194572687149048,0.49155351519584656,13.843439102172852,925.5679931640625
262149,48,0.4583333333333333,0.2821899652481079,0.4916258156299591,12.216282844543457,2009.6483154296875
262150,21,0.47619047619047616,0.32679611444473267,0.6704442501068115,4.857436180114746,935.0390014648438
262151,14,0.5,0.05179106444120407,0.33693358302116394,0.9329456686973572,1044.2095947265625
262152,10,0.6,0.6173532605171204,0.4987548589706421,6.871860504150391,739.1590576171875
262153,28,0.4642857142857143,0.36790144443511963,0.47388944029808044,10.861971855163574,688.8463134765625
262154,42,0.47619047619047616,0.30678659677505493,0.5594922304153442,13.450372695922852,1451.8084716796875
262155,66,0.5454545454545454,0.20901501178741455,0.39412182569503784,18.76787757873535,903.0413818359375
262156,64,0.59375,0.20991796255111694,0.4788586497306824,17.753376007080078,1307.43017578125
262157,100,0.51,0.027518879622220993,0.4457673728466034,7.288727283477783,297.3626403808594
262158,23,0.34782608695652173,0.30943524837493896,0.522958517074585,5.3608622550964355,1539.2742919921875
262159,32,0.53125,-0.010972794145345688,0.4260055720806122,2.5379717350006104,866.0896606445312
262160,13,0.6923076923076923,0.5136933326721191,0.4792368412017822,10.667487144470215,1602.558837890625
262161,26,0.6538461538461539,0.026885636150836945,0.5575031638145447,5.6546125411987305,789.7531127929688
262162,46,0.6521739130434783,0.25620272755622864,0.421098917722702,22.26151466369629,1238.872802734375
262163,5,0.6,0.7844812273979187,0.36367306113243103,6.368454933166504,1146.8828125
262164,20,0.6,0.3588343560695648,0.5812090635299683,7.536818027496338,1681.9454345703125
262165,76,0.47368421052631576,0.23847675323486328,0.5235655307769775,20.0479736328125,1324.2017822265625
262166,38,0.5526315789473685,0.23557713627815247,0.517113983631134,10.529485702514648,1679.9791259765625
262167,13,0.46153846153846156,0.2953945994377136,0.5067266821861267,5.099436283111572,1635.6900634765625
262168,16,0.75,0.43631330132484436,0.6263982057571411,12.562051773071289,1019.8290405273438
262169,66,0.48484848484848486,0.12563733756542206,0.5090203285217285,14.154979705810547,1180.1082763671875
262170,20,0.6,0.48506250977516174,0.46438196301460266,14.129084587097168,720.2799682617188
262171,75,0.4533333333333333,0.2153969705104828,0.54155033826828,14.9649076461792,444.755859375
262172,20,0.5,0.2792966961860657,0.3939689099788666,5.008961200714111,1367.1143798828125
262173,52,0.6153846153846154,0.21646249294281006,0.4604182839393616,9.353385925292969,1334.3585205078125
262174,79,0.6329113924050633,0.09964919090270996,0.5163657069206238,18.099313735961914,199.6841583251953
262175,27,0.48148148148148145,0.43356943130493164,0.3882378935813904,13.022777557373047,499.2396545410156
262176,49,0.5306122448979592,0.25201117992401123,0.36456355452537537,13.701858520507812,686.5474853515625
262177,47,0.46808510638297873,0.269619345664978,0.41497185826301575,8.10548210144043,1010.3314208984375
262178,91,0.45054945054945056,0.09506800025701523,0.5485362410545349,12.730887413024902,1197.351318359375
262179,69,0.4492753623188406,0.16588835418224335,0.5137555003166199,10.819499969482422,1175.4927978515625
262180,77,0.4935064935064935,0.1534155160188675,0.5468531847000122,15.357854843139648,1297.6502685546875
262181,67,0.5522388059701493,0.18282192945480347,0.48665371537208557,11.746399879455566,1623.752685546875
262182,45,0.6222222222222222,0.30304890871047974,0.5337266325950623,22.378528594970703,1212.0250244140625
262183,100,0.48,0.00891635101288557,0.5469152331352234,8.372132301330566,885.4797973632812
262184,37,0.5135135135135135,0.37693047523498535,0.5448535084724426,15.665273666381836,983.478515625
262185,45,0.4444444444444444,0.323677122592926,0.5447298288345337,13.235712051391602,1482.4442138671875
262186,54,0.46296296296296297,0.22969450056552887,0.4566616714000702,11.605289459228516,774.638671875
262187,46,0.5,0.2460687905550003,0.5340873003005981,16.930335998535156,1688.53076171875
262188,54,0.46296296296296297,0.19635610282421112,0.4751230776309967,13.59282112121582,443.5010070800781
262189,93,0.5053763440860215,0.14367017149925232,0.4583863317966461,23.599231719970703,790.6082153320312
262190,77,0.4155844155844156,0.2186875343322754,0.5390599966049194,13.154958724975586,902.1012573242188
262191,58,0.3620689655172414,0.30464181303977966,0.44656288623809814,15.648146629333496,1849.5218505859375
262192,43,0.6046511627906976,0.2630276679992676,0.527002215385437,17.0545597076416,1219.4749755859375
262193,100,0.39,0.019851453602313995,0.5071432590484619,5.528807163238525,1399.430419921875
262194,91,0.5824175824175825,0.11257327347993851,0.5044808387756348,16.78194808959961,624.1201171875
262195,53,0.49056603773584906,0.27864325046539307,0.4959719479084015,15.197397232055664,789.6959838867188
262196,47,0.574468085106383,0.11554298549890518,0.5181481242179871,11.172642707824707,1431.812744140625
262197,32,0.6875,0.22366467118263245,0.42205357551574707,11.23663330078125,1306.9566650390625
262198,73,0.4931506849315068,0.1572790890932083,0.573756217956543,16.434961318969727,1990.9244384765625
262199,61,0.5081967213114754,0.18715399503707886,0.5943800806999207,14.426168441772461,945.9088134765625
262200,92,0.4891304347826087,0.15560923516750336,0.5251067876815796,14.508794784545898,1032.326904296875
262201,59,0.6101694915254238,0.2104572355747223,0.556246280670166,16.48573875427246,857.4181518554688
262202,25,0.4,0.34404781460762024,0.37201792001724243,9.178362846374512,1541.3341064453125
262203,42,0.5,0.391029953956604,0.45367977023124695,18.25423812866211,253.39263916015625
262204,46,0.391304347826087,0.40307801961898804,0.507613480091095,13.694091796875,1299.1571044921875
262205,30,0.36666666666666664,0.22062596678733826,0.44222867488861084,6.122340679168701,1437.63232421875
262206,6,0.8333333333333334,0.17685601115226746,0.22965900599956512,3.605860948562622,1247.4547119140625
262207,56,0.5535714285714286,0.14126089215278625,0.4869687557220459,9.494529724121094,858.5966796875
262208,48,0.4583333333333333,0.2473214715719223,0.4618620276451111,15.623265266418457,1060.856201171875
262209,62,0.5645161290322581,0.1306353211402893,0.4809575378894806,14.755117416381836,1000.4517822265625
262210,40,0.5,0.25765061378479004,0.5357446074485779,13.075248718261719,595.753662109375
262211,94,0.425531914893617,0.19176983833312988,0.4861019253730774,17.456708908081055,997.9107055664062
262212,100,0.45,0.03988691046833992,0.4227297902107239,13.176719665527344,1505.966552734375
262213,20,0.6,0.23171137273311615,0.5906417965888977,8.636881828308105,1153.1954345703125
262214,25,0.4,0.4532385468482971,0.46437034010887146,15.773089408874512,893.2679443359375
262215,100,0.5,0.07714282721281052,0.4785395860671997,12.146759033203125,852.7091064453125
262216,68,0.5588235294117647,0.14872801303863525,0.5563747882843018,11.108940124511719,1988.640625
262217,100,0.48,0.10734380036592484,0.4414829909801483,12.734209060668945,761.5214233398438
262218,33,0.5757575757575758,0.23266352713108063,0.5432756543159485,9.93281078338623,813.5028076171875
262219,34,0.4411764705882353,0.4110894501209259,0.5765858292579651,12.93819522857666,1690.839599609375
262220,13,0.23076923076923078,0.11173401027917862,0.327726811170578,1.1678236722946167,1639.36279296875
262221,61,0.5901639344262295,0.21543282270431519,0.601121187210083,24.437074661254883,750.9563598632812
262222,52,0.5576923076923077,-0.04958827793598175,0.5591195821762085,1.6914870738983154,1858.7320556640625
262223,36,0.2777777777777778,0.428294837474823,0.6101816892623901,12.466079711914062,1087.111572265625
262224,29,0.4482758620689655,0.35622718930244446,0.40869367122650146,12.483972549438477,1527.13916015625
262225,70,0.5285714285714286,0.1828763633966446,0.41434603929519653,15.990890502929688,1128.191650390625
262226,40,0.625,0.07699267566204071,0.4102373719215393,7.748424530029297,880.49658203125
262227,28,0.6785714285714286,0.2860868275165558,0.5672917366027832,10.297391891479492,364.33270263671875
262228,64,0.359375,0.161240354180336,0.4397054612636566,9.686986923217773,568.8112182617188
262229,94,0.4574468085106383,0.15128768980503082,0.42739734053611755,15.803359985351562,1433.7845458984375
262230,29,0.41379310344827586,0.3529943525791168,0.5453327298164368,5.354762077331543,260.894775390625
262231,45,0.5333333333333333,0.22369623184204102,0.48383694887161255,9.671710968017578,936.2352294921875
262232,58,0.5517241379310345,0.16261997818946838,0.625767707824707,17.341102600097656,2027.5623779296875
262233,88,0.5113636363636364,0.17508713901042938,0.5494758486747742,11.188850402832031,696.7293701171875
262234,29,0.5517241379310345,0.4134311079978943,0.4713910222053528,15.580350875854492,1697.5045166015625
262235,41,0.5609756097560976,0.06258139759302139,0.519923985004425,7.238758563995361,2233.345458984375
262236,43,0.4883720930232558,0.10632458329200745,0.511423647403717,8.070433616638184,1058.6953125
