scene,steps,move_share,mean_move_param,mean_abs_turn_param,mean_speed_mps,final_distance_to_active_goal_m
250000,100,0.53,0.04027919843792915,0.42969274520874023,6.152307510375977,1244.2159423828125
250001,100,0.47,-0.05357551947236061,0.5337498784065247,5.471224308013916,692.6467895507812
250002,100,0.51,0.07460442185401917,0.4639407992362976,9.43056869506836,718.9498901367188
250003,100,0.54,-0.008171259425580502,0.5664297342300415,4.6874308586120605,1340.1427001953125
250004,47,0.3829787234042553,0.17746202647686005,0.3689597547054291,5.671848297119141,748.0424194335938
250005,100,0.5,0.04701671004295349,0.5062723755836487,6.439981460571289,1244.0728759765625
250006,87,0.5517241379310345,-0.027805641293525696,0.5355512499809265,4.34291410446167,1267.796875
250007,66,0.48484848484848486,0.2710704207420349,0.44920942187309265,18.20598030090332,1997.406005859375
250008,30,0.5,0.018033893778920174,0.42225542664527893,3.4953525066375732,1898.2303466796875
250009,100,0.6,0.02523076720535755,0.4766358733177185,13.381904602050781,748.6372680664062
250010,100,0.55,-0.0003215204633306712,0.4764059782028198,7.6146159172058105,1333.9072265625
250011,100,0.44,-0.020059429109096527,0.48623064160346985,3.6870832443237305,577.4730834960938
250012,100,0.4,0.15399625897407532,0.5546615719795227,17.61587142944336,571.8727416992188
250013,100,0.53,-0.18037450313568115,0.5131381750106812,3.5016252994537354,661.3984375
250014,100,0.5,-0.17043796181678772,0.5074787735939026,2.0877890586853027,1598.4276123046875
250015,93,0.41935483870967744,-0.05704333260655403,0.51442551612854,5.526185989379883,1607.8914794921875
250016,100,0.45,0.04235238581895828,0.5737429261207581,4.202451229095459,239.91741943359375
250017,100,0.52,-0.017200332134962082,0.6118809580802917,8.21655559539795,915.7542114257812
250018,100,0.54,-0.0324908047914505,0.49444496631622314,3.351151943206787,728.45849609375
250019,100,0.43,0.23179477453231812,0.5607897639274597,21.40459442138672,834.797607421875
250020,17,0.47058823529411764,-0.11375296115875244,0.6200277805328369,2.1433427333831787,1815.822509765625
250021,62,0.5483870967741935,0.2217349112033844,0.5346936583518982,9.62486743927002,1256.2857666015625
250022,100,0.41,-0.09666968882083893,0.49828824400901794,2.162478446960449,1521.132568359375
250023,100,0.43,-0.02793179079890251,0.48376113176345825,4.051741123199463,1926.5384521484375
250024,100,0.57,0.08157388120889664,0.5811182260513306,11.668862342834473,1083.8455810546875
250025,100,0.46,-0.09872879087924957,0.586231529712677,3.533223867416382,1394.5679931640625
250026,100,0.58,-0.003478958737105131,0.5308239459991455,8.446812629699707,956.6118774414062
250027,100,0.54,-0.08457402139902115,0.6266587376594543,4.416936874389648,1234.4537353515625
250028,100,0.5,0.011929563246667385,0.5582962036132812,3.4359331130981445,1143.3065185546875
250029,100,0.44,-0.22512435913085938,0.5580026507377625,1.7057522535324097,1426.4237060546875
250030,100,0.39,0.12018804252147675,0.49122485518455505,10.862204551696777,1488.2882080078125
250031,15,0.4666666666666667,0.47316718101501465,0.5501648187637329,4.468114376068115,693.7125244140625
250032,18,0.7222222222222222,-0.06435497850179672,0.5595695376396179,2.1966450214385986,2022.5772705078125
250033,100,0.56,-0.12332072108983994,0.5245309472084045,3.603280544281006,807.6481323242188
250034,100,0.47,0.1679551899433136,0.5914367437362671,19.401330947875977,1409.263427734375
250035,100,0.56,0.1027461513876915,0.4797205924987793,13.538599014282227,1121.5013427734375
250036,44,0.5909090909090909,-0.11467789858579636,0.5124399662017822,2.523876667022705,814.4817504882812
250037,100,0.56,0.10413946211338043,0.5459249019622803,12.334543228149414,1384.807861328125
250038,15,0.5333333333333333,0.3149215579032898,0.5390557050704956,5.91599178314209,1087.61669921875
250039,100,0.43,-0.008510512299835682,0.5210575461387634,3.1245980262756348,1153.6005859375
250040,89,0.5280898876404494,-0.2562737762928009,0.5227652788162231,0.996326744556427,1004.3859252929688
250041,100,0.45,-0.029742203652858734,0.521972119808197,4.573873519897461,1331.38232421875
250042,100,0.56,0.03730633109807968,0.511030912399292,8.724173545837402,804.23291015625
250043,92,0.4673913043478261,-0.0868530422449112,0.5480283498764038,2.145601987838745,1597.605224609375
250044,100,0.56,-0.17498858273029327,0.4929216504096985,2.5194902420043945,519.2749633789062
250045,26,0.5,0.19194814562797546,0.5048927664756775,7.473963737487793,907.7545166015625
250046,100,0.5,-0.005870448425412178,0.5723574757575989,5.824068546295166,697.9554443359375
250047,100,0.45,0.03179452568292618,0.5458162426948547,6.308011531829834,979.6461181640625
250048,100,0.48,-0.058545637875795364,0.5362414121627808,2.403735637664795,885.6757202148438
250049,100,0.49,-0.029676681384444237,0.5489769577980042,6.291262149810791,1646.0841064453125
250050,100,0.55,0.01795632392168045,0.48908135294914246,12.18132209777832,1253.0289306640625
250051,100,0.51,-0.008066357113420963,0.5393755435943604,7.5020623207092285,688.3724365234375
250052,100,0.42,0.052717771381139755,0.5339066386222839,13.360485076904297,1559.1571044921875
250053,100,0.43,-0.16620932519435883,0.516085684299469,1.7595247030258179,321.583251953125
250054,43,0.4883720930232558,-0.07666966319084167,0.5220183730125427,1.9927394390106201,682.5271606445312
250055,10,0.6,0.22009937465190887,0.2193988859653473,3.2208054065704346,1663.9052734375
250056,26,0.6153846153846154,0.3404695689678192,0.6036556363105774,11.790154457092285,1109.1219482421875
250057,100,0.46,0.04388788342475891,0.5165886878967285,9.907214164733887,294.76800537109375
250058,100,0.5,0.029492726549506187,0.552993655204773,5.279592514038086,1114.6060791015625
250059,12,0.4166666666666667,0.5588034391403198,0.7149110436439514,6.407583713531494,1795.7305908203125
250060,32,0.4375,0.09955207258462906,0.5838276147842407,2.7794740200042725,1157.0377197265625
250061,100,0.47,-0.09358716756105423,0.5726070404052734,3.102879524230957,852.2592163085938
250062,29,0.6896551724137931,-0.09530998766422272,0.6630995869636536,1.2944097518920898,1537.4722900390625
250063,100,0.48,-0.04491635784506798,0.5084052681922913,5.617786407470703,1265.6129150390625
250064,77,0.42857142857142855,0.15727463364601135,0.5067495107650757,9.150214195251465,1155.0362548828125
250065,100,0.48,-0.11704162508249283,0.4471798241138458,1.309618353843689,770.8658447265625
250066,100,0.51,0.017142705619335175,0.49238497018814087,13.953303337097168,111.13778686523438
250067,29,0.5862068965517241,0.1605571061372757,0.44565677642822266,8.531437873840332,1865.7568359375
250068,100,0.56,0.07387328892946243,0.629875659942627,12.199193954467773,712.3074951171875
250069,100,0.41,-0.12181360274553299,0.5447700619697571,2.8850667476654053,714.1165771484375
250070,100,0.5,-0.011443392373621464,0.45910462737083435,6.732674598693848,615.2924194335938
250071,100,0.45,-0.014719405211508274,0.49945855140686035,7.529667854309082,1624.486083984375
250072,100,0.57,0.02829010784626007,0.5273885130882263,7.144024848937988,653.29833984375
250073,100,0.4,-0.11761242151260376,0.5419396162033081,2.720752000808716,196.46401977539062
250074,100,0.49,0.010325837880373001,0.5689140558242798,6.554907321929932,845.927734375
250075,100,0.37,-0.03361395373940468,0.565739631652832,2.7964324951171875,1517.01904296875
250076,100,0.55,-0.08884841948747635,0.4825408160686493,3.023031711578369,612.7008056640625
250077,100,0.48,-0.028577493503689766,0.5082610249519348,8.572802543640137,966.03857421875
250078,100,0.55,0.06982144713401794,0.4968148469924927,9.690258026123047,1214.677490234375
250079,41,0.2926829268292683,0.3686979115009308,0.5054342150688171,14.192707061767578,1780.8531494140625
250080,100,0.59,-0.041069917380809784,0.5216211676597595,8.065825462341309,1511.5745849609375
250081,100,0.49,0.05392419546842575,0.5440433621406555,15.081195831298828,697.0380859375
250082,90,0.4666666666666667,0.023554440587759018,0.49356722831726074,6.475135803222656,1948.2513427734375
250083,100,0.52,-0.029320452362298965,0.5321683287620544,4.304944038391113,1315.4827880859375
250084,100,0.46,-0.023264089599251747,0.5341010689735413,3.872792959213257,630.859619140625
250085,100,0.52,-0.013614648021757603,0.5154206156730652,7.630743980407715,831.5230712890625
250086,100,0.42,-0.1724051684141159,0.6045565009117126,2.0214693546295166,411.1447448730469
250087,100,0.59,0.012553982436656952,0.5783368349075317,9.46103286743164,944.643310546875
250088,100,0.48,-0.03157419338822365,0.5526300668716431,5.011415004730225,1350.2723388671875
250089,83,0.5783132530120482,0.1001863181591034,0.5052406191825867,11.12479019165039,1286.8939208984375
250090,100,0.55,-0.05929921939969063,0.502994179725647,5.52863883972168,1493.5341796875
250091,100,0.49,0.08006507158279419,0.4964272975921631,14.902460098266602,1081.193359375
250092,100,0.47,-0.013579856604337692,0.5829272270202637,8.149333953857422,653.5379028320312
250093,95,0.4631578947368421,-0.02456684224307537,0.5785295963287354,7.760213375091553,1086.7041015625
250094,100,0.58,-0.07319224625825882,0.5593738555908203,4.655388832092285,1423.1083984375
250095,100,0.48,0.0371343158185482,0.5120099782943726,7.973809242248535,1268.4984130859375
250096,100,0.49,-0.004435860551893711,0.4634011685848236,6.92572021484375,1258.3134765625
250097,100,0.55,-0.07093857228755951,0.49679282307624817,2.139085292816162,570.1686401367188
250098,100,0.53,0.04270784929394722,0.5087507963180542,15.429401397705078,886.6863403320312
250099,100,0.58,0.008336653932929039,0.5267416834831238,7.608729839324951,1073.7366943359375
250100,100,0.5,0.024340299889445305,0.46846699714660645,12.530653953552246,903.2468872070312
250101,100,0.54,-0.035630278289318085,0.5202536582946777,4.450747489929199,1468.1878662109375
250102,100,0.41,0.06944198161363602,0.4745098352432251,10.024223327636719,1591.5308837890625
250103,97,0.4845360824742268,0.15118765830993652,0.5113557577133179,17.851577758789062,776.3389892578125
250104,94,0.5212765957446809,-0.06944893300533295,0.5582518577575684,6.741074085235596,797.436767578125
250105,100,0.5,0.04269307106733322,0.5903363823890686,8.03088092803955,1311.4500732421875
250106,100,0.44,0.011490482836961746,0.483114093542099,4.576996326446533,864.2711791992188
250107,36,0.4444444444444444,0.1167178601026535,0.551551878452301,8.366084098815918,1789.591552734375
250108,100,0.56,0.10268648713827133,0.630085289478302,18.479772567749023,181.99517822265625
250109,100,0.59,0.05804977938532829,0.45881572365760803,8.042523384094238,593.6060180664062
250110,100,0.49,0.008905768394470215,0.4980821907520294,4.581484794616699,1255.7322998046875
250111,100,0.49,0.031266484409570694,0.5349372029304504,6.243416786193848,1352.5206298828125
250112,100,0.4,0.013923287391662598,0.5062102675437927,5.458555698394775,1186.4876708984375
250113,100,0.53,0.12594443559646606,0.5538311004638672,13.368681907653809,2010.5867919921875
250114,100,0.5,0.03544139862060547,0.5351870059967041,4.882812023162842,259.38519287109375
250115,100,0.5,0.07026856392621994,0.5275883674621582,12.815085411071777,968.3159790039062
250116,34,0.5294117647058824,0.11183285713195801,0.35914289951324463,3.5219764709472656,952.1296997070312
250117,100,0.53,-0.11142759770154953,0.5394995808601379,2.6874611377716064,1397.4112548828125
250118,73,0.4383561643835616,-0.038105592131614685,0.4605376124382019,3.025076150894165,1456.53515625
250119,100,0.47,-0.031827375292778015,0.5613365769386292,3.2456214427948,1133.0096435546875
250120,100,0.49,-0.0114892004057765,0.527800440788269,4.381187915802002,2007.100341796875
250121,100,0.42,-0.15418638288974762,0.5363989472389221,1.4613248109817505,1012.589599609375
250122,56,0.5178571428571429,0.14181958138942719,0.41647911071777344,9.844321250915527,807.6624145507812
250123,65,0.5846153846153846,-0.0804709792137146,0.4780694544315338,1.5351444482803345,1465.3011474609375
250124,100,0.5,0.03111741691827774,0.5292769074440002,9.090646743774414,1138.4144287109375
250125,100,0.39,-0.03608556464314461,0.5056445598602295,2.4864590167999268,1469.5958251953125
250126,15,0.6666666666666666,0.2771534323692322,0.31045395135879517,6.228086948394775,1282.8214111328125
250127,100,0.57,-0.1002970039844513,0.49833691120147705,2.2685041427612305,1043.6455078125
250128,100,0.52,-0.06591394543647766,0.535635232925415,4.019585609436035,926.30126953125
250129,81,0.4567901234567901,-0.15450559556484222,0.5554280877113342,2.7972524166107178,1298.146728515625
250130,100,0.5,-0.019286375492811203,0.6023091077804565,3.380195379257202,877.1005249023438
250131,100,0.48,0.08431746810674667,0.41899335384368896,6.8201141357421875,1264.56689453125
250132,100,0.44,0.23236213624477386,0.5676077008247375,26.221263885498047,1589.4664306640625
250133,100,0.53,0.05507592484354973,0.5647154450416565,8.598583221435547,1217.4822998046875
250134,100,0.49,0.01857835426926613,0.5042645335197449,5.780538558959961,1408.0078125
250135,100,0.54,-0.05327891558408737,0.4465092420578003,3.508636236190796,609.6954345703125
250136,66,0.5151515151515151,0.21146726608276367,0.5441237688064575,17.95331382751465,2067.205322265625
250137,100,0.43,-0.10431909561157227,0.5112508535385132,4.967451572418213,346.42462158203125
250138,84,0.5238095238095238,0.14782465994358063,0.5218133330345154,12.255653381347656,1283.035888671875
250139,100,0.39,-0.02872290275990963,0.5380712747573853,9.582387924194336,1066.9693603515625
250140,100,0.47,-0.02947254851460457,0.48517921566963196,5.090723037719727,906.4959106445312
250141,100,0.53,0.014277225360274315,0.5742082595825195,9.404850006103516,902.6539916992188
250142,100,0.56,-0.007634443696588278,0.4409967362880707,7.044353008270264,772.6348266601562
250143,100,0.39,0.03233253210783005,0.5424545407295227,7.147109508514404,825.315673828125
250144,100,0.47,0.04565064609050751,0.5539724230766296,6.31259298324585,788.779052734375
250145,100,0.52,0.04505936801433563,0.5547253489494324,9.410855293273926,843.02392578125
250146,100,0.57,-0.014977718703448772,0.5418903231620789,5.472184658050537,1452.96240234375
250147,100,0.5,-0.03929091617465019,0.53789883852005,7.840837001800537,1134.4691162109375
250148,100,0.55,-0.047956693917512894,0.5483198761940002,3.612788200378418,436.93597412109375
250149,100,0.46,-0.06246533244848251,0.4668510854244232,3.8708560466766357,447.0851745605469
250150,100,0.46,-0.10972367227077484,0.543044924736023,3.1802284717559814,596.4463500976562
250151,100,0.54,-0.09247731417417526,0.5532045960426331,2.3268673419952393,1179.8760986328125
250152,11,0.8181818181818182,0.1653783917427063,0.16888946294784546,3.4176976680755615,954.52587890625
250153,100,0.52,-0.14709463715553284,0.5185311436653137,1.9632306098937988,1138.0074462890625
250154,100,0.52,-0.17328566312789917,0.5010033249855042,2.0456323623657227,399.13787841796875
250155,100,0.53,0.0474754199385643,0.5127801299095154,8.187338829040527,301.27392578125
250156,29,0.5862068965517241,0.07695726305246353,0.44851449131965637,3.6290202140808105,1179.6151123046875
250157,100,0.45,-0.15497681498527527,0.5939135551452637,2.242816209793091,1697.850341796875
250158,100,0.61,-0.10745851695537567,0.48769453167915344,2.4839606285095215,1266.7064208984375
250159,100,0.42,-0.04290073737502098,0.49964478611946106,6.0561909675598145,900.3148803710938
250160,100,0.47,-0.004973424132913351,0.4190050959587097,9.508698463439941,880.8150024414062
250161,100,0.44,-0.24371780455112457,0.5294584035873413,1.59549880027771,1057.57275390625
250162,100,0.6,0.11391691863536835,0.49931278824806213,20.096891403198242,414.1119384765625
250163,17,0.47058823529411764,0.38464275002479553,0.5132971405982971,5.566068172454834,1329.192138671875
250164,100,0.5,0.004948897287249565,0.5745905637741089,3.9291701316833496,985.5283203125
250165,63,0.6031746031746031,0.12840019166469574,0.5842549800872803,14.908246994018555,491.7611389160156
250166,42,0.4523809523809524,0.15980660915374756,0.4875854551792145,5.407845497131348,708.31298828125
250167,100,0.54,-0.09025502949953079,0.5557506680488586,6.067747592926025,1629.0562744140625
250168,32,0.5625,-0.07376965880393982,0.5626589059829712,2.3426907062530518,1539.265869140625
250169,89,0.550561797752809,-0.0841720923781395,0.5359787940979004,2.8358278274536133,1089.6412353515625
250170,100,0.5,0.02408459037542343,0.43153369426727295,10.601482391357422,991.137451171875
250171,100,0.47,-0.06682641804218292,0.5613646507263184,2.7289879322052,981.8377685546875
250172,100,0.48,0.13797521591186523,0.5578022599220276,15.449851036071777,714.373291015625
250173,100,0.58,0.04199949651956558,0.4944840371608734,5.43267822265625,1004.4284057617188
250174,100,0.53,0.02062319964170456,0.5288397073745728,12.309670448303223,758.760498046875
250175,100,0.64,-0.046350717544555664,0.4610002934932709,6.223955154418945,354.1384582519531
250176,100,0.55,-0.03889778256416321,0.4772224426269531,5.668992519378662,530.7097778320312
250177,100,0.54,-0.01162769366055727,0.5732995271682739,6.015286922454834,788.7589721679688
250178,100,0.53,-0.05732792615890503,0.5972242951393127,4.553896903991699,650.291259765625
250179,100,0.49,-0.06332232803106308,0.5364610552787781,5.105152606964111,420.1296691894531
250180,100,0.47,-0.027470137923955917,0.48734351992607117,4.890922546386719,889.6174926757812
250181,13,0.5384615384615384,0.17224708199501038,0.5775437951087952,4.192486763000488,1640.0074462890625
250182,65,0.5538461538461539,-0.009038747288286686,0.5139320492744446,8.112069129943848,1085.3985595703125
250183,100,0.55,-0.04911648854613304,0.4928564429283142,6.344371318817139,511.3651123046875
250184,100,0.57,0.025177001953125,0.5573119521141052,9.336668014526367,1163.5411376953125
250185,100,0.45,-0.06898593157529831,0.5713955760002136,4.017392635345459,924.2445068359375
250186,100,0.47,-0.09145145863294601,0.5359208583831787,4.36817741394043,1102.1571044921875
250187,100,0.54,-0.06399450451135635,0.5119121670722961,5.19315242767334,1354.2830810546875
250188,100,0.48,0.013915613293647766,0.5320602059364319,6.409059524536133,842.8551025390625
250189,100,0.53,-0.07748924195766449,0.5303173661231995,2.440150499343872,1114.310302734375
250190,100,0.44,-0.15288600325584412,0.564405620098114,2.4993886947631836,1487.638916015625
250191,100,0.53,0.006161807104945183,0.5280336141586304,8.063621520996094,1052.4918212890625
250192,100,0.53,0.10765887051820755,0.5009090304374695,8.74963665008545,1119.8525390625
250193,100,0.54,-0.01097437646239996,0.5245180726051331,10.949326515197754,860.9974365234375
250194,100,0.46,-0.036869410425424576,0.4728137254714966,5.7989702224731445,977.5086059570312
250195,100,0.42,-0.05447300150990486,0.5395070314407349,2.2016026973724365,798.4705200195312
250196,100,0.41,0.12975816428661346,0.4795158803462982,10.273183822631836,1211.734375
250197,46,0.6739130434782609,0.03225420415401459,0.47076141834259033,5.865119457244873,1494.020263671875
250198,100,0.47,-0.10006624460220337,0.4861292839050293,2.285451889038086,1099.1722412109375
250199,100,0.47,-0.11476277559995651,0.5391369462013245,1.3948367834091187,809.4323120117188
250200,100,0.52,-0.08111317455768585,0.49893102049827576,4.310856342315674,990.8585815429688
250201,100,0.48,-0.24006278812885284,0.4900593161582947,1.5259056091308594,955.8021240234375
250202,80,0.4625,0.04333195090293884,0.6074462532997131,6.949176788330078,944.5118408203125
250203,100,0.48,-0.09329863637685776,0.524586021900177,2.4362335205078125,1232.5994873046875
250204,79,0.4936708860759494,-0.03100477159023285,0.4883650839328766,4.036746025085449,1704.999267578125
250205,100,0.45,-0.22591812908649445,0.4671514630317688,1.0507396459579468,1071.275146484375
250206,47,0.5531914893617021,0.20635086297988892,0.4904457628726959,12.284770965576172,904.9533081054688
250207,62,0.5645161290322581,0.007796071469783783,0.500308096408844,3.2685256004333496,533.2726440429688
250208,51,0.45098039215686275,0.08901474624872208,0.5000981688499451,5.357960224151611,901.849853515625
250209,100,0.46,-0.17601318657398224,0.5422288775444031,3.1080620288848877,1158.312744140625
250210,37,0.5405405405405406,0.05697076767683029,0.5677688121795654,4.048770904541016,1266.693359375
250211,100,0.51,-0.02796008251607418,0.45259740948677063,7.549009323120117,1397.731201171875
250212,100,0.44,-0.014437473379075527,0.5100916028022766,4.9922404289245605,624.7240600585938
250213,100,0.44,-0.14609263837337494,0.49058955907821655,1.6224358081817627,758.4651489257812
250214,100,0.53,-0.09573208540678024,0.6212592124938965,1.6636985540390015,1037.565673828125
250215,85,0.5176470588235295,-0.024959908798336983,0.5780043005943298,10.125452041625977,1225.0244140625
250216,34,0.4411764705882353,0.28288742899894714,0.34719592332839966,7.449113845825195,1622.942626953125
250217,100,0.53,-0.03226742520928383,0.5413525104522705,4.316747665405273,932.1631469726562
250218,100,0.44,-0.12912234663963318,0.5205594897270203,2.707106590270996,751.6754150390625
250219,100,0.47,-0.12869811058044434,0.5326107144355774,2.3322947025299072,1368.6907958984375
250220,100,0.49,-0.05256910249590874,0.560361385345459,5.822336196899414,591.1348876953125
250221,100,0.49,-0.10705053806304932,0.5017006397247314,1.9365103244781494,1417.4364013671875
250222,33,0.48484848484848486,-0.07129336893558502,0.5898934602737427,0.8961358070373535,607.6123657226562
250223,100,0.57,0.0010151606984436512,0.5747262835502625,2.9451565742492676,1249.0499267578125
250224,100,0.5,-0.08440079540014267,0.4631234407424927,3.7583065032958984,245.43968200683594
250225,100,0.51,-0.22783291339874268,0.4989843964576721,3.1342148780822754,1173.958251953125
250226,100,0.54,0.04747098311781883,0.553331732749939,9.496232986450195,1365.400634765625
250227,100,0.45,-0.10721363127231598,0.5403132438659668,5.201557159423828,517.343505859375
250228,100,0.5,-0.10315325856208801,0.5309383869171143,3.3665454387664795,888.7837524414062
250229,62,0.41935483870967744,0.030531223863363266,0.548168420791626,3.9670827388763428,1372.3995361328125
250230,100,0.53,0.10042547434568405,0.5675867199897766,12.660989761352539,1246.6719970703125
250231,100,0.58,-0.13044172525405884,0.575837254524231,2.7722678184509277,1104.5025634765625
250232,100,0.52,-0.059425123035907745,0.5557685494422913,4.275416374206543,642.1329956054688
250233,100,0.61,-0.06204063445329666,0.4982379376888275,4.716894626617432,470.31268310546875
250234,100,0.55,-0.1326277256011963,0.5583904385566711,1.4745486974716187,869.3087158203125
250235,100,0.48,0.007770756725221872,0.5297682285308838,6.033276557922363,846.181640625
250236,100,0.5,-0.0766628161072731,0.5483381152153015,4.530718803405762,1564.078369140625
250237,100,0.4,-0.03947561979293823,0.5605025887489319,4.055103302001953,758.6593017578125
250238,100,0.56,-0.11110202223062515,0.49168965220451355,3.624562978744507,1071.6474609375
250239,100,0.48,-0.14604239165782928,0.5040705800056458,1.850806713104248,1503.772216796875
250240,100,0.47,-0.04198393598198891,0.6116509437561035,6.007923603057861,920.2828369140625
250241,95,0.6105263157894737,0.06647773087024689,0.42487475275993347,8.887737274169922,487.4800720214844
250242,6,0.8333333333333334,0.1300206482410431,0.02147938683629036,3.854231595993042,1654.5252685546875
250243,100,0.47,-0.10255178809165955,0.5492612719535828,2.7736246585845947,226.3300323486328
250244,100,0.5,-0.161936953663826,0.5729648470878601,2.3547849655151367,690.3027954101562
250245,100,0.5,-0.01952064037322998,0.5257955193519592,7.84947395324707,347.99456787109375
250246,100,0.52,-0.0310226883739233,0.48043203353881836,3.6105215549468994,1364.2271728515625
250247,100,0.57,-0.019044950604438782,0.5548633933067322,7.268571853637695,978.2966918945312
250248,22,0.4090909090909091,-0.04189356788992882,0.5860613584518433,2.6604626178741455,942.4058227539062
250249,100,0.45,0.04170963913202286,0.5151563286781311,6.474428176879883,642.0072021484375
250250,100,0.53,0.026716480031609535,0.5395174026489258,12.841673851013184,1075.1661376953125
250251,100,0.42,-0.018495047464966774,0.4836828112602234,4.619448661804199,705.7849731445312
250252,100,0.48,-0.14079314470291138,0.4959762394428253,1.8111014366149902,921.68994140625
250253,33,0.6060606060606061,0.20768192410469055,0.4568063020706177,9.78319263458252,827.2188720703125
250254,36,0.3888888888888889,-0.0072941952385008335,0.3622135519981384,2.4534265995025635,706.7562866210938
250255,72,0.4583333333333333,0.26263490319252014,0.48981866240501404,16.086517333984375,1541.692138671875
250256,100,0.5,-0.16745170950889587,0.5475063920021057,1.9713084697723389,1583.2705078125
250257,100,0.51,-0.08769155293703079,0.5597389936447144,6.8445329666137695,731.93017578125
250258,17,0.4117647058823529,0.16083727777004242,0.44397592544555664,1.992371678352356,1630.9788818359375
250259,66,0.5303030303030303,-0.004866696894168854,0.45415371656417847,9.23122787475586,1030.1773681640625
250260,100,0.58,-0.017855379730463028,0.4737148880958557,6.441351413726807,523.1752319335938
250261,100,0.61,-0.009652707725763321,0.4663311541080475,5.067577838897705,1211.4576416015625
250262,100,0.51,-0.1029479056596756,0.4722125828266144,2.712636947631836,312.2669982910156
250263,100,0.52,-0.18474584817886353,0.6006467342376709,1.9249718189239502,1202.3900146484375
250264,100,0.52,-0.10100224614143372,0.5211436748504639,4.5909223556518555,981.2132568359375
250265,100,0.55,-0.166584312915802,0.485980361700058,2.807821035385132,1001.4169311523438
250266,45,0.6,0.02590750716626644,0.5160794258117676,2.5741050243377686,439.5733642578125
250267,100,0.51,-0.152659073472023,0.5138552784919739,1.6390730142593384,1396.5546875
250268,97,0.4639175257731959,-0.15414214134216309,0.5805579423904419,2.0576095581054688,1388.6224365234375
250269,100,0.45,-0.021982217207551003,0.568417489528656,5.83641242980957,948.2822875976562
250270,100,0.34,-0.10169792920351028,0.5886002779006958,3.264242649078369,1270.7720947265625
250271,100,0.5,-0.005168940871953964,0.527798593044281,9.584516525268555,1355.1956787109375
250272,100,0.52,-0.178846538066864,0.5175005197525024,2.5985238552093506,720.1792602539062
250273,24,0.4583333333333333,0.4269101023674011,0.6768999099731445,8.984034538269043,575.6389770507812
250274,100,0.56,0.06850358843803406,0.5177302360534668,15.086932182312012,941.3024291992188
250275,100,0.46,-0.08985912054777145,0.4911302328109741,1.947190284729004,830.6826171875
250276,63,0.4444444444444444,-0.03357337415218353,0.5487082600593567,3.65549898147583,1479.050048828125
250277,100,0.51,-0.09659605473279953,0.4863380789756775,4.996127605438232,1582.486083984375
250278,100,0.55,-0.1110580712556839,0.5426496863365173,2.5050063133239746,595.092529296875
250279,100,0.5,-0.20490477979183197,0.5245079398155212,1.932314395904541,674.2955322265625
250280,100,0.48,0.06355644017457962,0.5354009866714478,9.137889862060547,687.879150390625
250281,53,0.33962264150943394,0.08425907790660858,0.47065457701683044,8.131123542785645,1479.1634521484375
250282,100,0.39,-0.15183821320533752,0.46879637241363525,1.8378033638000488,1119.0543212890625
250283,100,0.46,-0.08867444843053818,0.46586766839027405,7.877761363983154,904.455322265625
250284,100,0.45,-0.10889852046966553,0.5420054793357849,4.23038387298584,362.6107177734375
250285,100,0.54,-0.1318829357624054,0.5808901786804199,2.051363945007324,938.250732421875
250286,100,0.55,-0.07193221151828766,0.502736508846283,7.735319137573242,773.7901000976562
250287,100,0.44,-0.16701777279376984,0.516981303691864,4.814708232879639,770.0372314453125
250288,100,0.49,-0.21748217940330505,0.5185478925704956,1.5813995599746704,874.9893188476562
250289,100,0.46,-0.06417573988437653,0.5358469486236572,5.333426475524902,1417.7353515625
250290,100,0.5,-0.19531163573265076,0.46435216069221497,2.228987216949463,474.9131774902344
250291,100,0.46,-0.27537980675697327,0.5143423676490784,0.38999542593955994,1747.8575439453125
250292,100,0.52,-0.15186116099357605,0.4558999538421631,1.604063868522644,922.6116333007812
250293,100,0.51,-0.0829571932554245,0.5186545252799988,1.6205322742462158,915.438720703125
250294,10,0.7,0.3302413523197174,0.4590027630329132,6.109633445739746,1495.9437255859375
250295,100,0.51,-0.26457884907722473,0.4983632266521454,1.7091175317764282,812.840576171875
250296,100,0.53,-0.09461104869842529,0.5366321206092834,4.3065361976623535,945.2453002929688
250297,100,0.54,-0.10574192553758621,0.4710898697376251,3.5495128631591797,1249.2113037109375
250298,100,0.53,-0.16695359349250793,0.4949369728565216,1.7668967247009277,912.2373657226562
250299,100,0.49,-0.23377324640750885,0.5385227799415588,0.9936392307281494,1244.7230224609375
250300,100,0.48,-0.14688411355018616,0.4846722483634949,2.9416005611419678,1321.079345703125
250301,70,0.5428571428571428,0.022362571209669113,0.5005434155464172,7.104490756988525,1100.0948486328125
250302,100,0.5,-0.06697960197925568,0.5624321103096008,4.510171890258789,324.78668212890625
250303,100,0.49,-0.08563213795423508,0.5652581453323364,4.20085334777832,1071.2974853515625
250304,100,0.48,-0.022658906877040863,0.529933512210846,5.006572723388672,1260.8626708984375
250305,43,0.5348837209302325,0.12260595709085464,0.4411524832248688,5.162069797515869,1959.096435546875
250306,100,0.51,-0.18453025817871094,0.4859360158443451,2.4276905059814453,1328.2545166015625
250307,100,0.51,-0.06692113727331161,0.49008968472480774,8.392375946044922,988.6782836914062
250308,100,0.52,-0.1478850245475769,0.5858154296875,1.5159811973571777,1125.316162109375
250309,100,0.5,-0.08909698575735092,0.445522278547287,4.329680919647217,1707.47265625
250310,100,0.47,-0.14646144211292267,0.5560364127159119,2.1780760288238525,1470.1973876953125
250311,100,0.4,-0.04577194154262543,0.5605508089065552,3.274111032485962,648.241943359375
250312,4,0.5,0.16226854920387268,0.6507691740989685,2.681924343109131,874.9840087890625
250313,100,0.42,-0.042373958975076675,0.5557262897491455,6.9482421875,740.6445922851562
250314,11,0.7272727272727273,-0.006815358996391296,0.3879678547382355,2.964143991470337,760.0030517578125
250315,100,0.4,0.04988894984126091,0.4707268476486206,12.952323913574219,791.6890258789062
250316,100,0.43,-0.12955401837825775,0.5465186238288879,1.7494102716445923,830.608154296875
250317,100,0.49,-0.14711514115333557,0.525450587272644,2.438460111618042,1467.937255859375
250318,100,0.51,-0.14583100378513336,0.6146239638328552,1.6412723064422607,1493.07666015625
250319,100,0.57,-0.17382757365703583,0.6127611994743347,1.1349502801895142,606.8739013671875
250320,100,0.48,-0.12983474135398865,0.5193914771080017,3.908792495727539,758.9367065429688
250321,46,0.45652173913043476,0.07205942273139954,0.47692498564720154,4.656764030456543,885.5921020507812
250322,100,0.53,0.030961260199546814,0.38488465547561646,7.502917289733887,1052.566650390625
250323,100,0.48,-0.16331817209720612,0.5655898451805115,1.4996546506881714,1536.3277587890625
250324,76,0.4342105263157895,0.07876583188772202,0.5096197128295898,7.835656642913818,1338.8060302734375
250325,54,0.5925925925925926,-0.10607677698135376,0.3681129515171051,2.6758270263671875,2303.000244140625
250326,100,0.52,-0.19696789979934692,0.5332829356193542,2.1575446128845215,1169.0548095703125
250327,100,0.47,-0.14649157226085663,0.5215997695922852,1.565098762512207,580.1701049804688
250328,100,0.41,-0.19143830239772797,0.5409088730812073,1.7347394227981567,456.1466979980469
250329,100,0.56,-0.16097263991832733,0.4859590530395508,2.3522918224334717,896.133544921875
250330,100,0.49,-0.025836214423179626,0.5085570216178894,4.663552284240723,804.1481323242188
250331,100,0.64,-0.09463761746883392,0.517719030380249,4.950021743774414,1173.81494140625
250332,100,0.55,0.04864882677793503,0.5151059627532959,7.618236541748047,1677.190185546875
250333,59,0.4915254237288136,0.14841139316558838,0.5067919492721558,11.09543228149414,309.0384521484375
250334,100,0.46,-0.05789680406451225,0.546592116355896,2.1900475025177,648.913330078125
250335,100,0.43,-0.10953188687562943,0.52688068151474,7.971950531005859,666.6781005859375
250336,44,0.4772727272727273,0.22300055623054504,0.4397749602794647,11.066543579101562,1279.2506103515625
250337,100,0.55,-0.02606429159641266,0.5042057037353516,9.176342964172363,467.0038757324219
250338,100,0.45,-0.100428007543087,0.49965229630470276,4.412884712219238,1074.7772216796875
250339,31,0.5483870967741935,0.2702482044696808,0.527405858039856,6.67046594619751,1176.24951171875
250340,100,0.5,-0.12244356423616409,0.539359986782074,4.572910308837891,325.4063720703125
250341,22,0.36363636363636365,0.11922664940357208,0.4769410490989685,2.784844160079956,417.8487548828125
250342,100,0.42,-0.17098066210746765,0.5231679677963257,3.867584228515625,426.1653747558594
250343,100,0.47,0.02441829815506935,0.4987758994102478,5.609825611114502,420.6469421386719
250344,34,0.6176470588235294,0.14249207079410553,0.4565899074077606,12.017828941345215,800.9755859375
250345,100,0.46,-0.11354564875364304,0.5084121227264404,2.4960150718688965,775.3618774414062
250346,100,0.53,-0.06485241651535034,0.5795403718948364,4.617351531982422,326.5006103515625
250347,100,0.4,-0.11351005733013153,0.4490699768066406,2.0663444995880127,449.8738098144531
250348,100,0.47,-0.19655659794807434,0.48554015159606934,1.8787764310836792,1195.5882568359375
250349,100,0.51,-0.26111307740211487,0.5269780158996582,1.3165305852890015,694.793212890625
250350,90,0.4444444444444444,0.12080641835927963,0.5344800353050232,14.53494644165039,1582.5433349609375
250351,100,0.44,-0.06113273277878761,0.5029560923576355,2.906656265258789,694.0711059570312
250352,100,0.47,-0.09094945341348648,0.4857165217399597,2.850884437561035,1322.90673828125
250353,73,0.5205479452054794,0.1978437304496765,0.4995434880256653,15.446155548095703,1627.71826171875
250354,100,0.42,0.14541585743427277,0.6191230416297913,15.021137237548828,698.7113647460938
250355,100,0.49,-0.07333928346633911,0.5610842108726501,4.37936544418335,705.424560546875
250356,100,0.53,0.322530061006546,0.5100701451301575,22.241769790649414,1215.9716796875
250357,29,0.27586206896551724,-0.023350149393081665,0.4149828553199768,2.3946261405944824,422.423583984375
250358,100,0.49,-0.022458426654338837,0.49007850885391235,4.607780933380127,900.4656372070312
250359,100,0.42,-0.37269529700279236,0.511660099029541,0.705193281173706,892.964599609375
250360,100,0.53,-0.08133965730667114,0.45404917001724243,7.048760414123535,1170.84423828125
250361,100,0.51,-0.03309326246380806,0.5113993287086487,3.242069721221924,1119.1051025390625
250362,100,0.5,-0.07108156383037567,0.48753196001052856,3.908215284347534,1048.672119140625
250363,7,0.7142857142857143,0.5923560857772827,0.7152236700057983,7.304972171783447,1500.3375244140625
250364,12,0.3333333333333333,0.571578323841095,0.6418503522872925,3.3449575901031494,1046.9703369140625
250365,79,0.569620253164557,0.41184666752815247,0.5647667050361633,26.097063064575195,1238.76171875
250366,65,0.5692307692307692,0.05324181914329529,0.513691246509552,7.063440322875977,1793.2896728515625
250367,100,0.53,-0.04848580062389374,0.513322651386261,5.367535591125488,1560.30712890625
250368,83,0.5421686746987951,0.3542666435241699,0.6063106656074524,24.870193481445312,1202.323974609375
250369,28,0.42857142857142855,0.2126552313566208,0.40665847063064575,6.529885292053223,595.4482421875
250370,57,0.40350877192982454,0.2247258871793747,0.4588475525379181,9.540376663208008,1533.2608642578125
250371,61,0.5737704918032787,0.3905688226222992,0.39888542890548706,24.694608688354492,1429.7264404296875
250372,42,0.5238095238095238,0.26121601462364197,0.5403027534484863,16.113037109375,1386.692626953125
250373,100,0.6,-0.09087055176496506,0.562994122505188,1.9956649541854858,1195.7078857421875
250374,100,0.49,-0.2944721579551697,0.5195050835609436,0.7221595644950867,868.6909790039062
250375,100,0.53,-0.20255322754383087,0.49569204449653625,1.3690952062606812,908.5800170898438
250376,100,0.59,0.27238228917121887,0.5179550647735596,25.5625,1428.3521728515625
250377,17,0.7058823529411765,-0.31465092301368713,0.4696877598762512,1.221838116645813,1592.361083984375
250378,100,0.52,-0.014402443543076515,0.4850914478302002,5.689504623413086,948.7868041992188
250379,72,0.5555555555555556,0.06548447906970978,0.4694560170173645,7.862453937530518,1473.4500732421875
250380,100,0.47,-0.0352800078690052,0.47451168298721313,9.853976249694824,1233.838623046875
250381,100,0.56,-0.16070100665092468,0.5238445401191711,1.52901291847229,666.89794921875
250382,100,0.47,-0.2246442288160324,0.5651423335075378,1.4894888401031494,1303.59521484375
250383,100,0.45,-0.295992374420166,0.4964614808559418,2.1360721588134766,642.8862915039062
250384,24,0.5833333333333334,0.148713156580925,0.39080196619033813,4.238880634307861,1316.6312255859375
250385,100,0.56,-0.271798700094223,0.5039034485816956,0.9857000112533569,1047.377197265625
250386,100,0.49,-0.08701737225055695,0.48222389817237854,2.7928662300109863,662.4015502929688
250387,75,0.49333333333333335,0.11156930029392242,0.4775562882423401,7.903823375701904,1017.322998046875
250388,25,0.52,0.42882028222084045,0.6366893649101257,11.145936012268066,1531.8436279296875
250389,100,0.55,-0.1602421998977661,0.5144727230072021,2.511166572570801,667.6163330078125
250390,44,0.5681818181818182,0.08519384264945984,0.5779617428779602,5.785738945007324,1766.5523681640625
250391,55,0.4727272727272727,-0.006566649302840233,0.5512818098068237,4.180964469909668,1639.3319091796875
250392,61,0.47540983606557374,0.2846800684928894,0.5232492685317993,18.41939353942871,1908.7481689453125
250393,100,0.49,-0.26124659180641174,0.4747363328933716,2.0446066856384277,1294.6702880859375
250394,100,0.49,0.04471229389309883,0.5622267127037048,7.9751458168029785,721.2952880859375
250395,100,0.58,-0.16730262339115143,0.49615633487701416,3.130967617034912,1108.481689453125
250396,89,0.42696629213483145,0.12598426640033722,0.5352412462234497,16.84511375427246,1836.0203857421875
250397,100,0.51,-0.14871323108673096,0.5190483927726746,4.2538628578186035,866.6883544921875
250398,84,0.5,0.07959077507257462,0.5192791223526001,8.876462936401367,1101.7412109375
250399,76,0.4868421052631579,0.06981680542230606,0.5880669355392456,8.030130386352539,1047.843017578125
250400,100,0.46,-0.10596055537462234,0.5347943902015686,2.6118075847625732,1362.0540771484375
250401,37,0.5405405405405406,0.015153000131249428,0.4900141954421997,3.290688991546631,1631.4454345703125
250402,100,0.5,0.2229405790567398,0.46149104833602905,19.327295303344727,518.277099609375
250403,100,0.54,-0.17321263253688812,0.47970065474510193,2.0949079990386963,1263.259521484375
250404,59,0.6101694915254238,0.3397309482097626,0.4995737075805664,23.872770309448242,1266.09375
250405,100,0.5,-0.04377390444278717,0.39468806982040405,3.349186658859253,1090.65380859375
250406,55,0.4727272727272727,-0.147908017039299,0.5299632549285889,2.1898932456970215,1056.6888427734375
250407,100,0.43,-0.09014016389846802,0.48705780506134033,2.4132747650146484,1342.80615234375
250408,75,0.4266666666666667,0.12979942560195923,0.5781155824661255,8.283909797668457,1842.6077880859375
250409,100,0.54,0.2094820886850357,0.5838594436645508,21.535512924194336,301.6173095703125
250410,37,0.6756756756756757,-0.16112299263477325,0.4222639501094818,2.183842182159424,1549.81005859375
250411,100,0.51,0.01801656186580658,0.46477875113487244,5.593401908874512,616.8770751953125
250412,100,0.5,-0.012437824159860611,0.43795543909072876,7.250359058380127,827.2020874023438
250413,42,0.5476190476190477,0.3353218734264374,0.3780742585659027,17.759170532226562,935.2978515625
250414,100,0.49,-0.19394047558307648,0.47992873191833496,3.225973606109619,1354.2364501953125
250415,97,0.5567010309278351,0.0477733388543129,0.5306764841079712,15.79259204864502,1456.3408203125
250416,40,0.475,0.053757816553115845,0.40959495306015015,3.8307156562805176,1128.8687744140625
250417,60,0.6666666666666666,0.1568276584148407,0.540540337562561,10.56435489654541,624.2588500976562
250418,100,0.56,0.25384512543678284,0.554974377155304,23.69091796875,430.7448425292969
250419,65,0.47692307692307695,0.10242753475904465,0.5458207726478577,10.105589866638184,979.66357421875
250420,99,0.6262626262626263,0.13024906814098358,0.5916367173194885,16.490354537963867,1656.5924072265625
250421,100,0.47,0.3233623802661896,0.5878546833992004,22.870594024658203,1446.907958984375
250422,100,0.54,0.08634680509567261,0.5055088400840759,13.510059356689453,1746.9322509765625
250423,100,0.38,0.03942277655005455,0.49207377433776855,7.031651496887207,1831.39794921875
250424,100,0.52,0.11069615185260773,0.48358413577079773,13.952264785766602,910.8356323242188
250425,100,0.46,-0.08348655700683594,0.5552816987037659,2.2690651416778564,321.41845703125
250426,100,0.52,0.19580070674419403,0.5959864258766174,19.99306869506836,1470.6148681640625
250427,100,0.58,-0.0036428961902856827,0.4403165578842163,5.882782459259033,1430.3511962890625
250428,100,0.58,-0.07995112985372543,0.47154051065444946,3.4271786212921143,910.3228149414062
250429,61,0.5245901639344263,0.03953499346971512,0.48137080669403076,6.895084857940674,1585.6534423828125
250430,100,0.51,0.41003066301345825,0.5064845085144043,30.611900329589844,1648.784912109375
250431,100,0.45,0.011363516561686993,0.47978201508522034,4.646373271942139,996.595947265625
250432,58,0.5862068965517241,0.2831643521785736,0.6563257575035095,16.572973251342773,1429.7569580078125
250433,87,0.47126436781609193,0.22290296852588654,0.44580504298210144,17.273635864257812,1627.4913330078125
250434,100,0.51,-0.23562397062778473,0.44049444794654846,1.16706120967865,829.5419311523438
250435,85,0.4235294117647059,0.22436441481113434,0.5613594055175781,19.587566375732422,1669.6982421875
250436,100,0.39,-0.040978267788887024,0.5643060803413391,2.961909770965576,1155.5146484375
250437,100,0.56,0.14149220287799835,0.4295238256454468,18.416353225708008,1161.3836669921875
250438,100,0.52,0.27274298667907715,0.5022900104522705,29.926197052001953,1062.0618896484375
250439,5,0.4,0.24277015030384064,0.3580509126186371,0.6006722450256348,1466.0115966796875
250440,68,0.5147058823529411,0.3267405033111572,0.5716859698295593,20.717222213745117,1982.99267578125
250441,100,0.55,-0.04079562798142433,0.49536535143852234,7.094281196594238,1011.5008544921875
250442,100,0.48,-0.03436582162976265,0.5117374658584595,6.921693325042725,552.4339599609375
250443,100,0.49,0.14280889928340912,0.4771488904953003,13.997885704040527,1033.1099853515625
250444,88,0.5681818181818182,-0.03596467897295952,0.44280433654785156,6.716502666473389,1881.1278076171875
250445,100,0.56,0.15028555691242218,0.49216118454933167,16.17124366760254,1913.670166015625
250446,51,0.45098039215686275,-0.09939522296190262,0.4693889021873474,4.216588497161865,1372.9036865234375
250447,84,0.5714285714285714,0.1295032650232315,0.4997040033340454,19.57645606994629,2076.39599609375
250448,66,0.5,0.07304579764604568,0.5833158493041992,12.454809188842773,715.038330078125
250449,37,0.5675675675675675,0.2981816530227661,0.39771097898483276,15.27462387084961,1620.27099609375
250450,100,0.51,-0.08492476493120193,0.460665762424469,3.1963253021240234,1399.4757080078125
250451,88,0.4431818181818182,0.04759368672966957,0.4785003662109375,7.3204026222229,1721.051513671875
250452,100,0.57,0.42172011733055115,0.5481657981872559,30.442588806152344,1278.878662109375
250453,59,0.5423728813559322,0.20290455222129822,0.44116777181625366,11.352712631225586,1025.4833984375
250454,89,0.5168539325842697,0.4048177897930145,0.4948812425136566,23.637977600097656,1725.7137451171875
250455,100,0.5,0.20417411625385284,0.4336282014846802,16.086027145385742,1191.04638671875
250456,89,0.5280898876404494,0.41891828179359436,0.5360308885574341,28.640880584716797,563.1293334960938
250457,100,0.55,-0.16233232617378235,0.4792836606502533,4.729191780090332,1666.978759765625
250458,57,0.6491228070175439,0.23057414591312408,0.5069059133529663,15.427099227905273,1102.805908203125
250459,75,0.5333333333333333,0.2090037763118744,0.4819009006023407,10.716476440429688,923.972412109375
250460,100,0.43,-0.11105038225650787,0.4857655465602875,3.367926597595215,1334.8553466796875
250461,100,0.44,-0.17902280390262604,0.5604878067970276,2.3600680828094482,267.7695007324219
250462,9,0.4444444444444444,0.22747400403022766,0.6241276860237122,1.6975544691085815,1212.7607421875
250463,100,0.5,0.13461439311504364,0.5033210515975952,13.407552719116211,1060.895263671875
250464,74,0.527027027027027,0.15760096907615662,0.47896745800971985,13.462380409240723,1325.82421875
250465,44,0.4318181818181818,0.26308128237724304,0.5763083100318909,9.907784461975098,1458.8968505859375
250466,100,0.62,0.20856863260269165,0.49111050367355347,23.661073684692383,883.831298828125
250467,65,0.4307692307692308,0.3544713854789734,0.5634756088256836,19.482654571533203,1509.0565185546875
250468,21,0.38095238095238093,0.33442798256874084,0.4446040391921997,6.112903594970703,668.3087158203125
250469,46,0.5869565217391305,0.34141191840171814,0.5047142505645752,18.988174438476562,1057.7279052734375
250470,100,0.42,-0.0807545855641365,0.5055342316627502,6.334020614624023,1435.9075927734375
250471,40,0.3,0.20531880855560303,0.5500440001487732,3.7994236946105957,1301.9208984375
250472,100,0.46,0.17632395029067993,0.5183716416358948,16.941181182861328,1748.820068359375
250473,100,0.46,-0.15262527763843536,0.5058163404464722,2.142650604248047,1941.569580078125
250474,100,0.51,-0.09219488501548767,0.5964498519897461,4.277398109436035,1292.7408447265625
250475,50,0.6,0.2265489250421524,0.5911949872970581,11.921457290649414,1666.0985107421875
250476,100,0.6,0.2873225808143616,0.46596378087997437,22.202890396118164,1175.242919921875
250477,30,0.5,0.1829116940498352,0.4800381660461426,10.971586227416992,1016.7977905273438
250478,37,0.5945945945945946,0.16734760999679565,0.480703741312027,7.90189266204834,1400.0723876953125
250479,67,0.5671641791044776,0.31514084339141846,0.6034481525421143,22.00559425354004,1554.5689697265625
250480,100,0.51,-0.053688693791627884,0.6381836533546448,4.273219585418701,770.4404296875
250481,100,0.51,0.44023120403289795,0.5515876412391663,30.52066421508789,1538.332763671875
250482,100,0.51,0.3534184992313385,0.5743822455406189,27.497840881347656,1100.4765625
250483,58,0.5,0.3927634060382843,0.5137835144996643,21.790847778320312,1509.3482666015625
250484,63,0.49206349206349204,0.4190880060195923,0.5158876180648804,23.768892288208008,1546.112548828125
250485,61,0.45901639344262296,0.4572594463825226,0.4640023708343506,22.267017364501953,999.0384521484375
250486,94,0.5425531914893617,0.24331340193748474,0.5334222316741943,23.986743927001953,1101.3045654296875
250487,33,0.48484848484848486,0.29030612111091614,0.5398632287979126,12.235095977783203,728.803955078125
250488,100,0.61,0.23747038841247559,0.42769667506217957,23.182289123535156,1079.6650390625
250489,96,0.5104166666666666,0.3243350684642792,0.49607399106025696,23.249427795410156,1732.90576171875
250490,100,0.65,0.4141966998577118,0.44583871960639954,30.49419593811035,1500.3297119140625
250491,100,0.51,0.19981002807617188,0.5114163160324097,20.34373664855957,1302.1495361328125
250492,100,0.48,0.29634392261505127,0.511845052242279,22.1693115234375,509.0072021484375
250493,69,0.5217391304347826,0.21323589980602264,0.5242279171943665,17.57063865661621,484.79144287109375
250494,100,0.49,0.43677467107772827,0.5259272456169128,25.99795913696289,586.3203735351562
250495,100,0.54,0.017069729045033455,0.4923754632472992,8.1541748046875,1192.4569091796875
250496,75,0.5466666666666666,0.3856797218322754,0.5336541533470154,28.417356491088867,1795.43310546875
250497,100,0.44,-0.03155406564474106,0.4788227081298828,2.978428840637207,1142.10595703125
250498,100,0.5,0.35042479634284973,0.5297064781188965,25.21292495727539,961.6622924804688
250499,39,0.5384615384615384,0.2906309962272644,0.46232467889785767,13.1207857131958,478.04412841796875
250500,81,0.5802469135802469,0.29711827635765076,0.5983964800834656,22.34050750732422,546.7151489257812
250501,25,0.44,0.2418224960565567,0.5396876335144043,4.672733306884766,1655.5345458984375
250502,92,0.5,0.2305910885334015,0.5204763412475586,27.190519332885742,1368.3502197265625
250503,48,0.4583333333333333,0.12923365831375122,0.5033358931541443,11.454554557800293,874.4284057617188
250504,75,0.56,0.35837608575820923,0.5097408890724182,20.609392166137695,1567.2510986328125
250505,40,0.575,0.4412139058113098,0.5158889889717102,17.910030364990234,1963.310546875
250506,52,0.6538461538461539,0.37119221687316895,0.5186720490455627,24.59223175048828,1226.1463623046875
250507,96,0.53125,0.217092365026474,0.5721756219863892,19.4810733795166,1414.357177734375
250508,81,0.5432098765432098,0.30956730246543884,0.5089554190635681,24.466800689697266,1690.278076171875
250509,100,0.53,0.0849529281258583,0.48466914892196655,10.740426063537598,916.1920166015625
250510,53,0.6226415094339622,0.40634170174598694,0.4681127965450287,30.052379608154297,1881.068359375
250511,100,0.52,0.17324091494083405,0.4719153940677643,20.745927810668945,1088.9844970703125
250512,91,0.5164835164835165,0.45497116446495056,0.5481055974960327,23.473819732666016,1118.6812744140625
250513,74,0.5405405405405406,0.4331292510032654,0.5863161683082581,24.427453994750977,633.2420654296875
250514,100,0.54,0.06892066448926926,0.4582996666431427,6.106115341186523,908.6552124023438
250515,72,0.5138888888888888,0.2872357964515686,0.4853714108467102,21.812156677246094,1097.2384033203125
250516,100,0.58,0.2363363653421402,0.47816652059555054,22.812488555908203,984.8887329101562
250517,100,0.53,0.1840658336877823,0.5043814182281494,19.72018814086914,1224.9022216796875
250518,100,0.53,0.27519065141677856,0.48768672347068787,26.6577205657959,1333.2010498046875
250519,100,0.48,-0.04223547503352165,0.5439439415931702,3.5141220092773438,481.2790222167969
250520,100,0.53,0.0970412865281105,0.5122109055519104,18.678010940551758,1867.66259765625
250521,36,0.5277777777777778,0.514885663986206,0.5674410462379456,16.93483543395996,2043.5145263671875
250522,36,0.6388888888888888,0.2998771667480469,0.43148425221443176,20.432580947875977,860.1676635742188
250523,32,0.46875,0.4654945731163025,0.6491578221321106,14.783817291259766,1434.7896728515625
250524,50,0.54,0.028211047872900963,0.5159140825271606,4.338318347930908,1783.8583984375
250525,35,0.7142857142857143,0.16656187176704407,0.5966607332229614,7.536910533905029,686.1920776367188
250526,61,0.5245901639344263,0.22275492548942566,0.5410672426223755,14.063336372375488,1387.83154296875
250527,100,0.56,0.4724733233451843,0.5323373675346375,30.773120880126953,1873.118896484375
250528,67,0.5074626865671642,0.4288651645183563,0.5829920172691345,26.332700729370117,857.5809326171875
250529,100,0.47,0.32263338565826416,0.4992004632949829,25.4797420501709,864.2360229492188
250530,33,0.5757575757575758,0.4126374125480652,0.6556468605995178,10.740815162658691,861.4111328125
250531,49,0.4897959183673469,0.5220960974693298,0.6345316171646118,26.109642028808594,858.7120361328125
250532,100,0.58,0.327587366104126,0.5838311314582825,24.87126922607422,1406.9288330078125
250533,100,0.49,-0.03541862592101097,0.4252694845199585,4.887231349945068,974.0453491210938
250534,76,0.4342105263157895,0.48018181324005127,0.5549585819244385,26.676162719726562,1127.6639404296875
250535,100,0.5,0.33380722999572754,0.5901528000831604,31.99599838256836,347.13299560546875
250536,30,0.5333333333333333,0.34219175577163696,0.5790051817893982,10.264205932617188,1609.8746337890625
250537,57,0.543859649122807,0.39298468828201294,0.5845373868942261,24.66057014465332,972.3953857421875
250538,45,0.4666666666666667,0.24859519302845,0.5582389235496521,10.232815742492676,1952.61865234375
250539,73,0.5616438356164384,0.30311262607574463,0.45025381445884705,18.491491317749023,691.6837158203125
250540,100,0.44,0.13706587255001068,0.5514813661575317,14.343411445617676,1321.671875
250541,31,0.6129032258064516,0.1223883405327797,0.501129150390625,9.417742729187012,1115.0926513671875
250542,34,0.5294117647058824,0.38356196880340576,0.6740425825119019,13.744413375854492,763.8230590820312
250543,52,0.4807692307692308,0.2090264856815338,0.38750824332237244,11.584965705871582,1332.789306640625
250544,30,0.4666666666666667,0.2972187399864197,0.5132989883422852,6.612058639526367,1468.801025390625
250545,94,0.6063829787234043,0.21353457868099213,0.5531497597694397,23.3330078125,842.3810424804688
250546,98,0.4897959183673469,0.2855914533138275,0.4526749849319458,31.147184371948242,926.8321533203125
250547,57,0.47368421052631576,0.2864116430282593,0.48234179615974426,11.778828620910645,1945.567626953125
250548,24,0.625,0.4989006221294403,0.3734993636608124,15.490988731384277,1698.4288330078125
250549,32,0.65625,0.4543180465698242,0.4919624328613281,18.75836944580078,1595.0074462890625
250550,24,0.4166666666666667,0.38999101519584656,0.6474202275276184,7.94354772567749,1138.0631103515625
250551,100,0.44,0.26582327485084534,0.5101734399795532,19.05997085571289,1159.839599609375
250552,84,0.38095238095238093,0.40681585669517517,0.5189327597618103,18.488239288330078,1503.4619140625
250553,100,0.63,0.031503766775131226,0.4389007091522217,12.199808120727539,1393.927001953125
250554,18,0.3888888888888889,0.25368329882621765,0.3669368624687195,4.55496072769165,1324.452392578125
250555,100,0.48,-0.0250480268150568,0.5551289916038513,3.3145787715911865,956.130126953125
250556,100,0.45,0.12251469492912292,0.5964345335960388,10.694753646850586,1566.18017578125
250557,100,0.45,0.1288609653711319,0.5284217596054077,8.111595153808594,965.0462646484375
250558,57,0.45614035087719296,0.39574405550956726,0.5907872915267944,18.59659194946289,2204.564697265625
250559,62,0.4838709677419355,0.40541398525238037,0.6224761009216309,22.615999221801758,980.66259765625
250560,100,0.56,0.21107198297977448,0.4550127685070038,19.69338035583496,2159.111328125
250561,100,0.44,-0.09419677406549454,0.4860038757324219,1.996060848236084,493.7568664550781
250562,100,0.49,0.12412604689598083,0.4903491139411926,12.425553321838379,1083.2030029296875
250563,100,0.41,0.23694416880607605,0.49680912494659424,20.851102828979492,2058.815185546875
250564,92,0.5652173913043478,0.2695297300815582,0.4753407835960388,29.2888240814209,1265.3309326171875
250565,100,0.57,0.2459639012813568,0.5428134799003601,26.59864044189453,1246.2894287109375
250566,23,0.6086956521739131,0.49896857142448425,0.6322591304779053,11.122159957885742,1218.3070068359375
250567,46,0.5869565217391305,0.13935734331607819,0.4635879099369049,10.853349685668945,1497.8714599609375
250568,22,0.5454545454545454,0.21255771815776825,0.39190977811813354,7.288925647735596,1334.0411376953125
250569,45,0.6222222222222222,0.3566470146179199,0.5739874243736267,17.04126739501953,816.6419067382812
250570,20,0.5,0.35916033387184143,0.5671736001968384,5.445836067199707,1611.826904296875
250571,62,0.6290322580645161,0.2307986468076706,0.5291692018508911,16.063152313232422,710.6672973632812
250572,82,0.5121951219512195,0.26698794960975647,0.5337234735488892,23.477317810058594,1512.6107177734375
250573,44,0.5227272727272727,0.49090278148651123,0.4763143062591553,21.44822883605957,1279.3836669921875
250574,100,0.53,0.06411872059106827,0.577463686466217,14.726615905761719,149.05084228515625
250575,32,0.5,0.4303629696369171,0.6591564416885376,12.060150146484375,970.9248657226562
250576,100,0.48,-0.14895738661289215,0.537742018699646,2.4450161457061768,1334.48486328125
250577,100,0.49,-0.30248120427131653,0.4329335391521454,0.8226734399795532,804.0406494140625
250578,24,0.4166666666666667,0.29945483803749084,0.4948239028453827,6.861459255218506,827.8223266601562
250579,97,0.4639175257731959,0.22016841173171997,0.51689612865448,20.964336395263672,1978.834716796875
250580,33,0.48484848484848486,0.16237707436084747,0.6078402996063232,3.4644784927368164,1159.3681640625
250581,45,0.4888888888888889,0.3174723982810974,0.4755968153476715,17.780702590942383,1777.5072021484375
250582,61,0.45901639344262296,0.2339114248752594,0.5587775707244873,9.616207122802734,513.0499267578125
250583,71,0.5211267605633803,0.22645777463912964,0.4611198902130127,18.237028121948242,431.7048645019531
250584,58,0.5172413793103449,0.12355764955282211,0.41574764251708984,11.184476852416992,1245.6375732421875
250585,98,0.5204081632653061,0.29710516333580017,0.5546684861183167,20.86802864074707,1836.2095947265625
250586,100,0.57,-0.19361937046051025,0.47991952300071716,1.3384045362472534,940.4332275390625
250587,100,0.44,-0.22008371353149414,0.525360643863678,2.703378915786743,675.9075927734375
250588,83,0.39759036144578314,-0.0808531790971756,0.5686386823654175,3.2872424125671387,519.0081787109375
250589,100,0.6,0.08407055586576462,0.5771620869636536,9.288470268249512,642.7574462890625
250590,54,0.5185185185185185,0.26600125432014465,0.5263606309890747,17.47464370727539,1858.06494140625
250591,37,0.5135135135135135,0.25199103355407715,0.5678077936172485,14.329627990722656,932.9093627929688
250592,47,0.44680851063829785,0.3100910186767578,0.37065234780311584,14.177175521850586,1244.514404296875
250593,100,0.51,-0.02214648760855198,0.5342552661895752,5.397153377532959,831.4985961914062
250594,100,0.54,0.1467117965221405,0.48194560408592224,18.974563598632812,1391.0093994140625
250595,36,0.6944444444444444,0.09818216413259506,0.5841467380523682,6.651291370391846,787.242919921875
250596,55,0.6545454545454545,0.2585650682449341,0.5613577961921692,17.91250228881836,1452.6708984375
250597,19,0.631578947368421,0.29163846373558044,0.46524524688720703,7.2816057205200195,1595.4482421875
250598,100,0.47,0.10171287506818771,0.5331300497055054,9.860106468200684,1272.161865234375
250599,100,0.48,-0.1120324432849884,0.5474328398704529,7.634288311004639,1119.3031005859375
250600,100,0.5,-0.13186196982860565,0.5191366076469421,2.7056403160095215,1474.13037109375
250601,67,0.5074626865671642,0.47463297843933105,0.5173234939575195,24.92253303527832,1700.5052490234375
250602,94,0.5425531914893617,0.1653406172990799,0.49708500504493713,17.420257568359375,1326.277099609375
250603,100,0.61,0.05530891567468643,0.5109909772872925,15.169211387634277,1136.583984375
250604,100,0.41,-0.08247648924589157,0.44141700863838196,6.276843070983887,1410.707275390625
250605,97,0.5051546391752577,0.2374037206172943,0.4489687979221344,23.82859992980957,1512.3289794921875
250606,100,0.45,-0.17043344676494598,0.3968123495578766,1.5369561910629272,908.2117919921875
250607,100,0.44,-0.2791006565093994,0.5119179487228394,1.0013868808746338,1192.504150390625
250608,100,0.4,0.06038994342088699,0.5146484971046448,6.348896503448486,1229.94873046875
250609,100,0.51,-0.14494989812374115,0.4648555517196655,2.310452461242676,588.3272094726562
250610,100,0.5,-0.21028123795986176,0.508362352848053,2.4122390747070312,724.99462890625
250611,36,0.5833333333333334,0.34184277057647705,0.5401909947395325,15.467926025390625,1118.0760498046875
250612,18,0.5555555555555556,0.25178083777427673,0.696452260017395,4.472192764282227,1689.71630859375
250613,68,0.5735294117647058,0.2547737658023834,0.48146969079971313,16.286283493041992,1802.4676513671875
250614,100,0.52,-0.08154907822608948,0.5624432563781738,3.4410672187805176,1338.739990234375
250615,13,0.6923076923076923,0.22101658582687378,0.2615857720375061,7.215856075286865,946.608154296875
250616,100,0.52,-0.009646454825997353,0.49240437150001526,5.048923015594482,874.107177734375
250617,92,0.4891304347826087,0.011781792156398296,0.5184417963027954,11.376994132995605,886.4462280273438
250618,51,0.5686274509803921,0.15411311388015747,0.4270080626010895,8.704973220825195,1088.655029296875
250619,41,0.6097560975609756,0.08538305014371872,0.4962517321109772,8.547511100769043,831.4529418945312
250620,79,0.5569620253164557,-0.048888131976127625,0.5406080484390259,5.427072048187256,711.1162109375
250621,100,0.56,-0.14482271671295166,0.5351159572601318,1.5438923835754395,1249.2091064453125
250622,21,0.7142857142857143,0.23866328597068787,0.49400052428245544,5.673318386077881,1721.736083984375
250623,100,0.55,-0.3182631731033325,0.5774456858634949,0.7475855946540833,1189.6680908203125
250624,90,0.5666666666666667,0.2356947511434555,0.49880486726760864,16.19315528869629,1103.3372802734375
250625,100,0.48,-0.12888012826442719,0.4847326874732971,2.428356170654297,1074.87744140625
250626,100,0.42,-0.18173038959503174,0.523913562297821,1.1616343259811401,373.2514343261719
250627,100,0.56,-0.10867109149694443,0.4611837565898895,5.733755111694336,1354.1031494140625
250628,100,0.49,-0.2936255931854248,0.5193601250648499,0.9703214764595032,1494.5946044921875
250629,100,0.45,-0.24681627750396729,0.49088039994239807,2.237203359603882,1035.3299560546875
250630,21,0.42857142857142855,0.27138379216194153,0.40616223216056824,2.8736917972564697,1687.435302734375
250631,70,0.5571428571428572,-0.1346595734357834,0.4145176112651825,3.664644479751587,1772.218017578125
250632,100,0.55,-0.14964398741722107,0.5144869685173035,2.1127309799194336,351.8933410644531
250633,34,0.5,0.3073280155658722,0.5590524077415466,9.297728538513184,1161.823486328125
250634,100,0.44,-0.2856036424636841,0.5608097910881042,2.047210931777954,438.0477294921875
250635,100,0.45,-0.24489063024520874,0.5220197439193726,1.1308259963989258,603.3303833007812
250636,100,0.37,-0.17021383345127106,0.553744375705719,1.3088382482528687,526.6298217773438
250637,100,0.52,-0.2614832818508148,0.4580610692501068,0.7124786376953125,1386.1265869140625
250638,100,0.48,-0.15201570093631744,0.507174551486969,4.437710762023926,539.8970336914062
250639,100,0.5,-0.29873761534690857,0.5042403340339661,1.0305367708206177,812.75341796875
250640,100,0.48,-0.2254784256219864,0.5651522278785706,1.4560269117355347,212.6648406982422
250641,11,0.2727272727272727,0.16490158438682556,0.6867415904998779,2.0306594371795654,1175.908447265625
250642,39,0.5384615384615384,0.2691890299320221,0.6214545965194702,14.871079444885254,1257.911865234375
250643,100,0.55,-0.15026572346687317,0.4906463623046875,2.877565622329712,1166.126708984375
250644,100,0.58,0.03779978305101395,0.5134338736534119,9.273375511169434,1173.048828125
250645,100,0.54,-0.011732141487300396,0.49473506212234497,8.279417991638184,520.1650390625
250646,91,0.5934065934065934,-0.09365450590848923,0.5051644444465637,4.716880798339844,393.42431640625
250647,100,0.53,-0.16392289102077484,0.46664363145828247,1.823544979095459,1210.169189453125
250648,98,0.5408163265306123,0.14518210291862488,0.5432685613632202,15.940055847167969,2008.511962890625
250649,100,0.52,-0.32596078515052795,0.49883297085762024,0.9044957160949707,1304.3753662109375
250650,30,0.5333333333333333,0.3114131987094879,0.4667487144470215,10.367952346801758,1556.8212890625
250651,26,0.5,-0.2387281060218811,0.5691184401512146,0.48444727063179016,1713.7071533203125
250652,100,0.44,-0.1525639444589615,0.5517041087150574,2.597654104232788,925.0005493164062
250653,100,0.5,-0.1595279574394226,0.5409586429595947,2.1421420574188232,1025.4385986328125
250654,100,0.47,-0.04349055141210556,0.468134343624115,4.127470016479492,886.8434448242188
250655,100,0.58,0.042521171271800995,0.5325520634651184,9.5394287109375,493.5877380371094
250656,100,0.57,0.13691794872283936,0.5116390585899353,19.758543014526367,1042.510986328125
250657,100,0.57,-0.2736932933330536,0.4140256941318512,1.2951757907867432,674.4354248046875
250658,100,0.52,-0.07402880489826202,0.47644197940826416,3.8786780834198,662.4522705078125
250659,100,0.48,-0.0502263642847538,0.5455946326255798,5.6578450202941895,1036.9190673828125
250660,26,0.38461538461538464,0.11932897567749023,0.48966526985168457,5.095576286315918,1267.383056640625
250661,100,0.47,-0.25044363737106323,0.5392751693725586,2.1467936038970947,139.6182403564453
250662,28,0.35714285714285715,-0.3109079599380493,0.4688158631324768,1.381861686706543,1327.2857666015625
250663,100,0.51,-0.09202641993761063,0.48512789607048035,2.9029910564422607,821.0120239257812
250664,58,0.46551724137931033,0.2893604338169098,0.57768714427948,20.61016273498535,1260.7384033203125
250665,69,0.4927536231884058,0.041468389332294464,0.45834022760391235,5.547588348388672,644.4061889648438
250666,100,0.46,-0.06946133077144623,0.5029296278953552,3.117323398590088,1621.135498046875
250667,100,0.59,0.04028382524847984,0.49174565076828003,13.083642959594727,668.5513305664062
250668,100,0.57,-0.1278536170721054,0.4209558367729187,2.152930498123169,888.7593383789062
250669,100,0.51,-0.08403169363737106,0.49592357873916626,4.106752395629883,956.1770629882812
250670,17,0.4117647058823529,0.27659231424331665,0.5401654839515686,5.704473972320557,1151.19482421875
250671,47,0.6170212765957447,0.3193216919898987,0.4760434329509735,16.49864387512207,1549.3990478515625
250672,72,0.4722222222222222,0.15058903396129608,0.5124083757400513,11.530617713928223,2043.292236328125
250673,44,0.4772727272727273,0.00503205182030797,0.46603527665138245,1.7537376880645752,1951.0653076171875
250674,21,0.5714285714285714,0.22955720126628876,0.5783128142356873,6.048224449157715,1432.731689453125
250675,35,0.4857142857142857,0.4060945510864258,0.46899497509002686,12.768610954284668,1447.527099609375
250676,65,0.46153846153846156,0.42532408237457275,0.5642616152763367,24.21377944946289,1509.05908203125
250677,100,0.49,-0.09990168362855911,0.5245991945266724,2.9998579025268555,1223.65185546875
250678,9,0.6666666666666666,0.10445476323366165,0.6195272207260132,3.2264909744262695,1906.3438720703125
250679,45,0.5111111111111111,0.36310875415802,0.4654131233692169,18.4892520904541,1858.9000244140625
250680,49,0.5918367346938775,-0.04027722775936127,0.4734498858451843,5.994199752807617,523.1838989257812
250681,66,0.6212121212121212,0.1852865070104599,0.4486593008041382,17.253625869750977,1052.903564453125
250682,42,0.6428571428571429,0.3449550271034241,0.5735302567481995,15.1775484085083,1549.685302734375
250683,100,0.48,-0.10731533914804459,0.5089440941810608,1.3661143779754639,875.8191528320312
250684,100,0.44,0.07972054183483124,0.5319347977638245,12.247803688049316,784.505126953125
250685,100,0.53,-0.2597719132900238,0.5458751320838928,2.008557081222534,1437.3958740234375
250686,57,0.543859649122807,0.17947082221508026,0.5608913898468018,13.48520565032959,362.9562683105469
250687,100,0.44,-0.006767484359443188,0.434219628572464,7.339555263519287,496.9314270019531
250688,100,0.54,-0.1497945636510849,0.4881681501865387,3.800924062728882,729.4609375
250689,100,0.49,-0.09020400792360306,0.5241491794586182,2.951683759689331,1466.1798095703125
250690,100,0.54,0.0036531323567032814,0.5239071846008301,8.454935073852539,236.25401306152344
250691,46,0.5434782608695652,0.3856998682022095,0.47701454162597656,16.207609176635742,1458.9847412109375
250692,63,0.6349206349206349,0.1592172086238861,0.46816787123680115,19.083728790283203,756.1177978515625
250693,100,0.51,-0.17406490445137024,0.4684562385082245,3.2483367919921875,1185.783447265625
250694,100,0.46,-0.05738994479179382,0.48181813955307007,4.397228240966797,1563.0535888671875
250695,80,0.6,0.25717803835868835,0.5476969480514526,22.864927291870117,237.27635192871094
250696,43,0.6511627906976745,0.2511991560459137,0.5253156423568726,12.50344467163086,488.6835632324219
250697,100,0.49,-0.06497447192668915,0.4777822196483612,5.331272125244141,1306.1717529296875
250698,66,0.5606060606060606,0.142014741897583,0.5728433132171631,10.232742309570312,1113.1722412109375
250699,100,0.52,0.04231483116745949,0.49247822165489197,7.836454391479492,899.7630004882812
250700,49,0.5918367346938775,0.40162381529808044,0.4639808237552643,20.417144775390625,2066.84716796875
250701,100,0.43,0.031092438846826553,0.4978265166282654,4.353641510009766,509.5679016113281
250702,100,0.45,0.02735143154859543,0.47082605957984924,3.288747549057007,990.9464721679688
250703,50,0.38,0.34536972641944885,0.46620631217956543,15.779369354248047,1409.5599365234375
250704,100,0.48,0.10254455357789993,0.5035988092422485,12.850042343139648,553.605712890625
250705,49,0.4897959183673469,0.12289369106292725,0.5447767972946167,9.18669605255127,780.4341430664062
250706,100,0.59,0.12130287289619446,0.49030470848083496,14.008901596069336,1216.4515380859375
250707,100,0.52,0.061869774013757706,0.5031934380531311,11.655933380126953,590.467041015625
250708,25,0.72,0.18092471361160278,0.4212748110294342,8.444164276123047,1066.6123046875
250709,52,0.6538461538461539,0.3565141558647156,0.6305962800979614,23.942293167114258,1774.015869140625
250710,80,0.575,0.19660702347755432,0.48951390385627747,21.012989044189453,951.0027465820312
250711,44,0.6363636363636364,0.19790656864643097,0.6483163237571716,15.549381256103516,1379.3626708984375
250712,33,0.24242424242424243,0.06167522445321083,0.5055795311927795,5.00959587097168,1226.3675537109375
250713,90,0.5888888888888889,0.15680891275405884,0.4415666162967682,20.65505027770996,2162.63427734375
250714,4,0.75,0.6037581562995911,0.7449105978012085,5.426261901855469,1880.8656005859375
250715,77,0.44155844155844154,0.3383502662181854,0.441861629486084,22.98678207397461,860.388427734375
250716,100,0.42,0.17468860745429993,0.5033029317855835,22.967599868774414,1516.77099609375
250717,100,0.5,-0.1485271006822586,0.5582117438316345,1.71189546585083,1184.8446044921875
250718,74,0.581081081081081,0.2504023313522339,0.47130221128463745,19.201950073242188,1310.096923828125
250719,50,0.48,0.40429019927978516,0.4642045795917511,16.447471618652344,1509.3377685546875
250720,68,0.6617647058823529,-0.040239907801151276,0.45828840136528015,3.776743173599243,1567.4854736328125
250721,22,0.5454545454545454,0.5952315330505371,0.39759939908981323,11.834177017211914,1043.982666015625
250722,38,0.5789473684210527,0.450274258852005,0.49262186884880066,20.43800163269043,1216.157958984375
250723,31,0.45161290322580644,0.5827654600143433,0.44914117455482483,14.918082237243652,1239.08251953125
250724,70,0.5857142857142857,0.3619837760925293,0.5148792266845703,23.176496505737305,942.3419799804688
250725,63,0.5238095238095238,0.23517359793186188,0.5156786441802979,13.435323715209961,761.3158569335938
250726,53,0.5660377358490566,0.41420671343803406,0.5789761543273926,24.17241096496582,996.2659912109375
250727,100,0.39,0.0545981302857399,0.4587317407131195,6.824972629547119,1802.7646484375
250728,34,0.5,0.2845824956893921,0.4570085406303406,9.790019035339355,2186.42822265625
250729,37,0.5675675675675675,0.6164097785949707,0.4692867696285248,24.1019344329834,827.6650390625
250730,32,0.5625,0.20274615287780762,0.572810173034668,6.164627552032471,1780.5662841796875
250731,23,0.4782608695652174,0.21231287717819214,0.4485858678817749,3.3829402923583984,1447.2757568359375
250732,100,0.46,0.11048892140388489,0.5730900764465332,13.033486366271973,1036.7027587890625
250733,46,0.5869565217391305,0.0348077118396759,0.5216994881629944,8.431910514831543,1875.5010986328125
250734,100,0.48,0.18775717914104462,0.4626513123512268,11.803894996643066,718.3076171875
250735,100,0.45,-0.10267053544521332,0.44412001967430115,1.9841159582138062,747.29833984375
250736,30,0.6,0.3228073716163635,0.3829458951950073,14.002242088317871,1052.246826171875
250737,100,0.47,-0.23106595873832703,0.4795931279659271,1.275826096534729,775.5078735351562
250738,100,0.54,0.30694183707237244,0.47543686628341675,27.743074417114258,1303.922607421875
250739,100,0.5,-0.0396377332508564,0.4285222291946411,2.6219606399536133,1021.8989868164062
250740,20,0.8,-0.016635052859783173,0.3815529942512512,1.9439386129379272,849.3240356445312
250741,65,0.5692307692307692,0.1941053867340088,0.42361217737197876,13.718080520629883,801.28857421875
250742,100,0.54,-0.19737185537815094,0.5272428393363953,1.654219388961792,885.6683959960938
250743,100,0.53,0.004695279989391565,0.5188125967979431,8.691896438598633,969.4576416015625
250744,66,0.4696969696969697,0.25900426506996155,0.44242754578590393,15.893875122070312,841.6019287109375
250745,21,0.5714285714285714,0.17032380402088165,0.5140594244003296,5.438968658447266,1096.0828857421875
250746,100,0.48,-0.07006320357322693,0.4932306706905365,2.972536087036133,794.5831909179688
250747,100,0.46,0.0068792798556387424,0.5455894470214844,11.691645622253418,1378.3382568359375
250748,100,0.49,-0.18127159774303436,0.4746726453304291,2.4307620525360107,386.5013732910156
250749,100,0.58,-0.20835669338703156,0.5680267214775085,1.6622765064239502,1845.15185546875
250750,100,0.48,-0.22045813500881195,0.5178074240684509,1.630759596824646,1067.6826171875
250751,100,0.53,-0.02137906663119793,0.4621776044368744,7.285960674285889,976.3013916015625
250752,27,0.5555555555555556,0.08447254449129105,0.5385770797729492,4.94433069229126,1900.2679443359375
250753,100,0.47,-0.15431690216064453,0.49713268876075745,3.444018602371216,430.53472900390625
250754,100,0.51,-0.1379072368144989,0.4757191836833954,1.9295856952667236,993.2479858398438
250755,47,0.5319148936170213,0.05102092772722244,0.5004582405090332,8.080673217773438,1795.1539306640625
250756,41,0.5609756097560976,0.18573670089244843,0.3851769268512726,7.596872329711914,1107.035400390625
250757,31,0.45161290322580644,0.43552520871162415,0.5179328322410583,13.278252601623535,1456.3277587890625
250758,100,0.38,-0.18984095752239227,0.5196945667266846,3.5739192962646484,426.3868103027344
250759,94,0.5851063829787234,0.07657713443040848,0.4616950452327728,13.673046112060547,843.481201171875
250760,100,0.44,-0.05568733438849449,0.541289210319519,7.568455696105957,759.0784301757812
250761,100,0.59,-0.04833387956023216,0.48198387026786804,2.941584587097168,438.3037109375
250762,100,0.49,0.09421563893556595,0.44796380400657654,9.649369239807129,700.0839233398438
250763,45,0.5111111111111111,0.2401459664106369,0.5261944532394409,9.870108604431152,1093.4862060546875
250764,50,0.46,-0.1514599770307541,0.4701448380947113,1.560320258140564,1217.03125
250765,100,0.58,-0.06690371781587601,0.48277273774147034,3.5640244483947754,460.8293762207031
250766,100,0.56,-0.1492067128419876,0.5588254928588867,2.172513961791992,1440.1719970703125
250767,100,0.5,0.07813796401023865,0.5506122708320618,10.485942840576172,282.82147216796875
250768,100,0.5,-0.26391175389289856,0.5831749439239502,1.4308663606643677,621.8553466796875
250769,10,0.5,0.3515748381614685,0.6089528799057007,5.290318489074707,1568.7740478515625
250770,33,0.5151515151515151,0.06433810293674469,0.48152267932891846,3.430814743041992,1105.454345703125
250771,100,0.52,0.07611075043678284,0.5274866819381714,10.808932304382324,931.815185546875
250772,100,0.45,0.07991429418325424,0.4958055913448334,17.666879653930664,1352.09130859375
250773,51,0.49019607843137253,0.2956150770187378,0.4317164719104767,16.944591522216797,1099.8319091796875
250774,20,0.6,0.5383151173591614,0.6239689588546753,12.250228881835938,782.7492065429688
250775,58,0.5344827586206896,0.262817919254303,0.4606263339519501,23.426591873168945,789.0082397460938
250776,71,0.6056338028169014,0.22022613883018494,0.47890618443489075,19.342445373535156,615.0415649414062
250777,100,0.53,0.12380048632621765,0.43964311480522156,18.82061195373535,1183.86279296875
250778,44,0.5454545454545454,0.30438321828842163,0.398627907037735,15.382379531860352,955.8766479492188
250779,28,0.6428571428571429,0.45286476612091064,0.5219641327857971,17.041156768798828,1482.53125
250780,12,0.6666666666666666,0.27294009923934937,0.5172024369239807,4.871700763702393,891.815185546875
250781,83,0.4939759036144578,0.15430805087089539,0.5944772362709045,21.546958923339844,1519.3546142578125
250782,100,0.55,0.042693570256233215,0.41126078367233276,5.2952070236206055,426.83978271484375
250783,100,0.52,-0.12129107862710953,0.5598233342170715,6.489437103271484,425.30950927734375
250784,100,0.39,-0.008164727129042149,0.5392242074012756,5.8795485496521,1099.82666015625
250785,100,0.54,-0.006369336973875761,0.4464161992073059,5.215598106384277,683.85693359375
250786,100,0.5,-0.1144082248210907,0.45954158902168274,1.9780861139297485,1220.6856689453125
250787,76,0.5921052631578947,0.10374163836240768,0.5278719067573547,7.518192291259766,1379.2156982421875
250788,41,0.6341463414634146,0.271083265542984,0.5493265986442566,13.588617324829102,1943.251708984375
250789,18,0.7777777777777778,0.31684407591819763,0.5519925355911255,8.516620635986328,1356.551025390625
250790,100,0.52,-0.03059244528412819,0.4948790371417999,7.821168422698975,1012.6395263671875
250791,100,0.36,-0.11559299379587173,0.5153161287307739,2.1325795650482178,938.8241577148438
250792,100,0.58,0.06499465554952621,0.41817647218704224,14.01135540008545,919.3389282226562
250793,100,0.51,0.1301983743906021,0.4786577522754669,16.225994110107422,757.60009765625
250794,100,0.47,0.0777403935790062,0.5749847292900085,9.710882186889648,901.2884521484375
250795,100,0.45,0.11667067557573318,0.4495645761489868,19.975627899169922,780.1685791015625
250796,100,0.45,0.1197545975446701,0.4424913823604584,14.684253692626953,448.091552734375
250797,25,0.48,0.32934853434562683,0.6509892344474792,6.059557914733887,912.6198120117188
250798,57,0.5964912280701754,0.3002051115036011,0.5116702914237976,20.211997985839844,843.61279296875
250799,86,0.5348837209302325,0.20892076194286346,0.43831729888916016,26.974140167236328,1188.921875
250800,69,0.5797101449275363,0.2036915272474289,0.5495745539665222,17.420013427734375,1257.35986328125
250801,61,0.5901639344262295,0.2563914954662323,0.4360756576061249,16.451658248901367,764.87646484375
250802,100,0.47,0.09528311342000961,0.45460444688796997,14.997086524963379,281.24261474609375
250803,20,0.55,0.3234272301197052,0.5214647054672241,7.30621862411499,1122.0335693359375
250804,100,0.56,-0.0983152911067009,0.5858179330825806,4.949764251708984,1293.1661376953125
250805,80,0.575,0.2235969603061676,0.5037398934364319,27.841934204101562,1363.0084228515625
250806,45,0.5111111111111111,0.22517243027687073,0.48997020721435547,12.204851150512695,1451.3636474609375
250807,100,0.47,0.10260279476642609,0.4859757423400879,15.048696517944336,938.9314575195312
250808,29,0.7931034482758621,0.19698932766914368,0.47536101937294006,9.041751861572266,1110.4117431640625
250809,100,0.44,0.1421520709991455,0.4590824544429779,16.409805297851562,904.9108276367188
250810,74,0.4594594594594595,0.1659613847732544,0.5059580206871033,16.52979850769043,1230.446044921875
250811,57,0.5263157894736842,0.1963009089231491,0.4934869706630707,10.37232494354248,1665.93798828125
250812,23,0.6086956521739131,-0.023675620555877686,0.5407243371009827,4.808456897735596,915.2318115234375
250813,22,0.5,0.04062366485595703,0.569942831993103,2.170389175415039,1806.40673828125
250814,54,0.5185185185185185,0.20680955052375793,0.5350827574729919,18.744009017944336,191.07913208007812
250815,100,0.51,-0.06509732455015182,0.49913468956947327,5.443082332611084,1641.18359375
250816,100,0.49,-0.12738412618637085,0.6042253971099854,2.696751117706299,911.1919555664062
250817,46,0.4782608695652174,0.2010316401720047,0.5071775913238525,9.873480796813965,832.899658203125
250818,100,0.51,0.00661877216771245,0.5162196159362793,6.250448226928711,902.5027465820312
250819,100,0.46,-0.14690449833869934,0.5258821845054626,3.5644164085388184,1802.7679443359375
250820,100,0.43,-0.1930002123117447,0.48371821641921997,2.252685070037842,610.6183471679688
250821,100,0.46,-0.21053960919380188,0.545518696308136,1.2964500188827515,866.9290161132812
250822,100,0.48,-0.07361683994531631,0.4834260940551758,3.383319139480591,1199.9736328125
250823,100,0.48,-0.10561708360910416,0.4309237599372864,3.279693603515625,940.300537109375
250824,100,0.55,-0.05137616768479347,0.5261984467506409,5.697137832641602,1021.4977416992188
250825,100,0.52,-0.11895447224378586,0.4933570325374603,3.14511775970459,452.5126953125
250826,61,0.47540983606557374,0.14493685960769653,0.509274959564209,10.609695434570312,355.8247375488281
250827,100,0.51,-0.13178041577339172,0.4977429509162903,2.160287380218506,1123.8214111328125
250828,100,0.47,-0.1864653080701828,0.4707986116409302,1.4408373832702637,731.5036010742188
250829,100,0.5,-0.10807011276483536,0.4629778265953064,3.8880505561828613,1496.61474609375
250830,21,0.5714285714285714,0.25871387124061584,0.6205162405967712,9.92613697052002,728.2692260742188
250831,100,0.43,0.042175211012363434,0.4478273093700409,9.598913192749023,1687.10302734375
250832,100,0.53,-0.02551277168095112,0.49154412746429443,9.02633285522461,1162.679443359375
250833,47,0.5531914893617021,0.3071334660053253,0.604034960269928,16.075761795043945,1944.1346435546875
250834,17,0.7647058823529411,0.422885000705719,0.4164620637893677,8.525090217590332,650.950439453125
250835,100,0.55,0.03005511499941349,0.5673777461051941,10.72873306274414,745.7535400390625
250836,56,0.44642857142857145,0.19497069716453552,0.5057211518287659,13.20769214630127,1411.736083984375
250837,100,0.41,-0.02111549861729145,0.4491390287876129,3.920480251312256,410.9379577636719
250838,100,0.55,-0.04350126534700394,0.44704827666282654,8.181036949157715,494.708984375
250839,100,0.51,-0.02298317663371563,0.4729984402656555,7.69295597076416,442.75787353515625
250840,100,0.53,-0.04987456649541855,0.5017581582069397,4.595637321472168,1283.3026123046875
250841,24,0.4583333333333333,0.3122573792934418,0.5008336305618286,7.394331455230713,552.4321899414062
250842,24,0.5833333333333334,0.130985289812088,0.33380651473999023,4.123752117156982,1189.237060546875
250843,100,0.52,0.002367942361161113,0.47958508133888245,7.964323043823242,1309.0552978515625
250844,23,0.43478260869565216,0.4184236526489258,0.5242979526519775,8.015822410583496,1017.2470703125
250845,11,0.45454545454545453,0.5325227975845337,0.40304794907569885,6.931511402130127,778.2369384765625
250846,100,0.48,0.054664041846990585,0.5296367406845093,15.134367942810059,1208.7166748046875
250847,100,0.52,-0.05882907658815384,0.5486447811126709,5.190774917602539,524.4884033203125
250848,60,0.5,0.20084722340106964,0.4487026631832123,10.679272651672363,1348.6185302734375
250849,100,0.52,0.00020459179359022528,0.5130805969238281,6.827549457550049,741.6861572265625
250850,19,0.5789473684210527,-0.17243610322475433,0.44250568747520447,0.7478567361831665,1495.3145751953125
250851,100,0.48,-0.0432601124048233,0.5084608793258667,7.455991268157959,553.1304931640625
250852,100,0.48,0.0016532018780708313,0.4900047183036804,5.4894700050354,811.1343383789062
250853,65,0.49230769230769234,0.044792287051677704,0.5074875950813293,5.0334792137146,730.3580322265625
250854,94,0.5531914893617021,0.10400279611349106,0.4936235845088959,9.485711097717285,314.54962158203125
250855,100,0.5,-0.16122250258922577,0.48167967796325684,1.246760368347168,440.27142333984375
250856,100,0.57,-0.17123915255069733,0.5480425357818604,2.6124463081359863,525.1676025390625
250857,100,0.44,-0.09375596791505814,0.5412224531173706,3.055936574935913,516.7036743164062
250858,100,0.63,-0.1287904530763626,0.5467294454574585,3.994352340698242,457.1082763671875
250859,100,0.53,-0.05944003537297249,0.5338382720947266,4.997276782989502,1379.0355224609375
250860,100,0.43,-0.07127144932746887,0.4221208691596985,3.2520880699157715,979.1203002929688
250861,100,0.61,-0.11451517045497894,0.5207849740982056,2.700791358947754,316.9432678222656
250862,100,0.42,-0.19738994538784027,0.4900744557380676,1.1537766456604004,514.2350463867188
250863,100,0.46,-0.04771200567483902,0.511590838432312,3.734307289123535,984.4147338867188
250864,3,0.6666666666666666,0.773577094078064,0.640295147895813,3.0411980152130127,1637.085693359375
250865,100,0.51,-0.07890838384628296,0.5668690204620361,4.078202247619629,382.4075012207031
250866,100,0.48,-0.09231779724359512,0.5106543898582458,4.464277267456055,489.2302551269531
250867,100,0.5,0.059660978615283966,0.44692662358283997,5.606659412384033,1018.2634887695312
250868,100,0.48,-0.08202363550662994,0.613832414150238,2.1841275691986084,1195.528564453125
250869,20,0.55,0.29345929622650146,0.46335160732269287,6.489576816558838,667.827880859375
250870,100,0.49,-0.0459052212536335,0.42249149084091187,4.926675319671631,729.2286376953125
250871,100,0.53,-0.05178616940975189,0.47325706481933594,6.779000759124756,946.6951293945312
250872,100,0.55,-0.07317855954170227,0.46871820092201233,4.059828281402588,765.420654296875
250873,72,0.4722222222222222,0.010206155478954315,0.5511333346366882,6.260821342468262,490.7109069824219
250874,100,0.51,-0.14084620773792267,0.5472313761711121,1.9933500289916992,649.1364135742188
250875,53,0.5094339622641509,0.013378739356994629,0.5384865403175354,7.650307655334473,1522.047607421875
250876,100,0.5,0.06307215243577957,0.458846777677536,19.52040672302246,667.3831787109375
250877,100,0.36,-0.14155814051628113,0.5570880174636841,4.337191581726074,1498.134765625
250878,100,0.54,-0.02878747135400772,0.5206550359725952,3.696681499481201,1442.896240234375
250879,76,0.618421052631579,0.13266901671886444,0.4051940143108368,12.108108520507812,605.3535766601562
250880,83,0.6385542168674698,0.11218985915184021,0.4501047134399414,9.57236385345459,1591.2027587890625
250881,100,0.56,0.055240511894226074,0.5138278007507324,8.530858993530273,745.6263427734375
250882,100,0.57,0.08743268251419067,0.44318053126335144,12.547815322875977,1000.34130859375
250883,61,0.6229508196721312,0.20439413189888,0.4143765866756439,13.043662071228027,829.3101196289062
250884,30,0.5333333333333333,0.18928636610507965,0.43371888995170593,5.855306625366211,1569.048095703125
250885,100,0.5,-0.1545351892709732,0.5979515910148621,1.9819743633270264,981.88916015625
250886,53,0.6226415094339622,-0.0023978424724191427,0.5885263681411743,12.420632362365723,236.80335998535156
250887,100,0.53,0.06063574180006981,0.5140689611434937,20.212589263916016,491.75836181640625
250888,100,0.43,-0.062059663236141205,0.5874699950218201,2.768709659576416,1282.3770751953125
250889,74,0.5,0.11592414230108261,0.4886043071746826,9.78329086303711,1200.4559326171875
250890,100,0.48,-0.0037636347115039825,0.47845518589019775,5.739676475524902,748.754638671875
250891,100,0.44,0.17079977691173553,0.4906757175922394,29.013765335083008,1200.3770751953125
250892,95,0.5157894736842106,-0.03542249649763107,0.45845362544059753,4.5955281257629395,2099.777099609375
250893,55,0.41818181818181815,0.14930112659931183,0.44281333684921265,5.811713218688965,1283.5916748046875
250894,100,0.52,-0.0024439783301204443,0.5387933254241943,5.703375339508057,370.5311279296875
250895,100,0.46,-0.11437596380710602,0.44974154233932495,1.4294066429138184,655.6985473632812
250896,100,0.47,-0.06189670413732529,0.44241610169410706,5.963923454284668,707.6698608398438
250897,82,0.5487804878048781,0.004368636291474104,0.45488908886909485,5.316553115844727,1382.8267822265625
250898,100,0.47,0.020677413791418076,0.5362170338630676,4.299465656280518,182.40135192871094
250899,68,0.4264705882352941,0.27278316020965576,0.5257202386856079,10.180753707885742,1223.4591064453125
250900,100,0.42,0.09703128784894943,0.5263799428939819,10.274012565612793,266.5042724609375
250901,100,0.54,-0.1128995344042778,0.5776377320289612,2.2231743335723877,1123.3658447265625
250902,100,0.52,0.09866693615913391,0.46455323696136475,6.5871076583862305,225.4709930419922
250903,100,0.52,-0.2825341522693634,0.5264845490455627,1.728800654411316,1198.2431640625
250904,51,0.5686274509803921,-0.039323464035987854,0.4842667579650879,4.485638618469238,655.5064697265625
250905,100,0.45,-0.03607868403196335,0.5365006327629089,3.0087039470672607,608.884521484375
250906,100,0.62,-0.09414788335561752,0.4792605936527252,2.5443150997161865,1578.1220703125
250907,100,0.51,0.06889704614877701,0.4938267767429352,8.948212623596191,268.92523193359375
250908,100,0.54,0.05729129910469055,0.4859434962272644,9.121223449707031,211.8660125732422
250909,100,0.51,0.04551911726593971,0.49385833740234375,8.465571403503418,777.930908203125
250910,100,0.47,-0.1120079904794693,0.49509671330451965,3.6811447143554688,1446.1695556640625
250911,100,0.54,0.23557449877262115,0.53553706407547,23.400741577148438,1192.39013671875
250912,100,0.46,-0.07761397212743759,0.4433631896972656,2.099750280380249,929.0443115234375
250913,100,0.48,-0.04669885337352753,0.5266843438148499,7.521600246429443,1032.5267333984375
250914,100,0.47,-0.02246139384806156,0.552081286907196,3.4130239486694336,560.5309448242188
250915,100,0.55,0.062084488570690155,0.46864402294158936,6.780738353729248,675.9494018554688
250916,100,0.51,-0.02981676161289215,0.5096278190612793,5.971002101898193,615.83349609375
250917,40,0.625,-0.05230144411325455,0.6828652620315552,3.82141375541687,322.9820861816406
250918,100,0.5,0.08051066100597382,0.556485116481781,11.24046516418457,868.320068359375
250919,100,0.52,0.043112561106681824,0.5015532970428467,8.306192398071289,330.88751220703125
250920,100,0.47,0.027872849255800247,0.47363442182540894,12.071264266967773,427.41851806640625
250921,15,0.6666666666666666,-0.05629477649927139,0.7467538118362427,2.8199446201324463,1100.534423828125
250922,100,0.42,-0.0900382474064827,0.45984941720962524,3.140951633453369,1122.689697265625
250923,100,0.52,0.0034529154654592276,0.4535037577152252,5.644562244415283,787.9840087890625
250924,100,0.51,-0.009984173811972141,0.5148302316665649,10.100053787231445,796.4840087890625
250925,100,0.47,-0.16129498183727264,0.5360826849937439,1.7732229232788086,677.0165405273438
250926,59,0.5254237288135594,0.1761644035577774,0.5072346925735474,17.106739044189453,934.2984008789062
250927,100,0.53,-0.051527585834264755,0.5068506002426147,3.733172655105591,899.0904541015625
250928,100,0.49,0.05230814591050148,0.5223813652992249,4.973620414733887,448.19598388671875
250929,100,0.48,-0.04993407055735588,0.5093668699264526,7.247406005859375,626.3970336914062
250930,49,0.6326530612244898,0.15803579986095428,0.41268354654312134,10.776484489440918,819.7296142578125
250931,100,0.48,-0.0030278314370661974,0.4808844327926636,4.435896873474121,1132.324462890625
250932,100,0.42,0.060229651629924774,0.48518097400665283,5.1465678215026855,224.9589080810547
250933,100,0.56,-0.04158740118145943,0.49851739406585693,6.947527885437012,173.35617065429688
250934,100,0.5,-0.007163630798459053,0.6201896667480469,4.51323127746582,247.56008911132812
250935,86,0.4186046511627907,-0.2825661897659302,0.5230543613433838,0.8853232860565186,829.6735229492188
250936,100,0.53,0.10396817326545715,0.5687615275382996,8.194875717163086,526.943115234375
250937,100,0.47,0.04117971286177635,0.478778600692749,5.40103816986084,288.0727233886719
250938,100,0.5,0.015643134713172913,0.45487701892852783,6.1212663650512695,659.3896484375
250939,100,0.49,0.07945353537797928,0.4982598125934601,9.28131103515625,873.7067260742188
250940,100,0.59,0.05777435377240181,0.4647709131240845,12.527837753295898,721.121337890625
250941,100,0.44,-0.004668781533837318,0.5824017524719238,3.574185848236084,849.4227294921875
250942,100,0.53,0.03771326318383217,0.5182696580886841,6.341245651245117,927.1160278320312
250943,100,0.55,0.007796607445925474,0.5013408064842224,7.494221210479736,1022.9728393554688
250944,100,0.51,0.056715693324804306,0.5932838916778564,4.417579650878906,1275.5233154296875
250945,100,0.47,0.11079507321119308,0.5773302912712097,8.973011016845703,389.6221618652344
250946,100,0.5,-0.042926594614982605,0.5165706872940063,3.9821603298187256,1353.9066162109375
250947,100,0.51,-0.11588118970394135,0.5011418461799622,6.091391563415527,966.146484375
250948,36,0.6111111111111112,-0.14096282422542572,0.4833664000034332,2.132312297821045,1120.2369384765625
250949,100,0.45,0.043437011539936066,0.5001891851425171,6.270624160766602,777.185302734375
250950,75,0.41333333333333333,0.0766182690858841,0.47370022535324097,5.075937271118164,1092.6865234375
250951,68,0.5588235294117647,-0.1477348357439041,0.5717334151268005,1.4556214809417725,832.4953002929688
250952,33,0.5757575757575758,0.15728405117988586,0.4771423637866974,4.404297351837158,1481.2440185546875
250953,63,0.38095238095238093,-0.02983728051185608,0.5143392086029053,4.512806415557861,871.462158203125
250954,100,0.45,0.0235154926776886,0.46878737211227417,4.852569103240967,952.4998168945312
250955,100,0.37,0.10675734281539917,0.5355191826820374,9.433467864990234,288.388671875
250956,100,0.55,0.018689246848225594,0.5331243276596069,7.114229679107666,452.7705078125
250957,100,0.46,0.025542352348566055,0.5647777318954468,6.862222671508789,543.9258422851562
250958,100,0.55,-0.07915375381708145,0.530468761920929,2.267566680908203,540.6385498046875
250959,100,0.5,0.1054355651140213,0.5413781404495239,8.989953994750977,769.9052124023438
250960,100,0.47,0.13085941970348358,0.4688566029071808,7.921938419342041,832.093505859375
250961,100,0.48,-0.08882007002830505,0.5031373500823975,2.8810651302337646,460.75555419921875
250962,100,0.5,0.023954592645168304,0.49899056553840637,7.103583812713623,1280.2205810546875
250963,94,0.48936170212765956,0.027660483494400978,0.5227234959602356,5.754075050354004,655.3336181640625
250964,100,0.5,0.041869405657052994,0.5196629166603088,9.18249225616455,439.35595703125
250965,100,0.57,0.011302953585982323,0.5533718466758728,10.520288467407227,1018.54833984375
250966,69,0.391304347826087,0.140704944729805,0.42357975244522095,6.240273475646973,1320.0760498046875
250967,100,0.57,-0.09676160663366318,0.45267295837402344,2.778202533721924,642.7777099609375
250968,100,0.45,-0.00013321074948180467,0.5360384583473206,4.307397842407227,207.99456787109375
250969,56,0.5178571428571429,0.1448635756969452,0.530590295791626,7.630751132965088,838.2312622070312
250970,100,0.52,0.012232156470417976,0.5187183022499084,6.735837936401367,509.8897705078125
250971,100,0.6,0.01032037753611803,0.5535373091697693,8.318992614746094,508.2009582519531
250972,13,0.6153846153846154,-0.26993027329444885,0.5050865411758423,0.3441016376018524,1549.0050048828125
250973,100,0.5,0.0676591694355011,0.45526763796806335,7.923682689666748,967.0772705078125
250974,100,0.5,-0.11976145952939987,0.5036054849624634,2.2066426277160645,293.5592041015625
250975,100,0.55,-0.07124992460012436,0.47492191195487976,3.3073623180389404,793.6989135742188
250976,100,0.51,0.030388114973902702,0.5433252453804016,9.563368797302246,699.4615478515625
250977,100,0.49,0.026599440723657608,0.5518389940261841,6.186882495880127,1284.5595703125
250978,100,0.56,-0.008267019875347614,0.5099465250968933,7.127497673034668,414.03692626953125
250979,99,0.494949494949495,0.037404920905828476,0.45063069462776184,12.413987159729004,385.6872253417969
250980,83,0.6265060240963856,0.018097298219799995,0.48113399744033813,6.46321439743042,988.75927734375
250981,100,0.49,0.014433903619647026,0.4560176134109497,9.841206550598145,614.6322631835938
250982,100,0.55,-0.18880635499954224,0.49792513251304626,0.8717283606529236,1067.4837646484375
250983,100,0.49,0.06117840111255646,0.550990104675293,8.66516399383545,441.5615539550781
250984,100,0.42,0.02671807073056698,0.46167731285095215,10.534692764282227,881.3341064453125
250985,100,0.46,0.03942916914820671,0.5069573521614075,5.6994452476501465,236.87977600097656
250986,100,0.5,-0.040564049035310745,0.4905858337879181,4.201057434082031,866.5390014648438
250987,100,0.46,0.07518323510885239,0.50150066614151,8.248739242553711,724.6905517578125
250988,100,0.57,0.06211123242974281,0.5023511648178101,8.00146198272705,1196.683349609375
250989,100,0.45,0.1515834480524063,0.5648330450057983,10.293482780456543,645.99365234375
250990,100,0.52,0.14845120906829834,0.5563983917236328,18.43883514404297,385.4103088378906
250991,80,0.4875,0.07748023420572281,0.5132136940956116,9.336851119995117,577.7250366210938
250992,100,0.49,0.11144666373729706,0.5002776980400085,8.93444538116455,606.625244140625
250993,100,0.56,0.08279585838317871,0.542337954044342,9.175970077514648,878.633544921875
250994,100,0.49,0.151586651802063,0.4604184627532959,18.244136810302734,661.9705810546875
250995,39,0.4358974358974359,0.07995163649320602,0.4369527995586395,2.642219066619873,775.3477172851562
250996,100,0.46,-0.0018264211248606443,0.5275107622146606,3.523587226867676,896.196533203125
250997,100,0.45,0.07832646369934082,0.5005791783332825,6.967548370361328,594.0139770507812
250998,100,0.48,0.09348218888044357,0.504429817199707,11.786158561706543,877.0009765625
250999,76,0.6052631578947368,-0.12884090840816498,0.5846021771430969,1.3819873332977295,757.5193481445312
251000,100,0.43,0.07963757961988449,0.5622101426124573,6.334300518035889,621.641845703125
251001,100,0.45,0.02214895933866501,0.5254441499710083,3.379446029663086,915.1390991210938
251002,56,0.6428571428571429,0.047686025500297546,0.3760538399219513,9.086771011352539,844.413818359375
251003,100,0.45,-0.007737324107438326,0.47054147720336914,4.496309280395508,484.5085144042969
251004,100,0.54,0.001787694520317018,0.4077288508415222,4.753926753997803,1013.7100219726562
251005,87,0.47126436781609193,0.19783103466033936,0.5003189444541931,15.766045570373535,1377.208984375
251006,16,0.375,0.4131582975387573,0.47439661622047424,7.899857521057129,1334.6700439453125
251007,100,0.52,-0.05079815909266472,0.5133667588233948,5.630873203277588,1425.2098388671875
251008,100,0.45,-0.1462535709142685,0.5292096734046936,2.9723403453826904,1236.9964599609375
251009,100,0.54,-0.11182612180709839,0.5066905617713928,1.6231924295425415,626.3603515625
251010,100,0.5,0.04516882821917534,0.4671221971511841,7.435737133026123,447.1820983886719
251011,100,0.49,-0.02323213219642639,0.505862295627594,5.360881328582764,515.27490234375
251012,100,0.56,-0.04052389785647392,0.48421433568000793,2.9489781856536865,1019.0020751953125
251013,34,0.47058823529411764,0.266584187746048,0.5143710374832153,8.535232543945312,957.7583618164062
251014,100,0.49,-0.06284796446561813,0.49087271094322205,3.931290864944458,1503.4578857421875
251015,100,0.52,-0.07256381958723068,0.49282708764076233,5.203368663787842,1270.00830078125
251016,85,0.6235294117647059,0.023274866864085197,0.4653288722038269,6.441361904144287,391.12457275390625
251017,100,0.54,0.04719411954283714,0.4757592976093292,8.668620109558105,962.1448974609375
251018,100,0.45,0.016788693144917488,0.44327494502067566,5.8864312171936035,134.45541381835938
251019,53,0.41509433962264153,-0.08170874416828156,0.4722558557987213,1.4574393033981323,753.7887573242188
251020,100,0.5,-0.05391200631856918,0.4808323383331299,4.161970138549805,698.5098876953125
251021,25,0.52,0.4187750220298767,0.506483256816864,13.621153831481934,1166.0230712890625
251022,100,0.43,0.021441536024212837,0.49650803208351135,7.317239761352539,722.5299072265625
251023,100,0.49,-0.08305004984140396,0.5523045659065247,2.3416826725006104,1132.767822265625
251024,57,0.42105263157894735,-0.01880660653114319,0.48482808470726013,5.164916515350342,1000.6041259765625
251025,100,0.61,-0.15533730387687683,0.622230589389801,3.533834934234619,1486.5809326171875
251026,100,0.52,-0.1375577598810196,0.4726938009262085,1.2160930633544922,1342.11376953125
251027,100,0.51,-0.028797514736652374,0.4890976846218109,3.6140856742858887,313.0805358886719
251028,100,0.5,-0.027531228959560394,0.5414528250694275,5.022951602935791,1066.935546875
251029,100,0.53,-0.1551903933286667,0.49309539794921875,1.5895036458969116,1160.4356689453125
251030,100,0.49,-0.10122609883546829,0.4396674335002899,1.7308176755905151,1122.13037109375
251031,100,0.47,-0.02890222705900669,0.5109475255012512,3.779356002807617,1374.17236328125
251032,100,0.53,-0.01215321384370327,0.5841872692108154,8.440445899963379,304.7357177734375
251033,50,0.54,0.136081725358963,0.5965936779975891,6.169614791870117,1125.1153564453125
251034,100,0.46,0.008411593735218048,0.49896275997161865,5.002462387084961,1078.7264404296875
251035,100,0.49,-0.18428178131580353,0.43609145283699036,1.156140923500061,1439.1773681640625
251036,100,0.49,-0.01349552907049656,0.5559842586517334,4.24379825592041,1242.24462890625
251037,100,0.53,0.0601779967546463,0.6056389808654785,9.10428237915039,914.927734375
251038,100,0.44,0.0031305591110140085,0.4891777038574219,6.756188869476318,1043.87255859375
251039,100,0.48,-0.13353754580020905,0.5965189337730408,1.8022980690002441,1252.6260986328125
251040,100,0.58,0.03104785829782486,0.44860172271728516,6.25407600402832,1467.94677734375
251041,100,0.63,0.08161117136478424,0.4747137129306793,14.054521560668945,663.0809326171875
251042,100,0.45,0.037007588893175125,0.5103508830070496,8.207860946655273,463.5878601074219
251043,16,0.5,0.2905871272087097,0.43558457493782043,5.4433698654174805,1233.17236328125
251044,13,0.5384615384615384,0.1514693647623062,0.620542049407959,4.351333141326904,837.8076782226562
251045,100,0.46,0.05205481871962547,0.5323734879493713,8.578493118286133,429.13226318359375
251046,100,0.51,0.015268039889633656,0.5380750894546509,6.617795467376709,882.2135620117188
251047,100,0.46,-0.004633351694792509,0.4691985547542572,7.327682971954346,404.4120178222656
251048,100,0.58,-0.010282687842845917,0.4445098340511322,5.088676929473877,842.8484497070312
251049,100,0.56,-0.11994634568691254,0.47541168332099915,1.7531182765960693,1411.271728515625
251050,86,0.46511627906976744,0.07981864362955093,0.5225122570991516,7.6593146324157715,1048.3831787109375
251051,100,0.49,0.041573233902454376,0.4983469545841217,11.934100151062012,868.873291015625
251052,100,0.44,-0.10497353225946426,0.49293652176856995,2.933112144470215,1142.1961669921875
251053,100,0.52,0.03870280086994171,0.47349488735198975,11.657827377319336,1214.9393310546875
251054,100,0.63,-0.02672753296792507,0.5670549869537354,4.582033634185791,1530.2432861328125
251055,100,0.52,-0.0839715376496315,0.46909299492836,3.369300127029419,1299.189208984375
251056,100,0.53,-0.039437465369701385,0.5476915240287781,4.070349216461182,406.5498046875
251057,100,0.57,-0.007046307437121868,0.5032103657722473,5.561563491821289,1029.485107421875
251058,100,0.56,-0.005338885821402073,0.5358522534370422,10.522500991821289,1286.637451171875
251059,100,0.5,-0.04226820543408394,0.45260167121887207,2.3220324516296387,762.37158203125
251060,100,0.58,-0.0019525104435160756,0.4670812487602234,3.5292129516601562,1494.3779296875
251061,69,0.5362318840579711,-0.028892159461975098,0.4698837101459503,3.5826668739318848,469.2730712890625
251062,100,0.48,0.053167376667261124,0.4678812325000763,6.64054012298584,184.6552734375
251063,63,0.6031746031746031,0.10851683467626572,0.49724942445755005,19.56294059753418,605.4220581054688
251064,100,0.5,-0.05673740804195404,0.5440806150436401,4.053640365600586,809.107666015625
251065,100,0.49,-0.052364759147167206,0.4881655275821686,4.610535144805908,663.137939453125
251066,100,0.47,0.05515943840146065,0.4663807451725006,11.999693870544434,915.9959106445312
251067,34,0.4117647058823529,0.05998404696583748,0.606662392616272,3.077179193496704,1510.968994140625
251068,100,0.48,-0.01033708918839693,0.5366338491439819,3.824929714202881,575.9417114257812
251069,100,0.48,0.028509801253676414,0.5512229204177856,7.244305610656738,175.86602783203125
251070,100,0.39,-0.1137545183300972,0.46134376525878906,1.1876592636108398,1072.3824462890625
251071,100,0.49,0.020956937223672867,0.5133630633354187,7.350701808929443,770.4478759765625
251072,100,0.57,-0.05125086382031441,0.5754848122596741,3.0223424434661865,1199.1416015625
251073,100,0.53,-0.1396075189113617,0.5395358800888062,2.0671026706695557,618.3221435546875
251074,100,0.48,0.056457310914993286,0.5346834659576416,8.16235065460205,396.5965270996094
251075,100,0.58,-0.04606889560818672,0.597862184047699,3.4798388481140137,1346.290283203125
251076,100,0.42,-0.19699452817440033,0.4805510640144348,1.030388355255127,1358.5794677734375
251077,100,0.44,-0.10269557684659958,0.5339253544807434,5.740054130554199,728.1892700195312
251078,100,0.52,-0.03743657097220421,0.5869511961936951,4.0866570472717285,575.74169921875
251079,100,0.45,0.0011456178035587072,0.5098488926887512,6.024471282958984,668.0682373046875
251080,100,0.46,-0.050953492522239685,0.5452589988708496,3.2363829612731934,395.83868408203125
251081,100,0.51,0.010962316766381264,0.5312615036964417,4.526820182800293,955.5166625976562
251082,100,0.58,-0.08224951475858688,0.5185509920120239,2.7747647762298584,1075.0872802734375
251083,100,0.47,-0.0061449105851352215,0.5403545498847961,6.797540187835693,679.0243530273438
251084,100,0.46,-0.11890357732772827,0.5887075662612915,1.796859860420227,975.8358764648438
251085,100,0.56,0.024804113432765007,0.5036768317222595,7.141984462738037,153.02474975585938
251086,100,0.54,-0.17291828989982605,0.4810240864753723,2.2247190475463867,456.0517272949219
251087,100,0.51,0.08045320957899094,0.46372634172439575,7.261788368225098,742.1737060546875
251088,100,0.52,-0.1452997624874115,0.4799940586090088,3.012662649154663,1118.6151123046875
251089,100,0.6,-0.033536676317453384,0.4975222647190094,2.5029988288879395,628.3433227539062
251090,100,0.61,-0.026569893583655357,0.5638123154640198,5.41606330871582,906.7386474609375
251091,100,0.51,-0.007495236117392778,0.47180166840553284,8.327444076538086,882.6583862304688
251092,100,0.35,-0.07517003268003464,0.5297132730484009,4.485891819000244,577.4808959960938
251093,100,0.47,-0.11696616560220718,0.5008494853973389,4.496346473693848,1234.005615234375
251094,100,0.43,-0.022157173603773117,0.5485751628875732,3.9286653995513916,584.9418334960938
251095,100,0.49,-0.047249455004930496,0.4737931489944458,2.8831491470336914,641.6741333007812
251096,100,0.42,-0.04411550611257553,0.538571298122406,3.964268684387207,975.9943237304688
251097,100,0.54,-0.0773792564868927,0.5217868089675903,4.994967460632324,470.2676086425781
251098,100,0.61,-0.05631165951490402,0.5179012417793274,4.380067348480225,297.7076721191406
251099,100,0.5,-0.057628337293863297,0.48945972323417664,4.764413356781006,637.1852416992188
251100,100,0.5,-0.08329732716083527,0.4752262830734253,3.9011240005493164,1519.8389892578125
251101,100,0.52,-0.11942827701568604,0.4261554777622223,1.4792405366897583,705.7073974609375
251102,100,0.51,0.02320600114762783,0.5003302693367004,13.6714448928833,206.21311950683594
251103,100,0.46,-0.038868069648742676,0.5298495292663574,2.3323755264282227,357.90753173828125
251104,100,0.51,-0.09724794328212738,0.5276946425437927,1.8364001512527466,1471.11865234375
251105,100,0.56,0.06156729906797409,0.4527190327644348,9.545970916748047,368.5610656738281
251106,100,0.43,-0.057312022894620895,0.5444985032081604,8.714122772216797,720.9240112304688
251107,100,0.51,0.074244424700737,0.5704956650733948,11.656777381896973,643.830078125
251108,100,0.57,0.06370577216148376,0.5841684341430664,10.012280464172363,638.0855102539062
251109,100,0.45,-0.19695748388767242,0.4836087226867676,1.519814133644104,1282.66162109375
251110,100,0.54,-0.07006087154150009,0.4912745952606201,4.053376197814941,947.6878051757812
251111,100,0.52,-0.018343325704336166,0.5236386060714722,4.099335193634033,1101.956298828125
251112,100,0.54,0.04507143422961235,0.48013168573379517,11.220185279846191,483.2671203613281
251113,95,0.49473684210526314,-0.0008627132046967745,0.46686461567878723,6.01491641998291,986.9017333984375
251114,100,0.57,-0.0007402656483463943,0.4623430073261261,4.445516109466553,445.19097900390625
251115,100,0.53,-0.14111340045928955,0.5645408630371094,2.469644069671631,463.435302734375
251116,100,0.46,0.05350246652960777,0.4068625867366791,10.84786605834961,117.58653259277344
251117,100,0.52,0.028807874768972397,0.49113354086875916,10.049712181091309,679.1522827148438
251118,100,0.58,-0.07902129739522934,0.5109868049621582,4.496747016906738,1322.4962158203125
251119,100,0.5,-0.010822164826095104,0.563592791557312,5.420548915863037,913.89794921875
251120,100,0.43,-0.11622637510299683,0.4659770727157593,2.465542793273926,864.7694091796875
251121,100,0.52,-0.09033957123756409,0.5334139466285706,2.4638233184814453,688.6834716796875
251122,100,0.53,-0.03434981405735016,0.532490611076355,3.8641533851623535,842.1026611328125
251123,100,0.52,0.024073176085948944,0.5328047275543213,11.07149887084961,1490.0411376953125
251124,100,0.49,-0.09683535248041153,0.5801759362220764,1.3409346342086792,957.9547729492188
251125,18,0.6111111111111112,-0.3062727451324463,0.404995858669281,1.3959977626800537,753.502685546875
251126,100,0.54,-0.13260696828365326,0.4405319392681122,1.8389204740524292,920.857177734375
251127,100,0.52,-0.09942489117383957,0.4494442939758301,2.177039384841919,1146.1273193359375
251128,100,0.61,-0.08644390106201172,0.5118708610534668,3.441072940826416,955.6156005859375
251129,100,0.48,0.0590420626103878,0.5414143204689026,7.920347213745117,731.247314453125
251130,100,0.56,-0.08865062147378922,0.5597350597381592,3.668644905090332,1703.0875244140625
251131,100,0.43,-0.16894835233688354,0.5279780626296997,1.657932162284851,1133.5496826171875
251132,100,0.54,-0.04629531875252724,0.549413800239563,4.919675350189209,1255.8289794921875
251133,100,0.51,-0.14029371738433838,0.47833558917045593,1.9335272312164307,266.7716979980469
251134,100,0.43,-0.05928797647356987,0.5190912485122681,6.398910999298096,204.704833984375
251135,100,0.51,-0.04657404124736786,0.5641440749168396,8.561064720153809,649.5050659179688
251136,100,0.42,-0.09294762462377548,0.5044691562652588,2.839041233062744,960.5794067382812
251137,100,0.51,0.01777648739516735,0.5533521771430969,4.234255313873291,179.74159240722656
251138,100,0.55,0.09023969620466232,0.5257024765014648,13.148697853088379,1024.6885986328125
251139,100,0.5,0.04089391604065895,0.47635382413864136,7.067096710205078,1114.43310546875
251140,46,0.391304347826087,0.173052117228508,0.47923192381858826,9.166306495666504,444.4076843261719
251141,100,0.56,0.05541784688830376,0.4580916464328766,5.903852939605713,1172.6544189453125
251142,33,0.3939393939393939,0.16789759695529938,0.45085033774375916,5.437382698059082,822.5513305664062
251143,100,0.53,-0.025309311226010323,0.4498804807662964,8.976114273071289,278.7358093261719
251144,100,0.53,-0.07339105010032654,0.47235825657844543,3.8449416160583496,1191.8409423828125
251145,100,0.56,-0.033339012414216995,0.46036526560783386,3.1982064247131348,517.4542846679688
251146,100,0.48,-0.005455101374536753,0.5823773145675659,8.11172103881836,1127.57080078125
251147,100,0.55,0.035043079406023026,0.48484644293785095,6.984298229217529,513.2195434570312
251148,100,0.56,-0.06761785596609116,0.5669030547142029,2.900397300720215,534.230224609375
251149,52,0.4807692307692308,0.09287513047456741,0.5697222948074341,6.247072696685791,1601.201171875
251150,100,0.46,-0.06093861162662506,0.5559213161468506,2.658313512802124,610.9210815429688
251151,100,0.51,0.029058493673801422,0.5936811566352844,10.27978515625,489.0583190917969
251152,100,0.48,-0.0009253074531443417,0.5296090245246887,4.125290870666504,710.861083984375
251153,100,0.55,0.04648403078317642,0.5082060694694519,8.9285249710083,909.1245727539062
251154,100,0.47,0.0229716245085001,0.5032182335853577,10.65646743774414,1099.7120361328125
251155,100,0.47,0.11474329233169556,0.46716973185539246,21.523427963256836,1280.9197998046875
251156,100,0.47,0.06519138813018799,0.5155383944511414,7.524526596069336,1327.4534912109375
251157,100,0.46,0.06339657306671143,0.532385528087616,8.222545623779297,380.2686767578125
251158,100,0.64,-0.26278457045555115,0.4934137165546417,1.1063085794448853,1340.785888671875
251159,50,0.6,0.18198920786380768,0.5205684900283813,11.51867961883545,1362.17041015625
251160,100,0.46,-0.02150159701704979,0.5317415595054626,5.128183364868164,548.9035034179688
251161,100,0.51,-0.024903493002057076,0.5113068222999573,3.2841031551361084,793.112060546875
251162,100,0.49,-0.2759058177471161,0.54686439037323,1.6854873895645142,1157.7161865234375
251163,100,0.45,0.0830339714884758,0.4737491309642792,9.313812255859375,991.8703002929688
251164,50,0.46,-0.015949247404932976,0.4618490934371948,3.132761240005493,576.0775146484375
251165,100,0.52,-0.08101209253072739,0.4896824061870575,3.1269216537475586,773.9668579101562
251166,100,0.51,0.048489123582839966,0.5894321203231812,8.369674682617188,731.3414306640625
251167,57,0.45614035087719296,0.0787726566195488,0.4215167462825775,8.180795669555664,1018.8627319335938
251168,100,0.44,0.022205809131264687,0.5051416158676147,5.150952339172363,589.8521118164062
251169,100,0.45,-0.12656943500041962,0.5147985816001892,2.1740479469299316,1030.94873046875
251170,100,0.59,-0.15010905265808105,0.47200509905815125,2.448052406311035,675.922607421875
251171,100,0.51,-0.011705953627824783,0.5619503259658813,5.7464280128479,966.4563598632812
251172,100,0.53,0.04418241232633591,0.5085190534591675,9.487357139587402,559.63818359375
251173,100,0.38,0.02159181609749794,0.5020381212234497,6.453915596008301,1095.9150390625
251174,100,0.53,0.06245240569114685,0.5855891704559326,11.115626335144043,858.609130859375
251175,100,0.51,0.0022175228223204613,0.5219540596008301,4.3889479637146,928.3680419921875
251176,100,0.43,-0.08946092426776886,0.49078547954559326,3.577028751373291,856.5436401367188
251177,100,0.56,0.021145420148968697,0.6158245205879211,10.689496994018555,552.4652709960938
251178,100,0.49,0.03740183264017105,0.4210556149482727,6.548577308654785,1168.09375
251179,100,0.48,0.12757091224193573,0.4843044579029083,13.361133575439453,1198.2720947265625
251180,100,0.53,0.06616272777318954,0.4514126777648926,12.132270812988281,676.6156005859375
251181,100,0.53,0.004829798825085163,0.4877854883670807,3.554971933364868,1309.4609375
251182,90,0.5111111111111111,0.14126648008823395,0.5187473297119141,18.540523529052734,1101.3929443359375
251183,100,0.46,0.06941014528274536,0.47831085324287415,11.815163612365723,1156.450439453125
251184,100,0.5,-0.10546659678220749,0.5013303160667419,2.256396532058716,211.47438049316406
251185,100,0.54,-0.07453995198011398,0.5021074414253235,3.780468225479126,698.8252563476562
251186,100,0.57,-0.15790563821792603,0.5142285227775574,1.564018726348877,1182.6697998046875
251187,100,0.48,-0.07450392097234726,0.4819628894329071,3.8562042713165283,1378.8134765625
251188,100,0.56,-0.03909115120768547,0.5261637568473816,5.029008388519287,1166.0323486328125
251189,59,0.559322033898305,-0.04893971234560013,0.6289745569229126,3.71700119972229,691.9965209960938
251190,100,0.48,0.0262895654886961,0.5062501430511475,5.76713752746582,173.6302490234375
251191,100,0.6,0.058735013008117676,0.4609048366546631,9.154938697814941,1189.721435546875
251192,100,0.52,0.009159592911601067,0.5560062527656555,3.8798694610595703,773.7730102539062
251193,100,0.49,0.05461215600371361,0.5111948847770691,9.235897064208984,264.09368896484375
251194,100,0.51,-0.15473227202892303,0.5453885793685913,2.5803864002227783,1002.6278686523438
251195,40,0.425,0.01958552561700344,0.5488048791885376,5.454138278961182,1010.6388549804688
251196,100,0.5,-0.05371959134936333,0.5403802990913391,3.809067964553833,439.96600341796875
251197,100,0.47,-0.19794125854969025,0.546462893486023,4.224674224853516,562.8233032226562
251198,100,0.51,-0.15350055694580078,0.534290075302124,1.9682353734970093,1009.5958862304688
251199,100,0.48,0.02860080637037754,0.5367262959480286,8.679634094238281,1069.9549560546875
251200,100,0.52,-0.02378428913652897,0.4239340126514435,4.569440841674805,537.7041015625
251201,100,0.58,-0.03098057024180889,0.5766445398330688,3.498023271560669,469.4896240234375
251202,100,0.49,0.06827640533447266,0.5123699307441711,10.563324928283691,898.3699340820312
251203,100,0.45,0.12392092496156693,0.544276773929596,9.914568901062012,1086.2972412109375
251204,100,0.54,-0.02804657444357872,0.5148069262504578,3.1437289714813232,616.906494140625
251205,100,0.48,-0.019561758264899254,0.5219458341598511,5.379745960235596,729.1280517578125
251206,100,0.56,-0.03200133889913559,0.44363394379615784,8.830870628356934,717.0687255859375
251207,100,0.49,0.010656191036105156,0.466309130191803,8.258537292480469,989.5372924804688
251208,100,0.53,-0.07808205485343933,0.5412715673446655,2.6764917373657227,379.01422119140625
251209,12,0.75,0.10879528522491455,0.5474420785903931,2.750133752822876,593.1263427734375
251210,100,0.62,0.06129954755306244,0.4600311517715454,6.948909759521484,706.8782348632812
251211,45,0.4888888888888889,0.08445088565349579,0.417866587638855,5.841911315917969,1469.6820068359375
251212,100,0.49,-0.06149929016828537,0.482553631067276,4.223343372344971,1130.224853515625
251213,100,0.53,-0.024754738435149193,0.5213413834571838,5.140709400177002,939.1804809570312
251214,100,0.48,-0.05760253593325615,0.5494860410690308,4.514456272125244,991.836669921875
251215,100,0.51,0.07225856930017471,0.4652279317378998,10.029399871826172,739.8872680664062
251216,100,0.42,0.041323333978652954,0.5232231020927429,8.719340324401855,807.0117797851562
251217,100,0.57,0.013464394025504589,0.4803673028945923,7.211972713470459,823.2369995117188
251218,100,0.49,0.06237228587269783,0.514639675617218,12.20238971710205,514.2195434570312
251219,100,0.53,0.06299959123134613,0.5047346949577332,8.806323051452637,391.93585205078125
251220,100,0.49,0.03632337972521782,0.45728787779808044,13.298835754394531,595.0824584960938
251221,100,0.5,-0.04615725204348564,0.502220630645752,2.843726873397827,641.6334838867188
251222,100,0.43,0.08082889765501022,0.5082866549491882,10.600920677185059,506.65313720703125
251223,100,0.46,0.061197925359010696,0.5009251832962036,4.963599681854248,1027.850341796875
251224,100,0.53,-0.14918623864650726,0.516549825668335,1.7907334566116333,443.5249938964844
251225,90,0.5666666666666667,0.1725129634141922,0.48566901683807373,18.842926025390625,1425.2191162109375
251226,95,0.6,0.13016848266124725,0.4701065123081207,12.983772277832031,477.7048645019531
251227,100,0.55,0.04073726385831833,0.4809785485267639,9.665478706359863,1397.6873779296875
251228,60,0.65,0.09488686174154282,0.4396193027496338,10.40282917022705,1410.2572021484375
251229,100,0.5,-0.030564241111278534,0.44864699244499207,4.247264862060547,1314.7862548828125
251230,42,0.40476190476190477,0.290902704000473,0.42304545640945435,10.13862133026123,653.8862915039062
251231,100,0.43,0.009664991870522499,0.4963495135307312,8.602485656738281,173.2463836669922
251232,100,0.56,-0.04726390168070793,0.4692411422729492,3.646707057952881,769.98779296875
251233,100,0.55,0.07811564207077026,0.5331867933273315,6.728179454803467,544.532958984375
251234,100,0.53,-0.03282259404659271,0.49453702569007874,4.83995246887207,781.6841430664062
251235,100,0.54,0.19659176468849182,0.43920159339904785,17.10500144958496,1131.88818359375
251236,44,0.5454545454545454,0.20689690113067627,0.5121490955352783,11.445876121520996,421.86151123046875
251237,100,0.55,0.02413165010511875,0.463589608669281,9.001285552978516,671.1754760742188
251238,100,0.47,0.11493438482284546,0.43357139825820923,10.021374702453613,704.0968017578125
251239,100,0.56,-0.01176754105836153,0.4981853663921356,8.323814392089844,672.6624145507812
251240,100,0.42,0.000943330058362335,0.42691758275032043,4.028476238250732,1591.412841796875
251241,100,0.45,0.04699881747364998,0.582874596118927,5.140052318572998,582.5679321289062
251242,100,0.52,0.09168247878551483,0.49421367049217224,11.381311416625977,1180.63623046875
251243,100,0.47,-0.12047775834798813,0.48518887162208557,3.731518507003784,765.5763549804688
251244,100,0.5,-0.0637311041355133,0.5264967083930969,6.023470401763916,630.759765625
251245,100,0.54,-0.11381261795759201,0.5059450268745422,2.3962435722351074,1508.3790283203125
251246,74,0.5540540540540541,0.14784973859786987,0.49172285199165344,17.046247482299805,1457.4873046875
251247,100,0.44,-0.036344196647405624,0.5015483498573303,4.286220550537109,781.6653442382812
251248,100,0.45,0.015371570363640785,0.5512233972549438,4.2114176750183105,531.5117797851562
251249,25,0.52,0.35185813903808594,0.4462154805660248,8.631965637207031,1842.7591552734375
251250,100,0.43,-0.02147791162133217,0.5752347707748413,3.3773250579833984,520.6867065429688
251251,8,0.625,0.10012779384851456,0.18448962271213531,2.5926034450531006,920.877685546875
251252,100,0.51,-0.03220278024673462,0.5513374209403992,5.4528279304504395,253.6437530517578
251253,57,0.5263157894736842,0.16995742917060852,0.5879535675048828,11.20651626586914,248.02415466308594
251254,30,0.6,0.3884981870651245,0.45848727226257324,12.874396324157715,956.313720703125
251255,21,0.47619047619047616,0.3259403109550476,0.5867331624031067,7.364930629730225,1214.439697265625
251256,100,0.52,-0.011102563701570034,0.49613210558891296,3.5793616771698,676.1350708007812
251257,100,0.6,0.12324761599302292,0.4926098883152008,12.027667045593262,717.7105712890625
251258,100,0.57,0.016040803864598274,0.527966320514679,7.287724494934082,397.3636169433594
251259,100,0.55,0.008093229494988918,0.5123416185379028,9.670614242553711,873.8551025390625
251260,20,0.55,-0.054708898067474365,0.5434499979019165,2.073798894882202,677.1843872070312
251261,100,0.44,0.0564553365111351,0.5221785306930542,10.008530616760254,360.017578125
251262,100,0.54,-0.01982835866510868,0.4380125403404236,8.56452751159668,563.2108764648438
251263,100,0.57,0.058610882610082626,0.49469292163848877,10.377941131591797,1209.3145751953125
251264,57,0.6491228070175439,0.1881481111049652,0.4600140452384949,13.739272117614746,1000.1504516601562
251265,100,0.38,-0.024034714326262474,0.4730829894542694,4.745546340942383,1430.6771240234375
251266,44,0.5909090909090909,0.2340523600578308,0.526311457157135,15.984114646911621,1841.14453125
251267,100,0.55,-0.13259966671466827,0.42873403429985046,1.8322746753692627,874.6262817382812
251268,100,0.5,-0.025582753121852875,0.5137032866477966,4.153713226318359,561.8128051757812
251269,100,0.44,-0.13333511352539062,0.4363897740840912,5.491490364074707,1244.7845458984375
251270,29,0.5862068965517241,0.04290858656167984,0.5444626212120056,4.51980447769165,1451.580078125
251271,100,0.55,-0.2824243903160095,0.4814983308315277,0.9619770050048828,1048.46875
251272,100,0.5,-0.03243090957403183,0.4611872136592865,4.276132106781006,326.4380798339844
251273,19,0.5263157894736842,0.6060356497764587,0.49050405621528625,10.880833625793457,1229.36474609375
251274,100,0.68,0.01777132973074913,0.4417346119880676,6.4362969398498535,1640.2183837890625
251275,100,0.53,-0.033793624490499496,0.46923303604125977,3.191300868988037,1150.6544189453125
251276,100,0.49,-0.06774451583623886,0.4488846957683563,3.799591064453125,761.8937377929688
251277,100,0.45,-0.07342817634344101,0.46362730860710144,2.5536255836486816,684.490234375
251278,100,0.51,0.02495056763291359,0.5307479500770569,9.853293418884277,1559.8260498046875
251279,100,0.55,0.1276153028011322,0.4216199219226837,11.901339530944824,893.841064453125
251280,100,0.61,-0.08276434242725372,0.468768447637558,2.230374336242676,987.3778076171875
251281,100,0.51,0.12346693128347397,0.46308961510658264,12.472707748413086,728.4241333007812
251282,100,0.5,-0.08756323903799057,0.4818481504917145,5.292726993560791,1318.45068359375
251283,100,0.46,0.03205367922782898,0.5010966062545776,8.443987846374512,574.7885131835938
251284,100,0.55,-0.0027334343176335096,0.524316668510437,7.483353137969971,1246.340576171875
251285,11,0.5454545454545454,0.037488650530576706,0.3029094636440277,2.2900137901306152,1370.025390625
251286,97,0.6391752577319587,0.02345331199467182,0.5442683696746826,7.135385990142822,834.0159912109375
251287,100,0.56,-0.004680778365582228,0.5416564345359802,4.480406761169434,953.0150756835938
251288,100,0.58,0.018197908997535706,0.43843236565589905,10.549887657165527,866.1234130859375
251289,100,0.46,0.013261016458272934,0.5149937272071838,7.0507707595825195,1052.392333984375
251290,100,0.43,-0.1764458864927292,0.4740581512451172,1.295621395111084,436.311279296875
251291,100,0.42,-0.12242915481328964,0.49267587065696716,3.297393798828125,1191.68798828125
251292,100,0.49,-0.036838773638010025,0.44460514187812805,2.785815715789795,561.7999877929688
251293,100,0.48,-0.11882428079843521,0.4855562448501587,2.084623336791992,592.1259155273438
251294,67,0.5373134328358209,0.0014329130062833428,0.4723515212535858,6.703431606292725,601.9420776367188
251295,100,0.54,-0.04564490169286728,0.5079612135887146,5.099330425262451,724.9247436523438
251296,100,0.48,0.021044472232460976,0.4890470504760742,6.620237827301025,1051.728759765625
251297,100,0.46,0.03948483243584633,0.47334781289100647,5.188910961151123,738.1426391601562
251298,100,0.55,-0.222578763961792,0.5455809831619263,1.7909740209579468,1326.3333740234375
251299,33,0.3939393939393939,0.36191409826278687,0.514194667339325,11.096222877502441,967.90673828125
251300,100,0.51,0.04411628842353821,0.45987895131111145,7.757525444030762,908.7643432617188
251301,100,0.57,-0.0631406232714653,0.4893888831138611,3.551845073699951,1092.9476318359375
251302,100,0.53,-0.14113032817840576,0.5726324915885925,1.6554025411605835,529.0814208984375
251303,59,0.5084745762711864,0.14363016188144684,0.460676908493042,9.885634422302246,1891.3231201171875
251304,100,0.5,0.02845264971256256,0.509068489074707,5.081607818603516,1130.5067138671875
251305,85,0.5647058823529412,0.14268004894256592,0.5263848900794983,13.960637092590332,1617.57861328125
251306,100,0.45,0.017426747828722,0.4697006940841675,4.852202415466309,887.1625366210938
251307,100,0.54,-0.12357455492019653,0.5168363451957703,1.567834734916687,1330.895751953125
251308,100,0.46,0.046968139708042145,0.4928096830844879,8.705299377441406,1254.0408935546875
251309,100,0.57,0.07545419037342072,0.43877628445625305,8.847479820251465,1366.7642822265625
251310,10,0.8,0.38426610827445984,0.7505019307136536,7.762026786804199,813.2030639648438
251311,66,0.4090909090909091,0.1489810347557068,0.5236095786094666,9.459651947021484,906.2012329101562
251312,100,0.56,-0.0012794776121154428,0.43887385725975037,4.447941303253174,894.0736694335938
251313,47,0.6595744680851063,0.056010931730270386,0.47794145345687866,6.049609661102295,606.9352416992188
251314,100,0.51,-0.020533595234155655,0.5607497692108154,5.630017280578613,347.0113830566406
251315,100,0.59,0.059385281056165695,0.43523356318473816,10.827417373657227,764.4953002929688
251316,100,0.53,-0.012216631323099136,0.5011919140815735,4.365328311920166,546.6393432617188
251317,100,0.57,0.06140083074569702,0.49888938665390015,9.89504337310791,311.3531494140625
251318,23,0.6086956521739131,0.2276875227689743,0.45010077953338623,9.608477592468262,834.818603515625
251319,100,0.62,0.010064074769616127,0.5197941660881042,5.632012844085693,476.3484191894531
251320,36,0.4722222222222222,0.2997599244117737,0.4950679838657379,11.292445182800293,1492.826171875
251321,100,0.67,-0.04541170224547386,0.5323761701583862,3.4771838188171387,740.6382446289062
251322,100,0.6,0.019601022824645042,0.6253841519355774,7.241891860961914,435.07989501953125
251323,51,0.5490196078431373,0.3603639006614685,0.49248990416526794,20.76419448852539,1103.079345703125
251324,100,0.55,0.01482508983463049,0.5208355784416199,7.912346363067627,1285.10400390625
251325,100,0.55,-0.019032036885619164,0.575524628162384,6.892852783203125,859.5863647460938
251326,100,0.46,-0.026393890380859375,0.507123589515686,3.5291640758514404,1250.556640625
251327,21,0.5238095238095238,0.18349482119083405,0.4368811547756195,2.513673782348633,799.1605224609375
251328,33,0.48484848484848486,-0.09670249372720718,0.49163520336151123,1.8330026865005493,1801.38916015625
251329,100,0.52,0.027358226478099823,0.4872687757015228,5.808382034301758,305.94232177734375
251330,100,0.46,-0.1101340651512146,0.48480838537216187,3.664205312728882,852.578369140625
251331,20,0.5,0.5881721377372742,0.4677618145942688,12.426633834838867,1636.93896484375
251332,36,0.4444444444444444,0.0885869562625885,0.6184395551681519,5.133864402770996,474.0797424316406
251333,100,0.42,0.00014609524805564433,0.5574557781219482,4.78609561920166,708.855224609375
251334,100,0.45,-0.0716237723827362,0.5353971123695374,3.3210253715515137,176.4892120361328
251335,100,0.52,-0.0036085720639675856,0.5350576043128967,7.413583755493164,629.3656616210938
251336,100,0.56,0.01540775690227747,0.5027408003807068,5.930626392364502,1525.500244140625
251337,100,0.51,-0.008251693099737167,0.540614902973175,4.686304092407227,683.6805419921875
251338,100,0.49,0.03196660429239273,0.53319251537323,6.24907112121582,1110.9173583984375
251339,50,0.48,0.14913514256477356,0.4922114908695221,11.490937232971191,1916.03662109375
251340,9,0.4444444444444444,0.7161005139350891,0.42599767446517944,6.684169769287109,1290.3612060546875
251341,24,0.3333333333333333,0.39458465576171875,0.4996962249279022,5.04308557510376,1466.3568115234375
251342,100,0.47,0.040153618901968,0.5111238360404968,5.987093925476074,1431.5380859375
251343,97,0.4845360824742268,0.13605444133281708,0.5105270147323608,18.782882690429688,1352.6663818359375
251344,100,0.47,0.09756114333868027,0.4206635057926178,8.059886932373047,1144.335693359375
251345,87,0.5402298850574713,0.07602889835834503,0.4946504533290863,9.979778289794922,330.4822082519531
251346,100,0.57,0.09713364392518997,0.5391666293144226,8.295222282409668,1061.139404296875
251347,100,0.58,0.0800471156835556,0.5104256272315979,12.440420150756836,935.7891845703125
251348,52,0.5384615384615384,0.24893152713775635,0.5141944885253906,20.169086456298828,1251.988037109375
251349,100,0.44,-0.03938727080821991,0.41857415437698364,4.833038330078125,1028.3646240234375
251350,100,0.43,0.008213586173951626,0.5019185543060303,8.110989570617676,516.0186767578125
251351,100,0.53,-0.22362889349460602,0.4590604603290558,1.008094310760498,1088.468017578125
251352,100,0.52,-0.07622558623552322,0.5481988787651062,2.885507583618164,256.6661071777344
251353,100,0.52,0.055909641087055206,0.4928478002548218,9.538010597229004,1003.8897094726562
251354,100,0.53,0.035451605916023254,0.5177190899848938,5.666621208190918,1260.528076171875
251355,68,0.5294117647058824,0.18953698873519897,0.4595453143119812,11.740478515625,1516.098388671875
251356,79,0.4936708860759494,0.2385503053665161,0.4772818684577942,17.368852615356445,1283.6048583984375
251357,54,0.46296296296296297,0.055921848863363266,0.5094037652015686,2.6146585941314697,754.5751953125
251358,84,0.44047619047619047,0.06919059157371521,0.44939276576042175,7.254546165466309,682.8336181640625
251359,100,0.56,-0.0624602846801281,0.5097535252571106,2.747438430786133,1077.2637939453125
251360,100,0.45,-0.18800821900367737,0.4954723119735718,2.5986433029174805,1006.8291625976562
251361,100,0.52,-0.004683251958340406,0.4642704725265503,7.409391403198242,1088.364013671875
251362,100,0.46,-0.08697138726711273,0.4428052604198456,2.747288465499878,558.8750610351562
251363,76,0.4868421052631579,-0.0074769421480596066,0.459056556224823,6.7745184898376465,721.2073974609375
251364,100,0.48,-0.15059389173984528,0.5230529308319092,2.3364946842193604,628.9921264648438
251365,100,0.6,-0.0066748992539942265,0.4991922378540039,8.31135368347168,1185.1085205078125
251366,100,0.58,-0.13793176412582397,0.5068467855453491,1.795460820198059,871.3330078125
251367,100,0.56,-0.04268627613782883,0.5928003787994385,5.744321823120117,234.94244384765625
251368,100,0.61,0.0353815034031868,0.4466603100299835,13.578302383422852,1981.336669921875
251369,100,0.48,0.0005438774824142456,0.4668216109275818,4.386501312255859,376.58441162109375
251370,100,0.52,-0.04082176461815834,0.5313917994499207,4.998034954071045,555.9281616210938
251371,100,0.54,-0.0035679449792951345,0.43235334753990173,7.812618255615234,1590.7054443359375
251372,100,0.54,0.03496808558702469,0.4216385781764984,8.744027137756348,317.9978942871094
251373,100,0.53,-0.06171167641878128,0.4966915249824524,3.179292678833008,1375.046142578125
251374,100,0.49,-0.03080659918487072,0.4807291328907013,3.197571039199829,993.8599243164062
251375,100,0.49,0.03609391301870346,0.49168264865875244,5.941186904907227,1256.8031005859375
251376,60,0.4,0.16271691024303436,0.5524006485939026,8.624581336975098,733.0816650390625
251377,100,0.48,-0.04527178779244423,0.5479135513305664,2.803879499435425,795.7052001953125
251378,30,0.26666666666666666,0.39745962619781494,0.5142936110496521,5.695980548858643,731.3762817382812
251379,100,0.45,-0.053254883736371994,0.5497643351554871,2.447843074798584,881.704833984375
251380,100,0.51,0.04926367849111557,0.4519605040550232,8.523829460144043,727.30322265625
251381,100,0.44,-0.024125074967741966,0.4626087546348572,5.803593635559082,1104.942138671875
251382,100,0.53,-0.06423565000295639,0.5619117021560669,3.3041164875030518,178.13299560546875
251383,63,0.4444444444444444,0.15290355682373047,0.47357019782066345,13.287650108337402,1307.3094482421875
251384,100,0.5,0.09003183990716934,0.4993685185909271,13.243966102600098,442.65435791015625
251385,100,0.54,0.009010778740048409,0.4351692199707031,10.004948616027832,567.4217529296875
251386,100,0.49,0.08547411859035492,0.49760377407073975,10.916579246520996,1440.40576171875
251387,100,0.62,-0.04095863923430443,0.5055516362190247,4.101046562194824,767.208740234375
251388,100,0.5,-0.07398524135351181,0.4898739159107208,4.006951332092285,712.0465087890625
251389,100,0.47,-0.026507515460252762,0.5000156164169312,4.322763442993164,954.9645385742188
251390,100,0.48,0.03561430051922798,0.5619410872459412,7.463435649871826,719.9219970703125
251391,3,0.3333333333333333,0.46701279282569885,0.17239567637443542,1.2453675270080566,605.1474609375
251392,100,0.46,-0.092059426009655,0.5192227959632874,3.2928097248077393,614.688232421875
251393,40,0.55,0.1696811318397522,0.5756113529205322,9.318873405456543,1086.1676025390625
251394,100,0.64,0.04355127364397049,0.456481397151947,9.332296371459961,881.4072875976562
251395,100,0.49,0.03253733739256859,0.4632625877857208,8.745332717895508,695.4662475585938
251396,100,0.56,-0.021953344345092773,0.5306015610694885,5.992316722869873,508.7498474121094
251397,39,0.5897435897435898,0.2561536729335785,0.36453938484191895,13.355298042297363,385.2322692871094
251398,100,0.53,-0.06424528360366821,0.5051411986351013,5.480947971343994,922.2483520507812
251399,38,0.6578947368421053,0.21908371150493622,0.3989214301109314,12.106679916381836,795.2191162109375
251400,100,0.41,0.06543438881635666,0.5028237700462341,10.12986946105957,561.7652587890625
251401,100,0.51,0.12026897817850113,0.4622626006603241,11.5053071975708,1365.2181396484375
251402,100,0.47,0.03154417499899864,0.4817727208137512,8.493257522583008,637.3868408203125
251403,100,0.51,0.1015477403998375,0.5140159130096436,15.028722763061523,635.6000366210938
251404,100,0.59,0.07326872646808624,0.500900387763977,20.343111038208008,235.2412567138672
251405,11,0.6363636363636364,0.43988391757011414,0.8722823858261108,7.681641101837158,1525.7891845703125
251406,79,0.5822784810126582,0.10032552480697632,0.5287013053894043,12.703533172607422,1122.1531982421875
251407,31,0.5806451612903226,0.2929748296737671,0.49307435750961304,11.613346099853516,638.2881469726562
251408,32,0.59375,0.4479610025882721,0.47544747591018677,15.752334594726562,1842.3125
251409,100,0.58,-0.03067982941865921,0.4687136709690094,4.924203872680664,335.48150634765625
251410,100,0.54,0.10348590463399887,0.48458778858184814,10.828810691833496,731.1886596679688
251411,100,0.56,-0.049519699066877365,0.464950293302536,3.315183162689209,569.0326538085938
251412,100,0.47,0.2130880504846573,0.4805881083011627,26.547164916992188,722.798583984375
251413,91,0.5164835164835165,0.14675745368003845,0.49339789152145386,15.009235382080078,1848.1646728515625
251414,41,0.5609756097560976,0.13371482491493225,0.5656270384788513,10.113462448120117,1353.1273193359375
251415,100,0.59,0.055542659014463425,0.516653299331665,12.566230773925781,376.5204772949219
251416,100,0.53,0.04290083050727844,0.518290102481842,10.227699279785156,1226.1671142578125
251417,80,0.5875,0.21023446321487427,0.5473895072937012,22.803028106689453,1397.3072509765625
251418,13,0.6923076923076923,0.4392603635787964,0.5432803630828857,6.58204460144043,768.8029174804688
251419,100,0.52,0.1239522397518158,0.5588805675506592,13.147590637207031,281.9982604980469
251420,100,0.51,0.06278642266988754,0.44091665744781494,17.4991512298584,335.8739013671875
251421,100,0.5,0.08531491458415985,0.5351588726043701,12.553577423095703,798.6749267578125
251422,100,0.53,-0.10048831254243851,0.4714394509792328,1.843489646911621,853.1278076171875
251423,100,0.53,0.019251445308327675,0.5405321717262268,5.965913772583008,524.0374755859375
251424,100,0.56,0.11269282549619675,0.4140290915966034,22.090656280517578,1210.912109375
251425,100,0.43,0.06003497540950775,0.474035382270813,7.7381510734558105,178.44357299804688
251426,100,0.51,0.09165009111166,0.5140603184700012,12.505887031555176,680.0704956054688
251427,100,0.58,0.09448064863681793,0.4210314452648163,13.025735855102539,612.3416137695312
251428,100,0.5,0.05170600116252899,0.523413360118866,7.883135795593262,236.96957397460938
251429,100,0.51,0.024262921884655952,0.4392813742160797,8.771406173706055,715.9365844726562
251430,57,0.5263157894736842,0.15292857587337494,0.6053192615509033,15.041335105895996,1865.8089599609375
251431,100,0.5,-0.07172707468271255,0.5303007960319519,7.195676803588867,398.88897705078125
251432,100,0.44,-0.03783164918422699,0.48695454001426697,4.881863594055176,1521.5751953125
251433,79,0.5443037974683544,0.22836293280124664,0.46271467208862305,20.830419540405273,1339.7958984375
251434,64,0.5625,0.2840348780155182,0.467597633600235,24.156204223632812,1680.5472412109375
251435,7,1.0,0.2551541328430176,,3.3784353733062744,1683.9278564453125
251436,26,0.46153846153846156,0.08435896784067154,0.5755305290222168,7.321840763092041,698.1756591796875
251437,100,0.54,0.0713338553905487,0.42896103858947754,5.652184009552002,716.0798950195312
251438,100,0.42,-0.021929459646344185,0.4902520477771759,2.986330270767212,446.5547180175781
251439,100,0.49,0.005863766185939312,0.5087350606918335,9.788422584533691,1315.64208984375
251440,55,0.6363636363636364,0.15066282451152802,0.5284370183944702,11.952272415161133,769.7601318359375
251441,100,0.49,0.06339830160140991,0.4767526388168335,8.888222694396973,796.361328125
251442,100,0.47,0.034935567528009415,0.4784409999847412,8.004890441894531,271.5450439453125
251443,29,0.4482758620689655,0.019085045903921127,0.541458010673523,4.378807067871094,980.4437866210938
251444,100,0.53,0.0674823522567749,0.43296200037002563,10.603894233703613,923.0316772460938
251445,100,0.49,0.027192497625947,0.5641565322875977,11.94886589050293,609.7735595703125
251446,100,0.57,0.013066709041595459,0.509993851184845,5.19399881362915,838.2196655273438
251447,100,0.51,0.0011670624371618032,0.5704824328422546,5.508781909942627,757.36279296875
251448,100,0.54,0.05609831213951111,0.553572952747345,10.285325050354004,550.7593994140625
251449,100,0.47,0.16110122203826904,0.5521138310432434,13.438450813293457,639.2080688476562
251450,100,0.54,-0.20956364274024963,0.5232399702072144,1.410824179649353,969.5220336914062
251451,24,0.4583333333333333,0.09014809131622314,0.4034247100353241,5.517542362213135,1727.0230712890625
251452,100,0.42,0.1353265941143036,0.42350122332572937,17.37664031982422,816.345947265625
251453,100,0.47,0.026368387043476105,0.5458749532699585,16.648365020751953,711.4855346679688
251454,33,0.42424242424242425,0.16919389367103577,0.36498892307281494,7.41721248626709,617.6764526367188
251455,25,0.56,0.39381319284439087,0.5637061595916748,10.571331977844238,943.4497680664062
251456,100,0.59,0.05045896768569946,0.5010199546813965,10.455392837524414,194.89305114746094
251457,100,0.37,0.05653329938650131,0.4543590545654297,9.533402442932129,617.1603393554688
251458,100,0.49,0.10040111839771271,0.5021806359291077,10.064352035522461,233.76451110839844
251459,100,0.51,-0.0029238369315862656,0.544022262096405,4.532057762145996,1511.34716796875
251460,100,0.55,0.04467564448714256,0.5155915021896362,7.379470348358154,147.23951721191406
251461,100,0.5,0.029274582862854004,0.4535692632198334,6.584472179412842,851.133544921875
251462,57,0.47368421052631576,0.16131125390529633,0.4684235453605652,7.325189113616943,1720.198486328125
251463,69,0.5362318840579711,0.07835042476654053,0.4768555462360382,8.310761451721191,2211.60546875
251464,100,0.49,0.12136196345090866,0.4910724461078644,13.289434432983398,405.5364074707031
251465,66,0.5454545454545454,0.02577025629580021,0.407470166683197,11.860198020935059,1179.334716796875
251466,100,0.5,0.05323508754372597,0.47952792048454285,8.249471664428711,1012.69970703125
251467,98,0.4489795918367347,0.12069740891456604,0.4571226239204407,12.327998161315918,613.282958984375
251468,56,0.6071428571428571,0.10134469717741013,0.44141456484794617,11.004502296447754,518.0841674804688
251469,32,0.59375,0.5597800612449646,0.4733961820602417,22.132797241210938,946.1795654296875
251470,100,0.47,0.09569063782691956,0.4837974011898041,9.306631088256836,1318.6787109375
251471,50,0.34,0.09583000838756561,0.456210196018219,8.443804740905762,572.98193359375
251472,100,0.49,0.019796468317508698,0.5297210812568665,5.082496166229248,1322.4488525390625
251473,20,0.6,0.3838571608066559,0.4417519271373749,8.64210319519043,1570.451171875
251474,100,0.52,0.08472248911857605,0.4484330117702484,13.257892608642578,1115.5048828125
251475,100,0.53,0.06852305680513382,0.5062912106513977,7.471147537231445,204.20846557617188
251476,29,0.3448275862068966,0.2814125120639801,0.4408431351184845,5.849994659423828,1275.7969970703125
251477,100,0.56,0.10746140778064728,0.5243964791297913,9.930191993713379,1522.62890625
251478,100,0.49,0.07367809116840363,0.4763897955417633,7.2446184158325195,291.2044677734375
251479,20,0.7,0.16961053013801575,0.5882288813591003,2.86470103263855,944.987060546875
251480,78,0.47435897435897434,0.0551418662071228,0.4744330942630768,6.91565465927124,466.12213134765625
251481,100,0.53,-0.07086345553398132,0.5750371813774109,4.987430572509766,584.19384765625
251482,16,0.5625,0.462584912776947,0.6190308928489685,12.536178588867188,1295.555908203125
251483,100,0.44,-0.026301896199584007,0.4604050815105438,4.919798851013184,267.389892578125
251484,100,0.53,0.03926829248666763,0.4507289230823517,7.849492073059082,911.7696533203125
251485,56,0.5,0.2601751685142517,0.4514124393463135,14.50838565826416,1234.111083984375
251486,100,0.48,0.03508390486240387,0.46840888261795044,10.63928508758545,1560.6763916015625
251487,100,0.52,-0.018139472231268883,0.440985769033432,6.882681369781494,1122.07861328125
251488,100,0.48,0.03583185002207756,0.5161380171775818,5.930062294006348,1550.5450439453125
251489,100,0.5,-0.09093549102544785,0.5243380069732666,2.250084400177002,1139.602783203125
251490,78,0.48717948717948717,0.13065309822559357,0.48450595140457153,7.144100189208984,1286.8155517578125
251491,100,0.52,-0.0504533126950264,0.5243110060691833,5.841892242431641,1192.336669921875
251492,100,0.47,-0.017812442034482956,0.4811750054359436,7.322653293609619,1172.13623046875
251493,33,0.3939393939393939,0.07600493729114532,0.3793993294239044,5.717576503753662,923.6231079101562
251494,100,0.55,0.05600004643201828,0.47169461846351624,6.390286922454834,780.7766723632812
251495,14,0.5,0.6623073816299438,0.5615749955177307,10.511754989624023,748.1827392578125
251496,92,0.44565217391304346,0.08338139951229095,0.4014109671115875,8.942984580993652,1016.94873046875
251497,100,0.51,-0.057311903685331345,0.5552555918693542,3.001842737197876,673.1619873046875
251498,30,0.6,0.32355520129203796,0.47128936648368835,13.13187026977539,647.5320434570312
251499,100,0.49,0.0491829551756382,0.5105187892913818,7.780230522155762,978.8576049804688
251500,100,0.66,-0.07156877964735031,0.45242413878440857,4.139909744262695,250.55369567871094
251501,67,0.5223880597014925,0.02654135227203369,0.5157772302627563,3.694706916809082,1838.027587890625
251502,100,0.44,0.031025944277644157,0.5030048489570618,7.349445343017578,1297.6334228515625
251503,100,0.48,0.03873702511191368,0.55525803565979,5.097001075744629,112.61975860595703
251504,24,0.5,0.18452142179012299,0.48365461826324463,6.505818843841553,1648.35693359375
251505,100,0.4,0.03603008762001991,0.4215273857116699,9.155191421508789,322.3550109863281
251506,56,0.4107142857142857,-0.05160560831427574,0.4755587577819824,3.875232219696045,1363.710693359375
251507,38,0.5789473684210527,0.08714443445205688,0.5724571347236633,11.888795852661133,705.1835327148438
251508,100,0.55,0.06044898182153702,0.44692882895469666,7.3160295486450195,756.1844482421875
251509,100,0.5,-0.04089071601629257,0.5615770816802979,2.726619243621826,1016.2521362304688
251510,18,0.6111111111111112,0.25308796763420105,0.6124838590621948,5.945254802703857,1096.169189453125
251511,100,0.47,0.08107227832078934,0.45252516865730286,11.336899757385254,769.5864868164062
251512,100,0.57,0.09013266116380692,0.45653825998306274,5.2053303718566895,1415.5399169921875
251513,100,0.53,0.02530907653272152,0.5113635659217834,7.568706035614014,550.423095703125
251514,2,0.5,0.2692248523235321,0.45451638102531433,1.076899766921997,328.0672912597656
251515,100,0.57,0.001110333134420216,0.4684307277202606,5.882487773895264,415.6394958496094
251516,100,0.55,-0.0710839256644249,0.4941217303276062,4.050195217132568,405.6114501953125
251517,91,0.6043956043956044,0.18605540692806244,0.6302760243415833,15.933571815490723,1381.552490234375
251518,37,0.5405405405405406,0.35410577058792114,0.40487009286880493,11.712380409240723,810.4769897460938
251519,100,0.47,-0.06144925206899643,0.4133007824420929,1.8356757164001465,495.5866394042969
251520,100,0.48,0.05667966976761818,0.51322340965271,6.7474164962768555,775.634033203125
251521,8,0.25,0.41830211877822876,0.3245474100112915,2.7712435722351074,1829.929931640625
251522,100,0.47,0.03207256272435188,0.55067378282547,4.904901027679443,846.9923706054688
251523,37,0.5135135135135135,-0.044382546097040176,0.4223718047142029,1.39643394947052,376.7101135253906
251524,80,0.625,0.14889702200889587,0.47879964113235474,15.458520889282227,716.3638305664062
251525,86,0.6162790697674418,0.10230264812707901,0.3912159204483032,12.661364555358887,1224.6702880859375
251526,100,0.39,0.1657036989927292,0.485677570104599,13.165772438049316,445.06256103515625
251527,66,0.5757575757575758,0.03847957402467728,0.4008082449436188,6.493376731872559,456.86419677734375
251528,100,0.58,0.022647226229310036,0.4525271952152252,9.343442916870117,534.6358642578125
251529,33,0.6666666666666666,0.3742567002773285,0.4436791241168976,16.498563766479492,1949.114990234375
251530,100,0.48,0.04438038542866707,0.5303072333335876,9.386943817138672,730.8262939453125
251531,42,0.5952380952380952,0.47427380084991455,0.5228888988494873,22.825178146362305,1837.3927001953125
251532,95,0.4631578947368421,0.13872045278549194,0.4373261034488678,15.32227611541748,1027.9366455078125
251533,100,0.49,-0.07111600041389465,0.5048295259475708,4.273723602294922,601.8595581054688
251534,62,0.6290322580645161,0.1550193428993225,0.49265310168266296,20.755699157714844,669.5322265625
251535,100,0.53,0.05999051406979561,0.5105401277542114,7.821711540222168,1026.2418212890625
251536,100,0.44,0.13136591017246246,0.46988019347190857,16.259387969970703,1537.5914306640625
251537,44,0.4772727272727273,0.26127326488494873,0.4285854399204254,10.164373397827148,495.75811767578125
251538,100,0.52,0.002639608923345804,0.5502558350563049,6.851675510406494,827.4234619140625
251539,55,0.509090909090909,0.21077315509319305,0.48109081387519836,17.0945987701416,1104.9227294921875
251540,100,0.48,0.06231303885579109,0.49375680088996887,9.968436241149902,1225.4613037109375
251541,94,0.3829787234042553,0.16855308413505554,0.4617195427417755,14.323092460632324,1877.9478759765625
251542,100,0.59,0.03653515875339508,0.4236399531364441,4.495378494262695,833.0784301757812
251543,100,0.55,-0.03370436653494835,0.5742744207382202,7.229218006134033,643.6575317382812
251544,100,0.52,0.06476406753063202,0.4473459720611572,12.574272155761719,1023.9175415039062
251545,26,0.5384615384615384,0.2893233001232147,0.473158597946167,13.111018180847168,772.2833251953125
251546,38,0.5526315789473685,0.1923556625843048,0.5072305798530579,9.344869613647461,1554.42919921875
251547,76,0.5789473684210527,0.044825561344623566,0.5048433542251587,11.13786792755127,754.8836669921875
251548,60,0.48333333333333334,0.10063154995441437,0.40791836380958557,6.5793585777282715,1000.4812622070312
251549,100,0.55,-0.013211235404014587,0.5225701928138733,4.523366451263428,504.200927734375
251550,100,0.46,-0.02248649299144745,0.5721890330314636,4.110931396484375,917.681640625
251551,42,0.40476190476190477,0.36008238792419434,0.45339515805244446,11.565285682678223,690.39404296875
251552,100,0.45,-0.2117588073015213,0.5534902215003967,0.7518461346626282,263.8442077636719
251553,42,0.6190476190476191,0.18267972767353058,0.4293476939201355,8.060791015625,660.176513671875
251554,98,0.5612244897959183,0.09166067838668823,0.47087252140045166,8.438056945800781,1428.7445068359375
251555,100,0.46,-0.17530612647533417,0.551098644733429,2.7839584350585938,1174.1201171875
251556,34,0.5588235294117647,-0.16163130104541779,0.40859371423721313,1.2703649997711182,552.4610595703125
251557,100,0.59,-0.09852690249681473,0.520904541015625,3.1500730514526367,978.8538208007812
251558,100,0.6,-0.16066937148571014,0.4937431216239929,1.4983797073364258,1134.7845458984375
251559,95,0.47368421052631576,0.07524335384368896,0.4853627681732178,8.219520568847656,835.197265625
251560,100,0.45,-0.07502542436122894,0.43663686513900757,3.556128740310669,1003.9261474609375
251561,100,0.55,0.01943105272948742,0.5125683546066284,7.123497486114502,1757.1572265625
251562,100,0.52,-0.1677119880914688,0.4603656530380249,4.581002235412598,1012.664306640625
251563,100,0.54,-0.09627298265695572,0.4615568518638611,6.218992710113525,529.578369140625
251564,17,0.5294117647058824,0.2855718731880188,0.38044482469558716,5.838018417358398,1661.5225830078125
251565,100,0.54,0.014678925275802612,0.4167635440826416,4.660576343536377,910.2933349609375
251566,36,0.5277777777777778,0.07256411015987396,0.5404250025749207,6.747163772583008,1073.0111083984375
251567,100,0.52,0.058429114520549774,0.5471516251564026,6.132620334625244,1046.8702392578125
251568,100,0.54,-0.024490296840667725,0.5848346948623657,5.3444647789001465,965.9594116210938
251569,95,0.5578947368421052,0.0071262517012655735,0.4991702139377594,5.5462965965271,997.3289184570312
251570,100,0.52,0.04954417422413826,0.47548961639404297,8.943346977233887,690.1930541992188
251571,60,0.5833333333333334,0.07372009754180908,0.48024994134902954,9.14041519165039,1479.2454833984375
251572,11,0.7272727272727273,0.27399742603302,0.30315038561820984,5.3018479347229,628.7219848632812
251573,100,0.48,-0.017700543627142906,0.5221583843231201,5.626928329467773,419.739501953125
251574,100,0.46,-0.07212109118700027,0.4751496911048889,5.066198825836182,349.2633361816406
251575,30,0.43333333333333335,0.07781856507062912,0.6034981608390808,2.5203211307525635,617.4159545898438
251576,56,0.42857142857142855,-0.05205344036221504,0.4931826889514923,3.9959323406219482,1987.9635009765625
251577,19,0.8421052631578947,0.2668786942958832,0.4582343101501465,11.138800621032715,204.42373657226562
251578,100,0.56,-0.02003774419426918,0.5332806706428528,4.721944808959961,1933.95556640625
251579,82,0.5609756097560976,0.10489442199468613,0.4784260392189026,12.469809532165527,1606.93115234375
251580,100,0.52,0.008148043416440487,0.49876371026039124,8.567819595336914,509.1724853515625
251581,83,0.5421686746987951,0.029404163360595703,0.4890638589859009,9.751852035522461,752.5223388671875
251582,100,0.48,0.009912431240081787,0.540317177772522,7.970373630523682,824.6375122070312
251583,100,0.54,-0.08431020379066467,0.5043506026268005,2.870142936706543,1011.5481567382812
251584,13,0.5384615384615384,-0.04678111523389816,0.4572160243988037,1.0063440799713135,317.5531005859375
251585,89,0.550561797752809,0.02956255152821541,0.501630425453186,7.193023204803467,761.0890502929688
251586,81,0.5061728395061729,0.07067447900772095,0.4531264305114746,8.244287490844727,908.6832275390625
251587,34,0.5,0.23521846532821655,0.48918482661247253,9.271215438842773,958.4602661132812
251588,100,0.46,-0.037837330251932144,0.5412660241127014,5.1328582763671875,603.0867309570312
251589,100,0.54,-0.008685742504894733,0.4533438980579376,5.379068374633789,465.3767395019531
251590,100,0.51,0.015096516348421574,0.4691074788570404,7.7914228439331055,1724.254638671875
251591,100,0.58,0.09045916795730591,0.45693284273147583,15.957176208496094,882.003662109375
251592,15,0.7333333333333333,0.2696203291416168,0.5007516145706177,5.694269180297852,2033.2608642578125
251593,100,0.52,0.09238114953041077,0.514855146408081,9.620307922363281,646.46826171875
251594,33,0.6060606060606061,0.1985701471567154,0.462685763835907,12.298397064208984,834.33251953125
251595,100,0.59,-0.16829390823841095,0.4742085635662079,0.9542482495307922,213.15814208984375
251596,59,0.4576271186440678,-0.04059557244181633,0.5119005441665649,4.531355381011963,904.9445190429688
251597,28,0.5357142857142857,0.1750355362892151,0.3738405108451843,6.551149845123291,187.43576049804688
251598,100,0.62,0.0731392353773117,0.4507204294204712,9.683930397033691,112.34715270996094
251599,100,0.5,0.03143049031496048,0.5581732988357544,7.153937339782715,973.761962890625
251600,85,0.4470588235294118,0.12360640615224838,0.4693309962749481,11.30879020690918,1389.32861328125
251601,43,0.46511627906976744,0.3041072487831116,0.530914306640625,12.453766822814941,779.1239013671875
251602,100,0.58,0.023144017904996872,0.5059558153152466,3.020440101623535,951.6128540039062
251603,100,0.44,0.04001611843705177,0.4465160369873047,10.11701774597168,650.0909423828125
251604,47,0.5531914893617021,0.21586011350154877,0.4458860158920288,14.228857040405273,532.4558715820312
251605,100,0.58,0.01074159238487482,0.4958120584487915,5.80404806137085,898.4649658203125
251606,14,0.42857142857142855,0.5447586178779602,0.4408090114593506,7.177395820617676,1727.2657470703125
251607,85,0.4470588235294118,0.1163688451051712,0.4953998029232025,9.88052749633789,876.5413208007812
251608,54,0.6111111111111112,0.2452124059200287,0.40859121084213257,21.52603530883789,1673.7528076171875
251609,89,0.4606741573033708,0.14929774403572083,0.48556604981422424,15.921180725097656,1519.188232421875
251610,47,0.5957446808510638,0.20400893688201904,0.48687100410461426,12.948385238647461,481.1601867675781
251611,100,0.49,0.03439866378903389,0.4885687232017517,7.942539215087891,1051.8468017578125
251612,100,0.55,0.006120007485151291,0.5055978298187256,7.461277484893799,1206.921875
251613,23,0.43478260869565216,0.3192078471183777,0.5314928293228149,10.648417472839355,1348.77392578125
251614,72,0.4305555555555556,0.10241597890853882,0.45186108350753784,12.519100189208984,1293.6925048828125
251615,20,0.6,0.20922087132930756,0.460081547498703,7.385584354400635,1289.04638671875
251616,100,0.48,-0.032859984785318375,0.5113731026649475,4.016116142272949,568.6738891601562
251617,100,0.51,-0.07122968882322311,0.5265441536903381,3.2335915565490723,1057.10546875
251618,27,0.6296296296296297,0.03629542887210846,0.46605879068374634,3.567702054977417,1211.767578125
251619,45,0.5333333333333333,0.10504753142595291,0.5015512108802795,8.215219497680664,846.5545654296875
251620,100,0.51,0.09742308408021927,0.5534301996231079,11.00184440612793,295.161865234375
251621,100,0.39,0.0029142629355192184,0.5309430956840515,2.797642230987549,1304.033935546875
251622,93,0.5698924731182796,0.040339983999729156,0.5383888483047485,6.474269390106201,332.9773864746094
251623,100,0.49,0.004204584285616875,0.5529993176460266,3.8201608657836914,1157.52294921875
251624,5,1.0,0.46320754289627075,,5.631186485290527,1077.5845947265625
251625,35,0.42857142857142855,0.12481284141540527,0.5035955905914307,5.811789035797119,452.4212951660156
251626,100,0.39,-0.030993128195405006,0.5014599561691284,2.6270055770874023,1154.020751953125
251627,100,0.5,0.015194039791822433,0.4808194637298584,9.624507904052734,905.5440063476562
251628,100,0.56,0.0616593174636364,0.43727797269821167,11.165299415588379,435.9794006347656
251629,40,0.5,0.3375905156135559,0.34963154792785645,17.149608612060547,1774.332275390625
251630,100,0.47,-0.08854865282773972,0.6240977048873901,3.222318410873413,110.3521728515625
251631,32,0.40625,0.02357584424316883,0.48147377371788025,3.692850112915039,681.0415649414062
251632,90,0.5111111111111111,0.00953146442770958,0.4456489682197571,9.783812522888184,563.9161376953125
251633,79,0.5569620253164557,0.15024496614933014,0.4700110852718353,9.113306045532227,357.8468322753906
251634,57,0.45614035087719296,0.16950614750385284,0.5389261841773987,12.22812271118164,381.94921875
251635,38,0.5,0.24795828759670258,0.522493839263916,12.534147262573242,637.6673583984375
251636,64,0.578125,0.14667102694511414,0.6186679005622864,13.399792671203613,779.7470703125
251637,100,0.58,0.03527499735355377,0.5053539872169495,7.170301914215088,509.3236083984375
251638,100,0.52,0.016724469140172005,0.5565739274024963,6.819694995880127,1611.086669921875
251639,100,0.57,0.06075800582766533,0.47998979687690735,8.015569686889648,172.4373016357422
251640,100,0.47,0.20381282269954681,0.3998868763446808,16.230348587036133,1673.19677734375
251641,100,0.58,0.10990152508020401,0.4427949786186218,12.663741111755371,518.9542236328125
251642,61,0.39344262295081966,0.1133618950843811,0.5296221971511841,7.269576072692871,1599.482421875
251643,13,0.5384615384615384,0.3244926929473877,0.3655393421649933,6.5152387619018555,1240.2132568359375
251644,29,0.5862068965517241,0.4434563219547272,0.527169406414032,10.38974666595459,1901.5198974609375
251645,18,0.6111111111111112,0.04260360077023506,0.5611163377761841,5.154666423797607,1371.7882080078125
251646,52,0.5,-0.13247570395469666,0.5208362340927124,1.7936125993728638,436.92962646484375
251647,18,0.4444444444444444,0.37305140495300293,0.6499840021133423,8.467310905456543,1103.9993896484375
251648,100,0.44,0.0632714182138443,0.48350781202316284,8.283121109008789,1349.9063720703125
251649,100,0.44,-0.04036499559879303,0.4909422695636749,1.85494065284729,1092.9886474609375
251650,44,0.45454545454545453,0.2656368315219879,0.43168798089027405,9.777788162231445,649.700439453125
251651,100,0.5,0.02570445090532303,0.4846767485141754,12.472760200500488,1336.01611328125
251652,67,0.582089552238806,0.07567881047725677,0.40125948190689087,10.052970886230469,715.7169189453125
251653,69,0.5362318840579711,0.13033823668956757,0.44458577036857605,17.93753433227539,1165.2705078125
251654,34,0.4117647058823529,0.15629084408283234,0.476616770029068,6.029534816741943,911.9614868164062
251655,63,0.4444444444444444,0.10303199291229248,0.4318321645259857,7.071073532104492,631.9327392578125
251656,64,0.5625,0.11681948602199554,0.48469728231430054,9.537820816040039,1039.11083984375
251657,23,0.4782608695652174,0.2907305061817169,0.5059526562690735,6.451366901397705,895.7736206054688
