scene,steps,move_share,mean_move_param,mean_abs_turn_param,mean_speed_mps,final_distance_to_active_goal_m
250000,100,0.53,0.04027919843792915,0.42969274520874023,6.091393947601318,1244.2159423828125
250001,100,0.47,-0.05357551947236061,0.5337498784065247,5.417053699493408,692.6467895507812
250002,100,0.51,0.07460442185401917,0.4639407992362976,9.337197303771973,718.9498901367188
250003,100,0.54,-0.008171259425580502,0.5664297342300415,4.64102029800415,1340.1427001953125
250004,47,0.3829787234042553,0.17746202647686005,0.3689597547054291,5.553684711456299,748.0424194335938
250005,100,0.5,0.04701671004295349,0.5062723755836487,6.376219272613525,1244.0728759765625
250006,87,0.5517241379310345,-0.027805641293525696,0.5355512499809265,4.293562412261963,1267.796875
250007,66,0.48484848484848486,0.2710704207420349,0.44920942187309265,17.934249877929688,1997.406005859375
250008,30,0.5,0.018033893778920174,0.42225542664527893,3.382599115371704,1898.2303466796875
250009,100,0.6,0.02523076720535755,0.4766358733177185,13.249411582946777,748.6372680664062
250010,100,0.55,-0.0003215204633306712,0.4764059782028198,7.539223670959473,1333.9072265625
250011,100,0.44,-0.020059429109096527,0.48623064160346985,3.6505773067474365,577.4730834960938
250012,100,0.27,0.2650463581085205,0.6968621611595154,17.506654739379883,374.9945983886719
250013,100,0.2,0.12838689982891083,0.5748617053031921,6.16899299621582,569.030517578125
250014,100,0.28,0.23023119568824768,0.5215985774993896,10.333910942077637,1988.5228271484375
250015,51,0.3333333333333333,0.25195661187171936,0.5669808983802795,11.35176944732666,1791.8245849609375
250016,100,0.37,0.10823926329612732,0.49999213218688965,15.203727722167969,603.9736328125
250017,100,0.45,0.11744968593120575,0.5623108744621277,19.560922622680664,325.6060791015625
250018,100,0.56,0.10181911289691925,0.4870613217353821,14.124192237854004,500.970947265625
250019,100,0.52,0.19614621996879578,0.5483075976371765,19.09320068359375,1195.750244140625
250020,58,0.41379310344827586,0.035172585397958755,0.5636553168296814,4.951704025268555,1868.7130126953125
250021,100,0.56,0.05373528227210045,0.5558366775512695,17.190088272094727,943.775390625
250022,100,0.52,-0.17692698538303375,0.5332070589065552,4.163522720336914,1578.8656005859375
250023,100,0.54,-0.04469600319862366,0.560580849647522,11.623188018798828,2434.08837890625
250024,100,0.54,0.030542518943548203,0.5919098854064941,13.578946113586426,722.0985107421875
250025,100,0.61,-0.11779709160327911,0.4697279930114746,3.1805648803710938,1576.73388671875
250026,100,0.46,-0.031431958079338074,0.5836214423179626,6.635608673095703,436.4039611816406
250027,100,0.14,0.11184103786945343,0.6468600630760193,3.3504526615142822,1062.9571533203125
250028,100,0.18,0.22004567086696625,0.5898011922836304,7.228755950927734,1428.921142578125
250029,100,0.21,0.01792210154235363,0.6047511696815491,6.557229042053223,1275.2518310546875
250030,100,0.37,0.371593713760376,0.5335200428962708,23.614213943481445,1032.5946044921875
250031,100,0.32,0.06585024297237396,0.5533943772315979,9.742698669433594,625.6508178710938
250032,9,0.3333333333333333,0.6448171734809875,0.6351892948150635,4.420838356018066,2022.0677490234375
250033,71,0.323943661971831,0.33543235063552856,0.6312245726585388,13.52617073059082,1141.8211669921875
250034,100,0.41,0.12468215823173523,0.531740665435791,12.92998218536377,1800.69091796875
250035,68,0.4852941176470588,0.1719103306531906,0.5569943785667419,9.075952529907227,649.122314453125
250036,23,0.5652173913043478,-0.027471322566270828,0.4429432451725006,2.8604462146759033,813.8652954101562
250037,62,0.5483870967741935,0.194542795419693,0.503341794013977,18.065658569335938,1560.089599609375
250038,9,0.3333333333333333,0.2555408775806427,0.6294817924499512,3.246979236602783,994.4295043945312
250039,100,0.42,0.021948209032416344,0.5373509526252747,7.765224933624268,983.9946899414062
250040,100,0.48,-0.26980480551719666,0.465976357460022,0.8203629851341248,970.3790283203125
250041,100,0.39,0.0010648659663274884,0.5426772832870483,7.72288703918457,1434.8822021484375
250042,100,0.47,-0.05668327584862709,0.5528180599212646,4.719771862030029,628.6632690429688
250043,57,0.5087719298245614,-0.07990065217018127,0.5031641721725464,2.5959556102752686,1585.1702880859375
250044,100,0.53,-0.02231963910162449,0.47129160165786743,6.9419732093811035,576.7181396484375
250045,55,0.509090909090909,-0.06438324600458145,0.479652464389801,2.455213785171509,1016.3712768554688
250046,100,0.49,-0.06701082736253738,0.5989335179328918,4.4649128913879395,477.15057373046875
250047,76,0.47368421052631576,0.019306953996419907,0.5310043096542358,8.748066902160645,855.2130126953125
250048,100,0.48,0.04531635716557503,0.4989328384399414,10.664647102355957,976.208740234375
250049,100,0.47,-0.0213336031883955,0.5339803695678711,4.56547212600708,1166.26953125
250050,100,0.46,0.023782145231962204,0.5728111267089844,8.381699562072754,898.984619140625
250051,100,0.5,-0.07511398196220398,0.5019389986991882,5.776466369628906,1232.049560546875
250052,100,0.46,-0.13367591798305511,0.5108203291893005,4.354222774505615,1494.2637939453125
250053,100,0.47,-0.04604649916291237,0.600502073764801,4.448342323303223,241.27857971191406
250054,91,0.5494505494505495,-0.03056264854967594,0.5308077931404114,6.931195259094238,934.007568359375
250055,10,0.7,0.27485641837120056,0.5330572724342346,4.6485209465026855,1669.6295166015625
250056,100,0.49,-0.05463530495762825,0.495851069688797,2.7145721912384033,1115.670166015625
250057,100,0.47,-0.03227691352367401,0.5581121444702148,3.8344457149505615,1067.4132080078125
250058,20,0.5,0.37598782777786255,0.6422310471534729,6.250882625579834,1273.21337890625
250059,44,0.4318181818181818,0.12885808944702148,0.5674754977226257,3.0893216133117676,1707.04345703125
250060,71,0.4507042253521127,-0.15156598389148712,0.5563837885856628,1.4034327268600464,1156.8231201171875
250061,100,0.51,-0.004474707879126072,0.5307632088661194,8.885573387145996,858.697265625
250062,57,0.40350877192982454,-0.2310345619916916,0.5749069452285767,1.4040642976760864,1574.919189453125
250063,60,0.43333333333333335,0.14679981768131256,0.51298588514328,8.388964653015137,1531.564208984375
250064,100,0.45,-0.0385143980383873,0.4814334809780121,3.51426100730896,886.0159912109375
250065,100,0.51,0.04362257942557335,0.4819943904876709,14.335626602172852,838.2161254882812
250066,100,0.55,0.09516864269971848,0.5511119961738586,13.659621238708496,699.9599609375
250067,100,0.44,-0.05503953620791435,0.5264036059379578,5.249752044677734,1825.5494384765625
250068,79,0.45569620253164556,-0.1165556013584137,0.4937957525253296,4.56540584564209,818.5155639648438
250069,100,0.51,0.06352517008781433,0.49558576941490173,5.364168167114258,1258.6370849609375
250070,100,0.51,-0.08432766050100327,0.47812244296073914,3.0302982330322266,684.9867553710938
250071,100,0.6,-0.027623457834124565,0.5323114991188049,5.194329738616943,1347.407470703125
250072,100,0.45,-0.07727468758821487,0.5839508175849915,4.96366024017334,676.9135131835938
250073,100,0.42,-0.058000337332487106,0.5835220217704773,3.7070534229278564,386.8975830078125
250074,100,0.41,-0.053107041865587234,0.5434285998344421,3.107405662536621,766.460205078125
250075,100,0.48,-0.011683990247547626,0.4923322796821594,4.707124710083008,1678.0528564453125
250076,100,0.56,-0.07012593746185303,0.5404887795448303,4.026318073272705,523.5032958984375
250077,100,0.41,0.1960214525461197,0.5124613642692566,12.847617149353027,1314.2845458984375
250078,47,0.46808510638297873,0.06825853139162064,0.4599921703338623,4.7893195152282715,1693.1416015625
250079,100,0.45,0.022792834788560867,0.49753257632255554,5.167353630065918,1503.40234375
250080,100,0.5,-0.14566968381404877,0.5744953751564026,3.6444432735443115,1135.0638427734375
250081,100,0.47,0.0802687257528305,0.4559021592140198,12.012907981872559,1861.69140625
250082,100,0.46,0.000181668481673114,0.5528245568275452,8.169022560119629,1839.489990234375
250083,100,0.46,-0.010510298423469067,0.4504632353782654,3.3743624687194824,1309.08935546875
250084,100,0.51,0.05605603754520416,0.5751563310623169,8.406018257141113,123.49951171875
250085,100,0.44,0.10812558978796005,0.623350977897644,6.758784294128418,326.28106689453125
250086,100,0.51,-0.047191422432661057,0.5462846755981445,4.023665428161621,332.66461181640625
250087,100,0.52,-0.0041641658172011375,0.546349287033081,7.003634452819824,711.2536010742188
250088,100,0.6,-0.08150637149810791,0.5052301287651062,4.517571926116943,1295.6639404296875
250089,100,0.51,-0.012357073836028576,0.47086623311042786,7.330216884613037,374.6358642578125
250090,100,0.48,-0.02688923291862011,0.5786701440811157,4.99412202835083,1453.6898193359375
250091,100,0.45,-0.12372656166553497,0.5988103151321411,3.9724435806274414,1536.82373046875
250092,100,0.57,-0.10355444252490997,0.5911076664924622,2.7811999320983887,587.3016967773438
250093,100,0.54,-0.08008838444948196,0.5318429470062256,1.5848240852355957,650.0484008789062
250094,67,0.5074626865671642,0.03174690902233124,0.4389773905277252,8.119062423706055,1692.681396484375
250095,100,0.53,-0.05825825408101082,0.4193263649940491,2.5364303588867188,1301.44189453125
250096,100,0.52,-0.008135851472616196,0.5507171154022217,6.2489013671875,1431.7816162109375
250097,100,0.55,-0.06874354928731918,0.5197756290435791,4.568423271179199,759.4447631835938
250098,100,0.53,-0.01772412098944187,0.4726271629333496,4.9915361404418945,611.6478881835938
250099,95,0.5052631578947369,0.09365730732679367,0.5048864483833313,7.610108852386475,1567.5657958984375
250100,100,0.49,-0.16436448693275452,0.5082454681396484,1.341981291770935,767.9763793945312
250101,100,0.51,0.17094731330871582,0.4299412965774536,18.815345764160156,1069.66552734375
250102,100,0.43,-0.07068164646625519,0.5509840250015259,3.2518320083618164,1121.116455078125
250103,100,0.46,0.017453867942094803,0.5370103716850281,6.814720630645752,794.5521240234375
250104,100,0.43,-0.08496217429637909,0.5638771057128906,1.7320988178253174,514.72021484375
250105,100,0.41,0.1710563451051712,0.4943394362926483,18.11432456970215,1290.670166015625
250106,99,0.5656565656565656,0.08465040475130081,0.5989696383476257,11.99778938293457,935.4976806640625
250107,60,0.6,0.05164635181427002,0.4723672866821289,4.993180274963379,1783.828857421875
250108,100,0.49,-0.030935432761907578,0.5054085850715637,3.064640998840332,845.6690673828125
250109,100,0.52,0.10579650104045868,0.5102922916412354,23.320003509521484,1707.99951171875
250110,100,0.45,0.036439646035432816,0.5262089967727661,9.231361389160156,882.4359130859375
250111,100,0.56,0.01607051119208336,0.5486370325088501,10.974176406860352,1029.77685546875
250112,100,0.43,0.06679091602563858,0.5202093720436096,13.087443351745605,2044.6505126953125
250113,100,0.54,0.038674838840961456,0.5358589291572571,7.558530330657959,1770.586181640625
250114,100,0.51,-0.015997979789972305,0.44163578748703003,7.1852545738220215,248.16055297851562
250115,100,0.54,-0.07437868416309357,0.47416213154792786,8.67983341217041,795.8896484375
250116,100,0.5,-0.12226599454879761,0.6072314977645874,4.430015563964844,880.0742797851562
250117,100,0.51,-0.05859692394733429,0.5720916986465454,6.331064224243164,912.3837890625
250118,17,0.4117647058823529,0.36889880895614624,0.45404577255249023,6.748045921325684,1359.168701171875
250119,100,0.44,-0.03619365394115448,0.525633692741394,3.40787410736084,996.3067016601562
250120,81,0.5555555555555556,0.05368657037615776,0.5068262219429016,8.624049186706543,2200.11279296875
250121,100,0.6,0.06283020228147507,0.5087671875953674,10.763089179992676,358.01708984375
250122,100,0.44,0.031040281057357788,0.5217677354812622,7.771278381347656,539.6650390625
250123,47,0.40425531914893614,-0.013025790452957153,0.48281195759773254,3.3853886127471924,1572.939453125
250124,100,0.59,0.021352259442210197,0.5137936472892761,8.715364456176758,915.5616455078125
250125,100,0.59,-0.06175072863698006,0.5548497438430786,5.997215270996094,1967.3170166015625
250126,100,0.47,-0.12318908423185349,0.5323562026023865,3.2705414295196533,1248.9755859375
250127,100,0.48,0.00038747364305891097,0.6059227585792542,4.234833717346191,1247.587646484375
250128,100,0.47,0.10338465869426727,0.4346729815006256,6.048452854156494,810.949462890625
250129,24,0.5833333333333334,0.17180922627449036,0.5793775320053101,6.113760471343994,1305.9769287109375
250130,89,0.4157303370786517,0.26232481002807617,0.535086989402771,19.056974411010742,1459.0428466796875
250131,90,0.5444444444444444,0.11439424008131027,0.5633102059364319,12.572431564331055,1515.37353515625
250132,100,0.49,-0.05069761350750923,0.49829816818237305,4.033465385437012,1351.841796875
250133,100,0.58,-0.021901769563555717,0.4638553261756897,4.554916858673096,850.1190795898438
250134,62,0.5806451612903226,0.08552252501249313,0.5165567994117737,10.430355072021484,1920.7388916015625
250135,100,0.46,-0.10821446031332016,0.5224180221557617,5.4301300048828125,706.74755859375
250136,100,0.54,0.038224074989557266,0.4910942018032074,5.991035461425781,1445.3994140625
250137,100,0.42,-0.03879689425230026,0.5642902255058289,4.233541488647461,616.0076904296875
250138,100,0.51,-0.054810840636491776,0.4664747714996338,5.751157283782959,251.66627502441406
250139,100,0.51,0.006323894020169973,0.5834380388259888,4.826633453369141,1294.7933349609375
250140,100,0.59,0.0244892630726099,0.4020795524120331,8.173450469970703,482.6164245605469
250141,100,0.41,0.03340291976928711,0.4965580105781555,4.304449558258057,503.32891845703125
250142,61,0.5245901639344263,0.06702492386102676,0.5350713133811951,7.448549270629883,452.3495788574219
250143,100,0.56,0.02456854283809662,0.593744695186615,9.822680473327637,424.317138671875
250144,100,0.53,-0.03521000221371651,0.5057405233383179,8.89275074005127,584.0113525390625
250145,87,0.5402298850574713,0.1248483955860138,0.5248856544494629,18.01811981201172,1578.652587890625
250146,100,0.5,-0.03494812920689583,0.5640581250190735,3.38867449760437,1203.6617431640625
250147,100,0.48,0.01360753457993269,0.4467553496360779,4.289842128753662,945.1589965820312
250148,100,0.52,0.02049080841243267,0.535272479057312,6.763118267059326,306.9949035644531
250149,100,0.52,-0.2022418975830078,0.5644388794898987,0.7953492999076843,481.90985107421875
250150,100,0.53,-0.011394545435905457,0.5119200944900513,6.305275917053223,574.3923950195312
250151,100,0.55,-0.13631857931613922,0.53178870677948,1.468363881111145,1273.46240234375
250152,69,0.5797101449275363,-0.06295983493328094,0.44001147150993347,3.9902191162109375,1014.9091186523438
250153,100,0.51,0.037756580859422684,0.5274330973625183,9.587911605834961,722.0968017578125
250154,100,0.5,-0.1302676647901535,0.5527483224868774,2.009385108947754,483.8634033203125
250155,100,0.61,-0.06869741529226303,0.5182007551193237,3.9817943572998047,1036.33203125
250156,53,0.4339622641509434,0.06562107801437378,0.48352137207984924,7.108293533325195,1390.21142578125
250157,100,0.47,-0.10808169841766357,0.5048545002937317,2.6565587520599365,1823.5067138671875
250158,100,0.37,-0.12306183576583862,0.40975069999694824,3.2835917472839355,1467.275390625
250159,100,0.46,0.06194683909416199,0.529107391834259,8.076327323913574,335.59747314453125
250160,100,0.51,0.12396404892206192,0.5119737386703491,18.155376434326172,1040.0218505859375
250161,100,0.47,0.018643533810973167,0.6026307344436646,4.199097156524658,857.5881958007812
250162,81,0.5308641975308642,0.11523877829313278,0.4754636585712433,17.387094497680664,1560.108642578125
250163,68,0.5147058823529411,0.12941639125347137,0.5874863266944885,8.244226455688477,1339.7200927734375
250164,100,0.6,-0.19001451134681702,0.4795304834842682,1.8273366689682007,1129.3331298828125
250165,18,0.4444444444444444,-0.1443810611963272,0.537521243095398,0.6512242555618286,960.9564819335938
250166,100,0.56,0.0200502909719944,0.49527299404144287,14.96507453918457,503.2744445800781
250167,100,0.4,-0.13649651408195496,0.5171046257019043,2.0281548500061035,1454.9024658203125
250168,86,0.4883720930232558,0.1295928806066513,0.544959306716919,8.043758392333984,1442.2513427734375
250169,53,0.5094339622641509,0.15081197023391724,0.5718808770179749,7.675199031829834,1090.0333251953125
250170,100,0.64,0.0266115702688694,0.5159253478050232,6.214848518371582,478.5606384277344
250171,82,0.5365853658536586,0.07600998878479004,0.5206127166748047,13.426239967346191,1242.5689697265625
250172,100,0.58,-0.10189961642026901,0.5108073949813843,4.312443733215332,975.1074829101562
250173,72,0.5833333333333334,-0.09079578518867493,0.41590145230293274,1.7996495962142944,586.2549438476562
250174,100,0.55,0.024929948151111603,0.5661042332649231,7.4555182456970215,1180.0936279296875
250175,100,0.54,-0.036069273948669434,0.5627538561820984,6.155280590057373,514.6060180664062
250176,100,0.45,-0.2055928111076355,0.5635284781455994,2.009934186935425,735.2012329101562
250177,100,0.5,0.08088676631450653,0.5213427543640137,10.121910095214844,1342.38623046875
250178,100,0.54,-0.07093583047389984,0.5489746332168579,3.450026035308838,968.6087036132812
250179,100,0.49,0.03420973941683769,0.44930499792099,5.9690704345703125,601.3192138671875
250180,100,0.56,0.019177045673131943,0.6012973785400391,10.583544731140137,1258.1846923828125
250181,46,0.5217391304347826,-0.09972133487462997,0.5093566179275513,2.516422748565674,1637.4788818359375
250182,100,0.42,0.0026608805637806654,0.6110996007919312,8.374411582946777,923.2677001953125
250183,100,0.52,-0.053370676934719086,0.5110777020454407,7.905298233032227,511.5451354980469
250184,47,0.46808510638297873,-0.025469757616519928,0.509289562702179,3.0604565143585205,1355.0069580078125
250185,100,0.48,0.008759585209190845,0.4760049283504486,8.53650951385498,1302.71240234375
250186,100,0.48,0.06705757230520248,0.5259222388267517,8.181036949157715,1264.01171875
250187,100,0.5,-0.030828004702925682,0.5269068479537964,5.530134677886963,890.0894775390625
250188,100,0.45,0.07141672074794769,0.5556363463401794,12.624166488647461,403.0233154296875
250189,59,0.559322033898305,0.038958217948675156,0.5122554302215576,8.242122650146484,1406.1295166015625
250190,100,0.53,0.199724018573761,0.5152078866958618,20.638751983642578,261.3337707519531
250191,100,0.53,-0.09670652449131012,0.506480872631073,2.804797887802124,713.3615112304688
250192,100,0.41,0.009172550402581692,0.44378429651260376,6.2226104736328125,1243.976318359375
250193,100,0.41,-0.002509258221834898,0.4926587641239166,5.065802574157715,826.2109985351562
250194,100,0.51,0.21858340501785278,0.5526021718978882,21.190595626831055,1044.341064453125
250195,100,0.4,-0.008009105920791626,0.4645610749721527,10.008938789367676,1059.6466064453125
250196,100,0.46,-0.1317242532968521,0.5733396410942078,1.2014461755752563,780.15673828125
250197,100,0.51,-0.12201816588640213,0.49894624948501587,3.740999698638916,1253.2781982421875
250198,100,0.46,-0.0566001757979393,0.49377644062042236,12.051382064819336,682.431396484375
250199,100,0.53,0.03731273114681244,0.5855518579483032,7.809467792510986,1161.4671630859375
250200,100,0.5,-0.0745551660656929,0.4858623743057251,3.347090005874634,993.0593872070312
250201,48,0.5208333333333334,-0.0453270822763443,0.5393515229225159,2.8311541080474854,1057.034423828125
250202,100,0.49,-0.16099371016025543,0.5034876465797424,1.2171710729599,726.4315795898438
250203,69,0.4782608695652174,0.12655648589134216,0.4135153293609619,5.4610419273376465,1310.9395751953125
250204,100,0.51,0.07362134754657745,0.5317713618278503,9.635286331176758,1761.1500244140625
250205,100,0.53,-0.1278596967458725,0.5497922897338867,3.6239922046661377,1301.9571533203125
250206,77,0.5064935064935064,0.022753646597266197,0.4522676467895508,6.251849174499512,1534.5731201171875
250207,100,0.52,-0.0013302870793268085,0.5059470534324646,7.526387691497803,502.1144104003906
250208,100,0.45,-0.02443045750260353,0.4864669144153595,5.968802452087402,1131.43359375
250209,100,0.48,-0.05162491276860237,0.5624535083770752,3.0887956619262695,945.1814575195312
250210,78,0.5256410256410257,-0.19399604201316833,0.60691899061203,0.9910076260566711,1258.41845703125
250211,63,0.4603174603174603,0.17890536785125732,0.6388252973556519,13.177972793579102,1805.0953369140625
250212,100,0.47,-0.01362913940101862,0.4454064667224884,7.986684799194336,571.76513671875
250213,15,0.8,0.21682320535182953,0.5955825448036194,10.111404418945312,842.749267578125
250214,100,0.47,-0.05821957811713219,0.4859858453273773,5.396299362182617,1032.78662109375
250215,100,0.45,-0.1134442538022995,0.5926593542098999,4.699038505554199,641.2169189453125
250216,69,0.37681159420289856,0.022399434819817543,0.5399454832077026,3.092271566390991,1580.0718994140625
250217,100,0.45,-0.0029775500297546387,0.5750256180763245,7.322307109832764,1155.292724609375
250218,100,0.46,-0.03057192452251911,0.5257582068443298,3.58905291557312,632.0563354492188
250219,100,0.57,0.027508283033967018,0.5793176889419556,5.653778553009033,1271.7589111328125
250220,100,0.54,-0.008961467072367668,0.4779171049594879,5.242079257965088,539.6087646484375
250221,100,0.46,-0.1615334451198578,0.5094384551048279,2.9818778038024902,1137.046630859375
250222,62,0.5,-0.006589708384126425,0.5674454569816589,5.500086784362793,474.2912902832031
250223,100,0.49,0.030430899932980537,0.5255212783813477,5.938666343688965,1368.955810546875
250224,100,0.4,-0.019962074235081673,0.5495498180389404,4.5768537521362305,410.6595153808594
250225,100,0.46,-0.047061193734407425,0.5065286159515381,2.768526315689087,1400.4078369140625
250226,100,0.56,0.08893110603094101,0.5681174993515015,11.378118515014648,862.5972290039062
250227,100,0.62,-0.05527852848172188,0.613246500492096,4.700752258300781,334.0047302246094
250228,100,0.53,-0.07484012097120285,0.5835798978805542,2.83121395111084,884.8811645507812
250229,49,0.6122448979591837,-0.02989169768989086,0.5300223231315613,4.874963760375977,1374.985107421875
250230,36,0.6111111111111112,0.0666130855679512,0.5332658886909485,4.261928558349609,1434.6124267578125
250231,100,0.63,-0.05520562082529068,0.5280271768569946,4.222433090209961,755.2311401367188
250232,100,0.44,0.0790073350071907,0.5601706504821777,6.4651899337768555,1068.3134765625
250233,100,0.46,-0.01636657491326332,0.5382938385009766,4.895481586456299,257.9591064453125
250234,100,0.45,0.026847783476114273,0.5264782309532166,4.550910949707031,892.5107421875
250235,100,0.49,-0.08656024187803268,0.5149768590927124,2.400374412536621,1339.1759033203125
250236,100,0.48,-0.05343468487262726,0.48739197850227356,2.535489559173584,1499.35400390625
250237,100,0.55,0.020004315301775932,0.5955528020858765,10.097796440124512,300.36773681640625
250238,100,0.58,0.05488790199160576,0.4643833041191101,6.488736152648926,1099.174560546875
250239,100,0.53,0.05269988998770714,0.5484364032745361,8.73435115814209,1806.6053466796875
250240,100,0.51,-0.056450773030519485,0.5365971326828003,6.211817741394043,792.3267211914062
250241,77,0.4025974025974026,-0.007296046707779169,0.5649867057800293,5.145915508270264,448.12884521484375
250242,4,0.75,0.6818540096282959,0.6931136846542358,2.8709349632263184,1643.3804931640625
250243,86,0.5116279069767442,0.005783491302281618,0.4480888247489929,6.995108127593994,580.2606201171875
250244,100,0.52,0.0680774375796318,0.5577200055122375,13.554469108581543,774.8365478515625
250245,100,0.48,0.07888081669807434,0.5022013187408447,9.129979133605957,511.7555236816406
250246,100,0.44,0.23040403425693512,0.47724246978759766,16.168527603149414,685.8455810546875
250247,100,0.5,-0.03422309085726738,0.5768260359764099,4.90374231338501,549.7073974609375
250248,18,0.3888888888888889,0.33289894461631775,0.545443594455719,5.69683837890625,883.9827880859375
250249,100,0.46,0.09546586871147156,0.45700472593307495,14.986247062683105,1112.404052734375
250250,100,0.58,0.06000961363315582,0.4596904516220093,14.669027328491211,1503.6837158203125
250251,92,0.4782608695652174,0.25333449244499207,0.4714994430541992,14.364818572998047,1207.7935791015625
250252,100,0.5,-0.029643941670656204,0.5471574068069458,4.729013442993164,552.3897705078125
250253,100,0.59,0.04238701984286308,0.548483669757843,16.40270233154297,293.91510009765625
250254,11,0.5454545454545454,0.13929440081119537,0.4334186613559723,2.6696231365203857,731.5850830078125
250255,99,0.5656565656565656,0.06459706276655197,0.4957816004753113,13.279411315917969,1573.4228515625
250256,23,0.5652173913043478,-0.11070631444454193,0.625087320804596,1.4732071161270142,1563.599609375
250257,100,0.44,0.13936491310596466,0.45218944549560547,18.61693572998047,661.4353637695312
250258,12,0.5833333333333334,0.20800521969795227,0.400867760181427,3.2862560749053955,1623.082763671875
250259,100,0.58,-0.03876890242099762,0.49896734952926636,4.737754821777344,1149.970458984375
250260,100,0.52,-0.04573545232415199,0.5476800799369812,4.863252639770508,644.0827026367188
250261,100,0.51,0.040261998772621155,0.5277087688446045,11.315918922424316,1459.8140869140625
250262,54,0.5370370370370371,0.05752107873558998,0.5368556380271912,10.641657829284668,360.7074890136719
250263,100,0.47,-0.12323149293661118,0.48218387365341187,3.5452358722686768,1011.90673828125
250264,100,0.57,0.0033038498368114233,0.538187563419342,12.198603630065918,1201.5762939453125
250265,100,0.51,0.043516214936971664,0.530082106590271,8.900018692016602,591.855224609375
250266,29,0.5862068965517241,0.03883129730820656,0.6040773391723633,5.183750629425049,481.9198303222656
250267,98,0.40816326530612246,-0.044290512800216675,0.5787753462791443,2.6783864498138428,1439.9561767578125
250268,100,0.34,-0.06161752715706825,0.5848634243011475,3.9369516372680664,1311.981201171875
250269,100,0.5,0.057885438203811646,0.5154157280921936,13.4273099899292,914.9058227539062
250270,100,0.51,0.002677174285054207,0.4973834753036499,9.185959815979004,1535.3046875
250271,100,0.47,0.016738688573241234,0.5418298244476318,10.01930046081543,1524.9345703125
250272,100,0.48,-0.01922752521932125,0.4824603796005249,6.114531993865967,1192.74658203125
250273,100,0.5,0.09317544102668762,0.5453518033027649,9.198711395263672,1621.04833984375
250274,100,0.51,-0.04461333155632019,0.4805390238761902,6.671903610229492,1635.7012939453125
250275,100,0.63,-0.007950564846396446,0.5782482624053955,7.20602560043335,1033.197021484375
250276,89,0.47191011235955055,0.00013533660967368633,0.48635944724082947,3.799790382385254,1473.345458984375
250277,99,0.4444444444444444,0.12408499419689178,0.5322282314300537,11.048492431640625,1408.5367431640625
250278,100,0.35,-0.04436415433883667,0.5102313756942749,3.3310768604278564,431.55511474609375
250279,100,0.48,-0.042851805686950684,0.47609326243400574,4.2030744552612305,705.0233764648438
250280,100,0.53,-0.056759923696517944,0.4843660593032837,4.996321201324463,310.0295104980469
250281,26,0.5769230769230769,0.16771726310253143,0.628402054309845,12.058051109313965,1492.1116943359375
250282,100,0.49,-0.0150210652500391,0.5438470840454102,4.43843412399292,871.8248901367188
250283,48,0.6875,0.10656261444091797,0.5745047330856323,9.658687591552734,1119.6959228515625
250284,100,0.48,0.06952711939811707,0.5212212204933167,10.57967472076416,501.0123291015625
250285,100,0.42,-0.0730418711900711,0.5190594792366028,3.092132329940796,995.9902954101562
250286,100,0.36,-0.05827625095844269,0.5233628749847412,3.160322427749634,379.36468505859375
250287,100,0.5,0.08086398988962173,0.5167284607887268,10.340925216674805,672.1380004882812
250288,43,0.5581395348837209,-0.07516331225633621,0.5064280033111572,3.377516746520996,893.63037109375
250289,100,0.46,-0.1399596482515335,0.4971362352371216,2.5445046424865723,1415.3851318359375
250290,100,0.46,0.039307158440351486,0.4542193114757538,8.035367012023926,365.47210693359375
250291,100,0.54,0.019265126436948776,0.4706461429595947,3.9574995040893555,1778.013427734375
250292,62,0.5483870967741935,0.22084268927574158,0.5509756803512573,15.04567813873291,1729.835205078125
250293,100,0.52,-0.050088606774806976,0.5212638974189758,3.852609872817993,1032.9063720703125
250294,49,0.5306122448979592,-0.10769940912723541,0.6008577942848206,1.7246447801589966,1498.646240234375
250295,100,0.49,-0.05585489049553871,0.4578200578689575,4.566752910614014,761.642333984375
250296,100,0.53,0.01385587640106678,0.5031037926673889,7.308098793029785,1153.982421875
250297,100,0.53,-0.10793516039848328,0.49231016635894775,2.009443759918213,1227.51220703125
250298,100,0.54,-0.04209665581583977,0.5774253606796265,3.4552927017211914,1106.8223876953125
250299,100,0.45,0.062332503497600555,0.48219045996665955,7.349157810211182,1098.57373046875
250300,40,0.5,0.15164104104042053,0.5296354293823242,7.50829553604126,1503.735595703125
250301,94,0.46808510638297873,0.056474581360816956,0.5236701965332031,5.666196346282959,1022.806884765625
250302,100,0.53,0.0640040710568428,0.5728747844696045,11.830467224121094,568.8485717773438
250303,100,0.52,-0.03468238189816475,0.5481911897659302,7.6178812980651855,791.18115234375
250304,19,0.5263157894736842,0.2362464964389801,0.3357182443141937,7.79464864730835,1284.79736328125
250305,92,0.4891304347826087,-0.10366208106279373,0.4815061092376709,2.894707679748535,1920.8134765625
250306,100,0.48,0.05529235675930977,0.512981653213501,11.223962783813477,1154.076416015625
250307,100,0.54,-0.06248015537858009,0.5861634612083435,2.338613748550415,983.4627685546875
250308,100,0.51,0.005244142841547728,0.450759619474411,8.493058204650879,877.4935913085938
250309,100,0.48,0.09256788343191147,0.5317199230194092,9.251662254333496,1591.8555908203125
250310,100,0.45,0.14205403625965118,0.5627665519714355,8.991772651672363,1312.5152587890625
250311,100,0.41,0.15147154033184052,0.5761258006095886,12.51783561706543,192.39816284179688
250312,7,0.5714285714285714,0.2991398274898529,0.1712300032377243,1.6851519346237183,884.56982421875
250313,100,0.4,0.19290223717689514,0.4610077142715454,18.021808624267578,1645.919189453125
250314,6,0.5,0.44589635729789734,0.5342994332313538,3.2668817043304443,772.1434936523438
250315,89,0.5056179775280899,-0.05782270431518555,0.5195642113685608,3.7536869049072266,1199.1300048828125
250316,100,0.55,0.045587826520204544,0.47954699397087097,9.275653839111328,557.6228637695312
250317,100,0.45,-0.091945119202137,0.6239591836929321,2.4366607666015625,1501.094482421875
250318,100,0.58,-0.06744112819433212,0.5592659711837769,3.363043785095215,1335.085205078125
250319,100,0.38,-0.04165787622332573,0.5877808332443237,5.328642845153809,780.6032104492188
250320,100,0.49,0.10630162060260773,0.4268735647201538,11.669342041015625,148.6259002685547
250321,39,0.5384615384615384,0.07608457654714584,0.3978179693222046,3.744755268096924,840.859130859375
250322,50,0.48,0.13517461717128754,0.4694531261920929,10.173446655273438,1730.657958984375
250323,100,0.41,-0.03939582407474518,0.5354037284851074,4.337404251098633,1349.3863525390625
250324,100,0.49,0.06665261089801788,0.4650563597679138,14.066356658935547,1052.060546875
250325,100,0.55,-0.07456791400909424,0.5393320322036743,4.80820894241333,1979.55517578125
250326,100,0.5,-0.046265553683042526,0.5397962331771851,3.317729949951172,1033.467041015625
250327,26,0.5,0.05240877717733383,0.5371481776237488,1.852433204650879,693.8844604492188
250328,100,0.39,-0.18696226179599762,0.5163136124610901,3.1441986560821533,482.9974365234375
250329,31,0.5806451612903226,-0.0020425154361873865,0.49577394127845764,4.1507768630981445,718.6785278320312
250330,100,0.53,-0.046458154916763306,0.49733105301856995,2.9764328002929688,529.6620483398438
250331,100,0.61,0.030881255865097046,0.5013333559036255,9.601058959960938,1010.033935546875
250332,100,0.53,-0.08893156051635742,0.542506754398346,3.0142157077789307,1439.1510009765625
250333,95,0.5157894736842106,0.04613122716546059,0.4987120032310486,9.06173038482666,1288.7818603515625
250334,100,0.46,-0.03811097890138626,0.5380775928497314,5.862492084503174,650.0006713867188
250335,100,0.41,0.07517464458942413,0.5267605185508728,9.707066535949707,774.7973022460938
250336,71,0.4647887323943662,0.03745538368821144,0.4650317132472992,9.200163841247559,1207.1962890625
250337,100,0.54,0.06827428191900253,0.5360106825828552,15.742883682250977,756.0596923828125
250338,100,0.5,0.04971662908792496,0.5149886608123779,8.182363510131836,895.4683227539062
250339,100,0.46,0.14321881532669067,0.5706322193145752,24.632097244262695,361.0243835449219
250340,100,0.43,0.0015651778085157275,0.47092366218566895,8.669039726257324,964.09814453125
250341,66,0.5151515151515151,0.005402160808444023,0.5673781037330627,3.617567777633667,422.27490234375
250342,96,0.4479166666666667,0.12365656346082687,0.4776725769042969,10.993782997131348,2167.9970703125
250343,100,0.51,-0.04740031063556671,0.5163598656654358,2.770745277404785,524.90869140625
250344,50,0.56,0.15536336600780487,0.5234221816062927,7.333450794219971,815.293212890625
250345,100,0.44,-0.052929867058992386,0.5241897702217102,3.8038487434387207,743.3471069335938
250346,100,0.44,-0.03015989623963833,0.4651190936565399,5.461399078369141,145.0365753173828
250347,100,0.42,-0.16438822448253632,0.5253925919532776,2.914018154144287,475.02984619140625
250348,100,0.51,0.007497116457670927,0.539638102054596,5.315577507019043,1229.7406005859375
250349,100,0.4,0.09133905917406082,0.5164163708686829,11.95738410949707,1217.6441650390625
250350,100,0.43,0.004840373992919922,0.5451786518096924,5.955560207366943,1243.4058837890625
250351,100,0.48,0.10069646686315536,0.4956215023994446,7.9445390701293945,415.6761474609375
250352,55,0.41818181818181815,0.10022234916687012,0.6185883283615112,10.250832557678223,1659.2308349609375
250353,100,0.43,0.04859473928809166,0.5804696083068848,11.408849716186523,1484.6407470703125
250354,100,0.48,0.022898226976394653,0.5451487302780151,5.790036678314209,692.10986328125
250355,100,0.47,0.190827414393425,0.4757267236709595,20.882152557373047,293.6361389160156
250356,100,0.44,0.02823820151388645,0.49363359808921814,5.893371105194092,758.2896728515625
250357,100,0.38,-0.2947827875614166,0.5148153901100159,0.5910563468933105,366.2857971191406
250358,100,0.52,0.0016694871010258794,0.45529913902282715,10.418951034545898,600.8984375
250359,100,0.52,-0.0023033025208860636,0.518275797367096,5.19011926651001,1064.837646484375
250360,93,0.5161290322580645,-0.040022365748882294,0.46951523423194885,4.113042831420898,1307.30615234375
250361,100,0.41,0.22942273318767548,0.5566434264183044,25.36098289489746,1154.026123046875
250362,100,0.54,0.06704298406839371,0.5557167530059814,10.370665550231934,1288.294677734375
250363,29,0.6206896551724138,-0.09430977702140808,0.43879279494285583,1.8449980020523071,1491.7166748046875
250364,21,0.5714285714285714,0.02726163901388645,0.509171724319458,5.671539783477783,1048.0733642578125
250365,23,0.391304347826087,0.13665427267551422,0.49172529578208923,2.3554346561431885,1203.760986328125
250366,100,0.49,0.01493416540324688,0.5581629276275635,6.137697696685791,1638.92919921875
250367,100,0.48,0.21028053760528564,0.47991323471069336,15.236404418945312,1983.062744140625
250368,100,0.48,-0.06033644452691078,0.48457276821136475,4.293543338775635,352.34716796875
250369,12,0.3333333333333333,-0.0365968719124794,0.6117968559265137,1.5037378072738647,553.5989379882812
250370,100,0.59,0.029906244948506355,0.5528002977371216,15.799982070922852,412.2083435058594
250371,100,0.5,-0.18576353788375854,0.48924463987350464,1.0296010971069336,1073.455810546875
250372,100,0.54,0.04427962377667427,0.5087252259254456,6.52557373046875,1589.7314453125
250373,41,0.6585365853658537,-0.04610960930585861,0.617396354675293,4.141810417175293,1391.9884033203125
250374,100,0.57,-0.04347066208720207,0.4967783987522125,6.868762969970703,699.1591186523438
250375,100,0.52,0.09067811071872711,0.495217889547348,15.206425666809082,764.431396484375
250376,23,0.782608695652174,0.07271692156791687,0.503170371055603,3.0411243438720703,996.7005615234375
250377,25,0.36,-0.15773600339889526,0.4797916114330292,0.6426919102668762,1584.784912109375
250378,100,0.48,-0.022738395258784294,0.49220946431159973,3.7447867393493652,595.83935546875
250379,100,0.48,-0.06625878065824509,0.5207086205482483,2.4612479209899902,1267.1248779296875
250380,100,0.47,-0.06381767243146896,0.5734421610832214,3.4358792304992676,1629.92431640625
250381,100,0.5,-0.1594371199607849,0.5144249200820923,3.1916298866271973,580.0245361328125
250382,100,0.51,-0.16749164462089539,0.4794880151748657,2.5614938735961914,1167.6802978515625
250383,100,0.47,-0.04074602574110031,0.48182225227355957,3.993046760559082,802.3248901367188
250384,28,0.5714285714285714,-0.05976669862866402,0.3606582581996918,1.7722389698028564,1390.522705078125
250385,100,0.49,0.08642750978469849,0.5680947303771973,19.967248916625977,1443.0316162109375
250386,100,0.56,0.04848950356245041,0.5526331663131714,6.528389930725098,848.307861328125
250387,100,0.43,0.11779487133026123,0.5301629304885864,10.128984451293945,753.6231689453125
250388,100,0.42,0.01979854330420494,0.461285799741745,6.118347644805908,1539.7020263671875
250389,100,0.5,-0.04125906899571419,0.5647225379943848,6.513587474822998,1049.0108642578125
250390,23,0.4782608695652174,0.2284083515405655,0.3985269069671631,7.641838073730469,1666.1483154296875
250391,100,0.53,-0.1961427927017212,0.5190801024436951,1.3481494188308716,1444.8675537109375
250392,100,0.49,-0.03754124045372009,0.5598364472389221,8.562085151672363,1594.8284912109375
250393,100,0.44,-0.05915026366710663,0.5130632519721985,1.8122905492782593,1407.673095703125
250394,100,0.53,0.07331492751836777,0.5330134034156799,11.712907791137695,539.5634765625
250395,100,0.47,0.04229598492383957,0.555908739566803,9.231815338134766,1113.868896484375
250396,100,0.44,-0.038527701050043106,0.47372913360595703,3.507091760635376,1008.2657470703125
250397,100,0.48,0.0100339250639081,0.5499480366706848,7.722827434539795,880.8814086914062
250398,100,0.55,0.006713035982102156,0.47021484375,6.009069442749023,428.0576171875
250399,50,0.52,0.03044196218252182,0.3815312385559082,5.343380928039551,1026.477783203125
250400,100,0.59,-0.07988166809082031,0.40146777033805847,3.700706958770752,1524.009765625
250401,44,0.3409090909090909,0.15380613505840302,0.4962451457977295,4.739468574523926,1662.6390380859375
250402,100,0.42,-0.1635739803314209,0.5071176886558533,1.8001631498336792,1082.215087890625
250403,100,0.43,0.059682197868824005,0.5662921667098999,8.098807334899902,1069.8345947265625
250404,100,0.55,-0.06772986054420471,0.5459156036376953,10.502079963684082,891.6749877929688
250405,100,0.54,0.009286104701459408,0.45019713044166565,6.389304161071777,1373.7513427734375
250406,70,0.45714285714285713,-0.05351025238633156,0.416695773601532,2.8659961223602295,1128.139404296875
250407,71,0.4647887323943662,0.21902117133140564,0.42007899284362793,12.114975929260254,1679.2799072265625
250408,100,0.52,-0.0696067288517952,0.4855988323688507,6.314001560211182,1530.587646484375
250409,100,0.51,-0.06748072803020477,0.48002392053604126,6.596399307250977,1490.1402587890625
250410,38,0.5,-0.08547855913639069,0.37140384316444397,2.202794075012207,1555.6224365234375
250411,74,0.6351351351351351,0.1650334596633911,0.5331054329872131,16.972108840942383,317.4396057128906
250412,100,0.53,0.10334191471338272,0.5784249305725098,12.645052909851074,921.6730346679688
250413,100,0.62,0.03615296632051468,0.5249044895172119,8.593964576721191,931.0233154296875
250414,100,0.51,0.06806416809558868,0.6464259028434753,10.744821548461914,1329.542236328125
250415,100,0.49,0.12812429666519165,0.5409350395202637,16.59290885925293,541.4373779296875
250416,100,0.47,-0.07123066484928131,0.5174738168716431,2.566438674926758,853.51513671875
250417,54,0.35185185185185186,0.1751280426979065,0.5281426310539246,7.415114402770996,1876.0172119140625
250418,100,0.46,-0.020822947844862938,0.48468494415283203,6.277512550354004,945.6351928710938
250419,100,0.53,-0.1375851333141327,0.5429254770278931,1.8524141311645508,844.675048828125
250420,100,0.5,-0.030099008232355118,0.5897645354270935,3.1988518238067627,759.619384765625
250421,100,0.55,-0.17075707018375397,0.4741644859313965,2.944519281387329,1256.5784912109375
250422,100,0.71,-0.08594761043787003,0.46265143156051636,5.574264049530029,1373.1461181640625
250423,80,0.5125,0.16328077018260956,0.4788740575313568,10.284642219543457,1683.1500244140625
250424,100,0.42,0.17964595556259155,0.5463210344314575,17.32925796508789,1118.2713623046875
250425,100,0.48,-0.08027251809835434,0.4916794002056122,2.7154314517974854,261.66845703125
250426,92,0.5217391304347826,0.07737411558628082,0.48275431990623474,13.005759239196777,620.612548828125
250427,100,0.49,-0.03952121362090111,0.4828205406665802,4.164391994476318,1500.358154296875
250428,55,0.4909090909090909,-0.02035185880959034,0.43372300267219543,3.143503189086914,1169.6512451171875
250429,100,0.44,0.15974214673042297,0.560429036617279,17.264554977416992,775.32275390625
250430,100,0.45,0.03983750194311142,0.5434399843215942,7.843513011932373,1747.937744140625
250431,100,0.58,0.0733736976981163,0.4638877511024475,4.953439712524414,847.770751953125
250432,100,0.44,0.031186239793896675,0.5024589896202087,4.074754238128662,1301.15185546875
250433,100,0.51,0.04652544483542442,0.5204845666885376,10.428105354309082,1472.936767578125
250434,100,0.56,-0.09338661283254623,0.5211378335952759,3.342364549636841,614.1123046875
250435,100,0.47,0.028683507815003395,0.5081791281700134,4.896384239196777,1175.60791015625
250436,100,0.52,-0.04225309565663338,0.4316957890987396,4.370620250701904,1251.6451416015625
250437,100,0.6,-0.06610338389873505,0.5474392771720886,4.343738555908203,726.6434326171875
250438,100,0.5,-0.06637933850288391,0.4383009970188141,4.577203273773193,191.7223358154297
250439,2,1.0,0.23794680833816528,,1.2991619110107422,1465.5687255859375
250440,100,0.5,-0.09930393099784851,0.524649441242218,3.5879039764404297,713.3019409179688
250441,100,0.46,0.015927307307720184,0.4927465319633484,9.358967781066895,947.8450317382812
250442,100,0.52,-0.16823710501194,0.4910225570201874,2.9263064861297607,681.0026245117188
250443,66,0.5757575757575758,0.03218236193060875,0.5044702887535095,5.814642429351807,950.1449584960938
250444,45,0.4666666666666667,0.3290550112724304,0.6075615286827087,12.014440536499023,1848.021240234375
250445,100,0.51,0.019438374787569046,0.5057424902915955,5.148048400878906,983.450927734375
250446,76,0.42105263157894735,0.1018514409661293,0.5043938755989075,8.07919979095459,1350.902587890625
250447,95,0.47368421052631576,0.10677281767129898,0.4622384309768677,7.346179962158203,1897.8289794921875
250448,100,0.52,0.15642602741718292,0.5676479935646057,23.694091796875,727.7848510742188
250449,56,0.5178571428571429,-0.10002107918262482,0.4919072985649109,2.86782169342041,1441.144287109375
250450,97,0.5773195876288659,-0.09557833522558212,0.4912015497684479,3.455988645553589,1374.5545654296875
250451,100,0.49,0.09003850072622299,0.4827635884284973,10.372034072875977,1784.14892578125
250452,100,0.43,-0.13576893508434296,0.5061419010162354,2.5024573802948,364.97076416015625
250453,100,0.53,-0.14515255391597748,0.5832246541976929,3.319929361343384,819.5164794921875
250454,100,0.48,-0.13069872558116913,0.49856990575790405,2.2271170616149902,380.9431457519531
250455,100,0.47,0.07955259829759598,0.5137481093406677,14.129350662231445,183.5099639892578
250456,100,0.58,-0.11517667770385742,0.503494143486023,2.303070068359375,1422.198974609375
250457,80,0.475,0.10312368720769882,0.5499995946884155,15.738605499267578,2010.3587646484375
250458,100,0.46,0.05807897448539734,0.5200461149215698,12.54612922668457,253.23614501953125
250459,100,0.31,0.0927635133266449,0.49175694584846497,8.92410945892334,729.1852416992188
250460,100,0.47,-0.010254818946123123,0.5238357186317444,3.8101718425750732,1475.6844482421875
250461,100,0.45,-0.15062664449214935,0.5108252167701721,1.4866892099380493,339.6862487792969
250462,25,0.6,0.021482737734913826,0.6178603172302246,1.2145804166793823,1207.6961669921875
250463,100,0.47,-0.05753559246659279,0.5749011635780334,9.038885116577148,857.381103515625
250464,100,0.42,-0.06344983726739883,0.4991322159767151,1.865668535232544,998.6847534179688
250465,100,0.54,0.025574566796422005,0.4579966962337494,6.575130462646484,1214.22802734375
250466,100,0.59,-0.028484268113970757,0.6602343320846558,4.599336624145508,719.711669921875
250467,100,0.49,-0.01109318807721138,0.599374532699585,6.851711750030518,1163.358154296875
250468,32,0.5,0.03387709707021713,0.47192296385765076,3.05141544342041,654.0761108398438
250469,100,0.47,0.08561321347951889,0.5941832661628723,9.267911911010742,891.4299926757812
250470,100,0.44,0.042794931679964066,0.5211784243583679,11.853541374206543,919.2568359375
250471,18,0.4444444444444444,0.2568994164466858,0.616156816482544,4.5235981941223145,1305.87646484375
250472,91,0.4725274725274725,0.13287489116191864,0.4599059522151947,12.359750747680664,2301.9365234375
250473,91,0.45054945054945056,-0.09763988852500916,0.5136573910713196,2.615950107574463,1911.239990234375
250474,100,0.54,-0.12062729895114899,0.46229130029678345,5.0799665451049805,1453.92138671875
250475,100,0.5,0.03240865841507912,0.4742269814014435,6.411040782928467,1543.9337158203125
250476,13,0.6153846153846154,0.09388106316328049,0.6431145071983337,3.330721616744995,580.1177978515625
250477,100,0.54,-0.03229330852627754,0.42557206749916077,4.85553503036499,911.5657958984375
250478,100,0.58,0.00022025355428922921,0.47861939668655396,7.416642189025879,856.8074340820312
250479,100,0.42,0.060979776084423065,0.5325026512145996,4.393378734588623,1351.97021484375
250480,100,0.57,-0.0926000326871872,0.5371165871620178,3.4998531341552734,1067.209716796875
250481,100,0.39,0.12372249364852905,0.542084276676178,9.344074249267578,415.079833984375
250482,100,0.55,-0.10851269960403442,0.49267515540122986,1.9202286005020142,227.22320556640625
250483,100,0.54,-0.14061196148395538,0.5474281907081604,1.7764744758605957,299.10675048828125
250484,100,0.46,-0.01548356469720602,0.4947148561477661,6.0097479820251465,1595.164794921875
250485,100,0.52,0.14184506237506866,0.5162994861602783,9.618684768676758,820.1107177734375
250486,100,0.5,0.04355171322822571,0.5414337515830994,12.1928071975708,855.7274169921875
250487,100,0.51,-0.11505258083343506,0.5201969742774963,4.692230701446533,649.3080444335938
250488,100,0.41,0.08853737264871597,0.48197832703590393,6.608174800872803,1527.5513916015625
250489,100,0.56,0.04644129425287247,0.5664083957672119,6.796879768371582,1447.520751953125
250490,100,0.49,0.020575203001499176,0.5378471612930298,4.305798053741455,931.4219360351562
250491,85,0.6,-0.030040428042411804,0.5290820598602295,5.794631004333496,1071.245849609375
250492,100,0.54,-0.1771973967552185,0.4929179847240448,2.1239254474639893,1033.2501220703125
250493,37,0.5675675675675675,0.17348873615264893,0.4461650848388672,7.9005231857299805,652.6698608398438
250494,100,0.53,-0.146381214261055,0.4913250505924225,1.8539613485336304,444.4849548339844
250495,100,0.48,-0.03529650717973709,0.4916548430919647,4.879239559173584,119.68370056152344
250496,100,0.49,-0.034888215363025665,0.5589100122451782,2.517244338989258,795.8212280273438
250497,100,0.52,-0.2391183078289032,0.4366355836391449,1.6167114973068237,1471.8018798828125
250498,62,0.5,-0.05746828392148018,0.43680042028427124,3.5916810035705566,851.5556640625
250499,100,0.52,-0.1217544749379158,0.4942891597747803,1.6348143815994263,701.121337890625
250500,100,0.5,-0.09586765617132187,0.4962478578090668,3.333263635635376,438.0067138671875
250501,49,0.46938775510204084,0.25821590423583984,0.5072660446166992,10.197033882141113,1823.6922607421875
250502,100,0.51,-0.2033165991306305,0.5248866677284241,3.692873477935791,1110.5633544921875
250503,90,0.43333333333333335,0.07659853249788284,0.4974178969860077,6.92207670211792,978.8460693359375
250504,50,0.52,0.016114963218569756,0.5513908267021179,5.504995346069336,1113.64111328125
250505,100,0.56,0.04848339408636093,0.5403023362159729,9.575948715209961,995.1392211914062
250506,100,0.52,0.12664279341697693,0.5499997138977051,12.918807983398438,601.8270263671875
250507,100,0.51,0.11030428856611252,0.5575256943702698,12.700583457946777,1024.6661376953125
250508,40,0.475,-0.2740035057067871,0.5525928139686584,0.8200684785842896,585.6787109375
250509,51,0.5882352941176471,0.22223898768424988,0.5347377061843872,18.51289939880371,1654.1507568359375
250510,58,0.46551724137931033,0.09087108820676804,0.5267849564552307,15.780442237854004,292.9196472167969
250511,100,0.47,0.028772972524166107,0.56745845079422,3.5542593002319336,554.779052734375
250512,69,0.5652173913043478,0.19143794476985931,0.6520585417747498,23.1789493560791,1391.7393798828125
250513,100,0.52,0.1649666130542755,0.5250908732414246,17.15196418762207,1112.0057373046875
250514,100,0.51,-0.01854025386273861,0.43347418308258057,3.5747487545013428,959.1539916992188
250515,100,0.43,0.021209370344877243,0.5383622050285339,4.1106696128845215,638.0308837890625
250516,100,0.46,0.020435374230146408,0.5687723755836487,4.080629348754883,687.3407592773438
250517,100,0.49,0.04685714840888977,0.5316925644874573,6.850874423980713,418.4189453125
250518,100,0.52,0.05146157741546631,0.4510240852832794,9.806042671203613,1316.6239013671875
250519,100,0.51,-0.0128880450502038,0.5631245374679565,4.301004409790039,922.9291381835938
250520,100,0.49,0.0027345442213118076,0.5432823300361633,7.443200588226318,1145.39892578125
250521,100,0.54,-0.08197831362485886,0.5272224545478821,3.6927695274353027,1444.77197265625
250522,100,0.47,0.09795460850000381,0.46053189039230347,20.767559051513672,1107.62939453125
250523,100,0.54,0.0737481489777565,0.4908207952976227,10.597675323486328,864.21484375
250524,84,0.47619047619047616,0.05747568607330322,0.5576362609863281,10.261746406555176,1696.1766357421875
250525,47,0.44680851063829785,0.06739550828933716,0.459724098443985,4.9617791175842285,623.2886962890625
250526,100,0.39,0.15278403460979462,0.49327030777931213,11.709540367126465,1672.9285888671875
250527,100,0.6,-0.009104399010539055,0.4976140856742859,8.952780723571777,1650.1361083984375
250528,100,0.44,0.010146868415176868,0.5098745226860046,4.611609935760498,599.3040161132812
250529,100,0.42,-0.2252737283706665,0.5867074728012085,1.716373085975647,817.6366577148438
250530,100,0.37,0.007825078442692757,0.5448886156082153,2.4667742252349854,719.1693725585938
250531,40,0.5,0.21333090960979462,0.530165433883667,8.834196090698242,517.5903930664062
250532,100,0.44,0.09058358520269394,0.6273170113563538,9.684470176696777,325.07830810546875
250533,100,0.58,-0.009455752559006214,0.4886244833469391,4.977888107299805,951.9307250976562
250534,100,0.42,-0.11216644942760468,0.48480311036109924,1.779078722000122,1028.808349609375
250535,100,0.52,-0.0021007864270359278,0.4658583402633667,4.689756393432617,1268.2950439453125
250536,100,0.43,-0.09585703164339066,0.4957558214664459,2.4335556030273438,1563.969970703125
250537,100,0.54,-0.1034027487039566,0.5795432925224304,3.388960123062134,454.5295104980469
250538,10,0.3,0.5072656273841858,0.6033101677894592,3.3974149227142334,2025.2232666015625
250539,100,0.52,-0.00748192286118865,0.519601583480835,4.792323112487793,436.32049560546875
250540,100,0.54,-0.12258216738700867,0.46369850635528564,2.8070216178894043,670.5507202148438
250541,13,0.7692307692307693,0.2757083773612976,0.6311061382293701,6.588330268859863,1047.3355712890625
250542,100,0.59,-0.1363721638917923,0.6032328009605408,1.954627513885498,486.3301086425781
250543,100,0.47,0.1746111661195755,0.5233708024024963,14.933394432067871,502.16961669921875
250544,100,0.5,-0.1284235268831253,0.5453776717185974,1.470657467842102,1274.272705078125
250545,100,0.47,-0.04459809139370918,0.5925458669662476,10.117554664611816,594.9219970703125
250546,100,0.42,-0.27000537514686584,0.48684895038604736,0.6787563562393188,897.3094482421875
250547,100,0.45,-0.03356468304991722,0.4928034245967865,6.128632545471191,1593.221923828125
250548,17,0.5294117647058824,0.5304946899414062,0.7388986945152283,8.305169105529785,1507.331298828125
250549,100,0.48,0.12895020842552185,0.5247540473937988,16.862945556640625,990.1451416015625
250550,21,0.42857142857142855,0.20655159652233124,0.5252038836479187,2.7740910053253174,1195.7305908203125
250551,90,0.4666666666666667,0.010059058666229248,0.5218784809112549,6.616261959075928,594.6636962890625
250552,100,0.5,-0.07192594558000565,0.4342406988143921,3.6867194175720215,906.512939453125
250553,100,0.49,0.02817503549158573,0.520599365234375,8.833688735961914,1361.26123046875
250554,100,0.52,-0.09744664281606674,0.5220005512237549,1.974000096321106,1243.7445068359375
250555,100,0.44,-0.2107354700565338,0.5376260876655579,2.067103147506714,1016.9722900390625
250556,100,0.38,-0.03250439465045929,0.5579275488853455,5.180575847625732,1214.724853515625
250557,100,0.53,-0.10908742249011993,0.574821949005127,2.1586127281188965,521.3204956054688
250558,100,0.43,-0.08118423819541931,0.5539570450782776,3.8195199966430664,1687.9210205078125
250559,100,0.45,0.05091452971100807,0.4922553598880768,6.11771821975708,520.67236328125
250560,42,0.5476190476190477,0.3463161885738373,0.50171959400177,18.076196670532227,1863.3983154296875
250561,75,0.4533333333333333,0.22995173931121826,0.4683433175086975,17.525184631347656,805.2900390625
250562,100,0.62,0.08905109763145447,0.5844521522521973,16.85784149169922,607.0140380859375
250563,100,0.55,0.036323439329862595,0.5065761208534241,11.015467643737793,307.0752258300781
250564,100,0.52,0.022699756547808647,0.5618038773536682,14.018925666809082,281.8894348144531
250565,100,0.46,-0.026495829224586487,0.519300103187561,2.2042083740234375,1053.3538818359375
250566,36,0.4722222222222222,0.2400488555431366,0.5746834874153137,6.339121341705322,1180.810546875
250567,86,0.4883720930232558,0.07363041490316391,0.5118423700332642,11.770792961120605,1127.9420166015625
250568,43,0.4418604651162791,0.21835459768772125,0.5490685105323792,8.26095962524414,1341.172119140625
250569,100,0.57,-0.19135355949401855,0.48108726739883423,4.3706278800964355,1000.0628051757812
250570,53,0.39622641509433965,0.16426359117031097,0.49905502796173096,10.046881675720215,1406.19287109375
250571,100,0.51,0.10406336188316345,0.42786023020744324,13.44139289855957,553.467529296875
250572,4,0.5,0.5760354995727539,0.7042231559753418,2.6851677894592285,1174.36474609375
250573,100,0.53,-0.11695052683353424,0.5091119408607483,4.070969581604004,495.4523010253906
250574,100,0.42,-0.09057030826807022,0.4669082760810852,5.906064510345459,956.1688232421875
250575,100,0.37,0.004309449810534716,0.46039852499961853,4.901055812835693,744.9417114257812
250576,100,0.46,0.09407952427864075,0.529472827911377,18.932031631469727,552.6031494140625
250577,100,0.49,-0.011336501687765121,0.49062952399253845,4.8577985763549805,963.8833618164062
250578,100,0.5,-0.022224755957722664,0.5429317951202393,5.2552313804626465,584.762451171875
250579,100,0.54,0.06661534309387207,0.49313950538635254,10.596449851989746,1157.9420166015625
250580,100,0.57,0.09099404513835907,0.5816057920455933,12.870753288269043,584.43359375
250581,100,0.53,0.16332818567752838,0.4990938901901245,17.40070152282715,453.0914611816406
250582,42,0.42857142857142855,0.303250789642334,0.4887496531009674,10.5108003616333,492.8968811035156
250583,100,0.53,-0.013611939735710621,0.4409977197647095,3.2596402168273926,567.2493286132812
250584,100,0.56,0.04439332336187363,0.5731689929962158,17.337369918823242,278.05914306640625
250585,100,0.54,-0.06592365354299545,0.5167509317398071,1.8138258457183838,898.1917114257812
250586,21,0.5714285714285714,-0.11881168931722641,0.3287292420864105,0.7443565130233765,991.936767578125
250587,100,0.55,-0.13804598152637482,0.5740992426872253,1.4780256748199463,789.6875
250588,100,0.56,0.028761370107531548,0.4977920353412628,7.185757160186768,1722.0948486328125
250589,100,0.46,-0.04482697322964668,0.4934018552303314,4.894261837005615,904.8525390625
250590,100,0.39,0.03257044032216072,0.5397356748580933,8.9590425491333,1182.998046875
250591,42,0.42857142857142855,0.17470134794712067,0.4307882487773895,9.892319679260254,851.2880859375
250592,100,0.5,-0.06292179226875305,0.4903442859649658,2.884636878967285,696.2315673828125
250593,100,0.56,0.05834704637527466,0.5740461945533752,6.452539920806885,521.2870483398438
250594,100,0.39,-0.07261336594820023,0.4829522371292114,2.124187707901001,950.0669555664062
250595,100,0.58,-0.02392270416021347,0.47792738676071167,6.5584540367126465,706.2022705078125
250596,100,0.47,0.0246181208640337,0.5288452506065369,7.3502960205078125,781.6168823242188
250597,100,0.51,-0.0520746149122715,0.5760959386825562,6.561134338378906,1445.875
250598,37,0.5135135135135135,0.07225820422172546,0.500634491443634,8.135237693786621,1741.2877197265625
250599,100,0.42,0.0303705595433712,0.524699330329895,8.115118980407715,937.5333251953125
250600,100,0.48,-0.10120799392461777,0.5897889733314514,2.287029981613159,1604.8310546875
250601,100,0.47,-0.0442068837583065,0.4745790362358093,2.945697784423828,977.944580078125
250602,100,0.48,-0.024967148900032043,0.5317862033843994,7.264235496520996,1286.9840087890625
250603,100,0.47,-0.21247506141662598,0.5535790920257568,1.5952098369598389,497.5538635253906
250604,100,0.49,-0.00609411159530282,0.5956001877784729,5.530284404754639,1447.649658203125
250605,100,0.5,-0.2080439180135727,0.5273468494415283,1.434403657913208,870.5877685546875
250606,87,0.5172413793103449,0.09758663922548294,0.5805989503860474,8.336819648742676,929.6127319335938
250607,84,0.5952380952380952,-0.005408668424934149,0.45119917392730713,7.1844258308410645,1483.997802734375
250608,93,0.5698924731182796,-0.020022829994559288,0.5827223062515259,7.919638156890869,1561.106201171875
250609,100,0.54,-0.014760731719434261,0.5427187085151672,9.656208992004395,510.7523193359375
250610,100,0.51,0.008479363285005093,0.5359483957290649,8.094651222229004,417.0581970214844
250611,100,0.51,-0.10867074877023697,0.5205534100532532,2.032329559326172,1243.8980712890625
250612,13,0.5384615384615384,0.18401695787906647,0.5069790482521057,3.3908724784851074,1717.3385009765625
250613,100,0.45,0.03971721976995468,0.5540952086448669,10.955070495605469,1468.73583984375
250614,100,0.54,-0.2858033776283264,0.5722962021827698,0.6626273393630981,1325.77880859375
250615,55,0.4909090909090909,-0.018782589584589005,0.5375748872756958,2.952253580093384,946.9544677734375
250616,82,0.5121951219512195,0.04080383479595184,0.5040701627731323,7.007075786590576,1140.2767333984375
250617,100,0.52,-0.03248393535614014,0.4803858697414398,3.228163003921509,598.1895141601562
250618,100,0.56,-0.07638078182935715,0.48822787404060364,2.705980062484741,750.0230102539062
250619,100,0.53,-0.15743838250637054,0.4492838382720947,1.374710202217102,696.0062255859375
250620,100,0.41,-0.0758594498038292,0.5177685022354126,3.8745436668395996,524.9456787109375
250621,100,0.48,0.015769829973578453,0.5556862354278564,5.557873249053955,1432.926513671875
250622,67,0.4925373134328358,0.10331248492002487,0.5629587173461914,11.631879806518555,1769.22802734375
250623,100,0.44,-0.21984867751598358,0.5437394380569458,2.911109209060669,972.1843872070312
250624,75,0.49333333333333335,0.03891837224364281,0.48398470878601074,5.282235622406006,1959.3927001953125
250625,100,0.49,0.07644198089838028,0.5338507890701294,18.238229751586914,1051.62744140625
250626,100,0.52,-0.024730660021305084,0.4784218966960907,4.401741027832031,831.5037841796875
250627,100,0.48,-0.06608586013317108,0.5436041951179504,3.656712055206299,1085.959228515625
250628,28,0.5714285714285714,0.025423597544431686,0.5021963715553284,5.317865371704102,1411.5477294921875
250629,100,0.62,-0.020979203283786774,0.4677096903324127,5.756844520568848,1184.7210693359375
250630,53,0.39622641509433965,-0.017554251477122307,0.44828611612319946,3.5888843536376953,1644.492919921875
250631,100,0.5,-0.0518503412604332,0.509090781211853,5.6816534996032715,1480.5245361328125
250632,100,0.55,-0.031920384615659714,0.4985799491405487,5.873249530792236,413.9176330566406
250633,100,0.51,-0.03265380859375,0.5305762887001038,2.7996983528137207,985.3566284179688
250634,100,0.46,-0.0012369438773021102,0.570152997970581,11.85897159576416,665.1859741210938
250635,100,0.51,0.014624333009123802,0.520530641078949,4.858825206756592,1023.7042846679688
250636,100,0.57,0.03185371682047844,0.5096994638442993,7.304065227508545,491.3968200683594
250637,20,0.5,0.4313386380672455,0.4327628016471863,6.807453155517578,1425.0006103515625
250638,100,0.51,0.055538929998874664,0.5168153643608093,9.155232429504395,284.9451904296875
250639,92,0.5108695652173914,0.10754961520433426,0.543718159198761,6.992003917694092,1159.877197265625
250640,100,0.52,0.024222692474722862,0.5254395604133606,9.767412185668945,668.40185546875
250641,100,0.53,-0.1764792501926422,0.518889307975769,2.3062658309936523,1009.3057250976562
250642,59,0.4915254237288136,0.2552856206893921,0.519149899482727,18.887662887573242,1788.268798828125
250643,100,0.49,-0.020032884553074837,0.4091934561729431,7.312049865722656,1214.7259521484375
250644,100,0.51,-0.09479571133852005,0.47127026319503784,5.244955062866211,756.2252807617188
250645,100,0.51,-0.07223114371299744,0.560712993144989,3.8067307472229004,787.182861328125
250646,100,0.44,-0.20785750448703766,0.5451726317405701,2.3294382095336914,230.87503051757812
250647,100,0.57,0.043330829590559006,0.5302695631980896,17.96102523803711,492.8251953125
250648,100,0.52,-0.1955997198820114,0.49151983857154846,2.5628936290740967,872.760498046875
250649,32,0.3125,0.18171508610248566,0.45125246047973633,3.8889362812042236,1393.989013671875
250650,73,0.4383561643835616,0.11091911792755127,0.447508841753006,8.56850528717041,1788.685546875
250651,6,0.3333333333333333,0.5677660703659058,0.49954578280448914,1.4980531930923462,1711.903564453125
250652,100,0.61,-0.0010370250092819333,0.56935715675354,7.088930130004883,921.6756591796875
250653,100,0.5,-0.017242098227143288,0.5339972972869873,9.185562133789062,695.31787109375
250654,73,0.547945205479452,0.10164614766836166,0.4819660186767578,6.315009117126465,1267.9617919921875
250655,100,0.53,0.031606901437044144,0.486911416053772,8.967120170593262,1033.791015625
250656,100,0.52,-0.05022597685456276,0.5016329884529114,11.728421211242676,1009.3729248046875
250657,100,0.42,-0.06629467755556107,0.5438626408576965,8.071298599243164,913.2205200195312
250658,91,0.5274725274725275,0.2642318606376648,0.5024178624153137,21.160730361938477,1548.460205078125
250659,100,0.5,0.0515630729496479,0.5315281748771667,12.059141159057617,1006.6299438476562
250660,7,0.7142857142857143,0.37643033266067505,0.33498910069465637,6.820001125335693,1297.2349853515625
250661,100,0.54,-0.0038714176043868065,0.5066120624542236,5.2118425369262695,345.5940856933594
250662,100,0.51,-0.08450236171483994,0.5018040537834167,2.426222562789917,1131.37451171875
250663,100,0.57,0.0836520865559578,0.5169037580490112,10.37308406829834,643.252197265625
250664,100,0.54,0.027698494493961334,0.5142057538032532,8.653169631958008,496.69915771484375
250665,100,0.57,-0.03316332399845123,0.5658302307128906,6.2950825691223145,480.84246826171875
250666,68,0.6176470588235294,0.0003350362821947783,0.4634259343147278,4.4937968254089355,1741.623779296875
250667,100,0.44,0.18292666971683502,0.47940629720687866,16.47831916809082,936.657470703125
250668,100,0.47,-0.024021491408348083,0.4929254651069641,6.664331436157227,1210.9459228515625
250669,100,0.53,-0.011658631265163422,0.5436867475509644,5.056392669677734,902.056640625
250670,100,0.53,-0.06432667374610901,0.517707884311676,6.3510422706604,951.2686767578125
250671,100,0.59,-0.17088237404823303,0.45014703273773193,1.7229585647583008,936.7455444335938
250672,60,0.5666666666666667,0.2374046891927719,0.5553503632545471,12.769426345825195,1992.37353515625
250673,10,0.3,0.6632927060127258,0.4733896553516388,3.0655105113983154,1995.587158203125
250674,100,0.49,-0.12386570125818253,0.5519837737083435,2.994596242904663,1318.5172119140625
250675,59,0.5084745762711864,0.20734046399593353,0.644429624080658,10.947810173034668,1375.2431640625
250676,100,0.4,-0.10940255224704742,0.5234469771385193,2.9938669204711914,711.7055053710938
250677,100,0.45,0.18667060136795044,0.5121980905532837,12.560126304626465,990.5072021484375
250678,100,0.46,-0.0331960953772068,0.5174558162689209,3.7618637084960938,1641.08251953125
250679,100,0.48,-0.04427897930145264,0.5786335468292236,4.925706386566162,1564.3896484375
250680,100,0.47,-0.028064554557204247,0.491147518157959,3.5889625549316406,291.70587158203125
250681,100,0.51,-0.1900119185447693,0.46806737780570984,1.2721343040466309,1139.0447998046875
250682,100,0.54,-0.10303130000829697,0.4579109847545624,4.278708457946777,1348.5911865234375
250683,100,0.5,-0.016228631138801575,0.4580760896205902,10.667509078979492,1734.5390625
250684,100,0.5,-0.0629592090845108,0.4598744213581085,5.8491716384887695,616.6460571289062
250685,100,0.57,-0.16532239317893982,0.41141292452812195,1.4925028085708618,1385.4517822265625
250686,99,0.5656565656565656,0.007568674627691507,0.5349169373512268,6.709272384643555,724.078857421875
250687,100,0.56,-0.1460692435503006,0.5430992841720581,4.007851600646973,1121.1483154296875
250688,100,0.55,0.07408219575881958,0.5009474158287048,12.480494499206543,935.53125
250689,100,0.45,-0.06609173119068146,0.4853143095970154,3.3297526836395264,1384.9173583984375
250690,100,0.41,-0.02286444418132305,0.5570175647735596,6.449596881866455,900.0528564453125
250691,100,0.49,-0.10838054120540619,0.5046402812004089,3.628176212310791,1163.5025634765625
250692,100,0.51,0.019957875832915306,0.5790523886680603,4.731557846069336,448.1849060058594
250693,44,0.5909090909090909,0.04459746554493904,0.5721699595451355,4.181716442108154,1436.3212890625
250694,100,0.59,-0.10823553055524826,0.502655565738678,2.871074676513672,1612.8232421875
250695,100,0.45,-0.2199534922838211,0.5980849266052246,1.7592090368270874,1475.3961181640625
250696,100,0.52,-0.04921669140458107,0.45558229088783264,5.799034118652344,877.6937866210938
250697,100,0.54,-0.09687065333127975,0.4902248680591583,2.3411266803741455,1247.9151611328125
250698,100,0.52,-0.01492296066135168,0.4652892053127289,6.392998218536377,1258.3314208984375
250699,100,0.4,-0.11942596733570099,0.4944447875022888,5.671655178070068,1216.3001708984375
250700,100,0.48,0.021291935816407204,0.5434221029281616,5.513389587402344,533.5054931640625
250701,100,0.44,-0.19844837486743927,0.5260595679283142,1.8081284761428833,536.5714721679688
250702,100,0.54,-0.037772148847579956,0.48648232221603394,2.0541481971740723,1107.353271484375
250703,100,0.47,-0.033413246273994446,0.4500156044960022,5.407843589782715,986.6994018554688
250704,100,0.52,-0.06227857246994972,0.5082521438598633,4.980527400970459,969.188720703125
250705,100,0.52,-0.21259282529354095,0.48141905665397644,1.4322351217269897,512.299072265625
250706,100,0.52,-0.0870572030544281,0.5277441143989563,2.8193283081054688,865.4729614257812
250707,100,0.53,-0.017084896564483643,0.5899712443351746,5.938041687011719,1315.5804443359375
250708,100,0.48,-0.19908486306667328,0.5464144945144653,2.085345506668091,803.2166137695312
250709,97,0.5154639175257731,-0.07001493126153946,0.5585839152336121,4.186841011047363,1752.9271240234375
250710,100,0.47,0.0927605926990509,0.5089877247810364,9.692155838012695,577.9673461914062
250711,96,0.5208333333333334,0.11622070521116257,0.45889750123023987,8.279532432556152,941.0115966796875
250712,20,0.55,0.4357300102710724,0.6103087663650513,10.083398818969727,1270.880126953125
250713,100,0.53,0.026543298736214638,0.4492669999599457,5.3502020835876465,1207.11083984375
250714,21,0.5714285714285714,-0.023424984887242317,0.5336657166481018,1.008743166923523,1876.910400390625
250715,100,0.46,0.0057187145575881,0.4657760560512543,6.310062885284424,602.2286987304688
250716,100,0.52,0.21683700382709503,0.49192216992378235,20.70645523071289,306.28497314453125
250717,100,0.54,-0.047553811222314835,0.541751503944397,8.601844787597656,1040.2823486328125
250718,100,0.59,0.09400434046983719,0.42119574546813965,11.427282333374023,1049.2772216796875
250719,100,0.54,-0.1222875714302063,0.5830237865447998,3.2878847122192383,1015.9542846679688
250720,100,0.5,-0.039473213255405426,0.4950576722621918,6.191963195800781,1656.2303466796875
250721,100,0.45,-0.107390858232975,0.43686604499816895,3.268544912338257,887.3428955078125
250722,92,0.5108695652173914,0.051865946501493454,0.5040253400802612,12.688106536865234,1288.2777099609375
250723,100,0.64,0.03764636442065239,0.5109735727310181,12.598125457763672,1105.9149169921875
250724,100,0.51,0.01650428958237171,0.4266339838504791,10.996822357177734,975.869384765625
250725,100,0.3,-0.025760825723409653,0.5171551704406738,3.8186659812927246,532.5651245117188
250726,100,0.47,0.014095986261963844,0.4237191081047058,6.007868766784668,1234.6004638671875
250727,100,0.45,0.02691110596060753,0.5200303196907043,4.19158411026001,1604.8607177734375
250728,100,0.5,0.041966576129198074,0.5642414093017578,7.8901777267456055,2114.725830078125
250729,100,0.43,0.16731072962284088,0.48839953541755676,19.058792114257812,375.8591613769531
250730,59,0.4745762711864407,0.11588311940431595,0.5209883451461792,7.935471057891846,1577.330322265625
250731,12,0.5,0.6960539221763611,0.43888747692108154,7.957681655883789,1415.916015625
250732,99,0.5050505050505051,0.249077707529068,0.47256866097450256,24.525474548339844,1280.867431640625
250733,100,0.48,-0.016571031883358955,0.5412373542785645,5.222846508026123,1529.22314453125
250734,100,0.58,0.09571899473667145,0.5044203996658325,12.03492546081543,1911.1265869140625
250735,100,0.55,0.1621471643447876,0.5022392868995667,28.025264739990234,676.4962158203125
250736,100,0.62,-0.13838161528110504,0.45130082964897156,5.058741569519043,1018.5663452148438
250737,100,0.57,0.13131184875965118,0.5340316891670227,15.993752479553223,1814.005859375
250738,100,0.52,-0.19058407843112946,0.48742246627807617,1.4201841354370117,528.6359252929688
250739,100,0.47,-0.1310744434595108,0.4574594795703888,2.109668731689453,1101.9593505859375
250740,17,0.6470588235294118,0.11726973205804825,0.5329669117927551,2.7069506645202637,838.0010375976562
250741,100,0.48,0.03615211695432663,0.5226355791091919,12.641921043395996,609.7299194335938
250742,100,0.48,0.00047436109161935747,0.5329619646072388,5.178204536437988,888.4854736328125
250743,23,0.6086956521739131,0.09228076785802841,0.48361000418663025,4.1905317306518555,1162.341064453125
250744,97,0.5773195876288659,0.0701703205704689,0.5636683702468872,11.202425956726074,687.4752197265625
250745,100,0.5,-0.03279431536793709,0.5161589980125427,3.90651798248291,1030.157470703125
250746,100,0.49,-0.0919414535164833,0.5558375716209412,2.8900938034057617,844.0932006835938
250747,63,0.47619047619047616,0.06386445462703705,0.49698835611343384,6.640029430389404,1566.394775390625
250748,87,0.4942528735632184,0.23516465723514557,0.4962259531021118,17.036958694458008,1154.6666259765625
250749,100,0.46,-0.08472373336553574,0.5188403725624084,3.307863712310791,1884.19921875
250750,100,0.45,-0.17726470530033112,0.4950040280818939,1.9476865530014038,1173.479248046875
250751,100,0.51,-0.1815272569656372,0.5659762024879456,1.6112534999847412,991.9212646484375
250752,32,0.34375,0.45738741755485535,0.5471349358558655,4.525464057922363,1899.145751953125
250753,100,0.51,-0.006186781916767359,0.47415608167648315,11.514074325561523,583.3136596679688
250754,100,0.55,0.055646270513534546,0.38071903586387634,11.094377517700195,1490.7825927734375
250755,100,0.42,-0.029341908171772957,0.5419026017189026,6.1825361251831055,1787.2501220703125
250756,100,0.51,-0.19910679757595062,0.5206138491630554,3.438732862472534,1260.771484375
250757,20,0.6,0.09279359132051468,0.37472155690193176,4.723527908325195,1737.7564697265625
250758,100,0.51,-0.10189026594161987,0.48135873675346375,2.840001106262207,480.5722351074219
250759,100,0.5,-0.25111380219459534,0.4846755266189575,1.0155532360076904,892.6041870117188
250760,100,0.51,-0.09906988590955734,0.5054776072502136,3.4143078327178955,1027.4515380859375
250761,100,0.47,-0.051981572061777115,0.48722290992736816,5.233936309814453,397.8239440917969
250762,100,0.49,0.039764899760484695,0.4675142765045166,4.950204849243164,540.5297241210938
250763,77,0.6493506493506493,0.1754748374223709,0.553587794303894,14.214289665222168,869.0298461914062
250764,49,0.6326530612244898,0.23678070306777954,0.5005685091018677,17.273767471313477,1374.8406982421875
250765,100,0.53,0.042992353439331055,0.567939281463623,4.595740795135498,599.2257690429688
250766,100,0.45,0.045479871332645416,0.45470160245895386,6.269616603851318,1204.6533203125
250767,100,0.48,0.13758553564548492,0.4675907492637634,17.806549072265625,1085.4871826171875
250768,72,0.5555555555555556,0.08577202260494232,0.4632624387741089,7.578254699707031,842.1940307617188
250769,100,0.57,-0.07940792292356491,0.48662275075912476,4.7422075271606445,1325.402587890625
250770,79,0.5443037974683544,0.02791939489543438,0.5336061716079712,5.472720146179199,919.9172973632812
250771,55,0.5272727272727272,0.16018034517765045,0.4500103294849396,9.191469192504883,1764.9267578125
250772,100,0.51,0.12733016908168793,0.4614972174167633,7.39927864074707,1193.971923828125
250773,100,0.47,0.08510715514421463,0.5018449425697327,12.325014114379883,909.5614624023438
250774,100,0.48,-0.08379451185464859,0.5732573866844177,3.991997480392456,501.58892822265625
250775,36,0.5,0.01535433903336525,0.4681204557418823,3.0499489307403564,714.7254638671875
250776,100,0.59,-0.027300814166665077,0.46831920742988586,6.777000904083252,493.98992919921875
250777,85,0.5764705882352941,0.28365781903266907,0.46820810437202454,22.415142059326172,832.1788330078125
250778,100,0.5,-0.11717100441455841,0.5062972903251648,1.822925329208374,887.82275390625
250779,100,0.48,0.14060507714748383,0.48552069067955017,17.7857666015625,1430.4010009765625
250780,37,0.5405405405405406,0.20775286853313446,0.4333646297454834,9.049020767211914,829.1369018554688
250781,100,0.55,0.09490914642810822,0.49184656143188477,12.582751274108887,1383.7843017578125
250782,100,0.49,-0.07522916048765182,0.5230696797370911,2.805243968963623,733.3922729492188
250783,80,0.575,0.017993208020925522,0.50429368019104,10.848381042480469,962.9012451171875
250784,100,0.49,0.06628718972206116,0.511612057685852,5.354007720947266,783.2674560546875
250785,100,0.63,0.04188307002186775,0.5178351402282715,13.480853080749512,95.99730682373047
250786,97,0.5876288659793815,0.04574378579854965,0.5805630683898926,17.261333465576172,1944.997802734375
250787,100,0.41,0.05679713934659958,0.4332301616668701,5.953407287597656,1513.7947998046875
250788,72,0.6388888888888888,-0.00015024516324047,0.451617568731308,2.9676289558410645,2048.8408203125
250789,15,0.6,0.4429694414138794,0.4493921995162964,9.72461223602295,1377.8609619140625
250790,100,0.52,-0.1569763720035553,0.4699341952800751,1.4546315670013428,1497.58544921875
250791,100,0.46,-0.00878887064754963,0.5250164866447449,4.245636463165283,1333.7100830078125
250792,100,0.47,-0.0053285155445337296,0.5077994465827942,6.49885892868042,441.19073486328125
250793,100,0.47,-0.03872545808553696,0.5402082800865173,7.506242275238037,565.7557983398438
250794,100,0.53,0.05215880647301674,0.4625334143638611,9.546439170837402,1119.1920166015625
250795,100,0.53,0.07328663766384125,0.5778453350067139,15.069387435913086,1026.904296875
250796,100,0.59,-0.05179053544998169,0.447842001914978,6.817451477050781,523.198974609375
250797,100,0.51,-0.08828037232160568,0.47436219453811646,3.782137632369995,768.1184692382812
250798,100,0.48,-0.07531589269638062,0.46764740347862244,4.380591869354248,486.751953125
250799,100,0.54,0.01155333686619997,0.5312204360961914,6.687692165374756,996.289794921875
250800,100,0.5,-0.17616787552833557,0.5459978580474854,1.68946373462677,899.1571655273438
250801,73,0.5205479452054794,-0.08580927550792694,0.5536476969718933,5.474833011627197,1647.0631103515625
250802,56,0.5535714285714286,0.32499125599861145,0.5729466080665588,25.469751358032227,803.79248046875
250803,100,0.41,-0.25359678268432617,0.5206173658370972,1.2985856533050537,1058.410888671875
250804,100,0.43,-0.10241181403398514,0.5304883122444153,7.321835517883301,1588.642578125
250805,61,0.5737704918032787,0.1745070368051529,0.4915279746055603,15.017229080200195,1123.89208984375
250806,75,0.5866666666666667,0.13830317556858063,0.4909433424472809,12.209207534790039,927.7842407226562
250807,100,0.59,0.08139528334140778,0.4436660408973694,14.813803672790527,1492.0833740234375
250808,86,0.5348837209302325,0.06196281313896179,0.5200279951095581,11.062483787536621,896.00634765625
250809,84,0.5595238095238095,0.17504261434078217,0.44615837931632996,19.100727081298828,1177.333984375
250810,100,0.52,-0.16349774599075317,0.5207951664924622,1.575095295906067,790.3831176757812
250811,100,0.54,-0.14411364495754242,0.5778818726539612,2.3018224239349365,1497.7608642578125
250812,44,0.6136363636363636,0.10861515253782272,0.6322064399719238,6.133502960205078,913.6021118164062
250813,100,0.43,0.06339085102081299,0.547820508480072,12.927469253540039,1751.726806640625
250814,100,0.46,-0.16941116750240326,0.5845736861228943,1.2864607572555542,668.56591796875
250815,100,0.48,-0.06827015429735184,0.48808586597442627,4.253489971160889,1570.53369140625
250816,100,0.49,-0.007057553622871637,0.48355409502983093,5.685234546661377,1099.403076171875
250817,100,0.47,0.028766365721821785,0.5024383068084717,8.08069896697998,1352.140869140625
250818,100,0.47,-0.08070506900548935,0.5081735253334045,3.2141122817993164,1127.128173828125
250819,100,0.46,0.057108160108327866,0.5669143795967102,7.666633129119873,2095.493408203125
250820,100,0.52,-0.03645710274577141,0.4685264527797699,4.321113109588623,687.6017456054688
250821,100,0.46,-0.09805221855640411,0.46902889013290405,4.418248176574707,1030.4212646484375
250822,100,0.53,-0.06974250078201294,0.4670341908931732,2.5917959213256836,1218.42236328125
250823,100,0.43,-0.04114247485995293,0.5207163095474243,3.0684330463409424,1062.51025390625
250824,100,0.5,-0.07027781754732132,0.5624868869781494,4.401301860809326,1148.3143310546875
250825,100,0.56,-0.03956850618124008,0.5297619104385376,4.962255954742432,602.9403076171875
250826,100,0.47,-0.04481201618909836,0.5284515023231506,5.360869884490967,358.7244567871094
250827,100,0.58,-0.10026060044765472,0.44646257162094116,3.6365764141082764,1206.009521484375
250828,51,0.45098039215686275,0.10851632058620453,0.5733631253242493,5.0684051513671875,764.1451416015625
250829,100,0.54,-0.09658210724592209,0.5180515646934509,2.411241292953491,1506.5299072265625
250830,100,0.5,0.0646335780620575,0.4608449935913086,11.02962589263916,769.1688842773438
250831,100,0.62,-0.10554975271224976,0.5391070246696472,2.0093696117401123,1283.2667236328125
250832,100,0.42,0.03743892163038254,0.5024043917655945,10.774065017700195,1391.6854248046875
250833,100,0.5,-0.1146213561296463,0.47992148995399475,1.3237887620925903,1641.1175537109375
250834,17,0.6470588235294118,0.030382098630070686,0.38168811798095703,3.518141746520996,570.58544921875
250835,43,0.5581395348837209,0.1755826324224472,0.47091785073280334,9.178409576416016,1610.00390625
250836,100,0.47,-0.004591126460582018,0.48451611399650574,6.620847702026367,560.31298828125
250837,100,0.52,0.18464042246341705,0.5578787326812744,15.553194046020508,397.1440734863281
250838,100,0.53,-0.058974165469408035,0.46698737144470215,2.72357177734375,805.1839599609375
250839,88,0.4659090909090909,0.010224870406091213,0.5497313737869263,6.415951728820801,915.7821655273438
250840,65,0.5538461538461539,0.07537687569856644,0.5323781371116638,8.183686256408691,1375.7886962890625
250841,59,0.4745762711864407,0.23282738029956818,0.5537129640579224,16.352092742919922,547.4185180664062
250842,25,0.48,-0.06141838803887367,0.43965795636177063,1.7860474586486816,1212.190185546875
250843,100,0.52,-0.03997959569096565,0.45519885420799255,3.7321388721466064,1273.3311767578125
250844,23,0.34782608695652173,0.12946423888206482,0.532825231552124,2.483935594558716,981.2994384765625
250845,100,0.58,-0.04428109899163246,0.5291483402252197,5.313813209533691,830.9019165039062
250846,100,0.54,0.1033702939748764,0.5958600044250488,11.914786338806152,414.59832763671875
250847,100,0.51,0.10313528776168823,0.5554184913635254,15.004734992980957,1407.2962646484375
250848,100,0.49,0.04437646642327309,0.5076785087585449,7.2416205406188965,1407.16162109375
250849,100,0.39,-0.10948572307825089,0.43793389201164246,3.414484977722168,1187.0146484375
250850,100,0.5,-0.04577489197254181,0.44951751828193665,4.131609916687012,1280.799072265625
250851,100,0.55,0.054215800017118454,0.5175299048423767,17.507041931152344,1302.909912109375
250852,100,0.45,-0.09983865171670914,0.49078473448753357,2.105388641357422,1019.9053344726562
250853,72,0.4861111111111111,0.21477341651916504,0.5074635148048401,19.28788948059082,1010.807861328125
250854,100,0.58,-0.01286291517317295,0.49225419759750366,7.393862724304199,834.296875
250855,100,0.52,-0.011870265007019043,0.48540496826171875,4.822202682495117,302.9283752441406
250856,83,0.4819277108433735,0.21660518646240234,0.5068190097808838,21.070178985595703,679.3635864257812
250857,100,0.55,0.10147622972726822,0.47322356700897217,16.559051513671875,709.962158203125
250858,100,0.5,0.13488294184207916,0.5541300773620605,19.32231330871582,691.0654907226562
250859,100,0.52,-0.05520491302013397,0.45961830019950867,3.5722358226776123,1275.6243896484375
250860,62,0.5,0.262960821390152,0.5523308515548706,16.22024917602539,1929.552978515625
250861,100,0.53,0.0003746163274627179,0.5792927145957947,8.101043701171875,655.038330078125
250862,100,0.4,0.004477369599044323,0.513314962387085,4.199124336242676,640.1294555664062
250863,100,0.53,-0.0423513799905777,0.5314902663230896,5.691704273223877,1226.8563232421875
250864,6,1.0,-0.21392011642456055,,0.8509230613708496,1638.3939208984375
250865,100,0.38,0.0775313600897789,0.47166749835014343,6.380299091339111,373.0058288574219
250866,100,0.48,0.00037276744842529297,0.5190756320953369,3.8387229442596436,898.2988891601562
250867,100,0.49,0.18466822803020477,0.5239887833595276,17.04990577697754,532.7879638671875
250868,100,0.5,-0.00535008916631341,0.4258512854576111,4.183595657348633,1126.9462890625
250869,96,0.4791666666666667,0.039476778358221054,0.5929967761039734,5.9244489669799805,615.1493530273438
250870,100,0.49,-0.028283920139074326,0.4658927917480469,3.79825758934021,1347.2529296875
250871,65,0.6307692307692307,0.02494904212653637,0.4731261730194092,8.424744606018066,1419.452392578125
250872,100,0.5,-0.08205194771289825,0.5816118121147156,2.1169636249542236,788.5751953125
250873,100,0.52,0.05489744618535042,0.5677695870399475,4.961716651916504,729.2396240234375
250874,39,0.38461538461538464,0.07904888689517975,0.5362723469734192,6.347729206085205,863.5255126953125
250875,100,0.59,-0.04490490257740021,0.4809982478618622,3.793114423751831,1716.149169921875
250876,100,0.56,-0.03454338759183884,0.49435150623321533,5.01475715637207,944.6305541992188
250877,100,0.44,-0.027465445920825005,0.48944273591041565,4.919142246246338,2140.97705078125
250878,100,0.49,0.02567378804087639,0.5398932695388794,9.759786605834961,1448.3243408203125
250879,100,0.59,-0.027236126363277435,0.5240958333015442,4.482905387878418,602.8704833984375
250880,100,0.42,-0.0005679113091900945,0.4959198832511902,5.1098408699035645,1475.80126953125
250881,100,0.35,0.2450694739818573,0.47550028562545776,18.59874725341797,205.78350830078125
250882,100,0.5,-0.060396190732717514,0.5131008625030518,4.174808979034424,1219.229248046875
250883,100,0.51,-0.1266375035047531,0.5446517467498779,1.6989182233810425,703.540283203125
250884,72,0.4166666666666667,0.1686469167470932,0.5616217851638794,11.768356323242188,1186.9700927734375
250885,100,0.59,-0.21578070521354675,0.5573703646659851,1.1570298671722412,1205.0859375
250886,30,0.6666666666666666,0.44185614585876465,0.3711492717266083,14.585898399353027,365.8336181640625
250887,77,0.45454545454545453,0.3063945174217224,0.4990290701389313,19.8594970703125,1197.48046875
250888,39,0.48717948717948717,0.15444029867649078,0.33836543560028076,7.121344089508057,1698.3660888671875
250889,40,0.625,0.2982872724533081,0.5198193788528442,19.786808013916016,1197.57958984375
250890,100,0.44,-0.0042493450455367565,0.4480893909931183,5.118828773498535,777.5501098632812
250891,30,0.43333333333333335,0.09941288828849792,0.634882390499115,3.5373332500457764,2020.4906005859375
250892,55,0.4,0.09752287715673447,0.4788208603858948,7.713283061981201,2061.210205078125
250893,100,0.41,0.0390305370092392,0.47750166058540344,5.191582202911377,1221.91015625
250894,100,0.55,0.04124550521373749,0.5886183977127075,11.714293479919434,666.05517578125
250895,42,0.5952380952380952,0.16804414987564087,0.5625768303871155,10.830520629882812,1132.59716796875
250896,27,0.7037037037037037,0.06220117211341858,0.7226831912994385,2.8758628368377686,377.9100036621094
250897,58,0.41379310344827586,0.23800498247146606,0.43196314573287964,14.131410598754883,1330.158447265625
250898,57,0.5087719298245614,0.350396990776062,0.5181974768638611,18.330965042114258,632.6817016601562
250899,99,0.6060606060606061,0.04472364857792854,0.456621378660202,7.872037887573242,1625.2794189453125
250900,100,0.42,0.03430580347776413,0.5602587461471558,4.636436939239502,994.3287963867188
250901,34,0.6470588235294118,0.20420850813388824,0.48797622323036194,7.761207103729248,1206.52978515625
250902,100,0.54,0.10172718018293381,0.5392722487449646,12.170515060424805,413.2095947265625
250903,88,0.5909090909090909,0.13316956162452698,0.5097374320030212,10.713179588317871,1955.28125
250904,63,0.6190476190476191,0.07917477190494537,0.48420894145965576,7.507428169250488,968.7028198242188
250905,100,0.51,0.08890873938798904,0.4708012640476227,14.424432754516602,1282.3441162109375
250906,43,0.5813953488372093,0.07930880784988403,0.4666663408279419,6.621610641479492,1636.4871826171875
250907,100,0.5,-0.1169605553150177,0.47331663966178894,3.022412061691284,667.3759155273438
250908,100,0.55,0.08984333276748657,0.5916227698326111,10.073128700256348,543.2138671875
250909,100,0.57,-0.02580401487648487,0.5329182744026184,8.564023971557617,1116.5980224609375
250910,35,0.45714285714285713,0.267942875623703,0.4685801565647125,13.067155838012695,1370.4678955078125
250911,75,0.5733333333333334,0.08573050051927567,0.46019864082336426,8.86840534210205,2134.2138671875
250912,35,0.6,0.14773514866828918,0.6375889778137207,6.7558441162109375,1157.3262939453125
250913,100,0.51,0.013538531959056854,0.45067447423934937,8.305699348449707,1007.003173828125
250914,81,0.5802469135802469,0.16475774347782135,0.4872424304485321,16.779869079589844,1471.4195556640625
250915,100,0.5,-0.034556180238723755,0.520829439163208,6.848992347717285,873.844482421875
250916,100,0.54,-0.19149035215377808,0.47867220640182495,1.744796872138977,443.7481689453125
250917,32,0.5,0.16900643706321716,0.5828578472137451,7.604366302490234,316.0137634277344
250918,100,0.42,0.0835314691066742,0.48840683698654175,9.49256706237793,167.6974334716797
250919,100,0.48,-0.16464288532733917,0.5072877407073975,3.1728813648223877,444.8036804199219
250920,100,0.48,0.04322594404220581,0.4984946548938751,10.270430564880371,576.5259399414062
250921,11,0.5454545454545454,0.28949591517448425,0.23984961211681366,3.744541883468628,1104.8876953125
250922,100,0.48,-0.14028529822826385,0.5057182908058167,5.368531703948975,1438.884033203125
250923,100,0.55,-0.09085236489772797,0.48519113659858704,1.597129464149475,1113.7034912109375
250924,100,0.56,-0.0020636171102523804,0.5587313771247864,5.511439323425293,867.185546875
250925,100,0.49,0.23231881856918335,0.552428126335144,23.133859634399414,826.6138916015625
250926,53,0.4339622641509434,0.09326213598251343,0.5631664991378784,4.872681140899658,1309.6881103515625
250927,100,0.51,0.078701451420784,0.5308955907821655,11.056151390075684,1408.2388916015625
250928,100,0.45,-0.035294611006975174,0.4639119803905487,4.175904750823975,743.8271484375
250929,100,0.55,-0.10065988451242447,0.5063643455505371,3.5164692401885986,1257.58544921875
250930,100,0.53,0.09805621951818466,0.4899619221687317,9.090534210205078,818.8002319335938
250931,100,0.5,-0.07390494644641876,0.5453424453735352,3.2221474647521973,1376.7537841796875
250932,100,0.41,-0.12807509303092957,0.4764389097690582,1.6665141582489014,274.3370666503906
250933,100,0.49,0.06646771728992462,0.5425940752029419,7.833159446716309,664.3992919921875
250934,100,0.64,-0.22698599100112915,0.5112894773483276,1.2813444137573242,565.2684326171875
250935,100,0.41,-0.04827906936407089,0.5613787770271301,7.353273868560791,1221.1265869140625
250936,100,0.54,-0.16527433693408966,0.4778657853603363,1.7179104089736938,353.4212341308594
250937,100,0.45,-0.14286057651042938,0.4573519229888916,3.758089780807495,386.6532897949219
250938,100,0.47,-0.1354052871465683,0.44849199056625366,3.5724048614501953,613.4860229492188
250939,54,0.5,-0.12995439767837524,0.531475305557251,1.4686404466629028,1083.68212890625
250940,65,0.47692307692307695,0.2434024214744568,0.5166016221046448,12.223891258239746,1746.699462890625
250941,100,0.48,-0.19875629246234894,0.4832499325275421,3.513896942138672,1140.901123046875
250942,100,0.51,-0.2748892605304718,0.5519073605537415,1.1425044536590576,835.6946411132812
250943,100,0.56,-0.011839947663247585,0.5104817748069763,4.962828159332275,842.3013305664062
250944,100,0.53,-0.026546889916062355,0.48058488965034485,4.2542524337768555,1273.4571533203125
250945,100,0.48,-0.046682100743055344,0.5040813684463501,5.951536655426025,930.5624389648438
250946,55,0.5454545454545454,0.0021135201677680016,0.4962668716907501,2.7328503131866455,1457.919189453125
250947,75,0.5733333333333334,0.18159443140029907,0.5410643815994263,11.816434860229492,1725.754638671875
250948,6,0.3333333333333333,0.3702530264854431,0.5088129043579102,0.8760520219802856,1167.1290283203125
250949,100,0.48,-0.044923339039087296,0.4886266589164734,8.228045463562012,957.8450317382812
250950,100,0.54,-0.12508270144462585,0.5444769859313965,3.7078537940979004,1043.8035888671875
250951,22,0.5,-0.15436124801635742,0.5034639239311218,0.747011661529541,872.8864135742188
250952,27,0.5555555555555556,0.2332167774438858,0.48594263195991516,8.359275817871094,1555.8721923828125
250953,100,0.56,0.14209040999412537,0.5166505575180054,19.464492797851562,694.127685546875
250954,100,0.49,-0.1432361751794815,0.48036548495292664,4.222229480743408,957.5386352539062
250955,100,0.43,-0.20964063704013824,0.495476633310318,1.3134742975234985,469.9474182128906
250956,100,0.53,0.01494606677442789,0.4455983638763428,7.308113098144531,335.3440856933594
250957,23,0.5652173913043478,0.38022205233573914,0.5912463068962097,10.859110832214355,1062.9896240234375
250958,100,0.43,0.08270197361707687,0.4727243185043335,11.909725189208984,555.0487060546875
250959,100,0.48,-0.020297007635235786,0.5381064414978027,4.401831150054932,1477.4300537109375
250960,100,0.49,0.09636253118515015,0.548675537109375,8.527926445007324,1496.4193115234375
250961,100,0.55,-0.11822468042373657,0.52484130859375,1.3310412168502808,714.5296630859375
250962,100,0.49,-0.12284214794635773,0.5330207943916321,1.026528000831604,1400.4056396484375
250963,38,0.5789473684210527,-0.00954259280115366,0.5204472541809082,6.42703104019165,704.168212890625
250964,79,0.4810126582278481,0.19833950698375702,0.458688884973526,16.750686645507812,1579.02880859375
250965,52,0.5384615384615384,-0.003842796664685011,0.5849688649177551,3.0520129203796387,1178.757568359375
250966,100,0.56,-0.03680351749062538,0.48484867811203003,4.622333526611328,949.6563720703125
250967,100,0.48,-0.009877090342342854,0.45879432559013367,2.569772243499756,497.9853515625
250968,100,0.43,0.013839063234627247,0.4932081997394562,6.138844013214111,417.9579772949219
250969,41,0.4878048780487805,0.27522605657577515,0.5869157910346985,14.983575820922852,843.6424560546875
250970,100,0.52,0.016019027680158615,0.5879079103469849,4.902522563934326,352.7691650390625
250971,59,0.5423728813559322,0.1357342004776001,0.48124679923057556,8.245809555053711,1203.73876953125
250972,5,0.2,0.6870796084403992,0.6162639856338501,0.4580531418323517,1548.9246826171875
250973,100,0.51,-0.07250310480594635,0.520623505115509,4.922078609466553,1031.43505859375
250974,100,0.47,0.05722567439079285,0.5316044688224792,11.295791625976562,758.646484375
250975,85,0.5529411764705883,0.04054427519440651,0.5903846621513367,6.857850551605225,1316.317626953125
250976,77,0.4675324675324675,0.1680310219526291,0.5217466950416565,13.785385131835938,1697.5679931640625
250977,100,0.43,-0.1412384808063507,0.5761060118675232,2.099827527999878,635.8267211914062
250978,100,0.48,0.028692489489912987,0.5462170243263245,6.864647388458252,564.2531127929688
250979,100,0.58,0.01828131452202797,0.47398999333381653,9.224740982055664,1508.8006591796875
250980,80,0.5375,0.031804945319890976,0.5027323365211487,9.299705505371094,1616.5179443359375
250981,100,0.5,-0.045153938233852386,0.48299214243888855,2.7518606185913086,362.1889953613281
250982,64,0.453125,0.03907081112265587,0.5506433844566345,4.501044273376465,1133.6416015625
250983,100,0.5,0.006990003399550915,0.4719845950603485,6.930181980133057,498.62298583984375
250984,100,0.44,0.05720972642302513,0.4941120445728302,13.92077350616455,891.5867309570312
250985,31,0.41935483870967744,0.08869285881519318,0.5581729412078857,1.886404275894165,566.3880004882812
250986,69,0.43478260869565216,-0.10293526202440262,0.4933965504169464,1.8303459882736206,1165.6693115234375
250987,100,0.58,-0.11281588673591614,0.4924730658531189,2.523902177810669,1198.4676513671875
250988,100,0.53,0.060607846826314926,0.5471392869949341,8.238410949707031,1574.1998291015625
250989,60,0.5,0.17862369120121002,0.5802972316741943,12.012068748474121,1205.8330078125
250990,100,0.49,0.004216876346617937,0.4674578011035919,5.972438812255859,349.35968017578125
250991,100,0.47,-0.1428164392709732,0.5087913870811462,2.3485748767852783,1019.0403442382812
250992,50,0.5,0.13712535798549652,0.46983596682548523,8.258618354797363,1040.328369140625
250993,100,0.6,-0.004801384638994932,0.565974235534668,5.169022083282471,876.58544921875
250994,45,0.6222222222222222,0.11952853947877884,0.4866354763507843,6.70229959487915,1845.1639404296875
250995,100,0.45,-0.1519799828529358,0.5075714588165283,2.368096113204956,695.216796875
250996,100,0.49,-0.27485597133636475,0.5681885480880737,1.205115556716919,1158.1046142578125
250997,100,0.58,-0.03179074451327324,0.5518420338630676,3.9625954627990723,826.456787109375
250998,100,0.57,-0.014014031738042831,0.5194089412689209,10.239113807678223,878.4688720703125
250999,100,0.46,0.0005054720095358789,0.45901739597320557,4.144115447998047,947.2618408203125
251000,70,0.6285714285714286,0.09015903621912003,0.4649675190448761,6.845876693725586,675.3904418945312
251001,100,0.51,-0.03994179144501686,0.4968951344490051,5.351986885070801,978.326171875
251002,100,0.45,-0.036656565964221954,0.4906192421913147,3.088834285736084,639.7826538085938
251003,100,0.52,-0.0016009622486308217,0.5345013737678528,7.769888877868652,948.4971923828125
251004,100,0.55,-0.14506840705871582,0.5467747449874878,2.495105743408203,991.149169921875
251005,100,0.43,0.0011819656938314438,0.4892326295375824,4.213575839996338,260.6913146972656
251006,83,0.4457831325301205,-0.018220102414488792,0.5596338510513306,3.522381067276001,1320.2003173828125
251007,100,0.48,-0.08933693915605545,0.553270697593689,1.7648004293441772,1723.5146484375
251008,100,0.54,-0.07459850609302521,0.5525642037391663,4.230803489685059,1214.6793212890625
251009,100,0.45,-0.28943145275115967,0.4744269847869873,0.7064627408981323,656.7565307617188
251010,91,0.43956043956043955,-0.16934677958488464,0.48571115732192993,2.428265333175659,500.0738525390625
251011,100,0.55,-0.011991249397397041,0.5112085342407227,6.53297233581543,745.65673828125
251012,100,0.59,-0.21143653988838196,0.5235840678215027,1.2206236124038696,1007.409423828125
251013,43,0.3953488372093023,0.13299140334129333,0.5709307193756104,6.339207649230957,940.75537109375
251014,100,0.49,0.16377373039722443,0.5706819891929626,15.294663429260254,723.1279907226562
251015,93,0.5806451612903226,0.06381424516439438,0.5333948135375977,8.847549438476562,1516.770751953125
251016,100,0.42,-0.21029388904571533,0.5008199214935303,1.4522273540496826,680.605712890625
251017,78,0.4230769230769231,0.12095457315444946,0.5392770171165466,11.977174758911133,1555.719970703125
251018,81,0.5061728395061729,0.1218978613615036,0.6045156717300415,13.060799598693848,576.7871704101562
251019,16,0.5,0.18040043115615845,0.5211628079414368,2.8570148944854736,798.2201538085938
251020,100,0.46,0.06032416224479675,0.5383975505828857,15.41348934173584,1206.030517578125
251021,100,0.44,-0.005590262822806835,0.5277957320213318,3.9074788093566895,1067.178955078125
251022,100,0.55,0.058195192366838455,0.5465974807739258,5.92051887512207,841.4055786132812
251023,100,0.58,0.07294370234012604,0.48681798577308655,12.34616470336914,1479.1961669921875
251024,10,0.5,-0.12833324074745178,0.5672639012336731,0.4472522437572479,919.342041015625
251025,100,0.48,-0.020003030076622963,0.5470749139785767,5.770147800445557,1578.4207763671875
251026,100,0.46,-0.11338845640420914,0.5822413563728333,2.2877323627471924,1327.891845703125
251027,100,0.55,0.10227368026971817,0.5130372643470764,13.404836654663086,1018.5303955078125
251028,62,0.5161290322580645,0.07896143198013306,0.5310882925987244,5.77021598815918,1382.0185546875
251029,100,0.54,-0.021682031452655792,0.4579969048500061,5.287536144256592,1291.011962890625
251030,12,0.5833333333333334,0.3388333022594452,0.32713305950164795,3.7269246578216553,1250.3863525390625
251031,98,0.5306122448979592,0.023749452084302902,0.44863584637641907,6.720954895019531,1818.0693359375
251032,100,0.5,-0.1334989219903946,0.5045429468154907,1.87633216381073,414.8423156738281
251033,100,0.59,0.05401032418012619,0.5426992177963257,8.720039367675781,595.1338500976562
251034,28,0.5,0.22047249972820282,0.5795236229896545,7.301083564758301,829.1819458007812
251035,100,0.51,-0.004630856681615114,0.4667254388332367,9.871078491210938,1030.34765625
251036,100,0.35,-0.03994762524962425,0.5024248361587524,7.839749336242676,1564.673095703125
251037,100,0.5,0.010848824866116047,0.4493879973888397,6.791470050811768,677.903076171875
251038,100,0.43,0.01340368203818798,0.5408286452293396,3.9101638793945312,977.97607421875
251039,100,0.47,-0.08115264028310776,0.5011031031608582,2.638545274734497,1226.2064208984375
251040,100,0.43,-0.07990585267543793,0.5645642876625061,4.356207370758057,1875.9346923828125
251041,100,0.54,0.04686863720417023,0.508819043636322,11.598821640014648,1081.03125
251042,100,0.59,-0.1931862235069275,0.5271947383880615,3.7720577716827393,292.2802429199219
251043,52,0.5192307692307693,0.10730791836977005,0.48759880661964417,4.5724663734436035,1236.5625
251044,33,0.3939393939393939,0.06050853431224823,0.5666305422782898,2.4516184329986572,816.4923095703125
251045,94,0.5,0.03574613109230995,0.482143759727478,5.980296611785889,570.6438598632812
251046,100,0.51,-0.05589839443564415,0.4576314091682434,3.5191810131073,1305.2930908203125
251047,58,0.46551724137931033,0.3050628900527954,0.49639570713043213,18.366016387939453,955.22119140625
251048,57,0.5263157894736842,0.25553861260414124,0.46842044591903687,19.914949417114258,1262.2542724609375
251049,56,0.44642857142857145,0.046744052320718765,0.586572527885437,6.447574138641357,1578.6014404296875
251050,69,0.463768115942029,0.096250519156456,0.5020481944084167,11.477248191833496,1475.75
251051,100,0.49,0.010175462812185287,0.49340638518333435,3.561673641204834,760.1136474609375
251052,100,0.54,0.044248394668102264,0.5144301056861877,9.478344917297363,793.6215209960938
251053,100,0.42,-0.13144338130950928,0.5306074023246765,3.706254720687866,904.7019653320312
251054,81,0.43209876543209874,0.046220362186431885,0.5413113236427307,6.7271647453308105,2042.9862060546875
251055,100,0.57,-0.00642183143645525,0.5516515970230103,7.221842288970947,1540.7445068359375
251056,100,0.47,-0.056646764278411865,0.5232555270195007,4.068077087402344,504.7854309082031
251057,100,0.53,-0.004331853240728378,0.5311580896377563,4.266202926635742,915.82666015625
251058,100,0.51,0.008793194778263569,0.5287815928459167,5.423326015472412,1032.1221923828125
251059,77,0.5324675324675324,0.1456684023141861,0.5097794532775879,17.384593963623047,1101.462646484375
251060,100,0.52,0.016188476234674454,0.45440104603767395,7.356320381164551,1766.2535400390625
251061,100,0.53,-0.10218654572963715,0.45052337646484375,2.222069263458252,459.3007507324219
251062,100,0.55,-0.0015172850107774138,0.565950334072113,4.525511264801025,745.6795654296875
251063,32,0.5,0.20849785208702087,0.4488288462162018,6.094044208526611,712.7691040039062
251064,79,0.46835443037974683,0.19362907111644745,0.3822820782661438,19.07950210571289,1421.0225830078125
251065,100,0.47,-0.2289544939994812,0.5302421450614929,3.676776647567749,1187.0501708984375
251066,17,0.6470588235294118,0.035349562764167786,0.501688539981842,2.787947177886963,1538.60791015625
251067,100,0.52,-0.06788957864046097,0.522056519985199,3.8887746334075928,1494.8756103515625
251068,100,0.47,-0.10151684284210205,0.5185261368751526,4.602346420288086,388.68963623046875
251069,100,0.42,-0.15379726886749268,0.4803023934364319,1.662402868270874,594.6270751953125
251070,100,0.49,-0.05873262137174606,0.49918705224990845,3.0157275199890137,1150.0340576171875
251071,100,0.51,-0.05633674934506416,0.5119786262512207,3.367396831512451,470.83026123046875
251072,100,0.57,-0.03638748824596405,0.47662869095802307,4.411742210388184,1372.4312744140625
251073,100,0.52,-0.08057545125484467,0.5619356632232666,3.3679449558258057,736.8057250976562
251074,100,0.51,-0.1553025096654892,0.4764477014541626,1.7190685272216797,502.5315246582031
251075,69,0.4927536231884058,-0.04776323214173317,0.46313896775245667,2.9568777084350586,1461.637939453125
251076,68,0.6470588235294118,0.11337210983037949,0.42386093735694885,9.165116310119629,1805.899169921875
251077,100,0.57,-0.09714183211326599,0.5061719417572021,4.4362688064575195,628.9033813476562
251078,100,0.44,-0.06919978559017181,0.5240944623947144,1.9347978830337524,493.15118408203125
251079,100,0.53,-0.1559678614139557,0.5432876348495483,1.562697410583496,934.9607543945312
251080,100,0.5,-0.00042468070751056075,0.5156921148300171,4.9355998039245605,959.5919799804688
251081,100,0.52,0.06200743094086647,0.4899280369281769,10.112667083740234,1346.745361328125
251082,100,0.49,-0.031609199941158295,0.49607184529304504,6.179264068603516,1323.2091064453125
251083,54,0.42592592592592593,0.14503273367881775,0.46648675203323364,11.693441390991211,658.7998657226562
251084,100,0.53,-0.07673794031143188,0.5692871809005737,5.243484973907471,1232.210693359375
251085,100,0.44,-0.025863884016871452,0.5029152035713196,6.525917053222656,626.2633056640625
251086,100,0.49,0.0047067743726074696,0.5464173555374146,5.781362533569336,691.551513671875
251087,11,0.5454545454545454,0.39671993255615234,0.489921510219574,6.997755527496338,1253.99853515625
251088,39,0.5641025641025641,0.06497032195329666,0.4451352059841156,5.003826141357422,1311.16552734375
251089,80,0.5125,0.11095379292964935,0.5251553654670715,8.276864051818848,791.6072998046875
251090,100,0.51,0.11057983338832855,0.47307088971138,13.57750129699707,1789.828857421875
251091,100,0.58,0.03753688931465149,0.5172281861305237,7.755343914031982,788.7606201171875
251092,100,0.45,0.13077609241008759,0.4616428315639496,17.90621566772461,967.3533935546875
251093,39,0.4358974358974359,0.28516507148742676,0.42393919825553894,10.735391616821289,1711.2587890625
251094,42,0.6190476190476191,-0.06075439229607582,0.4635237455368042,2.891662359237671,935.4470825195312
251095,100,0.52,-0.08691790699958801,0.4805028736591339,5.358212471008301,877.85205078125
251096,100,0.5,-0.16917289793491364,0.509152352809906,1.2114611864089966,1182.6180419921875
251097,100,0.53,0.012864251621067524,0.5595813393592834,4.177016258239746,971.57470703125
251098,100,0.47,-0.050591468811035156,0.5376764535903931,3.8395068645477295,586.6869506835938
251099,56,0.5178571428571429,0.0023574684746563435,0.4180770814418793,4.423892974853516,1193.7491455078125
251100,100,0.56,-0.11390817165374756,0.5767549872398376,5.223817825317383,1978.25830078125
251101,100,0.49,-0.0391303226351738,0.5499310493469238,3.21012806892395,427.8739929199219
251102,16,0.4375,-0.11160781234502792,0.5786314606666565,0.8458430171012878,1039.648681640625
251103,100,0.47,-0.22800496220588684,0.5573198199272156,1.4639034271240234,426.53173828125
251104,52,0.5192307692307693,0.030500099062919617,0.5579395890235901,2.9058244228363037,268.8048095703125
251105,100,0.53,-0.15820904076099396,0.48332661390304565,1.300011396408081,1102.1790771484375
251106,100,0.45,0.04123503342270851,0.5053660869598389,9.155538558959961,972.0540771484375
251107,88,0.42045454545454547,0.13059958815574646,0.45108819007873535,11.95262336730957,1654.2623291015625
251108,100,0.47,-0.12229467183351517,0.5266587138175964,2.7739081382751465,1374.9510498046875
251109,100,0.5,0.0452655665576458,0.5186300873756409,6.4968767166137695,1408.788818359375
251110,100,0.57,-0.16883091628551483,0.5159238576889038,1.8419941663742065,851.2444458007812
251111,100,0.54,-0.07006397843360901,0.5300761461257935,8.887598991394043,1200.3839111328125
251112,100,0.47,0.04807134345173836,0.5020690560340881,9.426004409790039,1474.0596923828125
251113,100,0.49,-0.15842974185943604,0.511664867401123,1.6489351987838745,927.1328735351562
251114,100,0.42,-0.07099740952253342,0.5172995924949646,3.382337808609009,758.4899291992188
251115,84,0.4166666666666667,0.047624800354242325,0.49945637583732605,6.202302932739258,748.1905517578125
251116,100,0.56,-0.037218887358903885,0.48503926396369934,4.169633388519287,847.43212890625
251117,4,0.5,0.8825613260269165,0.3954455256462097,3.6127853393554688,1449.5396728515625
251118,100,0.48,0.06819280982017517,0.5587542057037354,5.385523319244385,1220.4952392578125
251119,100,0.42,0.15157833695411682,0.5011501908302307,16.52984619140625,658.07763671875
251120,100,0.47,0.06937050819396973,0.5131968259811401,7.448205471038818,1119.866455078125
251121,100,0.45,-0.1096716970205307,0.555998682975769,2.861706018447876,546.1739501953125
251122,100,0.52,-0.1000443622469902,0.5202496647834778,3.5990445613861084,943.760986328125
251123,32,0.5,0.320706307888031,0.5457545518875122,10.752914428710938,395.3486633300781
251124,100,0.48,0.07657582312822342,0.5176225900650024,7.500906944274902,1037.85546875
251125,20,0.3,0.11848079413175583,0.6137351393699646,1.3940224647521973,757.889404296875
251126,34,0.5,0.07235568016767502,0.4594336450099945,4.761696815490723,1006.358642578125
251127,100,0.39,-0.07534439116716385,0.554125964641571,3.0676493644714355,1181.20751953125
251128,100,0.52,0.01702151820063591,0.5392002463340759,5.580344200134277,1183.670166015625
251129,29,0.5172413793103449,0.11518314480781555,0.5324245095252991,4.5335612297058105,1017.2957153320312
251130,79,0.4936708860759494,0.11168535053730011,0.5141301155090332,10.289815902709961,2157.041015625
251131,66,0.45454545454545453,-0.04307530075311661,0.5379286408424377,5.109560966491699,1388.785888671875
251132,91,0.5274725274725275,-0.011852920055389404,0.5839470624923706,4.072228908538818,1432.6788330078125
251133,64,0.46875,0.0885673388838768,0.5249107480049133,12.433395385742188,445.9591064453125
251134,100,0.54,-0.13715976476669312,0.4333053231239319,3.373622417449951,978.168212890625
251135,100,0.51,-0.08711408078670502,0.5021951198577881,5.699281692504883,1465.3060302734375
251136,100,0.53,-0.08675327152013779,0.5174096822738647,4.964495658874512,828.813232421875
251137,100,0.54,0.06019620597362518,0.457975298166275,5.998887538909912,530.2908935546875
251138,100,0.46,0.2626502513885498,0.5230566263198853,22.083602905273438,1867.046875
251139,40,0.55,0.2861408591270447,0.4832472801208496,15.208930969238281,1000.5902099609375
251140,36,0.7222222222222222,-0.08735926449298859,0.4576112627983093,2.7316911220550537,752.3941040039062
251141,100,0.49,-0.047933757305145264,0.5444856286048889,4.6383376121521,599.6167602539062
251142,100,0.51,0.04715311899781227,0.5472333431243896,9.866232872009277,199.92843627929688
251143,100,0.6,-0.011237549595534801,0.5176189541816711,3.865807056427002,284.94793701171875
251144,100,0.49,0.08369862288236618,0.4522373676300049,5.7805938720703125,1577.4388427734375
251145,100,0.53,-0.13471683859825134,0.5131722092628479,2.4901866912841797,713.890625
251146,86,0.6162790697674418,0.005440926644951105,0.5631756782531738,4.296899795532227,1585.73583984375
251147,88,0.5,0.17160415649414062,0.509525716304779,13.705344200134277,1390.0728759765625
251148,78,0.6153846153846154,0.18808938562870026,0.4253515601158142,16.57306671142578,1002.203125
251149,100,0.53,0.1857052594423294,0.5283814072608948,15.080001831054688,1807.27880859375
251150,100,0.52,0.1047329530119896,0.5602971315383911,11.075799942016602,1274.913330078125
251151,10,0.4,0.406791090965271,0.47569021582603455,5.031877517700195,522.1428833007812
251152,100,0.51,-0.039753541350364685,0.5429429411888123,4.433960437774658,1352.7069091796875
251153,61,0.5573770491803278,0.16028186678886414,0.5002180933952332,9.596561431884766,1184.8499755859375
251154,100,0.52,-0.07282623648643494,0.5421473383903503,5.073542594909668,1466.772705078125
251155,35,0.42857142857142855,0.2036394476890564,0.5597487092018127,12.044108390808105,1615.39453125
251156,100,0.5,-0.09168830513954163,0.5562449097633362,4.264379978179932,1632.76416015625
251157,97,0.5257731958762887,0.12990036606788635,0.5009203553199768,11.03465461730957,952.3763427734375
251158,100,0.53,-0.04502963647246361,0.5158151984214783,2.5657050609588623,1541.35107421875
251159,45,0.5111111111111111,0.21525201201438904,0.3901222348213196,14.9902982711792,1378.6796875
251160,100,0.56,0.10805308073759079,0.538336992263794,14.669954299926758,345.2466735839844
251161,100,0.48,0.07063650339841843,0.5238088965415955,7.724666595458984,774.60986328125
251162,100,0.52,0.144720658659935,0.5169135332107544,21.745487213134766,1506.6241455078125
251163,100,0.57,0.016407862305641174,0.5288289189338684,5.718614101409912,1706.3409423828125
251164,100,0.49,0.0843135192990303,0.5310600399971008,10.968124389648438,1234.23583984375
251165,100,0.51,0.12804388999938965,0.45727530121803284,19.339855194091797,2017.4422607421875
251166,100,0.49,-0.11167290061712265,0.5156407952308655,2.402200222015381,903.08203125
251167,100,0.58,0.009813874959945679,0.533566951751709,5.698099613189697,1319.2650146484375
251168,100,0.55,-0.06352908909320831,0.4222942292690277,1.7813425064086914,377.2373962402344
251169,100,0.53,0.012311985716223717,0.5224226713180542,5.8780388832092285,1374.0318603515625
251170,100,0.48,-0.16313546895980835,0.5573704242706299,2.1140387058258057,902.4299926757812
251171,12,0.75,0.1510564088821411,0.672312319278717,3.264950752258301,1322.355712890625
251172,100,0.44,-0.10801573097705841,0.5225088000297546,2.8613924980163574,1256.5572509765625
251173,10,0.7,0.19710981845855713,0.7135375142097473,4.088569164276123,1247.7689208984375
251174,40,0.625,-0.04766980558633804,0.5169516205787659,3.778034210205078,1310.274169921875
251175,80,0.5,0.1552179604768753,0.48903122544288635,10.782883644104004,1959.7548828125
251176,100,0.43,-0.007615345995873213,0.5290917754173279,4.653923034667969,503.0679016113281
251177,100,0.6,-0.1334325224161148,0.5076190233230591,1.7840337753295898,873.98486328125
251178,100,0.44,-0.07943297177553177,0.5408631563186646,3.0736286640167236,1399.522216796875
251179,76,0.5,0.08884695917367935,0.4832937717437744,10.189441680908203,753.5762329101562
251180,81,0.4444444444444444,0.17446525394916534,0.521452009677887,13.35562515258789,1965.5963134765625
251181,25,0.6,0.32768523693084717,0.5010825395584106,10.940744400024414,1782.04541015625
251182,100,0.5,-0.1808660477399826,0.4995526969432831,1.6032979488372803,919.0457763671875
251183,100,0.46,0.03560515493154526,0.5419617295265198,5.68951940536499,1056.126220703125
251184,93,0.41935483870967744,0.09850364178419113,0.5904979109764099,12.664072036743164,438.70562744140625
251185,44,0.45454545454545453,0.055500246584415436,0.49188312888145447,6.523768424987793,847.9368286132812
251186,84,0.5595238095238095,-0.032002829015254974,0.519307017326355,4.398946762084961,1360.130126953125
251187,36,0.4722222222222222,0.11238280683755875,0.414996862411499,3.494004011154175,1705.6234130859375
251188,100,0.6,-0.015365470200777054,0.4827013909816742,5.765272617340088,879.2577514648438
251189,45,0.5777777777777777,-0.01483898889273405,0.46542659401893616,3.7907187938690186,677.4649658203125
251190,100,0.52,-0.12013382464647293,0.4930916726589203,1.361361026763916,418.6053161621094
251191,100,0.61,-0.13278335332870483,0.4721031188964844,2.9026424884796143,1156.3623046875
251192,100,0.44,-0.13989661633968353,0.4714425504207611,2.2192366123199463,930.4789428710938
251193,56,0.4642857142857143,0.15225675702095032,0.5129304528236389,6.052522659301758,1066.2529296875
251194,100,0.55,-0.1846289336681366,0.4838635325431824,2.0032081604003906,1122.2777099609375
251195,65,0.38461538461538464,-0.06010730564594269,0.4909854829311371,3.079559564590454,1220.037841796875
251196,100,0.51,-0.16191275417804718,0.5204792022705078,2.94785213470459,346.9095153808594
251197,100,0.61,-0.07276440411806107,0.44991278648376465,4.511589050292969,804.0239868164062
251198,100,0.5,0.041180629283189774,0.4650551676750183,6.20985746383667,1080.3941650390625
251199,100,0.5,-0.027807021513581276,0.49099230766296387,3.2273430824279785,1284.5830078125
251200,100,0.45,-0.19059322774410248,0.47970664501190186,1.605372667312622,787.3883666992188
251201,100,0.51,-0.1836879402399063,0.5023857951164246,2.2418158054351807,619.9772338867188
251202,100,0.45,-0.08890294283628464,0.4522221088409424,1.8159507513046265,1116.4295654296875
251203,100,0.43,-0.14482058584690094,0.491055965423584,1.7434337139129639,1244.0115966796875
251204,100,0.52,-0.03374885022640228,0.5445294976234436,6.098148345947266,1085.3809814453125
251205,100,0.49,-0.08881952613592148,0.5252705216407776,5.9354023933410645,1069.846435546875
251206,100,0.44,-0.018442539498209953,0.5000253319740295,7.6911773681640625,679.9304809570312
251207,100,0.48,-0.1253737062215805,0.4835699498653412,2.4253058433532715,1501.5362548828125
251208,85,0.47058823529411764,0.010962536558508873,0.539179801940918,4.219019889831543,256.073974609375
251209,22,0.5,-0.012852414511144161,0.4359947144985199,2.179424285888672,574.2505493164062
251210,100,0.42,-0.027152322232723236,0.44623011350631714,3.8867897987365723,794.1160888671875
251211,86,0.4883720930232558,-0.10476691275835037,0.5566074848175049,3.0917491912841797,1481.4334716796875
251212,100,0.4,-0.08759944140911102,0.5459613800048828,1.9234771728515625,1282.2646484375
251213,100,0.54,-0.07180216163396835,0.4713746905326843,4.0743913650512695,1461.0865478515625
251214,99,0.5454545454545454,0.05158734694123268,0.598767101764679,7.413050651550293,1376.1116943359375
251215,58,0.5517241379310345,0.17250379920005798,0.5095024704933167,10.178040504455566,1708.8990478515625
251216,100,0.51,0.02475889027118683,0.5517694354057312,3.5426905155181885,1238.9605712890625
251217,100,0.51,-0.034549780189991,0.5541260242462158,4.0059099197387695,750.0130004882812
251218,100,0.6,-0.019548410549759865,0.485355943441391,5.819234371185303,1526.516845703125
251219,100,0.6,-0.02262241020798683,0.5523571968078613,6.303277492523193,940.6409912109375
251220,36,0.3888888888888889,0.0977427139878273,0.5206331610679626,2.2089948654174805,1297.547607421875
251221,100,0.48,-0.10412058979272842,0.5434684157371521,2.897437334060669,637.2444458007812
251222,100,0.51,-0.030616335570812225,0.5315861701965332,4.209970474243164,581.6469116210938
251223,100,0.54,-0.0009854240342974663,0.5491767525672913,5.459714412689209,1422.8076171875
251224,100,0.47,0.1844368577003479,0.4588777422904968,18.658023834228516,778.4146118164062
251225,36,0.4722222222222222,-0.21060240268707275,0.5147386193275452,2.0953779220581055,287.0238342285156
251226,59,0.576271186440678,0.044102367013692856,0.5615596175193787,7.028023719787598,1433.1519775390625
251227,100,0.55,-0.03745671361684799,0.4976326525211334,3.6309778690338135,2043.780029296875
251228,100,0.51,0.057037267833948135,0.5576480031013489,11.102670669555664,1720.2076416015625
251229,29,0.5172413793103449,0.1778530776500702,0.4894430339336395,6.8965911865234375,1546.3135986328125
251230,100,0.5,-0.14454494416713715,0.5065831542015076,2.6561496257781982,481.64361572265625
251231,100,0.46,-0.1408219188451767,0.4730524718761444,1.593732476234436,342.13299560546875
251232,62,0.6451612903225806,0.11938242614269257,0.4892275631427765,9.680697441101074,1115.470458984375
251233,100,0.59,0.04208369553089142,0.5357940196990967,12.88868522644043,1066.017333984375
251234,100,0.55,-0.0026128694880753756,0.5121572017669678,5.017183303833008,884.3090209960938
251235,94,0.48936170212765956,0.08462265133857727,0.4783083200454712,9.994876861572266,1344.9423828125
251236,55,0.5272727272727272,0.2603199779987335,0.4667113125324249,14.964311599731445,1030.5938720703125
251237,100,0.48,-0.06726077944040298,0.5022100210189819,2.5598158836364746,538.0899047851562
251238,100,0.49,-0.004284869879484177,0.5282854437828064,3.5262951850891113,1147.668212890625
251239,21,0.5714285714285714,0.3107752203941345,0.38020265102386475,6.228151321411133,1159.33642578125
251240,100,0.56,0.023928111419081688,0.4771844148635864,8.93620777130127,916.485107421875
251241,100,0.52,-0.03924145549535751,0.4644322395324707,3.7879512310028076,891.478759765625
251242,100,0.55,-0.035844847559928894,0.5038511753082275,9.248231887817383,1295.733154296875
251243,100,0.39,0.013494638726115227,0.5036916732788086,4.869537353515625,396.0546875
251244,66,0.4393939393939394,0.19997316598892212,0.4920603334903717,11.059897422790527,869.8770141601562
251245,100,0.49,0.042005326598882675,0.5316985249519348,8.709809303283691,964.115966796875
251246,62,0.5483870967741935,-0.017788996919989586,0.49456319212913513,3.754302978515625,1429.3236083984375
251247,100,0.58,-0.10709015280008316,0.5723395347595215,3.7022452354431152,635.876708984375
251248,100,0.51,-0.009401354007422924,0.46448835730552673,6.892480850219727,795.2368774414062
251249,43,0.5813953488372093,-0.00023568510368932039,0.3897774815559387,2.688725233078003,1841.895263671875
251250,100,0.4,0.11170461028814316,0.5330518484115601,12.642473220825195,337.4569091796875
251251,4,0.75,0.5045080780982971,0.18270261585712433,3.611025333404541,923.3787841796875
251252,100,0.46,-0.116019107401371,0.4616251587867737,2.113516092300415,387.79595947265625
251253,100,0.45,-0.08065129071474075,0.4997311234474182,4.741934776306152,1038.848388671875
251254,97,0.4845360824742268,0.10638744384050369,0.4211970567703247,7.478392124176025,1048.5335693359375
251255,100,0.53,-0.041066039353609085,0.4710373878479004,3.836449384689331,944.8384399414062
251256,100,0.48,0.029481949284672737,0.4832107126712799,6.531318187713623,885.355712890625
251257,100,0.55,0.016789540648460388,0.4707120358943939,10.32690715789795,1572.092041015625
251258,90,0.4666666666666667,0.12806251645088196,0.47321486473083496,14.643601417541504,1896.66552734375
251259,100,0.47,0.08138078451156616,0.5702831149101257,12.475043296813965,1517.721435546875
251260,61,0.4098360655737705,-0.23911920189857483,0.4607672691345215,1.5889003276824951,630.1190795898438
251261,100,0.49,0.12465129792690277,0.5390846133232117,15.465557098388672,1219.296630859375
251262,100,0.55,0.07103805989027023,0.4466364085674286,14.672667503356934,643.7302856445312
251263,57,0.6666666666666666,-0.0066404263488948345,0.5968702435493469,3.674783945083618,1682.8209228515625
251264,100,0.54,-0.1817803978919983,0.5907477736473083,1.2426047325134277,880.88720703125
251265,100,0.46,0.06371194124221802,0.48758357763290405,13.336246490478516,1778.086669921875
251266,30,0.4666666666666667,-0.06495112925767899,0.5935966968536377,2.28706693649292,1542.9951171875
251267,100,0.57,-0.007734344806522131,0.5370330214500427,6.570153713226318,1163.271728515625
251268,100,0.41,-0.008280673064291477,0.5384913682937622,7.0708842277526855,365.0550842285156
251269,100,0.52,-0.2322949767112732,0.5682871341705322,1.7543643712997437,1563.3433837890625
251270,100,0.44,0.0775979533791542,0.4848721921443939,10.580789566040039,710.1500854492188
251271,100,0.63,0.07178343832492828,0.44054123759269714,7.586202144622803,1249.33251953125
251272,48,0.5208333333333334,0.07231246680021286,0.5885988473892212,7.005867958068848,592.6021118164062
251273,35,0.4,0.032718002796173096,0.6102916598320007,2.5704102516174316,1283.1871337890625
251274,59,0.4067796610169492,0.09863245487213135,0.507885754108429,3.638301134109497,1962.25
251275,80,0.575,0.19586069881916046,0.4480500817298889,16.147932052612305,2339.769775390625
251276,100,0.55,-0.026076439768075943,0.5767276287078857,5.458381175994873,516.8275146484375
251277,100,0.54,0.08380801230669022,0.4971700608730316,13.205223083496094,710.3912963867188
251278,100,0.52,-0.043673064559698105,0.48313426971435547,2.905273199081421,1687.664794921875
251279,71,0.36619718309859156,0.0846652090549469,0.5059799551963806,4.859045028686523,1453.6888427734375
251280,100,0.57,-0.03043677844107151,0.5025784969329834,3.347433567047119,959.7762451171875
251281,86,0.5465116279069767,0.10939688235521317,0.5426346063613892,14.308186531066895,1633.5098876953125
251282,77,0.6233766233766234,0.1530049443244934,0.4920078217983246,13.793654441833496,2127.82568359375
251283,100,0.61,0.05328747257590294,0.6086540818214417,10.015801429748535,1435.629638671875
251284,31,0.45161290322580644,0.043699417263269424,0.5665426254272461,2.6175289154052734,487.96392822265625
251285,21,0.5714285714285714,-0.006735311355441809,0.5010734796524048,1.606560230255127,1365.71142578125
251286,28,0.5714285714285714,0.21152934432029724,0.44180813431739807,8.757180213928223,687.0504760742188
251287,100,0.55,-0.17789003252983093,0.5524284243583679,1.906251311302185,1246.191650390625
251288,100,0.51,-0.04416952282190323,0.5348309278488159,4.993165493011475,1044.8194580078125
251289,100,0.43,-0.07495646178722382,0.554460346698761,1.9934630393981934,1149.2939453125
251290,100,0.48,-0.09849631041288376,0.508143424987793,2.2840607166290283,323.9392395019531
251291,100,0.52,-0.10158944129943848,0.5012887716293335,2.9601082801818848,1281.604248046875
251292,100,0.51,0.1235455647110939,0.48709043860435486,16.217626571655273,642.5238647460938
251293,100,0.39,0.012869839556515217,0.5583136677742004,4.228671073913574,548.2243041992188
251294,100,0.52,-0.24189059436321259,0.47705987095832825,1.6554453372955322,282.2261657714844
251295,100,0.39,-0.10582803934812546,0.5087257027626038,3.4721570014953613,1248.72119140625
251296,97,0.5773195876288659,0.006807178258895874,0.5583810806274414,6.0651469230651855,1594.09228515625
251297,100,0.5,-0.03347879275679588,0.4853824973106384,3.716844320297241,1155.99658203125
251298,100,0.5,-0.02909942902624607,0.5646440982818604,4.572826385498047,1459.8861083984375
251299,100,0.42,-0.07989126443862915,0.5213704109191895,2.693455457687378,709.5884399414062
251300,100,0.45,0.027055973187088966,0.4997675120830536,4.836322784423828,1201.724853515625
251301,100,0.45,-0.025339175015687943,0.5501598119735718,5.80949592590332,1443.310546875
251302,100,0.5,-0.04142759367823601,0.4527819752693176,2.2516298294067383,451.39508056640625
251303,100,0.48,-0.011742805130779743,0.5045098662376404,4.494431018829346,1698.2564697265625
251304,100,0.49,0.047744862735271454,0.527166485786438,5.419776916503906,1725.22607421875
251305,100,0.51,-0.0697900652885437,0.49127429723739624,2.327582359313965,1446.410888671875
251306,100,0.51,0.054501723498106,0.448184072971344,11.116753578186035,1624.7850341796875
251307,100,0.46,-0.1733328253030777,0.42935359477996826,2.7731122970581055,1332.1636962890625
251308,100,0.46,0.022874316200613976,0.4866659939289093,9.865470886230469,2132.707275390625
251309,100,0.58,-0.0879545509815216,0.5181227922439575,2.679445743560791,642.985595703125
251310,61,0.4262295081967213,0.04184137284755707,0.5784075856208801,4.6862616539001465,873.06298828125
251311,92,0.4673913043478261,0.012776399962604046,0.49230942130088806,4.599973201751709,955.3858032226562
251312,100,0.5,-0.009623521938920021,0.5616909265518188,5.170302391052246,1397.1727294921875
251313,100,0.5,0.0033788823056966066,0.43953239917755127,7.425941467285156,633.9627075195312
251314,100,0.47,-0.05655137449502945,0.4766734540462494,1.967654824256897,370.2159423828125
251315,10,0.5,0.17669735848903656,0.3229680061340332,2.66135835647583,1486.310302734375
251316,100,0.46,-0.10100489854812622,0.47816652059555054,2.1773345470428467,391.7640686035156
251317,100,0.56,-0.012234032154083252,0.4941209852695465,5.120975971221924,1437.5079345703125
251318,51,0.5098039215686274,-0.1147947683930397,0.527805507183075,3.73374605178833,762.2354125976562
251319,100,0.53,-0.0016665335278958082,0.4780414402484894,8.485671043395996,313.2352294921875
251320,100,0.47,-0.04583382606506348,0.4221108555793762,4.203096866607666,1428.5091552734375
251321,100,0.55,-0.13684123754501343,0.4958530366420746,2.959256410598755,612.1488037109375
251322,100,0.48,0.00563051039353013,0.5507821440696716,6.221889495849609,960.1640625
251323,100,0.59,-0.025770964100956917,0.49046987295150757,3.9465079307556152,1046.410888671875
251324,100,0.56,-0.11822748184204102,0.5203872323036194,2.8350448608398438,1601.23876953125
251325,100,0.48,-0.15854424238204956,0.531181812286377,3.9209132194519043,873.3682250976562
251326,100,0.54,-0.09385897219181061,0.4982333481311798,2.445692777633667,1452.689208984375
251327,32,0.59375,-0.09628140926361084,0.5175097584724426,2.1806628704071045,819.0183715820312
251328,68,0.47058823529411764,0.045669734477996826,0.43330588936805725,3.7604846954345703,1902.625
251329,100,0.53,-0.0983344316482544,0.5083262920379639,3.9927451610565186,313.8212585449219
251330,100,0.54,0.043858107179403305,0.519045889377594,14.092012405395508,833.1218872070312
251331,100,0.49,-0.1297772377729416,0.48848557472229004,1.1164507865905762,1675.7335205078125
251332,22,0.45454545454545453,-0.24054214358329773,0.4582078456878662,0.6350127458572388,377.64892578125
251333,100,0.5,-0.0640268549323082,0.5164450407028198,3.2514147758483887,426.2720947265625
251334,100,0.5,-0.014861024916172028,0.38661688566207886,4.308778285980225,1143.3477783203125
251335,100,0.45,0.09529411792755127,0.5304624438285828,9.55549144744873,689.0505981445312
251336,100,0.47,-0.04372101649641991,0.5578356981277466,3.3090062141418457,2096.775146484375
251337,100,0.44,0.0023182372096925974,0.5883885622024536,8.008846282958984,255.1451873779297
251338,100,0.49,0.009477070532739162,0.4645939767360687,4.437718391418457,1128.370849609375
251339,100,0.45,-0.03196268528699875,0.4783779978752136,4.731164455413818,1771.1427001953125
251340,18,0.5,0.09606347978115082,0.4996209740638733,1.8983081579208374,1303.0496826171875
251341,100,0.45,-0.06070205941796303,0.4604412317276001,4.196789741516113,1287.4566650390625
251342,100,0.55,-0.05113913491368294,0.5417252779006958,5.34690523147583,1216.484619140625
251343,100,0.51,-0.020673485472798347,0.4683936834335327,6.655323028564453,760.2542724609375
251344,100,0.48,-0.008772420696914196,0.48665663599967957,7.094409942626953,854.1331176757812
251345,100,0.5,0.06442222744226456,0.4910578429698944,9.13424015045166,656.4949951171875
251346,100,0.54,0.023392239585518837,0.4801420271396637,7.333132743835449,358.6187438964844
251347,100,0.52,-0.24354368448257446,0.4867118299007416,1.0152032375335693,1501.94287109375
251348,100,0.46,-0.0016303270822390914,0.5116427540779114,3.831724166870117,574.9861450195312
251349,100,0.47,0.03288247063755989,0.5178138017654419,6.04373025894165,1359.2598876953125
251350,100,0.47,0.034923430532217026,0.5386731624603271,10.057727813720703,1260.5390625
251351,100,0.57,-0.04949025809764862,0.557608962059021,2.327725648880005,946.0520629882812
251352,100,0.5,-0.10597428679466248,0.5115659236907959,3.3700547218322754,267.08514404296875
251353,100,0.5,0.024679705500602722,0.5630732178688049,6.752213954925537,1278.2386474609375
251354,100,0.52,0.09695904701948166,0.4524551331996918,11.413634300231934,1020.6211547851562
251355,100,0.56,-0.1011638268828392,0.5136637687683105,3.7060437202453613,914.3215942382812
251356,100,0.42,-0.11336679756641388,0.5115818381309509,4.634616851806641,317.7901611328125
251357,100,0.37,0.029244480654597282,0.5123875737190247,5.723674297332764,517.0081787109375
251358,100,0.48,0.06374560296535492,0.5173139572143555,8.769685745239258,317.86309814453125
251359,100,0.5,0.09475920349359512,0.4975750744342804,8.402978897094727,1634.8294677734375
251360,65,0.5846153846153846,0.143340066075325,0.5360073447227478,13.698707580566406,1563.658203125
251361,100,0.5,0.04747440293431282,0.5322261452674866,8.267470359802246,912.9307861328125
251362,100,0.56,0.04347880557179451,0.4788515865802765,7.857550621032715,1187.429443359375
251363,100,0.51,-0.05429445579648018,0.4537821114063263,3.7884340286254883,411.2549133300781
251364,100,0.51,0.022221283987164497,0.5015820264816284,3.94649600982666,749.2183227539062
251365,100,0.55,-0.23762139678001404,0.4681944251060486,1.1279189586639404,1450.073486328125
251366,100,0.48,0.12316790968179703,0.5091122388839722,16.334285736083984,1242.815185546875
251367,100,0.48,-0.016734765842556953,0.5310807824134827,4.0739426612854,692.8961791992188
251368,100,0.56,0.0860295370221138,0.594028890132904,5.772384166717529,1329.0626220703125
251369,100,0.55,-0.12751631438732147,0.5344388484954834,4.724193096160889,214.81056213378906
251370,89,0.5393258426966292,-0.014805600047111511,0.5971201658248901,6.374228477478027,421.5350341796875
251371,100,0.56,0.048859622329473495,0.5661710500717163,9.337961196899414,1059.977294921875
251372,25,0.4,0.3900696635246277,0.5689332485198975,4.273951530456543,1187.9437255859375
251373,46,0.41304347826086957,0.33822908997535706,0.5561248064041138,14.59644889831543,2120.27001953125
251374,100,0.52,0.03693925216794014,0.5036262273788452,15.999044418334961,680.2406005859375
251375,100,0.49,0.06729016453027725,0.5079572796821594,7.703888416290283,1526.701171875
251376,100,0.54,-0.008362840861082077,0.49536749720573425,2.557896375656128,428.6159362792969
251377,100,0.64,-0.06999634206295013,0.4660132825374603,2.3552780151367188,1108.59033203125
251378,100,0.52,0.06256886571645737,0.5068952441215515,9.41524887084961,1268.8978271484375
251379,100,0.45,0.0037485810462385416,0.4775197207927704,3.725071907043457,1055.47412109375
251380,69,0.463768115942029,0.18348467350006104,0.5578745603561401,9.23410415649414,1045.2901611328125
251381,100,0.57,-0.014493842609226704,0.4442141652107239,5.649881362915039,769.1107788085938
251382,100,0.53,0.028931306675076485,0.4961071312427521,5.925413608551025,500.1178283691406
251383,50,0.54,-0.011089163832366467,0.463665246963501,5.561781883239746,1909.9586181640625
251384,100,0.51,0.009840297512710094,0.4909476041793823,7.810144424438477,266.03125
251385,86,0.45348837209302323,0.04940515384078026,0.5308043956756592,7.238829135894775,1429.78076171875
251386,100,0.48,-0.17480386793613434,0.5201978087425232,2.3065786361694336,1547.9053955078125
251387,76,0.5,0.20739620923995972,0.5594012141227722,12.308302879333496,1497.5941162109375
251388,35,0.5428571428571428,-0.0747542604804039,0.4749707579612732,3.479872465133667,533.32763671875
251389,91,0.5164835164835165,0.06746456772089005,0.5545949339866638,9.946929931640625,1641.8792724609375
251390,58,0.5,0.07928469777107239,0.41308826208114624,7.606555938720703,1200.4892578125
251391,5,0.8,-0.010973706841468811,0.4571339190006256,0.9361035227775574,602.1239013671875
251392,100,0.47,0.05218660086393356,0.4960801601409912,16.67918586730957,1288.5084228515625
251393,100,0.5,0.00796653050929308,0.45026326179504395,4.433365821838379,872.0331420898438
251394,98,0.5306122448979592,0.12783071398735046,0.5636630058288574,12.530732154846191,1758.369873046875
251395,59,0.4067796610169492,-0.04825461283326149,0.4631288945674896,2.653902530670166,1239.8958740234375
251396,100,0.54,0.042136188596487045,0.5153185725212097,10.564042091369629,754.67431640625
251397,100,0.56,-0.08870061486959457,0.534980297088623,3.7987661361694336,1376.95458984375
251398,100,0.56,0.06331505626440048,0.48372697830200195,11.15770149230957,545.98388671875
251399,100,0.5,-0.06425279378890991,0.5408352017402649,7.574645519256592,510.9650573730469
251400,24,0.5416666666666666,0.22427353262901306,0.4137926399707794,8.999323844909668,881.3014526367188
251401,100,0.54,0.11084374785423279,0.5639958381652832,12.850255012512207,150.1480712890625
251402,100,0.46,0.01068814191967249,0.5781657099723816,10.014758110046387,1063.8360595703125
251403,100,0.49,0.01865432783961296,0.5285159349441528,10.161832809448242,669.9928588867188
251404,100,0.46,-0.00625641830265522,0.567571759223938,8.308202743530273,664.8410034179688
251405,65,0.6307692307692307,-0.22799605131149292,0.4489622116088867,1.3646916151046753,1539.03271484375
251406,100,0.44,0.03405414894223213,0.42238256335258484,7.429149150848389,824.2265625
251407,100,0.46,-0.030116571113467216,0.5902831554412842,11.029180526733398,1051.2154541015625
251408,90,0.6,-0.026968076825141907,0.5632812976837158,6.20952033996582,1844.538330078125
251409,78,0.5256410256410257,0.22955140471458435,0.4428015649318695,18.884767532348633,1567.076904296875
251410,100,0.4,0.06735387444496155,0.5252017974853516,13.580945014953613,731.6906127929688
251411,82,0.4634146341463415,0.05748135223984718,0.5298327803611755,8.971895217895508,1162.07470703125
251412,100,0.41,0.07109640538692474,0.5458763241767883,8.52624797821045,1078.9688720703125
251413,100,0.52,-0.10319314897060394,0.49324098229408264,3.030380964279175,1368.266845703125
251414,30,0.6333333333333333,0.2439640909433365,0.470035195350647,8.045157432556152,1650.922119140625
251415,100,0.54,-0.057873621582984924,0.4589209258556366,4.583528518676758,1111.1568603515625
251416,100,0.52,0.03541344404220581,0.5403354167938232,7.232003688812256,1313.464111328125
251417,100,0.51,0.14412565529346466,0.5243867635726929,13.160595893859863,375.9434509277344
251418,46,0.5869565217391305,0.16380290687084198,0.4268745183944702,8.14488697052002,741.5403442382812
251419,100,0.5,0.05196896195411682,0.4692977964878082,5.390437126159668,832.6040649414062
251420,45,0.4888888888888889,0.2580829858779907,0.4547715485095978,11.919824600219727,1970.677734375
251421,100,0.45,-0.05916822329163551,0.47554242610931396,4.457582950592041,1229.771728515625
251422,76,0.5131578947368421,0.34038886427879333,0.5264152884483337,23.273591995239258,2310.7255859375
251423,100,0.54,0.05298818647861481,0.5691781640052795,8.625947952270508,976.5664672851562
251424,51,0.43137254901960786,0.22800417244434357,0.48039698600769043,11.475861549377441,942.4456176757812
251425,100,0.52,0.0522255040705204,0.5144345164299011,17.784330368041992,739.9407348632812
251426,100,0.54,0.06564970314502716,0.44113436341285706,13.76252269744873,1699.1324462890625
251427,27,0.6666666666666666,0.19888420403003693,0.6342319846153259,8.918686866760254,1634.94140625
251428,100,0.42,0.051448650658130646,0.5174593925476074,9.16323184967041,537.2724609375
251429,47,0.5319148936170213,0.21282844245433807,0.5626285076141357,11.21513843536377,1553.3111572265625
251430,73,0.6027397260273972,0.24576860666275024,0.5386321544647217,24.355587005615234,881.975830078125
251431,63,0.5873015873015873,0.17603802680969238,0.4103090167045593,19.316329956054688,1262.667724609375
251432,100,0.48,-0.05208693817257881,0.5137917995452881,5.759716033935547,1552.8101806640625
251433,100,0.49,0.17133501172065735,0.5602849721908569,18.285404205322266,564.158447265625
251434,100,0.43,0.013593260198831558,0.44967034459114075,12.700155258178711,460.5975646972656
251435,6,0.6666666666666666,0.8191185593605042,0.13106466829776764,4.578453063964844,1683.6220703125
251436,34,0.4411764705882353,0.1835520714521408,0.4329284727573395,6.985951900482178,760.1670532226562
251437,40,0.5,0.08008597791194916,0.4818294644355774,5.542430400848389,1135.954833984375
251438,100,0.48,0.08230140805244446,0.4681510329246521,15.534300804138184,755.7750244140625
251439,100,0.47,0.12032138556241989,0.5458614826202393,14.418529510498047,1551.9903564453125
251440,100,0.56,0.11950214952230453,0.4736601710319519,12.975090026855469,374.3453674316406
251441,100,0.47,0.07787483930587769,0.5341200828552246,12.657868385314941,829.0349731445312
251442,100,0.46,0.09476552903652191,0.4977855682373047,15.993285179138184,1021.636962890625
251443,69,0.463768115942029,0.08959001302719116,0.5035364627838135,15.521798133850098,1200.320556640625
251444,100,0.59,0.08309582620859146,0.5599100589752197,18.574949264526367,496.4104309082031
251445,100,0.42,-0.004965443629771471,0.5145678520202637,6.168361663818359,1048.93994140625
251446,100,0.45,0.040786754339933395,0.45267578959465027,6.170098304748535,700.1548461914062
251447,100,0.51,0.07759290933609009,0.4684218466281891,8.63804817199707,953.4110107421875
251448,20,0.75,0.09375902265310287,0.40188732743263245,7.5341796875,1025.319091796875
251449,100,0.55,0.02231491543352604,0.5208740830421448,4.63303804397583,901.6485595703125
251450,68,0.45588235294117646,0.2115698754787445,0.43303191661834717,13.72787857055664,1294.105712890625
251451,33,0.5151515151515151,0.10152377933263779,0.5826900005340576,3.811323642730713,1700.1146240234375
251452,100,0.57,0.06135322153568268,0.4762338101863861,16.341175079345703,961.6345825195312
251453,52,0.5961538461538461,-0.0007068110862746835,0.4675096273422241,4.395634651184082,1710.493896484375
251454,64,0.53125,0.051699403673410416,0.5070621371269226,4.793030261993408,675.0559692382812
251455,22,0.5454545454545454,0.07032500952482224,0.6734698414802551,2.297828435897827,894.9669189453125
251456,100,0.44,0.03298966959118843,0.5129764080047607,7.095971584320068,324.4055480957031
251457,100,0.51,0.05641477182507515,0.531865119934082,6.22020959854126,889.5633544921875
251458,100,0.47,0.04588274657726288,0.43102431297302246,15.824662208557129,499.42205810546875
251459,80,0.4625,0.054010357707738876,0.493198961019516,6.864558696746826,1809.04833984375
251460,52,0.6153846153846154,0.1568830907344818,0.5632778406143188,12.785743713378906,655.582275390625
251461,100,0.52,-0.07774632424116135,0.4810037910938263,3.190176248550415,618.2896118164062
251462,53,0.5471698113207547,-0.10242718458175659,0.5060043931007385,1.3453435897827148,1707.6561279296875
251463,87,0.5287356321839081,0.020194746553897858,0.520629346370697,3.7369232177734375,2283.5888671875
251464,100,0.51,0.07142749428749084,0.4523053765296936,11.770366668701172,1453.2774658203125
251465,53,0.5849056603773585,0.17759785056114197,0.4790613353252411,8.694600105285645,1782.3397216796875
251466,100,0.55,0.023416947573423386,0.5544089674949646,4.423007011413574,1428.049560546875
251467,100,0.56,-0.006429314613342285,0.5107083916664124,8.148558616638184,1135.486572265625
251468,100,0.51,-0.0018704953836277127,0.5050054788589478,4.486168384552002,420.302734375
251469,100,0.51,0.14404885470867157,0.5599166750907898,17.186548233032227,1679.2633056640625
251470,77,0.4935064935064935,0.10494894534349442,0.46264442801475525,6.734151840209961,2078.5087890625
251471,100,0.46,-0.003527522087097168,0.46866247057914734,2.6899874210357666,431.33837890625
251472,75,0.44,0.13162952661514282,0.4723944365978241,10.364441871643066,2189.8388671875
251473,51,0.5294117647058824,-0.12086035311222076,0.5701283812522888,2.3554742336273193,1451.3194580078125
251474,100,0.48,0.07365675270557404,0.5309168100357056,4.965285301208496,1451.4351806640625
251475,53,0.660377358490566,0.2780585289001465,0.46666061878204346,19.284582138061523,820.5175170898438
251476,100,0.59,0.07957810163497925,0.5010170936584473,10.9343843460083,1065.1680908203125
251477,49,0.2653061224489796,0.06315681338310242,0.49161577224731445,5.293441295623779,1421.06494140625
251478,100,0.42,-0.006553645711392164,0.48552119731903076,3.929943323135376,458.6151123046875
251479,35,0.5428571428571428,0.026134880259633064,0.6129026412963867,2.8760440349578857,1028.6346435546875
251480,100,0.57,0.17385827004909515,0.4175068140029907,21.75072479248047,1114.0614013671875
251481,100,0.48,0.0571858249604702,0.521324098110199,14.001487731933594,856.98828125
251482,31,0.45161290322580644,0.31830137968063354,0.647729218006134,6.0127153396606445,1273.7052001953125
251483,36,0.6666666666666666,0.1704966276884079,0.5375350713729858,9.436360359191895,673.3553466796875
251484,100,0.47,0.13199827075004578,0.4843359887599945,12.697210311889648,1513.3355712890625
251485,42,0.5238095238095238,0.2426648586988449,0.6191443204879761,8.64864730834961,1266.851318359375
251486,40,0.525,0.01983504556119442,0.46182942390441895,4.655753135681152,1841.201904296875
251487,100,0.61,0.005189756862819195,0.5657480359077454,5.824153423309326,1013.4346313476562
251488,78,0.5769230769230769,0.12370453029870987,0.578836977481842,5.901784420013428,1991.5008544921875
251489,100,0.42,-0.1149698868393898,0.5287801027297974,3.3101818561553955,1262.8367919921875
251490,100,0.57,-0.024984747171401978,0.4524427056312561,7.866640090942383,729.50390625
251491,50,0.52,0.13963371515274048,0.5682370066642761,11.149465560913086,1993.9581298828125
251492,100,0.5,0.003725531045347452,0.5427727699279785,6.80470085144043,1800.588134765625
251493,100,0.44,0.04969979450106621,0.5455492734909058,10.018357276916504,551.5880126953125
251494,100,0.49,-0.0031765212770551443,0.4614289104938507,8.227261543273926,1078.2552490234375
251495,40,0.575,-0.10624222457408905,0.5549409985542297,1.9251407384872437,763.5180053710938
251496,95,0.6,-0.019851870834827423,0.5787817239761353,4.913978099822998,1834.5369873046875
251497,100,0.49,0.19660523533821106,0.5224855542182922,21.322399139404297,1247.2181396484375
251498,92,0.5434782608695652,-0.003825184190645814,0.5852726697921753,7.981167793273926,288.2386169433594
251499,100,0.48,-0.07689385861158371,0.5271158814430237,2.206235408782959,1502.869873046875
251500,100,0.51,-0.04333667829632759,0.5232068300247192,3.2260215282440186,730.0155639648438
251501,100,0.46,-0.1007269024848938,0.5247963666915894,2.7059879302978516,1715.5279541015625
251502,100,0.37,-0.09647281467914581,0.5220701098442078,1.6250733137130737,931.6317138671875
251503,100,0.55,0.1297854334115982,0.4896929860115051,12.222716331481934,1141.5484619140625
251504,22,0.4090909090909091,-0.09186749905347824,0.4622117578983307,0.9694196581840515,1678.02978515625
251505,100,0.57,0.022725112736225128,0.5175097584724426,5.983224868774414,520.6737670898438
251506,100,0.49,-0.3102209270000458,0.5415875911712646,2.504757881164551,1378.185546875
251507,100,0.63,-0.18343286216259003,0.5132405161857605,1.9876264333724976,643.5689697265625
251508,46,0.6521739130434783,0.1780066043138504,0.451259046792984,13.049355506896973,1627.4610595703125
251509,100,0.51,-0.0861087515950203,0.49114441871643066,2.387934446334839,1007.5789794921875
251510,17,0.4117647058823529,0.18353450298309326,0.5587517023086548,3.4282405376434326,1090.047119140625
251511,100,0.45,-0.08306970447301865,0.46484994888305664,3.6687262058258057,636.0484619140625
251512,100,0.51,-0.035197824239730835,0.5513598918914795,4.956473350524902,1017.552978515625
251513,100,0.6,0.11113718897104263,0.4942913055419922,14.520330429077148,998.4021606445312
251514,4,0.5,0.15665459632873535,0.4173651933670044,0.2954373359680176,329.31317138671875
251515,100,0.48,0.13746242225170135,0.4832274615764618,16.538883209228516,161.3582763671875
251516,100,0.49,-0.09805148839950562,0.4158962070941925,3.032451868057251,791.5032348632812
251517,100,0.46,0.11674680560827255,0.5053876042366028,11.737245559692383,226.99322509765625
251518,59,0.559322033898305,-0.0034361607395112514,0.5259898900985718,7.589118480682373,673.120849609375
251519,100,0.48,-0.05279500409960747,0.5714520812034607,4.594764709472656,646.1372680664062
251520,100,0.41,-0.10168442875146866,0.5652192831039429,2.210449457168579,969.29345703125
251521,11,0.5454545454545454,0.2787157893180847,0.5794838666915894,4.269960403442383,1833.33740234375
251522,54,0.42592592592592593,0.2428266555070877,0.4755951166152954,9.544682502746582,1291.4417724609375
251523,42,0.5476190476190477,0.013073960319161415,0.5506938695907593,4.257757186889648,283.4072265625
251524,100,0.56,0.05364295467734337,0.5480111241340637,8.470861434936523,508.9202575683594
251525,100,0.52,-0.13297989964485168,0.5344969630241394,2.4984591007232666,591.6915893554688
251526,32,0.46875,0.380919486284256,0.32615041732788086,6.979205131530762,955.73193359375
251527,85,0.5176470588235295,0.12281660735607147,0.5304552912712097,17.99506950378418,665.1713256835938
251528,100,0.5,0.1108681857585907,0.48218899965286255,19.43170928955078,769.8993530273438
251529,100,0.57,-0.011956409551203251,0.5193069577217102,6.293588161468506,1628.730712890625
251530,94,0.46808510638297873,0.0666067823767662,0.5218939185142517,10.119812965393066,998.2467041015625
251531,100,0.51,0.005389818921685219,0.48920750617980957,5.195399284362793,908.1978149414062
251532,56,0.48214285714285715,0.17643949389457703,0.46879419684410095,9.238012313842773,1822.87890625
251533,66,0.48484848484848486,0.16796593368053436,0.5786320567131042,16.381580352783203,1521.740478515625
251534,100,0.51,-0.052761610597372055,0.49323657155036926,2.2174770832061768,883.8131103515625
251535,100,0.57,0.11443845182657242,0.4698905646800995,9.005823135375977,1559.74755859375
251536,100,0.53,0.0668502226471901,0.47331103682518005,10.813177108764648,852.0297241210938
251537,100,0.47,-0.03789065405726433,0.49165400862693787,3.4551618099212646,351.954833984375
251538,100,0.48,0.01917763240635395,0.4832702875137329,4.763274192810059,575.28662109375
251539,88,0.5340909090909091,-0.00659996597096324,0.4262705445289612,10.894174575805664,1098.768798828125
251540,100,0.55,0.06519565731287003,0.42433133721351624,7.755558490753174,1357.8216552734375
251541,100,0.57,0.026403358206152916,0.5294251441955566,9.71177864074707,1066.921630859375
251542,100,0.51,-0.010199404321610928,0.45073169469833374,7.049157619476318,1121.9798583984375
251543,100,0.59,-0.15777355432510376,0.4764915108680725,1.2069507837295532,658.9368286132812
251544,100,0.43,-0.07596178352832794,0.5297610759735107,2.983366012573242,559.6212768554688
251545,48,0.3958333333333333,0.19679702818393707,0.5209100842475891,7.391424179077148,771.6410522460938
251546,100,0.55,0.05550353601574898,0.5737510919570923,12.080520629882812,1111.589599609375
251547,100,0.45,-0.11226250231266022,0.4811052083969116,6.088821887969971,515.9365844726562
251548,100,0.46,-0.1010412871837616,0.5245492458343506,4.37395715713501,883.05322265625
251549,100,0.5,-0.07740132510662079,0.4506714344024658,4.369950294494629,573.6557006835938
251550,100,0.49,-0.051830582320690155,0.49722278118133545,5.745385646820068,1006.5023803710938
251551,100,0.55,-0.10701259970664978,0.5201285481452942,2.8337929248809814,684.5609741210938
251552,27,0.5185185185185185,0.12365579605102539,0.42520350217819214,5.909018039703369,362.25262451171875
251553,51,0.5294117647058824,0.12270669639110565,0.46389713883399963,9.271234512329102,670.3388061523438
251554,100,0.45,-0.054619915783405304,0.573323667049408,5.466132640838623,670.3997802734375
251555,85,0.4588235294117647,0.12050678580999374,0.5572975277900696,9.268730163574219,1110.5255126953125
251556,9,0.6666666666666666,0.12370898574590683,0.41566574573516846,2.278007745742798,566.3870849609375
251557,100,0.51,0.08190588653087616,0.45358023047447205,13.611621856689453,451.5547790527344
251558,100,0.55,-0.1277257800102234,0.47437530755996704,2.6815478801727295,1082.1636962890625
251559,100,0.5,0.021189909428358078,0.5158980488777161,8.129294395446777,477.4561462402344
251560,100,0.49,-0.06810501217842102,0.49014073610305786,3.629085063934326,1152.484619140625
251561,100,0.47,-0.009177111089229584,0.5445892214775085,5.463026523590088,2049.56689453125
251562,100,0.47,0.10513053834438324,0.5629742741584778,8.586346626281738,1916.972412109375
251563,100,0.5,0.01174889411777258,0.6001009941101074,6.159870624542236,672.5009765625
251564,100,0.46,-0.048557497560977936,0.526861310005188,1.8957351446151733,1642.09619140625
251565,100,0.51,-0.09145829826593399,0.5150047540664673,2.571237325668335,1145.3934326171875
251566,86,0.43023255813953487,0.00964557658880949,0.5397389531135559,4.271545886993408,1046.5694580078125
251567,100,0.5,-0.07250240445137024,0.5306804776191711,9.815668106079102,820.9212646484375
251568,100,0.45,0.009172257035970688,0.43688109517097473,4.61607027053833,1119.160888671875
251569,100,0.57,0.08827470988035202,0.45840024948120117,15.724499702453613,1578.8385009765625
251570,100,0.54,0.035702142864465714,0.38332030177116394,12.204374313354492,2081.263916015625
251571,94,0.48936170212765956,-0.21624454855918884,0.551487922668457,2.7788069248199463,1721.4771728515625
251572,67,0.4626865671641791,-0.257345974445343,0.5231579542160034,1.0525546073913574,622.2490234375
251573,100,0.53,-0.1784362643957138,0.4574066996574402,1.8789502382278442,579.5308227539062
251574,100,0.46,-0.02345721423625946,0.5140868425369263,4.221776008605957,817.6304931640625
251575,100,0.53,0.025277234613895416,0.5658574104309082,8.155817985534668,235.4255828857422
251576,100,0.61,-0.12728703022003174,0.5048565864562988,3.49406361579895,1836.1085205078125
251577,52,0.5384615384615384,0.027341676875948906,0.4886561334133148,5.106625080108643,437.6304016113281
251578,100,0.46,-0.13726666569709778,0.5076531767845154,2.1977992057800293,1983.5443115234375
251579,100,0.49,-0.08838242292404175,0.4525109529495239,1.9431442022323608,733.1333618164062
251580,100,0.56,0.025099383667111397,0.5178796648979187,4.7565598487854,706.0319213867188
251581,100,0.47,0.07346166670322418,0.5146458148956299,18.02973747253418,712.56787109375
251582,100,0.45,0.052434127777814865,0.47713109850883484,13.650535583496094,499.59686279296875
251583,12,0.5833333333333334,0.3572443127632141,0.5581462383270264,7.570908546447754,1304.9549560546875
251584,5,0.4,0.6229398250579834,0.3281892240047455,2.9409351348876953,320.1161193847656
251585,95,0.43157894736842106,0.07072986662387848,0.5213167071342468,6.41940450668335,577.1813354492188
251586,100,0.42,0.08472949266433716,0.48638102412223816,13.820037841796875,351.22088623046875
251587,96,0.3333333333333333,0.12695802748203278,0.45459920167922974,8.19775676727295,1194.9644775390625
251588,100,0.46,0.02797463908791542,0.4368908405303955,4.912376880645752,820.6806640625
251589,100,0.53,-0.0289804358035326,0.48898419737815857,7.554054260253906,272.0163269042969
251590,100,0.43,-0.027919752523303032,0.4872792959213257,3.9225852489471436,1632.43212890625
251591,100,0.55,0.05557648837566376,0.46887916326522827,13.995230674743652,181.98297119140625
