scene,steps,move_share,mean_move_param,mean_abs_turn_param,mean_speed_mps,final_distance_to_active_goal_m
260000,100,0.43,-0.1123674213886261,0.4405899941921234,3.8538215160369873,1124.6829833984375
260001,40,0.45,0.1106272041797638,0.4852173924446106,4.593928813934326,1033.5445556640625
260002,81,0.4691358024691358,-0.052473243325948715,0.5318231582641602,2.665371894836426,527.6598510742188
260003,100,0.52,-0.06215699389576912,0.47467103600502014,2.00587797164917,1594.351318359375
260004,99,0.5959595959595959,0.056127823889255524,0.5193604230880737,12.766475677490234,1492.0631103515625
260005,43,0.5581395348837209,0.34011730551719666,0.5352621078491211,17.246522903442383,1522.07373046875
260006,100,0.43,0.010530035011470318,0.46206921339035034,5.186263084411621,210.37353515625
260007,100,0.5,-0.049981214106082916,0.5052599906921387,4.180022239685059,891.0260009765625
260008,100,0.49,0.061913326382637024,0.4875771105289459,14.965757369995117,240.85189819335938
260009,37,0.35135135135135137,0.09608041495084763,0.37701496481895447,1.8778879642486572,1011.0193481445312
260010,100,0.57,0.02842475287616253,0.5336471796035767,7.135262489318848,1381.6524658203125
260011,100,0.53,-0.0405689962208271,0.5671643018722534,4.7334513664245605,214.53456115722656
260012,37,0.5405405405405406,0.6230751872062683,0.6094672679901123,26.432640075683594,921.88134765625
260013,9,0.5555555555555556,0.9622344970703125,0.5446762442588806,10.477313041687012,1331.3717041015625
260014,82,0.36585365853658536,0.5891129374504089,0.7444556951522827,27.400890350341797,489.173828125
260015,64,0.4375,0.34319111704826355,0.612299919128418,18.427764892578125,630.9215087890625
260016,93,0.3118279569892473,0.4916115701198578,0.6356682777404785,19.663925170898438,2034.658935546875
260017,100,0.41,0.20420198142528534,0.6158454418182373,18.758220672607422,978.0645141601562
260018,100,0.39,0.3986666202545166,0.6138268709182739,31.28177261352539,1385.9854736328125
260019,74,0.16216216216216217,0.12226051837205887,0.5866839289665222,3.311847448348999,720.3407592773438
260020,100,0.25,0.16563297808170319,0.5706357955932617,19.853315353393555,1144.43701171875
260021,100,0.16,-0.16216062009334564,0.6616849899291992,2.75219464302063,884.884033203125
260022,35,0.17142857142857143,0.0007567827706225216,0.5892572999000549,1.223014235496521,1263.640380859375
260023,100,0.17,-0.18225029110908508,0.5594605803489685,1.1445605754852295,577.3297729492188
260024,100,0.29,0.010781415738165379,0.5862314105033875,3.763360023498535,716.3944702148438
260025,91,0.38461538461538464,0.10137291997671127,0.5884873270988464,4.4809489250183105,956.1817626953125
260026,100,0.55,0.036712419241666794,0.5789879560470581,10.653730392456055,553.3878784179688
260027,61,0.4918032786885246,0.17502842843532562,0.5759956240653992,9.518548965454102,2031.49267578125
260028,99,0.47474747474747475,0.10087728500366211,0.5522432923316956,8.493914604187012,1703.961669921875
260029,30,0.6666666666666666,0.12150750309228897,0.5811980962753296,7.180342197418213,1754.7579345703125
260030,46,0.5,0.07931727170944214,0.566698431968689,11.460450172424316,1269.4339599609375
260031,70,0.6285714285714286,0.23847298324108124,0.46819594502449036,18.11574935913086,976.3024291992188
260032,65,0.7384615384615385,-0.025408834218978882,0.6769686937332153,4.720338821411133,1766.6573486328125
260033,65,0.8307692307692308,-0.032930340617895126,0.6594578623771667,4.368195056915283,1404.758056640625
260034,89,0.8314606741573034,0.16101998090744019,0.4766409695148468,27.128097534179688,1901.991943359375
260035,89,0.7752808988764045,0.01403137482702732,0.5855504274368286,11.007271766662598,1314.3692626953125
260036,100,0.79,-0.021316740661859512,0.5949490666389465,7.701570510864258,560.5953979492188
260037,100,0.76,-0.00254352786578238,0.6371135115623474,7.865555286407471,892.55908203125
260038,100,0.76,-0.04984274506568909,0.4398154020309448,10.07409954071045,956.3165283203125
260039,100,0.68,-0.09180654585361481,0.5274843573570251,6.176890850067139,965.132080078125
260040,100,0.6,0.10845639556646347,0.5447663068771362,14.750713348388672,1047.735107421875
260041,100,0.57,0.0021448638290166855,0.5689175128936768,9.387965202331543,781.8399658203125
260042,95,0.6105263157894737,0.011800931766629219,0.4966588318347931,4.285874843597412,939.8955688476562
260043,100,0.62,-0.008553478866815567,0.6449857354164124,8.931644439697266,500.6680603027344
260044,100,0.54,-0.16304771602153778,0.5819040536880493,1.1485400199890137,1245.2601318359375
260045,100,0.63,-0.03139745444059372,0.5578025579452515,14.066922187805176,755.8419799804688
260046,100,0.58,-0.0372750423848629,0.6265857815742493,6.910400867462158,1245.53564453125
260047,100,0.58,0.16056498885154724,0.5432284474372864,13.102960586547852,1205.1937255859375
260048,100,0.55,-0.04692051559686661,0.46807441115379333,3.3391802310943604,1653.63623046875
260049,100,0.62,-0.06678842008113861,0.4374971389770508,6.3038716316223145,922.6356201171875
260050,100,0.47,-0.10367360711097717,0.5758060812950134,3.0315916538238525,1340.89892578125
260051,100,0.34,-0.005761425476521254,0.5222572684288025,4.170968055725098,672.4274291992188
260052,100,0.46,0.09196967631578445,0.47107693552970886,13.52080249786377,802.0266723632812
260053,59,0.4745762711864407,0.17881231009960175,0.5717396140098572,9.429830551147461,1351.2344970703125
260054,32,0.5,0.2400543987751007,0.5994236469268799,6.70375394821167,1101.5484619140625
260055,100,0.45,-0.05369062349200249,0.5801723003387451,4.360343933105469,889.8724365234375
260056,22,0.36363636363636365,0.16851627826690674,0.4832710921764374,5.44119119644165,1754.8802490234375
260057,100,0.44,0.17667050659656525,0.5088077783584595,15.789566040039062,1094.959716796875
260058,100,0.62,-0.07191146165132523,0.45172157883644104,3.817969560623169,556.6185302734375
260059,73,0.6438356164383562,0.07380855828523636,0.5227095484733582,5.4102654457092285,1884.136962890625
260060,100,0.41,-0.13928474485874176,0.5167225003242493,1.9377464056015015,857.1737670898438
260061,91,0.45054945054945056,-0.0724969133734703,0.5461117625236511,2.6886119842529297,1235.998779296875
260062,100,0.37,-0.11188390105962753,0.574582040309906,3.178654670715332,478.91552734375
260063,100,0.55,-0.06964734941720963,0.5391910076141357,1.963510513305664,883.051513671875
260064,100,0.6,-0.04031137749552727,0.5419675707817078,4.609077453613281,887.8118286132812
260065,39,0.41025641025641024,0.2778221368789673,0.414678692817688,7.959540367126465,1517.1614990234375
260066,67,0.5373134328358209,0.07045681029558182,0.5181705951690674,5.719450950622559,471.35955810546875
260067,51,0.37254901960784315,0.019045328721404076,0.49964964389801025,4.662777423858643,1965.0308837890625
260068,100,0.51,-0.05168602615594864,0.49634018540382385,3.2653439044952393,450.55499267578125
260069,100,0.53,0.1058167815208435,0.4974392354488373,8.2083740234375,971.50146484375
260070,100,0.59,-0.08324196934700012,0.512322187423706,8.071342468261719,469.71746826171875
260071,100,0.58,0.1531440168619156,0.5271579623222351,23.45221519470215,1578.5462646484375
260072,100,0.52,-0.09775375574827194,0.5404893755912781,2.0244948863983154,1660.2734375
260073,5,0.6,0.39257779717445374,0.3131961524486542,1.3424800634384155,1695.7666015625
260074,100,0.57,0.04723967984318733,0.6085087656974792,8.591702461242676,839.1727294921875
260075,100,0.42,0.1479967087507248,0.48770248889923096,12.757532119750977,680.0521850585938
260076,100,0.59,0.024228040128946304,0.55022132396698,13.313775062561035,468.0690612792969
260077,100,0.44,0.04910483583807945,0.588476836681366,9.220146179199219,684.1620483398438
260078,100,0.64,0.13389116525650024,0.46512043476104736,18.156328201293945,672.442138671875
260079,100,0.6,-0.0500522144138813,0.5252100825309753,3.8129630088806152,1539.75439453125
260080,50,0.44,0.12929926812648773,0.5402711033821106,7.718078136444092,213.6165771484375
260081,100,0.51,0.1521957367658615,0.4344469904899597,18.223541259765625,995.7544555664062
260082,100,0.33,-0.07044113427400589,0.5188414454460144,3.6463961601257324,1125.017822265625
260083,100,0.38,-0.0764329805970192,0.531768798828125,3.434823513031006,799.045166015625
260084,100,0.44,0.05938179790973663,0.5139228105545044,12.686370849609375,140.7099151611328
260085,100,0.37,0.07587700337171555,0.4935585558414459,9.719346046447754,1315.3046875
260086,100,0.46,0.02206633985042572,0.49987003207206726,5.070882797241211,518.029052734375
260087,100,0.54,0.03165092319250107,0.5584047436714172,9.16715145111084,438.11798095703125
260088,100,0.54,-0.08441618829965591,0.5082887411117554,3.0469815731048584,1174.6729736328125
260089,74,0.5540540540540541,0.0016280630370602012,0.43453070521354675,10.040098190307617,1687.9017333984375
260090,49,0.6122448979591837,-0.19080205261707306,0.4328925907611847,2.2714836597442627,1363.407958984375
260091,100,0.62,-0.028474800288677216,0.4137163460254669,5.07145881652832,955.5849609375
260092,100,0.52,0.049876563251018524,0.5354233384132385,9.024168968200684,1100.800537109375
260093,28,0.5,0.07074161618947983,0.5288586020469666,3.198371171951294,416.19219970703125
260094,100,0.58,-0.021426517516374588,0.5325321555137634,3.1026268005371094,241.42172241210938
260095,34,0.47058823529411764,0.1179703027009964,0.5363088250160217,3.9249582290649414,614.4324340820312
260096,100,0.45,0.028392339125275612,0.5225918292999268,5.124609470367432,1542.749755859375
260097,100,0.51,0.04362781345844269,0.5075864195823669,9.44328498840332,982.4229736328125
260098,37,0.40540540540540543,0.14374366402626038,0.530357301235199,5.016722202301025,639.2861328125
260099,100,0.44,-0.02501443214714527,0.48931747674942017,7.728766918182373,1169.2828369140625
260100,100,0.58,0.09125465154647827,0.4315793216228485,11.642380714416504,793.293701171875
260101,100,0.52,-0.21103143692016602,0.46968817710876465,1.4434442520141602,1874.336181640625
260102,100,0.5,-0.12268807739019394,0.560788094997406,2.643916130065918,1400.3388671875
260103,58,0.3275862068965517,0.2528547942638397,0.46462005376815796,9.951329231262207,1642.786376953125
260104,100,0.51,0.10999666154384613,0.6156697273254395,13.533477783203125,1213.3177490234375
260105,100,0.54,-0.07083658128976822,0.5138108134269714,2.886643886566162,1014.9513549804688
260106,100,0.41,0.04546547681093216,0.503774106502533,9.285552024841309,416.04632568359375
260107,100,0.5,0.09755097329616547,0.4717259109020233,13.450872421264648,1348.1461181640625
260108,100,0.45,0.07181588560342789,0.512749195098877,7.266623497009277,1663.626708984375
260109,100,0.36,-0.07761213183403015,0.5283684730529785,3.8018569946289062,724.9540405273438
260110,100,0.42,-0.16897669434547424,0.5354799628257751,1.7291995286941528,897.3087158203125
260111,100,0.51,-0.06229094788432121,0.5647676587104797,6.091039180755615,1341.7923583984375
260112,45,0.37777777777777777,0.0017623340245336294,0.4270983040332794,2.6415278911590576,1157.751708984375
260113,100,0.42,-0.0036688772961497307,0.5267576575279236,6.224202632904053,813.4051513671875
260114,100,0.39,0.060958147048950195,0.5459370613098145,6.260164260864258,1165.137939453125
260115,100,0.53,-0.027103366330266,0.5612567067146301,4.806381702423096,726.1654663085938
260116,58,0.603448275862069,0.09959408640861511,0.6145469546318054,11.11392879486084,1692.4803466796875
260117,100,0.46,-0.07920123636722565,0.5319793224334717,3.8449246883392334,1029.6046142578125
260118,100,0.46,-0.0038054215256124735,0.4582553505897522,4.63886022567749,725.1126098632812
260119,14,0.6428571428571429,0.23686780035495758,0.7341381311416626,4.607275485992432,1575.5814208984375
260120,100,0.49,-0.15960383415222168,0.560039758682251,4.047518730163574,1042.295166015625
260121,100,0.53,0.03633909672498703,0.49434009194374084,7.299389362335205,795.3174438476562
260122,59,0.4745762711864407,0.018674496561288834,0.5496354103088379,1.6732696294784546,1085.9871826171875
260123,100,0.47,-0.09600342065095901,0.5543964505195618,3.7104477882385254,1247.63232421875
260124,100,0.53,-0.040510259568691254,0.5380250215530396,5.86775541305542,313.6998291015625
260125,100,0.5,-0.15176981687545776,0.5131253600120544,2.3453614711761475,1029.321533203125
260126,100,0.46,0.005074032116681337,0.5503669381141663,5.856560707092285,1159.7601318359375
260127,99,0.48484848484848486,0.06983564049005508,0.49614715576171875,5.831672191619873,603.9017333984375
260128,100,0.58,0.002626716159284115,0.5724983215332031,6.602949619293213,318.8421936035156
260129,100,0.42,0.07054103165864944,0.5508342981338501,14.610268592834473,1264.9937744140625
260130,100,0.47,-0.10230753570795059,0.5106441378593445,1.850080132484436,1585.041015625
260131,100,0.54,-0.04215572401881218,0.6187389492988586,2.2864110469818115,915.161376953125
260132,100,0.35,-0.01079392060637474,0.467267781496048,5.107222080230713,532.2290649414062
260133,100,0.48,-0.013392041437327862,0.4990393817424774,3.5925238132476807,910.328125
260134,100,0.55,0.007738964632153511,0.5747495889663696,6.873246192932129,558.5702514648438
260135,100,0.46,0.004824802745133638,0.5265688300132751,10.573310852050781,802.9091186523438
260136,60,0.5333333333333333,0.14770033955574036,0.521825909614563,8.554986953735352,1735.9488525390625
260137,62,0.4838709677419355,-0.07247016578912735,0.42328935861587524,1.9484689235687256,1397.9571533203125
260138,100,0.46,-0.08311378955841064,0.5477620363235474,2.1108031272888184,1131.2578125
260139,100,0.46,-0.04085090383887291,0.5286980271339417,2.924665689468384,1377.608154296875
260140,100,0.48,0.20776093006134033,0.49259522557258606,25.905372619628906,418.3321533203125
260141,40,0.575,0.09723038226366043,0.49752354621887207,10.505167007446289,912.5591430664062
260142,76,0.5,0.03213486820459366,0.5425105094909668,4.967646598815918,1740.75830078125
260143,58,0.4482758620689655,0.19221459329128265,0.48357313871383667,13.974922180175781,970.4442749023438
260144,100,0.52,-0.01974649541079998,0.5355308055877686,11.134068489074707,1226.7884521484375
260145,100,0.56,0.02883388102054596,0.5960085391998291,5.010862350463867,611.3442993164062
260146,65,0.47692307692307695,-0.05666147172451019,0.5364017486572266,1.529219388961792,2018.462158203125
260147,44,0.5681818181818182,0.012328092940151691,0.5311970710754395,3.7356584072113037,2203.38134765625
260148,45,0.4888888888888889,-0.030196236446499825,0.5215716361999512,2.0780537128448486,665.1837158203125
260149,100,0.51,0.07197143137454987,0.5429303050041199,13.597620010375977,749.5232543945312
260150,100,0.54,-0.03013128973543644,0.5414122939109802,4.822183132171631,1144.6243896484375
260151,88,0.5909090909090909,-0.0677800104022026,0.5267250537872314,3.070577621459961,743.2822875976562
260152,100,0.49,-0.019368335604667664,0.4421657919883728,4.477085113525391,1325.8973388671875
260153,100,0.49,0.06108030676841736,0.5153576135635376,10.362883567810059,1180.2528076171875
260154,29,0.5862068965517241,0.10476376861333847,0.46963170170783997,3.3228235244750977,723.9995727539062
260155,100,0.49,0.04325053468346596,0.46469926834106445,9.876519203186035,674.3961791992188
260156,71,0.5070422535211268,-0.18835359811782837,0.45492762327194214,2.302130937576294,1159.229248046875
260157,100,0.5,-0.038598161190748215,0.5531269311904907,8.754419326782227,1214.99609375
260158,100,0.53,0.07347646355628967,0.5058609247207642,15.300893783569336,1035.2374267578125
260159,95,0.5368421052631579,0.11271912604570389,0.5313935875892639,14.902796745300293,2007.76171875
260160,100,0.45,-0.1230354756116867,0.61962890625,1.9678250551223755,1894.9803466796875
260161,100,0.5,-0.02435976453125477,0.5593967437744141,4.12101411819458,1126.2579345703125
260162,100,0.44,0.06408747285604477,0.5091459155082703,12.169636726379395,971.4179077148438
260163,100,0.51,0.042604777961969376,0.5471709370613098,6.520268440246582,938.1505126953125
260164,62,0.5,0.23589853942394257,0.5433602333068848,15.626333236694336,1039.3287353515625
260165,100,0.39,-0.06058333441615105,0.5208712220191956,2.4569389820098877,1004.3557739257812
260166,43,0.32558139534883723,-0.16815528273582458,0.4848499596118927,0.8787851333618164,1263.294189453125
260167,100,0.44,-0.022219263017177582,0.4970836341381073,6.445687770843506,1051.0889892578125
260168,34,0.4411764705882353,0.05616776645183563,0.4489636719226837,4.129111289978027,1225.308349609375
260169,100,0.46,0.08699716627597809,0.5152748823165894,12.192098617553711,289.3047180175781
260170,44,0.5681818181818182,-0.2997130751609802,0.49128541350364685,0.7307119369506836,474.6513977050781
260171,100,0.48,0.12351454049348831,0.549961507320404,21.617578506469727,457.62554931640625
260172,38,0.5263157894736842,-0.07229359447956085,0.5544339418411255,4.067864894866943,1131.5958251953125
260173,64,0.59375,0.1883668303489685,0.5013606548309326,9.738945007324219,1321.4310302734375
260174,100,0.57,-0.22070534527301788,0.5126185417175293,1.7127764225006104,1352.2999267578125
260175,91,0.4835164835164835,0.13493172824382782,0.49286872148513794,15.473053932189941,312.1600341796875
260176,100,0.43,-0.03815119341015816,0.538163423538208,4.424597263336182,797.1030883789062
260177,60,0.4666666666666667,-0.08001972734928131,0.3981805443763733,3.2282254695892334,652.7024536132812
260178,100,0.49,0.037131670862436295,0.5519708395004272,6.62200403213501,1006.30078125
260179,100,0.52,0.04440660774707794,0.5140445232391357,6.936833381652832,1030.0494384765625
260180,96,0.5520833333333334,-0.06368374079465866,0.4229761064052582,2.5239615440368652,1284.0899658203125
260181,100,0.52,0.055961549282073975,0.5248205065727234,12.730694770812988,1575.750244140625
260182,100,0.46,0.00693252170458436,0.4965769350528717,10.169782638549805,631.2337646484375
260183,100,0.56,-0.1004771962761879,0.532663106918335,2.4692742824554443,364.2674865722656
260184,100,0.56,0.007827560417354107,0.47561872005462646,4.395447254180908,1512.74462890625
260185,100,0.55,0.06624642014503479,0.42286720871925354,15.320295333862305,933.9291381835938
260186,54,0.5,-0.016292424872517586,0.5485166907310486,3.1045453548431396,1498.721435546875
260187,100,0.5,-0.13370811939239502,0.5472290515899658,2.3340044021606445,367.1450500488281
260188,100,0.48,0.005352991167455912,0.5752809643745422,7.782090187072754,1385.715087890625
260189,100,0.46,-0.027135884389281273,0.4996350109577179,8.79908275604248,749.0055541992188
260190,100,0.45,0.01908372901380062,0.5390088558197021,9.765280723571777,701.7183227539062
260191,100,0.47,-0.055161312222480774,0.5291402339935303,4.23004674911499,814.4983520507812
260192,100,0.46,-0.09021513164043427,0.5217623114585876,2.666921854019165,311.48358154296875
260193,100,0.54,-0.1041901558637619,0.5473710298538208,4.957907676696777,1726.2001953125
260194,100,0.42,0.011614883318543434,0.501574695110321,7.911376953125,161.8738250732422
260195,23,0.43478260869565216,-0.06202701851725578,0.2888757586479187,0.8807430267333984,760.6292724609375
260196,100,0.41,-0.03922318294644356,0.53165602684021,5.607377052307129,534.2319946289062
260197,100,0.59,-0.05968752130866051,0.48710426688194275,4.1522417068481445,849.8856811523438
260198,99,0.46464646464646464,0.07692713290452957,0.5267620086669922,11.703808784484863,711.8619384765625
260199,100,0.36,0.239264115691185,0.5043438076972961,14.459968566894531,1140.41796875
260200,100,0.52,0.01102730818092823,0.5609538555145264,5.812246322631836,1056.9600830078125
260201,98,0.37755102040816324,-0.00020580034470185637,0.48841968178749084,5.528566837310791,1174.1385498046875
260202,100,0.46,-0.11919083446264267,0.5496001243591309,2.044065475463867,1841.3004150390625
260203,66,0.5151515151515151,0.03501090779900551,0.5543632507324219,3.5936923027038574,985.5892333984375
260204,100,0.43,0.0030852416530251503,0.561423122882843,3.2205190658569336,1524.91162109375
260205,100,0.56,0.023247692734003067,0.5311867594718933,10.11428451538086,821.2182006835938
260206,100,0.47,-0.1120075061917305,0.5176392793655396,3.383298873901367,930.810302734375
260207,100,0.47,0.07384522259235382,0.5099233388900757,8.509273529052734,590.3276977539062
260208,100,0.48,-0.05394986644387245,0.4739038050174713,2.9066240787506104,702.7728881835938
260209,83,0.4939759036144578,-0.029771188274025917,0.49804818630218506,4.822317123413086,867.8270874023438
260210,100,0.55,0.029387498274445534,0.5877792835235596,5.167261600494385,509.23980712890625
260211,49,0.46938775510204084,0.0009886097395792603,0.5652685761451721,3.002509117126465,1311.8369140625
260212,100,0.41,-0.021515684202313423,0.5018765330314636,4.768458366394043,816.1430053710938
260213,80,0.5,0.09885035455226898,0.6139740943908691,10.014405250549316,1027.0914306640625
260214,100,0.51,-0.01468946784734726,0.5232782363891602,5.626485347747803,1268.03955078125
260215,100,0.43,0.02159118838608265,0.5650839805603027,12.739651679992676,1643.4676513671875
260216,100,0.47,0.06394487619400024,0.5156616568565369,5.1197896003723145,1563.00927734375
260217,100,0.53,-0.11254938691854477,0.5248667001724243,2.1306560039520264,1315.080810546875
260218,100,0.56,-0.08216266334056854,0.5141410827636719,4.801142692565918,1118.8597412109375
260219,100,0.43,-0.053548213094472885,0.5080742835998535,6.4635138511657715,1401.891845703125
260220,100,0.43,-0.12975360453128815,0.49728503823280334,5.853721618652344,991.9437866210938
260221,100,0.53,0.03146800398826599,0.5122941732406616,12.181489944458008,442.87384033203125
260222,98,0.5816326530612245,0.08998716622591019,0.5608885288238525,14.888591766357422,335.4932861328125
260223,100,0.41,0.045495208352804184,0.5026323795318604,7.548457622528076,975.4498901367188
260224,35,0.6,0.286857545375824,0.5900601148605347,8.636026382446289,608.178955078125
260225,100,0.47,-0.05500005558133125,0.5684099197387695,8.778995513916016,1154.5299072265625
260226,34,0.5,0.0364241749048233,0.5274078845977783,4.281512260437012,1410.3603515625
260227,100,0.52,-0.15276941657066345,0.4623195230960846,2.6052255630493164,1330.6859130859375
260228,100,0.58,-0.17821185290813446,0.5489748120307922,1.73358154296875,602.393798828125
260229,100,0.56,-0.011891488917171955,0.5467448830604553,7.275578022003174,1595.51513671875
260230,100,0.51,-0.08420108258724213,0.5868315696716309,2.7744064331054688,537.1640014648438
260231,100,0.5,-0.03886711224913597,0.4751613140106201,3.2762680053710938,931.2046508789062
260232,92,0.5217391304347826,0.1301974058151245,0.5230984687805176,16.043710708618164,1764.24169921875
260233,100,0.53,-0.00035515459603630006,0.5298447012901306,6.608597755432129,750.7634887695312
260234,100,0.57,-0.06743130832910538,0.48086076974868774,4.2822957038879395,965.0562744140625
260235,100,0.54,-0.10902763158082962,0.559339165687561,2.5302822589874268,1663.113037109375
260236,100,0.52,0.11745192110538483,0.506822943687439,14.603918075561523,1484.4361572265625
260237,100,0.5,0.03532218560576439,0.4861401617527008,3.2083399295806885,1531.37353515625
260238,100,0.53,0.03689467906951904,0.5514740347862244,11.805208206176758,823.0550537109375
260239,100,0.53,-0.03242703154683113,0.5881145000457764,4.978731155395508,1621.6922607421875
260240,68,0.4264705882352941,0.10422158241271973,0.4886453449726105,10.945243835449219,1953.706298828125
260241,50,0.5,0.018717916682362556,0.45782116055488586,5.6632981300354,378.93389892578125
260242,100,0.4,-0.13370227813720703,0.5617149472236633,2.292926549911499,709.4608764648438
260243,100,0.55,0.060912683606147766,0.5213110446929932,7.357253074645996,637.9619750976562
260244,48,0.3541666666666667,-0.0559653602540493,0.432010293006897,5.2315874099731445,742.5980834960938
260245,100,0.41,-0.057117659598588943,0.5068133473396301,4.699215412139893,427.59552001953125
260246,100,0.54,0.007416898384690285,0.5307609438896179,9.552852630615234,687.8053588867188
260247,100,0.39,-0.13051724433898926,0.5498684644699097,4.22473669052124,438.64996337890625
260248,63,0.6507936507936508,-0.04822797328233719,0.5179823637008667,3.680546760559082,1510.073486328125
260249,100,0.56,0.032449010759592056,0.5320376753807068,5.816948413848877,1123.4822998046875
260250,100,0.38,-0.023488294333219528,0.5183065533638,7.175858020782471,1772.3387451171875
260251,100,0.61,0.12941622734069824,0.4886315166950226,13.513620376586914,615.877685546875
260252,15,0.4666666666666667,0.2762196660041809,0.5510004758834839,2.237243175506592,448.1993408203125
260253,100,0.43,-0.15381450951099396,0.5800114274024963,3.0514743328094482,1018.6209716796875
260254,100,0.61,0.05171864107251167,0.4942414164543152,9.904306411743164,1212.2705078125
260255,100,0.43,0.05477859079837799,0.48011651635169983,9.07654857635498,250.709716796875
260256,89,0.42696629213483145,0.10020408034324646,0.47923019528388977,11.210758209228516,994.5228881835938
260257,99,0.494949494949495,0.2144857496023178,0.4777139723300934,15.715890884399414,1657.096923828125
260258,85,0.4470588235294118,0.07248721271753311,0.5310825705528259,5.733364582061768,1081.836669921875
260259,100,0.52,0.18433110415935516,0.5337815284729004,12.987957000732422,1690.2352294921875
260260,43,0.5116279069767442,0.1805279552936554,0.46232086420059204,10.867643356323242,1784.7342529296875
260261,100,0.58,0.01880292035639286,0.50272536277771,8.842225074768066,444.6405334472656
260262,100,0.48,0.09063325077295303,0.4939816892147064,11.440845489501953,1210.9603271484375
260263,100,0.53,-0.0023536861408501863,0.495327889919281,11.650529861450195,1591.3349609375
260264,100,0.5,-0.1106467992067337,0.526138186454773,2.180935859680176,1059.6263427734375
260265,100,0.49,0.03885554149746895,0.4499586224555969,8.473340034484863,433.6918029785156
260266,100,0.52,-0.03484611213207245,0.46870294213294983,5.073825836181641,856.0079956054688
260267,100,0.44,0.06535494327545166,0.5226779580116272,10.171168327331543,503.8823547363281
260268,35,0.45714285714285713,0.013643905520439148,0.45316144824028015,6.437575340270996,463.5654602050781
260269,1,1.0,0.8139974474906921,,1.6279947757720947,1207.5140380859375
260270,100,0.47,-0.02695401757955551,0.4313373863697052,6.259787559509277,1218.5565185546875
260271,100,0.55,0.05077379569411278,0.48779815435409546,7.448822498321533,1471.7518310546875
260272,100,0.39,-0.03300720080733299,0.4833977520465851,3.7906525135040283,683.3359375
260273,100,0.55,-0.034396182745695114,0.5153324007987976,3.1064536571502686,738.05126953125
260274,40,0.35,0.18182110786437988,0.5326991081237793,8.527328491210938,1367.9349365234375
260275,100,0.57,-0.036860402673482895,0.4990931749343872,8.813688278198242,1346.260009765625
260276,63,0.49206349206349204,-0.06705986708402634,0.5088154077529907,2.8522696495056152,654.9949951171875
260277,22,0.7272727272727273,0.2568667531013489,0.7058846354484558,9.755871772766113,1250.109375
260278,71,0.6056338028169014,0.12054211646318436,0.49195772409439087,14.352523803710938,1358.9208984375
260279,100,0.52,0.04981699958443642,0.5231792330741882,8.157923698425293,1289.1011962890625
260280,100,0.53,-0.01486176811158657,0.5169501900672913,5.9272236824035645,970.5447998046875
260281,100,0.42,-0.08731897920370102,0.47257763147354126,3.75327205657959,1427.93994140625
260282,100,0.56,0.007236103992909193,0.46499064564704895,3.9460763931274414,736.8756713867188
260283,100,0.49,0.011784843169152737,0.5890841484069824,5.473114490509033,847.7090454101562
260284,100,0.51,-0.07891955226659775,0.49795815348625183,2.908522844314575,1508.728515625
260285,55,0.5636363636363636,0.18551959097385406,0.48436132073402405,17.69333839416504,574.7686157226562
260286,100,0.45,0.04286721348762512,0.45590096712112427,12.053072929382324,843.8910522460938
260287,100,0.47,-0.007612909190356731,0.5086172819137573,5.56377649307251,857.0701904296875
260288,100,0.51,-0.005922374781221151,0.5590898394584656,5.344474792480469,800.2208251953125
260289,96,0.4479166666666667,-0.056497570127248764,0.5590153336524963,2.6382577419281006,811.537841796875
260290,28,0.7142857142857143,0.12988586723804474,0.690251350402832,5.9919047355651855,524.5928344726562
260291,100,0.47,-0.03264530003070831,0.5134446620941162,3.5778822898864746,960.632568359375
260292,37,0.5675675675675675,0.20112445950508118,0.43054288625717163,10.526975631713867,171.7570037841797
260293,100,0.48,0.002107488689944148,0.518017590045929,8.818692207336426,692.7598266601562
260294,49,0.46938775510204084,-0.02584679238498211,0.5033648014068604,2.5581390857696533,556.1640014648438
260295,100,0.4,0.10686491429805756,0.5447854399681091,9.292237281799316,499.04364013671875
260296,20,0.75,0.13503089547157288,0.5123441219329834,9.658233642578125,1032.19677734375
260297,100,0.51,0.007842055521905422,0.47679534554481506,4.166769027709961,1278.8160400390625
260298,100,0.56,0.02482599951326847,0.4328804314136505,5.852156639099121,740.4381713867188
260299,100,0.55,-0.05388752371072769,0.5766713619232178,2.2966792583465576,521.84814453125
260300,100,0.43,0.03554125875234604,0.457160085439682,4.817940711975098,973.133056640625
260301,100,0.53,-0.01944238506257534,0.5109239816665649,4.237815856933594,484.0830383300781
260302,100,0.44,0.04103283956646919,0.5161039233207703,10.367301940917969,1008.7491455078125
260303,100,0.45,-0.05916595458984375,0.4596812129020691,4.094527721405029,1284.0362548828125
260304,100,0.36,0.012187052518129349,0.5465208292007446,3.644171953201294,1055.117431640625
260305,100,0.46,-0.013671401888132095,0.5403463244438171,4.84507417678833,1049.37109375
260306,94,0.5,-0.026284029707312584,0.4785524606704712,5.783421993255615,475.7250061035156
260307,100,0.52,-0.05879078805446625,0.4155956208705902,3.2028234004974365,1813.8529052734375
260308,100,0.61,-0.03375650942325592,0.387509286403656,6.575880527496338,905.386474609375
260309,4,0.5,0.3718087077140808,0.4950053095817566,1.9193016290664673,800.1446533203125
260310,100,0.49,0.049446068704128265,0.5098332166671753,4.019346237182617,1074.7275390625
260311,100,0.54,-0.12813064455986023,0.4830184578895569,2.12503981590271,519.2281494140625
260312,100,0.51,0.012497254647314548,0.4997802972793579,7.267134189605713,669.5285034179688
260313,100,0.45,-0.014608928002417088,0.551389217376709,2.8149218559265137,779.3111572265625
260314,100,0.56,-0.022976908832788467,0.5269924998283386,11.287357330322266,1003.9359130859375
260315,100,0.57,0.03719540312886238,0.5257872343063354,7.05181360244751,1582.0430908203125
260316,100,0.41,0.04675403982400894,0.5295557975769043,5.970043182373047,812.4603271484375
260317,14,0.35714285714285715,0.3327130675315857,0.5627357959747314,6.083159923553467,1156.328857421875
260318,100,0.54,-0.09590131044387817,0.5169099569320679,5.773338317871094,485.9188537597656
260319,100,0.46,0.01608111523091793,0.5450060367584229,12.603113174438477,1319.0372314453125
260320,100,0.49,-0.0023927888832986355,0.4893650710582733,3.430527448654175,1517.3770751953125
260321,71,0.49295774647887325,0.024340391159057617,0.4287160634994507,5.421782493591309,1484.8349609375
260322,100,0.56,-0.10822034627199173,0.5291481614112854,3.032550573348999,934.818603515625
260323,100,0.4,0.13398700952529907,0.5592679381370544,16.2662296295166,1930.5269775390625
260324,100,0.43,0.027722995728254318,0.5491310358047485,4.541896820068359,637.9161376953125
260325,100,0.52,0.017621522769331932,0.5106402039527893,5.126465320587158,432.173583984375
260326,100,0.56,0.14713039994239807,0.5476132035255432,14.486754417419434,1762.3411865234375
260327,100,0.58,0.06501074135303497,0.534082293510437,7.343803405761719,421.7041015625
260328,37,0.4594594594594595,-0.0010460054036229849,0.5713399648666382,2.576202869415283,907.4727172851562
260329,100,0.48,-0.02774164266884327,0.480385959148407,4.968214511871338,709.3049926757812
260330,100,0.46,-0.06218271702528,0.46719881892204285,5.287705898284912,333.7986145019531
260331,100,0.46,-0.00894564762711525,0.5335997343063354,6.408588886260986,1478.0435791015625
260332,100,0.39,-0.08383570611476898,0.5384030342102051,1.9787248373031616,1924.726806640625
260333,100,0.56,-0.16675488650798798,0.537843644618988,2.0041754245758057,2215.14794921875
260334,93,0.4838709677419355,0.00920419953763485,0.5315940976142883,3.7679426670074463,808.312744140625
260335,100,0.53,-0.04955460503697395,0.5319806337356567,5.513859272003174,1750.944580078125
260336,48,0.5833333333333334,0.1123747006058693,0.4707113802433014,4.6725687980651855,1051.0106201171875
260337,100,0.57,0.038974322378635406,0.5000532269477844,12.356283187866211,518.9678955078125
260338,31,0.4838709677419355,0.12103673815727234,0.45529839396476746,4.7546586990356445,807.1075439453125
260339,100,0.44,-0.15520347654819489,0.4369766414165497,1.589150309562683,949.25341796875
260340,100,0.54,-0.10459522157907486,0.5143348574638367,2.8525590896606445,314.59466552734375
260341,100,0.46,0.023723050951957703,0.5334699153900146,6.18345308303833,169.15089416503906
260342,100,0.52,-0.05591261386871338,0.5318563580513,3.5698986053466797,1701.67041015625
260343,100,0.53,0.09346267580986023,0.5433549284934998,17.445932388305664,1051.4368896484375
260344,100,0.51,-0.19844941794872284,0.5351352691650391,0.8232417106628418,758.2105102539062
260345,100,0.5,0.0019488787511363626,0.5266172289848328,8.511786460876465,1876.673828125
260346,5,0.6,0.6021170616149902,0.18909886479377747,2.6643331050872803,512.6116333007812
260347,100,0.57,-0.08418616652488708,0.400498628616333,4.457973957061768,1016.3214111328125
260348,100,0.53,0.12978161871433258,0.546038031578064,14.581971168518066,1728.4217529296875
260349,100,0.44,-0.11999496817588806,0.5381776094436646,3.3416531085968018,1653.642578125
260350,100,0.49,-0.12700846791267395,0.5113527774810791,2.7510836124420166,910.3220825195312
260351,100,0.57,-0.002894747769460082,0.5089533925056458,6.08594274520874,194.1248016357422
260352,100,0.44,-0.10888030380010605,0.492051362991333,1.984282374382019,1137.13525390625
260353,100,0.49,0.042409054934978485,0.5523264408111572,7.002740383148193,728.1818237304688
260354,96,0.4791666666666667,0.11101428419351578,0.48682987689971924,12.467781066894531,405.6553955078125
260355,100,0.53,0.04704106226563454,0.5894983410835266,7.4139180183410645,1130.22705078125
260356,100,0.66,-0.029169725254178047,0.47292831540107727,7.427879333496094,720.6087036132812
260357,100,0.52,0.14645829796791077,0.5716710090637207,17.6650390625,1238.3760986328125
260358,63,0.4603174603174603,-0.05247097462415695,0.5327749252319336,3.4310269355773926,1226.1036376953125
260359,100,0.59,0.003087483812123537,0.5092867016792297,4.827569007873535,329.3321838378906
260360,78,0.5512820512820513,-0.04869717359542847,0.5065535306930542,2.899576425552368,1265.4669189453125
260361,100,0.53,0.06881235539913177,0.5290507674217224,6.750960350036621,708.195068359375
260362,67,0.4925373134328358,0.04906745254993439,0.514175295829773,12.773463249206543,1070.3887939453125
260363,100,0.39,0.032282229512929916,0.4624762535095215,10.718605041503906,117.11988830566406
260364,100,0.53,-0.05096358805894852,0.4778125584125519,4.606533050537109,789.3082275390625
260365,100,0.43,0.29202210903167725,0.6473782062530518,22.650903701782227,1351.4267578125
260366,100,0.5,-0.012332579120993614,0.4526284337043762,4.712873935699463,224.92495727539062
260367,94,0.5212765957446809,-0.018839960917830467,0.5376185178756714,3.94454026222229,1526.92578125
260368,14,0.35714285714285715,0.04206690937280655,0.64365553855896,1.683457612991333,829.73095703125
260369,99,0.48484848484848486,0.07485312968492508,0.6102440357208252,9.065134048461914,789.8711547851562
260370,100,0.51,0.08581685274839401,0.5560300350189209,6.56106424331665,534.53857421875
260371,51,0.5098039215686274,0.08367184549570084,0.5885913968086243,5.6350836753845215,1906.9451904296875
260372,100,0.44,-0.05280141532421112,0.49759116768836975,5.585916519165039,1876.012939453125
260373,100,0.64,-0.031313419342041016,0.4645571708679199,4.78461217880249,1009.5523681640625
260374,100,0.55,-0.12124573439359665,0.5767152309417725,1.7820161581039429,602.345458984375
260375,100,0.59,0.08034780621528625,0.5425034761428833,19.19891357421875,864.2285766601562
260376,100,0.45,-0.009400133043527603,0.44139984250068665,5.759966850280762,337.29302978515625
260377,99,0.45454545454545453,0.13553141057491302,0.5189833641052246,11.446419715881348,978.2005615234375
260378,100,0.53,-0.16166870296001434,0.4949418008327484,1.5735359191894531,685.0503540039062
260379,100,0.41,0.004876948893070221,0.5291479825973511,3.7770938873291016,782.9872436523438
260380,100,0.6,-0.007945449091494083,0.5727917551994324,7.054112911224365,1663.948974609375
260381,71,0.49295774647887325,0.057882506400346756,0.45781686902046204,6.87019157409668,1661.03271484375
260382,100,0.56,0.029272684827446938,0.402243047952652,10.533639907836914,840.272705078125
260383,100,0.47,0.005302438046783209,0.5428720712661743,4.193455696105957,988.0841064453125
260384,93,0.5053763440860215,-0.07720213383436203,0.5188749432563782,3.311756134033203,465.2254333496094
260385,100,0.42,0.039102450013160706,0.45295003056526184,13.1691255569458,360.1095275878906
260386,100,0.43,0.11352839320898056,0.5427957773208618,13.562677383422852,630.625
260387,94,0.574468085106383,0.01602925732731819,0.4647548794746399,10.542211532592773,1095.2020263671875
260388,100,0.46,-0.04963323473930359,0.45051994919776917,4.059189319610596,914.1351928710938
260389,100,0.49,0.057116758078336716,0.5564305782318115,9.707056999206543,545.49853515625
260390,100,0.37,-0.12220795452594757,0.5138360857963562,1.7894362211227417,556.937744140625
260391,100,0.53,-0.13983875513076782,0.5266050100326538,1.2526164054870605,1093.9263916015625
260392,100,0.43,-0.1002499908208847,0.511490523815155,2.465425491333008,1112.220703125
260393,17,0.5294117647058824,-0.17580032348632812,0.6327958106994629,1.4451067447662354,1146.530517578125
260394,100,0.55,0.005299658048897982,0.500525176525116,6.235471248626709,1655.099609375
260395,68,0.5,0.045539505779743195,0.45210641622543335,12.306939125061035,1197.4154052734375
260396,100,0.52,-0.03707682713866234,0.5462473034858704,4.500698566436768,1632.5177001953125
260397,100,0.51,0.03748223930597305,0.5311985611915588,5.514946937561035,1321.7137451171875
260398,100,0.5,-0.07482689619064331,0.5266128778457642,2.803471088409424,1283.0010986328125
260399,25,0.6,0.1319040060043335,0.5058345198631287,8.966607093811035,1835.55859375
260400,100,0.55,-0.09189826995134354,0.5958586931228638,1.796770453453064,568.766357421875
260401,100,0.51,0.054175976663827896,0.5220028758049011,18.45637321472168,1147.8023681640625
260402,100,0.62,0.04975196719169617,0.5766813158988953,8.211705207824707,732.2894897460938
260403,100,0.52,-0.1739524006843567,0.4168955981731415,2.456174850463867,1509.4908447265625
260404,100,0.5,0.10774970799684525,0.5468705892562866,7.5117950439453125,1316.9642333984375
260405,100,0.59,-0.05455324426293373,0.6072590947151184,6.259355068206787,612.9620361328125
260406,100,0.51,-0.044790759682655334,0.5533920526504517,8.428908348083496,1389.0084228515625
260407,100,0.52,0.04494255781173706,0.5279335975646973,12.779378890991211,210.00753784179688
260408,81,0.48148148148148145,0.05302814394235611,0.47265347838401794,12.554071426391602,1645.5062255859375
260409,100,0.43,-0.05525612831115723,0.5650916695594788,3.0102615356445312,1517.0205078125
260410,100,0.5,-0.018339645117521286,0.5869953036308289,8.445613861083984,616.2496337890625
260411,100,0.61,-0.12370024621486664,0.5319035649299622,2.294778823852539,647.9825439453125
260412,20,0.45,0.23350109159946442,0.5318018198013306,6.832156181335449,601.747802734375
260413,100,0.55,0.030099879950284958,0.4218595325946808,6.705935478210449,594.8364868164062
260414,100,0.47,-0.13336701691150665,0.5156205892562866,2.424757480621338,1285.1348876953125
260415,42,0.40476190476190477,0.12474536895751953,0.6502619981765747,3.2849316596984863,1155.630126953125
260416,100,0.43,0.037574298679828644,0.4750062823295593,8.340811729431152,905.1324462890625
260417,66,0.45454545454545453,0.24133267998695374,0.6096066236495972,14.40365982055664,1573.7352294921875
260418,68,0.6029411764705882,0.1305677890777588,0.6074562668800354,7.458608627319336,1929.29931640625
260419,100,0.43,-0.03073570318520069,0.525297224521637,4.886033058166504,732.6091918945312
260420,100,0.42,0.07220254838466644,0.5103884339332581,8.258831024169922,1023.8646240234375
260421,100,0.46,0.03755190968513489,0.4842437207698822,9.58263111114502,971.2813720703125
260422,100,0.45,-0.006120982579886913,0.5226921439170837,5.456409454345703,126.5319595336914
260423,100,0.55,-0.07690621167421341,0.5096292495727539,2.8523569107055664,239.53500366210938
260424,100,0.62,0.004617696162313223,0.47373589873313904,5.739506244659424,1373.2001953125
260425,100,0.56,-0.054448433220386505,0.5669505000114441,4.866912364959717,1028.5496826171875
260426,100,0.48,-0.021959198638796806,0.5042744278907776,5.005099773406982,714.9942016601562
260427,100,0.46,-0.05398711562156677,0.5232142806053162,3.3127994537353516,534.3352661132812
260428,100,0.36,0.0989513099193573,0.4790093004703522,11.927755355834961,1030.4365234375
260429,100,0.33,0.06923746317625046,0.5574432015419006,9.446322441101074,1126.424072265625
260430,100,0.62,-0.01755676232278347,0.5971342921257019,6.114286422729492,889.6060791015625
260431,58,0.4827586206896552,0.16329146921634674,0.4735073447227478,8.446460723876953,1228.6092529296875
260432,100,0.48,-0.07132699340581894,0.5314513444900513,2.5358426570892334,474.16717529296875
260433,100,0.51,-0.04717138409614563,0.5174145102500916,5.714597225189209,1191.858154296875
260434,100,0.5,-0.026404576376080513,0.4819040596485138,3.324861764907837,1045.5992431640625
260435,100,0.41,0.028261592611670494,0.4379914104938507,10.926806449890137,975.8530883789062
260436,100,0.48,-0.08751688152551651,0.4544048607349396,1.8432003259658813,1668.9034423828125
260437,100,0.5,-0.03076297976076603,0.6063045263290405,4.314017295837402,869.6327514648438
260438,100,0.4,-0.08283817768096924,0.5079127550125122,2.308008909225464,1805.766357421875
260439,100,0.59,-0.018206873908638954,0.6005263924598694,9.537813186645508,1212.129638671875
260440,78,0.5256410256410257,-0.016056356951594353,0.5049029588699341,3.8074584007263184,1356.9583740234375
260441,100,0.5,-0.02155640535056591,0.5133188962936401,8.549924850463867,794.9252319335938
260442,100,0.49,0.030939243733882904,0.49384450912475586,8.876112937927246,1122.5147705078125
260443,100,0.44,-0.15917102992534637,0.4623982012271881,1.5732934474945068,977.502197265625
260444,100,0.55,0.046233873814344406,0.5704065561294556,8.055115699768066,669.10546875
260445,100,0.45,-0.058148812502622604,0.4712000787258148,3.8002636432647705,1451.75439453125
260446,100,0.42,-0.0830174908041954,0.5034102201461792,3.7352938652038574,1144.94775390625
260447,74,0.581081081081081,0.0525701642036438,0.59426349401474,9.81188678741455,1319.4327392578125
260448,100,0.5,-0.011081134900450706,0.5447973012924194,7.936677932739258,1097.556396484375
260449,69,0.5652173913043478,0.12391942739486694,0.39982977509498596,6.99946403503418,929.3047485351562
260450,41,0.6097560975609756,0.002660660073161125,0.7246524095535278,3.1110894680023193,1876.55224609375
260451,100,0.49,-0.07777666300535202,0.43877336382865906,7.361763000488281,856.81640625
260452,64,0.453125,-0.038320768624544144,0.4361867308616638,4.342519283294678,820.1065673828125
260453,100,0.5,-0.09674505889415741,0.5594167113304138,2.5014519691467285,1718.9603271484375
260454,100,0.49,-0.09103882312774658,0.44901779294013977,3.8308982849121094,437.8262939453125
260455,55,0.6363636363636364,0.1809697151184082,0.6357611417770386,15.942525863647461,1827.3992919921875
260456,100,0.54,-0.08186659961938858,0.5061298608779907,2.5974855422973633,1075.2506103515625
260457,100,0.49,0.0034982305951416492,0.5403723120689392,10.266993522644043,691.0518188476562
260458,38,0.5,0.24794144928455353,0.5893831253051758,15.60673999786377,515.5904541015625
260459,100,0.57,-0.13685163855552673,0.4923020303249359,1.8989901542663574,622.6126708984375
260460,100,0.46,-0.06508872658014297,0.4932825565338135,1.7942436933517456,1235.2127685546875
260461,100,0.55,0.040271516889333725,0.5201339721679688,5.687719345092773,710.447998046875
260462,100,0.57,-0.06879854947328568,0.45690762996673584,2.880491018295288,1886.6953125
260463,100,0.55,-0.06590647995471954,0.5857671499252319,4.7173075675964355,1381.2254638671875
260464,100,0.55,0.0022781891748309135,0.4839521646499634,10.2052640914917,810.3322143554688
260465,100,0.48,-0.12498509138822556,0.48595014214515686,2.293264627456665,436.71044921875
260466,100,0.58,0.01891041174530983,0.5290474891662598,5.299811840057373,666.7276000976562
260467,100,0.56,-0.12041101604700089,0.503402054309845,2.7235500812530518,1258.1744384765625
260468,27,0.4074074074074074,0.16095677018165588,0.43384864926338196,3.6542394161224365,411.729248046875
260469,76,0.47368421052631576,0.16884572803974152,0.5769175291061401,11.539481163024902,1184.1324462890625
260470,100,0.42,-0.11960636079311371,0.4331893026828766,2.9307355880737305,652.7637939453125
260471,90,0.5222222222222223,0.0012761785183101892,0.5305371284484863,5.346147060394287,1314.3807373046875
260472,100,0.45,0.005302874371409416,0.46654194593429565,5.836291790008545,1624.2335205078125
260473,100,0.51,0.020272769033908844,0.5173312425613403,8.741724967956543,535.8198852539062
260474,100,0.56,-0.011261701583862305,0.532882571220398,7.315603256225586,1048.705810546875
260475,100,0.48,-0.07594098895788193,0.5037510991096497,4.164703369140625,871.7283325195312
260476,38,0.39473684210526316,0.2379048764705658,0.584170937538147,8.07657527923584,747.00146484375
260477,21,0.5238095238095238,-0.23800788819789886,0.5252484679222107,1.407368540763855,1635.554931640625
260478,23,0.391304347826087,0.11453510820865631,0.47805532813072205,1.2760471105575562,1890.8218994140625
260479,69,0.5362318840579711,0.18266643583774567,0.4874764084815979,9.634702682495117,1214.454833984375
260480,68,0.45588235294117646,-0.005953934974968433,0.5461918115615845,6.111130714416504,857.1737060546875
260481,93,0.4946236559139785,0.06752210855484009,0.510895311832428,6.616215705871582,700.7439575195312
260482,100,0.47,-0.08572441339492798,0.5131587386131287,3.9080440998077393,719.9984130859375
260483,100,0.59,0.0067498632706701756,0.5566260814666748,5.887725353240967,1212.5396728515625
260484,100,0.57,-0.06917618960142136,0.558212161064148,3.067694664001465,864.7155151367188
260485,49,0.5510204081632653,0.14919795095920563,0.4799073040485382,7.948571681976318,1080.1651611328125
260486,44,0.6136363636363636,0.2605559527873993,0.48001593351364136,17.110565185546875,1542.0372314453125
260487,100,0.53,0.018064353615045547,0.5515995621681213,10.231247901916504,1398.90478515625
260488,100,0.5,0.11716979742050171,0.4879080057144165,11.999467849731445,950.1100463867188
260489,100,0.5,0.049397144466638565,0.5050675868988037,8.388815879821777,427.7253723144531
260490,100,0.46,0.07836583256721497,0.510697066783905,6.411746025085449,425.9659423828125
260491,100,0.49,-0.03199560195207596,0.5051694512367249,3.9232122898101807,1205.49658203125
260492,66,0.5757575757575758,0.10266996920108795,0.3761555552482605,12.800999641418457,1033.93505859375
260493,100,0.55,-0.039429619908332825,0.5785760879516602,4.053407192230225,717.3508911132812
260494,100,0.52,0.18498577177524567,0.4448903799057007,23.1232852935791,1140.55908203125
260495,15,0.6666666666666666,0.17091640830039978,0.7912665605545044,2.9498674869537354,560.9862060546875
260496,31,0.45161290322580644,-0.2949814796447754,0.4878236651420593,1.3231066465377808,433.4126892089844
260497,100,0.54,0.0952141284942627,0.4857102334499359,13.066248893737793,615.5911254882812
260498,100,0.56,0.009774322621524334,0.5494601130485535,8.12844181060791,1134.83154296875
260499,100,0.51,-0.02529802732169628,0.5197328329086304,6.3029046058654785,689.4155883789062
260500,100,0.48,0.10532411187887192,0.5177546143531799,16.556873321533203,657.11328125
260501,51,0.5098039215686274,0.08802270144224167,0.4493063986301422,7.455470561981201,547.7883911132812
260502,100,0.48,0.05227845534682274,0.5390658378601074,6.174324989318848,305.69793701171875
260503,100,0.55,0.04113028198480606,0.4886029064655304,6.973293304443359,1020.578125
260504,49,0.6326530612244898,0.05157993733882904,0.528774082660675,4.116307258605957,733.12255859375
260505,100,0.43,-0.04098920524120331,0.48430636525154114,3.2162156105041504,859.34765625
260506,100,0.5,-0.17227588593959808,0.5711812973022461,1.0989362001419067,833.2153930664062
260507,61,0.5737704918032787,0.06763879954814911,0.5026909112930298,4.840745449066162,893.5328369140625
260508,100,0.46,-0.13515841960906982,0.5330889225006104,2.9356071949005127,353.2411193847656
260509,100,0.47,0.04571124166250229,0.47847074270248413,7.636190414428711,1142.565673828125
260510,100,0.46,-0.07295490056276321,0.5159780979156494,5.68372917175293,716.9501342773438
260511,100,0.47,-0.00172475166618824,0.5285688638687134,5.510725975036621,263.2403259277344
260512,56,0.5714285714285714,-0.060330409556627274,0.5465133786201477,4.797929286956787,1218.1236572265625
260513,100,0.51,0.032528623938560486,0.49505579471588135,13.229862213134766,1185.2987060546875
260514,97,0.5360824742268041,0.1686541885137558,0.5930038690567017,13.662890434265137,1765.7794189453125
260515,100,0.54,0.009176046587526798,0.6419485807418823,12.895877838134766,569.7610473632812
260516,100,0.56,-0.09189437329769135,0.5601599216461182,3.6948604583740234,554.8461303710938
260517,100,0.5,0.04079650714993477,0.5337761640548706,8.676294326782227,1629.5487060546875
260518,100,0.6,0.003512006951496005,0.5606700778007507,8.306553840637207,1448.6304931640625
260519,80,0.4125,0.08388256281614304,0.4863301217556,8.10318660736084,1606.2830810546875
260520,100,0.56,-0.035383693873882294,0.45026203989982605,4.889928817749023,743.0638427734375
260521,100,0.34,0.04838090017437935,0.4877656400203705,6.357872009277344,1510.2303466796875
260522,100,0.49,-0.07322234660387039,0.5674338936805725,5.357494354248047,394.7378234863281
260523,100,0.54,0.006174679379910231,0.47363874316215515,4.821005821228027,768.1519775390625
260524,100,0.49,-0.0039061002898961306,0.5245187282562256,6.452421188354492,1137.5770263671875
260525,100,0.53,0.06078856810927391,0.5526081323623657,6.929444789886475,1197.649658203125
260526,97,0.5154639175257731,0.08798243850469589,0.5377745628356934,8.950101852416992,1333.682861328125
260527,100,0.48,-0.2108556628227234,0.6112170219421387,1.434035062789917,1125.7977294921875
260528,41,0.5609756097560976,-0.05968160182237625,0.4973328411579132,1.2350122928619385,822.5048828125
260529,94,0.5212765957446809,0.011234386824071407,0.5285109877586365,8.877684593200684,1453.4766845703125
260530,96,0.4479166666666667,0.03946661949157715,0.5130855441093445,4.776551723480225,442.1800537109375
260531,58,0.5862068965517241,0.15275096893310547,0.5190030932426453,12.557432174682617,1521.3126220703125
260532,100,0.45,-0.15608088672161102,0.475842148065567,2.436022996902466,1176.554931640625
260533,100,0.48,-0.039054907858371735,0.5492011904716492,3.8745787143707275,1647.2265625
260534,51,0.47058823529411764,0.12626217305660248,0.43570613861083984,3.8213844299316406,508.8696594238281
260535,100,0.48,0.0012950623640790582,0.47439226508140564,4.926553726196289,921.576416015625
260536,98,0.4897959183673469,0.02341696061193943,0.5305688381195068,4.956736087799072,1452.7100830078125
260537,35,0.4857142857142857,0.1815788596868515,0.5710943341255188,5.435467720031738,546.6079711914062
260538,100,0.48,-0.037874218076467514,0.49611636996269226,5.14686393737793,1131.715087890625
260539,100,0.56,0.014587604440748692,0.5768120288848877,9.782116889953613,1412.681640625
260540,100,0.51,0.08439292013645172,0.5257765650749207,8.706059455871582,580.3572998046875
260541,100,0.52,-0.03304974362254143,0.6276897192001343,3.312410593032837,695.810791015625
260542,100,0.5,-0.07056645303964615,0.5074512362480164,2.0734896659851074,786.8466796875
260543,100,0.46,0.04022804647684097,0.5496369004249573,7.531429290771484,364.97552490234375
260544,100,0.48,-0.032093677669763565,0.5698249340057373,3.044595241546631,1269.451171875
260545,100,0.55,0.1278928816318512,0.545079231262207,20.698150634765625,819.665771484375
260546,100,0.41,-0.11217465996742249,0.4644755423069,2.140890598297119,1254.368408203125
260547,100,0.57,-0.056347910314798355,0.5999455451965332,5.189337253570557,1160.3515625
260548,63,0.47619047619047616,0.07152295112609863,0.5382559299468994,7.469465255737305,1057.055908203125
260549,100,0.55,-0.0532466359436512,0.4602309465408325,2.642343282699585,1044.590087890625
260550,100,0.5,-0.012654933147132397,0.5338703393936157,6.947271823883057,1663.64697265625
260551,100,0.62,-0.11307546496391296,0.5183889269828796,3.1456503868103027,488.44085693359375
260552,100,0.61,0.006087181158363819,0.5627234578132629,5.635229110717773,886.8283081054688
260553,100,0.51,-0.026143696159124374,0.4970313012599945,8.266597747802734,1394.7039794921875
260554,100,0.48,0.06855325400829315,0.47108137607574463,6.39436149597168,959.2842407226562
260555,64,0.5625,0.04546409100294113,0.4840337634086609,10.166976928710938,693.609619140625
260556,100,0.55,-0.0020434509497135878,0.5213343501091003,5.7453293800354,863.2178344726562
260557,100,0.55,0.05056876689195633,0.5607714653015137,9.003005027770996,756.4135131835938
260558,100,0.52,-0.05684564635157585,0.5456463694572449,3.675938606262207,549.5308227539062
260559,100,0.48,-0.09684739261865616,0.49285948276519775,2.2377734184265137,1451.5797119140625
260560,72,0.5138888888888888,-0.18105095624923706,0.5440698266029358,1.1600456237792969,1947.2823486328125
260561,100,0.45,0.042521603405475616,0.5447700619697571,8.594842910766602,828.97509765625
260562,100,0.59,-8.929483010433614e-05,0.43641147017478943,4.803764343261719,1531.2684326171875
260563,40,0.45,0.02908361703157425,0.3999580144882202,5.065494537353516,760.7694702148438
260564,96,0.4791666666666667,0.0960133820772171,0.4990413188934326,7.572482585906982,1828.2022705078125
260565,100,0.54,0.06801152974367142,0.5208995938301086,11.296609878540039,1068.8953857421875
260566,100,0.45,-0.037115905433893204,0.5022241473197937,3.323228597640991,681.6972045898438
260567,100,0.59,0.02508012391626835,0.5423551797866821,10.592438697814941,319.1124572753906
260568,100,0.55,0.08678653091192245,0.520867645740509,8.066407203674316,424.9870910644531
260569,100,0.51,-0.02022661454975605,0.4759230613708496,5.8792314529418945,1715.4449462890625
260570,100,0.42,0.04686223343014717,0.524224042892456,8.013731002807617,908.7116088867188
260571,100,0.45,-0.0740455761551857,0.4957927465438843,3.97196102142334,1579.57373046875
260572,100,0.42,-0.054033201187849045,0.5411587953567505,3.40075945854187,999.9861450195312
260573,100,0.56,-0.06519770622253418,0.4786156713962555,3.508800745010376,883.6593627929688
260574,94,0.5106382978723404,0.12105683237314224,0.531674861907959,18.787137985229492,1708.1456298828125
260575,100,0.57,0.04634784907102585,0.5283191800117493,11.118547439575195,1041.4638671875
260576,100,0.41,0.0749669224023819,0.5790661573410034,9.93099308013916,615.7142944335938
260577,100,0.52,-0.03223831206560135,0.4960605204105377,4.737776279449463,618.2904663085938
260578,100,0.53,-0.14871855080127716,0.5320044755935669,1.8228009939193726,942.4336547851562
260579,100,0.47,-0.013287275098264217,0.530493438243866,5.146193504333496,1582.1849365234375
260580,100,0.44,-0.015633193776011467,0.5463733077049255,3.9631004333496094,467.5914001464844
260581,40,0.475,0.17441129684448242,0.43303635716438293,6.6753830909729,1950.3009033203125
260582,100,0.46,-0.06316473335027695,0.5707176327705383,1.9230141639709473,1283.0186767578125
260583,24,0.3333333333333333,0.029760010540485382,0.6148786544799805,1.345445990562439,828.9945068359375
260584,100,0.47,0.16371825337409973,0.5079424381256104,15.68832778930664,1552.1776123046875
260585,100,0.53,0.11706247925758362,0.5037394165992737,16.346839904785156,580.1961059570312
260586,100,0.54,0.01093197613954544,0.5224781632423401,7.799790859222412,1029.3519287109375
260587,100,0.32,-0.1348581165075302,0.5617458820343018,1.4701876640319824,1333.0899658203125
260588,87,0.5977011494252874,-0.02518429607152939,0.5136649012565613,7.7080302238464355,1453.0291748046875
260589,100,0.55,0.0344296358525753,0.5678431391716003,11.511484146118164,656.6410522460938
260590,100,0.6,0.07794645428657532,0.46499377489089966,18.444936752319336,797.6657104492188
260591,100,0.49,0.012695414945483208,0.5320985317230225,5.259781837463379,236.54544067382812
260592,71,0.4225352112676056,0.08457982540130615,0.4640198349952698,5.495549201965332,1700.4837646484375
260593,100,0.53,-0.055313583463430405,0.5220335721969604,3.585299253463745,974.6884155273438
260594,100,0.46,-0.11684658378362656,0.5197819471359253,2.4561562538146973,1103.0697021484375
260595,100,0.46,-0.09814267605543137,0.5515158176422119,2.9900410175323486,1646.6104736328125
260596,100,0.53,-0.04201344773173332,0.5908898115158081,5.588806629180908,1102.8072509765625
260597,100,0.51,-0.05937519669532776,0.5140924453735352,3.2121784687042236,1169.46923828125
260598,100,0.51,-0.019452767446637154,0.5201218128204346,5.229539394378662,1100.2037353515625
260599,100,0.39,0.039215654134750366,0.4739326238632202,5.692732810974121,1008.137939453125
260600,69,0.4782608695652174,-0.017529871314764023,0.4648841321468353,3.2865962982177734,434.0914611816406
260601,100,0.5,0.0317346565425396,0.4889694154262543,11.408194541931152,190.28228759765625
260602,100,0.6,-0.09989803284406662,0.5249691009521484,2.3304402828216553,991.978759765625
260603,100,0.38,0.00533579895272851,0.543331503868103,4.836535453796387,644.4865112304688
260604,20,0.5,-0.02290695533156395,0.5284777879714966,1.4074643850326538,1561.7003173828125
260605,39,0.4358974358974359,0.15051564574241638,0.45075225830078125,5.2748589515686035,870.2064208984375
260606,100,0.5,-0.045797448605298996,0.510407030582428,5.616179943084717,1163.2041015625
260607,66,0.5454545454545454,0.01217992790043354,0.520724892616272,4.904873847961426,1167.338623046875
260608,100,0.5,-0.12466400116682053,0.5591588020324707,1.9064782857894897,237.54269409179688
260609,100,0.52,0.042031168937683105,0.5968720316886902,8.120683670043945,843.5676879882812
260610,100,0.5,-0.1286046952009201,0.48851338028907776,2.658050537109375,1242.6192626953125
260611,27,0.5925925925925926,0.20429719984531403,0.49761274456977844,6.556830406188965,739.5960083007812
260612,100,0.5,0.09826383739709854,0.5517395734786987,9.116296768188477,762.7752685546875
260613,100,0.5,0.17206710577011108,0.4851619005203247,19.793067932128906,1331.36328125
260614,100,0.53,0.0010738932760432363,0.5170347094535828,8.05712890625,1727.737060546875
260615,13,0.46153846153846156,0.1073155328631401,0.3416195809841156,1.9095491170883179,797.2197875976562
260616,100,0.48,0.1375558227300644,0.5017037987709045,14.851426124572754,418.0252380371094
260617,39,0.5897435897435898,-0.11017908155918121,0.40773117542266846,4.78900146484375,871.486328125
260618,93,0.41935483870967744,-0.04094308614730835,0.48594915866851807,2.5632712841033936,912.7780151367188
260619,50,0.52,-0.10237995535135269,0.597646176815033,1.1686418056488037,1295.0640869140625
260620,100,0.51,-0.12254264205694199,0.4946559965610504,1.4005483388900757,1301.680419921875
260621,100,0.53,-0.11547890305519104,0.5429229736328125,1.8350820541381836,673.19580078125
260622,100,0.47,-0.012346303090453148,0.47720929980278015,7.271780014038086,821.3974609375
260623,71,0.4647887323943662,0.07749905437231064,0.5379535555839539,4.693624496459961,388.027587890625
260624,100,0.45,0.05689080432057381,0.5229920148849487,7.246296405792236,1382.0479736328125
260625,85,0.4235294117647059,0.08627482503652573,0.48015815019607544,8.518583297729492,932.1730346679688
260626,100,0.54,0.0490572489798069,0.5624658465385437,8.66917896270752,1084.340576171875
260627,100,0.44,-0.04696248844265938,0.43745681643486023,2.231900930404663,791.7717895507812
260628,100,0.55,-0.13942070305347443,0.5159615874290466,2.718379020690918,1699.2938232421875
260629,100,0.51,-0.02404179982841015,0.5129052400588989,5.7650251388549805,1023.8314819335938
260630,100,0.54,-0.0232092272490263,0.5493412017822266,3.959993362426758,1224.3289794921875
260631,86,0.5348837209302325,-0.013447267934679985,0.48241639137268066,4.590930938720703,1732.0631103515625
260632,63,0.49206349206349204,-0.05758992210030556,0.4856821894645691,1.3414679765701294,1290.3958740234375
260633,100,0.54,0.05984880402684212,0.5669251084327698,7.299682140350342,600.5576782226562
260634,100,0.39,-0.025751642882823944,0.5048361420631409,4.848847389221191,1277.796142578125
260635,100,0.49,-0.13447639346122742,0.5618348717689514,3.3922483921051025,101.88818359375
260636,78,0.4230769230769231,0.019506709650158882,0.5366804003715515,4.583829402923584,1181.1826171875
260637,100,0.48,0.1049383357167244,0.5403652191162109,11.8751220703125,932.656982421875
260638,25,0.48,0.14219190180301666,0.5488380193710327,4.862572193145752,2109.763427734375
260639,100,0.56,0.1029110923409462,0.5717276334762573,20.37041473388672,1885.375732421875
260640,100,0.47,0.11252496391534805,0.5131930112838745,15.364392280578613,515.6766967773438
260641,100,0.51,-0.00920181069523096,0.5098212957382202,4.774324893951416,173.3341064453125
260642,100,0.53,-0.0004890819545835257,0.5761936902999878,5.003805160522461,1412.15234375
260643,100,0.47,0.020975086838006973,0.5041971802711487,9.115375518798828,1053.912353515625
260644,100,0.51,0.09263559430837631,0.5814839005470276,8.6718111038208,1402.231201171875
260645,100,0.55,0.07717303186655045,0.44032979011535645,16.04865837097168,1099.4576416015625
260646,100,0.53,-0.033517591655254364,0.5307848453521729,4.872554302215576,1181.4609375
260647,65,0.5230769230769231,0.08200360089540482,0.4944790303707123,12.447938919067383,2022.876708984375
260648,35,0.2857142857142857,0.10943920910358429,0.5319182276725769,2.8945558071136475,1027.18212890625
260649,39,0.5641025641025641,0.1117720901966095,0.4394620954990387,9.372271537780762,1166.7039794921875
260650,100,0.39,-0.13732831180095673,0.5128231644630432,1.6861047744750977,652.7721557617188
260651,63,0.42857142857142855,0.1056092381477356,0.535045862197876,9.486807823181152,1321.4654541015625
260652,100,0.53,0.05908074975013733,0.49267879128456116,12.72374153137207,906.9251708984375
260653,100,0.5,-0.020072946324944496,0.48571181297302246,7.540623664855957,1095.2703857421875
260654,100,0.4,-0.1200079470872879,0.5213211178779602,2.6348042488098145,1017.5148315429688
260655,55,0.4,0.11777680367231369,0.5715983510017395,5.086482524871826,1137.1143798828125
260656,100,0.4,0.05458966642618179,0.5357887744903564,9.145208358764648,441.9833984375
260657,83,0.5301204819277109,0.06977954506874084,0.4994180202484131,16.171886444091797,629.1316528320312
260658,48,0.4791666666666667,0.1431650072336197,0.4830782413482666,8.205355644226074,988.79638671875
260659,14,0.5,0.2108938992023468,0.5385364890098572,5.301052570343018,655.513671875
260660,100,0.4,0.009717750363051891,0.4829693138599396,8.675909996032715,869.1051635742188
260661,84,0.44047619047619047,0.07648438215255737,0.5007535815238953,8.325519561767578,959.286376953125
260662,100,0.54,-0.08919300138950348,0.4899381995201111,3.058429718017578,852.3568115234375
260663,99,0.5252525252525253,0.08152221888303757,0.5615363717079163,9.82714557647705,1011.9725341796875
260664,100,0.49,-0.15135957300662994,0.510229229927063,2.0787487030029297,371.5362854003906
260665,100,0.57,-0.10761981457471848,0.48202115297317505,2.6216726303100586,1466.242919921875
260666,100,0.46,-0.030739007517695427,0.5005943775177002,5.316584587097168,1365.4981689453125
260667,100,0.47,-0.055404987186193466,0.3984447419643402,3.1912009716033936,1492.436767578125
260668,100,0.41,0.006859166081994772,0.43874046206474304,6.610173225402832,1290.5146484375
260669,100,0.51,-0.01250682957470417,0.5110670328140259,6.287255764007568,978.5835571289062
260670,76,0.5,0.19485540688037872,0.5864237546920776,12.309488296508789,1528.2728271484375
260671,100,0.56,0.07325009256601334,0.5376163125038147,12.300687789916992,655.9254760742188
260672,100,0.57,-0.08924093842506409,0.4396669268608093,6.882596969604492,707.84033203125
260673,100,0.53,0.07582023739814758,0.5540165305137634,11.614667892456055,1154.4544677734375
260674,100,0.51,0.007836025208234787,0.5013405680656433,10.225933074951172,994.056884765625
260675,98,0.41836734693877553,0.05893120542168617,0.5446985960006714,5.259451866149902,1821.16064453125
260676,32,0.5625,0.2211378514766693,0.5735716223716736,10.104021072387695,1188.45947265625
260677,100,0.46,0.014507816173136234,0.47127342224121094,5.129189491271973,1536.5169677734375
260678,100,0.48,0.01065576821565628,0.506048321723938,3.7879884243011475,1078.5584716796875
260679,100,0.53,-0.17121075093746185,0.6283599734306335,1.819272518157959,665.0001831054688
260680,31,0.4838709677419355,0.32298213243484497,0.4164317846298218,6.899019718170166,1257.281005859375
260681,100,0.54,0.08154047280550003,0.45673826336860657,9.022111892700195,392.52569580078125
260682,100,0.46,-0.046658702194690704,0.5517815947532654,3.3518500328063965,1048.4266357421875
260683,100,0.55,-0.06539455056190491,0.5783328413963318,6.822090148925781,1492.96044921875
260684,51,0.6078431372549019,0.041763342916965485,0.5472925901412964,4.353894233703613,683.7661743164062
260685,100,0.57,0.022452978417277336,0.5086195468902588,6.228486061096191,907.5526123046875
260686,100,0.54,-0.027219073846936226,0.519264817237854,5.74896764755249,837.6912231445312
260687,80,0.475,-0.035544149577617645,0.5820172429084778,1.4052464962005615,1327.0699462890625
260688,100,0.46,-0.10042953491210938,0.502885103225708,3.3884201049804688,1362.0869140625
260689,100,0.44,-0.10735828429460526,0.5126071572303772,2.1438894271850586,369.6858825683594
260690,100,0.56,0.007341057062149048,0.5837242603302002,6.020514011383057,120.88414001464844
260691,100,0.41,0.026301918551325798,0.5277483463287354,7.907749176025391,317.4422912597656
260692,100,0.53,0.01827804371714592,0.5195508003234863,5.079873085021973,1367.686767578125
260693,100,0.52,-0.025080103427171707,0.4871421754360199,6.2109222412109375,791.2764892578125
260694,100,0.52,-0.1089397519826889,0.48145246505737305,2.7199313640594482,647.0195922851562
260695,39,0.28205128205128205,-0.0010764870094135404,0.4783676564693451,0.9894723892211914,997.5491333007812
260696,67,0.582089552238806,0.210337296128273,0.4826781749725342,19.636232376098633,1814.6197509765625
260697,100,0.49,0.027557825669646263,0.5009468197822571,10.588112831115723,1751.166748046875
260698,15,0.4,0.7301759123802185,0.5897738933563232,9.296342849731445,489.5080261230469
260699,50,0.5,0.06800244003534317,0.5309168100357056,7.174130916595459,1368.1998291015625
260700,85,0.5882352941176471,0.020042505115270615,0.4651365578174591,10.410882949829102,1811.10498046875
260701,95,0.47368421052631576,0.05246497318148613,0.4469621181488037,9.384013175964355,1034.5213623046875
260702,100,0.53,-0.04176099970936775,0.5151521563529968,4.10029935836792,1059.97900390625
260703,100,0.47,0.025538185611367226,0.5765721201896667,5.76711893081665,734.4228515625
260704,100,0.5,-0.02227471023797989,0.5123406052589417,9.308262825012207,676.7846069335938
260705,100,0.51,0.08286744356155396,0.5050157904624939,12.728227615356445,593.6785888671875
260706,100,0.57,-0.011286661028862,0.5352041721343994,6.915946006774902,513.4078369140625
260707,100,0.52,-0.16392070055007935,0.49266114830970764,2.0655298233032227,698.8849487304688
260708,100,0.48,-0.060265447944402695,0.5435707569122314,3.965838670730591,961.8851928710938
260709,100,0.52,0.030420707538723946,0.45550188422203064,5.4109015464782715,730.0623779296875
260710,100,0.58,-0.09463971853256226,0.5584296584129333,2.7317054271698,1128.5128173828125
260711,100,0.56,-0.008861283771693707,0.5645870566368103,6.212076187133789,830.9580078125
260712,100,0.53,-0.048951394855976105,0.5139492750167847,3.795759439468384,483.7625427246094
260713,30,0.4666666666666667,0.2626481354236603,0.47184520959854126,6.108951568603516,1259.912353515625
260714,100,0.47,0.08914584666490555,0.5286250710487366,10.047344207763672,313.043701171875
260715,100,0.53,-0.04604383558034897,0.577858030796051,3.8424811363220215,824.4613647460938
260716,70,0.5285714285714286,0.09640666097402573,0.48456498980522156,17.984025955200195,1826.536865234375
260717,100,0.45,-0.056477732956409454,0.5040342807769775,2.4098548889160156,665.7222290039062
260718,27,0.5925925925925926,-0.18324361741542816,0.5021246671676636,0.9681824445724487,509.8359069824219
260719,100,0.46,0.01760890893638134,0.5712161660194397,6.41520881652832,387.0347595214844
260720,100,0.43,-0.15663596987724304,0.5047328472137451,2.619870901107788,568.8876342773438
260721,42,0.5476190476190477,0.0535738579928875,0.4962635934352875,4.893930435180664,1508.33544921875
260722,100,0.42,0.09337086230516434,0.5017905235290527,12.375303268432617,498.4527893066406
260723,100,0.45,-0.04208751395344734,0.5581039190292358,4.179615020751953,1488.294921875
260724,100,0.49,-0.10150623321533203,0.5269083380699158,3.1952409744262695,1000.7453002929688
260725,50,0.46,-0.03691000118851662,0.534246563911438,5.781290054321289,1236.3052978515625
260726,100,0.51,0.023651862516999245,0.4861370921134949,7.164806365966797,827.2279663085938
260727,100,0.47,-0.07627395540475845,0.5315426588058472,3.7930245399475098,1032.140380859375
260728,100,0.53,-0.06547233462333679,0.5976817011833191,4.384195327758789,1313.2030029296875
260729,80,0.5125,-0.04323478415608406,0.5714313983917236,5.013383388519287,528.8138427734375
260730,100,0.57,-0.043414995074272156,0.5004313588142395,5.272733688354492,743.3108520507812
260731,100,0.51,-0.054944977164268494,0.4782406985759735,2.975210666656494,388.96368408203125
260732,10,0.7,0.1494383066892624,0.6024507284164429,2.321119785308838,763.0792846679688
260733,100,0.55,0.008339175023138523,0.5459710359573364,6.24472188949585,901.0119018554688
260734,100,0.61,0.09477683901786804,0.544812798500061,7.229507923126221,1609.1190185546875
260735,100,0.55,0.06896480917930603,0.5829882025718689,12.47494888305664,839.0421752929688
260736,100,0.51,0.015555117279291153,0.5858421921730042,7.946225166320801,393.258544921875
260737,100,0.48,-0.04921428859233856,0.4128694534301758,5.954403877258301,384.15802001953125
260738,52,0.5961538461538461,0.1467689424753189,0.44371476769447327,14.711333274841309,1723.896240234375
260739,100,0.49,-0.06591705232858658,0.44400733709335327,4.861694812774658,1381.609619140625
260740,100,0.62,-0.07085268199443817,0.5514175891876221,4.802087306976318,1505.9705810546875
260741,54,0.5185185185185185,0.12812599539756775,0.4598971903324127,6.646452903747559,1309.4932861328125
260742,100,0.47,0.0631483644247055,0.5402586460113525,8.961668014526367,1509.8076171875
260743,100,0.49,0.061323054134845734,0.4489271938800812,9.997396469116211,1110.6824951171875
260744,100,0.46,0.15450012683868408,0.49236270785331726,21.09018898010254,1599.593017578125
260745,76,0.4473684210526316,-0.10089506953954697,0.4635436236858368,2.688889980316162,1454.2919921875
260746,62,0.5483870967741935,0.022125115618109703,0.5193405747413635,3.533740282058716,1828.0870361328125
260747,100,0.49,-0.16493238508701324,0.4225761890411377,1.3936446905136108,1508.904296875
260748,100,0.47,-0.0040345811285078526,0.5405654907226562,3.401607036590576,1003.2313842773438
260749,100,0.44,-0.0821324810385704,0.5725275278091431,1.7569279670715332,1225.3536376953125
260750,24,0.4166666666666667,0.47962886095046997,0.5199750065803528,10.316707611083984,994.7501831054688
260751,100,0.47,0.008381892926990986,0.5213541984558105,3.337315320968628,739.1840209960938
260752,100,0.44,-0.0932423323392868,0.5190213918685913,3.9625728130340576,613.0870971679688
260753,100,0.47,0.05535352975130081,0.5018770694732666,9.131625175476074,877.869873046875
260754,100,0.48,-0.1405424028635025,0.5137286186218262,2.4920806884765625,840.53369140625
260755,100,0.45,-0.006396924145519733,0.49881380796432495,6.754791736602783,373.2967529296875
260756,100,0.47,-0.06009117513895035,0.48174557089805603,4.207880973815918,477.06103515625
260757,100,0.43,0.04467608034610748,0.487915575504303,6.051209926605225,389.0263366699219
260758,100,0.51,-0.09459385275840759,0.4732358753681183,6.730617523193359,1738.40380859375
260759,100,0.46,0.14823924005031586,0.560693085193634,18.58527374267578,1170.32080078125
260760,100,0.53,-0.0225698109716177,0.5208263993263245,5.322601795196533,1118.759521484375
260761,100,0.35,0.07168249785900116,0.5597019195556641,8.287189483642578,722.7567749023438
260762,100,0.5,-0.06938861310482025,0.5869400501251221,5.848010540008545,1651.01953125
260763,100,0.49,-0.0975172370672226,0.4689144790172577,1.8640424013137817,634.7769165039062
260764,100,0.53,0.10936576873064041,0.5202061533927917,10.80785846710205,857.6494750976562
260765,100,0.5,0.07551955431699753,0.5012816786766052,10.446751594543457,1427.651611328125
260766,100,0.58,-0.03427347540855408,0.47160080075263977,9.53384780883789,1417.08740234375
260767,100,0.47,-0.006717816460877657,0.544226348400116,9.6718111038208,970.9762573242188
260768,100,0.5,0.07129940390586853,0.5043386220932007,7.542158603668213,1224.500732421875
260769,33,0.6666666666666666,0.09595856070518494,0.5237107276916504,10.822366714477539,1818.1177978515625
260770,100,0.52,-0.07581669092178345,0.4742797911167145,1.9941248893737793,1220.750732421875
260771,46,0.391304347826087,-0.0962497815489769,0.509285569190979,2.2332520484924316,695.0492553710938
260772,100,0.51,0.039084941148757935,0.5163836479187012,8.269725799560547,1547.91064453125
260773,100,0.46,0.08823408931493759,0.4432951509952545,10.903298377990723,858.0045166015625
260774,100,0.47,-0.1167227253317833,0.4821006953716278,4.3565673828125,791.6157836914062
260775,95,0.5157894736842106,-0.016453120857477188,0.5625849962234497,6.721391201019287,1680.78564453125
260776,100,0.52,-0.03977791965007782,0.41203615069389343,4.348110198974609,1334.479248046875
260777,100,0.54,-0.05188877508044243,0.6036670804023743,5.474342346191406,786.4639892578125
260778,41,0.43902439024390244,0.13550585508346558,0.5415381789207458,5.612025260925293,1423.4359130859375
260779,100,0.55,0.12440277636051178,0.5430564284324646,11.14930248260498,612.2921752929688
260780,100,0.5,0.00028513430152088404,0.4933798313140869,5.736347675323486,920.5054321289062
260781,100,0.55,0.01788530871272087,0.5012076497077942,9.300704956054688,1702.7176513671875
260782,71,0.4647887323943662,-0.020585374906659126,0.6153771281242371,4.044099807739258,1550.4454345703125
260783,66,0.5303030303030303,0.13401705026626587,0.529769778251648,10.100788116455078,820.114013671875
260784,35,0.6,0.09125358611345291,0.48004165291786194,6.063675880432129,1046.9466552734375
260785,100,0.45,-0.1304139494895935,0.4958511292934418,1.9424753189086914,651.162841796875
260786,100,0.48,-0.02406996488571167,0.5547606348991394,4.3208818435668945,1597.072998046875
260787,100,0.5,-0.0878504067659378,0.48617175221443176,2.8507304191589355,879.8551635742188
260788,23,0.6086956521739131,0.15028007328510284,0.5194787979125977,4.978973388671875,831.24658203125
260789,100,0.53,-0.03847859054803848,0.5225090384483337,8.65839958190918,1715.7850341796875
260790,77,0.5454545454545454,0.030365807935595512,0.42724642157554626,11.231731414794922,1067.724853515625
260791,100,0.5,-0.010105456225574017,0.5156019926071167,4.106822490692139,398.249267578125
260792,100,0.52,-0.06028296798467636,0.5882591605186462,2.8745052814483643,983.1289672851562
260793,100,0.47,0.05973609536886215,0.5566959977149963,10.44416332244873,1749.2764892578125
260794,100,0.53,0.07765703648328781,0.46167847514152527,10.253037452697754,977.4973754882812
260795,100,0.52,-0.028137434273958206,0.5696632266044617,4.1540985107421875,1147.9146728515625
260796,100,0.51,0.06865832954645157,0.511877179145813,18.15011215209961,545.20263671875
260797,100,0.44,-0.13097161054611206,0.5189794301986694,1.854990839958191,559.6923828125
260798,100,0.56,0.018023405224084854,0.5462542176246643,6.129642963409424,817.8198852539062
260799,100,0.43,0.08524062484502792,0.5049158334732056,12.170291900634766,1284.213134765625
260800,100,0.44,0.042097412049770355,0.5762152075767517,15.331704139709473,931.5328369140625
260801,100,0.46,-0.021442802622914314,0.5162244439125061,5.348171234130859,1185.487060546875
260802,100,0.47,-0.04487134888768196,0.4872756600379944,2.507509708404541,169.5639190673828
260803,100,0.46,0.09209400415420532,0.594782292842865,8.716680526733398,724.969970703125
260804,100,0.49,0.0664307102560997,0.5779839754104614,7.219448089599609,516.53466796875
260805,8,0.25,0.000661998987197876,0.6842286586761475,0.26621660590171814,780.2386474609375
260806,100,0.51,0.10811266303062439,0.5267672538757324,8.196008682250977,965.5823364257812
260807,100,0.48,0.025577938184142113,0.5120283961296082,6.067342758178711,1545.4014892578125
260808,100,0.43,-0.11698019504547119,0.4887373447418213,1.811546802520752,905.48486328125
260809,100,0.49,-0.019014043733477592,0.43630221486091614,8.449409484863281,346.3005065917969
260810,67,0.4626865671641791,0.07371215522289276,0.5455253720283508,9.403109550476074,1006.509765625
260811,100,0.47,-0.06583692878484726,0.46497365832328796,4.527742385864258,641.7888793945312
260812,100,0.5,0.014060098677873611,0.5343406796455383,8.709941864013672,828.4910278320312
260813,73,0.5342465753424658,0.08414046466350555,0.42815354466438293,11.776434898376465,1524.8880615234375
260814,100,0.46,-0.017092902213335037,0.47134384512901306,6.5509867668151855,933.8212890625
260815,100,0.55,0.018945759162306786,0.4803219735622406,5.392923355102539,961.76904296875
260816,100,0.49,0.00383171858265996,0.6053875684738159,6.898374080657959,221.69891357421875
260817,100,0.54,0.025422418490052223,0.515388011932373,7.042102336883545,249.27789306640625
260818,100,0.55,-0.06952202320098877,0.5284654498100281,8.20708179473877,1017.9803466796875
260819,100,0.5,-0.012504464015364647,0.4997042119503021,5.688899993896484,1175.387939453125
260820,87,0.42528735632183906,0.05717555433511734,0.5349262356758118,9.580864906311035,1514.5960693359375
260821,100,0.5,-0.007088518235832453,0.5079173445701599,4.535301685333252,1539.790771484375
260822,100,0.39,-0.013002938590943813,0.5185230374336243,10.157675743103027,451.5833740234375
260823,100,0.5,-0.19615072011947632,0.4029182195663452,1.6500858068466187,1185.198974609375
260824,100,0.58,0.015493961051106453,0.46452635526657104,3.354846954345703,755.736328125
260825,100,0.58,-0.022467415779829025,0.565142035484314,3.4560391902923584,1566.9080810546875
260826,43,0.5813953488372093,0.14064162969589233,0.5329729914665222,11.105093955993652,1174.537841796875
260827,100,0.57,0.011076990514993668,0.5066002011299133,7.75947380065918,1004.482177734375
260828,100,0.42,-0.142918199300766,0.5559196472167969,1.579837441444397,1116.1031494140625
260829,52,0.4807692307692308,-0.10990005731582642,0.578832745552063,2.219341993331909,1238.7286376953125
260830,100,0.53,0.015090248547494411,0.4496164917945862,7.2030768394470215,482.21075439453125
260831,100,0.56,-0.084285207092762,0.4553593695163727,3.528376817703247,407.797119140625
260832,100,0.56,0.06970647722482681,0.5174084305763245,8.87848949432373,687.8034057617188
260833,100,0.47,-0.02029615454375744,0.5255212187767029,5.232761383056641,812.2531127929688
260834,100,0.44,-0.017632054165005684,0.5287685990333557,4.114189624786377,821.5098266601562
260835,100,0.51,0.08956921100616455,0.5194866061210632,16.58285903930664,1097.240234375
260836,33,0.696969696969697,0.16676683723926544,0.6528035402297974,8.9303560256958,678.2587280273438
260837,100,0.49,0.0017742982599884272,0.4310486316680908,9.157185554504395,946.7799072265625
260838,100,0.45,-0.039240773767232895,0.5530787110328674,4.780169486999512,914.6793823242188
260839,100,0.51,-0.05259261280298233,0.5398416519165039,3.1159307956695557,525.4935913085938
260840,97,0.422680412371134,0.09084239602088928,0.5799086689949036,12.140336036682129,1304.150146484375
260841,100,0.53,-0.05513060837984085,0.4873109459877014,7.164700508117676,1219.036865234375
260842,100,0.46,-0.003867858089506626,0.5888636112213135,10.7987699508667,1425.518310546875
260843,100,0.45,-0.06752404570579529,0.5465691089630127,2.732492685317993,1447.227294921875
260844,100,0.56,-0.006493317428976297,0.5508024096488953,10.224013328552246,689.1275024414062
260845,100,0.38,-0.011460467241704464,0.5391727685928345,5.749650478363037,858.4539794921875
260846,100,0.51,0.01767002046108246,0.5194616317749023,5.752284049987793,1404.4832763671875
260847,22,0.5,0.18826085329055786,0.5213286876678467,4.971742153167725,326.7226867675781
260848,24,0.5,0.16410692036151886,0.5995069146156311,5.674233913421631,1348.862548828125
260849,100,0.45,0.1435190588235855,0.5353610515594482,12.909645080566406,1154.4649658203125
260850,100,0.45,0.11201272904872894,0.524630606174469,11.595656394958496,1252.9306640625
260851,100,0.44,-0.017554519698023796,0.5531424283981323,5.032641410827637,402.43084716796875
260852,100,0.54,-0.021076466888189316,0.525825023651123,3.460345983505249,1008.4751586914062
260853,100,0.59,-0.07705192267894745,0.6077276468276978,4.679252624511719,1074.4412841796875
260854,100,0.45,-0.00010186168947257102,0.5680506825447083,5.378320217132568,363.57965087890625
260855,80,0.4625,-0.010884365066885948,0.6145449876785278,3.1469480991363525,1102.4439697265625
260856,100,0.37,0.0646873414516449,0.46375054121017456,5.222017288208008,651.9676513671875
260857,100,0.44,-0.15435463190078735,0.5484189987182617,1.809902548789978,1045.1654052734375
260858,100,0.47,-0.014716229401528835,0.4500080943107605,5.344934940338135,744.0703125
260859,100,0.51,0.09287437796592712,0.5426835417747498,15.139324188232422,1669.3714599609375
260860,100,0.55,0.02356170304119587,0.44768959283828735,9.099452018737793,1154.9874267578125
260861,100,0.61,-0.030207207426428795,0.4628266990184784,7.395358085632324,1587.2532958984375
260862,100,0.6,-0.18432508409023285,0.4838322699069977,2.48598313331604,807.7557373046875
260863,100,0.54,-0.07418985664844513,0.5566442608833313,2.166499376296997,404.57305908203125
260864,100,0.48,0.04360232874751091,0.47368982434272766,12.25489616394043,1786.25830078125
260865,100,0.6,0.03541998565196991,0.4978708326816559,6.819983005523682,1357.8250732421875
260866,100,0.51,0.0004989014123566449,0.578376293182373,8.769159317016602,417.93743896484375
260867,100,0.46,-0.04483221471309662,0.5486876368522644,3.9679038524627686,1423.6756591796875
260868,100,0.47,0.08085018396377563,0.4422643780708313,13.09621524810791,821.730224609375
260869,100,0.46,-0.07939322292804718,0.5472593307495117,4.9789628982543945,1469.1007080078125
260870,76,0.4605263157894737,0.14233067631721497,0.478370726108551,9.2108736038208,1613.712890625
260871,88,0.5909090909090909,0.058361053466796875,0.538116455078125,7.986138820648193,1204.1651611328125
260872,60,0.6,0.026071790605783463,0.5208829045295715,7.409010887145996,788.7155151367188
260873,56,0.48214285714285715,0.08710670471191406,0.4953184425830841,7.802108287811279,1620.32080078125
260874,59,0.559322033898305,0.024719901382923126,0.5832363367080688,5.209982395172119,1600.751220703125
260875,95,0.5052631578947369,0.14345718920230865,0.5387800931930542,23.36496925354004,2079.452880859375
260876,100,0.43,0.08217515051364899,0.5034116506576538,7.745616436004639,1155.65380859375
260877,100,0.52,0.1272580772638321,0.5245181918144226,12.518160820007324,1353.545166015625
260878,61,0.4426229508196721,0.15965178608894348,0.5463017821311951,8.01030158996582,661.410888671875
260879,100,0.49,-0.04601478949189186,0.5060281753540039,3.9532663822174072,1279.0865478515625
260880,100,0.46,0.06260310858488083,0.5619099140167236,9.05984878540039,773.7359008789062
260881,100,0.53,-0.05009851232171059,0.5687556266784668,5.195759296417236,1373.602294921875
260882,100,0.45,-0.16353556513786316,0.49213889241218567,1.9721378087997437,979.9329833984375
260883,58,0.41379310344827586,0.0854823961853981,0.5254298448562622,5.804221153259277,1138.4281005859375
260884,68,0.45588235294117646,0.16233177483081818,0.5304235219955444,9.01147174835205,1729.3121337890625
260885,82,0.5121951219512195,0.040958330035209656,0.4884251654148102,10.745942115783691,1282.7364501953125
260886,100,0.48,-0.05308555066585541,0.4863679111003876,3.2059454917907715,880.0421752929688
260887,100,0.43,-0.21119526028633118,0.452552855014801,0.7649452090263367,510.6800231933594
260888,100,0.55,0.021979769691824913,0.4982813894748688,9.199036598205566,886.7952270507812
260889,100,0.5,-0.18344488739967346,0.5337504148483276,1.6931158304214478,898.21875
260890,31,0.4838709677419355,0.2150263786315918,0.6378786563873291,9.101219177246094,1612.9144287109375
260891,100,0.47,-0.07294638454914093,0.5001117587089539,3.1572320461273193,1696.782958984375
260892,100,0.52,0.049507346004247665,0.5162732005119324,7.278512001037598,900.8759765625
260893,100,0.57,-0.038641490042209625,0.4816484749317169,4.720629692077637,1391.2742919921875
260894,100,0.38,-0.06687048822641373,0.4822532832622528,2.9884636402130127,1494.222900390625
260895,100,0.58,-0.0806519165635109,0.5663723945617676,2.4974536895751953,1039.4124755859375
260896,100,0.45,-0.03940150514245033,0.565601646900177,5.075516223907471,1284.7779541015625
260897,58,0.46551724137931033,0.06476876139640808,0.5225686430931091,6.38599967956543,915.4042358398438
260898,100,0.57,-0.0146412318572402,0.5174514651298523,4.857395172119141,1170.96044921875
260899,100,0.53,-0.014537356793880463,0.5133352279663086,5.008347034454346,1297.1209716796875
260900,100,0.46,-0.2025466114282608,0.46989309787750244,1.3503131866455078,600.7992553710938
260901,100,0.47,0.06369180977344513,0.5008915066719055,6.911966323852539,1227.115234375
260902,66,0.5,0.25709202885627747,0.4735788106918335,21.41902732849121,1549.0853271484375
260903,100,0.57,0.000893362273927778,0.4714105725288391,5.4112701416015625,1262.7078857421875
260904,100,0.51,-0.07994130253791809,0.5493409633636475,2.6218361854553223,1428.1534423828125
260905,100,0.42,-0.0052360123954713345,0.4577220678329468,6.508937835693359,559.1736450195312
260906,43,0.4186046511627907,0.2958652973175049,0.595015287399292,8.85090160369873,1718.7171630859375
260907,60,0.5833333333333334,0.027953291311860085,0.5055608749389648,5.536155700683594,997.195556640625
260908,100,0.61,0.11842270195484161,0.5417916178703308,15.289568901062012,1103.0335693359375
260909,100,0.52,-0.020182128995656967,0.47957995533943176,3.6146252155303955,1336.726318359375
260910,100,0.54,0.08512934297323227,0.5714073181152344,14.491168975830078,609.8220825195312
260911,100,0.45,-0.014765906147658825,0.5409789681434631,4.128886699676514,792.9112548828125
260912,100,0.63,0.03215791657567024,0.5973303914070129,5.836825847625732,317.8276062011719
260913,31,0.5806451612903226,0.2582261860370636,0.4775232970714569,9.498608589172363,1007.7691040039062
260914,100,0.5,-0.019802218303084373,0.552809476852417,3.571850061416626,533.0213012695312
260915,52,0.40384615384615385,0.21145938336849213,0.5399523973464966,10.06120491027832,1137.357177734375
260916,100,0.44,0.0520208366215229,0.48768356442451477,6.304563045501709,898.9588012695312
260917,100,0.49,-0.06395513564348221,0.5448487997055054,3.139556646347046,542.6151123046875
260918,100,0.49,-0.012554144486784935,0.4743812084197998,5.880457401275635,1171.6551513671875
260919,100,0.44,-0.07412951439619064,0.4968115985393524,2.869635820388794,652.2329711914062
260920,100,0.42,0.09528075158596039,0.5347813367843628,10.773662567138672,1363.5863037109375
260921,100,0.49,0.13742992281913757,0.5362152457237244,18.942365646362305,1774.694091796875
260922,100,0.58,0.02343265525996685,0.5017850399017334,8.828197479248047,1709.6300048828125
260923,100,0.46,0.0692276880145073,0.5003426671028137,6.7186079025268555,1050.544189453125
260924,100,0.49,0.07218975573778152,0.49707749485969543,6.214252948760986,1471.4444580078125
260925,9,0.4444444444444444,0.20145133137702942,0.41239580512046814,2.497462749481201,1526.704345703125
260926,100,0.57,0.07798585295677185,0.5248006582260132,12.87022876739502,1698.4659423828125
260927,100,0.54,-0.061207059770822525,0.49449774622917175,8.521979331970215,1494.5958251953125
260928,13,0.5384615384615384,0.29359006881713867,0.4668172597885132,4.9903764724731445,257.3075866699219
260929,100,0.45,-0.191001757979393,0.5612472891807556,2.577676296234131,1550.2454833984375
260930,100,0.54,-0.07922763377428055,0.48017042875289917,2.0742242336273193,635.2262573242188
260931,100,0.44,-0.03713248670101166,0.5714205503463745,4.670640468597412,1280.549560546875
260932,64,0.546875,0.14332710206508636,0.4419824779033661,16.99359130859375,432.7594909667969
260933,100,0.58,0.05001933500170708,0.5487484335899353,10.137510299682617,286.3693542480469
260934,100,0.5,0.05634583160281181,0.5108214020729065,12.949075698852539,1788.825439453125
260935,100,0.45,-0.06794240325689316,0.5147408843040466,2.3063454627990723,1151.6783447265625
260936,100,0.61,0.025338180363178253,0.46993714570999146,6.950242519378662,1220.9630126953125
260937,100,0.4,0.0016383767360821366,0.4441913962364197,3.341731309890747,1176.9278564453125
260938,100,0.48,0.04423489049077034,0.5136692523956299,8.292211532592773,1008.4004516601562
260939,100,0.46,-0.12064806371927261,0.5355014204978943,3.475149393081665,1145.080810546875
260940,100,0.48,0.1581576019525528,0.4871072769165039,18.350650787353516,1377.393310546875
260941,63,0.5873015873015873,0.06867853552103043,0.5143247842788696,9.4725980758667,1529.5706787109375
260942,100,0.55,0.022561777383089066,0.5455743670463562,13.3691987991333,1309.026123046875
260943,100,0.51,0.010937763378024101,0.46734288334846497,7.110464572906494,1122.6868896484375
260944,63,0.47619047619047616,0.11271402984857559,0.4534287452697754,8.02955150604248,1323.525634765625
260945,100,0.56,-0.034979287534952164,0.5033997893333435,6.956131458282471,1050.892333984375
260946,37,0.5135135135135135,0.05692466348409653,0.5717580318450928,3.7885079383850098,1203.711181640625
260947,100,0.55,-0.0061270021833479404,0.5049412846565247,5.406894683837891,306.6042785644531
260948,100,0.52,-0.0816807895898819,0.4954470098018646,3.4924697875976562,200.30474853515625
260949,100,0.42,0.18126417696475983,0.5313789248466492,15.777172088623047,693.3412475585938
260950,100,0.53,0.08577070385217667,0.4685225486755371,15.462175369262695,738.8184814453125
260951,73,0.5205479452054794,0.15124475955963135,0.5223594903945923,13.865415573120117,749.4142456054688
260952,100,0.58,0.026421090587973595,0.43714550137519836,7.298920154571533,391.58807373046875
260953,100,0.6,-0.0899205207824707,0.562591552734375,4.1140031814575195,1067.75634765625
260954,100,0.47,-0.04180941358208656,0.4692699611186981,3.069354772567749,799.0745239257812
260955,100,0.59,-0.017274169251322746,0.5608817338943481,6.566014289855957,1413.2987060546875
260956,100,0.47,-0.08884956687688828,0.5272703170776367,4.210944175720215,1108.191162109375
260957,100,0.38,0.09795153141021729,0.5063068270683289,15.655686378479004,831.95556640625
260958,100,0.57,-0.050494011491537094,0.5017430782318115,4.917194366455078,1870.7711181640625
260959,100,0.6,-0.0016223440179601312,0.5684376358985901,3.7334117889404297,1265.556396484375
260960,100,0.58,0.0049250866286456585,0.5399829149246216,8.35749340057373,561.3394165039062
260961,100,0.47,-0.08173881471157074,0.4739099442958832,2.991806983947754,263.6654357910156
260962,100,0.53,-0.10743391513824463,0.5396128296852112,5.106928825378418,903.8291625976562
260963,100,0.43,-0.0089240912348032,0.5481794476509094,4.649892807006836,1140.3865966796875
260964,100,0.59,0.1279899775981903,0.49069544672966003,24.86705780029297,561.8544311523438
260965,8,0.625,-0.13448677957057953,0.8246853351593018,1.2572988271713257,1016.4319458007812
260966,100,0.55,-0.15123477578163147,0.5146920680999756,1.0448490381240845,488.5078430175781
260967,42,0.5476190476190477,0.14257904887199402,0.5103351473808289,6.515975475311279,1010.3623657226562
260968,100,0.53,0.018905458971858025,0.5512758493423462,10.368485450744629,837.8375244140625
260969,100,0.56,0.03931913152337074,0.46456530690193176,10.22700023651123,1055.9395751953125
260970,100,0.52,-0.007661368232220411,0.4882844388484955,9.331624984741211,1363.4808349609375
260971,100,0.44,-0.049505893141031265,0.5420311093330383,5.106956481933594,1028.48193359375
260972,100,0.49,-0.10966786742210388,0.5335323214530945,2.3895881175994873,450.7863464355469
260973,100,0.48,-0.14605359733104706,0.5575768351554871,2.302194356918335,702.0556640625
260974,100,0.56,0.05441662296652794,0.5248076915740967,8.50345230102539,632.2694091796875
260975,100,0.56,0.09046174585819244,0.5949789881706238,16.832857131958008,675.41748046875
260976,100,0.52,-0.051182035356760025,0.4940246045589447,4.4107232093811035,314.5957946777344
260977,100,0.5,-0.10441984236240387,0.5351500511169434,2.4949302673339844,691.3666381835938
260978,100,0.49,-0.04015925154089928,0.48166653513908386,2.240978479385376,279.52862548828125
260979,100,0.58,0.007676742039620876,0.45102715492248535,4.844608783721924,1090.00732421875
260980,100,0.56,0.031139185652136803,0.5254099369049072,5.03042459487915,698.3605346679688
260981,100,0.56,-0.05411883071064949,0.50556480884552,5.859762191772461,419.80316162109375
260982,12,0.6666666666666666,0.13676299154758453,0.6582117676734924,2.9984002113342285,824.1528930664062
260983,97,0.44329896907216493,0.11734122037887573,0.4279845952987671,17.15749168395996,1980.89404296875
260984,100,0.45,0.14747411012649536,0.510945200920105,14.266755104064941,533.3189086914062
260985,100,0.52,-0.03879224881529808,0.48039427399635315,3.747767925262451,241.64016723632812
260986,100,0.46,-0.009295015595853329,0.5594838261604309,3.0867438316345215,921.4352416992188
260987,100,0.54,-0.0944124385714531,0.5273479223251343,2.915644645690918,1089.1728515625
260988,67,0.4925373134328358,0.10174140334129333,0.5884556770324707,10.773235321044922,989.3162231445312
260989,100,0.4,0.041136257350444794,0.4577360451221466,9.367112159729004,1014.7696533203125
260990,100,0.54,0.056808099150657654,0.4628937244415283,5.251616954803467,1738.2330322265625
260991,62,0.532258064516129,0.1601572036743164,0.47054439783096313,7.821471214294434,1658.065185546875
260992,62,0.41935483870967744,-0.09707613289356232,0.4840451776981354,1.247322678565979,1055.7366943359375
260993,100,0.53,-0.13607510924339294,0.4706343412399292,2.2849507331848145,634.3923950195312
260994,100,0.52,0.05268031731247902,0.4909431040287018,11.009610176086426,850.2862548828125
260995,100,0.51,0.11940652132034302,0.519940972328186,20.963008880615234,194.5364990234375
260996,100,0.54,-0.011289143934845924,0.5154618620872498,4.901912212371826,643.24365234375
260997,100,0.39,0.048659179359674454,0.5292751789093018,8.126603126525879,1062.689453125
260998,100,0.59,0.03580218926072121,0.48350897431373596,6.538339138031006,1317.9151611328125
260999,100,0.53,-0.050581254065036774,0.5149091482162476,4.320837497711182,1321.52685546875
261000,100,0.47,-0.0379965640604496,0.5189999341964722,5.76286506652832,748.0039672851562
261001,100,0.53,-0.1318548023700714,0.49348247051239014,2.6246933937072754,245.85855102539062
261002,100,0.5,0.0192490853369236,0.5372339487075806,5.344365119934082,748.020751953125
261003,54,0.46296296296296297,-0.10864004492759705,0.5596562027931213,3.198608160018921,455.8289794921875
261004,100,0.6,-0.0847596675157547,0.5211721062660217,4.420493125915527,127.65560913085938
261005,100,0.48,-0.03180468827486038,0.4900832176208496,4.582137584686279,402.5444030761719
261006,100,0.57,-0.03768215328454971,0.4638615548610687,5.014171123504639,582.9852294921875
261007,100,0.52,-0.1479707658290863,0.5151748061180115,5.037532806396484,1495.218017578125
261008,100,0.53,0.032733358442783356,0.5895715951919556,5.064269065856934,790.5584106445312
261009,100,0.45,0.16191497445106506,0.5027289390563965,9.993276596069336,1026.0694580078125
261010,100,0.53,-0.046641744673252106,0.4217901825904846,5.044099807739258,627.6755981445312
261011,40,0.575,-0.018976856023073196,0.6417365670204163,2.1199352741241455,785.8945922851562
261012,100,0.46,-0.05627121031284332,0.46746963262557983,3.7072293758392334,1016.2687377929688
261013,100,0.56,-0.09385725110769272,0.46273139119148254,2.6976540088653564,1236.06201171875
261014,16,0.5625,0.33959323167800903,0.6821123957633972,5.5828857421875,1242.22021484375
261015,11,0.45454545454545453,0.07525946199893951,0.2656020522117615,1.8235529661178589,1449.536376953125
261016,100,0.48,-0.211506649851799,0.5049668550491333,1.5639796257019043,876.8924560546875
261017,100,0.42,0.025444013997912407,0.5104932188987732,8.738906860351562,251.61549377441406
261018,100,0.64,0.0003816019743680954,0.574322521686554,8.270819664001465,1288.474853515625
261019,100,0.54,-0.016804449260234833,0.4794448912143707,6.345384120941162,1294.442626953125
261020,100,0.48,-0.016235768795013428,0.6025974154472351,10.364507675170898,375.30804443359375
261021,100,0.54,0.05510546267032623,0.5327985882759094,10.85451889038086,524.0453491210938
261022,55,0.509090909090909,0.1548679918050766,0.4747813940048218,11.09708309173584,879.674560546875
261023,100,0.56,0.038825612515211105,0.5518761277198792,7.537174701690674,1606.31103515625
261024,100,0.45,0.02436988614499569,0.5150231122970581,12.851296424865723,111.4460220336914
261025,100,0.47,-0.09155450016260147,0.5377814173698425,3.4521756172180176,418.3311462402344
261026,28,0.4642857142857143,0.28872114419937134,0.5201659202575684,8.231703758239746,1193.4669189453125
261027,100,0.51,0.0906953439116478,0.48488545417785645,10.263286590576172,540.51171875
261028,79,0.4430379746835443,-0.07324185222387314,0.46610787510871887,2.96089506149292,730.4090576171875
261029,100,0.48,0.062294960021972656,0.5377914905548096,12.641745567321777,661.5555419921875
261030,100,0.49,-0.06283251941204071,0.38114607334136963,3.2859013080596924,937.8753051757812
261031,100,0.52,-0.06951393932104111,0.5148633122444153,5.357276439666748,1327.85546875
261032,100,0.43,0.03606254979968071,0.4924165606498718,4.3633904457092285,1454.2884521484375
261033,100,0.58,0.015351660549640656,0.5159648060798645,6.892997741699219,1337.7852783203125
261034,100,0.53,-0.053316015750169754,0.5807754993438721,3.186826467514038,761.769287109375
261035,100,0.54,0.06013030558824539,0.5303438305854797,9.998183250427246,794.5590209960938
261036,100,0.44,-0.10523232817649841,0.5283406972885132,2.367511034011841,642.9373779296875
261037,100,0.49,-0.07259202748537064,0.4415299892425537,4.3021745681762695,302.35479736328125
261038,100,0.47,-0.06798012554645538,0.5323570966720581,4.685415744781494,1463.220458984375
261039,100,0.48,-0.03491953760385513,0.4768969416618347,2.6187329292297363,498.9101257324219
261040,68,0.4264705882352941,-0.0450613871216774,0.5372626781463623,5.802140235900879,540.4490356445312
261041,100,0.55,0.0006056444253772497,0.5604358911514282,4.389766693115234,1282.9561767578125
261042,100,0.51,0.17763203382492065,0.44940847158432007,18.198822021484375,705.6134033203125
261043,68,0.47058823529411764,-0.10624547302722931,0.5154139995574951,1.9357892274856567,836.5294189453125
261044,48,0.5,0.26435983180999756,0.48732784390449524,12.008492469787598,1376.114013671875
261045,100,0.53,-0.020866267383098602,0.5650173425674438,4.932869911193848,1288.8236083984375
261046,100,0.55,-0.05889468640089035,0.5556809902191162,6.504403591156006,1145.240234375
261047,80,0.525,0.2098284214735031,0.6080241203308105,20.892658233642578,1526.7469482421875
261048,100,0.49,0.06909938156604767,0.4686744511127472,13.718753814697266,1174.432373046875
261049,100,0.53,-0.10551783442497253,0.5039887428283691,3.8949244022369385,442.49822998046875
261050,100,0.4,0.021272797137498856,0.4952673017978668,10.70143985748291,869.4042358398438
261051,100,0.5,0.07892018556594849,0.5058999061584473,9.071263313293457,1089.6982421875
261052,100,0.44,-0.0594119094312191,0.49729230999946594,2.524345874786377,355.6993103027344
261053,100,0.42,-0.04865873605012894,0.5106232762336731,3.881502389907837,1700.7452392578125
261054,7,0.5714285714285714,0.1560395210981369,0.49849358201026917,2.06425404548645,1083.1019287109375
261055,100,0.46,-0.03958778828382492,0.5287657380104065,5.3079729080200195,1844.6746826171875
261056,100,0.48,0.05564308539032936,0.5330095887184143,13.09605884552002,871.1004638671875
261057,100,0.55,-0.022861335426568985,0.5272305607795715,3.1009647846221924,462.988037109375
261058,100,0.52,0.15466243028640747,0.48350170254707336,16.699480056762695,1144.5538330078125
261059,37,0.6486486486486487,-0.1806560605764389,0.46694162487983704,1.1596072912216187,1266.5462646484375
261060,100,0.44,-0.10715550929307938,0.4742007851600647,2.0238447189331055,993.49267578125
261061,100,0.39,0.0068254717625677586,0.5243938565254211,7.97937536239624,1227.6727294921875
261062,80,0.4,-0.06435754895210266,0.4589475393295288,2.105435848236084,361.7560729980469
261063,100,0.46,0.012525827623903751,0.4364522695541382,8.630778312683105,952.1504516601562
261064,100,0.5,0.08685274422168732,0.5446414351463318,10.996337890625,858.4201049804688
261065,100,0.51,-0.005440402776002884,0.5212544798851013,8.84449291229248,995.0048828125
261066,100,0.67,0.005248858127743006,0.5625337362289429,7.586067199707031,1779.98974609375
261067,92,0.532608695652174,0.05334091559052467,0.5212773084640503,10.651537895202637,1859.6666259765625
261068,100,0.43,-0.09209471940994263,0.4981202185153961,2.3570477962493896,1836.5728759765625
261069,100,0.57,0.18961310386657715,0.5147130489349365,19.52008628845215,1532.7327880859375
261070,100,0.52,0.08241932094097137,0.5347223281860352,14.022415161132812,577.9920043945312
261071,100,0.46,0.1261754333972931,0.4849563241004944,11.423563003540039,630.4144287109375
261072,100,0.45,-0.08935459703207016,0.5348658561706543,4.052229881286621,848.1731567382812
261073,100,0.5,-0.01738421991467476,0.5729420185089111,7.797952651977539,647.2960815429688
261074,100,0.57,-0.029324017465114594,0.47007298469543457,6.108043670654297,803.6890258789062
261075,100,0.43,0.02799549698829651,0.5004755258560181,8.082688331604004,1756.71337890625
261076,100,0.45,-0.1665828824043274,0.49933454394340515,1.0938383340835571,614.3922119140625
261077,100,0.44,0.17031915485858917,0.4876328110694885,15.348700523376465,1319.854248046875
261078,100,0.49,0.0018605529330670834,0.5586787462234497,13.844194412231445,792.0371704101562
261079,81,0.5185185185185185,0.15464290976524353,0.5790062546730042,14.13898754119873,490.30999755859375
261080,100,0.42,-0.047531791031360626,0.5309450626373291,3.195608377456665,1807.4049072265625
261081,100,0.39,0.00454262038692832,0.5578499436378479,8.289094924926758,591.3275146484375
261082,81,0.5308641975308642,0.07934502512216568,0.5598394870758057,5.694892883300781,1095.57568359375
261083,100,0.37,-0.045528896152973175,0.5207626819610596,9.155116081237793,908.1978149414062
261084,100,0.58,0.01375512033700943,0.5773470997810364,4.712375164031982,940.0178833007812
261085,100,0.43,-0.1347934752702713,0.5307152271270752,4.027404308319092,593.93212890625
261086,100,0.55,0.022456064820289612,0.49433189630508423,10.238842964172363,285.16937255859375
261087,100,0.48,-0.0869767889380455,0.510887086391449,2.8652565479278564,572.1353149414062
261088,100,0.53,-0.10263480991125107,0.523443341255188,3.8316004276275635,1100.1866455078125
261089,100,0.51,-0.10129700601100922,0.5744372606277466,2.7036561965942383,289.59808349609375
261090,75,0.6,0.23686599731445312,0.4733380675315857,14.75607967376709,652.3067016601562
261091,100,0.53,-0.05600409209728241,0.48984766006469727,6.632875919342041,297.34869384765625
261092,100,0.54,0.03609639033675194,0.48711246252059937,9.87597370147705,346.05804443359375
261093,100,0.43,-0.02285119704902172,0.46661585569381714,6.272622108459473,505.50067138671875
261094,54,0.4074074074074074,0.1821432113647461,0.42872118949890137,7.347803115844727,1866.9365234375
261095,61,0.5409836065573771,0.10942114144563675,0.49617817997932434,6.647878646850586,842.1790771484375
261096,100,0.54,-0.0849897488951683,0.5322999358177185,1.4940221309661865,1423.4837646484375
261097,100,0.43,0.03935573995113373,0.5072691440582275,11.322347640991211,653.7101440429688
261098,100,0.57,-0.024366220459342003,0.6028581261634827,9.188911437988281,1674.955078125
261099,42,0.5476190476190477,0.014369521290063858,0.6605396866798401,2.581228494644165,1108.2833251953125
261100,100,0.53,0.05875682085752487,0.4742734730243683,5.922845363616943,1391.950927734375
261101,22,0.45454545454545453,0.1329798847436905,0.5213750004768372,4.743462085723877,1466.564697265625
261102,100,0.46,-0.1143532246351242,0.5199803709983826,2.2973055839538574,215.38397216796875
261103,100,0.48,-0.13342660665512085,0.5372515916824341,4.7260942459106445,319.05419921875
261104,53,0.41509433962264153,0.1652713268995285,0.5312312841415405,11.728774070739746,1753.5799560546875
261105,100,0.45,0.03290633484721184,0.4584781229496002,6.36050271987915,1392.859375
261106,100,0.52,-0.1481957882642746,0.5567057728767395,1.7015637159347534,904.1912231445312
261107,6,0.5,0.17181871831417084,0.6295570731163025,2.045799732208252,1146.239501953125
261108,89,0.5617977528089888,0.14513596892356873,0.535616397857666,16.95624542236328,1687.052001953125
261109,100,0.4,0.0572035126388073,0.4798029363155365,4.292946815490723,530.0439453125
261110,92,0.532608695652174,0.05982314422726631,0.5071606040000916,4.52642822265625,992.1101684570312
261111,100,0.48,0.051240354776382446,0.5735841393470764,5.244406700134277,878.9468994140625
261112,43,0.4883720930232558,-0.1660691499710083,0.5484976172447205,1.823758602142334,415.639404296875
261113,92,0.45652173913043476,0.11439258605241776,0.5579759478569031,10.204239845275879,497.19281005859375
261114,100,0.59,-0.09152592718601227,0.5528739094734192,4.580192565917969,1253.62890625
261115,12,0.75,-0.02561107464134693,0.4427640736103058,2.5233893394470215,1616.016357421875
261116,100,0.44,-0.17707036435604095,0.5440148115158081,1.8836815357208252,968.2702026367188
261117,100,0.61,-0.07763917744159698,0.45731857419013977,2.4504566192626953,773.3228149414062
261118,100,0.54,0.15665529668331146,0.47844699025154114,17.542680740356445,597.2044067382812
261119,20,0.5,0.2709066569805145,0.5866653323173523,3.889066457748413,733.5192260742188
261120,100,0.45,0.07348144054412842,0.5251121520996094,12.649304389953613,1114.52197265625
261121,100,0.52,-0.1142018511891365,0.454998254776001,2.1178500652313232,1308.16357421875
261122,100,0.53,-0.051121488213539124,0.5033016800880432,2.716417074203491,1470.329345703125
261123,65,0.5076923076923077,0.029383210465312004,0.4411270022392273,7.564499378204346,911.8717651367188
261124,96,0.46875,-0.02809184417128563,0.465153306722641,4.49770975112915,628.3339233398438
261125,20,0.4,-0.2021300494670868,0.6036167740821838,0.6995806694030762,1105.361328125
261126,100,0.52,-0.06771194189786911,0.5229682326316833,5.792293548583984,718.9560546875
261127,100,0.44,0.0682409405708313,0.48090556263923645,8.098638534545898,447.1429748535156
261128,97,0.5979381443298969,0.06552953273057938,0.49637261033058167,11.51683235168457,569.4791259765625
261129,100,0.53,-0.07484409213066101,0.5614067912101746,3.1575353145599365,206.20022583007812
261130,100,0.53,0.03786560148000717,0.4906977415084839,5.516298294067383,433.93792724609375
261131,100,0.52,-0.0021088742651045322,0.4971970319747925,6.5163702964782715,671.9754638671875
261132,84,0.4880952380952381,0.016186250373721123,0.4598655700683594,4.60081148147583,370.2296447753906
261133,34,0.47058823529411764,0.24579665064811707,0.4158009886741638,8.509556770324707,804.7089233398438
261134,100,0.51,-0.11924312263727188,0.5808700919151306,5.100739002227783,720.1873779296875
261135,100,0.36,0.01669546216726303,0.5570195913314819,4.195024490356445,1201.3472900390625
261136,100,0.49,-0.1180659830570221,0.5603143572807312,2.8883719444274902,750.42919921875
261137,100,0.55,-0.024900460615754128,0.5357175469398499,4.897395133972168,955.3765869140625
261138,100,0.39,0.012991445139050484,0.4548819363117218,4.249350547790527,1541.798095703125
261139,73,0.4657534246575342,0.05319279432296753,0.4580376446247101,7.178171634674072,1238.5811767578125
261140,34,0.4117647058823529,-0.23544956743717194,0.5976006984710693,0.48752540349960327,988.4607543945312
261141,100,0.51,0.05021096393465996,0.5293298959732056,12.9989652633667,517.042724609375
261142,100,0.49,0.031245769932866096,0.5568789839744568,12.545458793640137,1472.329345703125
261143,99,0.5454545454545454,0.06856604665517807,0.5128492116928101,9.759247779846191,1131.956298828125
261144,100,0.49,-0.0862869843840599,0.5535484552383423,3.574345350265503,921.4948120117188
261145,100,0.46,-0.1471864879131317,0.5271057486534119,2.1894757747650146,1934.0648193359375
261146,100,0.51,0.0065467748790979385,0.538394570350647,5.474853992462158,898.5374755859375
261147,100,0.47,0.0001967295684153214,0.530112624168396,6.037788391113281,773.147216796875
261148,100,0.47,-0.17700093984603882,0.5285468697547913,1.5241632461547852,1918.101318359375
261149,100,0.52,0.06533107161521912,0.45318686962127686,11.736246109008789,445.8056335449219
261150,94,0.5,0.15479329228401184,0.48512107133865356,17.40682029724121,1930.7977294921875
261151,100,0.54,0.06800030916929245,0.4810539186000824,11.943912506103516,1288.9322509765625
261152,100,0.53,-0.11423629522323608,0.5295258164405823,1.8774749040603638,960.3905639648438
261153,100,0.56,-0.025279035791754723,0.4415765702724457,5.538985252380371,1297.5655517578125
261154,100,0.49,0.06181709095835686,0.5112008452415466,12.211162567138672,1469.6815185546875
261155,100,0.51,-0.006203688681125641,0.48675891757011414,4.39232873916626,463.9552001953125
261156,100,0.5,-0.002307589165866375,0.5016788244247437,6.034315586090088,449.7876892089844
261157,86,0.5,0.0635371208190918,0.44498881697654724,8.185096740722656,306.0276794433594
261158,100,0.45,-0.12878163158893585,0.4422360360622406,2.8028666973114014,1490.1588134765625
261159,100,0.44,0.12830212712287903,0.506060004234314,12.470752716064453,475.1510314941406
261160,100,0.49,-0.09911486506462097,0.5392439365386963,3.36065673828125,792.365234375
261161,100,0.55,0.11152104288339615,0.6467405557632446,12.000484466552734,849.2294311523438
261162,100,0.43,0.1577283889055252,0.5699417591094971,14.814419746398926,1499.444091796875
261163,100,0.52,0.054209206253290176,0.5309883952140808,13.907682418823242,288.6641845703125
261164,100,0.41,-0.021116236224770546,0.5650659799575806,3.817582607269287,910.9834594726562
261165,100,0.52,-0.02689393237233162,0.5983070731163025,4.77542781829834,399.157958984375
261166,35,0.5428571428571428,0.05413573607802391,0.5713790655136108,4.617804527282715,299.43170166015625
261167,100,0.5,-0.0906652957201004,0.45999065041542053,4.154942512512207,1211.91943359375
261168,39,0.48717948717948717,0.046543706208467484,0.5643357634544373,4.473128795623779,1424.403564453125
261169,100,0.46,-0.039060723036527634,0.4738626480102539,3.5205211639404297,643.1412353515625
261170,47,0.5319148936170213,0.14935865998268127,0.5244776606559753,10.26158618927002,1434.20849609375
261171,100,0.5,-0.10146065056324005,0.527640163898468,2.461059331893921,1187.333740234375
261172,100,0.47,0.03794165700674057,0.5703185200691223,8.143383026123047,560.5796508789062
261173,100,0.46,-0.1567138135433197,0.50736403465271,2.1046628952026367,401.08984375
261174,66,0.48484848484848486,0.054803404957056046,0.5442250370979309,7.9087815284729,1760.168212890625
261175,100,0.48,-0.03946058079600334,0.4877381920814514,5.052742004394531,1086.855712890625
261176,100,0.53,-0.11801017075777054,0.5206926465034485,3.2477617263793945,823.4420776367188
261177,100,0.62,-0.051987163722515106,0.5174043774604797,4.6005401611328125,396.36187744140625
261178,100,0.53,-0.11400263011455536,0.5503271222114563,3.419421911239624,1083.6470947265625
261179,100,0.47,0.05157914012670517,0.5009576082229614,6.770478248596191,1039.417236328125
261180,100,0.4,0.1634557992219925,0.4978116452693939,12.505447387695312,1436.7601318359375
261181,68,0.5735294117647058,-0.19266976416110992,0.46390992403030396,1.6081825494766235,1133.585205078125
261182,100,0.52,0.08243358880281448,0.59073406457901,15.115574836730957,1261.94189453125
261183,57,0.5263157894736842,0.10296466201543808,0.4721311032772064,11.98260498046875,1672.3609619140625
261184,100,0.49,-0.09517338871955872,0.4587480127811432,2.030388355255127,411.3582458496094
261185,100,0.56,-0.05977838486433029,0.46262887120246887,10.354084968566895,637.976318359375
261186,100,0.47,0.0015369850443676114,0.5182989835739136,8.740269660949707,720.3935546875
261187,100,0.49,-0.05198728293180466,0.5652742385864258,4.29290246963501,407.1827697753906
261188,100,0.54,0.03198487311601639,0.43681058287620544,12.09445571899414,1355.058837890625
261189,66,0.5151515151515151,0.11727136373519897,0.5674252510070801,12.010425567626953,2060.063720703125
261190,100,0.51,-0.12791594862937927,0.5159117579460144,2.0654115676879883,1192.0953369140625
261191,100,0.51,0.10483274608850479,0.4858260750770569,11.061400413513184,412.8190002441406
261192,44,0.4090909090909091,0.2210811823606491,0.4686149060726166,7.079945087432861,652.936767578125
261193,99,0.5151515151515151,0.05452219024300575,0.49212726950645447,10.748780250549316,1324.718994140625
261194,100,0.54,0.014778505079448223,0.48731139302253723,9.468478202819824,1597.4403076171875
261195,9,0.4444444444444444,0.33425331115722656,0.6261353492736816,1.4924006462097168,1228.4725341796875
261196,51,0.5882352941176471,0.018984246999025345,0.5614045858383179,5.40799617767334,804.0272827148438
261197,100,0.51,-0.0168637465685606,0.5257684588432312,5.742979049682617,1131.48046875
261198,100,0.49,0.031929221004247665,0.5355384945869446,10.370614051818848,1241.3218994140625
261199,100,0.55,0.02441386505961418,0.5297538042068481,5.420258522033691,546.8314208984375
261200,100,0.48,-0.06776595860719681,0.5147799253463745,2.0688743591308594,1144.7200927734375
261201,70,0.5714285714285714,-0.0303238146007061,0.465876966714859,2.9490044116973877,1620.5126953125
261202,100,0.43,-0.09058588743209839,0.4958949089050293,4.432419776916504,632.955810546875
261203,30,0.36666666666666664,0.10635606944561005,0.48535194993019104,3.4499237537384033,1505.4931640625
261204,100,0.58,0.05081203207373619,0.5329073667526245,8.857760429382324,733.6624145507812
261205,100,0.56,0.15893371403217316,0.5757935047149658,19.25492286682129,588.8532104492188
261206,100,0.4,-0.029875248670578003,0.5017358064651489,7.6875481605529785,1545.8087158203125
261207,100,0.45,-0.015104522928595543,0.5210422873497009,8.125855445861816,1496.49755859375
261208,44,0.5,0.07467499375343323,0.553941547870636,5.364827632904053,1033.5142822265625
261209,100,0.53,-0.025362523272633553,0.5627632737159729,4.154168605804443,1145.128662109375
261210,100,0.42,0.030292710289359093,0.5618886351585388,10.554922103881836,1382.6141357421875
261211,100,0.59,0.009750651195645332,0.5407503843307495,7.6312408447265625,1313.1248779296875
261212,100,0.44,-0.13315355777740479,0.5206889510154724,2.0846829414367676,674.1422119140625
261213,100,0.57,0.08798141777515411,0.5386665463447571,13.591742515563965,1219.0843505859375
261214,100,0.55,0.012498118914663792,0.4680056571960449,4.723987579345703,1292.955810546875
261215,55,0.5272727272727272,0.014402668923139572,0.511039674282074,5.504324436187744,1389.1954345703125
261216,100,0.44,0.01879727840423584,0.5593875646591187,10.11653995513916,1011.4532470703125
261217,100,0.47,-0.06036793440580368,0.5690834522247314,3.304049015045166,1570.308349609375
261218,100,0.53,0.19289511442184448,0.4539261758327484,19.32154083251953,1323.816162109375
261219,100,0.52,0.018402963876724243,0.44191837310791016,9.717583656311035,1152.4683837890625
261220,20,0.45,0.0207145344465971,0.4272025227546692,2.9625535011291504,1792.579345703125
261221,100,0.46,0.04743194952607155,0.5329235792160034,5.6981024742126465,1088.7593994140625
261222,64,0.546875,-0.003116452833637595,0.4799586236476898,7.411749839782715,2033.8797607421875
261223,100,0.46,-0.01200686115771532,0.5063568949699402,5.187961578369141,956.974609375
261224,100,0.54,-0.0075498721562325954,0.5011317729949951,6.773494720458984,1594.758056640625
261225,98,0.5612244897959183,0.024870581924915314,0.5036729574203491,7.766150951385498,793.0814208984375
261226,100,0.49,0.16106896102428436,0.5209787487983704,21.43866729736328,918.6226196289062
261227,100,0.56,0.15972186625003815,0.5545274019241333,18.246938705444336,300.8616943359375
261228,95,0.4842105263157895,0.048942409455776215,0.5700806379318237,8.462331771850586,462.7796936035156
261229,79,0.5569620253164557,0.12373891472816467,0.5299898386001587,11.382391929626465,1808.12841796875
261230,100,0.55,0.008508323691785336,0.5380425453186035,7.306307792663574,1057.1875
261231,100,0.43,-0.02648661844432354,0.5567997097969055,3.535545825958252,1199.9183349609375
261232,100,0.4,-0.077363982796669,0.5015770196914673,2.1050753593444824,862.5084838867188
261233,100,0.49,0.11074568331241608,0.5475322008132935,12.355910301208496,1392.29345703125
261234,100,0.5,-0.20008979737758636,0.5700811147689819,1.1381189823150635,547.1373291015625
261235,100,0.44,0.11283838748931885,0.5673211812973022,11.925171852111816,1142.9263916015625
261236,100,0.53,0.031628821045160294,0.4955874979496002,8.070610046386719,491.6463928222656
261237,100,0.44,-0.14774948358535767,0.4735727310180664,1.1721910238265991,1804.261962890625
261238,100,0.51,-0.030065936967730522,0.5046031475067139,4.411863327026367,809.7813110351562
261239,100,0.51,-0.026098165661096573,0.41254502534866333,7.661246299743652,1834.5364990234375
261240,100,0.53,0.06525447219610214,0.46233442425727844,10.581670761108398,1168.654541015625
261241,89,0.39325842696629215,-0.010308125987648964,0.5090327262878418,9.56065559387207,1113.51171875
261242,100,0.48,-0.14374370872974396,0.6027311682701111,2.459803342819214,965.4703369140625
261243,100,0.41,0.05750560760498047,0.570368230342865,6.352466106414795,1218.5091552734375
261244,46,0.5,0.025256110355257988,0.5087516903877258,4.564150333404541,429.1900329589844
261245,32,0.5,0.1762678623199463,0.6410872936248779,7.752601623535156,808.6676025390625
261246,100,0.52,0.05844343453645706,0.501369059085846,10.271737098693848,749.1737670898438
261247,100,0.45,0.11253880709409714,0.5296896696090698,19.065412521362305,917.933349609375
261248,100,0.51,-0.047573596239089966,0.5034624338150024,7.4539079666137695,1284.591796875
261249,87,0.5057471264367817,0.0406937450170517,0.5255756378173828,5.6372551918029785,1034.571533203125
261250,62,0.6129032258064516,-0.32308030128479004,0.4815007746219635,1.3462939262390137,676.8329467773438
261251,100,0.4,-0.20316851139068604,0.49557265639305115,1.9288538694381714,727.931884765625
261252,100,0.48,0.13748134672641754,0.5403594374656677,18.13629722595215,523.8416137695312
261253,100,0.52,0.0370304211974144,0.5592049360275269,8.626008987426758,1138.7073974609375
261254,100,0.57,-0.1575389951467514,0.4828025996685028,2.1913509368896484,922.1784057617188
261255,100,0.54,0.030849067494273186,0.4859130382537842,12.268128395080566,525.9071655273438
261256,100,0.5,-0.013893838971853256,0.47896939516067505,6.577521800994873,822.994140625
261257,100,0.5,-0.014197350479662418,0.5375351905822754,7.610776901245117,849.63037109375
261258,100,0.41,0.030709728598594666,0.5266748666763306,5.2915802001953125,1123.9271240234375
261259,100,0.46,0.0524136982858181,0.4694454073905945,9.992008209228516,267.58148193359375
261260,100,0.56,-0.017132429406046867,0.4339027404785156,4.631807804107666,1199.698486328125
261261,100,0.54,0.06666452437639236,0.5181256532669067,8.604926109313965,1714.4993896484375
261262,59,0.4406779661016949,0.28756090998649597,0.5300235152244568,18.750829696655273,971.9291381835938
261263,100,0.53,0.08153416961431503,0.492349773645401,9.994912147521973,540.6419677734375
261264,100,0.42,0.015505996532738209,0.5473038554191589,12.028587341308594,1121.30419921875
261265,100,0.5,-0.01820666342973709,0.4409000873565674,2.3639469146728516,914.572021484375
261266,100,0.51,0.00686638243496418,0.5451106429100037,6.1094512939453125,954.1029052734375
261267,100,0.54,-0.005833871196955442,0.5756948590278625,6.0120649337768555,1038.081787109375
261268,100,0.53,-0.10348297655582428,0.5391842722892761,4.1666579246521,1397.423583984375
261269,100,0.46,0.06513490527868271,0.5239589214324951,8.56758975982666,1636.465087890625
261270,100,0.52,-0.13760605454444885,0.516943633556366,2.225787878036499,1041.5203857421875
261271,100,0.49,0.0626593828201294,0.552276074886322,4.922316551208496,365.3721618652344
261272,96,0.46875,-0.01491949800401926,0.5882018804550171,5.255004405975342,938.62255859375
261273,100,0.48,-0.05359094217419624,0.4605517089366913,2.520764112472534,668.9716186523438
261274,100,0.48,-0.034567248076200485,0.5358102321624756,7.093227863311768,710.5458984375
261275,87,0.5172413793103449,0.043094176799058914,0.5113774538040161,7.9629130363464355,1139.7012939453125
261276,100,0.56,-0.0011773657752200961,0.5534514784812927,5.18112325668335,672.7549438476562
261277,37,0.5135135135135135,0.2169465571641922,0.44088590145111084,8.501070976257324,720.8408203125
261278,100,0.49,-0.05050327256321907,0.5618951916694641,1.9756052494049072,916.271240234375
261279,58,0.5689655172413793,-0.0610397569835186,0.5253000259399414,2.7818334102630615,1635.991455078125
261280,100,0.48,0.045527175068855286,0.5205727219581604,12.110962867736816,573.4196166992188
261281,100,0.51,-0.049201611429452896,0.4614701569080353,3.779987096786499,1120.8323974609375
261282,95,0.6,-0.15692082047462463,0.5569579005241394,1.9383341073989868,1432.1666259765625
261283,100,0.54,-0.04900054261088371,0.49805301427841187,5.295129776000977,298.3126525878906
261284,100,0.49,0.04399612545967102,0.4808196723461151,16.08702850341797,1332.8924560546875
261285,25,0.6,0.19331006705760956,0.45017924904823303,5.527406692504883,1497.945556640625
261286,100,0.46,0.024652833119034767,0.5306706428527832,8.573542594909668,1779.3033447265625
261287,100,0.51,-0.13687433302402496,0.5292955040931702,3.030247449874878,873.6386108398438
261288,100,0.54,-0.014251288026571274,0.4840672016143799,3.8098599910736084,798.5633544921875
261289,100,0.47,-0.19526228308677673,0.408344566822052,1.9616957902908325,694.4927978515625
261290,100,0.53,0.03520353510975838,0.4724451005458832,6.346895217895508,829.5618896484375
261291,100,0.51,-0.1687125265598297,0.5203524827957153,2.7912116050720215,520.0792236328125
261292,100,0.47,-0.2567019760608673,0.5104058384895325,0.9841687679290771,572.0330810546875
261293,32,0.46875,0.022797467187047005,0.5123906135559082,2.533294677734375,806.0028076171875
261294,100,0.57,-0.14786440134048462,0.49850374460220337,4.7622880935668945,644.096923828125
261295,100,0.47,-0.09610949456691742,0.48635366559028625,3.0845539569854736,925.2906494140625
261296,100,0.42,0.04376388341188431,0.5370888710021973,8.706939697265625,531.9203491210938
261297,29,0.6206896551724138,0.04334072768688202,0.4986163079738617,2.576589345932007,409.0133361816406
261298,100,0.61,0.09494206309318542,0.5126684904098511,17.822492599487305,878.6209106445312
261299,66,0.4696969696969697,0.06710874289274216,0.524786114692688,8.738706588745117,1164.9427490234375
261300,100,0.56,-0.06733884662389755,0.48054617643356323,2.9479031562805176,1131.94189453125
261301,100,0.57,-0.12399967759847641,0.5055310130119324,2.711988925933838,710.8152465820312
261302,100,0.51,-0.04024828225374222,0.5540269613265991,3.507784605026245,1528.995361328125
261303,100,0.54,0.024885661900043488,0.46689754724502563,8.679094314575195,654.5068969726562
261304,100,0.57,-0.003994508646428585,0.4720364511013031,5.209294319152832,1038.195068359375
261305,100,0.46,0.04249065741896629,0.5065886974334717,12.646809577941895,1546.530517578125
261306,100,0.44,-0.023948997259140015,0.5152918696403503,4.707215309143066,800.9783325195312
261307,100,0.55,-0.047455571591854095,0.4635719358921051,6.358445167541504,547.088134765625
261308,100,0.45,0.05552787333726883,0.5267268419265747,9.492237091064453,1438.197509765625
261309,100,0.59,-0.0072988178580999374,0.5016507506370544,13.381794929504395,1828.2049560546875
261310,26,0.5,0.17509324848651886,0.3770904839038849,4.6798577308654785,1481.2459716796875
261311,19,0.5263157894736842,0.22667726874351501,0.552248477935791,4.8927717208862305,1836.616455078125
261312,100,0.55,0.08054113388061523,0.5273739099502563,6.262196063995361,639.6121215820312
261313,100,0.52,0.07184489816427231,0.45841291546821594,8.87204647064209,1580.7989501953125
261314,54,0.48148148148148145,0.03303544968366623,0.5265311598777771,5.574497699737549,1232.249267578125
261315,100,0.52,-0.12940987944602966,0.5576605200767517,2.807992696762085,600.89306640625
261316,100,0.46,-0.02220308780670166,0.5323681235313416,7.397894382476807,824.0460205078125
261317,100,0.54,-0.023050008341670036,0.512201726436615,6.715526580810547,647.5558471679688
261318,100,0.43,-0.10024599730968475,0.4958510398864746,4.32699728012085,1013.8330688476562
261319,100,0.5,-0.0724954754114151,0.5377084612846375,3.7811434268951416,1352.5467529296875
261320,100,0.48,0.010246291756629944,0.4595891535282135,5.911220550537109,1559.10595703125
261321,100,0.47,0.013103043660521507,0.5513632893562317,4.661983013153076,1089.0086669921875
261322,100,0.47,0.047918833792209625,0.43097594380378723,5.935327053070068,293.0393371582031
261323,100,0.54,-0.05737743154168129,0.5300372838973999,2.7397007942199707,1425.061279296875
261324,23,0.6086956521739131,0.366318941116333,0.5279479622840881,6.803173065185547,204.3588104248047
261325,100,0.47,-0.11555150896310806,0.5109763741493225,2.319753885269165,655.8233032226562
261326,75,0.49333333333333335,0.10714604705572128,0.4309612512588501,10.954801559448242,124.72974395751953
261327,100,0.51,-0.15700742602348328,0.5191882848739624,2.318101644515991,1311.7374267578125
261328,100,0.5,-0.04559115320444107,0.519056499004364,2.91320538520813,1002.6782836914062
261329,100,0.6,0.06072055175900459,0.5491229891777039,8.636066436767578,691.8248291015625
261330,100,0.5,-0.16579769551753998,0.5166221857070923,3.370952606201172,824.9363403320312
261331,100,0.43,0.04162554815411568,0.4393032193183899,5.365926265716553,1500.005126953125
261332,35,0.4857142857142857,0.07135041058063507,0.44600847363471985,5.071197986602783,1380.073486328125
261333,100,0.57,-0.004946429282426834,0.4772988259792328,10.776321411132812,1985.3414306640625
261334,100,0.45,0.16277053952217102,0.5246661901473999,18.99030303955078,1171.1265869140625
261335,70,0.6285714285714286,0.05052368715405464,0.5063034296035767,10.812115669250488,1412.81884765625
261336,100,0.49,0.10252789407968521,0.5291258692741394,13.386421203613281,1689.5045166015625
261337,100,0.47,-0.03169076144695282,0.5136148929595947,4.123974323272705,581.8405151367188
261338,100,0.46,-0.035383716225624084,0.48038554191589355,3.516331434249878,1780.4986572265625
261339,100,0.52,0.08392416685819626,0.5155118107795715,8.042384147644043,1342.7296142578125
261340,59,0.4915254237288136,0.0883641466498375,0.4909532964229584,10.380163192749023,907.1344604492188
261341,72,0.5138888888888888,0.03777826949954033,0.4958353340625763,12.206281661987305,1488.0706787109375
261342,23,0.5652173913043478,0.08876167237758636,0.37318459153175354,3.0553150177001953,428.2968444824219
261343,100,0.53,0.023507848381996155,0.49826580286026,12.459507942199707,780.229736328125
261344,42,0.40476190476190477,0.23480354249477386,0.5136268734931946,10.798086166381836,679.6481323242188
261345,78,0.46153846153846156,0.03605501353740692,0.4825633764266968,8.699800491333008,795.6141967773438
261346,100,0.47,-0.06473257392644882,0.5287643671035767,1.9554774761199951,274.77130126953125
261347,100,0.51,0.04181406646966934,0.5549889206886292,7.332061290740967,800.54443359375
261348,100,0.49,-0.046874869614839554,0.5950412154197693,5.772462368011475,755.7272338867188
261349,100,0.46,-0.0027394890785217285,0.5012646317481995,4.703310489654541,827.4262084960938
261350,100,0.52,-0.08246557414531708,0.5489482879638672,3.018556594848633,508.787109375
261351,100,0.51,-0.20505069196224213,0.5479449033737183,1.9658797979354858,1459.8170166015625
261352,100,0.56,0.21298374235630035,0.517560601234436,18.074960708618164,1244.4447021484375
261353,100,0.51,-0.09941861033439636,0.4468115568161011,4.839829444885254,621.2622680664062
261354,100,0.52,0.03769766911864281,0.596079409122467,17.714191436767578,748.2484741210938
261355,100,0.52,0.0011440584203228354,0.44696053862571716,5.3549981117248535,996.0987548828125
261356,100,0.43,-0.09419795125722885,0.5331733822822571,2.113656759262085,1244.8079833984375
261357,100,0.52,-0.08915217220783234,0.4681131839752197,4.445635795593262,1817.00927734375
261358,100,0.62,0.0029724359046667814,0.42040106654167175,7.933577060699463,736.6033935546875
261359,100,0.49,-0.10230331867933273,0.482573926448822,4.118146896362305,443.3997497558594
261360,100,0.49,-0.034385379403829575,0.465167760848999,2.9211068153381348,1663.93310546875
261361,100,0.44,0.012056350708007812,0.5561272501945496,5.692715167999268,480.26739501953125
261362,100,0.42,-0.08221029490232468,0.4646933972835541,4.575460433959961,1041.135986328125
261363,100,0.54,0.028165562078356743,0.4835318326950073,7.547844886779785,197.32373046875
261364,100,0.48,0.029186904430389404,0.4934369921684265,8.39944839477539,1427.63916015625
261365,100,0.45,-0.04823501408100128,0.4870757460594177,3.1740832328796387,969.4500122070312
261366,100,0.5,-0.007140327710658312,0.46742716431617737,6.521986484527588,1259.318359375
261367,91,0.5714285714285714,0.05199524015188217,0.5613414645195007,8.757966041564941,464.6924133300781
261368,100,0.49,0.046584274619817734,0.48142173886299133,6.520026206970215,345.069580078125
261369,100,0.49,0.046895842999219894,0.5505110025405884,9.399333953857422,1345.743408203125
261370,100,0.47,0.10461308062076569,0.4452182352542877,11.406883239746094,1026.6734619140625
261371,24,0.4583333333333333,0.29020360112190247,0.4395601153373718,7.079892635345459,1366.1488037109375
261372,100,0.43,0.016357891261577606,0.5051510334014893,7.016331672668457,1352.0849609375
261373,100,0.5,0.0024566054344177246,0.5056164264678955,14.750923156738281,1717.4808349609375
261374,83,0.5180722891566265,0.07894579321146011,0.5341103672981262,8.704158782958984,1328.415283203125
261375,100,0.49,-0.05632244795560837,0.5073795914649963,6.405824184417725,795.8804931640625
261376,100,0.55,-0.01558094471693039,0.4649633765220642,4.726144313812256,588.6029052734375
261377,96,0.5416666666666666,0.07709606736898422,0.5976635217666626,19.073450088500977,2089.166015625
261378,100,0.54,0.010312908329069614,0.505933403968811,10.222664833068848,1189.2562255859375
261379,100,0.49,-0.048700589686632156,0.39672261476516724,3.7758865356445312,785.373291015625
261380,100,0.51,-0.06711127609014511,0.5199275016784668,5.4918341636657715,454.59405517578125
261381,89,0.5393258426966292,0.10841834545135498,0.4960338771343231,8.469983100891113,919.7421875
261382,13,0.5384615384615384,-0.07727225869894028,0.5635047554969788,1.520882248878479,1155.121337890625
261383,100,0.48,-0.08100908249616623,0.5384646058082581,1.751069188117981,1174.90576171875
261384,100,0.49,0.14286603033542633,0.5401052832603455,11.809100151062012,403.2054443359375
261385,46,0.45652173913043476,0.10812694579362869,0.6040993332862854,8.749728202819824,1180.000244140625
261386,100,0.5,-0.09535301476716995,0.545590877532959,2.724320888519287,1491.109375
261387,51,0.49019607843137253,0.18382953107357025,0.47875744104385376,9.998847007751465,1618.413818359375
261388,100,0.54,-0.13633118569850922,0.471051961183548,1.9313472509384155,1086.78857421875
261389,100,0.51,0.0032558897510170937,0.5462192893028259,8.674373626708984,846.490234375
261390,100,0.41,0.06447628885507584,0.4877956509590149,11.596563339233398,1186.9599609375
261391,100,0.45,-0.05406167730689049,0.5386974215507507,2.3035576343536377,1132.68115234375
261392,100,0.51,0.12465514987707138,0.5627912282943726,13.709888458251953,153.37229919433594
261393,100,0.58,0.023976292461156845,0.5994965434074402,12.768121719360352,604.236328125
261394,100,0.54,-0.01185755804181099,0.47991815209388733,6.736943244934082,1307.9178466796875
261395,100,0.45,0.02961067669093609,0.5352591872215271,9.315912246704102,230.4779052734375
261396,18,0.6666666666666666,0.3501945436000824,0.5742891430854797,8.57004451751709,562.4240112304688
261397,100,0.51,-0.01468565408140421,0.5126157402992249,7.304172515869141,607.2088012695312
261398,100,0.44,0.001222354476340115,0.5012513399124146,2.8333961963653564,1322.9583740234375
261399,90,0.43333333333333335,0.02808498777449131,0.5340723991394043,4.257606506347656,1712.3170166015625
261400,10,0.3,0.63677579164505,0.5715075731277466,3.3218438625335693,1297.28271484375
261401,57,0.543859649122807,0.09753330051898956,0.5142441391944885,8.182550430297852,832.2857055664062
261402,100,0.51,-0.015914421528577805,0.5579423308372498,3.8348546028137207,1218.5782470703125
261403,100,0.45,0.12570470571517944,0.5487486124038696,14.514264106750488,1479.9095458984375
261404,58,0.4827586206896552,0.02610534429550171,0.455936074256897,5.1964898109436035,1175.4710693359375
261405,72,0.5555555555555556,0.1601201295852661,0.5730531215667725,12.964194297790527,466.2242126464844
261406,100,0.48,-0.0384095162153244,0.5579351782798767,4.044046878814697,1359.6923828125
261407,100,0.5,0.046517591923475266,0.5198026895523071,8.358777046203613,1333.9364013671875
261408,100,0.47,0.049052949994802475,0.5236580967903137,5.1709303855896,1368.5
261409,56,0.48214285714285715,0.18513108789920807,0.5352383852005005,17.071311950683594,2097.487060546875
261410,100,0.46,0.0001528276043245569,0.5510281920433044,5.408942222595215,1484.1488037109375
261411,100,0.47,-0.04311465099453926,0.5800670981407166,3.3596742153167725,931.7855224609375
261412,100,0.44,0.08809198439121246,0.5824886560440063,7.773460865020752,713.8639526367188
261413,65,0.46153846153846156,0.13412588834762573,0.5451981425285339,7.763952255249023,1101.195068359375
261414,35,0.34285714285714286,0.36071839928627014,0.549551784992218,9.214017868041992,1386.1834716796875
261415,54,0.48148148148148145,0.11567078530788422,0.5567057132720947,9.983933448791504,1502.4759521484375
261416,100,0.47,0.07410141080617905,0.5648772716522217,9.694653511047363,690.6265258789062
261417,100,0.56,-0.08835432678461075,0.5696861743927002,2.6341612339019775,926.1262817382812
261418,26,0.6923076923076923,0.044804807752370834,0.4669409692287445,5.01298713684082,893.6531982421875
261419,100,0.49,0.013235719874501228,0.4581473171710968,4.724165439605713,674.0787353515625
261420,100,0.56,0.019563721492886543,0.4810812771320343,8.354186058044434,1326.2799072265625
261421,12,0.6666666666666666,0.2620992064476013,0.5141668319702148,4.870001792907715,356.0690612792969
261422,92,0.5978260869565217,-0.023723086342215538,0.5813689827919006,4.157897472381592,1571.843994140625
261423,29,0.5172413793103449,0.051398660987615585,0.4841328263282776,5.510190486907959,1746.747314453125
261424,100,0.51,0.010837958194315434,0.4800781011581421,4.123327255249023,982.9926147460938
261425,100,0.53,0.1145988255739212,0.5059974193572998,19.2713565826416,1212.142822265625
261426,100,0.52,-0.10811077058315277,0.4804054796695709,2.9503421783447266,1474.3521728515625
261427,19,0.3684210526315789,0.08256135880947113,0.45951128005981445,1.717749834060669,1554.4473876953125
261428,100,0.47,-0.1515352576971054,0.48350802063941956,1.3811419010162354,788.5239868164062
261429,100,0.53,0.1181265190243721,0.45473095774650574,15.103886604309082,1458.9725341796875
261430,100,0.5,-0.07098805904388428,0.49544376134872437,4.842211723327637,740.5764770507812
261431,100,0.52,0.054529573768377304,0.5483604669570923,9.864948272705078,906.6529541015625
261432,100,0.47,-0.128534734249115,0.458956778049469,1.9351050853729248,799.69775390625
261433,100,0.45,0.0215137992054224,0.5167977213859558,7.688804626464844,1784.822021484375
261434,100,0.45,0.0989987701177597,0.5574278235435486,12.067639350891113,850.863525390625
261435,100,0.48,-0.07138722389936447,0.4934850335121155,3.0515902042388916,1247.746826171875
261436,100,0.54,-0.01915758103132248,0.4852654039859772,5.001484394073486,943.71044921875
261437,100,0.39,0.012713072821497917,0.5229515433311462,5.119755268096924,1569.9644775390625
261438,100,0.34,0.02365981787443161,0.5294660925865173,6.995179653167725,776.7589111328125
261439,100,0.47,-0.03235660865902901,0.48073601722717285,4.4838762283325195,875.3156127929688
261440,12,0.5,0.3737068176269531,0.4324948787689209,6.906709671020508,806.541259765625
261441,100,0.48,-0.0866355374455452,0.6351146697998047,3.175474166870117,966.6828002929688
261442,87,0.39080459770114945,0.19734779000282288,0.4642510712146759,12.038697242736816,950.7238159179688
261443,93,0.4946236559139785,0.027394207194447517,0.5245324969291687,5.640364646911621,1128.3743896484375
261444,100,0.47,0.03822959214448929,0.49758878350257874,6.671309947967529,1504.8624267578125
261445,89,0.47191011235955055,0.1833467185497284,0.43250900506973267,21.517160415649414,1152.6365966796875
261446,100,0.48,-0.00981101393699646,0.522450864315033,9.542156219482422,1265.162841796875
261447,100,0.58,-0.016110610216856003,0.4514933228492737,4.106290817260742,707.2621459960938
261448,100,0.53,-0.015413250774145126,0.5050302147865295,10.41413402557373,791.99169921875
261449,100,0.48,0.010111510753631592,0.5683590173721313,4.641501426696777,663.1942749023438
261450,97,0.4742268041237113,0.058534327894449234,0.48379144072532654,9.071128845214844,1316.829345703125
261451,100,0.46,-0.09736985713243484,0.5078667402267456,3.405658006668091,841.7545776367188
261452,100,0.48,0.08954776078462601,0.527459442615509,12.11452579498291,974.2490844726562
261453,100,0.48,0.00029112398624420166,0.47139665484428406,6.394630432128906,774.1571044921875
261454,100,0.54,0.014669742435216904,0.5160303711891174,10.097504615783691,683.3572998046875
261455,93,0.5268817204301075,0.003442634828388691,0.5325530171394348,10.139077186584473,1401.4227294921875
261456,100,0.43,0.09936076402664185,0.48709213733673096,9.5619478225708,1008.2537841796875
261457,12,0.4166666666666667,-0.11785036325454712,0.6531030535697937,1.7143021821975708,643.0012817382812
261458,8,0.5,0.10229209810495377,0.5005298852920532,0.8956188559532166,857.2593383789062
261459,100,0.41,-0.10405644029378891,0.5018029808998108,2.2353575229644775,427.34912109375
261460,100,0.57,0.027784470468759537,0.4473285377025604,8.931921005249023,401.79888916015625
261461,31,0.45161290322580644,0.030799994245171547,0.6353505253791809,3.233783483505249,1374.597900390625
261462,93,0.45161290322580644,0.03524834290146828,0.5268595814704895,6.764327049255371,1432.09521484375
261463,100,0.55,0.030047152191400528,0.4681321382522583,10.882071495056152,342.5336608886719
261464,100,0.49,-0.06159112975001335,0.48923224210739136,4.538812160491943,1631.634765625
261465,19,0.47368421052631576,0.17234297096729279,0.4388311803340912,3.546095609664917,1388.858642578125
261466,100,0.51,0.021685034036636353,0.4615338444709778,7.076257228851318,1475.6484375
261467,100,0.44,0.08724579215049744,0.5296906232833862,9.251558303833008,358.95196533203125
261468,85,0.5411764705882353,0.16095033288002014,0.5427936315536499,15.996965408325195,1396.138671875
261469,89,0.6067415730337079,-0.016886793076992035,0.4721675217151642,14.625618934631348,2070.302490234375
261470,100,0.42,-0.10815520584583282,0.4988608956336975,2.0770926475524902,371.0559387207031
261471,100,0.53,-0.058342546224594116,0.5040799975395203,10.302268028259277,1490.931396484375
261472,100,0.46,-0.31447672843933105,0.5838791728019714,0.9694516658782959,947.4541015625
261473,100,0.47,0.020073289051651955,0.4552571773529053,8.158145904541016,254.91836547851562
261474,100,0.4,-0.07196559011936188,0.49635931849479675,3.627366065979004,498.1273193359375
261475,100,0.52,-0.17329928278923035,0.44806304574012756,2.648148536682129,725.321533203125
261476,100,0.53,-0.020341238006949425,0.525113046169281,4.980424404144287,1024.6337890625
261477,100,0.52,-0.08874016255140305,0.47161054611206055,2.526492118835449,173.1402130126953
261478,100,0.46,0.0890367329120636,0.5266638994216919,8.295316696166992,1164.1566162109375
261479,100,0.5,0.04611183702945709,0.5317365527153015,10.659675598144531,1479.4190673828125
261480,51,0.6862745098039216,0.17259514331817627,0.5966076850891113,16.175935745239258,536.7097778320312
261481,100,0.54,0.09381875395774841,0.4948471784591675,14.734230041503906,1038.0067138671875
261482,100,0.53,0.04382719099521637,0.5636612772941589,11.365187644958496,738.9256591796875
261483,100,0.49,0.024152757599949837,0.5499085187911987,5.406096458435059,1592.9569091796875
261484,100,0.51,-0.06274108588695526,0.5435885787010193,2.5552592277526855,697.0812377929688
261485,100,0.53,-0.10953269153833389,0.4682163894176483,2.1981558799743652,421.7980651855469
261486,100,0.55,-0.030124960467219353,0.5064460635185242,4.119693756103516,1161.1353759765625
261487,100,0.45,-0.09705761820077896,0.5131635069847107,1.9470422267913818,1437.57861328125
261488,100,0.53,0.058741871267557144,0.49788641929626465,11.104153633117676,817.3812866210938
261489,100,0.48,-0.14037950336933136,0.5099263787269592,1.1154168844223022,1005.3006591796875
261490,100,0.46,0.06465528160333633,0.5172790884971619,6.652010917663574,1261.122802734375
261491,100,0.48,-0.09102413058280945,0.5099257826805115,4.540085315704346,1232.082763671875
261492,64,0.625,0.041871532797813416,0.5125393271446228,5.8808441162109375,840.2432861328125
261493,100,0.52,0.05542201176285744,0.5508167147636414,11.480165481567383,1493.624755859375
261494,100,0.47,-0.018248289823532104,0.588310182094574,5.673436164855957,1729.3031005859375
261495,100,0.52,-0.14357823133468628,0.5142170786857605,1.2852505445480347,1027.3775634765625
261496,100,0.52,0.027211500331759453,0.5910216569900513,6.602588653564453,362.5509033203125
261497,100,0.48,-0.0680813193321228,0.5304146409034729,2.6327505111694336,498.80242919921875
261498,100,0.54,0.041439518332481384,0.5769118070602417,7.968231678009033,600.1450805664062
261499,100,0.49,0.005222058389335871,0.49417296051979065,4.57270622253418,1601.583984375
261500,100,0.46,0.01892860420048237,0.47847065329551697,7.831976413726807,1329.4595947265625
261501,100,0.42,0.05961905047297478,0.5026139616966248,8.390318870544434,698.2976684570312
261502,100,0.57,0.08001308888196945,0.5314907431602478,14.599100112915039,685.9603271484375
261503,100,0.5,-0.1102958396077156,0.4764407277107239,4.832639694213867,539.1351928710938
261504,100,0.49,0.1359240859746933,0.5286889672279358,14.518608093261719,1391.61865234375
261505,100,0.51,0.038905780762434006,0.45067858695983887,10.523504257202148,1147.79638671875
261506,100,0.51,-0.09492871165275574,0.4690028727054596,2.5488839149475098,998.74755859375
261507,100,0.55,-0.17527127265930176,0.5547320246696472,2.0295870304107666,1289.0147705078125
261508,100,0.61,0.07076642662286758,0.47909262776374817,14.3133544921875,1049.3443603515625
261509,100,0.45,0.08870355039834976,0.5210286974906921,9.740461349487305,1042.4547119140625
261510,100,0.48,-0.023226939141750336,0.4832054376602173,5.743179798126221,904.63330078125
261511,100,0.47,0.00936757493764162,0.5321744680404663,6.961298942565918,1349.044677734375
261512,100,0.65,-0.056814949959516525,0.5096094608306885,5.659578323364258,215.7177276611328
261513,95,0.49473684210526314,0.11331667006015778,0.4515366554260254,12.547310829162598,1209.6785888671875
261514,73,0.4246575342465753,0.054720763117074966,0.42423757910728455,5.667010307312012,927.1447143554688
261515,100,0.41,-0.24110399186611176,0.5161643028259277,0.7755503058433533,1745.9029541015625
261516,100,0.51,0.0314774252474308,0.5490227341651917,5.36931037902832,665.6079711914062
261517,9,0.6666666666666666,0.3505101203918457,0.4369758665561676,4.718875885009766,768.76904296875
261518,100,0.55,0.05576252192258835,0.5126757621765137,7.706149578094482,1323.9564208984375
261519,100,0.6,0.054775968194007874,0.5848595499992371,7.202981948852539,341.3162536621094
261520,100,0.43,0.15940068662166595,0.5520116686820984,17.420610427856445,800.5043334960938
261521,100,0.47,0.09179230779409409,0.4998433589935303,18.552703857421875,802.9915771484375
261522,100,0.46,0.0764378160238266,0.5229674577713013,6.017997741699219,509.36090087890625
261523,100,0.48,-0.06004198268055916,0.5275924801826477,2.49580979347229,603.645751953125
261524,83,0.37349397590361444,0.1531885713338852,0.5136263966560364,12.439295768737793,1277.3204345703125
261525,100,0.46,-0.018420059233903885,0.5405020713806152,12.188973426818848,809.1365356445312
261526,100,0.5,-0.09168560802936554,0.5145285725593567,1.3279380798339844,300.2569274902344
261527,88,0.48863636363636365,0.03216397389769554,0.5336668491363525,6.214664936065674,600.502197265625
261528,100,0.59,-0.009109559468925,0.5564182996749878,6.14716100692749,1245.358642578125
261529,100,0.51,-0.06547345966100693,0.6023650169372559,3.518472909927368,942.3187255859375
261530,100,0.51,-0.03747035935521126,0.5289121866226196,5.885351181030273,1019.07470703125
261531,13,0.6153846153846154,0.30704110860824585,0.6462987661361694,6.256523609161377,1174.7818603515625
261532,100,0.53,0.05586249753832817,0.48459941148757935,10.881875991821289,888.08447265625
261533,100,0.42,0.12504759430885315,0.49336475133895874,14.069247245788574,766.6282348632812
261534,100,0.51,0.07228713482618332,0.5144839286804199,9.519561767578125,679.4442138671875
261535,82,0.4878048780487805,-0.06116940826177597,0.46114036440849304,2.4392588138580322,1067.384033203125
261536,52,0.5384615384615384,0.11414853483438492,0.5386496186256409,8.258261680603027,709.7373046875
261537,100,0.45,-0.09725861251354218,0.4868942201137543,4.729775428771973,819.9602661132812
261538,99,0.41414141414141414,0.10788704454898834,0.49421927332878113,6.840719699859619,1806.3321533203125
261539,100,0.47,-0.10608086735010147,0.5155854821205139,1.8380290269851685,918.0786743164062
261540,61,0.5573770491803278,-0.06944090127944946,0.5361965894699097,3.078172445297241,1401.015869140625
261541,100,0.53,-0.08659359067678452,0.49955785274505615,1.664408802986145,962.3258056640625
261542,89,0.42696629213483145,0.10274607688188553,0.5112068057060242,9.623844146728516,1146.6290283203125
261543,59,0.5254237288135594,0.09715547412633896,0.6244333982467651,9.324942588806152,1266.7755126953125
261544,85,0.5294117647058824,-0.1536344438791275,0.5854455232620239,3.406856060028076,385.50616455078125
261545,61,0.36065573770491804,0.07663211226463318,0.45377397537231445,5.302863597869873,753.5235595703125
261546,100,0.55,-0.08669596910476685,0.4368935525417328,2.65219783782959,360.34295654296875
261547,100,0.44,0.06495465338230133,0.4917898178100586,8.705849647521973,709.8267822265625
261548,100,0.44,0.011321249417960644,0.5208656191825867,6.448419094085693,961.2755126953125
261549,84,0.5238095238095238,0.0972292348742485,0.571382999420166,8.463003158569336,1729.0133056640625
261550,100,0.51,-0.01588563062250614,0.5885115265846252,4.729526042938232,778.5922241210938
261551,100,0.52,0.0929022878408432,0.5639899373054504,20.83643341064453,1007.6192626953125
