phase,env_steps,model_updates,ac_updates,elapsed_seconds,scene,success,pickup,timeout,oob,length,return_
prefill,100,0,0,0.9,260000,False,False,True,False,100,-1.2951948468520302
prefill,140,0,0,0.9,260001,False,False,False,True,40,-0.9006491209350415
prefill,221,0,0,0.9,260002,False,False,False,True,81,-1.2613845627652882
prefill,321,0,0,0.9,260003,False,False,True,False,100,-1.1277146558327111
prefill,420,0,0,1.0,260004,False,False,False,True,99,-1.5690788799078565
prefill,463,0,0,1.0,260005,False,False,False,True,43,-0.9372476372563913
prefill,563,0,0,1.0,260006,False,False,True,False,100,-1.5976643195628475
prefill,663,0,0,1.0,260007,False,False,True,False,100,-1.2760920794341466
prefill,763,0,0,1.0,260008,False,False,True,False,100,-1.369080745617056
prefill,800,0,0,1.0,260009,False,False,False,True,37,-0.8477890845152164
prefill,900,0,0,1.0,260010,False,False,True,False,100,-1.3260065668240024
prefill,1000,0,0,1.0,260011,False,False,True,False,100,-1.8117488469886962
policy,1032,56,6,20.0,260012,False,False,False,True,32,-0.7828561914730325
policy,1043,58,8,20.3,260013,False,False,False,True,11,-0.7890030030390551
policy,1121,74,24,22.4,260014,False,False,False,True,78,-1.4442171449087213
policy,1143,78,28,22.9,260015,False,False,False,True,22,-0.8260866504580968
policy,1173,84,34,23.7,260016,False,False,False,True,30,-0.8725662641776459
policy,1273,104,54,26.5,260017,False,False,True,False,100,-1.5057346494457815
policy,1373,124,74,29.2,260018,False,False,True,False,100,-1.2028254837637427
policy,1440,137,87,31.1,260019,False,False,False,True,67,-1.3724771440465666
policy,1540,157,107,33.9,260020,False,False,True,False,100,-1.7181084677961862
policy,1599,169,119,35.6,260021,False,False,False,True,59,-1.0370295401028604
policy,1608,171,121,35.9,260022,False,False,False,True,9,-0.6790798437396628
policy,1708,191,141,38.7,260023,False,False,True,False,100,-1.512657758163191
policy,1808,211,161,41.6,260024,False,False,True,False,100,-1.5482590915859713
policy,1908,231,181,44.5,260025,False,False,True,False,100,-1.1897161000039196
policy,2008,251,201,47.4,260026,False,False,True,False,100,-1.2596118909927176
policy,2108,271,221,50.6,260027,False,False,True,False,100,-1.3601109237069786
policy,2154,280,230,52.1,260028,False,False,False,True,46,-0.9772052789292976
policy,2190,287,237,53.2,260029,False,False,False,True,36,-0.8490040119145721
policy,2205,290,240,53.7,260030,False,False,False,True,15,-0.8189032551944294
policy,2298,309,259,56.4,260031,False,False,False,True,93,-1.066617871452903
policy,2345,318,268,57.7,260032,False,False,False,True,47,-0.8268941082886084
policy,2377,325,275,58.7,260033,False,False,False,True,32,-0.9047967231961851
policy,2477,345,295,61.7,260034,False,False,True,False,100,-1.311763203020901
policy,2577,365,315,64.6,260035,False,False,True,False,100,-1.3455810564442676
policy,2677,385,335,67.5,260036,False,False,True,False,100,-1.566122717327103
policy,2713,392,342,68.5,260037,False,False,False,True,36,-0.8595093507105096
policy,2813,412,362,71.5,260038,False,False,True,False,100,-1.1255879986866049
policy,2873,424,374,73.6,260039,False,False,False,True,60,-1.0271276422184985
policy,2906,431,381,74.8,260040,False,False,False,True,33,-0.9520023757466709
policy,3006,451,401,78.0,260041,False,False,True,False,100,-1.3852141622509173
policy,3085,466,416,80.2,260042,False,False,False,True,79,-1.182513040778733
policy,3155,480,430,82.4,260043,False,False,False,True,70,-1.4055826267236209
policy,3229,495,445,84.6,260044,True,True,False,False,74,0.6045080803083205
policy,3247,499,449,85.2,260045,False,False,False,True,18,-0.7658448428395588
policy,3266,503,453,85.8,260046,False,False,False,True,19,-0.7169819187022032
policy,3310,511,461,87.1,260047,False,False,False,True,44,-1.1229841402935323
policy,3343,518,468,88.2,260048,False,False,False,True,33,-0.8632243369073994
policy,3443,538,488,91.2,260049,False,False,True,False,100,-1.347039452419808
policy,3543,558,508,94.4,260050,False,False,True,False,100,-1.315684987532301
policy,3643,578,528,97.5,260051,False,False,True,False,100,-1.6566291484949631
policy,3702,590,540,99.3,260052,False,False,False,True,59,-0.8532172839272021
policy,3712,592,542,99.6,260053,False,False,False,True,10,-0.7884809409079975
policy,3812,612,562,102.8,260054,False,False,True,False,100,-1.270927119826308
policy,3912,632,582,106.0,260055,False,False,True,False,100,-1.4939950445744752
policy,3921,634,584,106.3,260056,False,False,False,True,9,-0.7249048073939981
policy,4021,654,604,109.5,260057,False,False,True,False,100,-1.478714604060868
policy,4121,674,624,112.7,260058,False,False,True,False,100,-1.2075534815161413
policy,4138,677,627,113.1,260059,False,False,False,True,17,-0.6267869171070963
policy,4238,697,647,116.1,260060,False,False,True,False,100,-1.249845297383084
policy,4338,717,667,119.1,260061,False,False,True,False,100,-1.503451267362053
policy,4438,737,687,122.2,260062,False,False,True,False,100,-1.5764810955514883
policy,4538,757,707,125.3,260063,False,False,True,False,100,-1.649060732225759
policy,4559,761,711,125.9,260064,False,False,False,True,21,-0.900026392608528
policy,4659,781,731,129.0,260065,False,False,True,False,100,-1.4626653594983385
policy,4669,783,733,129.3,260066,False,False,False,True,10,-0.7591794616622543
policy,4678,785,735,129.7,260067,False,False,False,True,9,-0.6980543643262134
policy,4722,794,744,131.6,260068,False,False,False,True,44,-1.2786505752858375
policy,4758,801,751,132.7,260069,False,False,False,True,36,-0.9178355138407288
policy,4821,814,764,134.8,260070,False,False,False,True,63,-1.3327633315059653
policy,4859,821,771,135.9,260071,False,False,False,True,38,-0.7507730673914246
policy,4935,836,786,138.2,260072,False,False,False,True,76,-1.1675136050166768
policy,4939,837,787,138.4,260073,False,False,False,True,4,-0.6542959433168489
policy,5039,857,807,141.5,260074,False,False,True,False,100,-1.5840603777502842
policy,5139,877,827,144.5,260075,False,False,True,False,100,-1.2585232226823548
policy,5208,891,841,146.6,260076,False,False,False,True,69,-1.3214170416067477
policy,5244,898,848,147.6,260077,True,True,False,False,36,0.8155690214845484
policy,5344,918,868,150.7,260078,False,False,True,False,100,-1.082738559756402
policy,5444,938,888,153.7,260079,False,False,True,False,100,-1.3418310746256903
policy,5488,947,897,155.1,260080,False,True,False,True,44,-1.0262379100133079
policy,5515,952,902,155.9,260081,False,True,False,True,27,-0.8830085250078857
policy,5567,963,913,157.6,260082,False,False,False,True,52,-0.8106063254698476
policy,5635,976,926,159.6,260083,False,False,False,True,68,-1.4384819000309998
policy,5674,984,934,160.8,260084,False,False,False,True,39,-0.8528714310181824
policy,5774,1004,954,163.9,260085,False,False,True,False,100,-1.2919658558632452
policy,5830,1015,965,165.6,260086,False,False,False,True,56,-1.237609120738768
policy,5930,1035,985,168.7,260087,False,False,True,False,100,-1.3615720829512903
policy,5945,1038,988,169.1,260088,False,False,False,True,15,-0.7407184892568697
policy,6045,1058,1008,172.2,260089,False,False,True,False,100,-1.3107005706193764
policy,6145,1078,1028,175.4,260090,False,False,True,False,100,-1.3754237178408641
policy,6245,1098,1048,178.5,260091,False,False,True,False,100,-1.1356797104961491
policy,6261,1102,1052,179.1,260092,False,False,False,True,16,-0.7309015783008934
policy,6361,1122,1072,182.3,260093,False,False,True,False,100,-1.710608744659065
policy,6425,1134,1084,184.3,260094,False,False,False,True,64,-1.116371564535949
policy,6431,1136,1086,184.6,260095,False,False,False,True,6,-0.5806355494558919
policy,6444,1138,1088,185.0,260096,False,False,False,True,13,-0.8096587036665182
policy,6544,1158,1108,188.3,260097,False,False,True,False,100,-1.541090079299536
policy,6593,1168,1118,189.9,260098,False,False,False,True,49,-1.160145404847928
policy,6625,1174,1124,190.8,260099,False,False,False,True,32,-0.9878351358801439
policy,6725,1194,1144,194.0,260100,False,False,True,False,100,-1.4240710344026506
policy,6801,1210,1160,196.4,260101,False,False,False,True,76,-1.1402807346897306
policy,6843,1218,1168,197.7,260102,False,False,False,True,42,-0.8174810398150314
policy,6861,1222,1172,198.4,260103,False,False,False,True,18,-0.7315546846836739
policy,6961,1242,1192,201.5,260104,False,True,True,False,100,-1.4675686902040512
policy,7061,1262,1212,204.9,260105,False,False,True,False,100,-1.2560336837870465
policy,7161,1282,1232,208.3,260106,False,True,True,False,100,-1.6640012568820963
policy,7209,1291,1241,209.8,260107,False,False,False,True,48,-0.9724662636586345
policy,7309,1311,1261,213.0,260108,False,False,True,False,100,-1.2226798222541038
policy,7409,1331,1281,216.3,260109,False,False,True,False,100,-1.0881799427542806
policy,7509,1351,1301,219.6,260110,False,False,True,False,100,-1.1180600815331836
policy,7609,1371,1321,222.9,260111,False,False,True,False,100,-1.209083578330771
policy,7709,1391,1341,226.2,260112,False,False,True,False,100,-1.5299782866546199
policy,7724,1394,1344,226.7,260113,False,False,False,True,15,-0.8166457375998772
policy,7824,1414,1364,230.0,260114,False,False,True,False,100,-1.181951801367227
policy,7924,1434,1384,233.3,260115,False,False,True,False,100,-1.6109963941068974
policy,7948,1439,1389,234.2,260116,False,False,False,True,24,-0.819450305072761
policy,8048,1459,1409,237.6,260117,False,False,True,False,100,-1.177906028676937
policy,8148,1479,1429,240.9,260118,False,False,True,False,100,-1.1982091736223817
policy,8248,1499,1449,244.3,260119,False,False,True,False,100,-1.3827399949114332
policy,8348,1519,1469,247.7,260120,False,False,True,False,100,-1.4788862033159098
policy,8448,1539,1489,251.1,260121,False,False,True,False,100,-1.4468512420749202
policy,8548,1559,1509,254.6,260122,False,False,True,False,100,-1.647319653763203
policy,8648,1579,1529,258.5,260123,False,False,True,False,100,-1.3786279248103377
policy,8748,1599,1549,262.0,260124,False,False,True,False,100,-1.6584813370555795
policy,8848,1619,1569,265.7,260125,False,False,True,False,100,-1.1580611295161516
policy,8948,1639,1589,269.6,260126,False,False,True,False,100,-1.0808066030317958
policy,9048,1659,1609,273.2,260127,False,False,True,False,100,-1.7203344949379173
policy,9148,1679,1629,277.5,260128,False,True,True,False,100,-1.5797548254132252
policy,9177,1685,1635,278.9,260129,False,False,False,True,29,-0.8961309920177645
policy,9182,1686,1636,279.2,260130,False,False,False,True,5,-0.6909707507967155
policy,9282,1706,1656,282.9,260131,False,False,True,False,100,-1.1575733689071386
policy,9382,1726,1676,286.9,260132,False,False,True,False,100,-1.659638333567008
policy,9390,1727,1677,287.1,260133,False,False,False,True,8,-0.5912942506717846
policy,9490,1747,1697,291.0,260134,False,False,True,False,100,-1.7346782715643174
policy,9590,1767,1717,294.8,260135,False,False,True,False,100,-1.6158447327240941
policy,9690,1787,1737,298.4,260136,False,False,True,False,100,-1.2794651019166392
policy,9739,1797,1747,300.6,260137,False,False,False,True,49,-0.8597289981613454
policy,9839,1817,1767,304.4,260138,False,False,True,False,100,-1.2730961566873211
policy,9939,1837,1787,308.3,260139,False,False,True,False,100,-1.31330095979934
policy,10001,1850,1800,310.7,260140,False,False,False,True,62,-1.2431254360202884
policy,10023,1854,1804,311.4,260141,False,False,False,True,22,-0.9887502174128919
policy,10031,1856,1806,311.8,260142,False,False,False,True,8,-0.6933303879066002
policy,10131,1876,1826,315.5,260143,False,True,True,False,100,-1.4433466121534686
policy,10231,1896,1846,318.9,260144,False,False,True,False,100,-1.6040317671966267
policy,10291,1908,1858,321.1,260145,False,False,False,True,60,-1.2157081451595668
policy,10295,1908,1858,321.1,260146,False,False,False,True,4,-0.5613522178666932
policy,10307,1911,1861,321.6,260147,False,False,False,True,12,-0.6307390533788195
policy,10404,1930,1880,325.2,260148,False,False,False,True,97,-1.5001291341771288
policy,10501,1950,1900,328.8,260149,False,False,False,True,97,-1.6688326795404045
policy,10534,1956,1906,329.9,260150,False,False,False,True,33,-0.9645924335648839
policy,10634,1976,1926,333.6,260151,False,True,True,False,100,-1.6389217029248937
policy,10663,1982,1932,334.6,260152,False,False,False,True,29,-0.8039283214012112
policy,10701,1990,1940,336.1,260153,False,False,False,True,38,-0.8022086333302093
policy,10765,2002,1952,338.2,260154,False,False,False,True,64,-1.3483193673378633
policy,10798,2009,1959,339.5,260155,False,False,False,True,33,-1.1576885620476496
policy,10816,2013,1963,340.2,260156,False,False,False,True,18,-0.8183987623077109
policy,10916,2033,1983,343.8,260157,False,False,True,False,100,-1.5976076848261975
policy,11016,2053,2003,347.5,260158,False,False,True,False,100,-1.395378557858466
policy,11116,2073,2023,351.0,260159,False,False,True,False,100,-1.293485973922586
policy,11145,2078,2028,351.9,260160,False,False,False,True,29,-0.6937500287961754
policy,11245,2098,2048,355.5,260161,False,False,True,False,100,-1.4953867739193312
policy,11345,2118,2068,359.4,260162,False,False,True,False,100,-1.472120102331362
policy,11358,2121,2071,359.9,260163,False,False,False,True,13,-0.8805321328724527
policy,11458,2141,2091,363.6,260164,False,False,True,False,100,-1.5277146237933021
policy,11518,2153,2103,365.8,260165,False,False,False,True,60,-1.1554584393532217
policy,11524,2154,2104,366.0,260166,False,False,False,True,6,-0.7401494909722206
policy,11564,2162,2112,367.5,260167,False,False,False,True,40,-0.9322276077728394
policy,11578,2165,2115,368.2,260168,False,False,False,True,14,-0.8070214411621811
policy,11602,2170,2120,369.2,260169,False,False,False,True,24,-1.0195626179975144
policy,11610,2171,2121,369.4,260170,False,False,False,True,8,-0.6701654889948236
policy,11705,2190,2140,372.9,260171,False,False,False,True,95,-1.38823083353457
policy,11786,2207,2157,376.3,260172,False,False,False,True,81,-1.2649782245257277
policy,11816,2213,2163,377.7,260173,False,False,False,True,30,-1.036452845442366
policy,11916,2233,2183,382.0,260174,False,False,True,False,100,-1.3531776596086398
policy,12016,2253,2203,385.6,260175,False,False,True,False,100,-1.5469715536743673
policy,12082,2266,2216,388.0,260176,False,False,False,True,66,-1.0844236593487473
policy,12095,2268,2218,388.3,260177,False,False,False,True,13,-0.9713502507341835
policy,12130,2275,2225,389.8,260178,False,False,False,True,35,-0.7191353262579216
policy,12154,2280,2230,390.7,260179,False,False,False,True,24,-0.9895993279776685
policy,12219,2293,2243,393.1,260180,False,False,False,True,65,-1.3060243172929087
policy,12308,2311,2261,396.2,260181,False,False,False,True,89,-1.0137755266186272
policy,12370,2323,2273,398.3,260182,False,True,False,True,62,-1.0943211439311553
policy,12397,2329,2279,399.4,260183,False,False,False,True,27,-0.8364813401541215
policy,12494,2348,2298,402.8,260184,False,False,False,True,97,-1.1791734479816713
policy,12528,2355,2305,404.1,260185,False,False,False,True,34,-0.7843073591814986
policy,12544,2358,2308,404.7,260186,False,False,False,True,16,-0.7159263154972032
policy,12644,2378,2328,408.4,260187,False,False,True,False,100,-1.7132980478556568
policy,12708,2391,2341,410.8,260188,False,True,False,True,64,-1.2396100495943192
policy,12787,2407,2357,413.9,260189,False,True,False,True,79,-1.4259960972922867
policy,12866,2423,2373,416.8,260190,False,False,False,True,79,-1.50176357634651
policy,12938,2437,2387,419.3,260191,False,False,False,True,72,-1.278348991876762
policy,13038,2457,2407,422.9,260192,False,True,True,False,100,-1.7563340364519284
policy,13081,2466,2416,424.5,260193,False,False,False,True,43,-0.9496914676019634
policy,13146,2479,2429,426.8,260194,False,False,False,True,65,-1.4003159169770636
policy,13246,2499,2449,430.3,260195,False,False,True,False,100,-1.2624851369278134
policy,13283,2506,2456,431.6,260196,False,False,False,True,37,-0.9512626676803155
policy,13346,2519,2469,433.9,260197,False,False,False,True,63,-1.1785552148311034
policy,13355,2520,2470,434.1,260198,False,False,False,True,9,-0.7190829718483076
policy,13455,2540,2490,437.7,260199,False,False,True,False,100,-1.2961454422754894
policy,13472,2544,2494,438.4,260200,False,False,False,True,17,-0.8022056247063745
policy,13553,2560,2510,441.3,260201,False,False,False,True,81,-1.3302391859804932
policy,13565,2562,2512,441.6,260202,False,False,False,True,12,-0.6494609961697702
policy,13581,2566,2516,442.4,260203,False,False,False,True,16,-0.8350781877309199
policy,13590,2567,2517,442.5,260204,False,False,False,True,9,-0.6017364848080023
policy,13619,2573,2523,443.6,260205,False,False,False,True,29,-1.0654211752249567
policy,13669,2583,2533,445.4,260206,False,False,False,True,50,-1.0107681680441354
policy,13713,2592,2542,447.0,260207,False,False,False,True,44,-1.2261836073152046
policy,13813,2612,2562,450.9,260208,False,False,True,False,100,-1.6126429340997224
policy,13837,2617,2567,451.9,260209,False,False,False,True,24,-0.9507976162186189
policy,13937,2637,2587,455.7,260210,False,False,True,False,100,-1.2329282865147335
policy,13946,2639,2589,456.1,260211,False,False,False,True,9,-0.7091651205767527
policy,13985,2646,2596,457.3,260212,False,False,False,True,39,-0.889345398525713
policy,14010,2651,2601,458.3,260213,False,False,False,True,25,-0.8664711448389206
policy,14087,2667,2617,461.5,260214,False,False,False,True,77,-1.0333394755309258
policy,14098,2669,2619,461.9,260215,False,False,False,True,11,-0.7479793482690467
policy,14102,2670,2620,462.1,260216,False,False,False,True,4,-0.7476416363031739
policy,14202,2690,2640,465.8,260217,False,False,True,False,100,-1.3625882166297747
policy,14265,2702,2652,468.0,260218,False,False,False,True,63,-1.2369804932686013
policy,14355,2720,2670,471.4,260219,False,False,False,True,90,-1.3890612030165963
policy,14449,2739,2689,474.8,260220,False,False,False,True,94,-1.3867278294129322
policy,14549,2759,2709,478.5,260221,False,False,True,False,100,-1.1713929263360732
policy,14624,2774,2724,481.3,260222,False,False,False,True,75,-1.1830865149850134
policy,14695,2788,2738,483.9,260223,False,True,False,True,71,-1.3710961634260794
policy,14790,2807,2757,487.5,260224,False,False,False,True,95,-1.5109529377382342
policy,14885,2826,2776,491.3,260225,False,False,False,True,95,-1.13949778418395
policy,14977,2845,2795,494.8,260226,False,False,False,True,92,-1.2005415021897727
policy,15018,2853,2803,496.4,260227,False,False,False,True,41,-0.9934002212905604
policy,15072,2864,2814,498.4,260228,False,False,False,True,54,-1.1420223691917037
policy,15172,2884,2834,502.3,260229,False,False,True,False,100,-1.219457507501453
policy,15263,2902,2852,505.5,260230,False,False,False,True,91,-1.473859501047048
policy,15347,2919,2869,508.6,260231,False,False,False,True,84,-1.2461923723923056
policy,15377,2925,2875,509.9,260232,False,False,False,True,30,-0.8695744519691228
policy,15424,2934,2884,511.6,260233,False,False,False,True,47,-1.185045026040811
policy,15478,2945,2895,513.7,260234,False,False,False,True,54,-1.173180720598635
policy,15564,2962,2912,517.1,260235,False,False,False,True,86,-1.275699479494932
policy,15664,2982,2932,521.4,260236,False,False,True,False,100,-1.322219537966045
policy,15710,2991,2941,523.1,260237,False,False,False,True,46,-0.8047641491518973
policy,15775,3004,2954,525.5,260238,False,True,False,True,65,-1.2879261198339509
policy,15789,3007,2957,526.1,260239,False,False,False,True,14,-0.6313834525598724
policy,15848,3019,2969,528.3,260240,False,False,False,True,59,-1.034023592394313
policy,15864,3022,2972,528.9,260241,False,False,False,True,16,-0.9696025788667733
policy,15964,3042,2992,532.6,260242,False,False,True,False,100,-1.5670774172197182
policy,16064,3062,3012,536.3,260243,False,False,True,False,100,-1.664139808665095
policy,16075,3064,3014,536.6,260244,False,False,False,True,11,-0.6973386319177346
policy,16175,3084,3034,540.4,260245,False,False,True,False,100,-1.5536998355432183
policy,16227,3095,3045,542.6,260246,False,False,False,True,52,-1.107019087972343
policy,16327,3115,3065,546.5,260247,False,False,True,False,100,-1.3238060792698207
policy,16335,3116,3066,546.7,260248,False,False,False,True,8,-0.7393478620726475
policy,16395,3128,3078,548.9,260249,False,False,False,True,60,-0.975007289282643
policy,16409,3131,3081,549.5,260250,False,False,False,True,14,-0.689064377083797
policy,16432,3136,3086,550.6,260251,False,False,False,True,23,-0.8422167416609618
policy,16442,3138,3088,551.0,260252,False,False,False,True,10,-0.7967446664553188
policy,16494,3148,3098,553.0,260253,False,False,False,True,52,-0.9927251292026895
policy,16578,3165,3115,556.3,260254,False,False,False,True,84,-1.3944677729450392
policy,16674,3184,3134,559.9,260255,False,False,False,True,96,-1.3098243556742086
policy,16741,3198,3148,562.9,260256,False,False,False,True,67,-1.087840467405724
policy,16841,3218,3168,567.1,260257,False,False,True,False,100,-1.148496763121273
policy,16852,3220,3170,567.5,260258,False,False,False,True,11,-0.8273658351464185
policy,16920,3233,3183,570.0,260259,False,False,False,True,68,-0.9661206571797745
policy,16950,3239,3189,571.2,260260,False,False,False,True,30,-0.8662271677645399
policy,17050,3259,3209,575.1,260261,False,False,True,False,100,-1.3384463046229187
policy,17114,3272,3222,578.0,260262,False,False,False,True,64,-1.2294470787120937
policy,17149,3279,3229,579.5,260263,False,False,False,True,35,-0.7896732148675576
policy,17176,3285,3235,580.6,260264,False,False,False,True,27,-1.0021688411772556
policy,17207,3291,3241,581.8,260265,False,False,False,True,31,-0.9349706110485981
policy,17307,3311,3261,585.7,260266,False,False,True,False,100,-1.228515143064983
policy,17407,3331,3281,589.5,260267,False,False,True,False,100,-1.6823289777970312
policy,17429,3335,3285,590.3,260268,False,False,False,True,22,-0.7161838695764235
policy,17447,3339,3289,591.1,260269,False,False,False,True,18,-0.820967840196049
policy,17517,3353,3303,593.8,260270,False,False,False,True,70,-1.1447376668250606
policy,17546,3359,3309,595.1,260271,False,False,False,True,29,-0.914922018739864
policy,17646,3379,3329,599.0,260272,False,False,True,False,100,-1.3078229166229443
policy,17746,3399,3349,603.2,260273,False,False,True,False,100,-1.736107262189414
policy,17843,3418,3368,606.9,260274,False,False,False,True,97,-1.2358972918892372
policy,17943,3438,3388,610.6,260275,False,False,True,False,100,-1.4365013073006558
policy,18043,3458,3408,614.7,260276,False,False,True,False,100,-1.2209585532689058
policy,18143,3478,3428,618.6,260277,False,True,True,False,100,-1.542780707013361
policy,18206,3491,3441,621.2,260278,False,False,False,True,63,-1.189353538880829
policy,18306,3511,3461,624.9,260279,False,False,True,False,100,-1.176806076313272
policy,18406,3531,3481,628.8,260280,False,False,True,False,100,-1.46380077973652
policy,18436,3537,3487,630.0,260281,False,False,False,True,30,-0.7053743733549461
policy,18481,3546,3496,631.8,260282,False,False,False,True,45,-1.15995746220818
policy,18526,3555,3505,633.5,260283,False,False,False,True,45,-1.1150580810028248
policy,18626,3575,3525,637.3,260284,False,False,True,False,100,-1.2915937896886072
policy,18726,3595,3545,641.0,260285,False,False,True,False,100,-1.375429962425835
policy,18816,3613,3563,644.6,260286,False,False,False,True,90,-1.5772209901276049
policy,18916,3633,3583,648.4,260287,False,False,True,False,100,-1.3859010156169331
policy,19016,3653,3603,652.2,260288,False,False,True,False,100,-1.579540464370293
policy,19026,3655,3605,652.6,260289,False,False,False,True,10,-0.794022597475987
policy,19037,3657,3607,653.1,260290,False,False,False,True,11,-0.6137421411463957
policy,19066,3663,3613,654.3,260291,False,False,False,True,29,-0.8193521648877462
policy,19086,3667,3617,655.1,260292,False,True,False,True,20,-0.8168314540658728
policy,19186,3687,3637,658.9,260293,False,True,True,False,100,-1.4211161978333746
policy,19286,3707,3657,663.0,260294,False,False,True,False,100,-0.9776521316888794
policy,19345,3718,3668,665.1,260295,False,False,False,True,59,-0.9754184984804848
policy,19354,3720,3670,665.4,260296,False,False,False,True,9,-0.7058735149890162
policy,19438,3737,3687,668.5,260297,False,False,False,True,84,-1.1494891347298308
policy,19538,3757,3707,672.2,260298,False,False,True,False,100,-1.3016407773395084
policy,19602,3770,3720,674.6,260299,False,False,False,True,64,-1.0114363555845265
policy,19697,3789,3739,678.0,260300,False,False,False,True,95,-1.6351871520865346
policy,19757,3801,3751,680.3,260301,False,False,False,True,60,-1.122406765383253
policy,19785,3806,3756,681.2,260302,False,False,False,True,28,-0.8074087460545761
policy,19885,3826,3776,684.8,260303,False,False,True,False,100,-1.492081115911438
policy,19985,3846,3796,688.5,260304,False,False,True,False,100,-1.328457160898379
policy,20032,3856,3806,690.3,260305,False,False,False,True,47,-0.9199928602325709
policy,20132,3876,3826,694.0,260306,False,False,True,False,100,-1.4970767311813202
policy,20168,3883,3833,695.2,260307,False,False,False,True,36,-0.7869345432423718
policy,20245,3898,3848,697.9,260308,False,False,False,True,77,-1.4978782986344465
policy,20249,3899,3849,698.1,260309,False,False,False,True,4,-0.6249655067450333
policy,20313,3912,3862,700.5,260310,False,False,False,True,64,-1.251312767341504
policy,20413,3932,3882,704.1,260311,False,False,True,False,100,-1.3896919156190937
policy,20513,3952,3902,707.8,260312,False,False,True,False,100,-1.2982154128679246
policy,20581,3966,3916,710.4,260313,False,False,False,True,68,-1.1382455672854532
policy,20642,3978,3928,712.8,260314,False,False,False,True,61,-1.111763313619628
policy,20671,3984,3934,714.0,260315,False,False,False,True,29,-0.6856995419178387
policy,20771,4004,3954,717.8,260316,False,False,True,False,100,-1.3032997257421703
policy,20871,4024,3974,721.4,260317,False,False,True,False,100,-1.5628507213934575
policy,20971,4044,3994,725.1,260318,False,False,True,False,100,-1.708557479363991
policy,21071,4064,4014,728.9,260319,False,False,True,False,100,-1.5185564298548622
policy,21141,4078,4028,732.2,260320,False,False,False,True,70,-1.147674447738383
policy,21166,4083,4033,733.3,260321,False,False,False,True,25,-0.8431515518067566
policy,21218,4093,4043,735.4,260322,False,False,False,True,52,-0.9964078248521394
policy,21262,4102,4052,737.3,260323,False,False,False,True,44,-0.9343927763860858
policy,21281,4106,4056,738.0,260324,False,False,False,True,19,-0.9730645269993483
policy,21381,4126,4076,741.9,260325,False,False,True,False,100,-1.7551970758104973
policy,21481,4146,4096,746.1,260326,False,False,True,False,100,-1.5945443215920876
policy,21497,4149,4099,746.6,260327,False,False,False,True,16,-0.8192262941074123
policy,21525,4154,4104,747.6,260328,False,False,False,True,28,-0.930509526326502
policy,21625,4174,4124,751.4,260329,False,False,True,False,100,-1.547154744351249
policy,21669,4183,4133,753.2,260330,False,False,False,True,44,-0.9721932572685963
policy,21757,4201,4151,756.6,260331,False,False,False,True,88,-1.539630823497622
policy,21857,4221,4171,760.8,260332,False,False,True,False,100,-1.4013402096735335
policy,21957,4241,4191,764.5,260333,False,False,True,False,100,-1.2359811140347534
policy,22057,4261,4211,768.4,260334,False,True,True,False,100,-1.6417381334920624
policy,22157,4281,4231,772.4,260335,False,False,True,False,100,-1.174078219148762
policy,22225,4294,4244,774.9,260336,False,False,False,True,68,-1.0131147370258613
policy,22325,4314,4264,778.8,260337,False,False,True,False,100,-1.7216586691830362
policy,22404,4330,4280,782.0,260338,False,False,False,True,79,-1.3001715235808056
policy,22448,4339,4289,783.7,260339,False,False,False,True,44,-0.9365257836933325
policy,22508,4351,4301,785.9,260340,False,True,False,True,60,-1.1795938571578675
policy,22549,4359,4309,787.5,260341,False,False,False,True,41,-0.9754055681320275
policy,22560,4361,4311,787.8,260342,False,False,False,True,11,-0.6585142262993722
policy,22639,4377,4327,790.8,260343,False,False,False,True,79,-1.5654287166650855
policy,22672,4384,4334,792.1,260344,False,False,False,True,33,-1.0486255963292406
policy,22736,4397,4347,794.6,260345,False,False,False,True,64,-0.9644708052301676
policy,22746,4399,4349,795.0,260346,False,False,False,True,10,-0.8229155293139805
policy,22846,4419,4369,799.2,260347,False,False,True,False,100,-1.3082642261989204
policy,22935,4436,4386,802.7,260348,False,False,False,True,89,-1.328280072517574
policy,23035,4456,4406,806.5,260349,False,False,True,False,100,-1.3060097902200873
policy,23135,4476,4426,810.4,260350,False,False,True,False,100,-1.077730357185227
policy,23181,4486,4436,812.5,260351,False,False,False,True,46,-1.2596988587794051
policy,23281,4506,4456,816.4,260352,False,False,True,False,100,-1.3100797341886898
policy,23319,4513,4463,817.8,260353,False,False,False,True,38,-0.8420111498847613
policy,23418,4533,4483,821.7,260354,False,False,False,True,99,-1.7675634954616946
policy,23441,4538,4488,822.8,260355,False,False,False,True,23,-0.7381657973284036
policy,23541,4558,4508,826.5,260356,False,False,True,False,100,-1.6834418320865276
policy,23628,4575,4525,829.7,260357,False,False,False,True,87,-1.2153829002779033
policy,23685,4586,4536,831.8,260358,False,False,False,True,57,-0.9108327295877011
policy,23738,4597,4547,833.9,260359,False,False,False,True,53,-0.9698127830572121
policy,23747,4599,4549,834.3,260360,False,False,False,True,9,-0.6982262254986316
policy,23789,4607,4557,835.9,260361,False,False,False,True,42,-0.9954289632583965
policy,23874,4624,4574,839.2,260362,False,False,False,True,85,-1.2266077176830334
policy,23918,4633,4583,840.9,260363,False,False,False,True,44,-0.8569402768347636
policy,23993,4648,4598,843.9,260364,False,False,False,True,75,-1.3840675315614988
policy,24009,4651,4601,844.5,260365,False,False,False,True,16,-0.7695268025257447
policy,24059,4661,4611,846.4,260366,False,False,False,True,50,-1.1708031733818536
policy,24159,4681,4631,850.9,260367,False,False,True,False,100,-1.4334316506047173
policy,24170,4683,4633,851.3,260368,False,False,False,True,11,-0.8803900707171635
policy,24196,4689,4639,852.7,260369,False,False,False,True,26,-1.1139150173682557
policy,24276,4705,4655,856.3,260370,False,False,False,True,80,-1.0655431130798731
policy,24286,4707,4657,856.8,260371,False,False,False,True,10,-0.7112252114918942
policy,24366,4723,4673,860.2,260372,False,False,False,True,80,-1.0644575663336981
policy,24392,4728,4678,861.3,260373,False,False,False,True,26,-1.0152655858701567
policy,24492,4748,4698,865.3,260374,False,False,True,False,100,-1.420758889421575
policy,24592,4768,4718,869.2,260375,False,False,True,False,100,-1.6009624133645701
policy,24632,4776,4726,870.9,260376,False,False,False,True,40,-0.9986532744987786
policy,24725,4794,4744,874.7,260377,False,False,False,True,93,-1.6143076264862912
policy,24757,4801,4751,876.1,260378,False,False,False,True,32,-1.0279175169766763
policy,24781,4806,4756,877.2,260379,False,False,False,True,24,-0.8283180232549516
policy,24871,4824,4774,880.8,260380,False,False,False,True,90,-1.1429316674312135
policy,24881,4826,4776,881.3,260381,False,False,False,True,10,-0.6344862894566038
policy,24981,4846,4796,885.5,260382,False,False,True,False,100,-1.2738165273582172
policy,25045,4858,4808,888.0,260383,False,False,False,True,64,-1.1186285921615862
policy,25145,4878,4828,891.9,260384,False,True,True,False,100,-1.6536291899007938
policy,25165,4882,4832,892.7,260385,False,False,False,True,20,-0.6722426526890595
policy,25212,4892,4842,894.6,260386,False,False,False,True,47,-1.242017313360673
policy,25256,4901,4851,896.4,260387,False,False,False,True,44,-1.050811331597436
policy,25314,4912,4862,898.8,260388,False,False,False,True,58,-1.0512834102158553
policy,25374,4924,4874,901.8,260389,False,False,False,True,60,-1.351706328966536
policy,25435,4936,4886,904.2,260390,False,False,False,True,61,-1.1083084115846227
policy,25456,4941,4891,905.4,260391,False,False,False,True,21,-0.8479058541995655
policy,25521,4954,4904,908.3,260392,False,True,False,True,65,-1.0721956361997051
policy,25527,4955,4905,908.5,260393,False,False,False,True,6,-0.6422246100873785
policy,25627,4975,4925,912.8,260394,False,False,True,False,100,-1.142293099192792
policy,25727,4995,4945,917.3,260395,False,False,True,False,100,-1.1861573212141483
policy,25750,4999,4949,918.1,260396,False,False,False,True,23,-0.8467822348143379
policy,25831,5016,4966,921.7,260397,False,True,False,True,81,-1.2045791048775594
policy,25901,5030,4980,924.6,260398,False,False,False,True,70,-1.2975037843882742
policy,25972,5044,4994,927.5,260399,False,False,False,True,71,-1.0166270093317518
policy,26072,5064,5014,931.8,260400,False,False,True,False,100,-1.1430703421062585
policy,26127,5075,5025,934.1,260401,False,False,False,True,55,-1.1613190961662243
policy,26171,5084,5034,936.1,260402,False,False,False,True,44,-1.177293803115656
policy,26271,5104,5054,940.6,260403,False,False,True,False,100,-1.3240307043583734
policy,26297,5109,5059,941.6,260404,False,False,False,True,26,-0.9028158783777892
policy,26346,5119,5069,943.7,260405,False,False,False,True,49,-1.1546528797176716
policy,26409,5131,5081,946.2,260406,False,True,False,True,63,-1.0454912418428648
policy,26435,5136,5086,947.2,260407,False,False,False,True,26,-1.021744302667574
policy,26470,5143,5093,948.7,260408,False,False,False,True,35,-1.0612202642220585
policy,26570,5163,5113,953.0,260409,False,False,True,False,100,-1.3557908510185936
policy,26670,5183,5133,957.4,260410,False,False,True,False,100,-1.4114622312981457
policy,26703,5190,5140,958.9,260411,False,False,False,True,33,-1.0688803876047785
policy,26803,5210,5160,963.0,260412,False,False,True,False,100,-1.2460724118745792
policy,26903,5230,5180,967.1,260413,False,False,True,False,100,-1.7027384174450824
policy,26951,5240,5190,969.2,260414,False,False,False,True,48,-1.0579240468717113
policy,26967,5243,5193,969.9,260415,False,False,False,True,16,-0.6468274259797948
policy,27002,5250,5200,971.3,260416,False,False,False,True,35,-1.1275933998443115
policy,27016,5253,5203,972.0,260417,False,False,False,True,14,-0.6856856442360674
policy,27055,5260,5210,973.5,260418,False,False,False,True,39,-0.9895155584774149
policy,27111,5272,5222,976.1,260419,False,False,False,True,56,-1.1301363598495897
policy,27211,5292,5242,980.6,260420,False,True,True,False,100,-1.379729132718505
policy,27311,5312,5262,984.9,260421,False,True,True,False,100,-1.5897598019891586
policy,27378,5325,5275,987.7,260422,False,False,False,True,67,-1.469503682267105
policy,27478,5345,5295,992.1,260423,False,False,True,False,100,-1.6569872047874163
policy,27528,5355,5305,994.2,260424,False,False,False,True,50,-1.1536597228041896
policy,27628,5375,5325,998.6,260425,False,False,True,False,100,-1.1516845242690752
policy,27703,5390,5340,1001.8,260426,False,False,False,True,75,-0.9240945969959966
policy,27752,5400,5350,1003.8,260427,False,False,False,True,49,-0.9471863085199888
policy,27852,5420,5370,1008.0,260428,False,False,True,False,100,-1.2209194638943992
policy,27871,5424,5374,1008.9,260429,False,False,False,True,19,-0.8595348732340364
policy,27937,5437,5387,1011.6,260430,False,False,False,True,66,-1.2503414410415106
policy,27949,5439,5389,1012.1,260431,False,False,False,True,12,-0.8537126606281238
policy,28025,5454,5404,1015.3,260432,False,False,False,True,76,-1.5163593278788348
policy,28125,5474,5424,1019.6,260433,False,False,True,False,100,-1.6280382536241962
policy,28189,5487,5437,1022.4,260434,False,False,False,True,64,-1.2875889671889487
policy,28208,5491,5441,1023.3,260435,False,False,False,True,19,-0.7065777562955889
policy,28219,5493,5443,1023.7,260436,False,False,False,True,11,-0.6077128465391726
policy,28276,5505,5455,1026.2,260437,False,True,False,True,57,-1.0040239073181205
policy,28301,5510,5460,1027.2,260438,False,False,False,True,25,-0.7041681693263755
policy,28329,5515,5465,1028.2,260439,False,False,False,True,28,-0.7810738841303355
policy,28354,5520,5470,1029.2,260440,False,False,False,True,25,-0.7452037656944708
policy,28399,5529,5479,1031.1,260441,False,False,False,True,45,-0.9061657723098349
policy,28465,5542,5492,1033.8,260442,False,False,False,True,66,-1.0244564378245902
policy,28560,5561,5511,1037.7,260443,False,False,False,True,95,-1.334351623934595
policy,28660,5581,5531,1041.8,260444,False,False,True,False,100,-1.4673790462040306
policy,28670,5583,5533,1042.3,260445,False,False,False,True,10,-0.7329559876141505
policy,28770,5603,5553,1046.5,260446,False,True,True,False,100,-1.6091200802316368
policy,28870,5623,5573,1050.7,260447,False,False,True,False,100,-1.5329159643584698
policy,28925,5634,5584,1052.9,260448,False,False,False,True,55,-1.0012075710873465
policy,29025,5654,5604,1057.2,260449,False,False,True,False,100,-1.576005945441394
policy,29031,5656,5606,1057.7,260450,False,False,False,True,6,-0.6328928686170485
policy,29069,5663,5613,1059.2,260451,False,False,False,True,38,-0.9740076329831213
policy,29169,5683,5633,1063.4,260452,False,False,True,False,100,-1.4018072101341283
policy,29269,5703,5653,1067.9,260453,False,False,True,False,100,-1.254454653577668
policy,29287,5707,5657,1068.8,260454,False,False,False,True,18,-0.7583715420135828
policy,29357,5721,5671,1071.9,260455,False,False,False,True,70,-0.9988032204386157
policy,29436,5737,5687,1075.4,260456,False,False,False,True,79,-1.4223618320672113
policy,29536,5757,5707,1079.8,260457,False,False,True,False,100,-1.389099806723117
policy,29587,5767,5717,1082.0,260458,False,False,False,True,51,-1.3162329017785805
policy,29640,5777,5727,1084.1,260459,False,False,False,True,53,-1.2811867830520942
policy,29699,5789,5739,1086.8,260460,False,False,False,True,59,-1.2146956956930275
policy,29799,5809,5759,1091.3,260461,False,False,True,False,100,-1.515610985707404
policy,29899,5829,5779,1095.8,260462,False,False,True,False,100,-1.1520201467583857
policy,29999,5849,5799,1100.1,260463,False,False,True,False,100,-1.2987667727611396
policy,30007,5851,5801,1100.5,260464,False,False,False,True,8,-0.6379874179341536
policy,30045,5858,5808,1102.0,260465,False,False,False,True,38,-1.0169028827458488
policy,30117,5873,5823,1105.0,260466,False,False,False,True,72,-0.9637703808691135
policy,30217,5893,5843,1109.2,260467,False,False,True,False,100,-1.1678418174904843
policy,30317,5913,5863,1113.1,260468,False,False,True,False,100,-1.6912569860682098
policy,30395,5928,5878,1116.1,260469,False,False,False,True,78,-0.984958686632366
policy,30443,5938,5888,1118.1,260470,False,False,False,True,48,-0.8549626052612869
policy,30500,5949,5899,1120.4,260471,False,False,False,True,57,-1.2060526497448005
policy,30518,5953,5903,1121.2,260472,False,False,False,True,18,-0.7117155255864805
policy,30594,5968,5918,1124.4,260473,False,False,False,True,76,-1.2353623236272488
policy,30652,5980,5930,1126.7,260474,False,False,False,True,58,-0.9697128937172923
policy,30730,5995,5945,1129.6,260475,False,False,False,True,78,-1.3031266085509368
policy,30735,5996,5946,1129.8,260476,False,False,False,True,5,-0.7812038897144871
policy,30781,6006,5956,1131.7,260477,False,False,False,True,46,-0.9203511781970783
policy,30810,6011,5961,1132.7,260478,False,False,False,True,29,-0.7011381339151366
policy,30907,6031,5981,1136.6,260479,False,False,False,True,97,-1.2173836588113494
policy,31007,6051,6001,1140.8,260480,False,False,True,False,100,-1.4015233825206113
policy,31044,6058,6008,1142.3,260481,False,False,False,True,37,-0.9352545894080648
policy,31144,6078,6028,1146.4,260482,False,False,True,False,100,-1.621794683090445
policy,31221,6094,6044,1149.7,260483,False,False,False,True,77,-1.3451121155784023
policy,31314,6112,6062,1153.3,260484,False,False,False,True,93,-1.3491757840907337
policy,31414,6132,6082,1157.5,260485,False,False,True,False,100,-1.41493397452598
policy,31476,6145,6095,1160.3,260486,False,False,False,True,62,-1.3251242885800443
policy,31518,6153,6103,1162.0,260487,False,False,False,True,42,-1.1502991863691892
policy,31573,6164,6114,1164.2,260488,False,False,False,True,55,-1.1253948350197742
policy,31673,6184,6134,1168.3,260489,False,False,True,False,100,-1.60590653093103
policy,31773,6204,6154,1172.4,260490,False,False,True,False,100,-1.5687925412348638
policy,31820,6213,6163,1174.4,260491,False,False,False,True,47,-0.8537240314922176
policy,31910,6231,6181,1178.2,260492,False,False,False,True,90,-1.3993998993505639
policy,32010,6251,6201,1182.3,260493,False,False,True,False,100,-1.5442138162959294
policy,32065,6262,6212,1184.7,260494,False,False,False,True,55,-1.113706353884588
policy,32165,6282,6232,1189.0,260495,False,False,True,False,100,-1.668040036756099
policy,32176,6285,6235,1189.7,260496,False,False,False,True,11,-0.8346761721682844
policy,32276,6305,6255,1193.9,260497,False,False,True,False,100,-1.0612337345479126
policy,32301,6310,6260,1194.8,260498,False,False,False,True,25,-0.8504560189122758
policy,32375,6324,6274,1197.6,260499,False,False,False,True,74,-1.136480901870338
policy,32475,6344,6294,1202.2,260500,False,False,True,False,100,-1.4773004279653565
policy,32498,6349,6299,1203.1,260501,False,False,False,True,23,-0.999058271898101
policy,32598,6369,6319,1207.2,260502,False,True,True,False,100,-1.4690221736777995
policy,32651,6380,6330,1209.4,260503,False,False,False,True,53,-1.103371206997991
policy,32696,6389,6339,1211.2,260504,False,False,False,True,45,-0.9014162804739155
policy,32765,6402,6352,1213.8,260505,False,False,False,True,69,-1.1212709711737943
policy,32801,6410,6360,1215.3,260506,False,False,False,True,36,-1.0474188663284427
policy,32834,6416,6366,1216.5,260507,False,False,False,True,33,-0.8914400016632122
policy,32934,6436,6386,1220.5,260508,False,False,True,False,100,-1.4062551056767827
policy,32981,6446,6396,1222.4,260509,False,False,False,True,47,-1.0052706463804633
policy,33066,6463,6413,1225.8,260510,False,False,False,True,85,-1.178686832549419
policy,33166,6483,6433,1230.2,260511,False,False,True,False,100,-1.3113697283242163
policy,33266,6503,6453,1234.3,260512,False,False,True,False,100,-1.3104974965564242
policy,33302,6510,6460,1235.6,260513,False,False,False,True,36,-0.9574248317556873
policy,33359,6521,6471,1237.8,260514,False,False,False,True,57,-0.9875635184815712
policy,33459,6541,6491,1242.0,260515,False,False,True,False,100,-1.3632049881891128
policy,33494,6548,6498,1243.5,260516,False,False,False,True,35,-0.9311452997260843
policy,33537,6557,6507,1245.4,260517,False,False,False,True,43,-0.9197838362382162
policy,33552,6560,6510,1246.0,260518,False,False,False,True,15,-0.7621547300923759
policy,33652,6580,6530,1250.1,260519,False,False,True,False,100,-1.1860940967873888
policy,33752,6600,6550,1254.4,260520,False,True,True,False,100,-1.3142473460676143
policy,33783,6606,6556,1255.7,260521,False,False,False,True,31,-0.8394896137315524
policy,33857,6621,6571,1259.1,260522,False,False,False,True,74,-1.0734780815407166
policy,33880,6625,6575,1259.9,260523,False,False,False,True,23,-0.7717943001882239
policy,33918,6633,6583,1261.5,260524,False,False,False,True,38,-1.0044382299959074
policy,33982,6646,6596,1264.0,260525,False,False,False,True,64,-0.9358616152284256
policy,34048,6659,6609,1266.5,260526,False,False,False,True,66,-1.3206726621681206
policy,34115,6672,6622,1269.1,260527,False,False,False,True,67,-1.0125455655886835
policy,34215,6692,6642,1273.2,260528,False,False,True,False,100,-1.449403985813876
policy,34315,6712,6662,1277.5,260529,False,True,True,False,100,-1.664488080212633
policy,34334,6716,6666,1278.3,260530,False,False,False,True,19,-0.7801549421674523
policy,34434,6736,6686,1282.2,260531,False,False,True,False,100,-1.4510280878225914
policy,34465,6742,6692,1283.4,260532,False,False,False,True,31,-0.7608801968104675
policy,34483,6746,6696,1284.3,260533,False,False,False,True,18,-0.6603076614967014
policy,34529,6755,6705,1286.1,260534,False,True,False,True,46,-1.0101539947434932
policy,34629,6775,6725,1290.3,260535,False,True,True,False,100,-1.5819797024112936
policy,34644,6778,6728,1290.9,260536,False,False,False,True,15,-0.7508058689907885
policy,34744,6798,6748,1294.8,260537,False,False,True,False,100,-1.3178833404463859
policy,34762,6802,6752,1295.6,260538,False,False,False,True,18,-0.8809790494891121
policy,34862,6822,6772,1299.6,260539,False,False,True,False,100,-1.4164859016008806
policy,34907,6831,6781,1301.5,260540,False,False,False,True,45,-1.0482745474766628
policy,35007,6851,6801,1305.5,260541,False,False,True,False,100,-1.4177045535703718
policy,35102,6870,6820,1309.3,260542,False,False,False,True,95,-1.0249680872065736
policy,35151,6880,6830,1311.4,260543,False,False,False,True,49,-1.0904941172356712
policy,35194,6888,6838,1313.0,260544,False,False,False,True,43,-1.0908974071290536
policy,35294,6908,6858,1317.3,260545,False,False,True,False,100,-1.3191278759486853
policy,35369,6923,6873,1320.5,260546,False,False,False,True,75,-1.4234354291398568
policy,35469,6943,6893,1324.5,260547,False,False,True,False,100,-1.3610002434660573
policy,35485,6946,6896,1325.1,260548,False,False,False,True,16,-0.9138965123243231
policy,35585,6966,6916,1329.3,260549,False,False,True,False,100,-1.1783226377450522
policy,35610,6971,6921,1330.8,260550,False,False,False,True,25,-0.786726798552198
policy,35648,6979,6929,1332.4,260551,False,False,False,True,38,-0.8620457349496502
policy,35675,6984,6934,1333.4,260552,False,False,False,True,27,-1.0401253377974269
policy,35762,7002,6952,1336.8,260553,False,False,False,True,87,-1.082742393157757
policy,35777,7005,6955,1337.4,260554,False,False,False,True,15,-0.8172476421787188
policy,35812,7012,6962,1338.8,260555,False,False,False,True,35,-0.9504950702264923
policy,35912,7032,6982,1342.7,260556,False,False,True,False,100,-1.0761146307061438
policy,35967,7043,6993,1344.9,260557,False,False,False,True,55,-1.2383915311095595
policy,36067,7063,7013,1348.9,260558,False,False,True,False,100,-1.7274588952774805
policy,36086,7067,7017,1349.7,260559,False,False,False,True,19,-0.6832834770517633
policy,36180,7085,7035,1353.3,260560,False,False,False,True,94,-1.3796140897848983
policy,36280,7105,7055,1357.7,260561,False,False,True,False,100,-1.1176815311367085
policy,36380,7125,7075,1362.1,260562,False,True,True,False,100,-1.3041878005710095
policy,36398,7129,7079,1363.0,260563,False,False,False,True,18,-0.7608672015753839
policy,36455,7140,7090,1365.4,260564,False,False,False,True,57,-1.0899480006466458
policy,36555,7160,7110,1369.7,260565,False,False,True,False,100,-1.2322416115546417
policy,36562,7162,7112,1370.1,260566,False,False,False,True,7,-0.6734875396291384
policy,36596,7169,7119,1371.4,260567,False,False,False,True,34,-0.8223248711671142
policy,36696,7189,7139,1375.8,260568,False,True,True,False,100,-1.7688334337420577
policy,36707,7191,7141,1376.2,260569,False,False,False,True,11,-0.6059686129837674
policy,36758,7201,7151,1378.4,260570,False,False,False,True,51,-1.2590541594497566
policy,36790,7207,7157,1379.7,260571,False,False,False,True,32,-0.7776100798819261
policy,36890,7227,7177,1384.0,260572,False,False,True,False,100,-1.5570562434008532
policy,36990,7247,7197,1388.3,260573,False,False,True,False,100,-1.0952138887548855
policy,37081,7266,7216,1392.4,260574,False,False,False,True,91,-1.4949210562104749
policy,37181,7286,7236,1396.7,260575,False,False,True,False,100,-1.1798350450215986
policy,37281,7306,7256,1400.8,260576,False,False,True,False,100,-1.0827529610041062
policy,37338,7317,7267,1403.1,260577,False,False,False,True,57,-1.0073122356478388
policy,37438,7337,7287,1407.5,260578,False,False,True,False,100,-1.4767104877776176
policy,37507,7351,7301,1410.4,260579,False,False,False,True,69,-1.1413714989955586
policy,37607,7371,7321,1414.6,260580,False,False,True,False,100,-1.6740257186946241
policy,37645,7378,7328,1416.1,260581,False,False,False,True,38,-0.7699332370636713
policy,37745,7398,7348,1420.2,260582,False,False,True,False,100,-1.1300854896194998
policy,37756,7401,7351,1420.8,260583,False,False,False,True,11,-0.7170156578476519
policy,37825,7414,7364,1423.3,260584,False,False,False,True,69,-1.0518065462606794
policy,37881,7426,7376,1425.7,260585,False,False,False,True,56,-0.9670407970035826
policy,37981,7446,7396,1429.6,260586,False,False,True,False,100,-1.2594562372189353
policy,38023,7454,7404,1431.3,260587,False,False,False,True,42,-0.8843946530277
policy,38035,7456,7406,1431.7,260588,False,False,False,True,12,-0.6954252980335799
policy,38069,7463,7413,1433.2,260589,False,False,False,True,34,-1.1337612498195178
policy,38128,7475,7425,1435.8,260590,False,False,False,True,59,-1.177864091824012
policy,38228,7495,7445,1439.9,260591,False,False,True,False,100,-1.3697851363069673
policy,38328,7515,7465,1443.8,260592,False,False,True,False,100,-1.2958690631767291
policy,38358,7521,7471,1445.1,260593,False,False,False,True,30,-0.9608239187780565
policy,38373,7524,7474,1445.7,260594,False,False,False,True,15,-0.6794225195092886
policy,38434,7536,7486,1448.1,260595,False,False,False,True,61,-1.037178721987027
policy,38523,7554,7504,1451.5,260596,False,False,False,True,89,-1.373744239295804
policy,38571,7564,7514,1453.5,260597,False,False,False,True,48,-0.7751321662207689
policy,38632,7576,7526,1455.8,260598,False,False,False,True,61,-1.112433154602432
policy,38729,7595,7545,1459.5,260599,False,False,False,True,97,-1.5975097938873177
policy,38738,7597,7547,1459.9,260600,False,False,False,True,9,-0.8981795534436183
policy,38838,7617,7567,1463.8,260601,False,False,True,False,100,-1.6030786926483338
policy,38861,7622,7572,1464.8,260602,False,False,False,True,23,-0.8561569854374692
policy,38904,7630,7580,1466.4,260603,False,False,False,True,43,-0.9976104549000782
policy,39004,7650,7600,1470.2,260604,False,False,True,False,100,-1.391726971330638
policy,39094,7668,7618,1473.8,260605,False,False,False,True,90,-1.3178149873767282
policy,39140,7677,7627,1475.6,260606,False,False,False,True,46,-0.8258078318936368
policy,39240,7697,7647,1479.6,260607,False,False,True,False,100,-1.4269674534438161
policy,39340,7717,7667,1483.6,260608,False,False,True,False,100,-1.5559515438589377
policy,39440,7737,7687,1487.8,260609,False,False,True,False,100,-1.5392082541540066
policy,39540,7757,7707,1492.1,260610,False,False,True,False,100,-1.5710302099970175
policy,39584,7766,7716,1494.1,260611,False,True,False,True,44,-1.2000265284181326
policy,39640,7777,7727,1496.4,260612,False,False,False,True,56,-1.145664575575986
policy,39717,7793,7743,1500.0,260613,False,False,False,True,77,-1.0955239737827658
policy,39726,7795,7745,1500.5,260614,False,False,False,True,9,-0.7135009449383305
policy,39743,7798,7748,1501.2,260615,False,False,False,True,17,-0.8584284945295918
policy,39788,7807,7757,1503.5,260616,False,False,False,True,45,-1.0401027120394688
policy,39801,7810,7760,1504.1,260617,False,False,False,True,13,-0.9450936672008486
policy,39901,7830,7780,1508.3,260618,False,False,True,False,100,-1.267286209466101
policy,39916,7833,7783,1508.9,260619,False,False,False,True,15,-0.7942147999575893
policy,39999,7849,7799,1512.1,260620,False,True,False,True,83,-1.2850949851607303
policy,40099,7869,7819,1516.2,260621,False,False,True,False,100,-1.3450162170313225
policy,40171,7884,7834,1519.2,260622,False,False,False,True,72,-1.3499823350462863
policy,40271,7904,7854,1523.3,260623,False,False,True,False,100,-1.1590012540170276
policy,40279,7905,7855,1523.5,260624,False,False,False,True,8,-0.7142989124459482
policy,40379,7925,7875,1527.7,260625,False,False,True,False,100,-1.4026939048930736
policy,40479,7945,7895,1531.8,260626,False,False,True,False,100,-1.5266021277722484
policy,40579,7965,7915,1535.8,260627,False,False,True,False,100,-1.4126425660099082
policy,40679,7985,7935,1540.0,260628,False,False,True,False,100,-1.4958363055429749
policy,40779,8005,7955,1544.6,260629,False,False,True,False,100,-1.3843835505567217
policy,40879,8025,7975,1548.8,260630,False,False,True,False,100,-1.2349368802094296
policy,40888,8027,7977,1549.3,260631,False,False,False,True,9,-0.6107787116050991
policy,40891,8028,7978,1549.6,260632,False,False,False,True,3,-0.605284762071362
policy,40911,8032,7982,1550.4,260633,False,False,False,True,20,-0.7534954532690614
policy,41011,8052,8002,1554.9,260634,False,False,True,False,100,-1.533761876059999
policy,41111,8072,8022,1559.8,260635,False,False,True,False,100,-1.2357264401179044
policy,41181,8086,8036,1562.7,260636,False,False,False,True,70,-1.0126004466464649
policy,41271,8104,8054,1566.6,260637,False,False,False,True,90,-1.2518910551586933
policy,41281,8106,8056,1567.0,260638,False,False,False,True,10,-0.6033564262442317
policy,41381,8126,8076,1571.0,260639,False,False,True,False,100,-1.2964042800851794
policy,41436,8137,8087,1573.3,260640,False,False,False,True,55,-1.2463070133106422
policy,41528,8155,8105,1577.0,260641,False,False,False,True,92,-1.6530463951546692
policy,41553,8160,8110,1578.0,260642,False,False,False,True,25,-0.7472754618935227
policy,41653,8180,8130,1582.1,260643,False,False,True,False,100,-1.4344757298151702
policy,41714,8192,8142,1584.6,260644,False,False,False,True,61,-1.0264895520439543
policy,41748,8199,8149,1586.1,260645,False,False,False,True,34,-0.8721851480261251
policy,41768,8203,8153,1587.0,260646,False,False,False,True,20,-0.8589813909494688
policy,41790,8207,8157,1587.8,260647,False,False,False,True,22,-0.6927258119681481
policy,41890,8227,8177,1591.9,260648,False,False,True,False,100,-1.3363684778309475
policy,41909,8231,8181,1592.7,260649,False,False,False,True,19,-0.7950276364545543
policy,41981,8246,8196,1595.9,260650,False,False,False,True,72,-1.1575765192889136
policy,42008,8251,8201,1597.1,260651,False,False,False,True,27,-0.7560277305702154
policy,42108,8271,8221,1601.7,260652,False,True,True,False,100,-1.5502209013077572
policy,42131,8276,8226,1602.8,260653,False,False,False,True,23,-0.9201586834872959
policy,42144,8278,8228,1603.2,260654,False,False,False,True,13,-0.6104972143651204
policy,42244,8298,8248,1607.6,260655,False,False,True,False,100,-1.4912868158918964
policy,42309,8311,8261,1610.3,260656,False,False,False,True,65,-1.153161747240075
policy,42380,8325,8275,1613.3,260657,False,False,False,True,71,-1.27072108243537
policy,42416,8333,8283,1615.1,260658,False,False,False,True,36,-0.915324755969553
policy,42419,8333,8283,1615.1,260659,False,False,False,True,3,-0.8580953194079364
policy,42519,8353,8303,1619.4,260660,False,False,True,False,100,-1.5691914368389746
policy,42598,8369,8319,1622.9,260661,False,False,False,True,79,-1.4998837552060769
policy,42637,8377,8327,1624.7,260662,False,False,False,True,39,-0.764981769736762
policy,42733,8396,8346,1628.5,260663,False,False,False,True,96,-1.6559590650597786
policy,42762,8402,8352,1629.7,260664,False,True,False,True,29,-1.0060646123351775
policy,42837,8417,8367,1632.7,260665,False,False,False,True,75,-1.083580638566388
policy,42869,8423,8373,1633.9,260666,False,False,False,True,32,-0.9551189541690958
policy,42912,8432,8382,1635.7,260667,False,False,False,True,43,-0.9828512918957539
policy,43012,8452,8402,1639.7,260668,False,True,True,False,100,-1.4326141719629262
policy,43112,8472,8422,1643.7,260669,False,False,True,False,100,-1.2889289942437916
policy,43147,8479,8429,1645.1,260670,False,False,False,True,35,-0.8974461863695186
policy,43247,8499,8449,1649.1,260671,False,True,True,False,100,-1.496230417365139
policy,43347,8519,8469,1653.1,260672,False,False,True,False,100,-1.1964886038028235
policy,43410,8531,8481,1655.5,260673,False,False,False,True,63,-0.858630324993679
policy,43494,8548,8498,1658.8,260674,False,False,False,True,84,-1.28463132847855
policy,43594,8568,8518,1662.6,260675,False,False,True,False,100,-1.252952602260589
policy,43661,8582,8532,1665.2,260676,False,False,False,True,67,-1.211000020938649
policy,43761,8602,8552,1669.3,260677,False,False,True,False,100,-1.271019617174743
policy,43855,8620,8570,1672.7,260678,False,False,False,True,94,-1.3837236535174355
policy,43955,8640,8590,1676.6,260679,False,True,True,False,100,-1.6743703582762672
policy,43975,8644,8594,1677.5,260680,False,False,False,True,20,-0.8947030557422063
policy,44031,8656,8606,1679.9,260681,False,False,False,True,56,-1.2188704689679672
policy,44094,8668,8618,1682.2,260682,False,False,False,True,63,-1.306521743699948
policy,44194,8688,8638,1686.0,260683,False,False,True,False,100,-1.1836172490701822
policy,44210,8691,8641,1686.6,260684,False,False,False,True,16,-0.9468077594957834
policy,44310,8711,8661,1690.7,260685,False,False,True,False,100,-1.5212682127912904
policy,44390,8727,8677,1693.8,260686,False,False,False,True,80,-0.986197374234199
policy,44400,8729,8679,1694.2,260687,False,False,False,True,10,-0.6127568693704233
policy,44457,8741,8691,1696.6,260688,False,False,False,True,57,-1.012836274536437
policy,44557,8761,8711,1700.4,260689,False,False,True,False,100,-1.373302613181273
policy,44657,8781,8731,1704.2,260690,False,False,True,False,100,-1.4802872121964659
policy,44738,8797,8747,1707.3,260691,False,False,False,True,81,-1.332651239924606
policy,44838,8817,8767,1711.2,260692,False,False,True,False,100,-1.491528127949529
policy,44938,8837,8787,1715.1,260693,False,False,True,False,100,-1.4244265203172857
policy,44951,8840,8790,1715.8,260694,False,False,False,True,13,-0.9439240380718354
policy,44955,8840,8790,1715.8,260695,False,False,False,True,4,-0.776180835157795
policy,45015,8852,8802,1718.2,260696,False,False,False,True,60,-1.1131889421914356
policy,45050,8859,8809,1719.5,260697,False,False,False,True,35,-0.7432974142106692
policy,45061,8862,8812,1720.1,260698,False,False,False,True,11,-0.9713118548826443
policy,45161,8882,8832,1723.9,260699,False,False,True,False,100,-1.213624845826284
policy,45249,8899,8849,1727.2,260700,False,False,False,True,88,-1.2840177980962626
policy,45295,8908,8858,1728.9,260701,False,False,False,True,46,-1.150504536129417
policy,45395,8928,8878,1732.8,260702,False,False,True,False,100,-1.5376319360707278
policy,45478,8945,8895,1736.2,260703,False,False,False,True,83,-1.4332317984192164
policy,45578,8965,8915,1740.1,260704,False,False,True,False,100,-1.189548679612279
policy,45678,8985,8935,1744.1,260705,False,False,True,False,100,-1.6281824590731206
policy,45762,9002,8952,1747.3,260706,False,False,False,True,84,-1.2017490581751022
policy,45862,9022,8972,1751.1,260707,False,False,True,False,100,-1.681500416611078
policy,45962,9042,8992,1755.0,260708,False,True,True,False,100,-1.3508955278904087
policy,46007,9051,9001,1756.7,260709,False,False,False,True,45,-0.9687749178767389
policy,46019,9053,9003,1757.1,260710,False,False,False,True,12,-0.7207301594941316
policy,46087,9067,9017,1760.0,260711,False,False,False,True,68,-0.9408097609918394
policy,46187,9087,9037,1764.1,260712,False,False,True,False,100,-1.345376242667304
policy,46197,9089,9039,1764.5,260713,False,False,False,True,10,-0.7237695134505605
policy,46280,9105,9055,1767.8,260714,False,False,False,True,83,-1.3642460261474325
policy,46380,9125,9075,1771.9,260715,False,False,True,False,100,-1.6552084486877048
policy,46480,9145,9095,1775.8,260716,False,False,True,False,100,-1.382758379461162
policy,46580,9165,9115,1779.7,260717,False,False,True,False,100,-1.5892794446325595
policy,46680,9185,9135,1783.5,260718,False,False,True,False,100,-1.4407216025514011
policy,46725,9194,9144,1785.3,260719,False,False,False,True,45,-0.9704325384041639
policy,46819,9213,9163,1789.2,260720,False,False,False,True,94,-1.586927748008242
policy,46880,9225,9175,1791.7,260721,False,False,False,True,61,-1.0588236676504992
policy,46980,9245,9195,1795.7,260722,False,True,True,False,100,-1.5870804590032415
policy,47080,9265,9215,1800.0,260723,False,True,True,False,100,-1.4418407840202048
policy,47180,9285,9235,1804.3,260724,False,False,True,False,100,-1.4364184504537618
policy,47277,9305,9255,1808.4,260725,False,False,False,True,97,-1.6396442834316851
policy,47377,9325,9275,1812.5,260726,False,False,True,False,100,-1.2378478077468564
policy,47477,9345,9295,1816.6,260727,False,False,True,False,100,-1.360033877325774
policy,47524,9354,9304,1818.4,260728,False,False,False,True,47,-1.0708742678906642
policy,47535,9356,9306,1818.8,260729,False,False,False,True,11,-0.6981105985043252
policy,47635,9376,9326,1823.0,260730,False,False,True,False,100,-1.7333338478826903
policy,47735,9396,9346,1827.0,260731,False,True,True,False,100,-1.7956247557463054
policy,47743,9398,9348,1827.4,260732,False,False,False,True,8,-0.645228012913632
policy,47774,9404,9354,1828.6,260733,False,False,False,True,31,-0.8577859721312687
policy,47874,9424,9374,1832.6,260734,False,False,True,False,100,-1.4992222676879003
policy,47928,9435,9385,1834.8,260735,False,False,False,True,54,-0.859740815368199
policy,48028,9455,9405,1838.9,260736,False,False,True,False,100,-1.6275143814874844
policy,48092,9468,9418,1841.5,260737,False,False,False,True,64,-1.1478956800240157
policy,48124,9474,9424,1842.8,260738,False,False,False,True,32,-0.7782506404442886
policy,48134,9476,9426,1843.2,260739,False,False,False,True,10,-0.5987026898632363
policy,48234,9496,9446,1847.3,260740,False,False,True,False,100,-1.2445455799638845
policy,48334,9516,9466,1851.4,260741,False,False,True,False,100,-1.4165408112703926
policy,48429,9535,9485,1855.3,260742,False,False,False,True,95,-1.2087684005972896
policy,48529,9555,9505,1859.3,260743,False,False,True,False,100,-1.3511244078415596
policy,48587,9567,9517,1861.7,260744,False,False,False,True,58,-0.9661442143967832
policy,48595,9568,9518,1862.0,260745,False,False,False,True,8,-0.6443914603615135
policy,48695,9588,9538,1866.1,260746,False,True,True,False,100,-1.2853331466061741
policy,48760,9601,9551,1868.7,260747,False,False,False,True,65,-1.0506670873596384
policy,48860,9621,9571,1872.7,260748,False,True,True,False,100,-1.6410029128207926
policy,48888,9627,9577,1874.0,260749,False,False,False,True,28,-0.9328404348420245
policy,48988,9647,9597,1878.1,260750,False,False,True,False,100,-1.3804889652071783
policy,49088,9667,9617,1882.1,260751,False,False,True,False,100,-1.4081499078437119
policy,49135,9676,9626,1883.9,260752,False,False,False,True,47,-1.1214064258827126
policy,49235,9696,9646,1887.7,260753,False,False,True,False,100,-1.2397474278717677
policy,49249,9699,9649,1888.3,260754,False,False,False,True,14,-0.7884755489269035
policy,49349,9719,9669,1892.1,260755,False,False,True,False,100,-1.4326182510630514
policy,49449,9739,9689,1896.0,260756,False,False,True,False,100,-1.0915267628445111
policy,49549,9759,9709,1899.9,260757,False,True,True,False,100,-1.4512203038053826
policy,49649,9779,9729,1903.9,260758,False,False,True,False,100,-1.1961588754524959
policy,49749,9799,9749,1907.9,260759,False,False,True,False,100,-1.1724375640698184
policy,49849,9819,9769,1911.9,260760,False,False,True,False,100,-1.2429101816826533
policy,49918,9833,9783,1914.7,260761,False,False,False,True,69,-1.178072362423378
policy,50018,9853,9803,1919.2,260762,False,False,True,False,100,-1.1985664643122735
policy,50058,9861,9811,1920.8,260763,False,False,False,True,40,-1.171176640478696
policy,50158,9881,9831,1924.6,260764,False,True,False,True,100,-1.6231276357890676
policy,50258,9901,9851,1928.5,260765,False,False,True,False,100,-1.2252964927144419
policy,50286,9907,9857,1929.7,260766,False,False,False,True,28,-0.7114205903550632
policy,50386,9927,9877,1934.3,260767,False,False,True,False,100,-1.4483389963178175
policy,50486,9947,9897,1938.1,260768,False,False,True,False,100,-1.318651969218366
policy,50504,9950,9900,1938.7,260769,False,False,False,True,18,-0.7069566517406994
policy,50604,9970,9920,1942.7,260770,False,False,True,False,100,-1.6032868226607206
policy,50704,9990,9940,1946.7,260771,False,False,True,False,100,-1.1101570387080706
policy,50768,10003,9953,1949.4,260772,False,False,False,True,64,-1.2338143127663868
policy,50844,10018,9968,1952.3,260773,False,False,False,True,76,-1.1848881982715467
policy,50865,10022,9972,1953.1,260774,False,False,False,True,21,-0.8535334688672269
policy,50965,10042,9992,1957.0,260775,False,False,True,False,100,-1.2741943023066273
policy,51065,10062,10012,1961.0,260776,False,False,True,False,100,-1.373404084342283
policy,51165,10082,10032,1964.9,260777,False,False,True,False,100,-1.2045603923592605
policy,51265,10102,10052,1968.9,260778,False,False,True,False,100,-1.3077336799974784
policy,51365,10122,10072,1972.8,260779,False,False,True,False,100,-1.4242270650569244
policy,51465,10142,10092,1976.9,260780,False,False,True,False,100,-1.6763896707170152
policy,51565,10162,10112,1980.8,260781,False,False,True,False,100,-1.4325532439797004
policy,51616,10173,10123,1982.9,260782,False,False,False,True,51,-0.9880712861100613
policy,51716,10193,10143,1987.1,260783,False,False,True,False,100,-1.7504768427079371
policy,51733,10196,10146,1987.7,260784,False,False,False,True,17,-0.9037151241619954
policy,51833,10216,10166,1991.7,260785,False,False,True,False,100,-1.7246975888364746
policy,51933,10236,10186,1995.6,260786,False,False,True,False,100,-1.4788156802148693
policy,51993,10248,10198,1997.9,260787,False,False,False,True,60,-1.1399653302387875
policy,52003,10250,10200,1998.3,260788,False,False,False,True,10,-0.7787097206398697
policy,52103,10270,10220,2002.3,260789,False,False,True,False,100,-1.2421265032084154
policy,52177,10285,10235,2005.4,260790,False,False,False,True,74,-1.2417238889585125
policy,52219,10293,10243,2007.0,260791,True,True,False,False,42,0.761252351575056
policy,52226,10295,10245,2007.5,260792,False,False,False,True,7,-0.8083896478811821
policy,52321,10314,10264,2011.1,260793,False,False,False,True,95,-1.1829024829597852
policy,52421,10334,10284,2014.9,260794,False,False,True,False,100,-1.5736943961265306
policy,52521,10354,10304,2018.8,260795,False,False,True,False,100,-1.5754194246106157
policy,52621,10374,10324,2022.6,260796,False,False,True,False,100,-1.1918256627119572
policy,52721,10394,10344,2026.7,260797,False,False,True,False,100,-1.3507544455836513
policy,52775,10404,10354,2028.7,260798,False,False,False,True,54,-1.018642508457537
policy,52833,10416,10366,2031.2,260799,False,False,False,True,58,-1.1623512903237248
policy,52905,10430,10380,2033.9,260800,False,False,False,True,72,-1.250422937659719
policy,53005,10450,10400,2037.7,260801,False,True,True,False,100,-1.5988059090746392
policy,53011,10452,10402,2038.1,260802,False,False,False,True,6,-0.8041316471266012
policy,53111,10472,10422,2041.8,260803,False,False,True,False,100,-1.4881106823110697
policy,53173,10484,10434,2044.1,260804,False,False,False,True,62,-1.4409662173143118
policy,53273,10504,10454,2048.0,260805,False,True,True,False,100,-1.460542606040546
policy,53373,10524,10474,2051.9,260806,False,False,True,False,100,-1.4255612180843051
policy,53467,10543,10493,2055.6,260807,False,False,False,True,94,-1.3779823922801924
policy,53567,10563,10513,2059.5,260808,False,False,True,False,100,-1.1932613477266791
policy,53602,10570,10520,2061.0,260809,False,False,False,True,35,-1.0131477061620544
policy,53702,10590,10540,2064.9,260810,False,False,True,False,100,-1.283946271782534
policy,53762,10602,10552,2067.3,260811,False,True,False,True,60,-1.2355348437062132
policy,53789,10607,10557,2068.3,260812,False,False,False,True,27,-0.8085615792370625
policy,53869,10623,10573,2071.4,260813,False,False,False,True,80,-1.0794997665329147
policy,53892,10628,10578,2072.4,260814,False,False,False,True,23,-0.9486569549871795
policy,53992,10648,10598,2076.3,260815,False,False,True,False,100,-1.287114202251428
policy,54092,10668,10618,2080.2,260816,False,False,True,False,100,-1.5131879354144928
policy,54112,10672,10622,2080.9,260817,False,False,False,True,20,-1.0844097175662208
policy,54147,10679,10629,2082.3,260818,False,False,False,True,35,-1.001167829943329
policy,54247,10699,10649,2086.3,260819,False,False,True,False,100,-1.506070148771886
policy,54264,10702,10652,2086.9,260820,False,False,False,True,17,-0.7066833704394923
policy,54334,10716,10666,2089.6,260821,False,False,False,True,70,-1.2617006671220978
policy,54434,10736,10686,2093.7,260822,False,False,True,False,100,-1.6710742335078723
policy,54525,10754,10704,2097.3,260823,False,False,False,True,91,-1.2830069676453808
policy,54625,10774,10724,2101.3,260824,False,False,True,False,100,-1.6081345909939677
policy,54643,10778,10728,2102.1,260825,False,False,False,True,18,-0.640450980100121
policy,54741,10798,10748,2106.2,260826,False,False,False,True,98,-0.9805400784126517
policy,54801,10810,10760,2108.5,260827,False,False,False,True,60,-1.2342792961562574
policy,54901,10830,10780,2112.4,260828,False,False,True,False,100,-1.2251351137397322
policy,54911,10832,10782,2112.8,260829,False,False,False,True,10,-0.7373395277648831
policy,55011,10852,10802,2116.7,260830,False,False,True,False,100,-1.393498349236767
policy,55111,10872,10822,2120.5,260831,False,False,True,False,100,-1.4187173236471178
policy,55211,10892,10842,2124.4,260832,False,False,True,False,100,-1.4672575313235945
policy,55311,10912,10862,2128.2,260833,False,False,True,False,100,-1.1673674255651059
policy,55411,10932,10882,2132.1,260834,False,True,True,False,100,-1.4908858610669466
policy,55511,10952,10902,2135.9,260835,False,False,True,False,100,-1.5850702631753353
policy,55611,10972,10922,2139.8,260836,False,False,True,False,100,-1.399010933569516
policy,55711,10992,10942,2143.8,260837,False,False,True,False,100,-1.1647801351671023
policy,55811,11012,10962,2147.6,260838,False,True,True,False,100,-1.3494196540416303
policy,55842,11018,10968,2148.8,260839,False,False,False,True,31,-0.8704409182394118
policy,55942,11038,10988,2152.6,260840,False,False,True,False,100,-1.5966616565296523
policy,55987,11047,10997,2154.4,260841,False,False,False,True,45,-0.8255917010986087
policy,56016,11053,11003,2155.6,260842,False,False,False,True,29,-0.9803340691882348
policy,56063,11062,11012,2157.3,260843,False,False,False,True,47,-0.9923546361379659
policy,56163,11082,11032,2161.1,260844,False,False,True,False,100,-1.0262490508160136
policy,56263,11102,11052,2165.0,260845,False,False,True,False,100,-1.2257111510241032
policy,56363,11122,11072,2168.9,260846,False,False,True,False,100,-1.1797681358408592
policy,56371,11124,11074,2169.3,260847,False,False,False,True,8,-0.7517437106116439
policy,56471,11144,11094,2173.2,260848,False,True,True,False,100,-1.4847078624652386
policy,56492,11148,11098,2174.0,260849,False,False,False,True,21,-0.8247984046387264
policy,56573,11164,11114,2177.1,260850,False,False,False,True,81,-1.3992798432540803
policy,56673,11184,11134,2181.0,260851,False,False,True,False,100,-1.190326579827764
policy,56773,11204,11154,2184.8,260852,False,False,True,False,100,-1.4818572624432007
policy,56873,11224,11174,2188.6,260853,False,False,True,False,100,-1.1437464142949378
policy,56935,11236,11186,2190.9,260854,False,False,False,True,62,-1.3449018037640403
policy,56977,11245,11195,2192.6,260855,False,False,False,True,42,-1.0610107880639608
policy,57058,11261,11211,2195.7,260856,False,False,False,True,81,-1.3538565680091383
policy,57077,11265,11215,2196.5,260857,False,False,False,True,19,-0.7226593096476366
policy,57177,11285,11235,2200.5,260858,False,False,True,False,100,-1.4345187388061273
policy,57277,11305,11255,2204.3,260859,False,True,True,False,100,-1.5937457422175707
policy,57377,11325,11275,2208.2,260860,False,False,True,False,100,-1.4007633494668865
policy,57477,11345,11295,2212.2,260861,False,False,True,False,100,-1.0127062885325553
policy,57577,11365,11315,2216.2,260862,False,True,True,False,100,-1.4831988943040952
policy,57677,11385,11335,2220.1,260863,False,False,True,False,100,-1.6725205500482727
policy,57745,11398,11348,2222.7,260864,False,False,False,True,68,-1.0379238655953278
policy,57839,11417,11367,2226.5,260865,False,False,False,True,94,-1.2651873798794036
policy,57939,11437,11387,2230.6,260866,False,True,True,False,100,-1.5826224326529568
policy,58003,11450,11400,2233.2,260867,False,False,False,True,64,-1.182743756446431
policy,58103,11470,11420,2237.1,260868,False,False,True,False,100,-1.311782372769789
policy,58127,11475,11425,2238.1,260869,False,False,False,True,24,-0.6714581607976104
policy,58223,11494,11444,2241.9,260870,False,False,False,True,96,-1.2299723923123351
policy,58249,11499,11449,2243.0,260871,False,False,False,True,26,-0.9129399671131329
policy,58349,11519,11469,2247.1,260872,False,False,True,False,100,-1.005960617912507
policy,58449,11539,11489,2251.0,260873,False,False,True,False,100,-1.251155537461988
policy,58549,11559,11509,2255.0,260874,False,False,True,False,100,-1.529748980285258
policy,58625,11574,11524,2258.1,260875,False,False,False,True,76,-1.1211581339494876
policy,58725,11594,11544,2262.0,260876,False,False,True,False,100,-1.4557411991192777
policy,58792,11608,11558,2264.7,260877,False,False,False,True,67,-1.2208961644118153
policy,58862,11622,11572,2267.7,260878,False,False,False,True,70,-1.430985928386603
policy,58898,11629,11579,2269.3,260879,False,False,False,True,36,-0.879964741240004
policy,58990,11647,11597,2273.1,260880,False,False,False,True,92,-1.5953560596238512
policy,59090,11667,11617,2277.2,260881,False,False,True,False,100,-1.4520142870694417
policy,59190,11687,11637,2281.0,260882,False,False,True,False,100,-1.2820706929213368
policy,59290,11707,11657,2284.8,260883,False,False,True,False,100,-1.5912085601875305
policy,59390,11727,11677,2288.7,260884,False,False,True,False,100,-1.3067333621363173
policy,59490,11747,11697,2292.7,260885,False,False,True,False,100,-1.5519938060761964
policy,59500,11749,11699,2293.1,260886,False,False,False,True,10,-0.7394041800858984
policy,59526,11755,11705,2294.4,260887,False,False,False,True,26,-0.9123385556726491
policy,59626,11775,11725,2298.5,260888,False,False,True,False,100,-1.086754095906447
policy,59726,11795,11745,2302.6,260889,False,True,True,False,100,-1.5845073199120152
policy,59738,11797,11747,2303.0,260890,False,False,False,True,12,-0.647121269535502
policy,59838,11817,11767,2307.0,260891,False,False,True,False,100,-1.2978653718405857
policy,59938,11837,11787,2310.9,260892,False,False,True,False,100,-1.565536146972092
policy,60021,11854,11804,2314.2,260893,False,False,False,True,83,-1.2266541415211853
policy,60121,11874,11824,2318.2,260894,False,False,True,False,100,-1.3205112786137925
policy,60221,11894,11844,2322.2,260895,False,False,True,False,100,-1.425392003140546
policy,60321,11914,11864,2326.1,260896,False,False,True,False,100,-1.125547312695068
policy,60421,11934,11884,2330.0,260897,False,False,True,False,100,-1.4577666855405964
policy,60521,11954,11904,2334.0,260898,False,False,True,False,100,-1.354449845709377
policy,60567,11963,11913,2335.7,260899,False,False,False,True,46,-1.1550631603580102
policy,60667,11983,11933,2339.6,260900,False,True,True,False,100,-1.7457945873146063
policy,60767,12003,11953,2343.4,260901,False,False,True,False,100,-1.3047387839074214
policy,60812,12012,11962,2345.2,260902,False,False,False,True,45,-0.9064592484901144
policy,60867,12023,11973,2347.4,260903,False,False,False,True,55,-0.8748805350964122
policy,60967,12043,11993,2351.4,260904,False,False,True,False,100,-1.289796227462785
policy,61067,12063,12013,2355.5,260905,False,False,True,False,100,-1.6221004633451956
policy,61162,12082,12032,2359.2,260906,False,False,False,True,95,-1.418043619113998
policy,61193,12088,12038,2360.4,260907,False,False,False,True,31,-0.822605494182858
policy,61293,12108,12058,2364.3,260908,False,False,True,False,100,-1.32395472833179
policy,61393,12128,12078,2368.2,260909,False,False,True,False,100,-1.2183523491455732
policy,61493,12148,12098,2372.3,260910,False,False,True,False,100,-1.6486922651087577
policy,61554,12160,12110,2374.8,260911,False,False,False,True,61,-1.2617282236257714
policy,61654,12180,12130,2378.9,260912,False,False,True,False,100,-1.7889723890777058
policy,61754,12200,12150,2383.0,260913,False,False,True,False,100,-1.6189403245270966
policy,61854,12220,12170,2387.2,260914,False,True,True,False,100,-1.5120914139256798
policy,61882,12226,12176,2388.4,260915,False,False,False,True,28,-1.044001636407458
policy,61982,12246,12196,2392.4,260916,False,True,True,False,100,-1.2403624900628265
policy,62082,12266,12216,2396.6,260917,False,False,True,False,100,-1.5771840877213013
policy,62182,12286,12236,2400.8,260918,False,False,True,False,100,-1.4113509430504152
policy,62208,12291,12241,2401.8,260919,False,False,False,True,26,-0.7345938686756146
policy,62308,12311,12261,2406.7,260920,False,False,True,False,100,-1.1813076324412037
policy,62408,12331,12281,2411.3,260921,False,False,True,False,100,-1.5481783582389204
policy,62508,12351,12301,2415.6,260922,False,False,True,False,100,-1.1275504671400305
policy,62543,12358,12308,2417.0,260923,False,False,False,True,35,-1.027655881972611
policy,62643,12378,12328,2420.9,260924,False,False,True,False,100,-1.5025178346208397
policy,62743,12398,12348,2424.8,260925,False,False,True,False,100,-1.3778246135383316
policy,62834,12416,12366,2428.5,260926,True,True,False,False,91,0.5309029505738965
policy,62934,12436,12386,2432.7,260927,False,False,True,False,100,-1.0667113451695147
policy,63034,12456,12406,2437.0,260928,False,False,True,False,100,-1.3475008842095004
policy,63134,12476,12426,2441.3,260929,False,False,True,False,100,-1.4486740534324434
policy,63234,12496,12446,2445.3,260930,False,True,True,False,100,-1.467589402136473
policy,63334,12516,12466,2449.3,260931,False,False,True,False,100,-1.3500344375240088
policy,63434,12536,12486,2453.3,260932,False,True,True,False,100,-1.7233274911424532
policy,63456,12541,12491,2454.3,260933,False,False,False,True,22,-0.9394051721146045
policy,63556,12561,12511,2458.3,260934,False,False,True,False,100,-1.187370975336164
policy,63576,12565,12515,2459.1,260935,False,False,False,True,20,-0.8007663484371629
policy,63626,12575,12525,2461.1,260936,False,False,False,True,50,-0.9309250795812418
policy,63693,12588,12538,2463.6,260937,False,False,False,True,67,-1.0419639909155627
policy,63793,12608,12558,2467.6,260938,False,False,True,False,100,-1.4493962578756283
policy,63893,12628,12578,2471.6,260939,False,False,True,False,100,-1.4973061522980067
policy,63993,12648,12598,2475.6,260940,False,False,True,False,100,-1.4034398296635229
policy,64093,12668,12618,2479.5,260941,False,False,True,False,100,-1.1323420055082178
policy,64133,12676,12626,2481.1,260942,False,False,False,True,40,-0.9082524043142115
policy,64233,12696,12646,2485.2,260943,False,False,True,False,100,-1.1051739641823861
policy,64333,12716,12666,2489.4,260944,False,True,True,False,100,-1.559920335876646
policy,64376,12725,12675,2491.3,260945,False,False,False,True,43,-0.9364803255161072
policy,64387,12727,12677,2491.7,260946,False,False,False,True,11,-0.7561164722361566
policy,64404,12730,12680,2492.3,260947,False,False,False,True,17,-0.8738645847169361
policy,64504,12750,12700,2496.3,260948,False,False,True,False,100,-1.3072862322758687
policy,64604,12770,12720,2500.2,260949,False,False,True,False,100,-1.1428192944907687
policy,64704,12790,12740,2504.1,260950,False,False,True,False,100,-1.0206643458211038
policy,64804,12810,12760,2508.1,260951,False,False,True,False,100,-1.2449463134403291
policy,64904,12830,12780,2512.1,260952,False,False,True,False,100,-1.1365631503045595
policy,65004,12850,12800,2516.1,260953,False,False,True,False,100,-1.7090519375320725
policy,65050,12859,12809,2517.9,260954,False,True,False,True,46,-1.1856389001926044
policy,65076,12865,12815,2519.2,260955,False,False,False,True,26,-0.7343946038245999
policy,65176,12885,12835,2523.2,260956,False,False,True,False,100,-1.575817433175293
policy,65276,12905,12855,2527.3,260957,False,False,True,False,100,-1.1652691243870952
policy,65376,12925,12875,2531.8,260958,False,False,True,False,100,-1.4485882956685439
policy,65476,12945,12895,2535.8,260959,False,False,True,False,100,-1.5487184855451925
policy,65576,12965,12915,2539.6,260960,False,False,True,False,100,-1.3530310259617626
policy,65676,12985,12935,2543.6,260961,False,False,True,False,100,-1.5221506617913554
policy,65776,13005,12955,2547.5,260962,False,False,True,False,100,-1.3053794505854328
policy,65857,13021,12971,2550.7,260963,False,False,False,True,81,-1.0639523685577439
policy,65957,13041,12991,2554.7,260964,False,False,True,False,100,-1.4618850370731236
policy,66038,13057,13007,2557.9,260965,False,False,False,True,81,-1.2120227763341622
policy,66078,13065,13015,2559.7,260966,False,False,False,True,40,-0.889555949509582
policy,66090,13067,13017,2560.1,260967,False,False,False,True,12,-0.7074907240737696
policy,66190,13087,13037,2564.4,260968,False,False,True,False,100,-1.3727249637293701
policy,66290,13107,13057,2568.4,260969,False,False,True,False,100,-1.557731006191474
policy,66390,13127,13077,2572.2,260970,False,False,True,False,100,-1.544973348577659
policy,66490,13147,13097,2576.1,260971,False,False,True,False,100,-1.213809214295161
policy,66590,13167,13117,2580.0,260972,False,True,True,False,100,-1.4457813367862427
policy,66609,13171,13121,2580.8,260973,False,False,False,True,19,-0.8594332772374329
policy,66709,13191,13141,2584.8,260974,False,False,True,False,100,-1.546259516103028
policy,66809,13211,13161,2589.0,260975,False,False,True,False,100,-1.5498522359859268
policy,66909,13231,13181,2593.1,260976,False,False,True,False,100,-1.5020774345266505
policy,66983,13246,13196,2596.1,260977,False,True,False,True,74,-1.4818638419381422
policy,67083,13266,13216,2599.9,260978,False,False,True,False,100,-1.5089705610954498
policy,67173,13284,13234,2603.4,260979,False,False,False,True,90,-1.2667847373085768
policy,67273,13304,13254,2607.2,260980,False,True,True,False,100,-1.4858136457543576
policy,67373,13324,13274,2611.1,260981,False,False,True,False,100,-1.618032244902289
policy,67380,13325,13275,2611.3,260982,False,False,False,True,7,-0.7687475039559805
policy,67454,13340,13290,2614.2,260983,False,True,False,True,74,-1.1407707954460888
policy,67554,13360,13310,2618.1,260984,False,True,True,False,100,-1.5762065379923156
policy,67596,13369,13319,2619.8,260985,False,False,False,True,42,-1.3157110688250144
policy,67696,13389,13339,2623.7,260986,False,True,True,False,100,-1.6723537129420407
policy,67796,13409,13359,2627.6,260987,False,False,True,False,100,-1.5066849103918512
policy,67896,13429,13379,2631.5,260988,False,False,True,False,100,-1.5027077628052592
policy,67996,13449,13399,2635.5,260989,False,False,True,False,100,-1.476923877797621
policy,68096,13469,13419,2639.4,260990,False,False,True,False,100,-1.5086047850918143
policy,68131,13476,13426,2640.9,260991,False,False,False,True,35,-0.7768531915437329
policy,68231,13496,13446,2644.9,260992,False,False,True,False,100,-1.3962760374901821
policy,68331,13516,13466,2648.8,260993,False,False,True,False,100,-1.40163386042943
policy,68367,13523,13473,2650.2,260994,False,False,False,True,36,-1.1344753474530012
policy,68467,13543,13493,2654.1,260995,False,False,True,False,100,-1.5393510759454956
policy,68521,13554,13504,2656.2,260996,False,False,False,True,54,-1.1334084356211145
policy,68621,13574,13524,2660.0,260997,False,False,True,False,100,-1.6929709228774406
policy,68721,13594,13544,2663.9,260998,False,False,True,False,100,-1.3185188374526513
policy,68792,13608,13558,2666.7,260999,False,False,False,True,71,-1.2146336030173643
policy,68803,13610,13560,2667.1,261000,False,False,False,True,11,-0.7714873994575016
policy,68903,13630,13580,2671.0,261001,False,True,True,False,100,-1.51688037948839
policy,69003,13650,13600,2675.0,261002,False,False,True,False,100,-1.4895287730058708
policy,69044,13658,13608,2676.6,261003,False,True,False,True,41,-1.1121248967901805
policy,69144,13678,13628,2680.5,261004,False,True,True,False,100,-1.604003594543721
policy,69244,13698,13648,2684.3,261005,False,False,True,False,100,-1.5607018668172234
policy,69344,13718,13668,2688.2,261006,False,True,True,False,100,-1.5207969696468489
policy,69444,13738,13688,2692.1,261007,False,True,True,False,100,-1.274345804379809
policy,69544,13758,13708,2696.0,261008,False,False,True,False,100,-1.4127147450707425
policy,69644,13778,13728,2700.2,261009,False,False,True,False,100,-1.6294332225983654
policy,69744,13798,13748,2704.6,261010,False,True,True,False,100,-1.5820184289048063
policy,69844,13818,13768,2708.6,261011,False,True,True,False,100,-1.5496268377960474
policy,69944,13838,13788,2712.5,261012,False,False,True,False,100,-1.209255376168276
policy,70000,13849,13799,2714.7,261013,False,False,False,True,56,-1.1676824545467297
policy,70100,13869,13819,2718.5,261014,False,True,True,False,100,-1.594707768405825
policy,70200,13889,13839,2722.4,261015,False,False,True,False,100,-1.2180684383173177
policy,70300,13909,13859,2726.4,261016,False,False,True,False,100,-1.3450959566028904
policy,70334,13916,13866,2727.8,261017,False,False,False,True,34,-1.2272939471183957
policy,70434,13936,13886,2731.8,261018,False,False,True,False,100,-1.5756201712504156
policy,70534,13956,13906,2735.8,261019,False,True,True,False,100,-1.353293095106264
policy,70634,13976,13926,2739.6,261020,False,False,True,False,100,-1.563622616498993
policy,70734,13996,13946,2743.5,261021,False,False,True,False,100,-1.5162487981064263
policy,70759,14001,13951,2744.5,261022,False,False,False,True,25,-1.0839096791681735
policy,70859,14021,13971,2748.4,261023,False,False,True,False,100,-1.353377408534755
policy,70959,14041,13991,2752.3,261024,False,False,True,False,100,-1.5294017666977964
policy,71059,14061,14011,2756.2,261025,False,False,True,False,100,-1.583451069109809
policy,71159,14081,14031,2760.2,261026,False,False,True,False,100,-1.3891942043077352
policy,71259,14101,14051,2764.1,261027,False,False,True,False,100,-1.7561092489260506
policy,71359,14121,14071,2768.0,261028,False,False,True,False,100,-1.246459671387935
policy,71370,14123,14073,2768.4,261029,False,False,False,True,11,-0.9168464661852818
policy,71470,14143,14093,2772.4,261030,False,False,True,False,100,-1.3570096819874358
policy,71570,14163,14113,2776.3,261031,False,False,True,False,100,-1.4620806506178967
policy,71670,14183,14133,2780.2,261032,False,False,True,False,100,-1.3946027554905644
policy,71687,14187,14137,2781.0,261033,False,False,False,True,17,-0.6492012569023439
policy,71787,14207,14157,2785.0,261034,False,False,True,False,100,-1.3874290985000397
policy,71855,14220,14170,2787.6,261035,False,True,False,True,68,-1.3414989205311931
policy,71939,14237,14187,2791.0,261036,False,False,False,True,84,-1.1019756726204575
policy,71988,14247,14197,2792.9,261037,False,False,False,True,49,-1.13130919061066
policy,72088,14267,14217,2796.8,261038,False,False,True,False,100,-1.1615649781092103
policy,72188,14287,14237,2800.9,261039,False,False,True,False,100,-1.7103665776340655
policy,72288,14307,14257,2804.8,261040,False,False,True,False,100,-1.317077116739482
policy,72388,14327,14277,2808.9,261041,False,False,True,False,100,-1.1867305647491477
policy,72488,14347,14297,2813.0,261042,False,False,True,False,100,-1.3618498157663645
policy,72588,14367,14317,2816.9,261043,False,False,True,False,100,-1.2230285032801913
policy,72688,14387,14337,2820.8,261044,False,False,True,False,100,-1.5056603869954195
policy,72788,14407,14357,2824.6,261045,False,True,True,False,100,-1.3543029720210242
policy,72888,14427,14377,2829.1,261046,False,False,True,False,100,-1.4799893192422544
policy,72988,14447,14397,2833.2,261047,False,False,True,False,100,-1.290665675218813
policy,73088,14467,14417,2837.4,261048,False,False,True,False,100,-1.5188422025353234
policy,73188,14487,14437,2841.6,261049,False,False,True,False,100,-1.2743022216792061
policy,73255,14500,14450,2844.3,261050,False,False,False,True,67,-1.0205539602138511
policy,73355,14520,14470,2848.5,261051,False,False,True,False,100,-1.5090795464258908
policy,73455,14540,14490,2852.7,261052,False,False,True,False,100,-1.7058490595707436
policy,73555,14560,14510,2856.9,261053,False,False,True,False,100,-1.2438149815948105
policy,73559,14561,14511,2857.1,261054,False,False,False,True,4,-0.7936292845269466
policy,73582,14566,14516,2858.1,261055,False,False,False,True,23,-0.7280736565785808
policy,73640,14577,14527,2860.4,261056,False,False,False,True,58,-1.226555291547043
policy,73698,14589,14539,2862.9,261057,False,False,False,True,58,-1.204060286837739
policy,73798,14609,14559,2867.1,261058,False,False,True,False,100,-1.5779816296899178
policy,73898,14629,14579,2871.3,261059,False,False,True,False,100,-1.2217599142679898
policy,73998,14649,14599,2875.7,261060,False,False,True,False,100,-1.65266717800875
policy,74098,14669,14619,2880.1,261061,False,False,True,False,100,-1.3020852597032655
policy,74162,14682,14632,2882.7,261062,False,False,False,True,64,-1.088616218758158
policy,74262,14702,14652,2886.8,261063,False,False,True,False,100,-1.427712243486234
policy,74362,14722,14672,2891.0,261064,False,False,True,False,100,-1.2407456313233196
policy,74441,14738,14688,2894.4,261065,False,False,False,True,79,-1.2614553028399378
policy,74541,14758,14708,2898.7,261066,False,False,True,False,100,-1.4238276281389226
policy,74629,14775,14725,2902.1,261067,False,False,False,True,88,-1.3986073631007145
policy,74729,14795,14745,2906.3,261068,False,False,True,False,100,-1.371018079578208
policy,74829,14815,14765,2910.4,261069,False,False,True,False,100,-1.3412622534212635
policy,74929,14835,14785,2914.6,261070,False,True,True,False,100,-1.4987262658392304
policy,75029,14855,14805,2918.9,261071,False,False,True,False,100,-1.2983383058221807
policy,75051,14860,14810,2919.9,261072,False,False,False,True,22,-0.8626049661069468
policy,75151,14880,14830,2924.2,261073,False,False,True,False,100,-1.5393195474054115
policy,75251,14900,14850,2928.6,261074,False,False,True,False,100,-1.4473082050848407
policy,75351,14920,14870,2932.7,261075,False,False,True,False,100,-1.4825327713611665
policy,75451,14940,14890,2936.9,261076,False,False,True,False,100,-1.6924778709440176
policy,75551,14960,14910,2941.1,261077,False,False,True,False,100,-1.5762422906041973
policy,75651,14980,14930,2945.3,261078,False,False,True,False,100,-1.0644587694244492
policy,75674,14984,14934,2946.1,261079,False,False,False,True,23,-0.8677875130779744
policy,75774,15004,14954,2950.2,261080,False,True,True,False,100,-1.3452328922127212
policy,75874,15024,14974,2954.2,261081,False,False,True,False,100,-1.6584403624963713
policy,75886,15027,14977,2954.9,261082,False,False,False,True,12,-0.6609995669125661
policy,75986,15047,14997,2959.1,261083,False,False,True,False,100,-1.4185394290150943
policy,76086,15067,15017,2963.2,261084,False,False,True,False,100,-1.5053664860828029
policy,76186,15087,15037,2967.5,261085,False,False,True,False,100,-1.5131605284450702
policy,76286,15107,15057,2971.9,261086,False,True,True,False,100,-1.4806067584481335
policy,76301,15110,15060,2972.6,261087,False,False,False,True,15,-0.9043940786235489
policy,76336,15117,15067,2974.1,261088,False,False,False,True,35,-0.842259308147417
policy,76436,15137,15087,2978.4,261089,False,True,True,False,100,-1.6377414035220756
policy,76536,15157,15107,2982.7,261090,False,False,True,False,100,-1.135367183886395
policy,76616,15173,15123,2986.0,261091,False,False,False,True,80,-1.118850911082908
policy,76716,15193,15143,2990.3,261092,False,False,True,False,100,-1.3800411939596167
policy,76816,15213,15163,2994.5,261093,False,False,True,False,100,-1.8268429771763863
policy,76916,15233,15183,2998.9,261094,False,False,True,False,100,-1.4458443704529944
policy,76942,15238,15188,3000.0,261095,False,False,False,True,26,-0.8269597515806102
policy,77042,15258,15208,3004.3,261096,False,False,True,False,100,-1.5140925644194936
policy,77139,15277,15227,3008.6,261097,False,False,False,True,97,-1.4132020261016445
policy,77239,15297,15247,3012.8,261098,False,False,True,False,100,-1.1871526823361842
policy,77248,15299,15249,3013.2,261099,False,False,False,True,9,-0.7405166317052201
policy,77348,15319,15269,3017.3,261100,False,False,True,False,100,-1.4773053450931872
policy,77448,15339,15289,3021.5,261101,False,False,True,False,100,-1.5001580066507167
policy,77548,15359,15309,3025.7,261102,False,False,True,False,100,-1.3528026651923504
policy,77648,15379,15329,3029.7,261103,False,True,True,False,100,-1.5272588400454596
policy,77748,15399,15349,3033.9,261104,False,False,True,False,100,-1.4927238924944042
policy,77848,15419,15369,3038.1,261105,False,True,True,False,100,-1.5710734215491002
policy,77889,15427,15377,3039.7,261106,False,False,False,True,41,-0.8833048112116497
policy,77935,15436,15386,3041.7,261107,False,False,False,True,46,-1.0107784059822056
policy,78035,15456,15406,3046.0,261108,False,False,True,False,100,-1.4857192870797105
policy,78135,15476,15426,3050.1,261109,False,False,True,False,100,-1.50901952205761
policy,78235,15496,15446,3054.8,261110,False,False,True,False,100,-1.5243841592697962
policy,78335,15516,15466,3059.0,261111,False,True,True,False,100,-1.7007271176125107
policy,78346,15519,15469,3059.6,261112,False,False,False,True,11,-0.9902332413621174
policy,78364,15522,15472,3060.2,261113,False,False,False,True,18,-0.7750948868047871
policy,78464,15542,15492,3064.1,261114,False,False,True,False,100,-1.211066768737452
policy,78564,15562,15512,3068.0,261115,False,False,True,False,100,-1.3267944767069606
policy,78664,15582,15532,3072.3,261116,False,True,True,False,100,-1.1671708091950777
policy,78764,15602,15552,3076.3,261117,False,False,True,False,100,-1.3402767143896224
policy,78808,15611,15561,3078.2,261118,False,False,False,True,44,-0.8382109103720947
policy,78908,15631,15581,3082.2,261119,False,False,True,False,100,-1.7190687118808157
policy,79008,15651,15601,3086.2,261120,False,False,True,False,100,-1.0951428848695708
policy,79081,15666,15616,3089.2,261121,False,False,False,True,73,-1.1429124219903486
policy,79173,15684,15634,3092.8,261122,False,False,False,True,92,-1.3430282838227066
policy,79273,15704,15654,3096.9,261123,False,False,True,False,100,-1.6179367850012967
policy,79373,15724,15674,3101.0,261124,False,False,True,False,100,-1.5392094569778592
policy,79473,15744,15694,3105.3,261125,False,False,True,False,100,-1.6579955444413952
policy,79573,15764,15714,3109.5,261126,False,True,True,False,100,-1.5383789134604053
policy,79673,15784,15734,3113.8,261127,False,False,True,False,100,-1.3836377560166617
policy,79773,15804,15754,3117.8,261128,False,False,True,False,100,-1.2900299438895568
policy,79873,15824,15774,3121.9,261129,False,False,True,False,100,-1.7296443566237432
policy,79973,15844,15794,3126.0,261130,False,False,True,False,100,-1.3558044672424692
policy,80073,15864,15814,3130.6,261131,False,False,True,False,100,-1.4414496380414241
policy,80173,15884,15834,3134.6,261132,False,False,True,False,100,-1.32196313391095
policy,80190,15887,15837,3135.3,261133,False,False,False,True,17,-0.7946463676149575
policy,80290,15907,15857,3139.4,261134,False,False,True,False,100,-1.6759203764967965
policy,80390,15927,15877,3143.5,261135,False,False,True,False,100,-1.3531052652684479
policy,80490,15947,15897,3147.4,261136,False,True,True,False,100,-1.62279642374829
policy,80519,15953,15903,3148.6,261137,False,False,False,True,29,-0.7848694794962799
policy,80619,15973,15923,3152.6,261138,False,False,True,False,100,-1.2285145555176842
policy,80719,15993,15943,3156.6,261139,False,False,True,False,100,-1.3028251582161623
policy,80724,15994,15944,3156.8,261140,False,False,False,True,5,-0.5681552869673019
policy,80824,16014,15964,3160.9,261141,False,False,True,False,100,-1.72042173176623
policy,80924,16034,15984,3165.0,261142,False,False,True,False,100,-1.466377835881667
policy,81024,16054,16004,3169.3,261143,False,False,True,False,100,-1.5542786337765984
policy,81124,16074,16024,3173.8,261144,False,False,True,False,100,-1.3095490518765291
policy,81143,16078,16028,3174.6,261145,False,False,False,True,19,-0.6476676072955703
policy,81223,16094,16044,3178.0,261146,False,False,False,True,80,-1.2480615792601886
policy,81323,16114,16064,3182.2,261147,False,False,True,False,100,-1.6599281406921655
policy,81423,16134,16084,3186.2,261148,False,False,True,False,100,-1.3493494230283654
policy,81523,16154,16104,3190.3,261149,False,False,True,False,100,-1.2280137253665098
policy,81619,16173,16123,3194.4,261150,True,True,False,False,96,0.3840803349773566
policy,81719,16193,16143,3198.6,261151,False,False,True,False,100,-1.340976293595308
policy,81730,16195,16145,3199.1,261152,False,False,False,True,11,-0.8951072450484131
policy,81830,16215,16165,3203.4,261153,False,False,True,False,100,-1.6675632768386963
policy,81859,16221,16171,3204.8,261154,False,False,False,True,29,-0.7857176118714247
policy,81959,16241,16191,3209.0,261155,False,False,True,False,100,-1.3757334905148453
policy,82059,16261,16211,3213.2,261156,False,False,True,False,100,-1.3338291578969599
policy,82159,16281,16231,3217.5,261157,False,False,True,False,100,-1.6187789640565386
policy,82259,16301,16251,3221.5,261158,False,False,True,False,100,-1.31163537865609
policy,82359,16321,16271,3225.7,261159,False,False,True,False,100,-1.385543655010477
policy,82433,16336,16286,3228.8,261160,False,False,False,True,74,-1.4395941742603224
policy,82533,16356,16306,3233.1,261161,False,False,True,False,100,-1.687247485778455
policy,82604,16370,16320,3236.1,261162,False,False,False,True,71,-1.048730613802956
policy,82704,16390,16340,3240.2,261163,False,True,True,False,100,-1.6355595954781283
policy,82804,16410,16360,3244.3,261164,False,False,True,False,100,-1.2586109028011043
policy,82904,16430,16380,3248.6,261165,False,False,True,False,100,-1.3649650697687776
policy,82912,16432,16382,3249.0,261166,False,False,False,True,8,-0.8039904279724515
policy,83012,16452,16402,3253.1,261167,False,True,True,False,100,-1.3636106356374322
policy,83112,16472,16422,3257.1,261168,False,False,True,False,100,-1.4672878766768869
policy,83212,16492,16442,3261.1,261169,False,True,False,True,100,-1.4406389238406923
policy,83312,16512,16462,3265.3,261170,False,False,True,False,100,-1.2718513055354723
policy,83412,16532,16482,3269.3,261171,False,True,True,False,100,-1.403080586111206
policy,83512,16552,16502,3273.4,261172,False,False,True,False,100,-1.399540435068595
policy,83612,16572,16522,3277.6,261173,False,False,True,False,100,-1.8034231682175137
policy,83693,16588,16538,3280.9,261174,False,True,False,True,81,-1.1691774205906431
policy,83793,16608,16558,3285.2,261175,False,False,True,False,100,-1.5157079586330533
policy,83893,16628,16578,3289.2,261176,False,True,True,False,100,-1.7818755724006428
policy,83993,16648,16598,3293.2,261177,False,False,True,False,100,-1.7313816675761395
policy,84093,16668,16618,3297.5,261178,False,True,True,False,100,-1.6415316591157811
policy,84193,16688,16638,3301.6,261179,False,False,True,False,100,-1.4149288021028872
policy,84287,16707,16657,3305.9,261180,False,False,False,True,94,-1.1494640846647037
policy,84387,16727,16677,3309.9,261181,False,False,True,False,100,-1.5903836019164932
policy,84451,16740,16690,3312.6,261182,False,False,False,True,64,-1.37554220763198
policy,84551,16760,16710,3316.8,261183,False,False,True,False,100,-1.3418750594409448
policy,84651,16780,16730,3320.8,261184,False,True,True,False,100,-1.855096215220502
policy,84751,16800,16750,3325.0,261185,False,False,True,False,100,-1.6097667228876964
policy,84851,16820,16770,3329.2,261186,False,False,True,False,100,-1.44909234330339
policy,84951,16840,16790,3333.4,261187,False,True,True,False,100,-1.2574873578184986
policy,85051,16860,16810,3337.4,261188,False,False,True,False,100,-1.2996935986567892
policy,85151,16880,16830,3341.5,261189,False,False,True,False,100,-1.3406764402259568
policy,85251,16900,16850,3345.7,261190,False,False,True,False,100,-1.2185645605913353
policy,85351,16920,16870,3349.9,261191,False,False,True,False,100,-1.6887292992848126
policy,85355,16920,16870,3350.0,261192,False,False,False,True,4,-0.6127419177841844
policy,85455,16940,16890,3354.1,261193,False,False,True,False,100,-1.548564957375223
policy,85481,16946,16896,3355.3,261194,False,False,False,True,26,-0.7304083101695753
policy,85491,16948,16898,3355.7,261195,False,False,False,True,10,-0.7044775338996112
policy,85591,16968,16918,3359.7,261196,False,False,True,False,100,-1.4289344856254333
policy,85691,16988,16938,3363.7,261197,False,False,True,False,100,-1.4438538760311834
policy,85791,17008,16958,3367.8,261198,False,False,True,False,100,-1.4713836793082846
policy,85891,17028,16978,3372.0,261199,False,True,True,False,100,-1.5267084407497287
policy,85991,17048,16998,3376.3,261200,False,False,True,False,100,-1.2297678979175517
policy,86091,17068,17018,3380.3,261201,False,False,True,False,100,-1.2893103185232997
policy,86191,17088,17038,3384.5,261202,False,False,True,False,100,-1.0382901852739266
policy,86291,17108,17058,3388.8,261203,False,False,True,False,100,-1.3229595955175464
policy,86391,17128,17078,3393.1,261204,False,False,True,False,100,-1.2009053838579948
policy,86491,17148,17098,3397.4,261205,False,False,True,False,100,-1.7789377985075687
policy,86591,17168,17118,3401.6,261206,False,True,True,False,100,-1.411376915556907
policy,86691,17188,17138,3406.5,261207,False,False,True,False,100,-1.4643716646124931
policy,86791,17208,17158,3410.6,261208,False,False,True,False,100,-1.269589502341467
policy,86846,17219,17169,3413.0,261209,False,False,False,True,55,-1.114712528121156
policy,86946,17239,17189,3417.2,261210,False,True,True,False,100,-1.4254477621128878
policy,87046,17259,17209,3421.2,261211,False,True,True,False,100,-1.3627701725321215
policy,87083,17266,17216,3422.7,261212,False,True,False,True,37,-1.2058940710365211
policy,87177,17285,17235,3426.5,261213,False,False,False,True,94,-1.2550396381708322
policy,87225,17294,17244,3428.5,261214,False,False,False,True,48,-0.9321255455783557
policy,87325,17314,17264,3433.0,261215,False,True,True,False,100,-1.5516154119265186
policy,87425,17334,17284,3437.3,261216,False,False,True,False,100,-1.1756943213214814
policy,87525,17354,17304,3441.5,261217,False,False,True,False,100,-1.3630236742540758
policy,87625,17374,17324,3445.5,261218,False,False,True,False,100,-1.5638350364536437
policy,87725,17394,17344,3449.5,261219,False,False,True,False,100,-1.5757203583958845
policy,87825,17414,17364,3453.6,261220,False,False,True,False,100,-1.3972741105225257
policy,87925,17434,17384,3457.8,261221,False,False,True,False,100,-1.6227691044847736
policy,88025,17454,17404,3462.0,261222,False,False,True,False,100,-1.3716581733827675
policy,88058,17461,17411,3463.6,261223,False,False,False,True,33,-0.8574417756968172
policy,88158,17481,17431,3468.0,261224,False,True,True,False,100,-1.3718493546300823
policy,88258,17501,17451,3472.1,261225,False,False,True,False,100,-1.4471913679246486
policy,88358,17521,17471,3476.2,261226,False,False,True,False,100,-1.5490232760705573
policy,88458,17541,17491,3480.4,261227,False,False,True,False,100,-1.3281337260638286
policy,88558,17561,17511,3484.7,261228,False,False,True,False,100,-1.596427520738366
policy,88658,17581,17531,3489.0,261229,False,False,True,False,100,-1.1668953412639766
policy,88758,17601,17551,3493.4,261230,False,True,True,False,100,-1.6889871231829412
policy,88858,17621,17571,3497.8,261231,False,True,True,False,100,-1.347772063641445
policy,88958,17641,17591,3501.9,261232,False,False,True,False,100,-1.3844181405764464
policy,89058,17661,17611,3505.9,261233,False,False,True,False,100,-1.3788270513117944
policy,89079,17665,17615,3506.7,261234,False,False,False,True,21,-0.972717211832977
policy,89179,17685,17635,3510.8,261235,False,False,True,False,100,-1.297254484682624
policy,89279,17705,17655,3514.9,261236,False,False,True,False,100,-1.408896129705611
policy,89288,17707,17657,3515.4,261237,False,False,False,True,9,-0.7016946362661907
policy,89339,17717,17667,3517.5,261238,False,False,False,True,51,-0.9792066351934312
policy,89439,17737,17687,3521.9,261239,False,False,True,False,100,-1.2039907130045375
policy,89539,17757,17707,3526.4,261240,False,False,True,False,100,-1.4079761801256145
policy,89639,17777,17727,3530.5,261241,False,False,True,False,100,-1.3122764440635195
policy,89706,17791,17741,3533.3,261242,False,False,False,True,67,-1.2772056494748794
policy,89806,17811,17761,3537.3,261243,False,False,True,False,100,-1.4019627070272258
policy,89906,17831,17781,3541.4,261244,False,False,True,False,100,-1.487768241769908
policy,90006,17851,17801,3545.5,261245,False,True,True,False,100,-1.464056387748914
policy,90106,17871,17821,3549.9,261246,False,False,True,False,100,-1.4227814958307243
policy,90206,17891,17841,3554.3,261247,False,False,True,False,100,-1.329440912148372
policy,90278,17905,17855,3557.4,261248,False,False,False,True,72,-1.2386625030471194
policy,90316,17913,17863,3559.2,261249,False,False,False,True,38,-1.042951162985929
policy,90416,17933,17883,3563.5,261250,False,False,True,False,100,-1.5761112703753621
policy,90516,17953,17903,3568.0,261251,False,True,True,False,100,-1.7043204022631806
policy,90616,17973,17923,3572.3,261252,False,False,True,False,100,-1.4512647323561452
policy,90716,17993,17943,3576.6,261253,False,True,True,False,100,-1.4811658953182962
policy,90816,18013,17963,3580.7,261254,False,False,True,False,100,-1.340735303607033
policy,90916,18033,17983,3584.8,261255,False,False,True,False,100,-1.6101062042750214
policy,91016,18053,18003,3589.0,261256,False,False,True,False,100,-1.180835290700381
policy,91116,18073,18023,3593.5,261257,False,False,True,False,100,-1.4922415197496877
policy,91216,18093,18043,3597.9,261258,False,False,True,False,100,-1.467113761747263
policy,91316,18113,18063,3602.1,261259,False,True,True,False,100,-1.4324487718956411
policy,91416,18133,18083,3606.5,261260,False,True,True,False,100,-1.2493628431095032
policy,91491,18148,18098,3609.5,261261,False,False,False,True,75,-1.0709567817809638
policy,91591,18168,18118,3613.8,261262,False,False,True,False,100,-1.781930219707708
policy,91691,18188,18138,3618.0,261263,False,True,True,False,100,-1.6466481114368798
policy,91791,18208,18158,3622.3,261264,False,True,True,False,100,-1.232193945249259
policy,91891,18228,18178,3626.4,261265,False,False,True,False,100,-1.3247350448766766
policy,91991,18248,18198,3630.5,261266,False,True,True,False,100,-1.5489930356730337
policy,92063,18262,18212,3633.3,261267,False,True,False,True,72,-1.2442668041416942
policy,92163,18282,18232,3637.4,261268,False,True,True,False,100,-1.3280405805980164
policy,92263,18302,18252,3641.6,261269,False,False,True,False,100,-1.4429636302552666
policy,92363,18322,18272,3646.2,261270,False,True,True,False,100,-1.5822643369784881
policy,92439,18337,18287,3649.5,261271,False,False,False,True,76,-1.0332350893429603
policy,92539,18357,18307,3653.6,261272,False,False,True,False,100,-1.20639804814703
policy,92639,18377,18327,3657.8,261273,False,False,True,False,100,-1.1517785821703241
policy,92658,18381,18331,3658.7,261274,False,False,False,True,19,-0.7170105985199382
policy,92737,18397,18347,3662.2,261275,False,False,False,True,79,-1.0195281799144216
policy,92837,18417,18367,3666.3,261276,False,False,True,False,100,-1.4569730010133997
policy,92937,18437,18387,3670.4,261277,False,True,True,False,100,-1.765435788396315
policy,93037,18457,18407,3674.6,261278,False,True,True,False,100,-1.3852771458674435
policy,93137,18477,18427,3678.8,261279,False,True,True,False,100,-1.3915960427324234
policy,93237,18497,18447,3682.9,261280,False,False,True,False,100,-1.2914683740465343
policy,93337,18517,18467,3686.9,261281,False,False,True,False,100,-1.615156968365749
policy,93437,18537,18487,3691.1,261282,False,True,True,False,100,-1.3346492177196503
policy,93537,18557,18507,3695.4,261283,False,False,True,False,100,-1.5422249370762233
policy,93637,18577,18527,3699.7,261284,False,True,True,False,100,-1.5373218605868124
policy,93737,18597,18547,3703.9,261285,False,False,True,False,100,-1.2286567411547566
policy,93837,18617,18567,3708.3,261286,False,False,True,False,100,-1.5361305697309737
policy,93937,18637,18587,3712.3,261287,False,False,True,False,100,-1.1113208840216913
policy,93970,18643,18593,3713.6,261288,False,False,False,True,33,-0.900150743240518
policy,94070,18663,18613,3717.7,261289,False,True,True,False,100,-1.7621387741338554
policy,94170,18683,18633,3721.9,261290,False,True,True,False,100,-1.5322161783162818
policy,94181,18686,18636,3722.5,261291,False,False,False,True,11,-0.9266407959278532
policy,94281,18706,18656,3726.9,261292,False,False,True,False,100,-1.516372292229843
policy,94315,18712,18662,3728.2,261293,False,False,False,True,34,-0.784532178051145
policy,94415,18732,18682,3733.1,261294,False,False,True,False,100,-1.542473586178627
policy,94515,18752,18702,3737.4,261295,False,False,True,False,100,-1.3231114800818073
policy,94615,18772,18722,3741.5,261296,False,False,False,True,100,-1.6204333811537375
policy,94623,18774,18724,3741.9,261297,False,False,False,True,8,-0.9088172059897058
policy,94723,18794,18744,3746.0,261298,False,False,True,False,100,-1.671277195952483
policy,94823,18814,18764,3750.2,261299,False,False,True,False,100,-1.5613731885638007
policy,94923,18834,18784,3754.5,261300,False,False,True,False,100,-1.1237353729316721
policy,95023,18854,18804,3758.7,261301,False,False,True,False,100,-1.620325247472863
policy,95078,18865,18815,3761.1,261302,False,True,False,True,55,-1.0747039507284564
policy,95178,18885,18835,3765.3,261303,False,False,True,False,100,-1.4793187443513198
policy,95278,18905,18855,3769.5,261304,False,False,True,False,100,-1.4947169718330109
policy,95378,18925,18875,3773.9,261305,False,True,True,False,100,-1.4125325332527314
policy,95478,18945,18895,3778.4,261306,False,False,True,False,100,-1.3735780384799936
policy,95578,18965,18915,3782.7,261307,False,False,True,False,100,-1.5472105146796378
policy,95678,18985,18935,3787.0,261308,False,False,True,False,100,-1.5150226473696482
policy,95778,19005,18955,3791.3,261309,False,False,True,False,100,-1.373620867716327
policy,95878,19025,18975,3795.7,261310,False,False,True,False,100,-1.453411669918379
policy,95978,19045,18995,3799.9,261311,False,True,True,False,100,-1.5285351765115844
policy,96078,19065,19015,3804.1,261312,False,False,True,False,100,-1.6294031886462204
policy,96178,19085,19035,3808.1,261313,False,False,True,False,100,-1.1756671952051698
policy,96278,19105,19055,3812.3,261314,False,False,True,False,100,-1.5335078374613729
policy,96378,19125,19075,3816.6,261315,False,False,True,False,100,-1.4277340108836378
policy,96409,19131,19081,3817.9,261316,False,False,False,True,31,-0.7399596127535532
policy,96509,19151,19101,3822.1,261317,False,False,True,False,100,-1.6066704467547441
policy,96609,19171,19121,3826.8,261318,False,False,True,False,100,-1.592443048582468
policy,96709,19191,19141,3831.7,261319,False,False,True,False,100,-1.5990415645531566
policy,96809,19211,19161,3836.9,261320,False,False,True,False,100,-1.5767597192093263
policy,96909,19231,19181,3841.3,261321,False,False,True,False,100,-1.295783417435781
policy,97009,19251,19201,3845.9,261322,False,False,True,False,100,-1.5332472232260819
policy,97055,19260,19210,3847.8,261323,False,False,False,True,46,-1.0267522016707025
policy,97155,19280,19230,3852.3,261324,False,False,True,False,100,-1.303258381855187
policy,97255,19300,19250,3856.9,261325,False,False,True,False,100,-1.7270530203980226
policy,97331,19316,19266,3860.8,261326,False,True,False,True,76,-1.3960918381273122
policy,97400,19329,19279,3863.7,261327,False,False,False,True,69,-1.185065294806447
policy,97500,19349,19299,3868.2,261328,False,False,True,False,100,-1.2746131531285254
policy,97600,19369,19319,3872.6,261329,False,False,True,False,100,-1.3703772487904835
policy,97700,19389,19339,3876.9,261330,False,False,True,False,100,-1.411270455975829
policy,97800,19409,19359,3881.3,261331,False,False,True,False,100,-1.3164583685266664
policy,97863,19422,19372,3884.1,261332,True,True,False,False,63,0.6719840056886498
policy,97963,19442,19392,3888.5,261333,False,True,True,False,100,-1.3369336678517243
policy,98063,19462,19412,3892.8,261334,False,True,True,False,100,-1.7501231473802443
policy,98163,19482,19432,3897.1,261335,False,True,True,False,100,-1.604734900413396
policy,98263,19502,19452,3901.8,261336,False,False,True,False,100,-1.410475665677171
policy,98363,19522,19472,3906.9,261337,False,False,True,False,100,-1.2488250527616869
policy,98463,19542,19492,3911.4,261338,False,False,True,False,100,-1.4487311498557869
policy,98542,19558,19508,3914.8,261339,False,False,False,True,79,-1.100842835344168
policy,98642,19578,19528,3919.1,261340,False,True,True,False,100,-1.4429553670183264
policy,98742,19598,19548,3923.4,261341,False,False,True,False,100,-1.4341078468737183
policy,98836,19617,19567,3927.4,261342,False,False,False,True,94,-1.4089560540120565
policy,98936,19637,19587,3931.7,261343,False,False,True,False,100,-1.4239584567580694
policy,99036,19657,19607,3935.9,261344,False,False,True,False,100,-1.1614039652793462
policy,99049,19659,19609,3936.4,261345,False,False,False,True,13,-0.945148648917869
policy,99149,19679,19629,3940.7,261346,False,True,True,False,100,-1.712075654473335
policy,99249,19699,19649,3945.0,261347,False,False,True,False,100,-1.235453385886242
policy,99257,19701,19651,3945.4,261348,False,False,False,True,8,-0.7748711785903137
policy,99353,19720,19670,3949.2,261349,False,False,False,True,96,-1.546085764961293
policy,99453,19740,19690,3953.2,261350,False,True,True,False,100,-1.7574925390422145
policy,99553,19760,19710,3957.3,261351,False,False,True,False,100,-1.3567847539810538
policy,99653,19780,19730,3961.3,261352,False,False,True,False,100,-1.1881830072834025
policy,99753,19800,19750,3965.6,261353,False,False,True,False,100,-1.5110382322906997
policy,99853,19820,19770,3969.8,261354,False,False,True,False,100,-1.7272762947913476
policy,99953,19840,19790,3974.1,261355,False,False,True,False,100,-1.2331319580918718
policy,100053,19860,19810,3978.3,261356,False,True,True,False,100,-1.6052786105389671
policy,100151,19880,19830,3982.3,261357,False,False,False,True,98,-1.4041271867365874
policy,100251,19900,19850,3986.3,261358,False,False,True,False,100,-1.4286722682454083
policy,100351,19920,19870,3990.5,261359,False,False,True,False,100,-1.528183404725597
policy,100451,19940,19890,3994.6,261360,False,True,True,False,100,-1.3648008938752523
policy,100551,19960,19910,3998.9,261361,False,False,True,False,100,-1.7886929906461533
policy,100651,19980,19930,4003.2,261362,False,True,True,False,100,-1.65570153530967
policy,100751,20000,19950,4007.2,261363,False,True,True,False,100,-1.4766034625386286
policy,100814,20012,19962,4009.6,261364,False,False,False,True,63,-1.052704959149903
policy,100914,20032,19982,4013.8,261365,False,False,True,False,100,-1.2422999785039792
policy,101014,20052,20002,4017.8,261366,False,False,True,False,100,-1.4107950590537903
policy,101061,20062,20012,4019.9,261367,False,True,False,True,47,-0.846973342807694
policy,101161,20082,20032,4024.0,261368,False,False,True,False,100,-1.5432306676986653
policy,101261,20102,20052,4028.2,261369,False,False,True,False,100,-1.4913853753193322
policy,101322,20114,20064,4030.7,261370,False,False,False,True,61,-1.0042615465275206
policy,101422,20134,20084,4034.7,261371,False,False,True,False,100,-1.2509566863379251
policy,101522,20154,20104,4038.7,261372,False,False,True,False,100,-1.5772602692626614
policy,101544,20158,20108,4039.5,261373,False,False,False,True,22,-0.8129332527646047
policy,101644,20178,20128,4043.5,261374,False,False,True,False,100,-1.7409914160251074
policy,101744,20198,20148,4047.6,261375,False,True,True,False,100,-1.7392440173290447
policy,101777,20205,20155,4049.0,261376,False,False,False,True,33,-0.9195965681215301
policy,101839,20217,20167,4051.4,261377,False,False,False,True,62,-1.019113198520899
policy,101939,20237,20187,4055.4,261378,False,False,True,False,100,-1.7280397343084695
policy,102039,20257,20207,4059.4,261379,False,True,True,False,100,-1.5849116602685511
policy,102139,20277,20227,4063.3,261380,False,False,True,False,100,-1.587248876366782
policy,102171,20284,20234,4064.7,261381,False,False,False,True,32,-0.8819218489277654
policy,102271,20304,20254,4068.5,261382,False,False,True,False,100,-1.3524728923349514
policy,102371,20324,20274,4072.5,261383,False,False,True,False,100,-1.571656924598091
policy,102440,20337,20287,4075.1,261384,False,False,False,True,69,-1.350616516739524
policy,102540,20357,20307,4079.1,261385,False,True,True,False,100,-1.4927581497495879
policy,102640,20377,20327,4083.0,261386,False,False,True,False,100,-1.320675018162681
policy,102720,20393,20343,4086.2,261387,False,False,False,True,80,-1.2407972108146996
policy,102820,20413,20363,4090.1,261388,False,False,True,False,100,-1.5595888602326196
policy,102920,20433,20383,4094.3,261389,False,True,False,True,100,-1.7106338458789296
policy,103020,20453,20403,4098.3,261390,False,True,True,False,100,-1.545762131541013
policy,103083,20466,20416,4100.9,261391,False,False,False,True,63,-1.0618374825960526
policy,103098,20469,20419,4101.5,261392,False,True,False,True,15,-1.0624164444118802
policy,103135,20476,20426,4103.1,261393,False,False,False,True,37,-1.0617722617853431
policy,103235,20496,20446,4107.2,261394,False,False,True,False,100,-1.600694099594636
policy,103335,20516,20466,4111.3,261395,False,False,True,False,100,-1.7872306785068315
policy,103402,20530,20480,4114.2,261396,True,True,False,False,67,0.6959993273127629
policy,103502,20550,20500,4118.3,261397,False,False,True,False,100,-1.3621430086389001
policy,103602,20570,20520,4122.3,261398,False,False,True,False,100,-1.459309058376754
policy,103702,20590,20540,4126.4,261399,False,True,True,False,100,-1.4147814606317204
policy,103802,20610,20560,4130.6,261400,False,False,True,False,100,-1.4155320000167808
policy,103902,20630,20580,4134.8,261401,False,True,True,False,100,-1.5628307374888386
policy,104002,20650,20600,4139.0,261402,False,False,True,False,100,-1.59267576718766
policy,104102,20670,20620,4143.2,261403,False,False,True,False,100,-1.170903575880499
policy,104202,20690,20640,4147.5,261404,False,False,True,False,100,-1.5477690505559716
policy,104302,20710,20660,4151.7,261405,False,False,True,False,100,-1.4306889753905163
policy,104339,20717,20667,4153.1,261406,False,False,False,True,37,-0.8473805870632829
policy,104439,20737,20687,4157.1,261407,False,False,True,False,100,-1.3005446468116055
policy,104539,20757,20707,4161.2,261408,False,True,True,False,100,-1.3456815025804343
policy,104639,20777,20727,4165.3,261409,False,False,True,False,100,-1.2980125176155055
policy,104739,20797,20747,4169.4,261410,False,False,True,False,100,-1.4940583375151522
policy,104839,20817,20767,4173.6,261411,False,False,True,False,100,-1.4781177355246609
policy,104939,20837,20787,4177.8,261412,False,False,True,False,100,-1.511121782315009
policy,105039,20857,20807,4182.2,261413,False,False,True,False,100,-1.4781546814116049
policy,105130,20875,20825,4186.1,261414,False,False,False,True,91,-1.295206212100998
policy,105230,20895,20845,4190.1,261415,False,True,True,False,100,-1.370017179928694
policy,105330,20915,20865,4194.5,261416,False,False,True,False,100,-1.8056339006792743
policy,105430,20935,20885,4198.7,261417,False,False,True,False,100,-1.7169943224239652
policy,105530,20955,20905,4202.8,261418,False,True,True,False,100,-1.72492691733799
policy,105630,20975,20925,4207.6,261419,False,False,True,False,100,-1.597765531989411
policy,105730,20995,20945,4212.0,261420,False,False,True,False,100,-1.290858730416165
policy,105830,21015,20965,4216.2,261421,False,False,True,False,100,-1.6094148440959182
policy,105930,21035,20985,4220.3,261422,False,False,True,False,100,-1.1568860446293274
policy,106030,21055,21005,4224.5,261423,False,False,True,False,100,-1.348948041960536
policy,106130,21075,21025,4228.8,261424,False,False,True,False,100,-1.4984818314756252
policy,106230,21095,21045,4233.1,261425,False,True,True,False,100,-1.4412397512944426
policy,106330,21115,21065,4237.4,261426,False,False,True,False,100,-1.323769051678683
policy,106362,21122,21072,4238.9,261427,False,False,False,True,32,-0.7229430667034598
policy,106462,21142,21092,4243.2,261428,False,False,True,False,100,-1.146588367118873
policy,106476,21145,21095,4243.8,261429,False,False,False,True,14,-0.7215728055820267
policy,106514,21152,21102,4245.3,261430,False,False,False,True,38,-0.786024332570118
policy,106614,21172,21122,4249.5,261431,False,False,True,False,100,-1.2794840544035817
policy,106714,21192,21142,4253.7,261432,False,True,True,False,100,-1.376365188491851
policy,106814,21212,21162,4258.1,261433,False,False,True,False,100,-1.3840785377117883
policy,106914,21232,21182,4262.4,261434,False,True,True,False,100,-1.8190425571530027
policy,107014,21252,21202,4266.6,261435,False,False,True,False,100,-1.543142863499594
policy,107114,21272,21222,4270.9,261436,False,True,True,False,100,-1.4674813943971259
policy,107211,21292,21242,4275.1,261437,False,False,False,True,97,-1.2886688726806346
policy,107311,21312,21262,4279.1,261438,False,False,True,False,100,-1.724163852476006
policy,107411,21332,21282,4283.4,261439,False,False,True,False,100,-1.6691422346499047
policy,107511,21352,21302,4287.7,261440,False,False,True,False,100,-1.4245919567454997
policy,107611,21372,21322,4291.9,261441,False,False,True,False,100,-1.3504689161545698
policy,107711,21392,21342,4297.6,261442,False,False,True,False,100,-1.2591869692173767
policy,107811,21412,21362,4302.2,261443,False,True,True,False,100,-1.547114098618382
policy,107887,21427,21377,4305.3,261444,False,False,False,True,76,-1.2441066016339892
policy,107920,21433,21383,4306.6,261445,False,False,False,True,33,-1.0641343711642697
policy,108020,21453,21403,4310.9,261446,False,False,True,False,100,-1.5987664657205536
policy,108120,21473,21423,4315.3,261447,False,False,True,False,100,-1.5094173176896652
policy,108220,21493,21443,4319.4,261448,False,False,True,False,100,-1.4429197049850795
policy,108320,21513,21463,4323.5,261449,False,False,True,False,100,-1.5170250185440919
policy,108351,21520,21470,4325.1,261450,False,False,False,True,31,-0.758930500268275
policy,108451,21540,21490,4329.6,261451,False,False,True,False,100,-1.3998094655372584
policy,108517,21553,21503,4333.1,261452,False,False,False,True,66,-0.984772342342515
policy,108575,21564,21514,4335.6,261453,False,False,False,True,58,-1.2656633336412795
policy,108675,21584,21534,4340.1,261454,False,False,True,False,100,-1.4741266525040766
policy,108775,21604,21554,4344.3,261455,False,False,True,False,100,-1.472824686087558
policy,108855,21620,21570,4347.7,261456,True,True,False,False,80,0.4685141378211658
policy,108955,21640,21590,4351.9,261457,False,False,True,False,100,-1.596055305721289
policy,109055,21660,21610,4356.5,261458,False,False,True,False,100,-1.6912340230624943
policy,109155,21680,21630,4360.5,261459,False,True,True,False,100,-1.6925047382584482
policy,109255,21700,21650,4364.7,261460,False,False,True,False,100,-1.2192191607881862
policy,109355,21720,21670,4369.1,261461,False,False,True,False,100,-1.207160479430613
policy,109455,21740,21690,4373.1,261462,False,True,True,False,100,-1.4383286347368298
policy,109555,21760,21710,4377.4,261463,False,True,True,False,100,-1.7856430187942833
policy,109655,21780,21730,4381.6,261464,False,False,True,False,100,-1.3467468547012345
policy,109755,21800,21750,4385.8,261465,False,True,True,False,100,-1.5697022193783687
policy,109855,21820,21770,4390.1,261466,False,False,True,False,100,-1.2596649339816803
policy,109942,21838,21788,4394.0,261467,True,True,False,False,87,0.5640171869044321
policy,110042,21858,21808,4398.1,261468,False,False,True,False,100,-1.3357501218872803
policy,110142,21878,21828,4402.4,261469,False,False,True,False,100,-1.654403039891803
policy,110242,21898,21848,4406.4,261470,False,True,True,False,100,-1.5379078654997045
policy,110342,21918,21868,4410.4,261471,False,False,True,False,100,-1.5848479908250188
policy,110408,21931,21881,4413.2,261472,False,False,False,True,66,-1.215552872246783
policy,110508,21951,21901,4417.4,261473,False,True,True,False,100,-1.8534514421179753
policy,110608,21971,21921,4421.7,261474,False,False,True,False,100,-1.6353351045446811
policy,110656,21981,21931,4423.8,261475,True,True,False,False,48,0.719841221727262
policy,110756,22001,21951,4428.0,261476,False,False,True,False,100,-1.446965636093572
policy,110856,22021,21971,4432.2,261477,False,False,True,False,100,-1.5053860168110196
policy,110956,22041,21991,4436.3,261478,False,False,True,False,100,-1.5986502188590057
policy,111056,22061,22011,4440.4,261479,False,False,True,False,100,-1.2899619507862827
policy,111156,22081,22031,4444.4,261480,False,True,True,False,100,-1.6860949202292734
policy,111224,22094,22044,4447.0,261481,False,False,False,True,68,-1.0228914699129563
policy,111324,22114,22064,4451.1,261482,False,False,True,False,100,-1.3408917529784445
policy,111424,22134,22084,4455.3,261483,False,True,True,False,100,-1.2883117149531707
policy,111524,22154,22104,4459.7,261484,False,False,True,False,100,-1.4101925135731113
policy,111607,22171,22121,4463.2,261485,False,False,False,True,83,-1.3535344047872069
policy,111707,22191,22141,4467.3,261486,False,True,True,False,100,-1.3662696415213968
policy,111790,22207,22157,4470.6,261487,False,False,False,True,83,-1.3159437618017944
policy,111890,22227,22177,4474.8,261488,False,False,True,False,100,-1.6402290388768868
policy,111990,22247,22197,4478.8,261489,False,False,True,False,100,-1.2151135800339852
policy,112032,22256,22206,4480.7,261490,False,False,False,True,42,-1.0593368002091545
policy,112095,22268,22218,4483.2,261491,False,False,False,True,63,-1.174311099584227
policy,112195,22288,22238,4487.5,261492,False,True,True,False,100,-1.3638376949661104
policy,112295,22308,22258,4491.6,261493,False,True,True,False,100,-1.2418874041907615
policy,112395,22328,22278,4495.8,261494,False,False,True,False,100,-1.470724037943743
policy,112495,22348,22298,4499.9,261495,False,False,True,False,100,-1.5248180611965991
policy,112595,22368,22318,4504.1,261496,False,False,True,False,100,-1.3662280880061037
policy,112695,22388,22338,4508.6,261497,False,False,True,False,100,-1.7417632206059555
policy,112795,22408,22358,4512.9,261498,False,False,True,False,100,-1.2437273635701702
policy,112895,22428,22378,4517.0,261499,False,True,True,False,100,-1.377997993170664
policy,112995,22448,22398,4521.3,261500,False,True,True,False,100,-1.3896082536257808
policy,113036,22457,22407,4523.2,261501,False,False,False,True,41,-0.8263979494764861
policy,113136,22477,22427,4527.2,261502,False,True,True,False,100,-1.3816604370908177
policy,113236,22497,22447,4531.2,261503,False,False,True,False,100,-1.4272440730695848
policy,113306,22511,22461,4534.0,261504,False,False,False,True,70,-1.2582467988919661
policy,113406,22531,22481,4538.1,261505,False,True,True,False,100,-1.530909722269103
policy,113506,22551,22501,4542.3,261506,False,False,True,False,100,-1.3380240603660576
policy,113606,22571,22521,4546.5,261507,False,True,True,False,100,-1.2253434465964717
policy,113706,22591,22541,4550.7,261508,False,False,True,False,100,-1.8379987204200605
policy,113806,22611,22561,4554.8,261509,False,False,True,False,100,-1.188642917888808
policy,113906,22631,22581,4558.9,261510,False,True,True,False,100,-1.7330432910021876
policy,114006,22651,22601,4563.2,261511,False,False,True,False,100,-1.4526249028961078
policy,114050,22659,22609,4564.8,261512,False,True,False,True,44,-1.342064244146728
policy,114150,22679,22629,4569.0,261513,False,False,True,False,100,-1.5907209790634016
policy,114170,22683,22633,4569.8,261514,False,False,False,True,20,-0.6749126172661426
policy,114270,22703,22653,4574.1,261515,False,False,True,False,100,-1.2589433942583592
policy,114370,22723,22673,4578.2,261516,False,False,True,False,100,-1.7649141000058353
policy,114382,22726,22676,4578.8,261517,False,False,False,True,12,-0.729776549455772
policy,114482,22746,22696,4582.8,261518,False,False,True,False,100,-1.4862462507585685
policy,114582,22766,22716,4586.9,261519,False,False,True,False,100,-1.6678556365118695
policy,114682,22786,22736,4591.1,261520,False,False,True,False,100,-1.5501626467564518
policy,114700,22789,22739,4591.8,261521,False,False,False,True,18,-0.8538469085925895
policy,114800,22809,22759,4596.1,261522,False,False,True,False,100,-1.3352731958236301
policy,114900,22829,22779,4600.2,261523,False,False,True,False,100,-1.528637188851616
policy,115000,22849,22799,4604.3,261524,False,True,True,False,100,-1.6203014215289684
policy,115042,22858,22808,4606.2,261525,False,False,False,True,42,-1.0787143031470645
policy,115142,22878,22828,4610.2,261526,False,False,True,False,100,-1.5850653939937593
policy,115242,22898,22848,4614.1,261527,False,False,True,False,100,-1.5938944852568957
policy,115342,22918,22868,4618.1,261528,False,False,True,False,100,-1.292329541706882
policy,115442,22938,22888,4622.2,261529,False,False,True,False,100,-1.2652327690429828
policy,115542,22958,22908,4626.2,261530,False,False,True,False,100,-1.2328951508647392
policy,115642,22978,22928,4630.3,261531,False,False,True,False,100,-1.4344097726272138
policy,115742,22998,22948,4634.5,261532,False,False,True,False,100,-1.557390098231107
policy,115812,23012,22962,4637.4,261533,False,False,False,True,70,-1.3405937473042213
policy,115912,23032,22982,4641.6,261534,False,False,True,False,100,-1.5523653955126582
policy,116012,23052,23002,4645.7,261535,False,True,True,False,100,-1.4910566689457874
policy,116112,23072,23022,4649.8,261536,False,True,True,False,100,-1.7354357084126346
policy,116174,23084,23034,4652.5,261537,False,False,False,True,62,-1.0278831376329833
policy,116274,23104,23054,4656.6,261538,False,False,True,False,100,-1.388336644957099
policy,116374,23124,23074,4660.6,261539,False,False,True,False,100,-1.614608969646614
policy,116474,23144,23094,4664.6,261540,False,False,True,False,100,-1.4227248910351962
policy,116530,23155,23105,4667.1,261541,False,False,False,True,56,-1.0750298017331197
policy,116630,23175,23125,4671.7,261542,False,False,True,False,100,-1.5652561745881273
policy,116730,23195,23145,4676.4,261543,False,True,True,False,100,-1.5774218836393215
policy,116830,23215,23165,4680.8,261544,False,False,True,False,100,-1.6343433696700558
policy,116930,23235,23185,4684.9,261545,False,False,True,False,100,-1.4565880536424367
policy,117030,23255,23205,4689.0,261546,False,False,True,False,100,-1.6414505032347724
policy,117125,23274,23224,4693.0,261547,True,True,False,False,95,0.3062290167138182
policy,117225,23294,23244,4697.1,261548,False,True,True,False,100,-1.5872393870274424
policy,117325,23314,23264,4701.3,261549,False,False,True,False,100,-1.2257911734448577
policy,117425,23334,23284,4705.7,261550,False,False,True,False,100,-1.2529471410000852
policy,117525,23354,23304,4709.9,261551,False,True,True,False,100,-1.6099858045934532
policy,117625,23374,23324,4714.0,261552,False,False,True,False,100,-1.4193976552435124
policy,117725,23394,23344,4718.3,261553,False,True,True,False,100,-1.59490231804276
policy,117815,23412,23362,4722.1,261554,False,True,False,True,90,-1.4771217042624105
policy,117852,23420,23370,4723.9,261555,False,False,False,True,37,-0.98571945556645
policy,117952,23440,23390,4728.7,261556,False,True,True,False,100,-1.3753894059903387
policy,118052,23460,23410,4733.5,261557,False,True,True,False,100,-1.4766367250742392
policy,118152,23480,23430,4738.0,261558,False,True,True,False,100,-1.4503673305039095
policy,118252,23500,23450,4742.3,261559,False,False,True,False,100,-1.1508418562294684
policy,118352,23520,23470,4746.7,261560,False,False,True,False,100,-1.3579527020374955
policy,118452,23540,23490,4750.9,261561,False,False,True,False,100,-1.451428498582303
policy,118552,23560,23510,4755.2,261562,False,False,True,False,100,-1.186971848214358
policy,118652,23580,23530,4759.5,261563,False,False,True,False,100,-1.1763789089808168
policy,118752,23600,23550,4764.0,261564,False,False,True,False,100,-1.3607035294637229
policy,118852,23620,23570,4768.5,261565,False,False,True,False,100,-1.3871960502862626
policy,118884,23626,23576,4769.9,261566,False,False,False,True,32,-0.8470729902058931
policy,118984,23646,23596,4774.4,261567,False,False,True,False,100,-1.4606330033295298
policy,119084,23666,23616,4779.0,261568,False,True,True,False,100,-1.6805307483427643
policy,119184,23686,23636,4783.6,261569,False,False,True,False,100,-1.5326809602611822
policy,119284,23706,23656,4788.1,261570,False,False,True,False,100,-1.2958697000729296
policy,119384,23726,23676,4792.3,261571,False,False,True,False,100,-1.5334121797871378
policy,119484,23746,23696,4796.5,261572,False,False,True,False,100,-1.4043470602552408
policy,119541,23758,23708,4799.2,261573,False,False,False,True,57,-1.1238695051604357
policy,119641,23778,23728,4803.5,261574,False,True,True,False,100,-1.50945092539785
policy,119741,23798,23748,4807.8,261575,False,True,True,False,100,-1.4012233123478712
policy,119841,23818,23768,4812.6,261576,False,False,True,False,100,-1.4356333880523517
policy,119900,23829,23779,4815.0,261577,False,False,False,True,59,-1.140186548996257
policy,119967,23843,23793,4818.0,261578,False,False,False,True,67,-1.3568123287117602
policy,120067,23863,23813,4822.3,261579,False,False,True,False,100,-1.5979685506478032
policy,120167,23883,23833,4826.7,261580,False,False,True,False,100,-1.7271093745513006
policy,120199,23889,23839,4827.9,261581,False,False,False,True,32,-0.7770589489708536
policy,120236,23897,23847,4829.6,261582,False,False,False,True,37,-0.9005242838772388
policy,120336,23917,23867,4833.8,261583,False,False,True,False,100,-1.4571285468642756
policy,120436,23937,23887,4838.2,261584,False,False,True,False,100,-1.4754737043283068
policy,120536,23957,23907,4842.7,261585,False,True,True,False,100,-1.8243526679445838
policy,120636,23977,23927,4847.2,261586,False,True,True,False,100,-1.38142406599253
policy,120736,23997,23947,4851.8,261587,False,False,True,False,100,-1.4705379937431422
policy,120836,24017,23967,4856.4,261588,False,False,True,False,100,-1.3945703348938867
policy,120936,24037,23987,4861.0,261589,False,True,True,False,100,-1.6504206252169233
policy,121036,24057,24007,4865.4,261590,False,False,True,False,100,-1.2704745987840207
policy,121136,24077,24027,4870.1,261591,False,False,True,False,100,-1.5159922684334917
policy,121236,24097,24047,4874.8,261592,False,False,True,False,100,-1.220096534579393
policy,121336,24117,24067,4879.3,261593,False,False,True,False,100,-1.4519775999169433
policy,121436,24137,24087,4883.9,261594,False,False,True,False,100,-1.6334289480302502
policy,121536,24157,24107,4888.2,261595,False,True,True,False,100,-1.7840709369345809
policy,121636,24177,24127,4892.5,261596,False,False,True,False,100,-1.3334124782783927
policy,121736,24197,24147,4896.8,261597,False,True,True,False,100,-1.871912867307929
policy,121836,24217,24167,4901.3,261598,False,False,True,False,100,-1.5624868049222655
policy,121936,24237,24187,4905.7,261599,False,False,True,False,100,-1.4276535752754125
policy,122036,24257,24207,4909.9,261600,False,True,True,False,100,-1.3992515570487964
policy,122136,24277,24227,4914.5,261601,False,True,True,False,100,-1.7017942165954265
policy,122236,24297,24247,4918.8,261602,False,False,True,False,100,-1.2497893100759752
policy,122336,24317,24267,4923.3,261603,False,False,True,False,100,-1.50471274214807
policy,122436,24337,24287,4927.5,261604,False,False,True,False,100,-1.3024088070732733
policy,122536,24357,24307,4932.5,261605,False,False,True,False,100,-1.4011673107580391
policy,122636,24377,24327,4936.8,261606,False,True,True,False,100,-1.653056682135131
policy,122736,24397,24347,4941.1,261607,False,True,True,False,100,-1.733498419713826
policy,122836,24417,24367,4945.5,261608,False,True,True,False,100,-1.5440819339111607
policy,122936,24437,24387,4949.8,261609,False,True,True,False,100,-1.509381122151495
policy,123036,24457,24407,4954.0,261610,False,False,True,False,100,-1.4634036690817898
policy,123136,24477,24427,4958.4,261611,False,False,True,False,100,-1.3928315452547142
policy,123187,24487,24437,4960.5,261612,False,False,False,True,51,-0.9505112754811202
policy,123287,24507,24457,4964.7,261613,False,True,True,False,100,-1.5362842743782281
policy,123290,24507,24457,4964.7,261614,False,False,False,True,3,-0.6659887573343243
policy,123390,24527,24477,4969.0,261615,False,True,True,False,100,-1.630158518192573
policy,123490,24547,24497,4973.2,261616,False,True,True,False,100,-1.7606114449038346
policy,123590,24567,24517,4977.2,261617,False,False,True,False,100,-1.6859700838265126
policy,123690,24587,24537,4981.4,261618,False,False,True,False,100,-1.621408599858543
policy,123790,24607,24557,4985.6,261619,False,False,True,False,100,-1.449673211776482
policy,123890,24627,24577,4989.8,261620,False,True,True,False,100,-1.5445203856340928
policy,123990,24647,24597,4994.3,261621,False,False,True,False,100,-1.635538692111349
policy,124090,24667,24617,4998.5,261622,False,False,False,True,100,-1.3629920946387544
policy,124190,24687,24637,5002.8,261623,False,False,True,False,100,-1.3394859781187727
policy,124290,24707,24657,5007.1,261624,False,True,True,False,100,-1.736804081821764
policy,124390,24727,24677,5011.4,261625,False,True,True,False,100,-1.1647087668902514
policy,124490,24747,24697,5015.7,261626,False,True,True,False,100,-1.4057142546990062
policy,124525,24754,24704,5017.3,261627,False,False,False,True,35,-0.9268977918534641
policy,124625,24774,24724,5022.0,261628,False,False,True,False,100,-1.393769638290979
policy,124725,24794,24744,5026.5,261629,False,False,True,False,100,-1.331397315474735
policy,124825,24814,24764,5030.8,261630,False,True,True,False,100,-1.4370129360948205
policy,124878,24825,24775,5033.1,261631,False,False,False,True,53,-0.9871934168118972
policy,124939,24837,24787,5035.6,261632,False,False,False,True,61,-1.145313292895036
policy,124952,24840,24790,5036.3,261633,False,False,False,True,13,-0.8714631780950342
policy,125052,24860,24810,5040.5,261634,False,False,True,False,100,-1.6352733546237306
policy,125152,24880,24830,5044.7,261635,False,False,True,False,100,-1.4204279946083247
policy,125252,24900,24850,5049.0,261636,False,False,True,False,100,-1.6238616511279051
policy,125352,24920,24870,5053.4,261637,False,False,True,False,100,-1.5122016772025155
policy,125452,24940,24890,5057.9,261638,False,False,True,False,100,-1.467111212570995
policy,125552,24960,24910,5062.4,261639,False,False,True,False,100,-1.5684331216773084
policy,125627,24975,24925,5065.6,261640,True,True,False,False,75,0.5006572694134498
policy,125637,24977,24927,5066.1,261641,False,False,False,True,10,-0.8261349783102111
policy,125737,24997,24947,5070.3,261642,False,False,True,False,100,-1.443112861226972
policy,125837,25017,24967,5074.6,261643,False,True,True,False,100,-1.4437999075513752
policy,125937,25037,24987,5079.0,261644,False,False,True,False,100,-1.4554178085085725
policy,126037,25057,25007,5083.5,261645,False,True,True,False,100,-1.739959686097521
policy,126137,25077,25027,5087.9,261646,False,False,True,False,100,-1.3657835119347308
policy,126237,25097,25047,5092.0,261647,False,False,True,False,100,-1.254878455312311
policy,126337,25117,25067,5096.3,261648,False,False,True,False,100,-1.2882667967706671
policy,126437,25137,25087,5100.5,261649,False,True,True,False,100,-1.574194312763308
policy,126537,25157,25107,5104.7,261650,False,False,True,False,100,-1.3276860985875962
policy,126637,25177,25127,5109.4,261651,False,False,True,False,100,-1.3450839675036197
policy,126737,25197,25147,5113.8,261652,False,False,True,False,100,-1.3396495453308832
policy,126837,25217,25167,5118.5,261653,False,False,True,False,100,-1.7852191967347446
policy,126937,25237,25187,5123.2,261654,False,False,True,False,100,-1.349116499339981
policy,126994,25248,25198,5125.5,261655,False,False,False,True,57,-1.0203501310696117
policy,127094,25268,25218,5130.0,261656,False,False,True,False,100,-1.5453183493813953
policy,127194,25288,25238,5134.3,261657,False,True,True,False,100,-1.326787578151258
policy,127294,25308,25258,5138.8,261658,False,True,True,False,100,-1.648177570438193
policy,127394,25328,25278,5143.3,261659,False,False,True,False,100,-1.5318351668675425
policy,127494,25348,25298,5147.6,261660,False,False,True,False,100,-1.7538663772602034
policy,127594,25368,25318,5151.7,261661,False,False,True,False,100,-1.421675719190692
policy,127686,25387,25337,5155.7,261662,False,False,False,True,92,-1.245402166962911
policy,127786,25407,25357,5159.9,261663,False,True,True,False,100,-1.3378439062853174
policy,127886,25427,25377,5164.4,261664,False,False,True,False,100,-1.2930452169895754
policy,127986,25447,25397,5168.8,261665,False,False,True,False,100,-1.344182085879714
policy,128086,25467,25417,5173.0,261666,False,False,True,False,100,-1.4131996214326694
policy,128186,25487,25437,5177.6,261667,False,True,True,False,100,-1.495367284690587
policy,128286,25507,25457,5181.8,261668,False,False,True,False,100,-1.342147231501979
policy,128386,25527,25477,5186.1,261669,False,True,True,False,100,-1.5925613375903245
policy,128486,25547,25497,5190.6,261670,False,True,True,False,100,-1.2540431218493564
policy,128586,25567,25517,5194.8,261671,False,False,True,False,100,-1.4345807063531733
policy,128686,25587,25537,5199.0,261672,False,False,True,False,100,-1.3410326765028517
policy,128786,25607,25557,5203.2,261673,False,True,True,False,100,-1.5777645928953021
policy,128886,25627,25577,5207.5,261674,False,False,True,False,100,-1.6872795828222067
policy,128933,25636,25586,5209.4,261675,False,False,False,True,47,-0.8942539272867589
policy,129033,25656,25606,5213.6,261676,False,True,True,False,100,-1.2947793135333336
policy,129133,25676,25626,5217.8,261677,False,True,True,False,100,-1.5780025402722373
policy,129233,25696,25646,5222.0,261678,False,False,True,False,100,-1.303515823491514
policy,129333,25716,25666,5226.3,261679,False,False,True,False,100,-1.490376068324373
policy,129392,25728,25678,5228.9,261680,False,False,False,True,59,-1.1680371524510895
policy,129492,25748,25698,5233.0,261681,False,True,True,False,100,-1.480170882727096
policy,129592,25768,25718,5237.3,261682,False,False,True,False,100,-1.5243351047079146
policy,129692,25788,25738,5241.5,261683,False,False,True,False,100,-1.6296118647064328
policy,129712,25792,25742,5242.4,261684,False,False,False,True,20,-0.8633450184743325
policy,129772,25804,25754,5245.1,261685,False,False,False,True,60,-0.8916443324590808
policy,129872,25824,25774,5249.5,261686,False,False,True,False,100,-1.5510687720082927
policy,129972,25844,25794,5254.3,261687,False,True,True,False,100,-1.2608763058484773
policy,130072,25864,25814,5258.7,261688,False,False,True,False,100,-1.4047694151054324
policy,130172,25884,25834,5263.1,261689,False,True,True,False,100,-1.55940858591535
policy,130272,25904,25854,5267.5,261690,False,False,True,False,100,-1.3085169576383278
policy,130372,25924,25874,5271.9,261691,False,True,True,False,100,-1.454788099633538
policy,130472,25944,25894,5276.0,261692,False,True,True,False,100,-1.4310165009374924
policy,130572,25964,25914,5280.3,261693,False,True,True,False,100,-1.4487169817577046
policy,130666,25983,25933,5284.4,261694,True,True,False,False,94,0.4881724500290381
policy,130766,26003,25953,5289.1,261695,False,True,True,False,100,-1.7431076172461644
policy,130866,26023,25973,5293.7,261696,False,True,True,False,100,-1.58712017109912
policy,130948,26039,25989,5297.3,261697,False,False,False,True,82,-1.2431657574286294
policy,131048,26059,26009,5301.7,261698,False,False,True,False,100,-1.3977713352771781
policy,131148,26079,26029,5306.4,261699,False,True,True,False,100,-1.4393536115659162
policy,131248,26099,26049,5311.1,261700,False,True,True,False,100,-1.365888312427033
policy,131348,26119,26069,5315.8,261701,False,False,True,False,100,-1.5973563700873539
policy,131448,26139,26089,5320.6,261702,False,False,True,False,100,-1.1921976695438325
policy,131548,26159,26109,5325.0,261703,False,False,True,False,100,-1.5792964367338915
policy,131648,26179,26129,5329.4,261704,False,False,True,False,100,-1.189375141844971
policy,131748,26199,26149,5333.7,261705,False,True,True,False,100,-1.680427432741255
policy,131848,26219,26169,5338.1,261706,False,False,True,False,100,-1.2951693348858395
policy,131948,26239,26189,5342.8,261707,False,False,True,False,100,-1.313202181451058
policy,132031,26256,26206,5346.5,261708,True,True,False,False,83,0.46858269869214353
policy,132131,26276,26226,5351.3,261709,False,True,True,False,100,-1.564165431290632
policy,132231,26296,26246,5355.7,261710,False,False,True,False,100,-1.7991248217237734
policy,132331,26316,26266,5360.7,261711,False,False,True,False,100,-1.4958297482755922
policy,132431,26336,26286,5365.0,261712,False,True,True,False,100,-1.552109830200079
policy,132531,26356,26306,5369.4,261713,False,False,True,False,100,-1.5107770790343051
policy,132631,26376,26326,5373.7,261714,False,False,True,False,100,-1.5132726093907276
policy,132731,26396,26346,5378.1,261715,False,False,True,False,100,-1.3908244806072214
policy,132831,26416,26366,5382.4,261716,False,False,True,False,100,-1.294985807924311
policy,132931,26436,26386,5386.9,261717,False,False,True,False,100,-1.2996047307117227
policy,133031,26456,26406,5391.5,261718,False,True,True,False,100,-1.4632457788950728
policy,133131,26476,26426,5396.3,261719,False,True,True,False,100,-1.6171407489631802
policy,133231,26496,26446,5400.7,261720,False,False,True,False,100,-1.2617193891930147
policy,133331,26516,26466,5405.3,261721,False,False,True,False,100,-1.8200178079433607
policy,133402,26530,26480,5408.8,261722,False,False,False,True,71,-1.0078862116162002
policy,133502,26550,26500,5413.9,261723,False,True,True,False,100,-1.640086514109412
policy,133602,26570,26520,5418.2,261724,False,False,True,False,100,-1.3548741205137338
policy,133702,26590,26540,5423.1,261725,False,True,True,False,100,-1.39769057618346
policy,133802,26610,26560,5427.9,261726,False,False,True,False,100,-1.3794331966053806
policy,133902,26630,26580,5432.7,261727,False,False,True,False,100,-1.3517428303165557
policy,134002,26650,26600,5437.1,261728,False,False,True,False,100,-1.7340454624210535
policy,134102,26670,26620,5441.6,261729,False,True,True,False,100,-1.677206529806877
policy,134174,26684,26634,5444.8,261730,False,True,False,True,72,-1.0856961544113308
policy,134274,26704,26654,5449.2,261731,False,False,True,False,100,-1.759928039986221
policy,134300,26709,26659,5450.3,261732,False,False,False,True,26,-1.000481428908011
policy,134341,26718,26668,5452.2,261733,False,False,False,True,41,-1.031256196179977
policy,134441,26738,26688,5456.4,261734,False,False,True,False,100,-1.3693062719873033
policy,134541,26758,26708,5460.7,261735,False,True,True,False,100,-1.7636517680405852
policy,134641,26778,26728,5465.3,261736,False,False,True,False,100,-1.6476995561496566
policy,134733,26796,26746,5469.4,261737,False,False,False,True,92,-1.491733416340256
policy,134833,26816,26766,5473.9,261738,False,False,True,False,100,-1.3265004365816173
policy,134884,26826,26776,5476.1,261739,True,True,False,False,51,0.6795122155674251
policy,134984,26846,26796,5481.0,261740,False,False,True,False,100,-1.394619982856421
policy,135084,26866,26816,5485.7,261741,False,False,True,False,100,-1.6201100424544626
policy,135143,26878,26828,5488.4,261742,False,False,False,True,59,-1.0946333607775092
policy,135243,26898,26848,5492.9,261743,False,True,True,False,100,-1.4049771731196192
policy,135343,26918,26868,5497.6,261744,False,False,True,False,100,-1.3670151672252544
policy,135443,26938,26888,5502.4,261745,False,False,True,False,100,-1.248879087152423
policy,135543,26958,26908,5507.2,261746,False,True,True,False,100,-1.5995470785072081
policy,135625,26974,26924,5511.1,261747,True,True,False,False,82,0.4306246923676704
policy,135725,26994,26944,5515.7,261748,False,False,True,False,100,-1.1881372551327787
policy,135825,27014,26964,5520.3,261749,False,False,True,False,100,-1.6148434324434975
policy,135925,27034,26984,5525.0,261750,False,False,True,False,100,-1.402110219365088
policy,136025,27054,27004,5529.6,261751,False,False,True,False,100,-1.2338321647798383
policy,136125,27074,27024,5534.7,261752,False,True,True,False,100,-1.6376494779276736
policy,136225,27094,27044,5539.0,261753,False,False,True,False,100,-1.3809558165151357
policy,136325,27114,27064,5543.9,261754,False,False,True,False,100,-1.4454702090202753
policy,136425,27134,27084,5548.6,261755,False,True,True,False,100,-1.7518794253585601
policy,136501,27150,27100,5552.2,261756,False,False,False,True,76,-1.1910634469970665
policy,136566,27163,27113,5555.1,261757,False,False,False,True,65,-1.0114630249799128
policy,136666,27183,27133,5559.5,261758,False,False,True,False,100,-1.6460173381010397
policy,136766,27203,27153,5564.0,261759,False,False,True,False,100,-1.599583397397403
policy,136866,27223,27173,5568.7,261760,False,False,True,False,100,-1.5339230151011298
policy,136966,27243,27193,5573.6,261761,False,True,True,False,100,-1.6544016120374971
policy,137066,27263,27213,5578.7,261762,False,False,True,False,100,-1.2812938750908696
policy,137166,27283,27233,5583.3,261763,False,False,True,False,100,-1.2928427843409656
policy,137266,27303,27253,5588.8,261764,False,True,True,False,100,-1.548404980993683
policy,137351,27320,27270,5592.7,261765,True,True,False,False,85,0.6179516590796499
policy,137364,27322,27272,5593.1,261766,False,False,False,True,13,-0.6621497563261365
policy,137464,27342,27292,5597.6,261767,False,False,True,False,100,-1.6548803982270193
policy,137564,27362,27312,5602.4,261768,False,True,True,False,100,-1.5878442880516515
policy,137664,27382,27332,5606.8,261769,False,False,True,False,100,-1.5783480502099039
