scene,steps,move_share,mean_move_param,mean_abs_turn_param,mean_speed_mps,final_distance_to_active_goal_m
260000,100,0.43,-0.1123674213886261,0.4405899941921234,3.892359972000122,1124.6829833984375
260001,40,0.45,0.1106272041797638,0.4852173924446106,4.70877742767334,1033.5445556640625
260002,81,0.4691358024691358,-0.052473243325948715,0.5318231582641602,2.698277711868286,527.6598510742188
260003,100,0.52,-0.06215699389576912,0.47467103600502014,2.0259368419647217,1594.351318359375
260004,99,0.5959595959595959,0.056127823889255524,0.5193604230880737,12.895431518554688,1492.0631103515625
260005,43,0.5581395348837209,0.34011730551719666,0.5352621078491211,17.647605895996094,1522.07373046875
260006,100,0.43,0.010530035011470318,0.46206921339035034,5.238124847412109,210.37353515625
260007,100,0.5,-0.049981214106082916,0.5052599906921387,4.221822738647461,891.0260009765625
260008,100,0.49,0.061913326382637024,0.4875771105289459,15.1154146194458,240.85189819335938
260009,37,0.35135135135135137,0.09608041495084763,0.37701496481895447,1.928641676902771,1011.0193481445312
260010,100,0.57,0.02842475287616253,0.5336471796035767,7.206615447998047,1381.6524658203125
260011,100,0.53,-0.0405689962208271,0.5671643018722534,4.780786037445068,214.53456115722656
260012,38,0.7368421052631579,0.6275295615196228,0.625249981880188,31.999507904052734,220.5701141357422
260013,13,0.6923076923076923,0.7491183876991272,0.5954576134681702,17.066389083862305,1351.1795654296875
260014,30,0.7333333333333333,0.6014305353164673,0.7303489446640015,23.118541717529297,902.6384887695312
260015,51,0.39215686274509803,0.4484230577945709,0.6633061766624451,19.20757484436035,674.370361328125
260016,60,0.4166666666666667,0.014127404429018497,0.597402036190033,4.2635650634765625,1848.611083984375
260017,100,0.2,0.08403836190700531,0.6256704330444336,4.942920684814453,1421.3653564453125
260018,100,0.28,0.033693887293338776,0.6071431040763855,6.138645648956299,950.0225830078125
260019,47,0.2978723404255319,0.5420322418212891,0.500980794429779,14.572426795959473,782.6941528320312
260020,100,0.33,0.15404640138149261,0.5927266478538513,14.686232566833496,351.8837585449219
260021,100,0.35,0.09670571237802505,0.604747474193573,11.352341651916504,1166.61279296875
260022,100,0.45,-0.1334751844406128,0.5917861461639404,3.341094970703125,1136.7625732421875
260023,100,0.45,-0.07142432779073715,0.5921998620033264,3.256829261779785,535.299560546875
260024,100,0.3,0.2002115547657013,0.5853710770606995,14.383386611938477,610.2071533203125
260025,21,0.47619047619047616,0.24292460083961487,0.6277600526809692,7.683281898498535,834.1727905273438
260026,100,0.48,0.2573111653327942,0.5424273014068604,29.241426467895508,1229.605224609375
260027,81,0.4691358024691358,0.0030625760555267334,0.6011881828308105,4.631998538970947,2038.9952392578125
260028,84,0.47619047619047616,0.20936885476112366,0.5517394542694092,18.88340187072754,2032.12548828125
260029,100,0.62,-0.022482655942440033,0.5017804503440857,8.466294288635254,1150.7862548828125
260030,100,0.78,0.04944419860839844,0.5707913041114807,12.291550636291504,876.7713012695312
260031,100,0.71,0.06704916805028915,0.5813128352165222,20.540464401245117,1048.1083984375
260032,20,0.7,0.16219186782836914,0.8550314903259277,7.030564308166504,1730.8551025390625
260033,72,0.6666666666666666,0.019955957308411598,0.6098256707191467,7.809993267059326,1464.7017822265625
260034,100,0.65,0.006484410259872675,0.6342667937278748,12.630878448486328,1291.3753662109375
260035,44,0.5454545454545454,-0.03354913741350174,0.63944411277771,6.480740547180176,1303.6243896484375
260036,100,0.63,-0.014068660326302052,0.5737185478210449,4.169477462768555,836.3140869140625
260037,100,0.51,-0.015689119696617126,0.5611481666564941,4.696023464202881,1032.626220703125
260038,100,0.54,-0.04029032588005066,0.4706534147262573,6.74346923828125,842.804931640625
260039,48,0.6041666666666666,-0.09267009794712067,0.5304365158081055,2.003530263900757,1285.4595947265625
260040,100,0.59,-0.2088858187198639,0.530988872051239,2.1234357357025146,361.9140930175781
260041,100,0.57,0.04189907759428024,0.5645734667778015,9.64709186553955,945.2115478515625
260042,44,0.6590909090909091,0.3444620966911316,0.5701109170913696,21.216522216796875,1285.2393798828125
260043,100,0.63,0.015281022526323795,0.5836580991744995,7.179213047027588,411.4756774902344
260044,100,0.65,-0.10097474604845047,0.6719610095024109,4.280950546264648,905.9480590820312
260045,100,0.66,-0.11021764576435089,0.5738482475280762,2.466118097305298,1427.4683837890625
260046,82,0.5365853658536586,0.1264248937368393,0.5910131931304932,15.280800819396973,1553.5797119140625
260047,91,0.5494505494505495,0.14743006229400635,0.6059354543685913,11.265503883361816,946.6688232421875
260048,100,0.47,-0.07094873487949371,0.5840767621994019,8.183948516845703,1505.377685546875
260049,100,0.69,-0.025557026267051697,0.5806542634963989,9.098967552185059,890.7571411132812
260050,100,0.65,-0.1808440387248993,0.5328148603439331,1.9454717636108398,1253.010498046875
260051,100,0.58,-0.22810670733451843,0.49944019317626953,1.4314641952514648,722.1487426757812
260052,100,0.5,0.022034114226698875,0.6341582536697388,7.290223598480225,671.268310546875
260053,100,0.54,-0.007267687004059553,0.6147059798240662,5.774918079376221,1436.1905517578125
260054,100,0.68,-0.015669723972678185,0.4666464924812317,5.207201957702637,710.6214599609375
260055,58,0.6896551724137931,0.15259139239788055,0.5858948230743408,11.68670654296875,1298.3623046875
260056,100,0.59,-0.05726424232125282,0.5257613062858582,3.7824480533599854,1433.7432861328125
260057,100,0.46,0.1438334435224533,0.5690694451332092,17.804445266723633,562.9356079101562
260058,100,0.54,0.1203608363866806,0.48219287395477295,20.82917022705078,554.0368041992188
260059,55,0.5272727272727272,0.05229723080992699,0.5829629302024841,4.424148082733154,1802.734619140625
260060,100,0.5,-0.022838005796074867,0.43877503275871277,8.743534088134766,1458.515869140625
260061,100,0.42,-0.21860381960868835,0.48487284779548645,0.9738170504570007,1105.2728271484375
260062,100,0.39,0.032317645847797394,0.5592023134231567,9.503188133239746,429.8449401855469
260063,100,0.48,-0.0777462050318718,0.4795394539833069,2.5840821266174316,725.171142578125
260064,100,0.55,-0.01584629900753498,0.5002487897872925,4.9943437576293945,1063.73779296875
260065,70,0.5571428571428572,-0.05264197289943695,0.3810378313064575,3.992619514465332,1421.826904296875
260066,100,0.57,0.0596855990588665,0.4921239912509918,7.004517078399658,559.8818359375
260067,100,0.46,0.07872796803712845,0.5726454257965088,12.696137428283691,1283.7098388671875
260068,100,0.53,-0.08932902663946152,0.5072178244590759,3.5851352214813232,354.6943664550781
260069,85,0.43529411764705883,0.17827200889587402,0.4718758165836334,20.690507888793945,1654.7200927734375
260070,88,0.5340909090909091,-0.01623665541410446,0.49189117550849915,8.239532470703125,1042.6031494140625
260071,100,0.44,0.1269405037164688,0.5592568516731262,14.767073631286621,1438.022705078125
260072,100,0.49,-0.08660475164651871,0.5090766549110413,3.1538896560668945,1720.6611328125
260073,10,0.9,-0.22046779096126556,0.5088447332382202,0.808646023273468,1694.181884765625
260074,100,0.49,0.04623815789818764,0.564262330532074,7.995952129364014,649.6492919921875
260075,100,0.45,0.10367072373628616,0.46005067229270935,8.536243438720703,920.6203002929688
260076,100,0.57,0.026764342561364174,0.552656352519989,7.292619228363037,1212.1663818359375
260077,100,0.66,0.08311932533979416,0.47245272994041443,9.029170036315918,975.1879272460938
260078,100,0.55,0.07257497310638428,0.49668043851852417,11.432687759399414,1744.823486328125
260079,100,0.53,0.16655057668685913,0.5033307671546936,16.233165740966797,336.9935302734375
260080,59,0.5932203389830508,-0.024519970640540123,0.5242142677307129,4.311418533325195,378.6619567871094
260081,100,0.44,0.009449873119592667,0.5026891827583313,5.540595531463623,679.574462890625
260082,100,0.43,-0.11885509639978409,0.5329282283782959,3.573854684829712,1408.0262451171875
260083,100,0.37,-0.08178578317165375,0.5045738816261292,5.144681453704834,478.89007568359375
260084,100,0.41,0.11169064044952393,0.48799288272857666,12.515013694763184,821.2047729492188
260085,100,0.47,0.00699999975040555,0.49854186177253723,3.6313445568084717,1313.8155517578125
260086,100,0.51,0.0010815566638484597,0.5515044331550598,14.789258003234863,145.55142211914062
260087,100,0.55,0.05570242553949356,0.5199422836303711,12.806739807128906,425.09649658203125
260088,100,0.51,0.09317298233509064,0.4682134985923767,10.45505142211914,1474.8419189453125
260089,100,0.57,-0.026866748929023743,0.4336806535720825,4.248310089111328,1355.8194580078125
260090,100,0.52,-0.09888004511594772,0.5009183287620544,2.6308419704437256,1252.43359375
260091,100,0.55,-0.07652241736650467,0.4816589653491974,3.6023998260498047,1422.3626708984375
260092,100,0.45,0.062205806374549866,0.5335670709609985,7.03941535949707,1635.885009765625
260093,12,0.6666666666666666,0.2961679697036743,0.7007436156272888,6.314034938812256,380.39776611328125
260094,100,0.47,0.06998870521783829,0.5592826008796692,5.962047100067139,149.71420288085938
260095,15,0.26666666666666666,-0.15003032982349396,0.6532245874404907,0.9326336979866028,643.3672485351562
260096,100,0.54,0.10554319620132446,0.5261924862861633,17.13068962097168,849.0365600585938
260097,100,0.44,-0.015512623824179173,0.48756545782089233,6.682732582092285,980.910400390625
260098,11,0.36363636363636365,0.7177901268005371,0.701400876045227,5.431164264678955,645.4088134765625
260099,100,0.54,0.07560263574123383,0.43518245220184326,8.551620483398438,1218.9691162109375
260100,100,0.57,-0.14670085906982422,0.46006372570991516,1.8803683519363403,1177.9808349609375
260101,100,0.53,-0.18059320747852325,0.5386881828308105,2.2880115509033203,1834.0562744140625
260102,100,0.39,0.10342533141374588,0.5149311423301697,13.2215576171875,1325.5809326171875
260103,35,0.5714285714285714,0.17139552533626556,0.6196222901344299,8.09679889678955,1857.238037109375
260104,100,0.51,-0.011165471747517586,0.5899450182914734,7.489828586578369,1129.437255859375
260105,100,0.47,-0.07121458649635315,0.5425968766212463,2.2217416763305664,1183.950439453125
260106,100,0.49,0.004225083626806736,0.5207687616348267,5.960721015930176,446.7510986328125
260107,100,0.45,0.07724673300981522,0.49426209926605225,11.2827730178833,720.12109375
260108,100,0.41,-0.11970166116952896,0.5292018055915833,4.4123311042785645,1566.140869140625
260109,100,0.38,-0.06899014115333557,0.5593419075012207,2.2724270820617676,844.8141479492188
260110,100,0.45,-0.0682968869805336,0.5674867630004883,3.799832820892334,974.16064453125
260111,35,0.6571428571428571,0.03846579045057297,0.40577706694602966,7.892970561981201,1482.181396484375
260112,53,0.41509433962264153,-0.015129976905882359,0.41079437732696533,2.6363093852996826,1173.2158203125
260113,100,0.47,-0.05352450907230377,0.5002650618553162,3.2860584259033203,1084.876953125
260114,100,0.37,0.011415645480155945,0.5917655825614929,4.104989051818848,984.2469482421875
260115,100,0.56,0.0018042901065200567,0.5168057680130005,6.0508012771606445,1116.8812255859375
260116,51,0.6862745098039216,0.09560756385326385,0.6287384033203125,11.864317893981934,1739.34326171875
260117,100,0.53,-0.05923381447792053,0.5702718496322632,4.965216159820557,1492.06982421875
260118,100,0.46,-0.03690881282091141,0.4649916887283325,3.9400980472564697,818.7606811523438
260119,11,0.7272727272727273,0.1668480783700943,0.5179003477096558,2.4558990001678467,1578.45751953125
260120,100,0.45,-0.15417343378067017,0.5954338908195496,2.8580591678619385,974.8192138671875
260121,36,0.5277777777777778,0.07718674838542938,0.3820050358772278,5.286848068237305,1201.6348876953125
260122,100,0.45,0.04497260972857475,0.5060422420501709,9.78152847290039,1071.392578125
260123,100,0.49,-0.06523899734020233,0.5616965293884277,3.3597571849823,763.1070556640625
260124,100,0.43,-0.05551077052950859,0.5009630918502808,4.312664031982422,642.329833984375
260125,100,0.53,-0.20899613201618195,0.5243381261825562,1.358117699623108,985.6110229492188
260126,100,0.5,0.00507872411981225,0.5411782264709473,4.8008551597595215,1423.8565673828125
260127,100,0.48,-0.08656895160675049,0.5300979614257812,3.83723783493042,470.371337890625
260128,67,0.6119402985074627,0.2016168236732483,0.5746683478355408,17.607524871826172,836.1578369140625
260129,58,0.5689655172413793,0.06821739673614502,0.5730221271514893,9.053438186645508,1422.931640625
260130,61,0.45901639344262296,0.12220530956983566,0.6103194355964661,6.590867519378662,1594.867919921875
260131,100,0.48,-0.059120576828718185,0.49778372049331665,3.250370740890503,771.379150390625
260132,100,0.56,-0.019693126901984215,0.6249480247497559,3.249768018722534,174.0040740966797
260133,51,0.47058823529411764,0.07436314970254898,0.5052359700202942,4.741981506347656,1202.9976806640625
260134,100,0.43,0.020757948979735374,0.5344959497451782,5.863884449005127,723.0374145507812
260135,100,0.43,-0.021598713472485542,0.5230280756950378,3.0385992527008057,442.70330810546875
260136,87,0.4942528735632184,0.05927126482129097,0.5765649676322937,7.942595958709717,1779.7423095703125
260137,100,0.49,-0.007935802452266216,0.5188848376274109,8.586731910705566,988.5059204101562
260138,100,0.52,0.03976023569703102,0.5085399746894836,12.456528663635254,1248.0133056640625
260139,100,0.5,-0.10693672299385071,0.5200533270835876,3.7790822982788086,1381.7552490234375
260140,100,0.5,-0.06795476377010345,0.5582571625709534,3.6493430137634277,758.778076171875
260141,40,0.5,0.3505360186100006,0.47796034812927246,12.808499336242676,743.7860717773438
260142,17,0.4117647058823529,0.2967950403690338,0.3956567645072937,5.1253204345703125,1622.1085205078125
260143,100,0.48,0.14081859588623047,0.5189824104309082,14.226244926452637,868.8077392578125
260144,100,0.49,0.03165309503674507,0.5100070238113403,7.628429412841797,351.6798095703125
260145,55,0.4909090909090909,0.3166137635707855,0.5316521525382996,17.782428741455078,1256.3336181640625
260146,21,0.5238095238095238,0.15616297721862793,0.44087618589401245,1.2163845300674438,2016.4036865234375
260147,90,0.5333333333333333,-0.06336847692728043,0.5625357627868652,3.0801777839660645,2215.371337890625
260148,87,0.5057471264367817,-0.010585745796561241,0.5568107962608337,4.517879486083984,658.34521484375
260149,100,0.58,-0.03722355514764786,0.551153838634491,4.153846263885498,528.7962036132812
260150,100,0.49,0.063951276242733,0.5079471468925476,13.949590682983398,705.8124389648438
260151,22,0.5454545454545454,0.04517894983291626,0.6356563568115234,3.2550628185272217,780.0480346679688
260152,100,0.56,-0.056900084018707275,0.5899102687835693,4.656211853027344,1280.3028564453125
260153,100,0.52,-0.08746680617332458,0.49591192603111267,4.025473117828369,1735.3922119140625
260154,91,0.42857142857142855,-0.06096457317471504,0.4778067469596863,1.6861193180084229,735.0020751953125
260155,100,0.5,0.09542064368724823,0.5394656658172607,12.623180389404297,1128.057373046875
260156,100,0.51,0.02934984117746353,0.4937751293182373,3.8168840408325195,1056.132568359375
260157,100,0.47,-0.15352223813533783,0.4415612518787384,2.583817481994629,1184.529052734375
260158,100,0.49,-0.002920660423114896,0.5506824254989624,12.537806510925293,524.7409057617188
260159,100,0.63,-0.09410838782787323,0.5395556688308716,7.83165168762207,1713.09326171875
260160,100,0.56,0.17588217556476593,0.5289817452430725,23.97589111328125,1649.703369140625
260161,100,0.55,-0.013108299113810062,0.5797386169433594,4.2458977699279785,1182.2081298828125
260162,100,0.49,0.05505291745066643,0.6070218682289124,5.085183143615723,903.8623657226562
260163,81,0.4691358024691358,0.09492386877536774,0.4958529770374298,10.60366153717041,1320.9351806640625
260164,100,0.56,-0.07458686828613281,0.5495347380638123,3.5726571083068848,923.2908935546875
260165,100,0.59,0.2506081461906433,0.5272027254104614,29.8839111328125,1001.6666870117188
260166,86,0.4883720930232558,-0.061176322400569916,0.569791853427887,2.9500832557678223,1261.11181640625
260167,100,0.51,-0.006210277322679758,0.5106051564216614,5.227946758270264,926.8801879882812
260168,6,0.5,-0.3957855701446533,0.2733585834503174,0.21264910697937012,1269.4029541015625
260169,100,0.43,-0.05354669317603111,0.5072941780090332,3.754361152648926,504.9831237792969
260170,100,0.46,-0.09241486340761185,0.5092705488204956,3.1644318103790283,562.4507446289062
260171,100,0.55,0.16289637982845306,0.5030033588409424,20.665782928466797,1610.710693359375
260172,77,0.5194805194805194,0.0030820132233202457,0.5743613839149475,5.336088180541992,1047.6251220703125
260173,72,0.5694444444444444,0.11806730926036835,0.48121562600135803,13.180294036865234,1348.2685546875
260174,100,0.53,-0.1627526730298996,0.5194669961929321,1.8092126846313477,1217.7913818359375
260175,98,0.42857142857142855,0.09305247664451599,0.5427461266517639,10.825121879577637,1057.4217529296875
260176,100,0.46,-0.07450707256793976,0.5131800174713135,4.985523223876953,1099.5264892578125
260177,100,0.44,-0.08357822149991989,0.4885982871055603,2.990145206451416,525.880615234375
260178,100,0.49,-0.014087020419538021,0.5260714888572693,9.489062309265137,690.5907592773438
260179,100,0.5,0.04699856415390968,0.4836072027683258,9.146492958068848,990.162841796875
260180,50,0.54,0.019014153629541397,0.4788045585155487,3.9820873737335205,1330.1829833984375
260181,100,0.51,0.05329429358243942,0.507856547832489,8.23581314086914,1094.2164306640625
260182,100,0.48,-0.0029191349167376757,0.5353989005088806,6.591849327087402,541.9312744140625
260183,100,0.54,-0.10824890434741974,0.4960342049598694,2.571693181991577,599.29052734375
260184,100,0.55,-0.03641178831458092,0.4442000985145569,4.87076997756958,1685.60986328125
260185,50,0.6,0.11565748602151871,0.46136274933815,9.52055549621582,1449.7877197265625
260186,98,0.45918367346938777,-0.08232452720403671,0.4927454888820648,2.4926064014434814,1544.68359375
260187,100,0.48,-0.1773950606584549,0.5269141793251038,1.7969796657562256,368.2497863769531
260188,100,0.55,0.14715345203876495,0.5361441373825073,12.382041931152344,1248.4017333984375
260189,100,0.45,-0.07683173567056656,0.511323094367981,1.9290554523468018,572.4349975585938
260190,100,0.46,0.08482969552278519,0.5086696147918701,11.467367172241211,891.220703125
260191,100,0.45,-0.0717553049325943,0.572069525718689,5.111117362976074,915.62109375
260192,100,0.52,-0.04447837546467781,0.5658041834831238,3.2978155612945557,105.24362182617188
260193,100,0.43,-0.0518069826066494,0.5458052754402161,4.028660774230957,1720.7054443359375
260194,100,0.43,0.04519408941268921,0.49316877126693726,11.933981895446777,361.223388671875
260195,5,0.4,0.5160040259361267,0.4569120407104492,2.564408779144287,753.2821044921875
260196,100,0.43,-0.011192829348146915,0.5505073666572571,6.82606315612793,583.73291015625
260197,100,0.59,-0.012377611361443996,0.46680742502212524,4.909727096557617,862.6935424804688
260198,100,0.61,-0.0026330992113798857,0.5253545045852661,11.229816436767578,895.1178588867188
260199,100,0.46,0.10739535093307495,0.5120150446891785,6.261813163757324,994.8406982421875
260200,63,0.4444444444444444,0.0538354329764843,0.5623663067817688,4.651056289672852,1134.60546875
260201,100,0.43,-0.09094826877117157,0.4781104028224945,3.0113916397094727,1139.8173828125
260202,100,0.54,-0.06986702978610992,0.5698022246360779,4.683045387268066,1671.359375
260203,100,0.51,-0.0005502735730260611,0.525818407535553,3.0959527492523193,850.3084106445312
260204,100,0.49,0.044069554656744,0.5409198999404907,10.795795440673828,1504.7003173828125
260205,100,0.55,0.0415981188416481,0.5332350134849548,11.913701057434082,544.7745361328125
260206,100,0.45,-0.06832070648670197,0.5383617281913757,5.029196262359619,1245.647705078125
260207,100,0.51,0.004724222235381603,0.5104254484176636,6.341114044189453,366.0377502441406
260208,100,0.5,0.00556729082018137,0.49894118309020996,5.0313568115234375,828.728759765625
260209,100,0.47,0.01723211072385311,0.5220552682876587,7.266060829162598,626.2272338867188
260210,100,0.52,-0.01627713441848755,0.5700876116752625,4.68012809753418,958.7673950195312
260211,38,0.5,0.13554221391677856,0.6255756616592407,5.871870517730713,1259.548095703125
260212,100,0.45,-0.1442556530237198,0.4907832443714142,2.0375683307647705,1228.527099609375
260213,87,0.5172413793103449,0.05870495364069939,0.5904524922370911,11.09791088104248,897.544677734375
260214,100,0.54,-0.0999082550406456,0.5453901886940002,4.609313488006592,1701.4398193359375
260215,100,0.46,0.15043222904205322,0.5467552542686462,17.43157958984375,394.5415344238281
260216,62,0.5,-0.056929830461740494,0.5710744261741638,2.3899664878845215,1503.6522216796875
260217,100,0.49,0.004877069965004921,0.5262474417686462,6.304489612579346,1250.2545166015625
260218,100,0.5,-0.08712291717529297,0.4962095320224762,4.016790866851807,1350.789794921875
260219,100,0.46,-0.10193432867527008,0.5201816558837891,2.3981223106384277,1175.7216796875
260220,100,0.5,-0.15152983367443085,0.49877217411994934,4.432219982147217,1316.6907958984375
260221,60,0.45,-0.025736160576343536,0.5630614757537842,4.199859619140625,756.2903442382812
260222,100,0.52,0.04429185017943382,0.5195519328117371,7.108053684234619,812.0179443359375
260223,82,0.5609756097560976,0.11467649787664413,0.5611968040466309,11.233741760253906,1313.8033447265625
260224,100,0.39,0.0744815468788147,0.5080628991127014,6.11050271987915,687.2437744140625
260225,100,0.51,0.059591710567474365,0.551322340965271,9.609225273132324,1101.1361083984375
260226,100,0.63,-0.12268327921628952,0.5714774131774902,3.3921380043029785,1374.5081787109375
260227,100,0.53,-0.09001408517360687,0.4775141775608063,3.9627678394317627,1289.1558837890625
260228,100,0.53,-0.16649211943149567,0.5205954313278198,1.8546642065048218,585.05322265625
260229,36,0.6666666666666666,0.14423269033432007,0.6808278560638428,9.05752944946289,1794.5390625
260230,100,0.49,-0.08294586092233658,0.5711990594863892,1.8114039897918701,500.9272155761719
260231,100,0.5,-0.06413169205188751,0.49956998229026794,2.6571204662323,1295.842041015625
260232,52,0.5192307692307693,-0.0074548423290252686,0.411769837141037,4.1056294441223145,1749.5411376953125
260233,100,0.6,0.05455891042947769,0.6025588512420654,13.390083312988281,373.5601501464844
260234,100,0.5,-0.045206595212221146,0.5439803600311279,5.972808837890625,825.0145263671875
260235,100,0.54,-0.010445762425661087,0.5068978667259216,7.148923873901367,1978.5040283203125
260236,100,0.47,0.06574331223964691,0.5036017298698425,10.669604301452637,740.191162109375
260237,22,0.6818181818181818,0.20667585730552673,0.5953121185302734,6.371983051300049,1741.2174072265625
260238,100,0.59,-0.008784809149801731,0.40775981545448303,11.649408340454102,743.7239990234375
260239,100,0.52,0.002619283739477396,0.5924558043479919,6.175304412841797,1185.7630615234375
260240,46,0.6086956521739131,0.15020933747291565,0.5796295404434204,10.410046577453613,1563.8822021484375
260241,48,0.4166666666666667,0.02770250104367733,0.5981369018554688,2.68330454826355,480.9620666503906
260242,91,0.4835164835164835,0.05368887260556221,0.49308404326438904,13.233039855957031,815.6018676757812
260243,100,0.48,0.00541715556755662,0.5359663367271423,4.513299942016602,956.7512817382812
260244,82,0.524390243902439,0.026348881423473358,0.5433027744293213,5.461246013641357,1135.6597900390625
260245,100,0.5,-0.061969224363565445,0.5215524435043335,5.788731575012207,728.4426879882812
260246,100,0.38,0.054516084492206573,0.5051432251930237,5.853491306304932,981.2698364257812
260247,100,0.52,-0.014427447691559792,0.5341283082962036,4.916268825531006,1372.26513671875
260248,19,0.6842105263157895,-0.013036709278821945,0.4084059000015259,2.0139870643615723,1462.0400390625
260249,100,0.42,-0.11305514723062515,0.5257213711738586,4.899850368499756,844.5533447265625
260250,100,0.58,-0.11057405173778534,0.5149611830711365,2.5475635528564453,1846.222412109375
260251,100,0.48,-0.0015236077597364783,0.5600301623344421,4.45475959777832,652.1917724609375
260252,41,0.36585365853658536,0.10430170595645905,0.48687997460365295,6.444540023803711,408.57952880859375
260253,100,0.47,-0.021424047648906708,0.5235801339149475,8.302075386047363,1204.7313232421875
260254,73,0.6027397260273972,0.16522516310214996,0.5302241444587708,16.007606506347656,1492.0137939453125
260255,100,0.45,-0.10565594583749771,0.5750439167022705,2.4605348110198975,318.5852966308594
260256,100,0.47,0.01821989379823208,0.5397233366966248,7.005292892456055,887.4725341796875
260257,100,0.46,-0.05286186560988426,0.47149407863616943,3.383073091506958,788.6270751953125
260258,100,0.39,0.17144960165023804,0.5070420503616333,14.842207908630371,824.817626953125
260259,84,0.5714285714285714,0.11104470491409302,0.4587419331073761,22.472469329833984,1646.521728515625
260260,100,0.47,0.14089903235435486,0.49730831384658813,13.08520221710205,864.149658203125
260261,100,0.54,0.2493928223848343,0.5387614965438843,18.99620819091797,1378.4647216796875
260262,100,0.62,0.013627409934997559,0.47047269344329834,13.9141845703125,1139.4747314453125
260263,86,0.4418604651162791,0.026297057047486305,0.5143841505050659,9.457515716552734,923.8245849609375
260264,100,0.52,0.06650570034980774,0.4779585897922516,10.123089790344238,1738.0133056640625
260265,100,0.54,-0.09868213534355164,0.5095027685165405,3.1717777252197266,249.8233642578125
260266,51,0.5098039215686274,0.04638467729091644,0.562666118144989,4.984346866607666,1132.7630615234375
260267,60,0.48333333333333334,0.0026624202728271484,0.47580188512802124,7.064578533172607,599.9063110351562
260268,74,0.527027027027027,0.022004682570695877,0.43170487880706787,4.763550281524658,504.9222106933594
260269,5,0.6,-0.14944036304950714,0.814693033695221,0.2719852924346924,1206.9254150390625
260270,100,0.46,0.06165695562958717,0.5048238039016724,7.585883617401123,1193.2259521484375
260271,100,0.46,0.016370665282011032,0.5244011878967285,8.171274185180664,1487.907470703125
260272,84,0.44047619047619047,-0.06078281253576279,0.40431705117225647,5.609668731689453,404.04412841796875
260273,100,0.59,0.016764262691140175,0.421420156955719,12.33617877960205,896.411865234375
260274,100,0.41,0.07364699244499207,0.48705965280532837,9.002374649047852,1209.03173828125
260275,100,0.54,-0.029689276590943336,0.551801323890686,4.187301158905029,1511.9942626953125
260276,42,0.47619047619047616,0.25964003801345825,0.5486904382705688,8.690713882446289,483.5638122558594
260277,59,0.5932203389830508,-0.06040423363447189,0.49567320942878723,4.011352062225342,1297.011962890625
260278,100,0.49,-0.043862566351890564,0.5069558620452881,3.1316800117492676,404.53271484375
260279,100,0.67,0.0642867237329483,0.54082852602005,19.692527770996094,1775.391357421875
260280,100,0.45,0.08364815264940262,0.5234881043434143,14.180694580078125,401.4837951660156
260281,100,0.56,-0.03310006111860275,0.4685955047607422,4.549890995025635,1633.3792724609375
260282,100,0.42,-0.0920715481042862,0.4936332702636719,2.713106632232666,663.9215698242188
260283,84,0.5119047619047619,0.05502643808722496,0.47958317399024963,4.546540260314941,1123.107666015625
260284,100,0.53,-0.04855067655444145,0.6071968078613281,3.7060275077819824,1366.145751953125
260285,100,0.49,-0.08118566870689392,0.47096356749534607,2.3329718112945557,1187.446044921875
260286,59,0.576271186440678,0.14175352454185486,0.5409302711486816,10.293420791625977,1614.7979736328125
260287,100,0.43,-0.04365500062704086,0.46861162781715393,5.361700057983398,178.8292236328125
260288,100,0.5,-0.0854342058300972,0.5410361886024475,3.228623390197754,923.2926025390625
260289,100,0.47,0.018666675314307213,0.553463339805603,5.1996002197265625,976.5250244140625
260290,100,0.51,-0.04761580005288124,0.549845814704895,2.813244342803955,471.028564453125
260291,61,0.5573770491803278,0.1014200821518898,0.5328311324119568,5.795032501220703,1017.2042846679688
260292,100,0.54,0.042225081473588943,0.4916841387748718,7.077800750732422,832.474609375
260293,100,0.47,0.005521607119590044,0.5236255526542664,11.676064491271973,1010.290283203125
260294,73,0.4520547945205479,0.06684751063585281,0.4962795376777649,7.2464423179626465,909.5806884765625
260295,92,0.5543478260869565,0.05797648802399635,0.603539764881134,12.717074394226074,1723.729736328125
260296,72,0.5416666666666666,-0.0818907767534256,0.5103515982627869,2.742791175842285,1129.6094970703125
260297,100,0.62,0.03267393633723259,0.3795013427734375,5.106263637542725,1164.9779052734375
260298,100,0.56,-0.08311212807893753,0.5506770610809326,1.6646713018417358,531.0390625
260299,100,0.44,-0.01768764853477478,0.4790608584880829,3.2002084255218506,456.5798034667969
260300,100,0.51,-0.03180748224258423,0.5349266529083252,3.7323784828186035,1226.1036376953125
260301,80,0.475,0.052615467458963394,0.4950154721736908,6.163726806640625,603.2180786132812
260302,100,0.49,-0.09650135040283203,0.44859373569488525,3.3213939666748047,1379.72265625
260303,100,0.44,-0.03243713453412056,0.5450018048286438,2.8941211700439453,1224.1292724609375
260304,100,0.37,-0.04062418267130852,0.5177463889122009,1.7160868644714355,1093.5181884765625
260305,100,0.47,-0.00476246140897274,0.511838972568512,3.500901222229004,811.414306640625
260306,100,0.56,-0.029604537412524223,0.42491018772125244,5.0600433349609375,878.7647094726562
260307,100,0.49,-0.03876916319131851,0.4336555302143097,6.339341640472412,1438.7158203125
260308,100,0.61,-0.020035963505506516,0.4954100251197815,7.013360977172852,873.8815307617188
260309,17,0.5882352941176471,-0.10342931747436523,0.5280395746231079,1.0402178764343262,801.544921875
260310,100,0.6,0.04564104601740837,0.48762398958206177,10.621786117553711,767.8054809570312
260311,100,0.52,-0.06140925735235214,0.5056269764900208,7.332723617553711,517.623779296875
260312,100,0.46,-0.003727575996890664,0.5377774834632874,7.2370805740356445,540.951171875
260313,100,0.52,0.06330959498882294,0.5569193959236145,19.164344787597656,799.8262939453125
260314,100,0.6,-0.07266627997159958,0.5282117128372192,3.5215020179748535,631.72607421875
260315,37,0.5945945945945946,0.15462499856948853,0.5492481589317322,9.789605140686035,1159.8265380859375
260316,100,0.45,0.123504638671875,0.5058366060256958,9.158095359802246,755.4806518554688
260317,48,0.5416666666666666,0.023651450872421265,0.5166764855384827,6.487422466278076,1032.462646484375
260318,58,0.5517241379310345,-0.1748855859041214,0.48996448516845703,3.401029348373413,568.3886108398438
260319,51,0.43137254901960786,0.19251279532909393,0.5140843391418457,13.551593780517578,1331.532470703125
260320,100,0.5,-0.06210116297006607,0.5351504683494568,4.288654327392578,1175.201171875
260321,100,0.48,-0.04033480957150459,0.4170261025428772,3.312119245529175,1335.173095703125
260322,100,0.49,-0.022477123886346817,0.5066671371459961,6.8151631355285645,1011.1255493164062
260323,100,0.48,0.0937643051147461,0.5296353697776794,13.301316261291504,2065.712158203125
260324,85,0.5058823529411764,-0.04435410723090172,0.5971056818962097,2.715165376663208,663.6356811523438
260325,100,0.48,0.07052811235189438,0.49040383100509644,15.650961875915527,1151.206787109375
260326,99,0.5454545454545454,0.10276800394058228,0.5402916073799133,11.441091537475586,923.548095703125
260327,73,0.4794520547945205,0.14886382222175598,0.48133885860443115,15.89597225189209,1318.1363525390625
260328,30,0.5666666666666667,0.05734606459736824,0.5745944380760193,3.076432228088379,922.9205322265625
260329,100,0.44,0.15791845321655273,0.5192800760269165,16.526134490966797,695.3286743164062
260330,100,0.54,-0.11918026208877563,0.4925393760204315,2.6355278491973877,647.3763427734375
260331,100,0.53,-0.029073605313897133,0.44354307651519775,6.868142604827881,1239.2337646484375
260332,23,0.5652173913043478,0.051542580127716064,0.5909344553947449,2.3841562271118164,1966.16064453125
260333,70,0.4,0.07035459578037262,0.5269750952720642,7.889666557312012,2524.22412109375
260334,62,0.45161290322580644,-0.013907385990023613,0.5349361896514893,2.3239822387695312,859.5848388671875
260335,100,0.52,-0.15235237777233124,0.5339831709861755,2.3882079124450684,1490.0924072265625
260336,24,0.5,0.1290818154811859,0.32827380299568176,3.019007444381714,979.1797485351562
260337,100,0.52,-0.10053210705518723,0.5457846522331238,2.7913520336151123,429.7020263671875
260338,47,0.3404255319148936,0.21211309731006622,0.5464149117469788,8.77927303314209,768.0248413085938
260339,100,0.56,0.04677838832139969,0.5042382478713989,5.155282020568848,895.3374633789062
260340,100,0.54,0.023126592859625816,0.4774859845638275,7.289539813995361,567.1682739257812
260341,100,0.41,-0.17576977610588074,0.46698182821273804,1.4241877794265747,437.79180908203125
260342,100,0.65,-0.15224768221378326,0.499216228723526,1.913508653640747,1713.8905029296875
260343,100,0.46,0.048400942236185074,0.5445210337638855,5.8862996101379395,681.4717407226562
260344,100,0.54,-0.1689273715019226,0.5261541604995728,1.7871110439300537,736.4386596679688
260345,100,0.61,0.17138691246509552,0.5696187615394592,22.5025691986084,1874.8043212890625
260346,13,0.38461538461538464,-0.0858406275510788,0.43233105540275574,1.271193027496338,516.4614868164062
260347,100,0.5,-0.2745010554790497,0.5037121176719666,0.6981669664382935,1218.6322021484375
260348,42,0.5952380952380952,0.2355305701494217,0.6047860383987427,10.92869758605957,1436.398193359375
260349,100,0.52,0.004355606622993946,0.41174057126045227,8.683797836303711,1667.3212890625
260350,100,0.57,-0.10656661540269852,0.49504977464675903,3.305001735687256,903.4949340820312
260351,100,0.52,0.07699798047542572,0.488781601190567,13.409394264221191,823.052978515625
260352,100,0.49,-0.24211710691452026,0.5072125196456909,2.045405626296997,986.1964111328125
260353,94,0.5319148936170213,-0.050882428884506226,0.5521601438522339,3.0737860202789307,1056.3974609375
260354,100,0.57,-0.12023172527551651,0.573112428188324,4.730202674865723,456.6778869628906
260355,83,0.5060240963855421,-0.059774354100227356,0.4707085192203522,3.5229616165161133,1179.54150390625
260356,100,0.43,-0.032333992421627045,0.5636088848114014,5.099853038787842,661.195556640625
260357,100,0.47,0.1063154935836792,0.48159059882164,12.628595352172852,1011.567138671875
260358,100,0.63,0.0022547850385308266,0.5986794829368591,6.265449047088623,762.42333984375
260359,86,0.6162790697674418,0.024233588948845863,0.487876832485199,7.223186492919922,163.60130310058594
260360,38,0.5263157894736842,0.17003151774406433,0.5227003693580627,4.255985260009766,1213.8902587890625
260361,100,0.53,-0.09857143461704254,0.5483830571174622,3.2164618968963623,606.218017578125
260362,50,0.6,0.06811714917421341,0.5032690763473511,4.800220012664795,1649.7772216796875
260363,100,0.51,-0.0897376760840416,0.5139179825782776,5.206045627593994,551.7754516601562
260364,74,0.5675675675675675,0.09419479221105576,0.4848622679710388,10.339110374450684,712.3173828125
260365,100,0.51,0.11792861670255661,0.5324251055717468,9.029864311218262,1273.4578857421875
260366,100,0.5,-0.032024674117565155,0.4920062720775604,3.9578073024749756,473.337158203125
260367,100,0.46,-0.07134690135717392,0.49310067296028137,2.83042573928833,1231.162353515625
260368,17,0.6470588235294118,-0.02175240032374859,0.5239028334617615,2.74639892578125,848.7612915039062
260369,100,0.39,0.15643075108528137,0.582202672958374,11.747536659240723,667.4768676757812
260370,100,0.54,0.08648419380187988,0.5126886963844299,23.28543472290039,718.9934692382812
260371,39,0.5897435897435898,0.04247665777802467,0.4107128381729126,4.475460052490234,1651.3709716796875
260372,100,0.42,0.044739026576280594,0.5830098390579224,4.992124557495117,1783.944091796875
260373,100,0.54,-0.007660868111997843,0.6032934188842773,5.855379581451416,1232.5799560546875
260374,100,0.43,0.1674078404903412,0.5380516648292542,13.494858741760254,795.8850708007812
260375,100,0.49,0.05602817237377167,0.49852287769317627,10.640973091125488,1272.37353515625
260376,100,0.64,-0.07173613458871841,0.4261769652366638,2.647509813308716,328.5614318847656
260377,100,0.54,-0.09339699894189835,0.5606327652931213,2.6436779499053955,643.8017578125
260378,100,0.56,0.015101848170161247,0.5483770966529846,8.45984935760498,754.9907836914062
260379,100,0.62,-0.04369746521115303,0.49331921339035034,2.892796277999878,799.590087890625
260380,100,0.39,-0.009344776161015034,0.46312952041625977,6.08503532409668,1751.0009765625
260381,35,0.42857142857142855,0.3480362594127655,0.5196777582168579,10.764702796936035,1272.568359375
260382,100,0.5,-0.1627407670021057,0.4912463426589966,1.4200031757354736,630.7640991210938
260383,100,0.45,-0.030253496021032333,0.49721992015838623,3.5331716537475586,1130.2027587890625
260384,78,0.5512820512820513,0.0018450936768203974,0.5584602355957031,3.9645214080810547,543.82958984375
260385,100,0.48,0.07214654982089996,0.49846452474594116,16.355745315551758,1373.8031005859375
260386,100,0.43,-0.016638390719890594,0.4583202600479126,6.604063510894775,995.2783203125
260387,100,0.43,0.012419736944139004,0.5421210527420044,4.989798545837402,640.0062866210938
260388,100,0.44,-0.050688862800598145,0.5003108978271484,4.854176044464111,1032.0152587890625
260389,100,0.43,0.046146146953105927,0.4431712031364441,11.883261680603027,655.129638671875
260390,100,0.49,0.1233353316783905,0.5234766006469727,10.389071464538574,840.8619384765625
260391,78,0.5128205128205128,-0.010269838385283947,0.4481074810028076,8.916364669799805,1601.800537109375
260392,88,0.5227272727272727,-0.06267645210027695,0.47477781772613525,4.150014877319336,1458.0994873046875
260393,100,0.44,0.0009633112931624055,0.5487200617790222,7.2653303146362305,1268.6380615234375
260394,22,0.5909090909090909,0.128859281539917,0.40266141295433044,4.112450122833252,1866.9039306640625
260395,100,0.38,-0.135729119181633,0.5123319625854492,2.2972805500030518,998.9375610351562
260396,100,0.56,-0.0870790034532547,0.5354343056678772,1.9800920486450195,1555.4166259765625
260397,100,0.45,-0.11586011201143265,0.5303652286529541,2.325137138366699,1130.946533203125
260398,100,0.59,-0.047380391508340836,0.5255948901176453,6.248077392578125,1226.6583251953125
260399,21,0.42857142857142855,0.49785497784614563,0.4304945468902588,10.33644962310791,1824.3822021484375
260400,100,0.54,-0.031074166297912598,0.45041584968566895,6.133947849273682,713.64453125
260401,100,0.49,-0.013339213095605373,0.5762297511100769,7.0819830894470215,1247.8758544921875
260402,100,0.45,-0.06969546526670456,0.5141475200653076,3.870678186416626,798.0958862304688
260403,100,0.54,0.021355222910642624,0.5250529646873474,7.1259894371032715,1076.583984375
260404,100,0.59,-0.1141199916601181,0.5694224834442139,1.7433912754058838,1263.5406494140625
260405,100,0.54,0.040926650166511536,0.5322877764701843,14.012470245361328,508.03857421875
260406,79,0.6329113924050633,0.0693809911608696,0.5318800210952759,6.683141708374023,1756.255126953125
260407,100,0.53,-0.2003025859594345,0.4611734449863434,1.6691070795059204,945.1412353515625
260408,100,0.46,0.11990658193826675,0.5298422574996948,10.025810241699219,839.566162109375
260409,100,0.52,0.0534418486058712,0.5714190602302551,8.934358596801758,924.32958984375
260410,100,0.51,-0.08282511681318283,0.582098662853241,6.080431938171387,700.2577514648438
260411,100,0.5,0.08831992000341415,0.5398482084274292,14.376535415649414,649.8765869140625
260412,100,0.53,-0.004304755013436079,0.4779956638813019,11.77464485168457,548.2268676757812
260413,100,0.48,0.007615901529788971,0.6040034890174866,3.7855758666992188,226.64697265625
260414,100,0.56,-0.06268992274999619,0.5784632563591003,9.899750709533691,817.9258422851562
260415,100,0.51,-0.08812448382377625,0.4974609315395355,3.240927219390869,995.3461303710938
260416,100,0.49,0.09813559055328369,0.40130019187927246,7.923463821411133,747.3896484375
260417,100,0.48,-0.10666515678167343,0.5117437839508057,1.8601365089416504,1068.3251953125
260418,100,0.38,0.0740608498454094,0.5367420315742493,8.195378303527832,1048.8592529296875
260419,100,0.49,0.13048423826694489,0.5229238271713257,16.463205337524414,936.5665283203125
260420,100,0.55,0.1425347477197647,0.6176717281341553,16.997333526611328,1232.1029052734375
260421,100,0.48,0.030931800603866577,0.5038148760795593,7.1037468910217285,1391.5306396484375
260422,100,0.43,0.06292227655649185,0.5005398988723755,7.951016426086426,376.1621398925781
260423,63,0.47619047619047616,0.07526183128356934,0.48727676272392273,6.233792781829834,306.6195983886719
260424,100,0.46,-0.09367167204618454,0.4996410012245178,3.6898739337921143,1098.1798095703125
260425,100,0.54,0.02032204158604145,0.5094863772392273,6.02597188949585,1634.2366943359375
260426,100,0.56,0.013219105079770088,0.5146903395652771,5.101423740386963,963.7996215820312
260427,100,0.52,0.021396126598119736,0.4788881838321686,9.648761749267578,1892.03271484375
260428,100,0.48,-0.12704169750213623,0.5211135149002075,3.0837345123291016,986.70361328125
260429,100,0.42,0.014752859249711037,0.5312401056289673,5.593095302581787,828.7567749023438
260430,100,0.51,0.05419786274433136,0.48833736777305603,13.675507545471191,1018.5084228515625
260431,72,0.4166666666666667,0.062200531363487244,0.5385916829109192,3.7203173637390137,1038.55517578125
260432,100,0.48,0.11449592560529709,0.5721139907836914,11.0855073928833,510.614501953125
260433,100,0.58,0.057727690786123276,0.5096980333328247,9.54554271697998,568.5687866210938
260434,100,0.45,0.009541709907352924,0.5394639372825623,10.770474433898926,668.318603515625
260435,68,0.4852941176470588,-0.026747481897473335,0.4992573857307434,4.490315914154053,891.7811889648438
260436,100,0.46,-0.028468742966651917,0.5670681595802307,3.0422751903533936,1660.8560791015625
260437,100,0.39,0.07903414219617844,0.4105586111545563,6.161275863647461,1204.0904541015625
260438,100,0.54,-0.04795070365071297,0.4594029486179352,4.0220255851745605,1656.1507568359375
260439,100,0.46,0.10506568849086761,0.5765872001647949,11.83352279663086,869.260009765625
260440,100,0.5,-0.03031191974878311,0.49122658371925354,4.06666898727417,1112.318115234375
260441,100,0.6,0.05876247212290764,0.6304110884666443,4.428743839263916,924.9271240234375
260442,100,0.51,-0.025140270590782166,0.5238622426986694,3.9797210693359375,1124.7022705078125
260443,100,0.49,0.07411428540945053,0.5352051258087158,18.994779586791992,480.4415283203125
260444,65,0.47692307692307695,0.10381748527288437,0.46423712372779846,9.856258392333984,1144.9224853515625
260445,56,0.5,0.06832229346036911,0.48089152574539185,9.32621955871582,1784.2965087890625
260446,100,0.58,-0.1999349296092987,0.4503759741783142,1.5998930931091309,1306.0318603515625
260447,81,0.6172839506172839,0.27962806820869446,0.507308304309845,19.931943893432617,1187.301025390625
260448,100,0.38,-0.11252793669700623,0.4974516034126282,4.058865547180176,1415.428955078125
260449,100,0.49,0.03660336881875992,0.47041216492652893,17.403732299804688,303.79388427734375
260450,85,0.5647058823529412,0.07805812358856201,0.5778316259384155,9.422883033752441,1838.7158203125
260451,100,0.48,0.11003894358873367,0.5468297004699707,12.737906455993652,1104.6854248046875
260452,100,0.51,0.21302083134651184,0.4781244695186615,18.821386337280273,1501.846923828125
260453,44,0.5681818181818182,0.05409765616059303,0.4695362150669098,5.446420669555664,1997.9986572265625
260454,100,0.48,-0.05682751163840294,0.43506938219070435,4.892096042633057,810.650390625
260455,100,0.46,-0.02473299391567707,0.49814358353614807,7.016231060028076,990.4881591796875
260456,72,0.4444444444444444,0.014508578926324844,0.5220668911933899,6.061348915100098,1394.5045166015625
260457,91,0.5604395604395604,0.18153521418571472,0.5086683034896851,13.09658145904541,547.5661010742188
260458,67,0.5223880597014925,0.09629885852336884,0.5124998092651367,12.061195373535156,415.33648681640625
260459,100,0.59,0.04497208446264267,0.4726128578186035,8.875001907348633,238.8956298828125
260460,100,0.48,0.15443651378154755,0.5789057612419128,11.78381061553955,1771.5928955078125
260461,100,0.58,-0.16563266515731812,0.49955108761787415,1.7094780206680298,755.5275268554688
260462,100,0.44,0.01600719802081585,0.5056012272834778,4.776024341583252,1777.773193359375
260463,100,0.51,0.050778716802597046,0.5371583104133606,4.734380722045898,1075.1611328125
260464,19,0.7368421052631579,0.13136081397533417,0.47446703910827637,4.2290568351745605,1475.619384765625
260465,100,0.47,-0.013843631371855736,0.5267012715339661,4.748890399932861,839.9391479492188
260466,40,0.525,-0.20617949962615967,0.6105460524559021,2.516225576400757,772.9924926757812
260467,100,0.52,0.041362568736076355,0.5014050006866455,8.441980361938477,923.339599609375
260468,46,0.43478260869565216,0.04766116663813591,0.490451455116272,3.3172719478607178,326.8078308105469
260469,100,0.51,-0.06137323006987572,0.4783906638622284,3.5897161960601807,1313.2861328125
260470,100,0.59,0.002345076994970441,0.5172178149223328,7.706612586975098,837.2418212890625
260471,100,0.48,-0.07026804238557816,0.49621403217315674,3.478318214416504,1221.1370849609375
260472,60,0.45,0.2737732231616974,0.5214217305183411,13.029839515686035,1266.6470947265625
260473,100,0.46,0.05599584802985191,0.5044366717338562,6.890404224395752,1252.9306640625
260474,68,0.4117647058823529,0.0574462004005909,0.45377692580223083,7.6868672370910645,1074.863525390625
260475,99,0.5656565656565656,0.030459990724921227,0.5063620209693909,11.432740211486816,1643.345458984375
260476,100,0.45,0.03253742679953575,0.5088074803352356,6.826010704040527,657.4295043945312
260477,43,0.32558139534883723,0.05530330538749695,0.5619550347328186,2.43350887298584,1633.8173828125
260478,65,0.5384615384615384,-0.024257566779851913,0.47941774129867554,4.958236217498779,1929.1949462890625
260479,100,0.52,0.12956275045871735,0.5174261927604675,13.311369895935059,794.2140502929688
260480,100,0.53,-0.09063737839460373,0.5789170861244202,3.0941171646118164,946.9054565429688
260481,100,0.49,0.061761949211359024,0.502960741519928,5.717126846313477,193.02392578125
260482,100,0.48,0.03962929546833038,0.5469092726707458,14.283958435058594,184.84361267089844
260483,100,0.48,-0.14224602282047272,0.4842211902141571,1.8930168151855469,1305.943359375
260484,100,0.58,0.09087397158145905,0.5124291181564331,10.833041191101074,1116.0140380859375
260485,42,0.42857142857142855,-0.22938448190689087,0.5474091172218323,1.0391877889633179,961.8687133789062
260486,100,0.53,-0.061939436942338943,0.5643920302391052,5.241453647613525,988.394775390625
260487,95,0.49473684210526314,0.09302198886871338,0.5007696747779846,20.39250946044922,889.6154174804688
260488,100,0.51,-0.0489230640232563,0.5067430734634399,3.8633153438568115,1096.2607421875
260489,54,0.6666666666666666,0.0457320474088192,0.5206654071807861,8.836588859558105,1060.4259033203125
260490,59,0.4915254237288136,0.15588931739330292,0.5136541128158569,10.073196411132812,943.3700561523438
260491,100,0.48,-0.06981014460325241,0.5266082286834717,2.3911070823669434,1462.3623046875
260492,90,0.4666666666666667,0.040027230978012085,0.48494479060173035,5.415550708770752,1216.9759521484375
260493,100,0.46,-0.08956167846918106,0.5008185505867004,2.0105204582214355,865.7171020507812
260494,60,0.55,0.09682976454496384,0.37905460596084595,11.96382999420166,1634.9815673828125
260495,43,0.7209302325581395,-0.014037604443728924,0.5455026626586914,4.459331512451172,620.9641723632812
260496,66,0.48484848484848486,-0.08396029472351074,0.5699800848960876,3.0837721824645996,437.8043518066406
260497,100,0.52,-0.11681577563285828,0.4147465229034424,1.5714586973190308,892.2997436523438
260498,32,0.59375,0.36780810356140137,0.5947152376174927,16.860139846801758,693.0037841796875
260499,72,0.5555555555555556,0.08092080801725388,0.5404353737831116,14.272411346435547,1446.116943359375
260500,100,0.51,-0.03889188542962074,0.5084068775177002,6.652180194854736,712.1470336914062
260501,53,0.5660377358490566,0.02616281434893608,0.5916669368743896,8.947256088256836,552.6177978515625
260502,100,0.57,-0.03636563569307327,0.5430113673210144,6.330685615539551,311.0109558105469
260503,100,0.51,-0.03432648628950119,0.5123029351234436,5.207718372344971,1543.2884521484375
260504,50,0.48,-0.031129926443099976,0.4435822367668152,3.6034746170043945,689.6370239257812
260505,100,0.45,0.005352443549782038,0.506203293800354,5.469937324523926,1027.5208740234375
260506,100,0.52,0.08348645269870758,0.5293485522270203,9.442305564880371,712.4937744140625
260507,73,0.6712328767123288,0.15197502076625824,0.44894909858703613,18.953359603881836,1517.1358642578125
260508,100,0.53,-0.3100663721561432,0.5008223056793213,1.1300967931747437,312.08612060546875
260509,100,0.47,-0.012756863608956337,0.5436496138572693,2.868537664413452,1024.76806640625
260510,100,0.64,-0.06218292564153671,0.5912455320358276,5.620175361633301,859.140625
260511,100,0.6,-0.025011582300066948,0.46396827697753906,6.623077869415283,361.7301330566406
260512,96,0.4895833333333333,-0.0735718160867691,0.5684828758239746,2.110130548477173,1202.9449462890625
260513,100,0.51,-0.21227020025253296,0.515418291091919,1.9143699407577515,299.9560546875
260514,62,0.41935483870967744,0.309614360332489,0.5282944440841675,18.84635353088379,1819.83837890625
260515,100,0.53,-0.08931227773427963,0.5558587908744812,2.8444106578826904,490.9052429199219
260516,100,0.57,0.035776302218437195,0.5589799880981445,5.267355442047119,683.10888671875
260517,100,0.56,0.1722487062215805,0.5231480598449707,27.250417709350586,1294.5655517578125
260518,100,0.58,-0.12885017693042755,0.6269973516464233,1.8935328722000122,1743.508544921875
260519,100,0.51,0.13731233775615692,0.530360996723175,22.294387817382812,1242.093505859375
260520,100,0.5,0.10303520411252975,0.5027082562446594,9.779327392578125,727.4304809570312
260521,100,0.51,0.010821613483130932,0.5060875415802002,6.687017917633057,1319.6131591796875
260522,100,0.48,-0.08707869052886963,0.4345949590206146,3.4741790294647217,527.9774780273438
260523,100,0.43,0.00428451644256711,0.5055474638938904,4.7805585861206055,595.9785766601562
260524,100,0.48,0.046219129115343094,0.5061208009719849,7.9627251625061035,1118.9757080078125
260525,100,0.53,-0.17906802892684937,0.4805895686149597,1.413846731185913,1215.3709716796875
260526,100,0.55,-0.18619386851787567,0.5300677418708801,2.6718924045562744,1014.5838012695312
260527,100,0.58,0.10390981286764145,0.514405369758606,11.874608039855957,686.923583984375
260528,3,0.6666666666666666,0.5277472734451294,0.5113738179206848,3.6081149578094482,820.9364013671875
260529,88,0.5113636363636364,0.06351529061794281,0.5450819730758667,12.5147705078125,1473.04541015625
260530,100,0.52,-0.20466527342796326,0.6069536805152893,1.514602541923523,288.48773193359375
260531,100,0.51,-0.10616938024759293,0.5402786731719971,2.8221678733825684,1078.6920166015625
260532,47,0.425531914893617,0.20087087154388428,0.5522028803825378,13.286689758300781,1641.09521484375
260533,100,0.48,-0.03556227684020996,0.5179873704910278,5.097810745239258,1649.013671875
260534,100,0.55,-0.0334688164293766,0.5081785917282104,4.472776889801025,793.4918823242188
260535,100,0.49,-0.3547608554363251,0.4409971833229065,0.36825892329216003,1216.631591796875
260536,100,0.47,-0.1513485312461853,0.528389573097229,1.657967209815979,1333.0689697265625
260537,100,0.47,-0.06650960445404053,0.4377286732196808,3.709791898727417,530.1591186523438
260538,100,0.46,-0.04622048884630203,0.48525020480155945,4.413435459136963,1117.37548828125
260539,100,0.5,0.02721850946545601,0.5291917324066162,4.958757400512695,1231.6300048828125
260540,100,0.47,-0.10322868078947067,0.5212075710296631,4.981909275054932,771.2901000976562
260541,100,0.59,-0.05237773433327675,0.5424129366874695,8.153751373291016,1345.608642578125
260542,100,0.5,-0.19205155968666077,0.6115944385528564,2.5193326473236084,774.656982421875
260543,100,0.54,-0.09088645875453949,0.5597596168518066,2.0221447944641113,282.7577209472656
260544,100,0.55,-0.15831580758094788,0.4690150022506714,1.1353758573532104,1261.184814453125
260545,100,0.41,-0.049853675067424774,0.5532819032669067,4.330397605895996,1064.095947265625
260546,100,0.52,0.015515736304223537,0.5437635779380798,5.860267162322998,1610.002197265625
260547,100,0.51,-0.15762270987033844,0.39503544569015503,3.7255568504333496,1145.7564697265625
260548,100,0.47,-0.19235959649085999,0.5483509302139282,1.7235385179519653,958.8716430664062
260549,100,0.53,-0.025744307786226273,0.5343970656394958,5.1924357414245605,943.7601928710938
260550,100,0.6,-0.221223846077919,0.47747603058815,1.2244720458984375,1180.3934326171875
260551,100,0.56,-0.023204347118735313,0.49937963485717773,4.855947494506836,423.3329772949219
260552,100,0.59,-0.19946341216564178,0.5409306883811951,1.5943816900253296,618.334228515625
260553,100,0.6,-0.11065859347581863,0.5533345341682434,2.125211715698242,1019.1802978515625
260554,100,0.55,-0.06311004608869553,0.5120843052864075,5.773476600646973,780.2940673828125
260555,100,0.62,-0.14093075692653656,0.4789598286151886,2.292814254760742,589.6150512695312
260556,81,0.4691358024691358,0.09160683304071426,0.4576173424720764,12.556985855102539,207.49903869628906
260557,100,0.47,0.07472585886716843,0.5361324548721313,7.8774333000183105,1265.62353515625
260558,48,0.6458333333333334,0.16149328649044037,0.5827320218086243,9.853888511657715,868.8203735351562
260559,100,0.58,0.1546272188425064,0.5425522923469543,25.397912979125977,588.8059692382812
260560,37,0.4864864864864865,0.06406249850988388,0.5143778920173645,3.115070343017578,1926.9788818359375
260561,100,0.48,0.027319470420479774,0.44379112124443054,5.616662502288818,929.966552734375
260562,100,0.58,-0.16005416214466095,0.5167665481567383,2.2261807918548584,1538.5472412109375
260563,82,0.47560975609756095,-0.06726569682359695,0.5140662789344788,3.1959023475646973,968.9711303710938
260564,100,0.61,-0.028702780604362488,0.41397491097450256,4.553779125213623,1126.1357421875
260565,100,0.53,0.02100728079676628,0.4510170519351959,8.4137544631958,1788.9017333984375
260566,48,0.6666666666666666,0.34890586137771606,0.5072256922721863,23.58051872253418,1201.8099365234375
260567,44,0.5909090909090909,0.1695098578929901,0.586840808391571,15.579486846923828,1207.16845703125
260568,100,0.42,-0.11782370507717133,0.4966839551925659,1.5631448030471802,409.4019775390625
260569,35,0.5428571428571428,-0.03966749832034111,0.5233737230300903,3.3504281044006348,1860.995361328125
260570,58,0.43103448275862066,0.2919240891933441,0.45041316747665405,12.545360565185547,1390.9210205078125
260571,100,0.55,-0.04019948095083237,0.534815788269043,8.152809143066406,1185.3397216796875
260572,41,0.5853658536585366,0.2439972162246704,0.5453420877456665,9.900911331176758,1210.915771484375
260573,100,0.53,-0.12585437297821045,0.4720377027988434,4.961556434631348,943.823486328125
260574,100,0.55,0.01329643465578556,0.5088101029396057,3.9856936931610107,694.127197265625
260575,100,0.45,0.0018489857902750373,0.49244388937950134,5.281929969787598,1154.57861328125
260576,100,0.5,-0.13517938554286957,0.574288010597229,2.1549811363220215,427.2063903808594
260577,100,0.58,-0.2298785150051117,0.45933297276496887,1.0193984508514404,859.3900756835938
260578,65,0.5384615384615384,0.24368388950824738,0.4567708969116211,17.114965438842773,1706.3504638671875
260579,100,0.53,0.0034523161593824625,0.5385634899139404,8.312885284423828,1757.917236328125
260580,100,0.5,0.03492749482393265,0.5120370984077454,6.9726386070251465,527.7708129882812
260581,62,0.4032258064516129,-0.03759436309337616,0.6403877139091492,4.6677775382995605,1938.0015869140625
260582,100,0.54,-0.1533607393503189,0.4718191623687744,1.9125473499298096,1247.286376953125
260583,17,0.47058823529411764,0.23112232983112335,0.5339065790176392,4.161847114562988,860.8749389648438
260584,100,0.51,-0.14918933808803558,0.4849817752838135,1.8744494915008545,1122.5189208984375
260585,100,0.51,0.062070026993751526,0.5297540426254272,10.141003608703613,427.5224914550781
260586,55,0.43636363636363634,0.18596422672271729,0.532751739025116,7.4226861000061035,1882.8170166015625
260587,100,0.49,0.043262582272291183,0.4740011692047119,12.787431716918945,1204.0570068359375
260588,100,0.35,-0.043400004506111145,0.5453155636787415,3.8737127780914307,1262.5682373046875
260589,66,0.5606060606060606,0.2548750340938568,0.5679885745048523,17.043180465698242,332.589111328125
260590,67,0.6567164179104478,0.4007415771484375,0.539746880531311,27.37726593017578,1334.4923095703125
260591,64,0.515625,0.027140149846673012,0.5203270316123962,9.961601257324219,271.6964111328125
260592,55,0.6181818181818182,0.23918640613555908,0.47186097502708435,15.097395896911621,2270.421630859375
260593,49,0.46938775510204084,0.08440184593200684,0.5658400058746338,4.7774810791015625,1128.0281982421875
260594,45,0.5777777777777777,0.10861300677061081,0.5254679322242737,6.174219608306885,1429.5650634765625
260595,49,0.5918367346938775,0.2732774019241333,0.5753136277198792,21.4702091217041,2038.1507568359375
260596,43,0.6744186046511628,0.19657140970230103,0.38990992307662964,15.369241714477539,1950.06787109375
260597,100,0.54,0.11107748001813889,0.5758367776870728,15.173415184020996,871.5435180664062
260598,100,0.59,0.15062518417835236,0.4751245081424713,16.5470027923584,815.283447265625
260599,100,0.54,-0.0015344420680776238,0.5167850255966187,6.312863349914551,872.1300048828125
260600,39,0.5384615384615384,0.13489429652690887,0.4703969359397888,8.812434196472168,446.2210693359375
260601,52,0.36538461538461536,0.14522816240787506,0.5056362748146057,6.675506114959717,837.1749267578125
260602,100,0.52,0.11142564564943314,0.5121695399284363,9.59228801727295,1385.5843505859375
260603,100,0.56,-0.08408261835575104,0.5479480624198914,4.224982738494873,885.5859375
260604,100,0.45,-0.11402927339076996,0.5238093137741089,2.7275550365448,1592.6846923828125
260605,100,0.51,-0.15694595873355865,0.5954675674438477,3.18729829788208,884.698486328125
260606,85,0.5411764705882353,0.14116361737251282,0.4897003173828125,10.814132690429688,1052.176025390625
260607,23,0.4782608695652174,0.3281807601451874,0.6158329844474792,6.975598335266113,1102.660888671875
260608,100,0.51,0.1921481490135193,0.5247787833213806,21.60784339904785,1918.3778076171875
260609,27,0.6666666666666666,0.29191523790359497,0.40623778104782104,10.831636428833008,637.0421142578125
260610,51,0.39215686274509803,0.3211946487426758,0.5237160325050354,10.46767520904541,1324.291015625
260611,100,0.38,0.04521672800183296,0.4637492597103119,5.7475972175598145,1115.0977783203125
260612,75,0.5466666666666666,0.23469701409339905,0.40877994894981384,22.337684631347656,1234.9105224609375
260613,42,0.5952380952380952,0.25730252265930176,0.6901257038116455,14.273900032043457,1855.7740478515625
260614,21,0.5714285714285714,0.26818564534187317,0.5877093076705933,6.392466068267822,1734.873046875
260615,40,0.625,-0.07427186518907547,0.4296368956565857,2.5608062744140625,781.7811889648438
260616,80,0.4125,0.09929890185594559,0.5547876954078674,6.121199607849121,734.0306396484375
260617,41,0.5365853658536586,0.10106664150953293,0.4927125871181488,8.559609413146973,871.0706176757812
260618,31,0.2903225806451613,0.47166284918785095,0.4766627252101898,7.315075874328613,1063.6737060546875
260619,10,0.6,0.1697700172662735,0.355395644903183,2.3433125019073486,1316.9837646484375
260620,65,0.5076923076923077,0.17435117065906525,0.4727803170681,8.322829246520996,1520.437744140625
260621,42,0.5476190476190477,0.22372165322303772,0.5364906191825867,14.772578239440918,1284.0263671875
260622,81,0.5432098765432098,0.20847147703170776,0.49147024750709534,21.154760360717773,1932.841552734375
260623,100,0.53,-0.02688051573932171,0.5350862741470337,4.658995151519775,2030.336181640625
260624,77,0.5974025974025974,0.02150261588394642,0.5169047713279724,5.527921199798584,1860.51171875
260625,100,0.55,-0.060474663972854614,0.46022889018058777,4.456880569458008,1156.347412109375
260626,100,0.59,0.1902734488248825,0.4801512360572815,25.632265090942383,1466.820556640625
260627,88,0.5227272727272727,0.18873967230319977,0.5013638734817505,17.29924774169922,440.27301025390625
260628,100,0.52,0.09361858665943146,0.5249855518341064,13.052328109741211,866.2161254882812
260629,100,0.56,0.004847620148211718,0.4993530213832855,7.393432140350342,972.3641967773438
260630,100,0.49,0.1254265308380127,0.4508291482925415,22.014930725097656,672.4417114257812
260631,75,0.4666666666666667,0.004490431863814592,0.46801525354385376,2.625735282897949,1718.0455322265625
260632,46,0.5652173913043478,-0.2386081963777542,0.597017765045166,0.6996811628341675,1278.9952392578125
260633,39,0.48717948717948717,0.06779943406581879,0.4260353446006775,6.235466480255127,795.9923095703125
260634,100,0.5,-0.13861364126205444,0.511511504650116,1.4454420804977417,1246.5848388671875
260635,100,0.52,0.022834356874227524,0.4593750536441803,4.81575345993042,1800.73291015625
260636,100,0.5,0.11321276426315308,0.45772671699523926,14.879217147827148,715.6052856445312
260637,28,0.5,-0.07238344103097916,0.4831622242927551,5.026153087615967,1712.679931640625
260638,100,0.53,0.03200570493936539,0.5173042416572571,8.676385879516602,1656.4296875
260639,51,0.47058823529411764,0.0901547446846962,0.47074660658836365,5.734233379364014,2243.830322265625
260640,50,0.5,0.08166296035051346,0.4516196548938751,8.416913032531738,1231.11669921875
260641,100,0.53,-0.11995232850313187,0.5641724467277527,3.1765334606170654,426.34332275390625
260642,100,0.48,0.09717568010091782,0.3839416205883026,8.704501152038574,1104.6044921875
260643,33,0.5454545454545454,0.27706384658813477,0.5554835200309753,13.232731819152832,1195.5672607421875
260644,100,0.56,0.0832822173833847,0.47901105880737305,17.978370666503906,284.7377014160156
260645,100,0.57,-0.021103838458657265,0.5193835496902466,5.300116539001465,1167.277587890625
260646,82,0.5365853658536586,0.17806224524974823,0.5185787081718445,15.267399787902832,2128.092041015625
260647,34,0.6176470588235294,0.287917822599411,0.6649558544158936,12.89103889465332,2159.23291015625
260648,31,0.6451612903225806,0.36488232016563416,0.39363107085227966,14.284719467163086,655.4360961914062
260649,100,0.58,0.026367271319031715,0.47667062282562256,6.153021335601807,938.57958984375
260650,100,0.46,-0.03629547357559204,0.4688693583011627,3.763936996459961,748.930908203125
260651,100,0.43,0.0797729343175888,0.5122898817062378,17.957395553588867,858.3535766601562
260652,100,0.52,-0.037873074412345886,0.5407232642173767,5.178295135498047,486.9477844238281
260653,100,0.53,0.08730475604534149,0.5155799984931946,10.846086502075195,874.4674682617188
260654,100,0.52,0.17312566936016083,0.4890819787979126,22.153627395629883,1094.622314453125
260655,54,0.5185185185185185,0.22274544835090637,0.6253414750099182,20.58973503112793,991.6353759765625
260656,100,0.53,0.08510614931583405,0.5340701341629028,11.712194442749023,895.8921508789062
260657,94,0.5638297872340425,0.12517346441745758,0.5149549245834351,16.313100814819336,1839.4989013671875
260658,35,0.42857142857142855,0.42099764943122864,0.4752179980278015,12.07210636138916,1006.1700439453125
260659,6,0.8333333333333334,0.03649459034204483,0.8666946291923523,1.1075574159622192,611.7400512695312
260660,100,0.63,0.03466511145234108,0.5189203023910522,7.238367080688477,1038.8590087890625
260661,74,0.4864864864864865,0.270832896232605,0.4856163263320923,28.130891799926758,849.386474609375
260662,54,0.6111111111111112,0.2919107675552368,0.5346997380256653,19.025142669677734,1317.1436767578125
260663,40,0.7,0.21761801838874817,0.5671908855438232,15.05799674987793,886.8824462890625
260664,64,0.640625,0.15292954444885254,0.4211167097091675,11.088407516479492,1403.45947265625
260665,32,0.53125,0.3766487240791321,0.4613754153251648,17.42030906677246,1672.5577392578125
260666,42,0.5952380952380952,0.302813321352005,0.38917410373687744,13.076629638671875,1790.9427490234375
260667,100,0.62,-0.02073088474571705,0.4795561730861664,7.794795513153076,893.5846557617188
260668,100,0.45,0.16313201189041138,0.5104710459709167,9.920992851257324,758.1534423828125
260669,83,0.5301204819277109,0.052646055817604065,0.48909246921539307,12.546964645385742,1179.14794921875
260670,100,0.46,0.08292807638645172,0.5233361124992371,10.385284423828125,1328.4498291015625
260671,100,0.49,-0.04087061807513237,0.4765157401561737,7.68018913269043,411.6539001464844
260672,100,0.51,0.0997069776058197,0.4923229515552521,16.13349151611328,1809.3077392578125
260673,48,0.5208333333333334,0.3299022614955902,0.4838967025279999,17.171573638916016,1885.908935546875
260674,100,0.48,0.02145504206418991,0.4838520288467407,6.4461188316345215,706.8179321289062
260675,47,0.40425531914893614,0.33889755606651306,0.41953757405281067,13.763896942138672,1606.650390625
260676,80,0.475,0.17511115968227386,0.5397711396217346,12.602431297302246,1499.30517578125
260677,46,0.4782608695652174,0.19639164209365845,0.4640168249607086,7.954912185668945,2010.21533203125
260678,68,0.5294117647058824,0.33293861150741577,0.43147730827331543,25.556318283081055,598.701904296875
260679,100,0.46,0.04316277429461479,0.4599975347518921,13.813948631286621,172.5609588623047
260680,94,0.46808510638297873,0.13950803875923157,0.4856135845184326,18.27727699279785,1601.58984375
260681,44,0.5227272727272727,0.2563861310482025,0.4516123831272125,17.539976119995117,1496.0810546875
260682,76,0.5657894736842105,0.20733416080474854,0.4903370141983032,14.998964309692383,1539.563720703125
260683,32,0.46875,0.33846575021743774,0.4319426417350769,9.906457901000977,1774.178466796875
260684,66,0.42424242424242425,-0.06326358020305634,0.5170497894287109,6.747814655303955,672.7310791015625
260685,100,0.49,-0.195692777633667,0.45243850350379944,1.6415928602218628,662.1739501953125
260686,100,0.55,-0.030798912048339844,0.5585578680038452,2.9895381927490234,1039.32177734375
260687,20,0.5,0.13542994856834412,0.3272472023963928,5.843930721282959,1208.328369140625
260688,78,0.5,0.24001170694828033,0.452329158782959,23.191892623901367,1444.6805419921875
260689,72,0.5694444444444444,-0.007139707449823618,0.3710794746875763,5.7913312911987305,440.57928466796875
260690,100,0.39,0.0766134038567543,0.453341007232666,8.467610359191895,703.6682739257812
260691,100,0.54,-0.09309063106775284,0.48023363947868347,2.148980140686035,375.12286376953125
260692,100,0.61,-0.02127229981124401,0.4820002019405365,4.5908331871032715,1546.826904296875
260693,100,0.5,-0.06381262093782425,0.5317724347114563,8.568367004394531,1455.1636962890625
260694,46,0.5434782608695652,0.16299369931221008,0.5001797676086426,9.320985794067383,1015.20166015625
260695,4,0.5,0.3918653130531311,0.34833505749702454,2.5528085231781006,1015.06103515625
260696,100,0.59,0.008520285598933697,0.4891390800476074,10.880143165588379,1747.1407470703125
260697,75,0.52,0.13322506844997406,0.5574333667755127,12.031044006347656,1973.88037109375
260698,100,0.5,-0.11110245436429977,0.5455034375190735,4.068542003631592,418.0553283691406
260699,6,0.3333333333333333,-0.045359134674072266,0.43889597058296204,0.6562860608100891,1277.006103515625
260700,100,0.45,0.10976330190896988,0.5127336978912354,9.041330337524414,1720.3331298828125
260701,62,0.4838709677419355,0.04796646535396576,0.49953585863113403,5.450589179992676,1328.192138671875
260702,100,0.52,-0.0310895424336195,0.47669434547424316,4.803457736968994,827.6668701171875
260703,100,0.56,-0.18544736504554749,0.6075133085250854,1.4566562175750732,762.1410522460938
260704,100,0.55,-0.021006420254707336,0.4663868844509125,5.7111897468566895,1453.5523681640625
260705,70,0.5571428571428572,0.08286269009113312,0.43382948637008667,13.4609375,852.5123291015625
260706,100,0.57,-0.10799433290958405,0.5205397009849548,4.537614345550537,288.7236328125
260707,100,0.45,-0.09102848172187805,0.5709096193313599,1.589531421661377,768.1126708984375
260708,100,0.6,0.017891880124807358,0.47076216340065,12.982975006103516,1164.0443115234375
260709,100,0.64,-0.15599320828914642,0.5892983078956604,1.186259388923645,719.4406127929688
260710,100,0.5,-0.1116933822631836,0.5267598628997803,1.164143681526184,1120.342041015625
260711,100,0.39,0.0414578802883625,0.498709112405777,6.014428615570068,1108.7017822265625
260712,100,0.5,-0.16193503141403198,0.5177024602890015,1.3434126377105713,276.664794921875
260713,100,0.48,-0.039004161953926086,0.6107957363128662,2.7347300052642822,1138.60986328125
260714,99,0.4444444444444444,0.1357468068599701,0.4688917100429535,17.931608200073242,685.0576782226562
260715,100,0.49,-0.2516436278820038,0.46891799569129944,1.1544259786605835,889.5613403320312
260716,100,0.48,-0.050234604626894,0.5278456211090088,3.300790786743164,747.8826904296875
260717,100,0.58,-0.011536160483956337,0.5067726969718933,6.778581142425537,1013.763916015625
260718,4,0.75,0.2897581160068512,0.8580938577651978,2.425631284713745,533.9305419921875
260719,89,0.48314606741573035,0.18828801810741425,0.5315938591957092,17.915203094482422,1413.62890625
260720,63,0.49206349206349204,0.12779223918914795,0.4082348346710205,11.254203796386719,1163.397705078125
260721,100,0.5,-0.038313575088977814,0.5260499715805054,6.126324653625488,1259.786865234375
260722,100,0.54,0.12015572190284729,0.5093590021133423,17.141826629638672,658.9581298828125
260723,100,0.51,0.02199670299887657,0.4690611660480499,8.297329902648926,1134.01123046875
260724,100,0.51,-0.055867999792099,0.5321635603904724,4.8771281242370605,779.7692260742188
260725,100,0.46,-0.07222046703100204,0.530055582523346,4.212214469909668,1081.7904052734375
260726,100,0.49,0.03595137968659401,0.5079225897789001,10.582242012023926,1847.3333740234375
260727,100,0.49,-0.03915485367178917,0.4892634153366089,4.498785495758057,1071.926513671875
260728,52,0.5192307692307693,0.15663786232471466,0.5666348934173584,6.735198497772217,1519.779541015625
260729,16,0.6875,0.5134811401367188,0.6307583451271057,11.983551025390625,702.5847778320312
260730,100,0.58,-0.026419248431921005,0.4881609082221985,7.044151782989502,719.6495361328125
260731,100,0.53,-0.11172221601009369,0.4934316575527191,2.131040573120117,252.43540954589844
260732,100,0.42,-0.10299648344516754,0.4953435957431793,2.8125646114349365,785.1284790039062
260733,100,0.64,-0.17851462960243225,0.5237854719161987,1.776257038116455,848.8551635742188
260734,100,0.56,-0.1908315271139145,0.48376739025115967,1.9413976669311523,1135.4161376953125
260735,100,0.59,-0.12260133028030396,0.5135751962661743,3.358522415161133,1254.227294921875
260736,100,0.47,-0.012494084425270557,0.5085766911506653,4.248210906982422,375.7138977050781
260737,100,0.52,0.07146323472261429,0.5344353318214417,12.502785682678223,814.4802856445312
260738,100,0.5,0.1258556991815567,0.5637109279632568,9.854281425476074,559.2784423828125
260739,100,0.49,-0.131924107670784,0.4838468134403229,2.3106234073638916,1504.227294921875
260740,100,0.54,0.0018305256962776184,0.48058098554611206,6.239922523498535,1819.386474609375
260741,28,0.5714285714285714,0.07424312084913254,0.5610600113868713,4.752448081970215,1397.7294921875
260742,100,0.47,-0.009510787203907967,0.5335736274719238,11.471814155578613,808.2025756835938
260743,85,0.5529411764705883,0.03850651904940605,0.44007959961891174,8.626031875610352,576.0711669921875
260744,21,0.47619047619047616,0.4336124360561371,0.422578901052475,9.657048225402832,814.0787353515625
260745,26,0.4230769230769231,0.2977955639362335,0.4577178359031677,8.550881385803223,1440.93115234375
260746,46,0.391304347826087,-0.0277471411973238,0.5138815641403198,5.69837760925293,1892.561279296875
260747,37,0.5675675675675675,0.28944963216781616,0.582648754119873,16.06561279296875,1968.41259765625
260748,100,0.46,-0.05821996182203293,0.5237249732017517,5.597968578338623,1044.76708984375
260749,100,0.51,-0.0587603934109211,0.5037940144538879,5.996320724487305,1243.033447265625
260750,24,0.4583333333333333,0.35894834995269775,0.4748895764350891,12.151646614074707,1309.90673828125
260751,66,0.5303030303030303,0.0944964587688446,0.5578758716583252,13.639639854431152,483.5909118652344
260752,100,0.49,-0.08864673227071762,0.48739856481552124,2.5717973709106445,464.4324951171875
260753,100,0.56,0.013643224723637104,0.6042905449867249,9.320484161376953,1046.4410400390625
260754,38,0.5526315789473685,-0.037291236221790314,0.5466533899307251,3.5904440879821777,1023.020263671875
260755,100,0.48,-0.15911149978637695,0.5435184836387634,3.0270519256591797,221.41542053222656
260756,68,0.6323529411764706,-0.017015736550092697,0.5503976345062256,7.7650604248046875,329.5789794921875
260757,100,0.51,-0.018089361488819122,0.4411388337612152,4.780880928039551,374.13763427734375
260758,100,0.55,0.0033546253107488155,0.5308765769004822,6.022958755493164,1221.916259765625
260759,100,0.64,0.018712755292654037,0.5470638871192932,4.425696849822998,455.57794189453125
260760,11,0.5454545454545454,0.5799441933631897,0.6081282496452332,9.226471900939941,1316.9166259765625
260761,75,0.56,0.11012250930070877,0.4759482443332672,14.625801086425781,280.4336242675781
260762,100,0.52,-0.0694267675280571,0.525070071220398,5.528112411499023,1627.0302734375
260763,100,0.5,-0.1329098492860794,0.5331946015357971,2.0611891746520996,660.7068481445312
260764,60,0.6333333333333333,0.10370194166898727,0.436926007270813,10.149876594543457,1562.0867919921875
260765,100,0.48,-0.09992102533578873,0.46031779050827026,2.7257931232452393,1201.7139892578125
260766,100,0.56,-0.1530165821313858,0.5096346139907837,2.181445360183716,914.8783569335938
260767,100,0.5,-0.10933519154787064,0.5049231648445129,3.386059045791626,1115.18359375
260768,100,0.49,-0.05047965422272682,0.47373509407043457,2.860954999923706,1298.6669921875
260769,100,0.54,-0.07425104826688766,0.5205193758010864,3.163426160812378,1569.0191650390625
260770,26,0.5769230769230769,0.41456207633018494,0.5354194045066833,12.143258094787598,1364.1175537109375
260771,34,0.29411764705882354,0.18001234531402588,0.4367927610874176,5.770981788635254,783.9125366210938
260772,100,0.5,-0.09234681725502014,0.4543796479701996,5.02227258682251,1314.1202392578125
260773,100,0.49,-0.12081845104694366,0.44383418560028076,2.347775936126709,787.0081787109375
260774,100,0.45,-0.22287096083164215,0.4717649221420288,0.6731657981872559,530.7805786132812
260775,100,0.48,-0.06899508833885193,0.5550429821014404,2.1766557693481445,1257.205322265625
260776,19,0.631578947368421,0.16442669928073883,0.5503895282745361,6.502333164215088,1611.2061767578125
260777,77,0.4935064935064935,0.14827600121498108,0.5520474314689636,11.821633338928223,1681.3365478515625
260778,100,0.53,0.026118358597159386,0.4552844166755676,6.0273566246032715,1400.711181640625
260779,100,0.43,0.24338214099407196,0.5414935946464539,21.161706924438477,1252.74072265625
260780,100,0.52,0.11817707121372223,0.5075743198394775,15.34695053100586,1304.277587890625
260781,95,0.5157894736842106,0.06875047087669373,0.4971061050891876,8.016579627990723,1704.74609375
260782,21,0.6190476190476191,0.32120850682258606,0.5392486453056335,11.202564239501953,1567.0330810546875
260783,73,0.5205479452054794,0.0601511113345623,0.5063411593437195,8.817887306213379,529.7191772460938
260784,31,0.5483870967741935,0.20333127677440643,0.4581415057182312,6.690832138061523,1023.4786376953125
260785,100,0.53,0.034673698246479034,0.4657343626022339,6.522964000701904,467.6527404785156
260786,38,0.5526315789473685,0.523288905620575,0.5045804977416992,17.519472122192383,1883.400146484375
260787,65,0.5230769230769231,0.11434946209192276,0.47917237877845764,13.413871765136719,1175.13671875
260788,53,0.5660377358490566,0.2887405455112457,0.43985727429389954,20.60270881652832,1161.5242919921875
260789,61,0.4426229508196721,0.43242934346199036,0.5527618527412415,22.344661712646484,2085.7314453125
260790,43,0.5116279069767442,0.4217020273208618,0.47940027713775635,20.17504119873047,1434.02685546875
260791,56,0.5892857142857143,0.268018513917923,0.5322836637496948,24.531787872314453,1223.1318359375
260792,13,0.6923076923076923,0.5662438869476318,0.6703313589096069,8.257661819458008,1107.02197265625
260793,69,0.4927536231884058,0.42254334688186646,0.47860896587371826,27.661108016967773,1059.490234375
260794,39,0.5128205128205128,0.5897738933563232,0.44064557552337646,20.86924934387207,1175.8651123046875
260795,41,0.6829268292682927,0.4576358497142792,0.5284824371337891,21.752548217773438,1932.3040771484375
260796,100,0.44,0.10697639733552933,0.5635470747947693,14.593644142150879,2048.522216796875
260797,100,0.59,0.1932189166545868,0.450015127658844,21.627744674682617,691.7368774414062
260798,100,0.53,0.00782376155257225,0.5109671950340271,10.364057540893555,935.6401977539062
260799,100,0.51,-0.11838960647583008,0.4421912133693695,2.6476545333862305,1103.7586669921875
260800,100,0.57,0.03693612664937973,0.45369526743888855,12.694562911987305,974.4138793945312
260801,70,0.6,0.22321957349777222,0.5744137167930603,16.99652099609375,1714.7083740234375
260802,32,0.375,0.2616390883922577,0.44130754470825195,4.6063361167907715,254.966796875
260803,44,0.5454545454545454,0.3970417082309723,0.5397773385047913,23.5291690826416,1356.8677978515625
260804,72,0.5972222222222222,0.16938437521457672,0.5321374535560608,21.26667594909668,1263.84912109375
260805,8,0.625,-0.14883841574192047,0.3359711468219757,0.7642499804496765,782.6690063476562
260806,100,0.5,-0.09567401558160782,0.4510843753814697,2.5531535148620605,913.5569458007812
260807,100,0.43,0.17130498588085175,0.5125555396080017,12.325262069702148,1967.1624755859375
260808,74,0.4594594594594595,0.22331112623214722,0.49840766191482544,20.151657104492188,1933.3062744140625
260809,92,0.4673913043478261,0.1100066527724266,0.3816797733306885,9.926738739013672,827.568359375
260810,100,0.46,0.018733687698841095,0.5596703290939331,3.8769724369049072,1020.4193725585938
260811,44,0.5681818181818182,0.3238750398159027,0.5338940024375916,21.501495361328125,957.8748779296875
260812,49,0.46938775510204084,0.21456950902938843,0.4764340817928314,10.643153190612793,1108.362060546875
260813,100,0.56,0.05042368918657303,0.4763466715812683,13.058985710144043,846.2817993164062
260814,30,0.7,0.3370600640773773,0.553808867931366,15.483799934387207,1453.052490234375
260815,91,0.4945054945054945,0.12331638485193253,0.5659503936767578,9.16028881072998,1471.47412109375
260816,100,0.56,0.09106145799160004,0.49541500210762024,11.520410537719727,1027.7913818359375
260817,55,0.43636363636363634,0.20748285949230194,0.5017849206924438,13.161051750183105,483.2593078613281
260818,51,0.5686274509803921,0.2244722992181778,0.4702133238315582,20.764373779296875,2051.93701171875
260819,80,0.525,0.14610876142978668,0.5014026761054993,19.893037796020508,485.3431701660156
260820,18,0.6666666666666666,0.22488577663898468,0.6276569366455078,7.967719078063965,1532.3880615234375
260821,57,0.5087719298245614,0.23663252592086792,0.5957731008529663,14.834331512451172,1834.4395751953125
260822,43,0.5581395348837209,0.3990236520767212,0.589636504650116,20.197351455688477,1207.5294189453125
260823,45,0.5555555555555556,0.30693158507347107,0.40215855836868286,18.108394622802734,1925.9354248046875
260824,100,0.45,0.06237925961613655,0.5131123065948486,12.131058692932129,1396.0687255859375
260825,89,0.48314606741573035,0.018021808937191963,0.4985865652561188,9.566332817077637,1475.866943359375
260826,46,0.5434782608695652,0.19610269367694855,0.5913528203964233,13.421758651733398,1153.0601806640625
260827,100,0.47,-0.16614416241645813,0.43624743819236755,2.9111571311950684,517.1775512695312
260828,100,0.53,-0.11462481319904327,0.4867389500141144,3.6687421798706055,894.3961791992188
260829,9,0.6666666666666666,0.2275620549917221,0.30918413400650024,3.1961121559143066,1258.867919921875
260830,50,0.56,0.13516974449157715,0.3512992858886719,10.187031745910645,903.8388061523438
260831,100,0.43,-0.08633840829133987,0.5144590139389038,2.4871556758880615,269.02880859375
260832,38,0.5526315789473685,0.19570940732955933,0.5171873569488525,14.59051513671875,1468.9334716796875
260833,100,0.52,0.09634228050708771,0.5314016342163086,16.37642478942871,1058.9202880859375
260834,100,0.48,0.05417090281844139,0.5497017502784729,8.959671020507812,268.1763916015625
260835,100,0.52,-0.07261441648006439,0.4899936020374298,3.082902193069458,1101.2518310546875
260836,45,0.5111111111111111,0.11463413387537003,0.5563509464263916,5.38046407699585,679.6359252929688
260837,100,0.43,0.1366816610097885,0.48860377073287964,16.183822631835938,1301.162841796875
260838,100,0.38,-0.13671307265758514,0.5462352633476257,2.442363739013672,819.3895263671875
260839,100,0.56,-0.04789126291871071,0.5697861909866333,6.9511213302612305,784.357421875
260840,100,0.62,-0.03182121738791466,0.5121229290962219,4.973338603973389,531.8751831054688
260841,100,0.38,0.08624003827571869,0.4718703031539917,8.979841232299805,703.1028442382812
260842,100,0.47,-0.07074406743049622,0.4705384373664856,2.520707130432129,335.3981018066406
260843,100,0.45,-0.12415619194507599,0.5161141753196716,1.8787221908569336,1274.8441162109375
260844,100,0.5,0.002029959112405777,0.5221197009086609,5.520768642425537,357.83599853515625
260845,79,0.4810126582278481,0.06427045911550522,0.5531996488571167,15.382478713989258,1105.9285888671875
260846,55,0.5636363636363636,0.3416936695575714,0.4255797564983368,17.79070472717285,2019.9002685546875
260847,36,0.4722222222222222,0.056565575301647186,0.5600215196609497,6.33275032043457,200.00831604003906
260848,29,0.6206896551724138,0.1360221952199936,0.5339372158050537,9.084615707397461,1479.8087158203125
260849,100,0.47,-0.044647254049777985,0.5482603311538696,9.840624809265137,595.6561279296875
260850,100,0.46,0.009842878207564354,0.45889031887054443,11.756750106811523,537.1080322265625
260851,100,0.49,-0.014427194371819496,0.4424213767051697,5.095477104187012,447.9102783203125
260852,100,0.49,-0.012294498272240162,0.5379074215888977,7.85078239440918,1028.3133544921875
260853,100,0.47,-0.08338769525289536,0.4689112901687622,5.317363739013672,774.893798828125
260854,100,0.44,-0.023935146629810333,0.51912921667099,3.7647430896759033,223.2997589111328
260855,59,0.4745762711864407,0.010805563069880009,0.453524649143219,7.311853408813477,1180.3115234375
260856,100,0.52,-0.07147055119276047,0.45488813519477844,6.847763538360596,710.0848388671875
260857,79,0.5063291139240507,-0.04780469462275505,0.4970228374004364,2.2655446529388428,1217.146484375
260858,100,0.57,0.02227296680212021,0.5658584833145142,8.45927906036377,614.1806640625
260859,33,0.5151515151515151,0.055536311119794846,0.5489447116851807,7.098477840423584,537.856201171875
260860,100,0.55,-0.10814954340457916,0.4844023287296295,5.570574760437012,1463.8980712890625
260861,37,0.5945945945945946,0.25382912158966064,0.5195869207382202,18.457761764526367,1754.2076416015625
260862,100,0.47,-0.022462906315922737,0.5548833608627319,6.214174747467041,953.4314575195312
260863,52,0.5,0.07786180078983307,0.6117314100265503,6.015505313873291,608.482421875
260864,100,0.41,0.03726351633667946,0.5198343992233276,7.638556957244873,304.0439147949219
260865,100,0.56,-0.05787932872772217,0.5226472616195679,5.8496880531311035,1234.687744140625
260866,100,0.41,-0.07551607489585876,0.4982585310935974,4.417687892913818,934.474365234375
260867,100,0.51,-0.2449536770582199,0.4577229619026184,1.3992836475372314,1412.0863037109375
260868,48,0.5416666666666666,0.14185933768749237,0.500232458114624,10.37752628326416,953.7833251953125
260869,24,0.8333333333333334,0.18929588794708252,0.6679495573043823,8.441779136657715,1815.093017578125
260870,23,0.6521739130434783,0.3747752904891968,0.33338138461112976,11.604386329650879,1627.7354736328125
260871,23,0.782608695652174,0.5635289549827576,0.4145962595939636,23.64362144470215,1259.0565185546875
260872,19,0.47368421052631576,0.3434910178184509,0.5251635313034058,9.981096267700195,996.2500610351562
260873,83,0.6626506024096386,0.2301914244890213,0.5520378351211548,18.69704818725586,2079.33837890625
260874,77,0.5844155844155844,0.1381361484527588,0.4956362843513489,12.074435234069824,1703.6513671875
260875,100,0.52,0.04846594110131264,0.5122294425964355,7.891446113586426,1400.120849609375
260876,100,0.42,-0.2542937695980072,0.5402712225914001,1.085309624671936,882.5847778320312
260877,100,0.53,-0.06524152308702469,0.4389476776123047,2.8343000411987305,1012.150146484375
260878,100,0.52,-0.03321552649140358,0.4988137185573578,5.794407367706299,987.8832397460938
260879,100,0.59,0.07663065940141678,0.45872604846954346,14.732076644897461,497.5971374511719
260880,100,0.51,0.07432401180267334,0.4633341431617737,11.597869873046875,1504.7681884765625
260881,23,0.5217391304347826,0.46266981959342957,0.664396345615387,13.051190376281738,1631.646240234375
260882,100,0.55,-0.00010328184725949541,0.4429134428501129,4.143096446990967,1188.042236328125
260883,11,0.36363636363636365,0.44604504108428955,0.4566671848297119,5.2876811027526855,1052.6650390625
260884,100,0.55,-0.012630945071578026,0.5213079452514648,5.768049240112305,1433.5194091796875
260885,42,0.5476190476190477,0.1747344434261322,0.35966601967811584,11.077705383300781,1369.205078125
260886,34,0.4411764705882353,-0.18511100113391876,0.4644671082496643,1.403876543045044,786.4203491210938
260887,100,0.46,-0.20409196615219116,0.5306711792945862,1.5204800367355347,483.77069091796875
260888,100,0.52,0.009672477841377258,0.5412816405296326,11.0289945602417,310.885498046875
260889,100,0.38,-0.010725545696914196,0.564784586429596,4.303419589996338,901.8217163085938
260890,100,0.49,-0.07700682431459427,0.5064027309417725,6.211510181427002,1325.7437744140625
260891,100,0.53,-0.0832245871424675,0.5525850057601929,6.549555778503418,1776.2069091796875
260892,100,0.42,0.10894135385751724,0.5041648745536804,10.62620735168457,826.8814086914062
260893,76,0.40789473684210525,0.16279032826423645,0.534267783164978,10.973370552062988,1826.7962646484375
260894,45,0.6666666666666666,0.21250669658184052,0.5173542499542236,14.77259635925293,1684.2191162109375
260895,100,0.45,0.032939083874225616,0.4976664185523987,5.754699230194092,1124.3382568359375
260896,100,0.46,-0.10744863748550415,0.5110296607017517,1.6244912147521973,1229.6527099609375
260897,100,0.52,0.07198207080364227,0.5343692898750305,8.569557189941406,720.3687133789062
260898,100,0.47,0.05647372081875801,0.5434396266937256,12.547773361206055,1559.191162109375
260899,100,0.4,0.037588320672512054,0.5315722227096558,4.9380784034729,1029.431640625
260900,100,0.58,-0.057918716222047806,0.5254555940628052,3.1215362548828125,585.2037963867188
260901,97,0.5360824742268041,0.005739185493439436,0.4644794762134552,5.652306079864502,1368.5582275390625
260902,100,0.58,0.031979091465473175,0.5296286344528198,10.736342430114746,1392.54638671875
260903,68,0.5,0.17085455358028412,0.4980084002017975,19.89850616455078,732.0134887695312
260904,25,0.48,0.33862027525901794,0.5503434538841248,5.672102451324463,1601.982177734375
260905,60,0.4,0.10671453922986984,0.5779985189437866,7.888847351074219,1168.5447998046875
260906,2,1.0,0.8332703113555908,,4.914119720458984,1824.984375
260907,32,0.4375,0.25837209820747375,0.44276487827301025,8.090130805969238,1130.303955078125
260908,100,0.35,0.03026753105223179,0.5364758968353271,5.511309623718262,617.6477661132812
260909,100,0.51,0.02360788732767105,0.5327508449554443,6.3626909255981445,1731.3658447265625
260910,57,0.49122807017543857,0.3074739873409271,0.4743970036506653,21.816455841064453,1503.892822265625
260911,45,0.5333333333333333,0.45323553681373596,0.46848878264427185,20.41013526916504,1733.4063720703125
260912,96,0.5833333333333334,0.10846764594316483,0.4826902449131012,18.90793800354004,1144.5152587890625
260913,53,0.5660377358490566,0.2000008523464203,0.4710909426212311,13.67183780670166,1008.0695190429688
260914,54,0.5925925925925926,0.09925385564565659,0.48079439997673035,6.441637992858887,612.2833251953125
260915,22,0.6818181818181818,0.5027318596839905,0.4773550033569336,18.946382522583008,1066.8719482421875
260916,100,0.6,-0.1840597540140152,0.4806557595729828,2.824369430541992,962.5250244140625
260917,100,0.47,-0.14107714593410492,0.531475305557251,1.8980375528335571,677.1605224609375
260918,68,0.5588235294117647,0.25726866722106934,0.490092933177948,19.857925415039062,1377.9930419921875
260919,100,0.44,-0.005990335717797279,0.4282008707523346,5.538600921630859,329.5003662109375
260920,100,0.51,0.04827434942126274,0.5093416571617126,6.737585544586182,753.9815673828125
260921,66,0.7424242424242424,0.15446218848228455,0.6037724018096924,22.5345401763916,1964.05126953125
260922,100,0.57,-0.10088741779327393,0.5570920705795288,2.368363618850708,1795.3916015625
260923,77,0.44155844155844154,0.0977184921503067,0.4698992967605591,12.251908302307129,1317.4217529296875
260924,68,0.6617647058823529,0.0564284548163414,0.49640822410583496,7.04583215713501,1862.908935546875
260925,100,0.37,0.15966977179050446,0.5563991069793701,12.427970886230469,1013.4937744140625
260926,46,0.6739130434782609,0.24813638627529144,0.5667780041694641,18.496505737304688,1240.6728515625
260927,75,0.6133333333333333,0.1049785315990448,0.5190110802650452,13.393219947814941,2116.9189453125
260928,37,0.6756756756756757,0.16382065415382385,0.5459785461425781,7.949599742889404,433.04876708984375
260929,32,0.40625,0.4305485188961029,0.4458489716053009,8.542222023010254,1760.847412109375
260930,100,0.49,0.114665687084198,0.5041396021842957,15.896745681762695,822.539306640625
260931,79,0.6075949367088608,0.13758039474487305,0.5123174786567688,28.511917114257812,1358.0628662109375
260932,78,0.47435897435897434,0.1489698886871338,0.4976752996444702,12.852951049804688,1412.8231201171875
260933,100,0.42,0.058776624500751495,0.47902172803878784,12.468398094177246,988.4417724609375
260934,98,0.47959183673469385,0.15235424041748047,0.5033217668533325,23.6689395904541,2108.582763671875
260935,100,0.51,-0.059657350182533264,0.5108664631843567,3.7270781993865967,1201.239013671875
260936,100,0.52,0.03046901896595955,0.5794933438301086,7.4350738525390625,1186.3798828125
260937,100,0.5,0.01802133210003376,0.5756952166557312,6.851446151733398,1222.6312255859375
260938,100,0.44,-0.10051169991493225,0.4421314299106598,1.9650049209594727,895.8171997070312
260939,59,0.5084745762711864,0.17016538977622986,0.5277314186096191,13.483138084411621,1489.77587890625
260940,64,0.515625,0.061488065868616104,0.4760618805885315,6.931582450866699,829.7010498046875
260941,100,0.51,0.047935616225004196,0.44880571961402893,13.650890350341797,1604.11328125
260942,100,0.45,-0.08828864991664886,0.516059398651123,3.3319597244262695,1078.35302734375
260943,100,0.48,-0.15127968788146973,0.46287059783935547,1.143763542175293,1311.6763916015625
260944,24,0.5416666666666666,0.2388555109500885,0.2994822561740875,9.395245552062988,1469.6844482421875
260945,100,0.61,0.058907877653837204,0.529515266418457,8.117465019226074,1624.7147216796875
260946,35,0.42857142857142855,0.01645011454820633,0.47865962982177734,4.905299186706543,1236.2554931640625
260947,100,0.5,-0.0654609426856041,0.5285331606864929,10.201397895812988,634.2030029296875
260948,100,0.45,-0.12368881702423096,0.4902062714099884,1.327883005142212,336.3746032714844
260949,100,0.63,0.14507609605789185,0.5059496164321899,26.921470642089844,1224.5107421875
260950,100,0.55,0.03334715589880943,0.4568348824977875,8.439889907836914,1221.94677734375
260951,36,0.4444444444444444,0.3611161708831787,0.41775208711624146,11.268372535705566,911.3775634765625
260952,100,0.48,-0.10450752824544907,0.5753938555717468,2.4185614585876465,248.34642028808594
260953,100,0.42,-0.08657370507717133,0.5573040246963501,3.4839932918548584,873.015625
260954,100,0.47,-0.024214142933487892,0.578849196434021,4.796355724334717,719.9634399414062
260955,87,0.6206896551724138,0.09021659940481186,0.4801854193210602,8.978816986083984,1483.1771240234375
260956,100,0.53,-0.13524313271045685,0.5591341257095337,2.1874849796295166,947.1848754882812
260957,100,0.41,-0.2888394892215729,0.45800814032554626,1.1178441047668457,791.5836181640625
260958,63,0.49206349206349204,0.07976462692022324,0.4408609867095947,8.613883972167969,2136.648681640625
260959,56,0.5535714285714286,0.18487559258937836,0.40757787227630615,11.792640686035156,1411.749267578125
260960,95,0.5684210526315789,0.08401702344417572,0.510877251625061,10.281917572021484,935.9027099609375
260961,100,0.48,-0.010093729011714458,0.49668166041374207,8.543521881103516,346.2686767578125
260962,100,0.58,0.067745640873909,0.5193393230438232,7.204995632171631,1077.135498046875
260963,100,0.45,-0.11436615884304047,0.5151930451393127,2.8844900131225586,794.7196655273438
260964,100,0.64,0.07615415751934052,0.4945300817489624,7.375865936279297,1193.5794677734375
260965,10,0.8,-0.06230298802256584,0.8390675783157349,1.112511396408081,1018.7330322265625
260966,50,0.6,0.17392468452453613,0.5284698605537415,14.756582260131836,548.33642578125
260967,15,0.5333333333333333,0.3804434537887573,0.3525070250034332,8.954506874084473,982.1967163085938
260968,100,0.51,-0.006779968738555908,0.49777311086654663,4.236981391906738,755.8868408203125
260969,96,0.5,0.0365886352956295,0.5462539196014404,14.807894706726074,983.5685424804688
260970,100,0.52,0.02887207642197609,0.5522999167442322,9.973360061645508,1016.341064453125
260971,100,0.6,0.09462413191795349,0.5635379552841187,10.220179557800293,863.81396484375
260972,100,0.48,-0.03143284097313881,0.5334344506263733,4.645675182342529,342.1467590332031
260973,100,0.49,-0.044188883155584335,0.5088939070701599,4.570533275604248,603.0284423828125
260974,100,0.51,-0.011205733753740788,0.4775417149066925,5.092510223388672,727.9022827148438
260975,45,0.4444444444444444,0.21621331572532654,0.5512205958366394,13.221779823303223,1150.1260986328125
260976,100,0.53,-0.04266773536801338,0.4753347337245941,4.243139743804932,456.2193603515625
260977,100,0.36,-0.15453942120075226,0.5114783048629761,1.2321200370788574,569.9398193359375
260978,100,0.57,-0.11732815206050873,0.5697694420814514,4.6826958656311035,124.37615966796875
260979,71,0.38028169014084506,0.19999848306179047,0.5074943900108337,8.758851051330566,1336.418212890625
260980,94,0.5957446808510638,0.1528352051973343,0.5191307663917542,15.848959922790527,1271.003173828125
260981,100,0.53,-0.005678762681782246,0.5029183626174927,4.817834377288818,654.216796875
260982,13,0.38461538461538464,0.1717255562543869,0.53436279296875,2.071455240249634,781.0655517578125
260983,57,0.543859649122807,0.2027083784341812,0.3848160207271576,10.059454917907715,1923.385009765625
260984,72,0.4861111111111111,0.24244292080402374,0.5325736403465271,10.756999969482422,865.6858520507812
260985,94,0.5319148936170213,0.03252817317843437,0.5336201786994934,7.7225823402404785,406.2709655761719
260986,100,0.55,-0.08176134526729584,0.5061036348342896,6.814233303070068,1403.3692626953125
260987,74,0.4864864864864865,0.1498289555311203,0.5150980949401855,11.683267593383789,1370.72314453125
260988,100,0.54,-0.17280274629592896,0.5458694696426392,1.5458065271377563,503.46343994140625
260989,100,0.56,-0.18285806477069855,0.5351375341415405,1.3274011611938477,1264.9114990234375
260990,76,0.39473684210526316,0.22359202802181244,0.49938443303108215,9.526326179504395,1900.2264404296875
260991,34,0.5294117647058824,0.17461954057216644,0.4997216463088989,10.42093276977539,1793.36865234375
260992,7,0.7142857142857143,0.23875895142555237,0.2994438409805298,5.475106239318848,1059.4840087890625
260993,100,0.55,0.1028166338801384,0.510172426700592,15.674890518188477,832.9175415039062
260994,74,0.527027027027027,0.11548185348510742,0.42708030343055725,9.901900291442871,1349.37548828125
260995,100,0.41,-0.1847890317440033,0.5667749047279358,1.2806270122528076,571.7939453125
260996,100,0.59,0.009102677926421165,0.4835323691368103,3.4176926612854004,614.6609497070312
260997,100,0.45,0.031388625502586365,0.5222299098968506,3.6691195964813232,837.2705078125
260998,100,0.49,0.06672227382659912,0.4843781292438507,8.072623252868652,1367.9598388671875
260999,100,0.51,0.060579221695661545,0.5005780458450317,10.432003021240234,1228.6651611328125
261000,100,0.47,0.0645572617650032,0.4687504172325134,9.891532897949219,433.87103271484375
261001,100,0.57,0.08897670358419418,0.5253492593765259,16.880155563354492,1262.4658203125
261002,100,0.54,0.07203162461519241,0.49043986201286316,18.34626007080078,599.2399291992188
261003,100,0.45,0.0025152554735541344,0.4662826955318451,8.547794342041016,712.2154541015625
261004,100,0.54,-0.02226240187883377,0.45243537425994873,6.926166534423828,247.0874481201172
261005,100,0.55,0.08562913537025452,0.5054510831832886,13.122901916503906,985.9710083007812
261006,100,0.48,-0.07162553817033768,0.5129604339599609,4.3593244552612305,758.2962646484375
261007,58,0.4482758620689655,0.10556301474571228,0.5056367516517639,3.7712531089782715,1429.6226806640625
261008,100,0.52,-0.08098114281892776,0.5713830590248108,3.0979604721069336,696.7642822265625
261009,100,0.51,0.08631641417741776,0.5073243975639343,8.221731185913086,203.67098999023438
261010,100,0.48,0.09427239745855331,0.5028388500213623,9.185393333435059,846.2700805664062
261011,100,0.55,0.0008034914499148726,0.4515044689178467,5.510298252105713,684.181396484375
261012,100,0.6,-0.1397172510623932,0.5442887544631958,1.9811201095581055,727.7471923828125
261013,100,0.46,-0.1638798862695694,0.48428890109062195,1.8182005882263184,1319.09033203125
261014,100,0.58,-0.03527015820145607,0.5482192635536194,4.975294589996338,1009.2978515625
261015,79,0.4936708860759494,-0.16520895063877106,0.5007220506668091,1.8490123748779297,1401.397216796875
261016,100,0.41,-0.06500225514173508,0.47278204560279846,4.2204999923706055,748.7674560546875
261017,100,0.51,-0.11678221821784973,0.5344914197921753,3.58587646484375,439.69122314453125
261018,100,0.55,-0.0813949853181839,0.53868567943573,1.8022456169128418,1341.8603515625
261019,100,0.58,0.10805113613605499,0.507526695728302,11.026283264160156,1156.343994140625
261020,100,0.47,0.035076580941677094,0.4622633159160614,3.8193862438201904,506.44158935546875
261021,100,0.53,-0.014204864390194416,0.5081039667129517,5.463578701019287,601.3414306640625
261022,100,0.51,-0.1159810721874237,0.5111958384513855,2.6312832832336426,563.88525390625
261023,100,0.49,0.16873028874397278,0.5015491247177124,16.846458435058594,1446.2659912109375
261024,74,0.6756756756756757,0.12182870507240295,0.4839918911457062,12.443803787231445,875.4761352539062
261025,100,0.55,0.11273419857025146,0.4742383658885956,12.155939102172852,598.0653686523438
261026,80,0.55,0.11041994392871857,0.5259336829185486,9.464376449584961,464.20501708984375
261027,36,0.6111111111111112,0.006123727187514305,0.4077707827091217,5.210608005523682,370.3905029296875
261028,32,0.5625,0.08099929243326187,0.47966232895851135,4.026156425476074,769.9292602539062
261029,24,0.5416666666666666,0.3404431939125061,0.39506587386131287,10.24992561340332,476.20001220703125
261030,83,0.6144578313253012,0.13131539523601532,0.5008807182312012,13.725138664245605,1025.4755859375
261031,61,0.5901639344262295,0.07911034673452377,0.549473226070404,11.396326065063477,845.96533203125
261032,55,0.4727272727272727,0.12743176519870758,0.5358554720878601,6.427829742431641,1644.3902587890625
261033,100,0.48,-0.1114019975066185,0.5627559423446655,1.2992879152297974,1627.224365234375
261034,100,0.48,-0.13110004365444183,0.5816878080368042,2.0156803131103516,867.0100708007812
261035,76,0.4605263157894737,0.03435888513922691,0.4998099207878113,10.669760704040527,1796.1759033203125
261036,100,0.59,0.10898192226886749,0.537241518497467,13.366101264953613,755.3273315429688
261037,40,0.525,0.1956910789012909,0.5276649594306946,15.007848739624023,621.7730102539062
261038,100,0.52,0.035050492733716965,0.4869835376739502,9.735612869262695,1291.9639892578125
261039,15,0.6666666666666666,-0.060787130147218704,0.45604047179222107,1.056043267250061,585.9423217773438
261040,77,0.5324675324675324,0.01859421655535698,0.5177698135375977,4.0690226554870605,607.9328002929688
261041,100,0.52,0.010401541367173195,0.4908328354358673,4.634028911590576,1566.1251220703125
261042,100,0.56,-0.07583962380886078,0.47574394941329956,2.165585517883301,493.2496643066406
261043,36,0.5277777777777778,0.10961118340492249,0.5482656955718994,5.966822147369385,1037.650146484375
261044,100,0.52,-0.09761814028024673,0.4982370436191559,2.0872578620910645,788.9401245117188
261045,100,0.63,-0.08681975305080414,0.4591118097305298,4.429876804351807,1336.102783203125
261046,80,0.5125,0.2903161346912384,0.3748839795589447,21.869659423828125,1853.4522705078125
261047,100,0.46,0.1550898551940918,0.5280304551124573,9.578404426574707,335.7742919921875
261048,86,0.5,0.07576727122068405,0.49487847089767456,6.420132637023926,354.2289123535156
261049,13,0.5384615384615384,0.2677878439426422,0.5235773921012878,5.775267601013184,395.4486389160156
261050,100,0.55,-0.01942203938961029,0.6042219996452332,6.231834888458252,270.0966796875
261051,100,0.59,-0.08831790089607239,0.4934544861316681,3.5480191707611084,1067.5955810546875
261052,100,0.48,-0.041181307286024094,0.6009150743484497,3.854175090789795,182.10911560058594
261053,75,0.38666666666666666,0.12596283853054047,0.45358288288116455,5.599940299987793,1880.8543701171875
261054,17,0.5882352941176471,0.11238197982311249,0.2995087206363678,1.0989990234375,1074.0162353515625
261055,91,0.5494505494505495,0.11505906283855438,0.45738816261291504,7.356811046600342,1999.4100341796875
261056,91,0.4835164835164835,0.13369037210941315,0.41716304421424866,15.107163429260254,862.2747802734375
261057,100,0.5,-0.13288001716136932,0.4865526854991913,1.935937523841858,276.1971435546875
261058,100,0.58,-0.023650091141462326,0.47103455662727356,7.66746711730957,965.3239135742188
261059,46,0.43478260869565216,0.12391002476215363,0.4650305509567261,6.000502109527588,1393.492431640625
261060,52,0.5769230769230769,0.3311256170272827,0.4413027763366699,30.837406158447266,1446.9622802734375
261061,100,0.56,-0.06735517829656601,0.5280387997627258,3.7567899227142334,1101.24462890625
261062,29,0.5862068965517241,0.29403895139694214,0.5737870335578918,12.386157989501953,135.45347595214844
261063,62,0.5161290322580645,0.13985475897789001,0.4600362181663513,6.47291898727417,1435.6845703125
261064,15,0.5333333333333333,0.7358018755912781,0.5840214490890503,11.615230560302734,1638.8062744140625
261065,94,0.6170212765957447,0.17822633683681488,0.4714854061603546,25.72498321533203,1454.2523193359375
261066,58,0.39655172413793105,0.23625409603118896,0.4918307662010193,11.799591064453125,1994.35595703125
261067,100,0.54,0.048926401883363724,0.5582050085067749,8.27448558807373,1153.4056396484375
261068,24,0.4583333333333333,0.4007972776889801,0.5194340348243713,9.062687873840332,1919.779541015625
261069,100,0.61,-0.18837480247020721,0.5091853141784668,1.8680853843688965,474.54058837890625
261070,100,0.53,-0.0162527933716774,0.5732145309448242,5.223016262054443,873.99560546875
261071,93,0.5268817204301075,0.04330803453922272,0.4512876272201538,10.609466552734375,1665.9755859375
261072,37,0.5675675675675675,0.06679500639438629,0.4857727289199829,4.050622940063477,1009.017333984375
261073,100,0.54,0.02183588035404682,0.4769662320613861,7.881048202514648,1064.8084716796875
261074,100,0.59,0.030231334269046783,0.45672160387039185,9.688809394836426,107.25885772705078
261075,29,0.7241379310344828,0.08627989143133163,0.5269573926925659,8.091285705566406,1724.567626953125
261076,87,0.632183908045977,0.06317388266324997,0.3879612684249878,13.384039878845215,1203.928955078125
261077,100,0.47,-0.02364429458975792,0.5741614699363708,4.5225396156311035,822.0153198242188
261078,83,0.6144578313253012,0.13309215009212494,0.5428739786148071,12.564213752746582,1697.3330078125
261079,100,0.46,0.14031507074832916,0.4889725148677826,10.931352615356445,997.2056884765625
261080,24,0.4166666666666667,0.30980774760246277,0.4276598393917084,6.8954010009765625,1788.9365234375
261081,100,0.55,0.0251382477581501,0.5222012996673584,4.060943126678467,625.1703491210938
261082,21,0.5714285714285714,0.2767440378665924,0.31125402450561523,6.49456787109375,1147.2686767578125
261083,90,0.5777777777777777,0.09136366099119186,0.4390018880367279,13.193918228149414,807.0677490234375
261084,87,0.6206896551724138,0.10871520638465881,0.4930493235588074,11.691344261169434,982.54541015625
261085,100,0.43,0.1705266833305359,0.47740253806114197,15.809189796447754,1703.444580078125
261086,100,0.48,-0.07844636589288712,0.5519084334373474,5.673673152923584,582.38330078125
261087,100,0.59,0.04847113788127899,0.5816130638122559,16.488004684448242,598.961181640625
261088,100,0.53,0.026833785697817802,0.5106966495513916,7.706951141357422,949.10302734375
261089,99,0.47474747474747475,0.11857793480157852,0.5685696601867676,7.844150066375732,706.2948608398438
261090,100,0.51,-0.053448937833309174,0.48090043663978577,4.233392238616943,1269.473388671875
261091,48,0.5833333333333334,0.22450990974903107,0.5817568898200989,12.635368347167969,238.43666076660156
261092,51,0.5882352941176471,0.2094060629606247,0.5980138182640076,12.11341381072998,1364.7684326171875
261093,100,0.59,0.12185313552618027,0.5512323379516602,12.955121994018555,1317.2132568359375
261094,100,0.44,0.1174795925617218,0.49012836813926697,13.11628532409668,1935.22314453125
261095,100,0.43,-0.05083093047142029,0.5321047306060791,2.9349358081817627,695.5116577148438
261096,16,0.625,0.6921700835227966,0.5895337462425232,12.742605209350586,1572.232421875
261097,42,0.5476190476190477,0.2839701771736145,0.38799813389778137,15.213736534118652,1327.380615234375
261098,64,0.53125,0.133855938911438,0.5155482888221741,11.893391609191895,1653.7513427734375
261099,40,0.5,0.021999983116984367,0.47168827056884766,2.0745632648468018,1060.40771484375
261100,28,0.4642857142857143,0.5027413964271545,0.35339608788490295,12.417760848999023,1487.2467041015625
261101,75,0.56,0.11466067284345627,0.5101869106292725,13.98828125,1557.5037841796875
261102,100,0.46,-0.10652036219835281,0.4018675982952118,4.986112117767334,587.403076171875
261103,46,0.6304347826086957,0.11918642371892929,0.4360564053058624,11.781371116638184,669.4487915039062
261104,100,0.44,0.02760794200003147,0.5314785242080688,4.043076515197754,1567.223876953125
261105,100,0.46,0.030253620818257332,0.49713262915611267,5.2072978019714355,195.46575927734375
261106,100,0.53,-0.08887266367673874,0.5010913014411926,3.5961694717407227,941.7269897460938
261107,8,0.375,0.21456439793109894,0.6358492374420166,2.3747589588165283,1148.4427490234375
261108,33,0.48484848484848486,0.3995472192764282,0.5611315369606018,13.855294227600098,1800.8438720703125
261109,100,0.48,-0.02700573205947876,0.5280118584632874,2.614577293395996,728.61083984375
261110,100,0.39,0.02313322015106678,0.49322447180747986,6.965146541595459,888.3806762695312
261111,100,0.54,-0.04339361935853958,0.49695807695388794,3.2716901302337646,234.6807403564453
261112,100,0.4,-0.06771904975175858,0.4685700237751007,4.3535966873168945,268.3611145019531
261113,26,0.5,0.16383251547813416,0.618891179561615,6.012845993041992,766.12548828125
261114,100,0.5,0.09659651666879654,0.5300126075744629,6.902144908905029,1593.0638427734375
261115,8,0.875,0.2552967369556427,0.9090930819511414,4.31245231628418,1637.8416748046875
261116,98,0.4897959183673469,0.09742185473442078,0.497450053691864,10.666674613952637,1607.599365234375
261117,100,0.58,0.1832573115825653,0.4958026111125946,22.59760093688965,141.84341430664062
261118,26,0.46153846153846156,0.18200702965259552,0.4209616482257843,5.619110107421875,1803.172119140625
261119,15,0.5333333333333333,0.09976936876773834,0.38166341185569763,2.1268341541290283,727.4173583984375
261120,100,0.41,0.08073607832193375,0.5062203407287598,11.340961456298828,928.3825073242188
261121,93,0.4731182795698925,0.19854742288589478,0.4923122823238373,22.516244888305664,1268.794921875
261122,80,0.5375,0.16992232203483582,0.47448334097862244,13.197649002075195,1326.25048828125
261123,50,0.46,0.21011605858802795,0.612844705581665,6.528881072998047,1032.6702880859375
261124,25,0.68,0.09971566498279572,0.48756036162376404,4.879549026489258,544.6276245117188
261125,59,0.5084745762711864,0.299773633480072,0.527355432510376,17.224653244018555,1045.0032958984375
261126,79,0.5443037974683544,0.275740385055542,0.4523574411869049,17.614423751831055,1980.4373779296875
261127,100,0.52,-0.06826068460941315,0.5652861595153809,4.665423393249512,1564.70263671875
261128,100,0.49,0.046983636915683746,0.45965784788131714,7.204888343811035,790.869384765625
261129,100,0.42,0.1075068786740303,0.46383440494537354,8.948690414428711,512.3355102539062
261130,49,0.4897959183673469,0.20809991657733917,0.5161332488059998,9.060880661010742,640.9552001953125
261131,92,0.5,0.047738224267959595,0.4417872130870819,6.623196125030518,821.8853149414062
261132,54,0.5555555555555556,0.23548714816570282,0.5235428214073181,10.27272891998291,126.53685760498047
261133,98,0.4897959183673469,0.1164250299334526,0.4252150356769562,11.939640998840332,1679.4755859375
261134,100,0.46,0.10036516934633255,0.5606045126914978,10.802542686462402,728.6544189453125
261135,100,0.54,-0.03755002096295357,0.5211892127990723,4.547647953033447,1153.1602783203125
261136,98,0.5306122448979592,0.1676824688911438,0.5029755234718323,17.873062133789062,1496.1534423828125
261137,32,0.625,0.42548513412475586,0.3198952376842499,14.489511489868164,665.0103149414062
261138,100,0.6,-0.007052240893244743,0.4657289385795593,5.353969573974609,1929.1417236328125
261139,100,0.48,-0.029611879959702492,0.5186814069747925,3.4543774127960205,1102.8546142578125
261140,6,0.16666666666666666,0.7050822973251343,0.33150386810302734,1.88021981716156,985.6519775390625
261141,100,0.35,0.12626582384109497,0.4573228657245636,13.848427772521973,1264.93115234375
261142,56,0.5535714285714286,0.23320916295051575,0.5184325575828552,11.565887451171875,1889.3428955078125
261143,56,0.48214285714285715,0.1649494171142578,0.4855543375015259,14.915431022644043,1140.90185546875
261144,91,0.5164835164835165,0.12968480587005615,0.4493994414806366,13.530411720275879,1602.60107421875
261145,21,0.47619047619047616,0.2757504880428314,0.5827125310897827,3.8265511989593506,2093.54736328125
261146,100,0.5,-0.019082166254520416,0.5128084421157837,7.157260894775391,897.9165649414062
261147,100,0.56,0.02513604238629341,0.5770256519317627,5.5379319190979,683.3453979492188
261148,64,0.515625,0.07324684411287308,0.5173500180244446,4.251711845397949,1883.8267822265625
261149,100,0.52,-0.026551734656095505,0.522572934627533,5.182543754577637,286.8036193847656
261150,100,0.43,-0.04205780848860741,0.5213832855224609,2.4167940616607666,1241.6239013671875
261151,57,0.6140350877192983,0.24930112063884735,0.5336525440216064,16.917997360229492,607.8275146484375
261152,48,0.5208333333333334,0.0073530413210392,0.5220164656639099,5.178526878356934,1072.7994384765625
261153,50,0.5,0.09544887393712997,0.5099847316741943,3.745712995529175,810.3912353515625
261154,100,0.44,-0.06637125462293625,0.5271771550178528,3.5911154747009277,1216.7440185546875
261155,100,0.42,0.037001609802246094,0.45871734619140625,7.238989353179932,524.891357421875
261156,33,0.48484848484848486,0.30343347787857056,0.6504364013671875,10.14128589630127,951.273681640625
261157,74,0.5135135135135135,0.06493351608514786,0.5796063542366028,8.007925033569336,384.20281982421875
261158,72,0.5138888888888888,0.01905910111963749,0.42490077018737793,9.822528839111328,2029.5748291015625
261159,100,0.46,0.03652053326368332,0.4788472354412079,8.414480209350586,270.57177734375
261160,100,0.46,0.024299440905451775,0.5368129014968872,6.4636359214782715,689.0531005859375
261161,100,0.49,-0.0027047358453273773,0.45481574535369873,6.159704685211182,415.7516174316406
261162,100,0.4,-0.016386473551392555,0.5655601024627686,8.61467456817627,1858.0343017578125
261163,100,0.46,0.08976203203201294,0.5376081466674805,8.454672813415527,1571.223876953125
261164,100,0.52,-0.0863155946135521,0.5028224587440491,2.5994296073913574,792.9508056640625
261165,44,0.4318181818181818,0.23971080780029297,0.5316300392150879,12.544677734375,446.4273986816406
261166,38,0.3157894736842105,-0.1975243240594864,0.5846432447433472,0.6795867085456848,360.4737854003906
261167,91,0.4835164835164835,-0.007198370527476072,0.5500632524490356,4.503983497619629,1440.25732421875
261168,25,0.44,-0.09259580820798874,0.5532025098800659,1.3775423765182495,1462.4276123046875
261169,100,0.42,-0.1370040476322174,0.5676747560501099,2.0419511795043945,590.9342041015625
261170,72,0.5972222222222222,0.08059477061033249,0.5642393231391907,6.872794151306152,1211.1826171875
261171,34,0.47058823529411764,0.1464962214231491,0.5523722171783447,4.425224781036377,1372.0726318359375
261172,100,0.48,0.1060871109366417,0.509394645690918,7.525487899780273,333.2276306152344
261173,100,0.52,-0.09784894436597824,0.48701751232147217,3.4357104301452637,606.8198852539062
261174,100,0.52,-0.11041794717311859,0.5779991745948792,2.037348508834839,1536.0263671875
261175,100,0.48,-0.21029989421367645,0.5069742202758789,1.1158337593078613,937.8552856445312
261176,100,0.52,-0.13861149549484253,0.5423007607460022,2.274157762527466,613.7860717773438
261177,100,0.51,0.12396857887506485,0.5035821795463562,16.94251251220703,839.5279541015625
261178,100,0.54,-0.1016097441315651,0.39975929260253906,2.142815351486206,1221.4736328125
261179,100,0.5,-0.06048819422721863,0.5149449706077576,3.683222770690918,907.8779907226562
261180,100,0.39,-0.11904201656579971,0.4417966902256012,2.5563712120056152,1008.9452514648438
261181,24,0.5416666666666666,0.08799592405557632,0.4672844707965851,3.68029522895813,1134.69921875
261182,46,0.6086956521739131,0.25298500061035156,0.5253491401672363,17.97997283935547,854.6536254882812
261183,68,0.5294117647058824,0.041600316762924194,0.5129741430282593,3.5164754390716553,1638.1407470703125
261184,96,0.46875,0.07640120387077332,0.4952118694782257,10.14368724822998,646.1685180664062
261185,100,0.55,-0.021252460777759552,0.5886494517326355,6.822509288787842,1176.9058837890625
261186,37,0.5405405405405406,0.1192948967218399,0.5596909523010254,9.23388957977295,660.5764770507812
261187,81,0.4691358024691358,0.13654522597789764,0.5584560036659241,11.431530952453613,263.720703125
261188,41,0.6341463414634146,0.18020936846733093,0.4669255316257477,13.038717269897461,2041.4666748046875
261189,100,0.44,0.04447782412171364,0.5280921459197998,7.772753715515137,1715.6092529296875
261190,100,0.48,-0.08784410357475281,0.48966601490974426,4.506406784057617,1499.3028564453125
261191,94,0.425531914893617,0.16000281274318695,0.5045355558395386,16.553508758544922,988.1028442382812
261192,2,0.5,0.8576480746269226,0.4661068916320801,3.4305918216705322,501.2989501953125
261193,100,0.41,0.0833919420838356,0.4634034335613251,6.590966701507568,831.059326171875
261194,36,0.5,0.1258223056793213,0.6553122997283936,4.943081855773926,1870.4775390625
261195,40,0.5,0.04163243994116783,0.5465548634529114,3.7790322303771973,1189.77734375
261196,27,0.5185185185185185,0.2830474078655243,0.5109087228775024,12.713350296020508,821.4877319335938
261197,51,0.5686274509803921,0.3618677258491516,0.5441837906837463,19.943532943725586,762.0613403320312
261198,32,0.625,0.2248070240020752,0.4695650637149811,9.284283638000488,1539.06689453125
261199,100,0.45,0.04395567625761032,0.47928670048713684,6.0770583152771,252.495849609375
261200,98,0.5204081632653061,0.1881982386112213,0.5025420188903809,18.04401969909668,1207.2958984375
261201,22,0.6363636363636364,0.3420843183994293,0.3987763226032257,7.131050109863281,1543.2852783203125
261202,100,0.56,0.14042384922504425,0.6650887131690979,19.66316032409668,765.7356567382812
261203,10,0.3,0.9468252658843994,0.4160033166408539,7.113626003265381,1508.2801513671875
261204,100,0.5,0.10757354646921158,0.5695396661758423,14.081647872924805,662.8629760742188
261205,100,0.6,-0.024924052879214287,0.5470007658004761,4.543757438659668,523.63818359375
261206,36,0.4166666666666667,0.2025570571422577,0.5453312397003174,9.614696502685547,1701.7242431640625
261207,73,0.5205479452054794,0.08960089832544327,0.4834459722042084,7.334872245788574,1962.481689453125
261208,79,0.6329113924050633,-0.002670082962140441,0.48445695638656616,11.910231590270996,694.8997192382812
261209,32,0.59375,0.11994314193725586,0.3649294078350067,5.199644565582275,1256.47119140625
261210,54,0.46296296296296297,0.23052950203418732,0.43670451641082764,14.676153182983398,2041.689208984375
261211,22,0.6363636363636364,0.4383797347545624,0.615302324295044,12.600231170654297,1520.4251708984375
261212,100,0.45,0.14022807776927948,0.5278909206390381,16.7965087890625,608.0300903320312
261213,97,0.5463917525773195,0.07719312608242035,0.42385005950927734,11.665115356445312,1951.283203125
261214,77,0.5974025974025974,0.1091645210981369,0.4465647339820862,10.320295333862305,1872.02392578125
261215,32,0.5,0.4371646046638489,0.587652862071991,13.022071838378906,1317.384033203125
261216,92,0.532608695652174,0.1914358288049698,0.4492305815219879,19.15532875061035,1594.630859375
261217,48,0.5,0.2207365483045578,0.5184833407402039,8.333369255065918,1817.7115478515625
261218,54,0.4444444444444444,0.03437449410557747,0.4437418580055237,8.578997611999512,365.9100646972656
261219,100,0.47,-0.15455351769924164,0.5473365783691406,2.763730049133301,771.4855346679688
261220,24,0.375,0.0897350162267685,0.5261005163192749,2.6160390377044678,1790.5894775390625
261221,43,0.4418604651162791,0.4029926657676697,0.49713030457496643,10.737220764160156,1301.7735595703125
261222,74,0.5675675675675675,0.0801958218216896,0.42889922857284546,8.274669647216797,2089.565185546875
261223,31,0.5806451612903226,0.30662107467651367,0.6190566420555115,6.291333198547363,1038.8919677734375
261224,100,0.49,0.015254424884915352,0.5434916019439697,9.12771987915039,1221.360107421875
261225,100,0.49,-0.058334916830062866,0.5111109614372253,3.7366695404052734,717.2116088867188
261226,100,0.44,0.022868264466524124,0.5321903824806213,5.2374982833862305,355.6559753417969
261227,71,0.5211267605633803,0.06425214558839798,0.5313055515289307,4.709845542907715,1128.348388671875
261228,35,0.42857142857142855,0.18948961794376373,0.42475661635398865,5.636056900024414,621.6133422851562
261229,49,0.4897959183673469,0.12882362306118011,0.3882972300052643,9.161738395690918,1803.0745849609375
261230,89,0.47191011235955055,0.03378511592745781,0.6109430193901062,8.332839012145996,1172.9642333984375
261231,100,0.33,-0.1641448736190796,0.5958933234214783,2.2701592445373535,1353.5394287109375
261232,100,0.41,-0.10931985080242157,0.6026513576507568,3.1768648624420166,746.116943359375
261233,100,0.52,-0.13662953674793243,0.5187211036682129,2.3717081546783447,425.6592102050781
261234,100,0.44,-0.15071699023246765,0.4425961673259735,1.5172456502914429,547.4495849609375
261235,100,0.44,-0.145461305975914,0.5033823251724243,4.475518703460693,1502.5516357421875
261236,100,0.49,-0.06737898290157318,0.4980650544166565,7.247072696685791,1156.262451171875
261237,40,0.55,0.09676072746515274,0.5022886991500854,4.400918960571289,1830.4969482421875
261238,100,0.53,-0.11511295288801193,0.6053600311279297,3.2279176712036133,306.7418212890625
261239,80,0.4,0.09479962289333344,0.4798177182674408,7.8718132972717285,1674.98681640625
261240,100,0.47,0.06841722130775452,0.5575471520423889,8.447959899902344,189.4187774658203
261241,53,0.5849056603773585,0.13800546526908875,0.4889414608478546,11.496707916259766,1059.3662109375
261242,50,0.42,0.4007512032985687,0.5889021754264832,13.645577430725098,1180.0728759765625
261243,43,0.4883720930232558,0.33461689949035645,0.4932698905467987,14.933329582214355,771.04248046875
261244,54,0.6481481481481481,0.2018199861049652,0.48017391562461853,13.15199089050293,1048.8060302734375
261245,33,0.5454545454545454,0.3733586072921753,0.4966396689414978,10.4955415725708,710.5825805664062
261246,100,0.46,0.010471033863723278,0.533145546913147,7.139542102813721,751.8956298828125
261247,100,0.47,-0.07017331570386887,0.5009331703186035,3.3075482845306396,388.22467041015625
261248,32,0.5625,0.4182465076446533,0.3634065091609955,18.812721252441406,1574.23095703125
261249,59,0.559322033898305,0.06574380397796631,0.47271573543548584,6.800796985626221,1072.2711181640625
261250,14,0.5714285714285714,0.22203592956066132,0.4071669578552246,3.8130390644073486,761.5870971679688
261251,50,0.32,0.27227458357810974,0.5130672454833984,13.329524993896484,885.5169677734375
261252,100,0.53,0.20292583107948303,0.4765011668205261,18.278640747070312,1325.4166259765625
261253,95,0.5157894736842106,0.11952763795852661,0.5171381235122681,13.137261390686035,1252.3062744140625
261254,73,0.589041095890411,0.09000756591558456,0.40854424238204956,13.1979398727417,1470.633544921875
261255,64,0.46875,0.31104186177253723,0.4560863971710205,13.114633560180664,1102.9888916015625
261256,32,0.59375,0.21485504508018494,0.5776960253715515,8.800009727478027,1250.8564453125
261257,100,0.49,0.06129295006394386,0.4739685356616974,4.592229843139648,1136.6011962890625
261258,100,0.53,0.10197024792432785,0.4407818019390106,14.603446006774902,585.7233276367188
261259,88,0.5681818181818182,0.14774110913276672,0.44536805152893066,13.605385780334473,1271.839111328125
261260,46,0.5434782608695652,0.20937971770763397,0.48578688502311707,13.526420593261719,1977.156005859375
261261,100,0.47,0.08258379250764847,0.4496496617794037,8.959863662719727,1047.7779541015625
261262,51,0.5098039215686274,0.30783435702323914,0.42832550406455994,17.548337936401367,1066.4276123046875
261263,100,0.48,0.15900301933288574,0.48446205258369446,22.484907150268555,731.0661010742188
261264,88,0.5340909090909091,0.12749482691287994,0.5429002046585083,13.700139999389648,1819.207275390625
261265,54,0.5740740740740741,0.20826351642608643,0.540309727191925,14.68726921081543,1370.50634765625
261266,75,0.4666666666666667,0.21410106122493744,0.5522767901420593,20.29510498046875,825.7090454101562
261267,100,0.46,0.04384075105190277,0.5314546227455139,10.87207317352295,1343.6959228515625
261268,100,0.43,-0.007691847626119852,0.5361601114273071,3.5528430938720703,1228.1981201171875
261269,50,0.54,0.27621424198150635,0.5342112183570862,14.995508193969727,2193.2265625
261270,48,0.5,0.29971906542778015,0.5345017313957214,16.399986267089844,1900.977783203125
261271,61,0.5737704918032787,0.2403639703989029,0.5285114645957947,14.473210334777832,386.2337951660156
261272,19,0.631578947368421,0.24977773427963257,0.5287466049194336,4.928478240966797,663.8272705078125
261273,57,0.45614035087719296,0.14362932741641998,0.45243141055107117,5.010024070739746,794.4002075195312
261274,26,0.4230769230769231,0.48465585708618164,0.32616692781448364,8.155588150024414,840.8115234375
261275,83,0.4939759036144578,0.08775164186954498,0.5382977724075317,11.464822769165039,423.8219909667969
261276,84,0.4523809523809524,0.18375958502292633,0.4227839708328247,11.192732810974121,938.3751831054688
261277,71,0.5070422535211268,0.14299769699573517,0.5286657214164734,8.432661056518555,649.5101928710938
261278,100,0.53,0.0006874102400615811,0.4954969882965088,8.860672950744629,148.32992553710938
261279,100,0.47,-0.02512802928686142,0.5621057152748108,6.329712390899658,1501.460693359375
261280,94,0.5425531914893617,0.1110786721110344,0.44912856817245483,10.68880558013916,1205.607666015625
261281,99,0.46464646464646464,0.024482255801558495,0.4679794907569885,5.93701171875,1532.391845703125
261282,100,0.49,-0.1685282289981842,0.5094318985939026,1.8891083002090454,1300.0740966796875
261283,100,0.61,0.0026828295085579157,0.38307738304138184,13.487902641296387,1608.712646484375
261284,100,0.56,0.03616953641176224,0.5165744423866272,10.464849472045898,752.1260375976562
261285,15,0.4666666666666667,0.2851680815219879,0.4976499080657959,3.272705554962158,1522.2806396484375
261286,100,0.36,0.04928027093410492,0.4731783866882324,7.102138519287109,1333.454345703125
261287,92,0.41304347826086957,0.20562629401683807,0.4696929454803467,23.930017471313477,2188.19580078125
261288,85,0.5529411764705883,0.028180422261357307,0.4390358030796051,5.594089508056641,772.5017700195312
261289,40,0.55,0.20050616562366486,0.6589699983596802,12.900113105773926,916.967041015625
261290,100,0.5,0.06227371096611023,0.5156421065330505,8.069012641906738,1135.2042236328125
261291,40,0.575,0.026549961417913437,0.5172563195228577,2.6407132148742676,649.8986206054688
261292,100,0.49,-0.0968995988368988,0.4779185354709625,2.4697957038879395,713.675048828125
261293,19,0.42105263157894735,0.3916934132575989,0.4865760803222656,6.717698097229004,768.383056640625
261294,75,0.5333333333333333,0.1582498997449875,0.4502512216567993,13.837446212768555,1121.069580078125
261295,100,0.45,-0.03298637643456459,0.5497983694076538,2.2267608642578125,926.3428955078125
261296,100,0.53,-0.039542004466056824,0.5543549060821533,4.73192834854126,239.68734741210938
261297,12,0.5,0.4089878797531128,0.36269333958625793,6.838043212890625,407.50299072265625
261298,37,0.7567567567567568,0.25396260619163513,0.41452252864837646,14.392756462097168,1016.9605102539062
261299,27,0.5555555555555556,0.1612040102481842,0.5780138373374939,7.7799153327941895,1076.061279296875
261300,73,0.547945205479452,0.14797799289226532,0.5128526091575623,15.6586275100708,1999.0587158203125
261301,100,0.5,-0.042934659868478775,0.5329849123954773,4.019491195678711,642.7611694335938
261302,100,0.52,0.0491156168282032,0.5020111203193665,9.028407096862793,1111.02392578125
261303,40,0.525,0.16783788800239563,0.41703522205352783,10.63735580444336,1056.7044677734375
261304,100,0.49,0.0569351390004158,0.48601698875427246,9.663976669311523,1040.99072265625
261305,80,0.5625,0.09572455286979675,0.4046250283718109,13.802838325500488,1537.9720458984375
261306,100,0.51,0.03662428259849548,0.5431697964668274,6.583469390869141,931.8021850585938
261307,100,0.53,-0.08332343399524689,0.5262140035629272,3.635258197784424,539.1827392578125
261308,62,0.5161290322580645,0.23548784852027893,0.46412086486816406,13.480703353881836,747.3402099609375
261309,100,0.51,0.11458995193243027,0.4910504221916199,11.39777946472168,1313.95751953125
261310,25,0.48,0.27703216671943665,0.6007505059242249,9.571186065673828,1530.71533203125
261311,24,0.375,0.17103606462478638,0.5649957060813904,3.752110719680786,1835.734619140625
261312,100,0.56,-0.1527794748544693,0.42407217621803284,1.504323124885559,575.4517211914062
261313,20,0.6,0.2725021541118622,0.38356444239616394,7.8760666847229,1956.1409912109375
261314,100,0.44,-0.06633752584457397,0.47162672877311707,5.577894687652588,1242.6439208984375
261315,56,0.44642857142857145,0.08051241934299469,0.4958583414554596,6.106078624725342,980.710693359375
261316,100,0.59,0.012254683300852776,0.5074881315231323,10.438632011413574,827.2822875976562
261317,50,0.48,0.3166062533855438,0.5789768695831299,16.805316925048828,1564.36474609375
261318,26,0.6923076923076923,0.4185381531715393,0.6384896039962769,16.04669952392578,976.4165649414062
261319,25,0.64,0.5261735916137695,0.6627206206321716,17.717050552368164,1560.556396484375
261320,77,0.37662337662337664,0.10796956717967987,0.4898141324520111,11.062631607055664,1374.75537109375
261321,20,0.55,0.42489081621170044,0.588024377822876,8.444757461547852,1301.3187255859375
261322,100,0.41,-0.02438143454492092,0.5384976863861084,4.822627067565918,343.4223937988281
261323,100,0.5,0.11484718322753906,0.5676250457763672,19.765098571777344,1793.3101806640625
261324,18,0.4444444444444444,0.007228203117847443,0.5539518594741821,1.9030183553695679,318.73040771484375
261325,36,0.5,0.445609986782074,0.5320466756820679,13.211785316467285,846.1243896484375
261326,77,0.42857142857142855,-0.04319768399000168,0.5744576454162598,3.4506571292877197,293.35919189453125
261327,38,0.631578947368421,0.037216681987047195,0.39235588908195496,8.424248695373535,1533.5811767578125
261328,100,0.52,0.08105804026126862,0.5432229042053223,13.790146827697754,1135.4847412109375
261329,52,0.40384615384615385,0.2096269726753235,0.47656649351119995,9.737595558166504,936.6950073242188
261330,73,0.5616438356164384,0.13686569035053253,0.4538986384868622,11.177721977233887,1470.2501220703125
261331,87,0.5862068965517241,0.04393739253282547,0.5749540328979492,9.310165405273438,1696.16357421875
261332,44,0.5,0.10120713710784912,0.4485675096511841,3.842003583908081,1373.34619140625
261333,54,0.5925925925925926,0.2635917663574219,0.5285170674324036,13.80409049987793,1784.6636962890625
261334,100,0.45,0.023534422740340233,0.5158169865608215,13.744362831115723,815.1614990234375
261335,53,0.5094339622641509,0.24470701813697815,0.49407142400741577,12.061935424804688,1490.594970703125
261336,80,0.575,0.09133561700582504,0.5358899235725403,11.654876708984375,1107.091796875
261337,66,0.5303030303030303,0.19703753292560577,0.4367714524269104,11.936555862426758,266.8844909667969
261338,32,0.6875,0.31574633717536926,0.44203487038612366,14.71290397644043,1883.8514404296875
261339,100,0.5,0.046804022043943405,0.5125437378883362,13.054067611694336,1453.0416259765625
261340,94,0.44680851063829785,0.1745995730161667,0.4568851590156555,14.400151252746582,983.1127319335938
261341,30,0.5666666666666667,0.316038578748703,0.4803493916988373,12.84101676940918,1430.6475830078125
261342,5,1.0,0.7679585218429565,,9.76656723022461,464.388916015625
261343,64,0.640625,0.07511867582798004,0.43647053837776184,6.468052864074707,1241.230712890625
261344,24,0.375,0.2849980294704437,0.5738092660903931,3.3821170330047607,742.061767578125
261345,100,0.5,0.05622084438800812,0.5653111934661865,6.352606773376465,1006.178955078125
261346,53,0.41509433962264153,0.1436357945203781,0.5159522891044617,7.424243927001953,652.4856567382812
261347,100,0.56,0.01788507029414177,0.5099999904632568,8.840800285339355,217.19508361816406
261348,50,0.58,0.21760988235473633,0.5173686146736145,12.503425598144531,1085.2752685546875
261349,100,0.51,0.14112913608551025,0.541999101638794,14.795269012451172,1647.7796630859375
261350,100,0.51,0.09117376804351807,0.5267201662063599,12.877541542053223,826.7709350585938
261351,100,0.5,0.10508950054645538,0.5559991002082825,10.408975601196289,1320.2890625
261352,100,0.5,0.026309695094823837,0.5294833183288574,9.084622383117676,826.7777709960938
261353,100,0.44,-0.026630057021975517,0.5685141682624817,4.1640543937683105,755.7366943359375
261354,100,0.36,-0.03804900497198105,0.4861713945865631,3.493077278137207,1092.5390625
261355,86,0.4418604651162791,0.10223168134689331,0.5396316051483154,6.9261040687561035,1475.2034912109375
261356,100,0.5,0.03831123188138008,0.5722169280052185,4.468757152557373,1537.7386474609375
261357,78,0.44871794871794873,0.16783034801483154,0.5421599745750427,10.139500617980957,2106.604736328125
261358,48,0.4375,0.13004039227962494,0.5808275938034058,5.829037189483643,1134.3203125
261359,77,0.5324675324675324,0.10905473679304123,0.46144554018974304,9.228997230529785,1014.7760009765625
261360,70,0.4857142857142857,0.10490087419748306,0.5569226741790771,12.78636646270752,2133.16259765625
261361,100,0.49,0.04286003112792969,0.4803701937198639,5.111322402954102,678.0096435546875
261362,46,0.5434782608695652,0.2574957311153412,0.42299312353134155,14.63347339630127,1653.78662109375
261363,81,0.4074074074074074,0.14761947095394135,0.45489200949668884,10.69001579284668,909.0103759765625
261364,35,0.7142857142857143,0.1581464558839798,0.45509248971939087,8.642794609069824,1746.4166259765625
261365,100,0.53,0.005776465870440006,0.4750930368900299,6.934408187866211,1012.3937377929688
261366,48,0.5,0.16970209777355194,0.4238438308238983,12.062674522399902,1850.258544921875
261367,100,0.51,-0.15129226446151733,0.6207222938537598,2.3843555450439453,775.9283447265625
261368,100,0.35,0.08531215786933899,0.5993415117263794,5.6507368087768555,771.5804443359375
261369,36,0.5,0.34842488169670105,0.44911274313926697,13.881463050842285,1983.7174072265625
261370,48,0.5,0.24950623512268066,0.4698229730129242,14.018318176269531,1369.58837890625
261371,48,0.5833333333333334,0.140164315700531,0.5146497488021851,12.825812339782715,1138.6556396484375
261372,100,0.5,0.11615003645420074,0.5423249006271362,9.653162002563477,1004.6978149414062
261373,36,0.3611111111111111,0.06847936660051346,0.45348334312438965,3.589266538619995,1242.7598876953125
261374,100,0.43,-0.05155709758400917,0.5679196715354919,3.990764856338501,945.3231201171875
261375,100,0.51,-0.05174151435494423,0.5906744003295898,4.8032097816467285,909.02978515625
261376,100,0.58,-0.2253011018037796,0.4418862760066986,4.505309581756592,566.003173828125
261377,100,0.43,-0.08138030767440796,0.5245412588119507,2.5077953338623047,755.8080444335938
261378,100,0.45,-0.0049044289626181126,0.4840487837791443,4.835386753082275,658.8147583007812
261379,100,0.51,0.035422299057245255,0.5465636253356934,6.103639125823975,621.1865844726562
261380,100,0.63,-0.06668730080127716,0.5164145231246948,2.104734420776367,660.6453247070312
261381,100,0.51,0.028741512447595596,0.530366837978363,6.912961006164551,1140.364990234375
261382,47,0.48936170212765956,0.1789916306734085,0.48712828755378723,10.007736206054688,1178.175537109375
261383,100,0.47,-0.07283381372690201,0.5293281674385071,2.618227005004883,1409.8099365234375
261384,100,0.37,-0.12492481619119644,0.5942151546478271,1.5086091756820679,421.40753173828125
261385,100,0.44,-0.0114996787160635,0.46410199999809265,4.727354526519775,1021.1549072265625
261386,30,0.6333333333333333,0.20032383501529694,0.4887079894542694,6.151297092437744,1334.4744873046875
261387,48,0.4791666666666667,0.32020363211631775,0.40270233154296875,17.29547119140625,1523.26220703125
261388,100,0.59,-0.09646734595298767,0.43649017810821533,3.820611000061035,1219.7879638671875
261389,100,0.46,0.1494707614183426,0.48435038328170776,13.576096534729004,1268.2098388671875
261390,100,0.54,0.03744874149560928,0.5148072242736816,12.51284408569336,1550.270263671875
261391,80,0.4625,0.07150952517986298,0.4667341411113739,9.661211967468262,1485.7529296875
261392,100,0.44,0.07085257023572922,0.5241850018501282,16.48114585876465,292.5687561035156
261393,37,0.4594594594594595,0.15911413729190826,0.34849727153778076,5.7360992431640625,1007.9847412109375
261394,100,0.52,0.055902428925037384,0.4989340007305145,6.140705585479736,1033.1134033203125
261395,100,0.46,0.047472067177295685,0.5955963730812073,6.182403087615967,550.5126342773438
261396,60,0.5,0.01902921125292778,0.47231611609458923,3.0981338024139404,573.843017578125
261397,100,0.53,-0.05655756965279579,0.5417235493659973,3.4286293983459473,223.26242065429688
261398,100,0.48,-0.14504273235797882,0.5259748101234436,1.7870700359344482,1176.7354736328125
261399,36,0.5833333333333334,0.11301413178443909,0.5442651510238647,6.0716423988342285,1708.3511962890625
261400,15,0.4,0.20739714801311493,0.5051636099815369,2.8324193954467773,1301.0904541015625
261401,92,0.5,0.23345652222633362,0.4776163101196289,16.129772186279297,1400.831787109375
261402,33,0.5757575757575758,0.2844124436378479,0.7047316431999207,16.86699104309082,1685.370361328125
261403,100,0.43,0.011516227386891842,0.5309965014457703,6.583379745483398,1339.361572265625
261404,100,0.51,-0.12979033589363098,0.49117398262023926,2.8723888397216797,859.4818725585938
261405,100,0.44,-0.07498255372047424,0.5537227392196655,4.742517471313477,730.823486328125
261406,58,0.5344827586206896,0.03655366599559784,0.44164013862609863,7.974981784820557,1160.2080078125
261407,33,0.5454545454545454,0.25207602977752686,0.6170092225074768,13.049636840820312,1212.4365234375
261408,100,0.55,-0.07818147540092468,0.5027201771736145,3.7199816703796387,1052.7967529296875
261409,100,0.52,-0.15675537288188934,0.5507028102874756,0.8913154602050781,1840.4151611328125
261410,27,0.6666666666666666,0.03444071114063263,0.59788578748703,4.264153003692627,1609.3648681640625
261411,86,0.5116279069767442,0.01562453806400299,0.5387859344482422,8.439180374145508,1270.02490234375
261412,100,0.5,0.0061700111255049706,0.4637300968170166,3.6287267208099365,704.8087768554688
261413,100,0.53,-0.13249802589416504,0.5120723247528076,2.30926513671875,1070.6519775390625
261414,100,0.6,-0.1214141845703125,0.5002886056900024,2.3188610076904297,1155.4361572265625
261415,25,0.56,0.10173583775758743,0.4336050748825073,7.101733207702637,1488.123779296875
261416,61,0.4262295081967213,0.01882045343518257,0.43490827083587646,6.868383884429932,672.936767578125
261417,69,0.5652173913043478,0.032523248344659805,0.36089611053466797,5.997691631317139,1231.4810791015625
261418,21,0.5238095238095238,0.32428139448165894,0.5092840194702148,8.121749877929688,907.51953125
261419,100,0.46,-0.09904681146144867,0.519914448261261,1.8175036907196045,758.0755615234375
261420,100,0.49,-0.06731514632701874,0.48023879528045654,5.382901191711426,1642.055419921875
261421,100,0.5,-0.135710209608078,0.5220773220062256,2.6295294761657715,323.9363098144531
261422,100,0.51,-0.12400488555431366,0.5077057480812073,2.041632890701294,1503.05224609375
261423,100,0.54,-0.0887061059474945,0.5057947039604187,2.83829402923584,1536.6959228515625
261424,100,0.5,-0.18764153122901917,0.5084236264228821,2.459226131439209,1110.8707275390625
261425,100,0.48,-0.269507497549057,0.5469828248023987,1.647294521331787,524.5391235351562
261426,100,0.43,-0.14634975790977478,0.543032705783844,3.1375842094421387,1213.3555908203125
261427,100,0.53,-0.2719326615333557,0.4876660406589508,1.501950979232788,1554.846923828125
261428,100,0.42,0.06624922156333923,0.5008490085601807,9.667374610900879,484.8929443359375
261429,100,0.58,0.013123520649969578,0.5450659990310669,5.1522674560546875,1152.026123046875
261430,100,0.49,-0.11239690333604813,0.5175639986991882,3.1370019912719727,592.39208984375
261431,63,0.5238095238095238,0.01232995092868805,0.4778518080711365,3.7294230461120605,1136.659423828125
261432,100,0.53,-0.14363932609558105,0.4722769260406494,1.7163574695587158,715.576171875
261433,100,0.5,0.005886307451874018,0.5281292796134949,5.726067066192627,1899.82080078125
261434,100,0.44,-0.08586948364973068,0.54334956407547,3.166328191757202,646.7930297851562
261435,52,0.5769230769230769,0.22573553025722504,0.3875586688518524,14.976969718933105,1676.8883056640625
261436,100,0.48,-0.10559350252151489,0.487211674451828,3.7422070503234863,817.4202880859375
261437,70,0.4857142857142857,0.17564360797405243,0.49429428577423096,12.71865177154541,1869.33056640625
261438,100,0.41,0.07082716375589371,0.5362247228622437,10.90024185180664,716.07666015625
261439,62,0.45161290322580644,0.2400146871805191,0.47498345375061035,18.565462112426758,983.2142333984375
261440,18,0.6666666666666666,0.38194242119789124,0.4782361090183258,9.472637176513672,842.4242553710938
261441,55,0.5636363636363636,0.12036197632551193,0.4653436839580536,10.554079055786133,1397.9063720703125
261442,41,0.5365853658536586,0.3142494261264801,0.5535030961036682,19.237239837646484,1042.9559326171875
261443,13,0.6923076923076923,0.5270003080368042,0.4129292666912079,10.23758316040039,1200.93115234375
261444,48,0.5833333333333334,0.2928037643432617,0.46622610092163086,22.050521850585938,1414.007080078125
261445,58,0.5862068965517241,0.09669119864702225,0.42809996008872986,10.517606735229492,855.2776489257812
261446,64,0.53125,0.13958092033863068,0.44454601407051086,12.380366325378418,1350.702880859375
261447,43,0.5348837209302325,0.2590906023979187,0.5144854187965393,18.404518127441406,1059.9661865234375
261448,45,0.4666666666666667,0.10462597757577896,0.47059670090675354,6.764526844024658,1316.5445556640625
261449,38,0.5526315789473685,0.22268377244472504,0.5382567048072815,13.589186668395996,1303.3485107421875
261450,22,0.45454545454545453,0.46875008940696716,0.46317020058631897,7.088796615600586,1278.12109375
261451,65,0.5846153846153846,0.1166146770119667,0.42127594351768494,10.818474769592285,1492.7266845703125
261452,100,0.44,-0.03574298694729805,0.536639392375946,5.304715156555176,1245.458740234375
261453,100,0.52,-0.11398371309041977,0.6108275651931763,3.2259740829467773,868.3858032226562
261454,75,0.4666666666666667,0.06400890648365021,0.49643364548683167,9.6497802734375,1166.730224609375
261455,46,0.6086956521739131,0.19732309877872467,0.49460411071777344,13.668669700622559,1717.5333251953125
261456,100,0.56,0.022423241287469864,0.5426812767982483,4.847081661224365,610.558837890625
261457,6,0.16666666666666666,0.8249185681343079,0.4612354636192322,2.749728202819824,637.47119140625
261458,12,0.3333333333333333,0.4105173349380493,0.37064993381500244,2.7497427463531494,858.8580932617188
261459,100,0.57,-0.03885550796985626,0.529264509677887,3.8532555103302,593.3215942382812
261460,100,0.48,0.04845065250992775,0.5075066089630127,6.3717193603515625,870.0509033203125
261461,10,0.5,0.43265342712402344,0.5952606797218323,5.997586727142334,1340.94677734375
261462,100,0.43,0.03623032569885254,0.5310462713241577,5.4895429611206055,1283.70751953125
261463,39,0.5641025641025641,0.24107903242111206,0.418377548456192,15.741015434265137,1023.9002685546875
261464,44,0.5681818181818182,0.21765966713428497,0.4405062794685364,11.693459510803223,1705.9664306640625
261465,14,0.6428571428571429,0.3468354344367981,0.6675093770027161,3.7085211277008057,1358.2484130859375
261466,100,0.58,0.06589223444461823,0.46968787908554077,11.438981056213379,1353.650146484375
261467,100,0.59,0.07934712618589401,0.5145409107208252,19.69523811340332,950.5530395507812
261468,77,0.4025974025974026,0.13319244980812073,0.41452696919441223,6.871647834777832,1464.474609375
261469,100,0.51,0.045604921877384186,0.5199824571609497,11.370657920837402,1374.53369140625
261470,100,0.44,-0.1739412546157837,0.4832986295223236,1.4015651941299438,309.5625305175781
261471,100,0.57,0.012486401945352554,0.5003654360771179,8.870512962341309,614.0128784179688
261472,100,0.54,-0.015831755474209785,0.5258698463439941,5.725106239318848,1048.18603515625
261473,94,0.4574468085106383,0.0012144901556894183,0.4624611735343933,8.411123275756836,891.0892333984375
261474,100,0.5,0.08858482539653778,0.49629807472229004,11.885998725891113,1063.3729248046875
261475,100,0.56,0.0625288262963295,0.536698579788208,7.5142011642456055,462.15185546875
261476,100,0.56,-0.08291584998369217,0.54042649269104,4.898643970489502,972.9071655273438
261477,100,0.56,0.10323449224233627,0.5170465707778931,19.146831512451172,1233.345458984375
261478,83,0.43373493975903615,0.06460659950971603,0.5189701914787292,9.544811248779297,1191.1044921875
261479,100,0.46,0.011174268089234829,0.46247953176498413,6.959406852722168,1484.1878662109375
261480,100,0.51,0.08808623999357224,0.5317749977111816,9.4121675491333,433.8543395996094
261481,100,0.49,-0.0795779824256897,0.5051151514053345,3.6794488430023193,1202.274169921875
261482,100,0.5,-0.010992242954671383,0.4455798268318176,7.488295078277588,154.4935760498047
261483,89,0.550561797752809,0.10607403516769409,0.42643022537231445,12.78109359741211,1965.4915771484375
261484,59,0.4406779661016949,0.21509264409542084,0.45335274934768677,10.943809509277344,602.0250244140625
261485,100,0.41,-0.029652005061507225,0.5068796277046204,7.7048869132995605,522.0894775390625
261486,100,0.53,0.04556725174188614,0.5399802327156067,8.820125579833984,868.3348388671875
261487,100,0.57,0.01911291666328907,0.5574157238006592,10.316947937011719,583.15234375
261488,100,0.46,0.030725447461009026,0.573091447353363,10.843242645263672,527.04345703125
261489,45,0.37777777777777777,0.3163454830646515,0.5138676762580872,15.137547492980957,1228.4520263671875
261490,100,0.43,-0.07450897246599197,0.492435097694397,4.420222282409668,1122.81494140625
261491,100,0.51,-0.2612300217151642,0.6083585023880005,1.0211139917373657,1010.9900512695312
261492,57,0.49122807017543857,0.12322741746902466,0.5613582730293274,5.698007106781006,891.9315795898438
261493,100,0.57,0.09976141899824142,0.4600924551486969,19.629487991333008,920.2479858398438
261494,84,0.5476190476190477,0.04088641330599785,0.44676488637924194,5.630495071411133,2071.518310546875
261495,100,0.47,-0.02042532153427601,0.5876689553260803,11.73896598815918,933.2590942382812
261496,100,0.56,0.05825406312942505,0.4911647140979767,11.76330852508545,544.5493774414062
261497,31,0.45161290322580644,0.34428825974464417,0.5391173362731934,10.560964584350586,887.8713989257812
261498,100,0.5,-0.042120661586523056,0.4648439288139343,4.259247303009033,546.3057861328125
261499,100,0.51,-0.22279511392116547,0.4204082190990448,1.127392292022705,1525.839599609375
261500,63,0.6507936507936508,0.08089689165353775,0.5797557830810547,10.01173210144043,1653.6856689453125
261501,100,0.47,-0.1619928628206253,0.5397328734397888,2.363380193710327,827.0491333007812
261502,100,0.51,-0.17350181937217712,0.48878762125968933,1.6107683181762695,530.5887451171875
261503,100,0.46,0.06243952363729477,0.5600457787513733,8.43234634399414,712.9959716796875
261504,100,0.44,-0.04174219071865082,0.4667889177799225,4.6004743576049805,1202.2584228515625
261505,52,0.5384615384615384,0.054777055978775024,0.540468156337738,7.627045631408691,1673.703857421875
261506,100,0.47,-0.2514948844909668,0.4929955303668976,1.1603294610977173,1125.079833984375
261507,100,0.42,-0.06657242774963379,0.4770766496658325,1.8177255392074585,1239.911865234375
261508,100,0.45,-0.03613722696900368,0.5001320838928223,7.112053871154785,616.3326416015625
261509,29,0.6551724137931034,0.28671592473983765,0.41370025277137756,13.579399108886719,1413.80908203125
261510,100,0.48,-0.06536877155303955,0.5692681074142456,4.601123809814453,784.9525756835938
261511,100,0.5,0.056545235216617584,0.4901306927204132,8.21451187133789,548.5750122070312
261512,18,0.6111111111111112,0.18036706745624542,0.4318108856678009,8.193862915039062,459.26513671875
261513,100,0.52,-0.08779335021972656,0.5152168869972229,4.282424449920654,316.73809814453125
261514,100,0.5,0.1501629501581192,0.43195149302482605,11.347002983093262,2064.232666015625
261515,100,0.45,-0.030692996457219124,0.5081040263175964,5.17912483215332,1814.9310302734375
261516,62,0.43548387096774194,0.14547808468341827,0.49153539538383484,3.7632460594177246,820.4420776367188
261517,12,0.3333333333333333,0.7572259902954102,0.4904634356498718,6.598894119262695,818.534423828125
261518,54,0.6296296296296297,0.19369865953922272,0.43751198053359985,10.920387268066406,1884.485595703125
261519,100,0.46,-0.0024830668698996305,0.5428357720375061,9.4424409866333,814.1290283203125
261520,100,0.52,-0.008615119382739067,0.4968947172164917,6.080223560333252,1247.6883544921875
261521,100,0.5,-0.018050899729132652,0.5493268370628357,8.044004440307617,682.9052734375
261522,31,0.6451612903225806,0.3848550021648407,0.49023446440696716,13.12114429473877,797.0447387695312
261523,14,0.7857142857142857,0.29363885521888733,0.8332988619804382,6.885176658630371,721.5093994140625
261524,100,0.47,0.0747387483716011,0.5131233930587769,10.954970359802246,1330.1492919921875
261525,100,0.55,-0.12103462964296341,0.44800710678100586,1.9954125881195068,671.3314208984375
261526,100,0.42,-0.044582054018974304,0.4615424871444702,2.6306698322296143,476.3061218261719
261527,100,0.52,-0.07089440524578094,0.5544984936714172,3.231555461883545,890.1275024414062
261528,22,0.6818181818181818,0.40366092324256897,0.3726130425930023,14.02976131439209,1787.4420166015625
261529,100,0.51,-0.09554077684879303,0.549703061580658,2.142390489578247,1181.626220703125
261530,100,0.49,0.08824809640645981,0.5462744235992432,8.450695991516113,641.1717529296875
261531,8,0.5,0.5755844116210938,0.4294254183769226,6.59823751449585,1158.6044921875
261532,16,0.375,0.6073931455612183,0.5834692120552063,7.2258100509643555,518.73681640625
261533,100,0.47,-0.23231141269207,0.5130937099456787,0.9294652342796326,542.7449951171875
261534,100,0.52,-0.039382968097925186,0.5263864398002625,5.182487964630127,545.3414306640625
261535,100,0.5,-0.16616582870483398,0.48113083839416504,1.4573537111282349,960.9287719726562
261536,100,0.49,-0.04440326616168022,0.4977722465991974,4.857275009155273,450.3783264160156
261537,98,0.41836734693877553,0.10431946814060211,0.47463950514793396,7.802236080169678,1811.4197998046875
261538,38,0.47368421052631576,0.12531842291355133,0.4927358031272888,3.7465620040893555,1994.0677490234375
261539,100,0.47,-0.058040451258420944,0.6254656314849854,3.4839773178100586,595.1903076171875
261540,100,0.5,-0.10297885537147522,0.5363113880157471,3.947326898574829,1226.3638916015625
261541,100,0.55,0.005858832038938999,0.5633634924888611,5.232426643371582,1046.9239501953125
261542,77,0.5064935064935064,0.0944286361336708,0.462532639503479,7.7587714195251465,1108.3675537109375
261543,52,0.4807692307692308,0.04078315198421478,0.5093783140182495,9.288148880004883,1280.8936767578125
261544,58,0.5517241379310345,0.09150509536266327,0.4946289658546448,15.439598083496094,762.820556640625
261545,100,0.51,-0.045369185507297516,0.5457558631896973,4.967329978942871,299.3558654785156
261546,100,0.49,-0.007315539754927158,0.5363896489143372,4.067184925079346,931.9715576171875
261547,100,0.51,-0.047441523522138596,0.5207160711288452,4.499633312225342,366.2321472167969
261548,100,0.49,-0.12741851806640625,0.5698167681694031,2.255131483078003,1164.0260009765625
261549,100,0.42,0.04347318783402443,0.5071014165878296,5.625201225280762,1496.8873291015625
261550,100,0.52,-0.010857529006898403,0.5219762325286865,6.299475193023682,692.0775146484375
261551,100,0.54,0.08021488040685654,0.5588608980178833,11.267184257507324,1440.2056884765625
261552,54,0.48148148148148145,-0.04169348627328873,0.5217521786689758,2.1934597492218018,1329.7396240234375
261553,100,0.53,-0.024676255881786346,0.5386925339698792,4.168426036834717,1864.520751953125
261554,100,0.47,-0.07853489369153976,0.5147331953048706,1.9672421216964722,1463.0689697265625
261555,100,0.47,-0.014770789071917534,0.5703426003456116,8.293437004089355,1325.8167724609375
261556,100,0.41,-0.1298358142375946,0.5219579339027405,1.7495083808898926,1348.6181640625
261557,100,0.43,-0.1280098706483841,0.6204236149787903,2.4577770233154297,751.3385620117188
261558,100,0.45,0.02000010758638382,0.5444831252098083,10.297911643981934,364.3754577636719
261559,100,0.44,0.16970588266849518,0.5585423111915588,17.630218505859375,464.8135681152344
261560,100,0.47,-0.011641565710306168,0.5406250357627869,4.771011829376221,1229.16845703125
261561,100,0.52,-0.23565083742141724,0.4815068244934082,1.0301228761672974,1347.936279296875
261562,100,0.58,-0.057935357093811035,0.5086750984191895,3.4699840545654297,947.429443359375
261563,34,0.5588235294117647,-0.06060019135475159,0.4112504720687866,2.1723248958587646,1081.3809814453125
261564,100,0.58,-0.0015643464867025614,0.501419186592102,4.473146915435791,442.9110107421875
261565,78,0.44871794871794873,-0.03141140565276146,0.5270652770996094,3.572443962097168,345.69793701171875
261566,100,0.57,0.005342478398233652,0.5121269822120667,10.106742858886719,1008.0803833007812
261567,100,0.46,0.09830541908740997,0.4943321645259857,10.921910285949707,1905.7965087890625
261568,31,0.4838709677419355,0.08464602380990982,0.6114515066146851,3.369584560394287,526.689208984375
261569,10,0.7,0.37941858172416687,0.5481345057487488,4.9921441078186035,1040.2833251953125
261570,100,0.53,-0.09803003817796707,0.4589333236217499,2.530909299850464,921.4885864257812
261571,100,0.48,-0.15081985294818878,0.5111518502235413,2.3645641803741455,623.0409545898438
261572,100,0.37,-0.06174527108669281,0.46258947253227234,3.4049429893493652,1486.0443115234375
261573,100,0.62,0.015055907890200615,0.5533072352409363,6.464271068572998,1297.9718017578125
261574,67,0.5373134328358209,0.026752041652798653,0.5110715627670288,9.65766429901123,921.2063598632812
261575,100,0.45,0.05690561234951019,0.46420666575431824,14.425012588500977,446.2463073730469
261576,99,0.5353535353535354,-0.09564964473247528,0.521187961101532,3.5516014099121094,1037.9022216796875
261577,100,0.41,0.0647977963089943,0.579007089138031,5.421602249145508,814.1726684570312
261578,100,0.42,0.0768926739692688,0.5067487359046936,7.1479010581970215,1042.3568115234375
261579,83,0.4819277108433735,-0.07933219522237778,0.5304550528526306,2.7391393184661865,1151.0985107421875
261580,100,0.58,-0.113907590508461,0.499454140663147,3.4536168575286865,440.4287109375
261581,100,0.38,0.026474351063370705,0.5470231175422668,4.657773971557617,870.2252197265625
261582,100,0.35,-0.12156645953655243,0.5215771794319153,3.120068311691284,605.650146484375
261583,88,0.5227272727272727,0.10481865704059601,0.4405786991119385,10.544790267944336,1675.9759521484375
261584,100,0.5,0.007307782303541899,0.6034943461418152,7.703668117523193,1639.88134765625
261585,100,0.42,0.02454395592212677,0.4917808175086975,5.374533176422119,413.5732116699219
261586,12,0.25,-0.02931104600429535,0.5051352977752686,0.34458181262016296,879.3235473632812
261587,100,0.52,-0.02346242405474186,0.5041379928588867,3.6127374172210693,402.6643371582031
261588,83,0.46987951807228917,0.041659899055957794,0.5132342576980591,5.078578472137451,1453.072998046875
261589,100,0.49,0.014569436199963093,0.4437825679779053,11.758291244506836,1168.46826171875
261590,100,0.49,-0.11330489069223404,0.5073317885398865,3.3251404762268066,1040.140625
261591,100,0.57,-0.01162036880850792,0.47435781359672546,4.640592575073242,635.747314453125
261592,100,0.5,-0.21450035274028778,0.5311110019683838,1.8329575061798096,662.8247680664062
261593,100,0.45,-0.1867368519306183,0.5509732365608215,1.6876771450042725,1380.5723876953125
261594,100,0.45,-0.034674957394599915,0.5031408071517944,3.929103136062622,822.9462280273438
261595,4,0.5,0.16600526869297028,0.4589161276817322,1.273164987564087,650.7753295898438
261596,100,0.48,-0.12156996130943298,0.4618507921695709,2.1882619857788086,1051.81689453125
261597,100,0.51,0.045838337391614914,0.5379511117935181,4.986615180969238,322.8448181152344
261598,100,0.46,0.011817799881100655,0.5050761699676514,3.0660881996154785,1195.5023193359375
261599,100,0.53,-0.0716351717710495,0.5273101329803467,6.207901477813721,1388.3653564453125
261600,100,0.53,0.0012160376645624638,0.4877557158470154,7.558773040771484,1119.9244384765625
261601,64,0.5,0.17955662310123444,0.4605841040611267,13.406408309936523,927.157470703125
261602,100,0.47,0.01283858809620142,0.49729278683662415,5.842494010925293,780.57080078125
261603,79,0.5063291139240507,0.1040000319480896,0.4978722929954529,7.453457832336426,1151.57763671875
261604,49,0.5714285714285714,0.18015863001346588,0.4703623950481415,11.803035736083984,689.5777587890625
261605,27,0.4074074074074074,0.2923029959201813,0.6210635900497437,6.038615703582764,332.85980224609375
261606,100,0.44,0.014833599328994751,0.5442509651184082,6.100555896759033,367.605224609375
261607,100,0.51,0.03609056770801544,0.4973565638065338,7.4360671043396,923.2091674804688
261608,100,0.48,0.02942720055580139,0.46864333748817444,6.8841633796691895,995.6015625
261609,100,0.59,0.025546029210090637,0.4418729543685913,11.003329277038574,456.23077392578125
261610,100,0.46,-0.05415438115596771,0.5381173491477966,3.250295639038086,541.3710327148438
261611,100,0.48,0.04352284595370293,0.5266899466514587,9.293150901794434,804.2377319335938
261612,100,0.61,-0.0074324156157672405,0.4738030433654785,9.487569808959961,322.0333557128906
261613,100,0.42,-0.18249404430389404,0.49101322889328003,1.132163643836975,423.91180419921875
261614,10,0.5,0.16773492097854614,0.48452624678611755,3.723801374435425,1267.266845703125
261615,100,0.47,-0.1896299421787262,0.5099045634269714,1.6224336624145508,1221.942138671875
261616,100,0.46,-0.14664258062839508,0.5456960201263428,2.407625436782837,853.8388671875
261617,48,0.5416666666666666,0.09305477887392044,0.4767027795314789,12.596443176269531,1007.5239868164062
261618,100,0.46,0.005077513866126537,0.4558452069759369,5.057758808135986,1620.1927490234375
261619,100,0.5,-0.08453192561864853,0.4526112675666809,4.287987232208252,944.89990234375
261620,56,0.4642857142857143,0.002929405542090535,0.5225680470466614,3.5163464546203613,1022.11083984375
261621,100,0.62,-0.08583931624889374,0.46325230598449707,3.5318405628204346,428.5384521484375
261622,100,0.49,-0.010534769855439663,0.4322800636291504,3.307138681411743,2143.92041015625
261623,62,0.45161290322580644,0.22075769305229187,0.46642136573791504,8.225117683410645,1828.3907470703125
261624,100,0.46,0.04644829407334328,0.4897988736629486,4.987794399261475,203.63674926757812
261625,100,0.6,0.025326812639832497,0.5323448181152344,8.321416854858398,1214.6959228515625
261626,39,0.48717948717948717,0.28481554985046387,0.4782853126525879,11.985929489135742,396.9118347167969
261627,19,0.631578947368421,0.04854528233408928,0.4500671327114105,4.594070911407471,968.7468872070312
261628,67,0.5074626865671642,0.19222912192344666,0.5568172931671143,12.279741287231445,1470.6483154296875
261629,100,0.42,-0.10279230773448944,0.5718559622764587,2.3397090435028076,903.2356567382812
261630,100,0.55,-0.07210059463977814,0.536949098110199,3.7135348320007324,919.97509765625
261631,100,0.53,-0.08504630625247955,0.4874659478664398,1.709071397781372,361.7557678222656
261632,100,0.47,-0.06707603484392166,0.46023425459861755,3.73770809173584,1152.211669921875
261633,100,0.54,-0.20989850163459778,0.5401787757873535,1.0178107023239136,1116.7113037109375
261634,100,0.53,-0.03975092992186546,0.5894320607185364,4.6393961906433105,648.6351928710938
261635,100,0.51,0.0107473349198699,0.4529538154602051,7.437434196472168,926.6973876953125
261636,100,0.51,-0.13790260255336761,0.5723220705986023,1.5022567510604858,663.643798828125
261637,100,0.48,-0.05797913670539856,0.4931066334247589,9.383092880249023,370.0849609375
261638,100,0.55,-0.19094237685203552,0.5072117447853088,1.147499442100525,1273.9603271484375
261639,57,0.47368421052631576,0.05760696530342102,0.5914732813835144,7.450411796569824,495.1507568359375
261640,100,0.47,-0.0031963777728378773,0.5578171014785767,4.653051853179932,790.452392578125
261641,100,0.58,-0.17197977006435394,0.5730184316635132,1.0901765823364258,449.0346984863281
261642,100,0.46,-0.14962875843048096,0.5499324798583984,1.961911678314209,440.9253234863281
261643,100,0.6,-0.09935691952705383,0.597202479839325,2.7603511810302734,546.6569213867188
261644,100,0.54,-0.12040553987026215,0.5479984879493713,2.384740114212036,645.4948120117188
261645,100,0.51,-0.030792659148573875,0.5744312405586243,3.749063014984131,473.7400817871094
261646,100,0.42,0.043610550463199615,0.47439149022102356,5.089487075805664,799.931884765625
261647,100,0.44,-0.010337966494262218,0.4348614513874054,7.394468784332275,1254.393310546875
261648,100,0.48,0.12725470960140228,0.542243480682373,7.1412787437438965,367.3348388671875
261649,100,0.55,-0.05661551654338837,0.5347829461097717,5.486736297607422,1176.8082275390625
261650,100,0.45,0.09478621929883957,0.5015116333961487,9.919352531433105,211.50961303710938
261651,100,0.52,0.08602456003427505,0.4557226598262787,12.098274230957031,880.313720703125
261652,21,0.7142857142857143,0.09138163924217224,0.3224698603153229,3.308645009994507,1615.5657958984375
261653,100,0.54,-0.08385047316551208,0.5023015737533569,7.737494945526123,276.9844970703125
261654,100,0.47,-0.16322262585163116,0.5087128281593323,1.6569629907608032,1046.2666015625
261655,100,0.57,-0.06426563858985901,0.5088638663291931,3.0749874114990234,1154.95751953125
261656,54,0.42592592592592593,0.2183195799589157,0.5077153444290161,11.616211891174316,951.5393676757812
261657,52,0.4807692307692308,0.13904130458831787,0.5406634211540222,13.421906471252441,1320.6533203125
261658,84,0.5357142857142857,0.12441304326057434,0.4292503893375397,13.29192066192627,1832.2593994140625
261659,100,0.46,0.05192907527089119,0.48654797673225403,10.262778282165527,520.2332153320312
261660,37,0.5405405405405406,0.2940423786640167,0.5436655879020691,17.095577239990234,1224.9976806640625
261661,100,0.68,-0.022942904382944107,0.5194231271743774,5.271664619445801,1296.0172119140625
261662,56,0.48214285714285715,0.2083495408296585,0.42658933997154236,13.13881778717041,1848.591552734375
261663,100,0.44,0.142470583319664,0.4470461905002594,13.756209373474121,952.8734130859375
261664,100,0.41,-0.14676086604595184,0.5248067378997803,2.7464280128479004,1413.9989013671875
261665,100,0.45,-0.08905588090419769,0.5348262190818787,3.216851234436035,1509.680419921875
261666,37,0.5135135135135135,0.15840201079845428,0.6081251502037048,11.738090515136719,1515.9293212890625
261667,89,0.6067415730337079,0.16879168152809143,0.524308443069458,12.786711692810059,663.7724609375
261668,15,0.4666666666666667,0.05106452852487564,0.5347684025764465,4.627993106842041,776.4158935546875
261669,87,0.6436781609195402,0.1429859697818756,0.5885061621665955,16.925556182861328,1365.2679443359375
261670,72,0.4305555555555556,0.2138739675283432,0.554726779460907,13.30211067199707,1509.35205078125
261671,100,0.46,0.12105939537286758,0.4853046238422394,11.878090858459473,1095.1400146484375
261672,25,0.52,0.19634737074375153,0.35797855257987976,10.077295303344727,1413.4117431640625
261673,47,0.5319148936170213,0.2661259174346924,0.4356239438056946,16.144927978515625,821.4378662109375
261674,42,0.47619047619047616,0.3692850172519684,0.537510335445404,11.303267478942871,980.86083984375
261675,100,0.49,0.10877425968647003,0.4803108870983124,13.315258979797363,413.94000244140625
261676,76,0.42105263157894735,0.24031732976436615,0.5101758241653442,18.4670467376709,1844.9805908203125
261677,70,0.5428571428571428,0.14223116636276245,0.47833794355392456,17.536418914794922,1228.6165771484375
261678,100,0.44,-0.13308395445346832,0.5413399338722229,2.2282156944274902,1123.223388671875
261679,86,0.5581395348837209,0.0707755833864212,0.552765429019928,8.22391128540039,1409.133544921875
261680,100,0.52,-0.0011460408568382263,0.5134339332580566,10.147217750549316,534.8093872070312
261681,42,0.6666666666666666,0.10349201411008835,0.5573641657829285,8.879328727722168,1053.802978515625
261682,14,0.42857142857142855,0.12419760227203369,0.4602786898612976,2.762467861175537,305.2040100097656
261683,100,0.51,-0.21629419922828674,0.60569167137146,0.9223869442939758,1263.7999267578125
261684,100,0.51,0.07276305556297302,0.5265207290649414,6.0595502853393555,898.2770385742188
261685,100,0.53,0.07213182002305984,0.5156688094139099,8.832795143127441,1649.6251220703125
261686,100,0.41,0.22570398449897766,0.48629018664360046,22.651124954223633,1554.69189453125
261687,33,0.5151515151515151,0.19689804315567017,0.48152443766593933,9.264836311340332,617.6546020507812
261688,57,0.543859649122807,0.07682324945926666,0.482737272977829,9.963981628417969,1262.105224609375
261689,100,0.48,-0.03977199271321297,0.47022226452827454,4.351955413818359,612.0009155273438
261690,43,0.5813953488372093,0.17489087581634521,0.5192690491676331,8.669428825378418,980.9324340820312
261691,100,0.46,-0.1584809273481369,0.4755161702632904,3.453199863433838,1038.21484375
261692,100,0.41,-0.04002811387181282,0.5060875415802002,2.9026758670806885,983.318359375
261693,100,0.51,0.02286713942885399,0.4945202171802521,4.543933391571045,578.3370971679688
261694,100,0.53,0.13297680020332336,0.5467901229858398,18.25128936767578,1208.0205078125
261695,100,0.5,-0.06543020159006119,0.4766232371330261,4.227329254150391,255.9148712158203
261696,80,0.45,0.114872507750988,0.5135676264762878,8.028791427612305,845.6564331054688
261697,100,0.58,-0.2693668305873871,0.5955051183700562,0.8130018711090088,707.0740966796875
261698,100,0.42,0.0705638974905014,0.47574329376220703,12.545363426208496,432.6851806640625
261699,100,0.56,-0.10217259079217911,0.42391520738601685,2.0138437747955322,545.1968994140625
261700,81,0.43209876543209874,0.09157007187604904,0.47459837794303894,8.190478324890137,1466.6983642578125
261701,100,0.42,-0.0023950692266225815,0.4968429207801819,5.488710403442383,1594.4210205078125
261702,91,0.5274725274725275,0.1572042554616928,0.5974826812744141,16.400808334350586,1407.188232421875
261703,100,0.55,-0.024852769449353218,0.5985344052314758,5.436512470245361,1321.6541748046875
261704,14,0.7142857142857143,0.29775792360305786,0.7382421493530273,8.91919994354248,2355.800537109375
261705,9,0.6666666666666666,0.5015088319778442,0.4622262418270111,8.585163116455078,1136.6824951171875
261706,100,0.43,-0.047379571944475174,0.5271590948104858,5.709514141082764,1331.0286865234375
