scene,steps,move_share,mean_move_param,mean_abs_turn_param,mean_speed_mps,final_distance_to_active_goal_m
260000,100,0.43,-0.1123674213886261,0.4405899941921234,3.892359972000122,1124.6829833984375
260001,40,0.45,0.1106272041797638,0.4852173924446106,4.70877742767334,1033.5445556640625
260002,81,0.4691358024691358,-0.052473243325948715,0.5318231582641602,2.698277711868286,527.6598510742188
260003,100,0.52,-0.06215699389576912,0.47467103600502014,2.0259368419647217,1594.351318359375
260004,99,0.5959595959595959,0.056127823889255524,0.5193604230880737,12.895431518554688,1492.0631103515625
260005,43,0.5581395348837209,0.34011730551719666,0.5352621078491211,17.647605895996094,1522.07373046875
260006,100,0.43,0.010530035011470318,0.46206921339035034,5.238124847412109,210.37353515625
260007,100,0.5,-0.049981214106082916,0.5052599906921387,4.221822738647461,891.0260009765625
260008,100,0.49,0.061913326382637024,0.4875771105289459,15.1154146194458,240.85189819335938
260009,37,0.35135135135135137,0.09608041495084763,0.37701496481895447,1.928641676902771,1011.0193481445312
260010,100,0.57,0.02842475287616253,0.5336471796035767,7.206615447998047,1381.6524658203125
260011,100,0.53,-0.0405689962208271,0.5671643018722534,4.780786037445068,214.53456115722656
260012,29,0.5517241379310345,0.6515862345695496,0.5483955144882202,27.210771560668945,662.7921752929688
260013,29,0.41379310344827586,0.9192869663238525,0.7441075444221497,23.500337600708008,1283.8402099609375
260014,65,0.24615384615384617,0.723913311958313,0.6509246230125427,21.55662727355957,1542.3631591796875
260015,65,0.23076923076923078,0.41045552492141724,0.6433955430984497,12.50041675567627,859.026123046875
260016,100,0.18,0.5456005930900574,0.6312385201454163,15.526928901672363,278.38421630859375
260017,100,0.41,0.13922081887722015,0.6187944412231445,16.02875328063965,1325.50537109375
260018,100,0.51,0.319561243057251,0.5570492744445801,28.869159698486328,967.8916625976562
260019,100,0.4,0.23516353964805603,0.6081152558326721,13.461540222167969,899.0234985351562
260020,100,0.55,0.08199950307607651,0.5760432481765747,8.63656234741211,811.0548706054688
260021,100,0.43,0.02525438740849495,0.6694309115409851,7.465133190155029,659.1699829101562
260022,10,0.7,0.13558892905712128,0.7889594435691833,4.390347003936768,1260.9356689453125
260023,100,0.3,-0.01662149466574192,0.591127872467041,4.84731912612915,664.3795776367188
260024,97,0.4845360824742268,0.1636294573545456,0.6169453263282776,17.768648147583008,1766.4920654296875
260025,59,0.4745762711864407,0.23180638253688812,0.6970530152320862,15.538533210754395,1084.04833984375
260026,100,0.46,0.14746280014514923,0.6244165897369385,19.63751220703125,493.5306396484375
260027,100,0.46,-0.011478126980364323,0.5919825434684753,2.955864191055298,1807.927490234375
260028,100,0.58,0.12725308537483215,0.5594309568405151,10.340618133544922,1300.5479736328125
260029,14,0.7142857142857143,0.48926931619644165,0.8097966313362122,11.60077953338623,1721.9007568359375
260030,49,0.5714285714285714,0.1162710189819336,0.683709442615509,12.24384880065918,1173.6697998046875
260031,73,0.6438356164383562,0.13962633907794952,0.5013501644134521,16.55733299255371,1855.1536865234375
260032,100,0.56,-0.19839775562286377,0.594282329082489,2.1024036407470703,1592.4921875
260033,20,0.55,0.15665706992149353,0.8031495809555054,7.6249189376831055,1453.516845703125
260034,100,0.56,0.015084968879818916,0.6219241619110107,7.27763557434082,1627.543701171875
260035,100,0.51,0.004069431219249964,0.5500324964523315,7.301434516906738,1402.3858642578125
260036,100,0.53,0.08310987055301666,0.5987874865531921,14.307818412780762,219.78199768066406
260037,100,0.43,0.09404132515192032,0.5255393981933594,8.56421184539795,1352.062744140625
260038,100,0.52,-0.09534136205911636,0.5070437788963318,3.3745081424713135,587.5729370117188
260039,100,0.48,-0.03917982801795006,0.5295919179916382,7.270843982696533,883.54638671875
260040,57,0.42105263157894735,-0.005777838174253702,0.593620777130127,6.521624565124512,567.7955932617188
260041,81,0.5061728395061729,0.15046590566635132,0.5493389368057251,16.685630798339844,1352.915771484375
260042,100,0.54,-0.010206740349531174,0.5123407244682312,7.558988094329834,650.1979370117188
260043,100,0.48,-0.0040657795034348965,0.5825853943824768,5.839229583740234,470.917236328125
260044,100,0.54,-0.1061410903930664,0.5850295424461365,2.121349573135376,1209.6002197265625
260045,100,0.63,0.06654709577560425,0.5206013321876526,11.630867958068848,892.1609497070312
260046,100,0.65,-0.09458564966917038,0.5850854516029358,4.64902400970459,1375.279296875
260047,100,0.48,0.07500320672988892,0.5836751461029053,10.779619216918945,1123.8934326171875
260048,48,0.7291666666666666,0.1836128830909729,0.5142589211463928,19.148527145385742,2405.427978515625
260049,31,0.8064516129032258,0.18979257345199585,0.5870416760444641,18.744325637817383,1101.7421875
260050,100,0.62,-0.047479767352342606,0.4875316023826599,3.6576666831970215,1237.076416015625
260051,100,0.59,-0.14543825387954712,0.4762705862522125,2.399986743927002,844.7144775390625
260052,100,0.5,-0.016254670917987823,0.5237857699394226,4.907749176025391,471.67047119140625
260053,100,0.43,0.006044548470526934,0.5207260251045227,5.8184685707092285,1328.1658935546875
260054,27,0.4074074074074074,-0.1472126841545105,0.5535954833030701,2.196552038192749,908.3638305664062
260055,100,0.49,0.04608645662665367,0.5070978999137878,7.15693473815918,806.570556640625
260056,29,0.5172413793103449,0.2529774308204651,0.5567154884338379,7.032555103302002,1830.167236328125
260057,100,0.52,-0.033917587250471115,0.5397675633430481,4.055749893188477,631.4781494140625
260058,100,0.35,0.030553163960576057,0.5526921153068542,3.939568281173706,849.8645629882812
260059,22,0.5,0.414101779460907,0.46558302640914917,11.294903755187988,1805.38916015625
260060,100,0.54,-0.009802497923374176,0.5075187683105469,5.6974897384643555,1023.708251953125
260061,24,0.5416666666666666,0.2585265636444092,0.4991214871406555,7.7308831214904785,1251.508056640625
260062,100,0.62,0.03326438367366791,0.47708556056022644,8.221197128295898,592.7254638671875
260063,100,0.56,-0.06323285400867462,0.48840636014938354,3.193650245666504,928.5767822265625
260064,100,0.41,-0.095699243247509,0.536048412322998,3.174739360809326,966.9534912109375
260065,100,0.52,-0.05316837504506111,0.47392186522483826,2.6982836723327637,1225.9873046875
260066,100,0.49,-0.058640893548727036,0.516650378704071,2.3109230995178223,564.4447631835938
260067,15,0.6666666666666666,0.2542160153388977,0.4789558947086334,8.070111274719238,1975.9222412109375
260068,100,0.61,0.10767357051372528,0.42611533403396606,11.958621978759766,948.50048828125
260069,100,0.47,0.03563003987073898,0.46354442834854126,12.057214736938477,957.5634155273438
260070,100,0.48,-0.07190990447998047,0.5608224272727966,3.4519002437591553,802.82568359375
260071,100,0.51,0.10059260576963425,0.49808913469314575,9.714593887329102,1040.3782958984375
260072,100,0.51,-0.1677950918674469,0.538921058177948,1.5009620189666748,1609.6524658203125
260073,2,1.0,0.042378783226013184,,1.9511419534683228,1692.207275390625
260074,100,0.34,0.18215954303741455,0.5326713919639587,19.164810180664062,1088.0518798828125
260075,100,0.43,-0.03139444813132286,0.5014055371284485,2.6894772052764893,890.1455688476562
260076,100,0.52,0.013875388540327549,0.6136313080787659,7.082712173461914,806.6691284179688
260077,100,0.47,0.09082842618227005,0.5237324237823486,12.811626434326172,762.5841064453125
260078,100,0.5,0.05538857355713844,0.5808126926422119,12.555098533630371,1697.4354248046875
260079,100,0.43,0.04354042932391167,0.5325114727020264,6.154500961303711,1619.76025390625
260080,100,0.63,0.046502936631441116,0.5247588753700256,15.131935119628906,741.2438354492188
260081,100,0.47,-0.004749015439301729,0.5340635776519775,5.635207653045654,451.06597900390625
260082,100,0.56,0.0926080271601677,0.4639889597892761,15.009407043457031,1839.5089111328125
260083,100,0.36,0.039337996393442154,0.4820129871368408,9.991257667541504,1009.5518798828125
260084,100,0.41,0.04602321609854698,0.5194993615150452,7.60922908782959,931.3543090820312
260085,100,0.44,-0.06969749927520752,0.5540788769721985,5.494919300079346,1258.4134521484375
260086,100,0.43,0.023094240576028824,0.4924585223197937,9.8717041015625,514.66796875
260087,16,0.375,0.40103113651275635,0.45214223861694336,8.205972671508789,882.958740234375
260088,100,0.51,-0.05958262085914612,0.492922842502594,5.2312188148498535,1080.89404296875
260089,100,0.52,-0.0225880928337574,0.5556272864341736,10.371746063232422,1049.441162109375
260090,26,0.6153846153846154,0.09214673936367035,0.6207129955291748,4.01045560836792,1358.0059814453125
260091,100,0.5,0.006696049124002457,0.5129812955856323,5.648176670074463,1063.1861572265625
260092,100,0.5,-0.10773924738168716,0.46610409021377563,5.3756256103515625,1906.5439453125
260093,98,0.5816326530612245,-0.04993778094649315,0.43678128719329834,2.9929332733154297,232.79994201660156
260094,100,0.48,-0.0457092821598053,0.4779863655567169,4.027448654174805,268.2541198730469
260095,100,0.52,0.006847773678600788,0.4871552288532257,4.760821342468262,817.3116455078125
260096,46,0.4782608695652174,0.18781481683254242,0.5817582011222839,6.73795747756958,1335.1524658203125
260097,100,0.52,0.021700071170926094,0.559398353099823,11.677475929260254,728.111572265625
260098,13,0.5384615384615384,0.19427379965782166,0.5976547598838806,4.472015857696533,649.763671875
260099,100,0.48,0.04532135650515556,0.5026058554649353,9.163372993469238,1662.1287841796875
260100,100,0.44,0.03683999925851822,0.5131130218505859,5.1269097328186035,1139.2283935546875
260101,92,0.5108695652173914,0.07845699042081833,0.48624542355537415,10.815498352050781,2134.0986328125
260102,98,0.5510204081632653,0.10317951440811157,0.5005801320075989,17.741552352905273,1295.3199462890625
260103,100,0.5,-0.20577384531497955,0.5203235745429993,2.538964033126831,1739.1605224609375
260104,100,0.47,-0.05445164814591408,0.5240148305892944,2.9390792846679688,826.2818603515625
260105,91,0.5164835164835165,0.21680614352226257,0.5716702938079834,19.65711212158203,1347.682373046875
260106,80,0.4,0.15266112983226776,0.5646252632141113,8.345582008361816,175.32347106933594
260107,100,0.52,-0.10184584558010101,0.5208630561828613,2.3191018104553223,769.6153564453125
260108,37,0.43243243243243246,0.2706277668476105,0.46476855874061584,11.850122451782227,2067.64453125
260109,100,0.48,-0.043807994574308395,0.5627793073654175,8.079168319702148,859.8220825195312
260110,100,0.45,0.05651342496275902,0.4904070794582367,13.1284761428833,961.5994873046875
260111,100,0.46,-0.03258286789059639,0.5678625702857971,7.815743446350098,1267.8641357421875
260112,100,0.41,-0.020198097452521324,0.5575522184371948,2.6069705486297607,1155.3492431640625
260113,100,0.49,-0.020070722326636314,0.538628101348877,4.5548415184021,798.4189453125
260114,100,0.5,-0.004901367239654064,0.45086100697517395,4.175636291503906,973.3504028320312
260115,100,0.46,0.02314499393105507,0.5136803984642029,4.29960298538208,768.6965942382812
260116,74,0.40540540540540543,0.09627870470285416,0.5702962875366211,7.102645397186279,1577.46484375
260117,100,0.58,-0.06437238305807114,0.5300801396369934,5.224359035491943,1310.4576416015625
260118,78,0.6025641025641025,0.1526031345129013,0.5957391858100891,19.682697296142578,1261.606689453125
260119,60,0.43333333333333335,-0.10676742345094681,0.4622840881347656,1.2062431573867798,1585.03857421875
260120,100,0.48,0.0516493022441864,0.5267768502235413,10.847942352294922,1097.101806640625
260121,100,0.44,0.03780272230505943,0.5212336182594299,14.524096488952637,724.4112548828125
260122,100,0.5,0.029738852754235268,0.5078969597816467,5.00806999206543,878.4204711914062
260123,100,0.39,-0.05980196222662926,0.5445650219917297,2.2198987007141113,948.72119140625
260124,58,0.5862068965517241,0.017975633963942528,0.5375480651855469,5.400620937347412,664.6708374023438
260125,100,0.49,0.004363914020359516,0.5292470455169678,6.574265003204346,1085.8699951171875
260126,100,0.59,-0.12426365911960602,0.5309419631958008,1.9382673501968384,1217.8436279296875
260127,100,0.38,-0.014582205563783646,0.5108432173728943,3.8326776027679443,597.074951171875
260128,100,0.51,-0.057536568492650986,0.5284342765808105,3.522411823272705,432.66827392578125
260129,100,0.48,0.039715465158224106,0.5885192155838013,13.25060749053955,1298.41162109375
260130,78,0.48717948717948717,0.13711440563201904,0.6019543409347534,7.208727836608887,1591.8997802734375
260131,100,0.41,-0.06720936298370361,0.5160963535308838,1.6678673028945923,940.0043334960938
260132,100,0.54,-0.022780833765864372,0.5881977677345276,5.248694896697998,706.9691772460938
260133,55,0.5272727272727272,0.013303538784384727,0.5404372811317444,4.1814351081848145,1166.789306640625
260134,100,0.43,-0.009091727435588837,0.5022794604301453,3.8831570148468018,531.7128295898438
260135,100,0.47,0.021363629028201103,0.552222728729248,3.301302909851074,397.95269775390625
260136,75,0.49333333333333335,0.09265220910310745,0.5527437925338745,6.708815097808838,1736.884521484375
260137,100,0.57,-0.013045424595475197,0.5488372445106506,6.513355255126953,1242.3585205078125
260138,100,0.51,0.04465333744883537,0.5209202766418457,11.755125999450684,1512.0638427734375
260139,100,0.43,-0.02424502559006214,0.5129023194313049,8.499204635620117,922.12451171875
260140,100,0.46,-0.10139062255620956,0.5365705490112305,3.238737106323242,827.03271484375
260141,100,0.38,0.16485275328159332,0.5597562193870544,18.86223793029785,577.774169921875
260142,38,0.5263157894736842,0.12214513123035431,0.48829132318496704,7.166009902954102,1716.4814453125
260143,100,0.46,0.10587000101804733,0.5400162935256958,13.550590515136719,341.17633056640625
260144,96,0.4791666666666667,0.240471750497818,0.511293351650238,24.368886947631836,700.8953247070312
260145,100,0.56,-0.027581876143813133,0.5385230183601379,3.873988151550293,945.6710815429688
260146,15,0.5333333333333333,0.15380072593688965,0.4660312533378601,2.6181793212890625,2019.5755615234375
260147,100,0.51,-0.08235353231430054,0.5788525342941284,5.063469886779785,2035.124267578125
260148,100,0.57,0.026967225596308708,0.5315490365028381,9.928984642028809,558.1307983398438
260149,100,0.5,0.04792063683271408,0.5266795754432678,14.663945198059082,485.0115661621094
260150,100,0.6,-0.015812449157238007,0.6087146997451782,5.310365200042725,1653.31494140625
260151,41,0.4878048780487805,-0.1792004108428955,0.5057326555252075,1.3888497352600098,802.2299194335938
260152,100,0.56,-0.11429531127214432,0.46415746212005615,2.615981101989746,1355.625732421875
260153,100,0.49,0.054427895694971085,0.5048365592956543,11.875632286071777,1095.8609619140625
260154,100,0.51,0.03125304728746414,0.5094548463821411,6.300765514373779,599.6473388671875
260155,100,0.44,0.04857325553894043,0.4878911077976227,9.005537986755371,333.9123229980469
260156,100,0.51,-0.03463699296116829,0.5679441690444946,7.485047817230225,1312.6246337890625
260157,100,0.51,-0.13043995201587677,0.4904356300830841,3.213937997817993,1237.7449951171875
260158,100,0.53,0.05352330580353737,0.5028631091117859,6.38374137878418,968.6483764648438
260159,100,0.61,0.017176391556859016,0.5066379308700562,6.206484794616699,1870.2115478515625
260160,100,0.49,-0.06669047474861145,0.6020135879516602,1.4882628917694092,1893.18505859375
260161,100,0.48,0.14476679265499115,0.45703884959220886,13.821187973022461,1291.7874755859375
260162,100,0.51,0.04696850851178169,0.536742627620697,8.481961250305176,604.913818359375
260163,100,0.58,0.12685327231884003,0.5635870695114136,15.99951171875,972.5504150390625
260164,100,0.37,0.0030288889538496733,0.5289744138717651,6.312726020812988,986.4847412109375
260165,100,0.4,-0.05234334617853165,0.4859071671962738,3.0920944213867188,1139.4539794921875
260166,8,0.5,0.37146079540252686,0.6506518721580505,5.087289810180664,1259.6834716796875
260167,100,0.42,-0.05058412253856659,0.47586309909820557,2.975541591644287,1137.5391845703125
260168,9,0.5555555555555556,0.08195625245571136,0.8170739412307739,0.6512430906295776,1273.343505859375
260169,100,0.46,-0.10551662743091583,0.5094277262687683,2.892014265060425,619.853759765625
260170,41,0.5853658536585366,-0.022691212594509125,0.43362975120544434,3.4186062812805176,593.3116455078125
260171,100,0.51,0.06297525018453598,0.5518950819969177,17.408777236938477,418.6604309082031
260172,66,0.5454545454545454,0.12162884324789047,0.520006537437439,10.52122688293457,1281.0322265625
260173,37,0.5405405405405406,0.15104743838310242,0.47694066166877747,8.318206787109375,1145.7196044921875
260174,100,0.52,-0.17058824002742767,0.5007820725440979,1.5084887742996216,1276.628173828125
260175,100,0.44,0.0370987206697464,0.5208747982978821,6.151950836181641,644.28076171875
260176,86,0.46511627906976744,-0.01464554388076067,0.5374168753623962,5.701451301574707,957.378173828125
260177,100,0.46,-0.07285615056753159,0.4873058795928955,5.646013259887695,277.25665283203125
260178,100,0.39,-0.06735415011644363,0.5353543758392334,5.94035530090332,743.3538818359375
260179,100,0.6,0.015393194742500782,0.43367090821266174,13.495126724243164,724.2454833984375
260180,76,0.5789473684210527,0.015739593654870987,0.48171040415763855,5.382956027984619,1483.2919921875
260181,98,0.5918367346938775,0.06518319249153137,0.5141573548316956,10.49196720123291,1392.7735595703125
260182,100,0.52,-0.006833293009549379,0.5538389086723328,11.831467628479004,697.7676391601562
260183,100,0.53,-0.06105499714612961,0.5220751762390137,2.5895373821258545,544.5821533203125
260184,99,0.5151515151515151,0.020683951675891876,0.4230981767177582,6.878695011138916,1976.400390625
260185,43,0.6046511627906976,0.26251503825187683,0.4989810883998871,11.314530372619629,1392.4912109375
260186,77,0.4805194805194805,-0.041263263672590256,0.47476983070373535,3.363508462905884,1492.052978515625
260187,100,0.49,-0.1599697768688202,0.5245200991630554,2.4852402210235596,373.2650146484375
260188,100,0.42,0.038359761238098145,0.5650312304496765,5.2733378410339355,1319.114990234375
260189,100,0.47,-0.01762847974896431,0.48879340291023254,6.8836669921875,676.6410522460938
260190,100,0.51,-0.01722722500562668,0.5217381715774536,6.800818920135498,707.8617553710938
260191,100,0.53,-0.07512059062719345,0.5454205274581909,4.630553245544434,1392.130615234375
260192,100,0.45,-0.08635368943214417,0.5139561295509338,2.6475272178649902,302.4289245605469
260193,100,0.49,-0.060475487262010574,0.5653443932533264,7.916415214538574,1462.931884765625
260194,100,0.36,-0.03992535173892975,0.5133850574493408,5.434930801391602,332.0935363769531
260195,15,0.4666666666666667,0.05400323495268822,0.4353991448879242,1.49289071559906,759.18798828125
260196,100,0.42,0.014822606928646564,0.5066732168197632,4.561598300933838,718.6804809570312
260197,100,0.59,-0.02325095608830452,0.4877503216266632,6.303571701049805,922.655517578125
260198,100,0.53,0.07965513318777084,0.5544096231460571,7.674093246459961,1140.9376220703125
260199,100,0.43,0.08298332244157791,0.48143988847732544,8.546004295349121,1223.818115234375
260200,98,0.4489795918367347,0.09989999979734421,0.5590237379074097,10.8766450881958,938.5520629882812
260201,100,0.37,-0.10078338533639908,0.5010058879852295,4.544854164123535,1214.5511474609375
260202,100,0.53,0.004267027135938406,0.5252591371536255,6.7859907150268555,1699.3359375
260203,90,0.4888888888888889,0.0432833768427372,0.5507664084434509,4.9687347412109375,988.2435302734375
260204,100,0.51,0.02783973142504692,0.5250601768493652,5.322796821594238,1274.282470703125
260205,100,0.52,-0.026762135326862335,0.5246817469596863,4.544950485229492,190.03118896484375
260206,100,0.46,-0.09722424298524857,0.5215162038803101,4.778320789337158,1003.5529174804688
260207,56,0.5535714285714286,0.10041708499193192,0.5097587704658508,9.896852493286133,872.7210083007812
260208,100,0.43,-0.10807950794696808,0.507178783416748,1.7094910144805908,667.44287109375
260209,100,0.61,0.023224204778671265,0.5127035975456238,4.7980828285217285,589.999267578125
260210,100,0.53,0.02521803230047226,0.5568503737449646,5.019118785858154,437.67431640625
260211,66,0.4393939393939394,0.03842843696475029,0.5648223757743835,5.9913458824157715,1417.5194091796875
260212,100,0.41,-0.11411449313163757,0.5019606947898865,1.6673951148986816,1085.22265625
260213,93,0.5053763440860215,0.021801577880978584,0.5883607268333435,9.962591171264648,900.8622436523438
260214,100,0.47,-0.03556814789772034,0.5473766922950745,5.527264595031738,1647.756103515625
260215,100,0.45,0.09630188345909119,0.5465563535690308,13.472586631774902,777.6107788085938
260216,60,0.55,-0.030517231673002243,0.5057133436203003,2.8086209297180176,1479.1280517578125
260217,100,0.48,-0.017041591927409172,0.517764687538147,3.9001104831695557,1362.93798828125
260218,100,0.45,-0.1051366925239563,0.5133900046348572,3.709038734436035,1247.82763671875
260219,100,0.47,-0.0993368849158287,0.5167121887207031,3.461268901824951,924.0006713867188
260220,100,0.43,-0.11941900849342346,0.5056496858596802,5.5020575523376465,901.9799194335938
260221,55,0.43636363636363634,-0.019384123384952545,0.600045382976532,2.980648994445801,913.4649047851562
260222,100,0.52,0.039233725517988205,0.5208888053894043,7.740583896636963,668.5441284179688
260223,99,0.494949494949495,0.16186410188674927,0.5478137731552124,16.16363525390625,1249.521728515625
260224,41,0.3902439024390244,-0.10149208456277847,0.45980769395828247,3.006986379623413,817.4900512695312
260225,100,0.55,0.10051576793193817,0.5594484806060791,13.291827201843262,746.4439697265625
260226,100,0.56,-0.01906600035727024,0.6081194281578064,4.4238481521606445,1371.1458740234375
260227,100,0.56,-0.15292881429195404,0.4533454179763794,2.806546926498413,1071.8990478515625
260228,100,0.6,-0.2091655135154724,0.5364905595779419,1.6802606582641602,625.5975952148438
260229,100,0.52,-0.031875528395175934,0.5609788298606873,5.725607872009277,1268.9051513671875
260230,100,0.55,-0.06448853760957718,0.5796304941177368,1.7783061265945435,524.4051513671875
260231,100,0.55,-0.013521816581487656,0.47623443603515625,6.9813079833984375,640.5914916992188
260232,59,0.576271186440678,0.10164345055818558,0.47240936756134033,9.138505935668945,1651.6785888671875
260233,100,0.55,0.020207222551107407,0.5971684455871582,5.09035062789917,424.0617980957031
260234,100,0.51,-0.12942913174629211,0.4844619333744049,3.4800655841827393,1003.1290283203125
260235,100,0.47,-0.04863692820072174,0.5115885734558105,5.358692646026611,1685.1766357421875
260236,43,0.37209302325581395,0.08994995057582855,0.5418849587440491,4.939748764038086,1638.564453125
260237,7,0.5714285714285714,0.342011958360672,0.6739559173583984,4.817713260650635,1672.3917236328125
260238,82,0.6829268292682927,0.05043971538543701,0.5175719857215881,9.645529747009277,1051.8623046875
260239,100,0.38,0.06451993435621262,0.4840022325515747,4.086216926574707,1453.1611328125
260240,96,0.3958333333333333,0.10074029117822647,0.5950641632080078,10.019244194030762,1487.2449951171875
260241,26,0.38461538461538464,0.05360443517565727,0.5003425478935242,3.7963151931762695,447.1911926269531
260242,81,0.48148148148148145,-0.03129066899418831,0.5771523714065552,2.85919189453125,775.337646484375
260243,100,0.51,0.02637646161019802,0.5010637640953064,4.734387397766113,1203.2808837890625
260244,100,0.43,-0.11237280815839767,0.5547771453857422,2.3134050369262695,837.6210327148438
260245,100,0.55,0.051214296370744705,0.549890398979187,9.07666301727295,618.0052490234375
260246,100,0.42,0.13295920193195343,0.5012421011924744,17.118663787841797,1228.147705078125
260247,100,0.36,-0.01811312697827816,0.46552884578704834,3.4976181983947754,210.36354064941406
260248,30,0.43333333333333335,0.0667940303683281,0.549572229385376,1.6117793321609497,1475.2359619140625
260249,100,0.41,-0.05869075283408165,0.49595195055007935,2.978527545928955,1274.9471435546875
260250,81,0.3950617283950617,-0.0993926078081131,0.5409622192382812,4.460473537445068,2099.779541015625
260251,49,0.46938775510204084,-0.0915796309709549,0.4076377749443054,1.1789937019348145,761.970458984375
260252,100,0.43,-0.028760144487023354,0.5836408138275146,3.9672329425811768,419.7023010253906
260253,100,0.45,0.05181773379445076,0.5436802506446838,6.251263618469238,831.9324951171875
260254,93,0.4731182795698925,0.08594013005495071,0.4996410310268402,10.559476852416992,1476.5028076171875
260255,100,0.42,-0.16547167301177979,0.5445777773857117,1.4965206384658813,338.10296630859375
260256,100,0.55,0.030681831762194633,0.5065571069717407,9.944424629211426,1093.1021728515625
260257,100,0.41,-0.014903991483151913,0.46662941575050354,5.149407386779785,846.1834106445312
260258,100,0.42,0.1536111831665039,0.49773579835891724,14.2112398147583,1079.144775390625
260259,91,0.5274725274725275,0.1381080597639084,0.4998042583465576,19.34199333190918,806.5491333007812
260260,75,0.41333333333333333,0.17102281749248505,0.5016602873802185,5.7683844566345215,1548.8265380859375
260261,100,0.49,0.15736661851406097,0.5226982235908508,14.876151084899902,559.5868530273438
260262,100,0.61,0.11862962692975998,0.4837404489517212,20.575231552124023,670.3357543945312
260263,100,0.54,0.05071653425693512,0.5069074630737305,6.264004707336426,805.2228393554688
260264,78,0.5256410256410257,-0.016122102737426758,0.5082475543022156,3.8537425994873047,1278.0877685546875
260265,100,0.47,-0.1171153262257576,0.5126210451126099,2.020012855529785,315.72406005859375
260266,100,0.48,-0.0422092080116272,0.5024369955062866,5.335186958312988,971.263916015625
260267,100,0.58,0.0307754036039114,0.45432955026626587,17.13530921936035,1359.370849609375
260268,12,0.4166666666666667,0.0991971343755722,0.4656161665916443,0.7221078872680664,494.6740417480469
260269,2,0.5,0.6335095167160034,0.5474931001663208,1.2670189142227173,1205.80322265625
260270,100,0.55,0.048577260226011276,0.4816223978996277,6.351754665374756,1410.645263671875
260271,100,0.5,0.03632612153887749,0.4891083538532257,7.237494468688965,1200.779541015625
260272,100,0.46,-0.044784851372241974,0.43357691168785095,6.831484794616699,1091.34716796875
260273,100,0.58,0.014247545972466469,0.4584867060184479,9.811983108520508,913.4694213867188
260274,100,0.37,0.053373124450445175,0.48425453901290894,9.017328262329102,581.5678100585938
260275,100,0.5,-0.005197007674723864,0.560352087020874,4.47323751449585,1491.743896484375
260276,100,0.49,0.08622122555971146,0.4836251437664032,12.597992897033691,530.8396606445312
260277,38,0.5789473684210527,-0.16227073967456818,0.4375010132789612,2.2333366870880127,1254.0711669921875
260278,100,0.54,0.16446246206760406,0.5501925349235535,16.351341247558594,820.2373046875
260279,100,0.55,0.025294197723269463,0.535193145275116,5.378870010375977,1256.35009765625
260280,100,0.47,0.09709605574607849,0.5067796111106873,10.210945129394531,1385.6162109375
260281,99,0.5454545454545454,-0.03436942398548126,0.4712575674057007,5.0023112297058105,1516.5059814453125
260282,100,0.49,-0.1801726073026657,0.41817983984947205,1.3036826848983765,830.2366943359375
260283,42,0.6904761904761905,0.1858760118484497,0.5432515740394592,8.4344482421875,1073.4791259765625
260284,100,0.51,-0.013480272144079208,0.5700268149375916,3.747962713241577,1376.1551513671875
260285,100,0.43,-0.13888201117515564,0.48664411902427673,2.138706684112549,1037.828369140625
260286,92,0.41304347826086957,0.14209803938865662,0.5283495783805847,11.373930931091309,1682.8892822265625
260287,100,0.51,-0.043293073773384094,0.47081905603408813,6.84661865234375,343.8592529296875
260288,100,0.55,-0.07175008952617645,0.52974534034729,4.8638997077941895,927.6461791992188
260289,100,0.46,-0.02332046814262867,0.5646420121192932,3.0804178714752197,918.6557006835938
260290,100,0.48,0.0002575466933194548,0.5178300142288208,8.496923446655273,884.4920043945312
260291,29,0.5862068965517241,0.2623787224292755,0.5523977279663086,5.8310346603393555,1012.130126953125
260292,100,0.52,0.00805593654513359,0.46894368529319763,5.6746368408203125,766.8168334960938
260293,100,0.42,-0.03815404698252678,0.535423755645752,4.521112442016602,604.0328369140625
260294,100,0.43,0.007403453346341848,0.48749998211860657,5.125371932983398,497.5137939453125
260295,97,0.5876288659793815,0.06195998936891556,0.5435420274734497,19.039438247680664,1863.947509765625
260296,41,0.5121951219512195,0.037734005600214005,0.4545012414455414,3.848973035812378,1108.0218505859375
260297,100,0.59,0.05353193357586861,0.38299018144607544,8.206896781921387,1012.0684814453125
260298,100,0.47,-0.02062208019196987,0.5637617111206055,2.2983176708221436,464.5825500488281
260299,100,0.4,-0.01770853064954281,0.4853317439556122,3.850512981414795,520.8425903320312
260300,77,0.5324675324675324,0.10745164752006531,0.5502073764801025,9.752656936645508,1502.11669921875
260301,100,0.56,-0.023752110078930855,0.5102128386497498,4.468271255493164,688.1016845703125
260302,100,0.39,-0.026959553360939026,0.4289572536945343,4.0228424072265625,1127.7650146484375
260303,100,0.4,-0.08662830293178558,0.5552769303321838,3.3587160110473633,1307.55810546875
260304,29,0.4827586206896552,0.15596818923950195,0.450335294008255,6.379214286804199,1246.610107421875
260305,100,0.47,0.09085211902856827,0.5421899557113647,8.799195289611816,1142.8389892578125
260306,100,0.49,-0.010475201532244682,0.5059983134269714,4.424871444702148,576.6535034179688
260307,100,0.51,-0.09478720277547836,0.4341106116771698,2.8713531494140625,1754.1951904296875
260308,100,0.6,-0.02124032750725746,0.37571755051612854,6.051858425140381,944.543212890625
260309,10,0.7,0.1071721762418747,0.4536343812942505,1.477873682975769,804.0650024414062
260310,100,0.48,0.07373320311307907,0.5693263411521912,7.417569637298584,504.3533935546875
260311,100,0.53,-0.09616568684577942,0.45873045921325684,2.7873151302337646,748.5079345703125
260312,100,0.51,0.04043395072221756,0.48301902413368225,9.441534996032715,664.6668090820312
260313,100,0.48,0.0025033727288246155,0.5654423832893372,4.174342632293701,847.9902954101562
260314,100,0.51,0.07777369767427444,0.5310143828392029,11.553139686584473,743.3848266601562
260315,100,0.61,-0.041144609451293945,0.49365976452827454,3.723067283630371,1511.0887451171875
260316,100,0.44,0.07115662097930908,0.5329766273498535,8.44655990600586,686.050048828125
260317,14,0.5714285714285714,0.3169769048690796,0.6270089745521545,4.291794776916504,1133.0072021484375
260318,100,0.51,-0.04612497240304947,0.4839571416378021,6.303735256195068,545.1024780273438
260319,100,0.47,0.01830357126891613,0.5365931987762451,12.311993598937988,1238.7320556640625
260320,84,0.5119047619047619,0.025184081867337227,0.4746299386024475,6.354796409606934,1611.844970703125
260321,100,0.45,0.04039635509252548,0.43157458305358887,6.20333194732666,994.8091430664062
260322,100,0.52,-0.11846625804901123,0.5459810495376587,2.3061606884002686,832.00390625
260323,78,0.41025641025641024,0.19759269058704376,0.5312029719352722,12.742963790893555,1900.5611572265625
260324,69,0.5217391304347826,-0.02101714350283146,0.5584949851036072,3.205373764038086,661.8142700195312
260325,93,0.5268817204301075,0.06333128362894058,0.5305535197257996,11.123706817626953,711.6142578125
260326,100,0.6,-0.004973061848431826,0.5373753309249878,5.796153545379639,691.209228515625
260327,41,0.5121951219512195,0.3342592120170593,0.5264865159988403,16.314496994018555,691.63232421875
260328,14,0.7142857142857143,0.1152707114815712,0.34188419580459595,3.5899360179901123,906.9398803710938
260329,100,0.43,0.14359749853610992,0.5306273102760315,9.42808723449707,873.5267944335938
260330,100,0.53,0.021987879648804665,0.5125100016593933,12.185937881469727,1014.8246459960938
260331,100,0.52,-0.04470807686448097,0.4650023877620697,4.777880668640137,903.7669067382812
260332,100,0.48,-0.055717479437589645,0.4671957194805145,2.0915286540985107,2025.9649658203125
260333,87,0.42528735632183906,0.042378008365631104,0.5735155344009399,9.61181926727295,2407.1953125
260334,45,0.6,0.03747577220201492,0.435851514339447,3.5340969562530518,882.1698608398438
260335,100,0.57,-0.1093929186463356,0.54300856590271,3.818833827972412,1372.6756591796875
260336,27,0.37037037037037035,0.12333492189645767,0.3993154466152191,2.957756519317627,1035.5550537109375
260337,100,0.52,-0.05207826569676399,0.56380695104599,3.3529510498046875,466.9486083984375
260338,100,0.58,-0.028177201747894287,0.5036488175392151,4.601877689361572,464.1795349121094
260339,62,0.6129032258064516,0.17431329190731049,0.43409934639930725,12.269076347351074,952.9431762695312
260340,100,0.52,0.022482993081212044,0.4952022135257721,5.860654830932617,612.3423461914062
260341,100,0.5,-0.20590773224830627,0.42929068207740784,1.1987370252609253,467.1803894042969
260342,100,0.6,-0.056880541145801544,0.5756943225860596,3.428475856781006,1401.2435302734375
260343,82,0.5365853658536586,0.07776729762554169,0.4636589288711548,7.173771381378174,837.6425170898438
260344,100,0.57,-0.07304774969816208,0.5132647752761841,2.8553619384765625,778.4913940429688
260345,100,0.55,0.06463611125946045,0.5755358934402466,15.871665000915527,794.998046875
260346,5,0.2,0.9162612557411194,0.34443116188049316,2.9320363998413086,517.6680297851562
260347,100,0.49,-0.21840551495552063,0.541646420955658,0.8642969727516174,1228.9354248046875
260348,100,0.49,-0.0356375016272068,0.5391340851783752,5.555457592010498,1489.2222900390625
260349,21,0.6666666666666666,0.3185288608074188,0.5229284167289734,11.561620712280273,1735.8388671875
260350,100,0.54,-0.134622722864151,0.44858214259147644,2.601224660873413,1020.5831298828125
260351,100,0.51,0.058273795992136,0.5162391662597656,12.8915433883667,685.592529296875
260352,100,0.45,-0.15154321491718292,0.5106692910194397,2.856325626373291,840.6727905273438
260353,100,0.48,-0.04880429431796074,0.541833758354187,2.994534969329834,938.3564453125
260354,100,0.49,-0.09555410593748093,0.5606001615524292,4.597447395324707,296.2010803222656
260355,88,0.48863636363636365,-0.03957466036081314,0.44941601157188416,2.520623207092285,1242.6199951171875
260356,100,0.45,-0.04212343692779541,0.5366831421852112,3.4345922470092773,456.983154296875
260357,60,0.38333333333333336,0.1118278056383133,0.5451568961143494,5.798978328704834,1199.2799072265625
260358,100,0.56,0.022585464641451836,0.5606030821800232,9.98999309539795,638.7119750976562
260359,100,0.62,-0.030207645148038864,0.49720528721809387,5.061260223388672,244.11077880859375
260360,15,0.8,0.1033666655421257,0.49844107031822205,5.83809757232666,1137.924560546875
260361,100,0.58,0.1104196161031723,0.5352990627288818,12.69925308227539,1309.736572265625
260362,100,0.51,-0.08389484137296677,0.5147561430931091,2.8206238746643066,1603.033203125
260363,100,0.55,-0.002679283730685711,0.5051250457763672,5.809183120727539,655.4451293945312
260364,100,0.54,0.027143610641360283,0.48073410987854004,8.82873821258545,776.4837646484375
260365,83,0.5421686746987951,0.11757825314998627,0.5258777141571045,8.515735626220703,1729.4356689453125
260366,100,0.44,-0.054444171488285065,0.47570210695266724,2.871826410293579,455.27655029296875
260367,100,0.38,-0.13172487914562225,0.48540306091308594,1.849331021308899,1303.1505126953125
260368,19,0.5263157894736842,0.19962525367736816,0.606755256652832,5.796864986419678,870.7610473632812
260369,100,0.29,0.07826845347881317,0.5834364295005798,7.200568199157715,508.10784912109375
260370,100,0.47,0.069952093064785,0.5012288093566895,19.483945846557617,929.027099609375
260371,100,0.55,-0.046007826924324036,0.4836241900920868,2.6793551445007324,1708.4862060546875
260372,100,0.38,0.07363451272249222,0.6380068063735962,8.023324966430664,1360.091796875
260373,63,0.5873015873015873,0.037434712052345276,0.5560160875320435,5.546097755432129,1024.1644287109375
260374,100,0.49,0.1055305078625679,0.5494755506515503,11.984033584594727,613.6142578125
260375,100,0.46,-0.031337302178144455,0.5082474946975708,5.5160722732543945,741.6121826171875
260376,100,0.62,0.040351711213588715,0.45553985238075256,10.582213401794434,1418.2120361328125
260377,100,0.58,-0.1324005126953125,0.6112444400787354,2.4578630924224854,509.7565612792969
260378,100,0.59,0.06535664945840836,0.5372340679168701,16.377761840820312,1031.59228515625
260379,100,0.5,-0.026644468307495117,0.43165725469589233,3.5209391117095947,823.8350219726562
260380,100,0.48,0.036196913570165634,0.503720223903656,6.529393196105957,1258.9287109375
260381,100,0.59,-0.06121346727013588,0.46401843428611755,4.218828201293945,1557.6197509765625
260382,100,0.5,-0.017761724069714546,0.5604697465896606,6.0913405418396,565.0753173828125
260383,100,0.56,-0.02718627080321312,0.5350338816642761,3.761322021484375,1112.826904296875
260384,92,0.42391304347826086,0.1027137041091919,0.48360636830329895,9.675981521606445,703.9526977539062
260385,100,0.48,0.043929845094680786,0.43138521909713745,11.349174499511719,1178.617919921875
260386,100,0.46,0.0009601038182154298,0.5492958426475525,4.326506614685059,617.2130126953125
260387,100,0.39,0.049886588007211685,0.5138130784034729,6.1851606369018555,606.5238647460938
260388,100,0.41,0.025755539536476135,0.4569724500179291,8.010902404785156,570.8330688476562
260389,100,0.48,0.13056518137454987,0.5196435451507568,12.653942108154297,623.9677124023438
260390,100,0.54,-0.045976247638463974,0.46628761291503906,11.228677749633789,1072.2574462890625
260391,100,0.46,-0.00263783591799438,0.47142142057418823,5.001735210418701,1255.2210693359375
260392,100,0.47,0.014157979749143124,0.566004753112793,4.873737812042236,1034.1026611328125
260393,21,0.38095238095238093,-0.2347317337989807,0.5274916291236877,0.7446052432060242,1128.70068359375
260394,100,0.48,-0.07473459094762802,0.5189183354377747,2.910794734954834,1779.18798828125
260395,100,0.49,-0.11074703931808472,0.5368111729621887,2.1995131969451904,814.2012939453125
260396,100,0.54,-0.2128603309392929,0.5184645652770996,2.1541972160339355,1430.72412109375
260397,100,0.5,0.09641210734844208,0.49587440490722656,8.324644088745117,683.6998291015625
260398,100,0.51,-0.09676529467105865,0.4721631407737732,3.225534439086914,1031.2335205078125
260399,29,0.4482758620689655,0.18260201811790466,0.5406806468963623,5.375969409942627,1796.486083984375
260400,100,0.51,-0.04240410029888153,0.5434304475784302,3.348048448562622,582.7767944335938
260401,100,0.45,-0.1060420349240303,0.47443872690200806,2.9381191730499268,950.3133544921875
260402,100,0.58,0.024990446865558624,0.6189596056938171,9.842918395996094,853.9651489257812
260403,100,0.47,-0.03850879892706871,0.5616853833198547,5.808244228363037,1403.5906982421875
260404,100,0.57,-0.09331397712230682,0.49386388063430786,2.723437786102295,1093.6309814453125
260405,100,0.51,0.057948336005210876,0.476400762796402,14.694670677185059,392.9833984375
260406,100,0.53,-0.00169541931245476,0.5232105851173401,4.210733413696289,1377.2708740234375
260407,100,0.53,0.09272544831037521,0.5735924243927002,9.773706436157227,762.2355346679688
260408,100,0.47,-0.18238593637943268,0.551554799079895,2.8338804244995117,959.6773681640625
260409,100,0.51,0.16865700483322144,0.5612345337867737,18.661470413208008,861.9908447265625
260410,100,0.58,-0.002346682595089078,0.4787069857120514,6.293064594268799,711.5816650390625
260411,100,0.4,0.03869585320353508,0.5727779269218445,5.272611141204834,737.6668090820312
260412,100,0.52,-0.06123625487089157,0.5492672920227051,4.318532943725586,414.6286926269531
260413,100,0.55,-0.03301439434289932,0.5590253472328186,3.361196279525757,326.1072692871094
260414,100,0.54,-0.008595030754804611,0.4144618511199951,8.207901954650879,1015.956787109375
260415,44,0.4772727272727273,0.2433968335390091,0.4999704360961914,10.768248558044434,945.7339477539062
260416,100,0.5,-0.10451946407556534,0.49648112058639526,3.0907819271087646,324.25067138671875
260417,100,0.38,0.021065913140773773,0.537639319896698,4.342526435852051,1434.3717041015625
260418,45,0.5777777777777777,0.2660367786884308,0.5246902704238892,11.447837829589844,1918.3414306640625
260419,100,0.49,0.0867411270737648,0.583029568195343,15.225229263305664,915.9396362304688
260420,100,0.52,0.05426093190908432,0.5489712357521057,18.939855575561523,1027.53271484375
260421,78,0.3717948717948718,0.16595134139060974,0.44447287917137146,12.972757339477539,1894.740966796875
260422,100,0.49,0.10594357550144196,0.5188420414924622,19.228801727294922,663.9700317382812
260423,29,0.4827586206896552,0.31697744131088257,0.4750708341598511,10.967074394226074,437.63787841796875
260424,100,0.37,-0.14835630357265472,0.5045440196990967,1.7586088180541992,901.9392700195312
260425,81,0.5555555555555556,0.0808526799082756,0.5135619640350342,10.637002944946289,1505.9150390625
260426,100,0.61,-0.1150040552020073,0.5247968435287476,1.6151119470596313,776.5684814453125
260427,74,0.5540540540540541,0.13702492415905,0.5104800462722778,14.1424560546875,1940.7587890625
260428,47,0.574468085106383,0.0858740359544754,0.4995117783546448,6.568802356719971,1278.056396484375
260429,100,0.46,-0.15467657148838043,0.49358710646629333,1.7946581840515137,821.4959106445312
260430,100,0.38,0.13166388869285583,0.5515009760856628,15.450600624084473,756.2940063476562
260431,86,0.4069767441860465,0.14647185802459717,0.49134841561317444,15.759300231933594,1347.60205078125
260432,100,0.44,-0.029097525402903557,0.5695709586143494,4.028473854064941,405.6097717285156
260433,100,0.47,0.09362594783306122,0.5731595754623413,8.565526962280273,1170.278564453125
260434,100,0.5,-0.015303637832403183,0.5313223004341125,4.016496658325195,1175.664306640625
260435,100,0.51,-0.043449677526950836,0.573512613773346,6.941887378692627,803.4950561523438
260436,30,0.5333333333333333,-0.04658292979001999,0.43267542123794556,3.7829201221466064,1770.317138671875
260437,100,0.45,0.00398294348269701,0.5610299110412598,8.851000785827637,1381.23974609375
260438,53,0.4716981132075472,-0.007680184673517942,0.4631738066673279,3.312856912612915,1862.1513671875
260439,100,0.5,0.1844300627708435,0.3826562464237213,14.041377067565918,188.2088623046875
260440,44,0.5,-0.0703539177775383,0.46866104006767273,3.9435195922851562,1324.893798828125
260441,100,0.48,-0.17079442739486694,0.509410560131073,0.7443363666534424,976.2478637695312
260442,100,0.52,-0.10458047688007355,0.561921238899231,3.5924015045166016,1275.8052978515625
260443,100,0.5,-0.0243426151573658,0.5482951402664185,6.508767127990723,840.2197265625
260444,29,0.5172413793103449,0.1634139120578766,0.6782323718070984,5.143579959869385,1136.6668701171875
260445,100,0.5,-0.1676383763551712,0.5127115845680237,2.2393746376037598,1529.9210205078125
260446,13,0.5384615384615384,0.5231916308403015,0.4172987639904022,8.045248031616211,1314.7928466796875
260447,100,0.43,0.013922850601375103,0.503604531288147,10.318341255187988,1226.4600830078125
260448,81,0.5432098765432098,0.11187322437763214,0.5116065740585327,19.497549057006836,1827.4908447265625
260449,100,0.48,-0.08329164981842041,0.5183107852935791,4.42734432220459,603.4804077148438
260450,23,0.5217391304347826,0.11208361387252808,0.39158543944358826,3.7255783081054688,1917.3369140625
260451,100,0.61,-0.03126354143023491,0.5288470983505249,5.858433723449707,764.0856323242188
260452,100,0.43,0.023377684876322746,0.48487263917922974,6.140698432922363,753.740234375
260453,100,0.44,-0.1320621371269226,0.4902576506137848,3.3640592098236084,1732.637939453125
260454,42,0.6428571428571429,0.14464178681373596,0.5534267425537109,10.093939781188965,473.12530517578125
260455,100,0.58,-0.14097468554973602,0.536401629447937,2.807265281677246,1327.2593994140625
260456,97,0.44329896907216493,0.01815853640437126,0.4585218131542206,5.26714563369751,1452.43896484375
260457,45,0.6,0.23396700620651245,0.6350019574165344,18.881589889526367,1548.0172119140625
260458,54,0.5370370370370371,0.1757429987192154,0.3923760652542114,11.362548828125,702.5006713867188
260459,100,0.53,-0.27838805317878723,0.43972867727279663,1.5460695028305054,711.8084716796875
260460,100,0.52,0.0455709733068943,0.5376020073890686,6.926116466522217,1461.73046875
260461,100,0.43,-0.17781104147434235,0.47941315174102783,2.6593639850616455,662.5692138671875
260462,100,0.55,0.10389900952577591,0.5751110315322876,20.651752471923828,315.86187744140625
260463,100,0.61,-0.1302887499332428,0.4819693863391876,1.7612172365188599,1117.7490234375
260464,73,0.4383561643835616,0.05085979029536247,0.5411286950111389,3.6174888610839844,1534.039794921875
260465,100,0.5,0.0048562888987362385,0.5563104152679443,13.812456130981445,726.4114379882812
260466,56,0.4642857142857143,-0.0021327114664018154,0.4826018214225769,5.56960916519165,625.8004150390625
260467,100,0.49,0.012889990583062172,0.5474653244018555,3.032719612121582,1444.201171875
260468,78,0.5512820512820513,0.18159207701683044,0.44433456659317017,14.725820541381836,692.6372680664062
260469,100,0.52,-0.11065088957548141,0.4588794410228729,1.9954676628112793,1267.251953125
260470,100,0.54,0.02400706708431244,0.5899244546890259,7.0030646324157715,807.3156127929688
260471,100,0.49,-0.036244794726371765,0.4815148413181305,8.46103286743164,1244.8392333984375
260472,100,0.46,0.026088079437613487,0.5072585344314575,5.01205587387085,1196.7000732421875
260473,61,0.6557377049180327,0.17857670783996582,0.49694928526878357,18.037076950073242,1136.080322265625
260474,100,0.45,-0.1729576289653778,0.5449427366256714,3.5578155517578125,722.7821044921875
260475,100,0.46,0.19300809502601624,0.4655245244503021,14.946861267089844,490.7701416015625
260476,10,0.3,0.2553960084915161,0.5599419474601746,2.247558832168579,902.1263427734375
260477,100,0.48,0.19421887397766113,0.47996753454208374,19.271041870117188,911.1236572265625
260478,85,0.4588235294117647,0.061244070529937744,0.4868082106113434,6.794703483581543,1887.8162841796875
260479,56,0.5714285714285714,0.12283541262149811,0.5194800496101379,11.045392990112305,717.52197265625
260480,100,0.51,-0.08186983317136765,0.5040757060050964,4.371683120727539,580.7687377929688
260481,39,0.4358974358974359,0.29918017983436584,0.588444709777832,10.258087158203125,688.5783081054688
260482,42,0.4523809523809524,0.5664603114128113,0.5239418745040894,22.651100158691406,1221.4830322265625
260483,77,0.5844155844155844,0.2142031490802765,0.5492161512374878,25.594350814819336,524.0643310546875
260484,100,0.52,-0.03986990824341774,0.5109081268310547,4.499289035797119,574.5145874023438
260485,36,0.5,0.11425086855888367,0.5015745759010315,4.248067855834961,975.9569091796875
260486,93,0.45161290322580644,0.05854996666312218,0.536683201789856,9.171629905700684,1370.656494140625
260487,41,0.5609756097560976,0.2819923460483551,0.4698387384414673,13.466897010803223,1336.1348876953125
260488,98,0.5102040816326531,0.027811434119939804,0.5451946258544922,10.026217460632324,952.36669921875
260489,54,0.5370370370370371,0.29668086767196655,0.4600256383419037,16.427762985229492,1170.85400390625
260490,100,0.49,0.035711564123630524,0.5098360180854797,10.6356840133667,625.5682983398438
260491,82,0.524390243902439,0.3009631037712097,0.5660974979400635,31.717336654663086,1875.07666015625
260492,76,0.5789473684210527,0.16818560659885406,0.5882360935211182,23.20600128173828,1879.3985595703125
260493,100,0.49,0.059891052544116974,0.5126909613609314,10.558147430419922,352.4540710449219
260494,90,0.5111111111111111,0.38854947686195374,0.48612746596336365,31.227832794189453,1664.27734375
260495,100,0.54,-0.07826126366853714,0.5114633440971375,3.574495553970337,485.5535583496094
260496,32,0.5,0.15963800251483917,0.4981694221496582,7.057697296142578,524.6245727539062
260497,100,0.56,0.09900832176208496,0.5129721760749817,9.540080070495605,889.2554931640625
260498,100,0.53,0.26622629165649414,0.5455476641654968,26.272714614868164,1991.976806640625
260499,100,0.54,0.18425816297531128,0.5005753636360168,18.373579025268555,1772.72216796875
260500,97,0.6185567010309279,0.025611238554120064,0.5234766006469727,15.430734634399414,1183.68310546875
260501,100,0.58,0.12037184834480286,0.5008736252784729,9.902585983276367,592.8244018554688
260502,46,0.43478260869565216,0.44460755586624146,0.4234495460987091,18.38960075378418,932.1039428710938
260503,100,0.56,0.10844815522432327,0.5337629318237305,18.846031188964844,456.3724670410156
260504,79,0.5949367088607594,0.10394593328237534,0.42013639211654663,13.64118480682373,1914.2252197265625
260505,100,0.58,0.04866082966327667,0.5273634791374207,9.604187965393066,1247.6116943359375
260506,73,0.4931506849315068,-0.03484437242150307,0.5626695156097412,2.5128862857818604,931.6134643554688
260507,62,0.5161290322580645,-0.12444128096103668,0.5380246639251709,1.8136099576950073,998.6722412109375
260508,100,0.58,0.0356190986931324,0.4806440770626068,13.840995788574219,427.92169189453125
260509,52,0.4230769230769231,0.22305046021938324,0.5049479603767395,14.256688117980957,1668.8284912109375
260510,100,0.51,0.061120375990867615,0.5161601305007935,6.717928886413574,1077.444091796875
260511,80,0.4875,-0.0010396868456155062,0.496782124042511,5.438078880310059,579.1417846679688
260512,48,0.6041666666666666,0.21063967049121857,0.5130327343940735,11.349535942077637,763.08740234375
260513,100,0.45,0.04792618751525879,0.47958695888519287,7.286108016967773,481.7826232910156
260514,100,0.49,-0.06141940504312515,0.5741201043128967,2.3444132804870605,921.1234130859375
260515,100,0.54,-0.04460377246141434,0.4746452271938324,4.830859184265137,775.4661865234375
260516,100,0.55,0.2391466647386551,0.5003968477249146,24.847984313964844,1711.0799560546875
260517,100,0.5,-0.08636107295751572,0.5190188884735107,4.623764991760254,827.5780029296875
260518,100,0.46,-0.03775956854224205,0.4932914972305298,5.643571376800537,1909.5465087890625
260519,100,0.42,0.2206956148147583,0.5419908165931702,21.109716415405273,1239.9073486328125
260520,59,0.4576271186440678,0.11614953726530075,0.5204148292541504,10.045856475830078,952.6123657226562
260521,100,0.52,-0.10852747410535812,0.5345437526702881,2.285620927810669,1251.04296875
260522,100,0.68,0.23198413848876953,0.513885498046875,28.077308654785156,757.3838500976562
260523,100,0.61,0.1643168032169342,0.6339026689529419,14.773756980895996,575.9933471679688
260524,100,0.69,-0.12677697837352753,0.6277835369110107,7.242232799530029,1302.4739990234375
260525,100,0.54,-0.0870513990521431,0.5885326862335205,4.402432441711426,1332.773193359375
260526,57,0.6491228070175439,0.194297656416893,0.47133010625839233,18.869298934936523,1276.6343994140625
260527,54,0.3888888888888889,0.41188058257102966,0.47755199670791626,19.036394119262695,1280.1640625
260528,100,0.46,-0.07328849285840988,0.43974462151527405,4.840510368347168,647.68359375
260529,100,0.39,-0.0568903349339962,0.49111175537109375,3.5932581424713135,815.8374633789062
260530,100,0.47,-0.05509526655077934,0.5398280024528503,4.6323323249816895,1911.2603759765625
260531,100,0.54,-0.0909002497792244,0.5153606534004211,1.7972389459609985,1376.3671875
260532,100,0.41,-0.029427828267216682,0.5049473643302917,4.478522300720215,1528.52734375
260533,39,0.5384615384615384,0.006539881229400635,0.5593397617340088,4.4278035163879395,1716.3497314453125
260534,38,0.5,0.18102535605430603,0.5629822611808777,6.515051364898682,580.7880859375
260535,100,0.51,-0.06598270684480667,0.5077568888664246,5.258438587188721,1027.0501708984375
260536,100,0.51,-0.29300031065940857,0.6072811484336853,1.0243688821792603,1371.6536865234375
260537,100,0.45,-0.15420186519622803,0.521105945110321,2.5420351028442383,499.1587219238281
260538,50,0.52,0.10471964627504349,0.49088239669799805,9.125889778137207,1264.1807861328125
260539,100,0.43,0.04771070182323456,0.5061384439468384,6.335199356079102,1084.4791259765625
260540,100,0.49,0.01778273656964302,0.49505478143692017,7.8710527420043945,1170.8515625
260541,100,0.48,-0.11449497193098068,0.462402880191803,1.567232370376587,903.3177490234375
260542,100,0.46,0.0055287922732532024,0.5167996287345886,5.857561111450195,989.631591796875
260543,100,0.48,-0.19050276279449463,0.41318023204803467,3.4816040992736816,311.0815124511719
260544,100,0.48,0.011877154000103474,0.5226773619651794,8.660737037658691,1147.81494140625
260545,100,0.46,0.11506795138120651,0.5174242258071899,18.856163024902344,1230.37255859375
260546,100,0.44,0.09457384794950485,0.5119949579238892,9.628108978271484,826.2930297851562
260547,89,0.6179775280898876,0.025411086156964302,0.5686440467834473,7.741152763366699,1283.7100830078125
260548,100,0.49,-0.1346987634897232,0.5511223673820496,3.0459585189819336,913.1652221679688
260549,100,0.56,-0.03151819482445717,0.5749725103378296,6.634460926055908,894.753173828125
260550,100,0.53,-0.0753776878118515,0.5137720704078674,1.6917660236358643,1113.987060546875
260551,56,0.35714285714285715,0.14866557717323303,0.48525258898735046,9.047792434692383,695.7734375
260552,100,0.51,-0.05714225396513939,0.56944739818573,3.223567008972168,662.3206787109375
260553,100,0.52,0.11012230813503265,0.5704891681671143,10.788043975830078,727.1945190429688
260554,100,0.5,-0.09159067273139954,0.450982004404068,2.3916847705841064,1093.57470703125
260555,100,0.54,-0.03690589964389801,0.578454852104187,5.520761489868164,673.5230712890625
260556,100,0.5,0.0583515465259552,0.5174978375434875,12.664375305175781,942.4979248046875
260557,100,0.51,-0.11423660069704056,0.4555623531341553,2.3405601978302,732.89599609375
260558,100,0.53,-0.021163813769817352,0.5429523587226868,5.860496997833252,504.0162353515625
260559,100,0.54,-0.1302107721567154,0.5182696580886841,2.79084849357605,1312.3455810546875
260560,100,0.63,-0.06044984608888626,0.5079436302185059,4.701745986938477,1678.2755126953125
260561,100,0.52,-0.010260302573442459,0.5121961236000061,7.095575332641602,1119.3389892578125
260562,62,0.532258064516129,-0.011429950594902039,0.5082831382751465,7.345992088317871,1859.307861328125
260563,82,0.5121951219512195,0.02649584598839283,0.4606533646583557,7.610316753387451,1195.6312255859375
260564,100,0.54,0.030551133677363396,0.4997953772544861,7.0538811683654785,903.404296875
260565,100,0.59,0.13517557084560394,0.5778432488441467,17.872953414916992,1450.128173828125
260566,100,0.47,-0.02062831073999405,0.5535720586776733,4.8929123878479,576.7071533203125
260567,100,0.55,-0.09856218099594116,0.47842368483543396,2.334096908569336,912.72802734375
260568,88,0.5454545454545454,-0.02178235910832882,0.5404700040817261,4.816795825958252,797.0278930664062
260569,43,0.3953488372093023,0.07615998387336731,0.5344712138175964,5.402926921844482,1916.630126953125
260570,100,0.52,0.08343783020973206,0.4867362976074219,9.445960998535156,646.7996826171875
260571,58,0.5344827586206896,0.06792839616537094,0.3699203133583069,10.191637992858887,2106.437744140625
260572,82,0.47560975609756095,0.17122605443000793,0.45360440015792847,19.332971572875977,1486.077392578125
260573,40,0.5,0.3373222053050995,0.5162859559059143,15.955078125,1141.959228515625
260574,93,0.5053763440860215,-0.027123460546135902,0.5349549651145935,3.337775468826294,1108.3348388671875
260575,100,0.51,-0.09113014489412308,0.5246372818946838,1.9188461303710938,868.5098266601562
260576,100,0.56,0.0076560270972549915,0.4769241511821747,6.827811241149902,947.3809814453125
260577,100,0.58,0.09549253433942795,0.5024539232254028,9.213979721069336,377.908203125
260578,100,0.58,0.01180934812873602,0.49238941073417664,7.501842021942139,860.591796875
260579,79,0.4936708860759494,0.16369812190532684,0.5106452107429504,13.69356918334961,2166.056640625
260580,100,0.53,-0.0009270018199458718,0.5385407209396362,6.0824456214904785,373.6059265136719
260581,47,0.5106382978723404,0.0804014727473259,0.4176885485649109,5.106025218963623,1934.998046875
260582,29,0.5517241379310345,0.3123232424259186,0.5404355525970459,9.116722106933594,1410.195556640625
260583,41,0.5121951219512195,-0.04095246270298958,0.5286319255828857,2.6530580520629883,921.8025512695312
260584,100,0.61,-0.15807384252548218,0.47808563709259033,2.335331916809082,1043.9122314453125
260585,35,0.4,0.25933724641799927,0.41059044003486633,5.0760087966918945,976.2342529296875
260586,78,0.5512820512820513,0.00701762642711401,0.5639500617980957,4.314406871795654,1868.813720703125
260587,72,0.4722222222222222,0.14406456053256989,0.4862736761569977,13.47928237915039,2014.6422119140625
260588,30,0.43333333333333335,0.30049583315849304,0.3838850259780884,11.57957649230957,1431.595458984375
260589,100,0.5,-0.03057594783604145,0.6451418995857239,7.921948432922363,824.621337890625
260590,100,0.57,-0.031216809526085854,0.5395192503929138,6.651793003082275,675.2474975585938
260591,100,0.49,-0.14028649032115936,0.5159379839897156,1.742002010345459,508.24749755859375
260592,74,0.3918918918918919,-0.012094289995729923,0.4966450035572052,5.146982669830322,1618.5523681640625
260593,100,0.44,-0.04230377450585365,0.533722460269928,5.505985260009766,971.3627319335938
260594,100,0.47,-0.029188498854637146,0.5400559902191162,4.328426361083984,1041.84619140625
260595,100,0.41,0.06329389661550522,0.5206766724586487,5.1390485763549805,1747.871337890625
260596,100,0.48,0.054016727954149246,0.47982126474380493,12.238188743591309,1334.613525390625
260597,82,0.4268292682926829,0.17956355214118958,0.5143277645111084,20.347110748291016,1534.1348876953125
260598,82,0.5609756097560976,0.13152353465557098,0.495697557926178,14.587052345275879,636.5630493164062
260599,100,0.43,-0.09055841714143753,0.5639657974243164,2.26126766204834,674.3392944335938
260600,73,0.589041095890411,-0.021871786564588547,0.5052126049995422,4.173063278198242,442.7958984375
260601,100,0.52,0.057821061462163925,0.5799350738525391,11.346212387084961,487.7748107910156
260602,100,0.57,0.062075499445199966,0.49875497817993164,8.678351402282715,829.131103515625
260603,100,0.44,0.12634551525115967,0.4781400263309479,13.294177055358887,690.627685546875
260604,27,0.5925925925925926,0.027539435774087906,0.6698351502418518,2.618807077407837,1548.078369140625
260605,58,0.46551724137931033,0.10896249115467072,0.408968985080719,5.139926433563232,908.9292602539062
260606,100,0.56,-0.04140374809503555,0.5157603025436401,3.250485897064209,838.9298706054688
260607,39,0.4358974358974359,0.08255833387374878,0.6104997992515564,3.6162683963775635,1169.31787109375
260608,100,0.47,-0.10138746351003647,0.49691393971443176,1.6395894289016724,237.54669189453125
260609,100,0.54,-0.025065425783395767,0.5234876871109009,5.350864410400391,790.6103515625
260610,100,0.52,-0.0877186506986618,0.5661864876747131,6.125897407531738,1073.484130859375
260611,85,0.47058823529411764,0.15659253299236298,0.5410532355308533,12.913432121276855,497.50701904296875
260612,100,0.51,0.08383289724588394,0.535409152507782,12.787358283996582,1256.6566162109375
260613,100,0.37,0.061049047857522964,0.47180771827697754,7.519425868988037,1628.3690185546875
260614,61,0.4918032786885246,-0.1179351806640625,0.47942259907722473,3.6201491355895996,1640.124267578125
260615,100,0.54,0.1456034779548645,0.4769478142261505,18.857210159301758,976.4951171875
260616,100,0.57,-0.06531348824501038,0.5484089851379395,3.125253200531006,494.62127685546875
260617,84,0.47619047619047616,-0.06757890433073044,0.5449022650718689,4.3324689865112305,606.0047607421875
260618,20,0.55,0.15622295439243317,0.46091970801353455,6.2300262451171875,1069.885986328125
260619,35,0.37142857142857144,0.0696038156747818,0.4738967716693878,4.731734752655029,1284.5169677734375
260620,100,0.49,-0.07289911806583405,0.4641452431678772,3.160734176635742,1379.5565185546875
260621,100,0.52,-0.16993388533592224,0.5146071910858154,1.707870364189148,767.532958984375
260622,100,0.51,-0.16204608976840973,0.5908896923065186,2.0833332538604736,1005.5145263671875
260623,70,0.4714285714285714,0.061775367707014084,0.5816699266433716,4.742179870605469,329.171142578125
260624,100,0.54,-0.1511724293231964,0.4704294502735138,2.1187973022460938,1883.0792236328125
260625,53,0.5094339622641509,0.26105019450187683,0.5792962312698364,11.827908515930176,1436.1080322265625
260626,100,0.49,0.08225984871387482,0.5018181204795837,6.4020586013793945,1444.5791015625
260627,100,0.49,0.06798578798770905,0.5190150737762451,8.860411643981934,1318.6671142578125
260628,56,0.4642857142857143,0.15799996256828308,0.5668145418167114,7.46278715133667,1762.397216796875
260629,100,0.47,0.15047617256641388,0.47393572330474854,12.784163475036621,1076.6624755859375
260630,100,0.43,-0.0348954014480114,0.45981621742248535,4.278526306152344,1020.4635620117188
260631,100,0.53,-0.032339371740818024,0.5293365120887756,6.389984130859375,1704.65234375
260632,20,0.4,-0.06722479313611984,0.5874621272087097,1.4359573125839233,1276.71875
260633,100,0.47,-0.10646840184926987,0.5057581067085266,1.6890418529510498,714.4227294921875
260634,100,0.51,-0.0014376593753695488,0.5445276498794556,6.599884510040283,816.8876342773438
260635,51,0.47058823529411764,0.16728456318378448,0.43284356594085693,13.220664978027344,356.6982727050781
260636,100,0.5,0.045637402683496475,0.48016369342803955,5.354108810424805,1093.195556640625
260637,37,0.5405405405405406,0.2756354808807373,0.5089491009712219,9.25965404510498,1622.4736328125
260638,97,0.44329896907216493,0.008039332926273346,0.5221428871154785,6.45071268081665,2049.909912109375
260639,96,0.4895833333333333,0.1233772486448288,0.5452088117599487,17.149904251098633,2216.702392578125
260640,100,0.51,0.13429713249206543,0.5246325731277466,17.390644073486328,1237.6065673828125
260641,100,0.49,-0.04530797153711319,0.44935107231140137,2.805767297744751,338.91766357421875
260642,100,0.56,-0.16331888735294342,0.45306631922721863,1.6826034784317017,1076.062255859375
260643,100,0.48,-0.0726371631026268,0.5104603171348572,3.302955389022827,895.5563354492188
260644,100,0.52,0.18722890317440033,0.5612134337425232,18.205297470092773,380.9903564453125
260645,100,0.57,-0.03610973060131073,0.4369421601295471,6.246346473693848,1633.6817626953125
260646,100,0.52,-0.0018923603929579258,0.5265044569969177,6.155074596405029,1251.5604248046875
260647,100,0.42,0.18328042328357697,0.5637631416320801,16.994688034057617,1085.2557373046875
260648,100,0.5,0.13497084379196167,0.5784690380096436,22.095840454101562,486.54827880859375
260649,63,0.49206349206349204,0.16261732578277588,0.48397719860076904,14.940560340881348,985.8079223632812
260650,100,0.5,-0.029523542150855064,0.5560733675956726,4.987677097320557,779.35302734375
260651,100,0.53,0.1400441825389862,0.5244282484054565,16.663105010986328,1748.4970703125
260652,40,0.525,0.2679426372051239,0.5949268937110901,13.318771362304688,367.1543884277344
260653,100,0.52,0.0797962099313736,0.559424102306366,8.311030387878418,874.7352905273438
260654,17,0.4117647058823529,0.4924702048301697,0.4949570596218109,3.745497226715088,1143.63720703125
260655,70,0.45714285714285713,0.015348237007856369,0.4978891611099243,4.163389205932617,1037.27978515625
260656,100,0.49,-0.007300701458007097,0.5132074952125549,9.342519760131836,329.05401611328125
260657,100,0.56,0.1518065184354782,0.5230478644371033,15.460641860961914,637.8140869140625
260658,100,0.44,-0.019518472254276276,0.6038190722465515,5.619851589202881,1043.3084716796875
260659,9,0.5555555555555556,-0.11256822198629379,0.35159388184547424,1.046218752861023,612.0396118164062
260660,100,0.63,0.008381507359445095,0.5064970254898071,5.192400932312012,1212.60546875
260661,85,0.5176470588235295,0.24771027266979218,0.40338143706321716,17.83557891845703,1021.2808837890625
260662,74,0.4864864864864865,0.26641497015953064,0.48009154200553894,18.10293197631836,1310.537109375
260663,100,0.43,0.1095229759812355,0.5328695178031921,7.7984161376953125,903.1529541015625
260664,47,0.5531914893617021,0.11838444322347641,0.5449643135070801,7.188048839569092,394.1075744628906
260665,100,0.47,-0.10425767302513123,0.483052134513855,3.528859853744507,1400.629638671875
260666,100,0.58,-0.06891833990812302,0.5595901012420654,4.994295597076416,1299.5181884765625
260667,100,0.45,-0.013949288055300713,0.42425650358200073,3.959061861038208,1455.4678955078125
260668,100,0.46,-0.15150263905525208,0.5766899585723877,1.8608832359313965,994.4707641601562
260669,100,0.47,0.019317613914608955,0.5040252804756165,6.0482892990112305,526.8822021484375
260670,100,0.42,0.18022389709949493,0.5245885848999023,13.01062297821045,1175.6138916015625
260671,100,0.53,0.015526024624705315,0.5321105122566223,5.129743576049805,350.3871765136719
260672,17,0.35294117647058826,0.2646466791629791,0.3468235433101654,1.927276611328125,932.9681396484375
260673,100,0.38,0.08381599187850952,0.45387399196624756,6.695907115936279,1410.6295166015625
260674,100,0.43,-0.041435275226831436,0.5001673698425293,6.907745361328125,984.4986572265625
260675,100,0.58,-0.10334138572216034,0.4910008907318115,4.2322492599487305,1844.4783935546875
260676,31,0.5161290322580645,0.08592581748962402,0.5465322136878967,6.523644924163818,1029.637939453125
260677,100,0.48,0.08729872852563858,0.5242900252342224,16.33136749267578,1941.565185546875
260678,100,0.47,-0.15908314287662506,0.49850374460220337,1.970321536064148,981.5888671875
260679,100,0.53,-0.10816340893507004,0.48160743713378906,1.7296206951141357,772.9008178710938
260680,70,0.5,0.19585317373275757,0.41589072346687317,16.214418411254883,1135.1646728515625
260681,81,0.5679012345679012,0.11976689845323563,0.40584641695022583,11.777904510498047,1626.6004638671875
260682,100,0.42,-0.07221084833145142,0.451873242855072,3.58585786819458,952.7828979492188
260683,100,0.46,-0.068120077252388,0.5075369477272034,3.11716890335083,1830.3760986328125
260684,100,0.53,0.2642117142677307,0.5476692318916321,19.766721725463867,1621.75439453125
260685,91,0.5494505494505495,0.35873791575431824,0.5386387705802917,24.636571884155273,1159.5047607421875
260686,73,0.684931506849315,0.11338020116090775,0.43074896931648254,16.349369049072266,1782.3824462890625
260687,32,0.59375,0.23258619010448456,0.4271157383918762,8.202154159545898,1513.331298828125
260688,44,0.6363636363636364,0.16230538487434387,0.4384285807609558,10.256749153137207,1701.7860107421875
260689,100,0.54,0.17276880145072937,0.573457658290863,12.09749984741211,490.2531433105469
260690,100,0.47,0.018547914922237396,0.49905484914779663,3.5955426692962646,405.44488525390625
260691,100,0.46,0.2304210215806961,0.5112078785896301,15.404019355773926,1858.42138671875
260692,71,0.5211267605633803,0.12645335495471954,0.49431347846984863,8.457603454589844,1504.4478759765625
260693,100,0.44,0.03504226729273796,0.5300659537315369,8.749602317810059,1195.7508544921875
260694,40,0.575,0.04422194883227348,0.6548382639884949,4.991320610046387,920.7570190429688
260695,100,0.48,-0.08609962463378906,0.5480064749717712,2.8130688667297363,809.4478149414062
260696,100,0.55,0.10968566685914993,0.46326273679733276,9.040338516235352,1458.674072265625
260697,100,0.48,-0.0016199573874473572,0.5694161057472229,4.559889316558838,1413.7666015625
260698,100,0.48,0.06441556662321091,0.5643529891967773,21.022968292236328,1180.6739501953125
260699,8,0.75,0.02533228136599064,0.8319423198699951,1.0947506427764893,1271.0394287109375
260700,100,0.6,0.1807592660188675,0.4997413754463196,22.635160446166992,1175.42041015625
260701,69,0.6086956521739131,0.22032183408737183,0.6338338255882263,19.351511001586914,461.44549560546875
260702,100,0.53,0.037982698529958725,0.5042881369590759,10.392486572265625,484.53857421875
260703,75,0.49333333333333335,0.07911962270736694,0.5618030428886414,8.357443809509277,1040.990478515625
260704,98,0.4387755102040816,0.11483094841241837,0.5032376646995544,11.701457023620605,1949.062744140625
260705,100,0.52,0.04463272541761398,0.5561560988426208,7.075838565826416,418.27508544921875
260706,83,0.5662650602409639,-0.0676533430814743,0.5319871306419373,3.7370917797088623,445.7706604003906
260707,100,0.4,-0.04612923413515091,0.539240837097168,4.308843612670898,816.377685546875
260708,100,0.56,0.1764337122440338,0.4906012713909149,18.011123657226562,1601.27783203125
260709,68,0.5147058823529411,0.2370140552520752,0.4619256258010864,17.61282730102539,892.3260498046875
260710,100,0.5,-0.05117472633719444,0.46987155079841614,3.9328794479370117,919.519775390625
260711,100,0.51,0.12740962207317352,0.48132652044296265,12.195086479187012,139.4888153076172
260712,49,0.5102040816326531,0.19977544248104095,0.48259031772613525,12.212559700012207,447.3628234863281
260713,41,0.43902439024390244,0.40090909600257874,0.5653014779090881,13.318658828735352,857.931884765625
260714,100,0.45,0.1634417325258255,0.5481374859809875,15.397186279296875,214.87452697753906
260715,39,0.6666666666666666,0.17740947008132935,0.4446479082107544,8.025232315063477,981.8427124023438
260716,100,0.5,0.01113901473581791,0.48449811339378357,4.298686981201172,1013.1697387695312
260717,100,0.44,0.03861256688833237,0.49274036288261414,10.270102500915527,827.1633911132812
260718,9,0.5555555555555556,0.05220837518572807,0.5594303607940674,1.6456694602966309,524.2034301757812
260719,100,0.51,0.07565940916538239,0.5336127877235413,13.482539176940918,1094.6566162109375
260720,92,0.5,0.5069543123245239,0.5504620671272278,31.87518310546875,1723.762451171875
260721,81,0.5308641975308642,0.17441974580287933,0.4416695535182953,14.775751113891602,1865.1923828125
260722,49,0.5510204081632653,0.3704545199871063,0.4556913375854492,16.402883529663086,1000.3624267578125
260723,37,0.43243243243243246,-0.005044668912887573,0.5516452193260193,3.2417640686035156,1579.5723876953125
260724,59,0.5932203389830508,0.2313198298215866,0.5945531725883484,17.41001319885254,1596.4285888671875
260725,27,0.6666666666666666,-0.01471919659525156,0.539597749710083,3.9819681644439697,1157.915771484375
260726,100,0.51,-0.18077236413955688,0.5137733221054077,1.9391909837722778,1035.0767822265625
260727,100,0.5,0.037559960037469864,0.5563401579856873,9.554178237915039,1211.0570068359375
260728,57,0.47368421052631576,0.2916509807109833,0.4598764479160309,19.147193908691406,1386.2733154296875
260729,38,0.42105263157894735,0.12135251611471176,0.46374017000198364,4.889058589935303,646.5101928710938
260730,100,0.55,-0.04337581619620323,0.5050383806228638,5.8134026527404785,156.5587921142578
260731,100,0.56,0.18249759078025818,0.5516727566719055,19.270883560180664,841.6407470703125
260732,11,0.5454545454545454,-0.23743951320648193,0.36899322271347046,2.0846481323242188,756.1544799804688
260733,91,0.5054945054945055,0.12533637881278992,0.5171005725860596,12.635873794555664,1272.0120849609375
260734,100,0.47,0.2271759808063507,0.48565566539764404,21.331947326660156,1681.2353515625
260735,100,0.54,0.1875106692314148,0.5513508319854736,19.368228912353516,1122.9224853515625
260736,100,0.43,0.19609029591083527,0.477411150932312,25.33391571044922,716.8306884765625
260737,100,0.5,0.05250784009695053,0.5234103202819824,5.761970043182373,705.3255615234375
260738,100,0.55,0.027358056977391243,0.5573768019676208,16.732898712158203,1495.0743408203125
260739,100,0.4,-0.1427568942308426,0.536840558052063,2.1417181491851807,1588.7425537109375
260740,100,0.5,0.18046516180038452,0.4910980463027954,11.975469589233398,1464.8157958984375
260741,39,0.5384615384615384,-0.017327850684523582,0.6461737155914307,2.068967580795288,1357.3328857421875
260742,100,0.4,-0.09640006721019745,0.5258657336235046,2.4292802810668945,1493.501953125
260743,100,0.57,-0.24626879394054413,0.5344588160514832,0.9183523654937744,714.3768310546875
260744,25,0.6,0.19513221085071564,0.46845799684524536,4.593244552612305,626.4085693359375
260745,61,0.4918032786885246,0.015501704066991806,0.5147746205329895,8.182086944580078,1203.2354736328125
260746,24,0.5416666666666666,0.21054288744926453,0.6260736584663391,7.533125400543213,1819.9613037109375
260747,100,0.47,-0.13919968903064728,0.4465625286102295,2.0287840366363525,1582.81884765625
260748,100,0.53,0.1291912943124771,0.5113131999969482,17.594280242919922,1250.1754150390625
260749,57,0.49122807017543857,-0.061789967119693756,0.63778156042099,3.6378204822540283,1296.8907470703125
260750,100,0.48,-0.1758517622947693,0.5641356706619263,3.563286066055298,1088.087646484375
260751,100,0.61,-0.1383351981639862,0.5064965486526489,2.9091241359710693,676.4310913085938
260752,100,0.55,-0.0970526710152626,0.4598133862018585,2.2665927410125732,471.3122253417969
260753,48,0.5833333333333334,0.10025695711374283,0.4531101584434509,8.147541999816895,1516.6536865234375
260754,100,0.53,-0.02264890819787979,0.5574385523796082,7.403263568878174,791.3709716796875
260755,84,0.6190476190476191,0.17773190140724182,0.5159242153167725,18.484310150146484,1384.72705078125
260756,100,0.59,0.13516658544540405,0.5923277735710144,13.455726623535156,2144.3056640625
260757,100,0.57,-0.10458644479513168,0.5594648122787476,2.9187123775482178,748.8595581054688
260758,100,0.58,-0.06835971027612686,0.44001901149749756,3.638711929321289,1632.9149169921875
260759,100,0.49,0.04569530487060547,0.43989455699920654,17.368797302246094,2192.5458984375
260760,100,0.54,-0.249856635928154,0.5246985554695129,1.4556692838668823,1289.71630859375
260761,100,0.48,-0.0553804486989975,0.5039154887199402,4.30845308303833,638.655517578125
260762,100,0.47,0.039944667369127274,0.5084876418113708,4.998478889465332,1520.72900390625
260763,100,0.52,-0.03925804793834686,0.4672147333621979,4.420003414154053,454.5447998046875
260764,100,0.43,-0.02295650541782379,0.4948059022426605,10.176817893981934,837.7708129882812
260765,100,0.38,-0.06243794783949852,0.4913035035133362,3.404677152633667,916.6083374023438
260766,100,0.5,-0.13490107655525208,0.42128264904022217,2.354579448699951,945.1767578125
260767,100,0.47,-0.12959575653076172,0.5294023156166077,2.489633798599243,1395.6015625
260768,100,0.49,-0.15019617974758148,0.561582624912262,1.3376688957214355,1460.948486328125
260769,55,0.43636363636363634,0.17009228467941284,0.5803373456001282,8.785135269165039,1779.735595703125
260770,100,0.53,-0.03240072354674339,0.4736432731151581,3.7032811641693115,1029.672607421875
260771,52,0.46153846153846156,0.05290935933589935,0.5145004987716675,3.5126612186431885,793.297119140625
260772,100,0.46,-0.02420095168054104,0.5136613249778748,6.194354057312012,1343.9434814453125
260773,100,0.48,-0.1296953409910202,0.47982484102249146,3.6295526027679443,651.9358520507812
260774,69,0.4782608695652174,0.026564430445432663,0.5061219334602356,6.469510555267334,732.7476196289062
260775,100,0.52,-0.035578273236751556,0.5299206376075745,3.70351505279541,1181.329345703125
260776,36,0.4444444444444444,0.13853886723518372,0.46434491872787476,3.721440315246582,1613.1719970703125
260777,100,0.45,-0.030680706724524498,0.47217750549316406,2.8138787746429443,1159.38330078125
260778,37,0.4594594594594595,-0.00878646969795227,0.5313405990600586,2.7395310401916504,1489.4393310546875
260779,100,0.42,-0.11960860341787338,0.4597606658935547,3.740255117416382,165.7127227783203
260780,67,0.43283582089552236,0.1807127296924591,0.5410870313644409,12.303955078125,487.12054443359375
260781,100,0.52,-0.09334456920623779,0.5742555260658264,3.195136785507202,1430.5750732421875
260782,29,0.3793103448275862,0.3596344590187073,0.43438920378685,8.840185165405273,1555.068115234375
260783,73,0.3972602739726027,0.1783488392829895,0.5961129069328308,8.050457000732422,685.7880859375
260784,39,0.48717948717948717,0.18458689749240875,0.5205861330032349,5.967497825622559,1060.5323486328125
260785,100,0.45,-0.12605096399784088,0.5452825427055359,3.6924428939819336,792.8301391601562
260786,100,0.58,0.03547677770256996,0.5157257914543152,5.423340320587158,1459.9049072265625
260787,98,0.5,0.10787007957696915,0.48244160413742065,11.797171592712402,1683.2222900390625
260788,33,0.42424242424242425,-0.0987357646226883,0.4047204554080963,1.874938726425171,824.3566284179688
260789,75,0.5733333333333334,0.173839271068573,0.4431656002998352,19.478078842163086,1036.503173828125
260790,95,0.6105263157894737,0.13443395495414734,0.5046687722206116,23.664438247680664,1382.7635498046875
260791,100,0.49,0.025483280420303345,0.48715558648109436,10.058018684387207,281.40118408203125
260792,13,0.5384615384615384,0.3735315203666687,0.5021044611930847,7.102116584777832,1096.145263671875
260793,71,0.5492957746478874,0.1843264251947403,0.5098950862884521,10.390106201171875,2084.656982421875
260794,57,0.6491228070175439,0.08906860649585724,0.4854516386985779,17.359603881835938,889.66748046875
260795,100,0.49,-0.045663367956876755,0.4865874946117401,3.9737966060638428,1417.3104248046875
260796,80,0.4375,0.2114035040140152,0.5176404714584351,12.656644821166992,1443.9521484375
260797,81,0.4567901234567901,0.22572128474712372,0.51235431432724,17.85531997680664,832.487060546875
260798,100,0.6,0.09088163077831268,0.3981672525405884,14.639222145080566,721.4058837890625
260799,87,0.5172413793103449,0.11501356959342957,0.5446894764900208,10.070167541503906,1818.363037109375
260800,100,0.51,0.03109116666018963,0.48427483439445496,12.643702507019043,917.9888305664062
260801,100,0.55,0.059445299208164215,0.48638415336608887,11.379188537597656,1544.3751220703125
260802,11,0.7272727272727273,0.28239622712135315,0.5765239000320435,5.32859992980957,279.409912109375
260803,100,0.51,0.15413857996463776,0.5380795001983643,15.498565673828125,962.497314453125
260804,100,0.53,0.25930190086364746,0.5360440015792847,21.30121421813965,480.53350830078125
260805,14,0.7142857142857143,-0.019229263067245483,0.2937878966331482,1.6062051057815552,790.4749145507812
260806,63,0.3968253968253968,0.0661597028374672,0.5240426063537598,5.029586315155029,840.2599487304688
260807,100,0.51,-0.052169255912303925,0.5598717331886292,2.828075647354126,1407.1029052734375
260808,100,0.52,-0.03743995353579521,0.5868100523948669,3.7321581840515137,809.9053955078125
260809,59,0.559322033898305,0.1465042531490326,0.47158321738243103,15.96113109588623,640.7779541015625
260810,100,0.46,-0.015738599002361298,0.4925823509693146,6.410073757171631,1242.868408203125
260811,100,0.47,-0.07885397225618362,0.523097038269043,3.1608660221099854,712.2886962890625
260812,41,0.4878048780487805,0.2320365011692047,0.5807663798332214,8.914591789245605,1474.2020263671875
260813,58,0.5344827586206896,0.337480366230011,0.515317440032959,19.583314895629883,1609.8505859375
260814,100,0.59,0.06064378097653389,0.5646710991859436,10.477753639221191,709.792236328125
260815,56,0.5,0.05517447739839554,0.4841841161251068,9.60895824432373,1247.7001953125
260816,100,0.56,0.03927026316523552,0.45868414640426636,13.781128883361816,908.9193115234375
260817,100,0.5,-0.09643737971782684,0.4884662330150604,3.161391496658325,151.89747619628906
260818,100,0.5,-0.01677050068974495,0.5621969103813171,5.437124729156494,1259.4573974609375
260819,100,0.52,0.13508501648902893,0.5948302149772644,16.114892959594727,1016.0147094726562
260820,27,0.5925925925925926,0.06610281020402908,0.4829655587673187,5.121922016143799,1517.3607177734375
260821,100,0.67,0.07642608135938644,0.4906555414199829,17.199853897094727,1748.1185302734375
260822,98,0.47959183673469385,0.23115523159503937,0.5277484059333801,20.837696075439453,1095.943603515625
260823,100,0.5,-0.10229475051164627,0.49434390664100647,6.151329517364502,1189.89306640625
260824,100,0.48,-0.04048892483115196,0.5318787097930908,4.06580924987793,750.4888305664062
260825,100,0.58,-0.02873673290014267,0.49513861536979675,6.33797550201416,1742.1722412109375
260826,100,0.47,0.04224935546517372,0.5762718319892883,7.348623275756836,1160.3099365234375
260827,75,0.4,0.22262877225875854,0.47410574555397034,19.20496368408203,1371.0850830078125
260828,100,0.48,-0.022085055708885193,0.5799723863601685,5.211339950561523,750.767822265625
260829,100,0.38,-0.25854790210723877,0.501899003982544,0.8663220405578613,1208.09228515625
260830,68,0.6029411764705882,0.21776583790779114,0.5266029834747314,20.75595474243164,880.4507446289062
260831,100,0.46,0.09049670398235321,0.5467921495437622,8.58152961730957,679.6893310546875
260832,41,0.5853658536585366,0.536116361618042,0.5514071583747864,30.307485580444336,1682.15087890625
260833,32,0.5625,0.08923584967851639,0.518771231174469,5.178739070892334,897.249267578125
260834,100,0.47,0.1619991660118103,0.49665015935897827,24.73943519592285,752.6996459960938
260835,38,0.5526315789473685,0.2411033809185028,0.4057812988758087,10.435333251953125,1307.0374755859375
260836,100,0.47,-0.057026609778404236,0.4837605357170105,2.817065954208374,792.6654052734375
260837,22,0.5454545454545454,0.2326006442308426,0.43473657965660095,5.025533676147461,1459.96630859375
260838,100,0.51,0.026711292564868927,0.48792457580566406,8.459364891052246,1496.690185546875
260839,50,0.46,0.23092158138751984,0.5599226951599121,10.910091400146484,1754.8154296875
260840,69,0.4782608695652174,0.19373835623264313,0.47004255652427673,13.467597961425781,1305.4932861328125
260841,100,0.46,0.04461447149515152,0.4983133375644684,9.420917510986328,1152.4637451171875
260842,84,0.5595238095238095,0.2075531780719757,0.4698316752910614,12.821741104125977,1621.20703125
260843,45,0.6444444444444445,0.42889654636383057,0.3920334577560425,23.15208625793457,2055.029052734375
260844,100,0.46,-0.13733303546905518,0.4838193953037262,1.3811357021331787,641.0474243164062
260845,100,0.52,0.044080134481191635,0.5439614653587341,5.493113994598389,1032.2415771484375
260846,100,0.58,-0.02975146472454071,0.5192961096763611,5.562864780426025,1711.3514404296875
260847,19,0.5789473684210527,0.13693714141845703,0.4495786726474762,3.2920360565185547,264.7073059082031
260848,56,0.5892857142857143,-0.030572790652513504,0.610285758972168,4.093541622161865,1341.1181640625
260849,100,0.53,-0.06287910044193268,0.4958183169364929,7.190069675445557,1075.380615234375
260850,72,0.5833333333333334,0.02315027080476284,0.519453227519989,11.702764511108398,1068.59375
260851,100,0.49,0.11778829246759415,0.5369663834571838,14.135137557983398,1345.4613037109375
260852,26,0.46153846153846156,0.4093727171421051,0.4173767864704132,10.43753719329834,1162.5067138671875
260853,100,0.48,0.01906650699675083,0.5168617963790894,7.183752059936523,934.9915771484375
260854,100,0.39,-0.16046282649040222,0.4963979423046112,4.541715145111084,706.73046875
260855,100,0.48,-0.34922733902931213,0.4022904932498932,0.7008068561553955,1035.5849609375
260856,94,0.6276595744680851,0.04819527268409729,0.5228037238121033,5.298938274383545,660.8858032226562
260857,100,0.54,-0.07778222113847733,0.5414474010467529,2.6491599082946777,1291.9676513671875
260858,100,0.59,-0.07004908472299576,0.5412312746047974,3.948382616043091,123.5016860961914
260859,100,0.47,-0.1426665186882019,0.5876988172531128,3.1411783695220947,609.1384887695312
260860,100,0.41,-0.13546185195446014,0.5485511422157288,1.8846358060836792,1339.173095703125
260861,84,0.5476190476190477,0.19876965880393982,0.4637524485588074,22.454652786254883,2329.2939453125
260862,100,0.56,-0.048777759075164795,0.4983983039855957,4.793028831481934,894.95849609375
260863,19,0.7894736842105263,0.3856464624404907,0.5414790511131287,9.55383014678955,611.27001953125
260864,92,0.5434782608695652,0.1439635157585144,0.4791417419910431,12.026662826538086,550.0237426757812
260865,100,0.49,-0.04410693049430847,0.5102240443229675,5.610436916351318,1814.088623046875
260866,100,0.46,-0.11461702734231949,0.5143153667449951,1.5073336362838745,754.5659790039062
260867,44,0.5454545454545454,0.32024526596069336,0.47586068511009216,19.277015686035156,1445.5855712890625
260868,8,0.625,0.5807188749313354,0.6802427172660828,7.599940776824951,650.8514404296875
260869,45,0.4666666666666667,0.05795282870531082,0.5021197199821472,3.822615146636963,1787.8177490234375
260870,39,0.6923076923076923,0.28594332933425903,0.617530107498169,20.722688674926758,1314.6790771484375
260871,74,0.36486486486486486,0.047295138239860535,0.45251455903053284,7.580998420715332,1395.699462890625
260872,100,0.47,-0.0730726420879364,0.5452963709831238,5.6680097579956055,903.016845703125
260873,63,0.5079365079365079,0.1587841510772705,0.5273089408874512,10.587113380432129,1374.8995361328125
260874,100,0.39,-0.0742182582616806,0.5327022075653076,3.1786251068115234,1503.11669921875
260875,100,0.46,-0.049256473779678345,0.5566999912261963,7.334033966064453,912.0006103515625
260876,100,0.49,-0.14593105018138885,0.5080746412277222,4.192296981811523,953.7349243164062
260877,100,0.45,0.019444316625595093,0.5173325538635254,4.980203628540039,1023.67138671875
260878,100,0.43,0.043824877589941025,0.5821607708930969,5.351806163787842,427.2570495605469
260879,92,0.5108695652173914,0.07806894928216934,0.5406610369682312,12.771720886230469,1685.11962890625
260880,100,0.49,-0.05976513400673866,0.5416757464408875,8.569320678710938,1049.5694580078125
260881,44,0.4090909090909091,0.08868305385112762,0.5311519503593445,7.943838596343994,1629.16162109375
260882,46,0.6304347826086957,0.07863749563694,0.5564122200012207,11.615464210510254,1397.9676513671875
260883,32,0.46875,0.2611962556838989,0.5154377222061157,12.370786666870117,781.29150390625
260884,36,0.4444444444444444,0.09696446359157562,0.6784306764602661,7.334373474121094,1721.0255126953125
260885,34,0.4117647058823529,0.21733812987804413,0.4936276078224182,4.599094390869141,1170.686767578125
260886,46,0.5217391304347826,0.11572283506393433,0.538719117641449,5.132378101348877,749.580810546875
260887,95,0.4105263157894737,0.09184909611940384,0.5311427712440491,12.998971939086914,680.3062133789062
260888,100,0.48,-0.03786986693739891,0.5236387848854065,6.082905292510986,339.2194519042969
260889,100,0.53,-0.041872285306453705,0.4652618169784546,3.800492763519287,651.4820556640625
260890,100,0.54,-0.009278003126382828,0.6107386946678162,4.399339199066162,1360.2666015625
260891,35,0.6,0.18394440412521362,0.5502461194992065,5.6728949546813965,1874.0150146484375
260892,100,0.44,0.052147164940834045,0.599368155002594,12.032440185546875,1044.414794921875
260893,100,0.38,0.1583973914384842,0.4517021179199219,21.704147338867188,1442.326171875
260894,100,0.36,0.004217896144837141,0.5406752824783325,5.284120082855225,1759.96923828125
260895,100,0.52,-0.09141647815704346,0.47744449973106384,4.400699615478516,1046.5521240234375
260896,100,0.47,-0.03920925408601761,0.5002151727676392,4.143576145172119,1243.649169921875
260897,100,0.62,0.023503579199314117,0.47055384516716003,8.225861549377441,558.7825927734375
260898,100,0.57,0.028448058292269707,0.5166113376617432,7.228376865386963,1359.985107421875
260899,100,0.59,-0.11203441768884659,0.47643518447875977,4.662439346313477,1429.64013671875
260900,100,0.49,-0.07092384994029999,0.5387046933174133,2.862438917160034,602.4193115234375
260901,45,0.6,0.06517530232667923,0.45230695605278015,7.919307231903076,1274.667724609375
260902,100,0.42,0.034738581627607346,0.4752162992954254,13.26085090637207,1074.9593505859375
260903,88,0.5340909090909091,0.21149641275405884,0.4349863827228546,16.70616912841797,1420.3759765625
260904,47,0.46808510638297873,0.22730809450149536,0.47784653306007385,8.789647102355957,1660.5980224609375
260905,100,0.46,-0.062282074242830276,0.6261317729949951,4.808034420013428,1002.6500244140625
260906,12,0.5,0.3847476541996002,0.49729442596435547,3.0958545207977295,1815.3056640625
260907,37,0.5675675675675675,0.10720214247703552,0.5324715375900269,5.461285591125488,1074.5189208984375
260908,34,0.5588235294117647,0.29518750309944153,0.4730697274208069,12.599228858947754,742.5597534179688
260909,100,0.47,-0.14976322650909424,0.4990611970424652,2.5459041595458984,1483.4005126953125
260910,100,0.42,0.06605885177850723,0.5367898344993591,10.679859161376953,681.4655151367188
260911,100,0.53,0.09447421133518219,0.55110102891922,14.813554763793945,1344.02294921875
260912,100,0.55,0.0993577241897583,0.49959853291511536,13.707782745361328,184.04571533203125
260913,69,0.42028985507246375,0.022937048226594925,0.5377494096755981,7.639148712158203,1240.93115234375
260914,38,0.47368421052631576,0.2500859200954437,0.6047358512878418,10.870916366577148,634.16455078125
260915,28,0.75,0.3451228439807892,0.4387924373149872,15.316376686096191,1228.9951171875
260916,46,0.5217391304347826,0.08771281689405441,0.4997360408306122,8.039697647094727,1157.773193359375
260917,95,0.4105263157894737,0.1085251048207283,0.5379012227058411,8.446885108947754,545.644287109375
260918,71,0.38028169014084506,0.1794605404138565,0.4481350779533386,6.769330024719238,1337.396728515625
260919,95,0.5894736842105263,0.2713388204574585,0.5933382511138916,28.736284255981445,985.6686401367188
260920,100,0.54,-0.09370843321084976,0.4892784059047699,2.8694493770599365,1113.1441650390625
260921,100,0.51,-0.07537150382995605,0.5426569581031799,3.9560232162475586,723.2518920898438
260922,90,0.5,-0.0044748662039637566,0.5192224979400635,4.053595542907715,1741.58935546875
260923,100,0.49,-0.04039638489484787,0.5062682032585144,9.749054908752441,1021.7783203125
260924,81,0.5061728395061729,0.05486292392015457,0.5124741792678833,6.605859756469727,1880.0765380859375
260925,10,0.6,-0.05605015158653259,0.6254745125770569,1.0540499687194824,1518.4278564453125
260926,91,0.4945054945054945,0.20541375875473022,0.4890986680984497,22.316226959228516,2464.7275390625
260927,100,0.54,-0.11879276484251022,0.4057231843471527,3.446500539779663,1504.3392333984375
260928,29,0.4482758620689655,0.3839118182659149,0.6170948147773743,11.00763988494873,173.5541534423828
260929,43,0.4883720930232558,0.20604297518730164,0.4825970530509949,11.805496215820312,1662.11328125
260930,100,0.52,-0.01836753822863102,0.43643292784690857,3.9459023475646973,743.2662353515625
260931,42,0.6904761904761905,0.09645161032676697,0.3831189274787903,5.814263820648193,1386.9588623046875
260932,100,0.44,-0.2462284117937088,0.5229706764221191,1.4552127122879028,894.3900756835938
260933,80,0.525,-0.01079710852354765,0.5853993892669678,7.543885707855225,755.9017333984375
260934,100,0.45,-0.06052149832248688,0.5389403700828552,4.354330062866211,895.0575561523438
260935,100,0.59,0.1474347710609436,0.5070185661315918,17.271427154541016,1766.566650390625
260936,100,0.51,-0.021458875387907028,0.472705602645874,7.456087589263916,1264.555908203125
260937,100,0.46,-0.07061688601970673,0.4683851897716522,4.511594772338867,1477.27734375
260938,100,0.51,0.15245409309864044,0.5635916590690613,14.179424285888672,1758.83984375
260939,90,0.4777777777777778,0.0943131148815155,0.5346370935440063,14.210169792175293,1139.6827392578125
260940,42,0.5,0.23447760939598083,0.5227093696594238,10.224189758300781,894.64697265625
260941,48,0.5833333333333334,0.15516218543052673,0.46626371145248413,9.010197639465332,1827.762451171875
260942,77,0.5714285714285714,0.0944165289402008,0.5132196545600891,9.956536293029785,1320.4400634765625
260943,54,0.5555555555555556,0.25461384654045105,0.5602830052375793,15.929305076599121,1531.801513671875
260944,53,0.5471698113207547,0.07813029736280441,0.5578153729438782,13.43271541595459,1536.2269287109375
260945,100,0.53,0.022699248045682907,0.4312238395214081,5.008252143859863,1023.202880859375
260946,22,0.5454545454545454,0.3152772784233093,0.43441861867904663,6.979867458343506,1196.5924072265625
260947,38,0.42105263157894735,0.3668689429759979,0.4533165991306305,11.893550872802734,274.12481689453125
260948,21,0.6190476190476191,0.4167514145374298,0.4266747236251831,10.498664855957031,360.2608947753906
260949,95,0.5894736842105263,0.22957837581634521,0.44099631905555725,27.810619354248047,1950.2930908203125
260950,52,0.5576923076923077,0.2202221304178238,0.5015577077865601,11.845403671264648,155.5006103515625
260951,100,0.48,0.036007922142744064,0.4940139949321747,4.03747034072876,1011.829833984375
260952,93,0.5268817204301075,0.1337805539369583,0.4660795032978058,12.847875595092773,1276.15283203125
260953,50,0.5,0.33720409870147705,0.6062972545623779,15.538984298706055,1498.3115234375
260954,100,0.58,0.22168108820915222,0.5099220275878906,19.987445831298828,1911.2730712890625
260955,28,0.5714285714285714,0.4614187180995941,0.3878816068172455,16.83200454711914,1443.6900634765625
260956,100,0.5,-0.02403261512517929,0.5270194411277771,6.112583637237549,1262.8035888671875
260957,100,0.5,-0.030330300331115723,0.5313313007354736,3.584348440170288,950.9840087890625
260958,25,0.52,0.4350147843360901,0.3792473375797272,15.465580940246582,2081.099365234375
260959,74,0.5135135135135135,0.2133626639842987,0.5689937472343445,10.155529975891113,1595.72119140625
260960,54,0.46296296296296297,0.2793395519256592,0.5726186037063599,14.051118850708008,1336.4197998046875
260961,100,0.62,0.08781416714191437,0.5709683299064636,9.21792984008789,610.9888916015625
260962,100,0.5,-0.08428824692964554,0.540447473526001,7.302858829498291,747.7881469726562
260963,100,0.49,0.08461407572031021,0.5288639664649963,11.817896842956543,1530.924560546875
260964,100,0.49,-0.0948614850640297,0.49301600456237793,2.9002370834350586,889.1698608398438
260965,3,1.0,0.5560709834098816,,3.4036777019500732,1017.7081909179688
260966,96,0.4479166666666667,0.013143145479261875,0.5423418283462524,5.543603420257568,458.2619934082031
260967,27,0.5925925925925926,0.18901583552360535,0.6028745770454407,7.430768013000488,795.8010864257812
260968,100,0.42,-0.04358528554439545,0.5224494338035583,3.1723105907440186,355.5654296875
260969,100,0.52,0.08352891355752945,0.5534141063690186,10.336037635803223,1327.7540283203125
260970,52,0.4230769230769231,0.0357881635427475,0.44355711340904236,7.449365615844727,1718.66357421875
260971,84,0.42857142857142855,0.15746980905532837,0.5022809505462646,14.536500930786133,1444.3173828125
260972,100,0.6,0.023830953985452652,0.4694630205631256,5.925680160522461,874.5736694335938
260973,100,0.5,-0.0706128180027008,0.5328785181045532,3.441971778869629,789.755126953125
260974,100,0.44,0.01254074927419424,0.4747225344181061,3.9927313327789307,826.6119995117188
260975,36,0.5555555555555556,0.5349865555763245,0.5565662384033203,20.397966384887695,1270.849853515625
260976,61,0.5573770491803278,0.1161399632692337,0.5740734338760376,6.816023349761963,760.1600952148438
260977,100,0.55,-0.10415637493133545,0.49405187368392944,4.498941421508789,532.9134521484375
260978,100,0.47,-0.010798663832247257,0.4710645079612732,4.286891937255859,186.0963592529297
260979,100,0.53,-0.21602874994277954,0.5774554014205933,1.124313235282898,1497.889404296875
260980,100,0.56,-0.07493935525417328,0.5119251608848572,3.1883695125579834,483.1475524902344
260981,92,0.40217391304347827,0.27077412605285645,0.5495128035545349,20.347270965576172,1077.02734375
260982,8,0.625,0.1824076920747757,0.3702462911605835,4.472298622131348,822.4703369140625
260983,100,0.56,0.029669510200619698,0.5309888124465942,10.706007957458496,1941.785888671875
260984,47,0.5106382978723404,0.008562728762626648,0.4761008024215698,5.750192642211914,598.3634033203125
260985,100,0.47,-0.0157349593937397,0.49569904804229736,3.7177443504333496,279.13922119140625
260986,100,0.51,-0.12112387269735336,0.5201061964035034,1.5813771486282349,999.3264770507812
260987,100,0.5,-0.027207406237721443,0.5358447432518005,3.830078363418579,1032.9112548828125
260988,100,0.44,0.026788795366883278,0.44558462500572205,8.934453964233398,972.8389282226562
260989,100,0.48,0.02297784388065338,0.5152150392532349,9.900781631469727,1542.4298095703125
260990,100,0.48,-0.06655403971672058,0.4984319806098938,3.587092876434326,1572.8746337890625
260991,43,0.46511627906976744,0.3660951256752014,0.5121250748634338,14.708876609802246,1904.6285400390625
260992,8,0.75,0.29762041568756104,0.48278117179870605,4.684318542480469,1048.9593505859375
260993,100,0.53,-0.005688597448170185,0.52652508020401,8.305953025817871,311.72564697265625
260994,100,0.54,-0.0167902372777462,0.5634146332740784,5.116785049438477,847.455322265625
260995,58,0.5689655172413793,0.057640597224235535,0.4639904797077179,12.388080596923828,1076.54931640625
260996,100,0.47,0.1053236797451973,0.4608112871646881,11.526481628417969,1408.1163330078125
260997,100,0.5,0.05764983966946602,0.5210962891578674,10.355487823486328,587.6485595703125
260998,100,0.64,0.06254275143146515,0.47788557410240173,10.061960220336914,1213.2645263671875
260999,21,0.5714285714285714,0.32217663526535034,0.5182093381881714,9.634622573852539,1591.061279296875
261000,68,0.5294117647058824,0.0456758588552475,0.4993360638618469,4.200806617736816,719.1871948242188
261001,100,0.46,0.04286060482263565,0.4966478645801544,11.595258712768555,1406.1546630859375
261002,28,0.4642857142857143,0.5866110324859619,0.5298014879226685,17.37934684753418,831.8193359375
261003,49,0.5102040816326531,0.24099761247634888,0.457875519990921,9.587861061096191,253.5704345703125
261004,100,0.45,0.16682277619838715,0.5158368349075317,18.404930114746094,673.6004638671875
261005,29,0.5862068965517241,0.2910442650318146,0.4932902157306671,14.151535987854004,942.4883422851562
261006,72,0.5,0.25432196259498596,0.4530489146709442,14.874820709228516,1419.730712890625
261007,38,0.6578947368421053,0.2380697876214981,0.5922644138336182,15.390586853027344,1297.608642578125
261008,100,0.49,-0.1111808493733406,0.5085783004760742,2.665315628051758,417.7958984375
261009,100,0.52,-0.032443683594465256,0.5207580924034119,3.7264111042022705,227.54922485351562
261010,30,0.6,0.24459393322467804,0.524037778377533,10.50654125213623,986.8328857421875
261011,30,0.6333333333333333,0.03354303538799286,0.5103433132171631,3.6384222507476807,783.489013671875
261012,100,0.47,-0.10819752514362335,0.5314307808876038,2.9003069400787354,941.037109375
261013,61,0.45901639344262296,0.29784855246543884,0.48509690165519714,13.845853805541992,1993.3782958984375
261014,100,0.46,-0.04365579038858414,0.5134058594703674,3.610170602798462,1160.1907958984375
261015,16,0.4375,-0.1416291743516922,0.5329549312591553,1.7029398679733276,1437.6114501953125
261016,99,0.5454545454545454,0.1412142962217331,0.47376686334609985,16.13676643371582,2064.218994140625
261017,100,0.64,0.0008135456591844559,0.5878649950027466,7.9489827156066895,256.9181823730469
261018,10,0.4,0.4199078381061554,0.5950140357017517,4.3095598220825195,1366.4222412109375
261019,39,0.5128205128205128,0.2028646022081375,0.515407383441925,12.793694496154785,1553.055419921875
261020,100,0.51,-0.2070351243019104,0.48947855830192566,1.6986743211746216,280.17852783203125
261021,100,0.51,-0.2488950788974762,0.5261374711990356,1.2821353673934937,882.7252197265625
261022,100,0.49,-0.06922334432601929,0.5315155982971191,1.8056068420410156,611.2380981445312
261023,69,0.4927536231884058,0.21177250146865845,0.5474635362625122,17.993680953979492,1064.0966796875
261024,100,0.58,0.008848481811583042,0.5363736152648926,5.167059898376465,890.453369140625
261025,100,0.58,-0.06449054926633835,0.535202145576477,3.4526000022888184,468.711669921875
261026,19,0.47368421052631576,0.20073921978473663,0.580412745475769,6.269397258758545,1015.884765625
261027,100,0.58,-0.14239218831062317,0.4465114176273346,2.140936851501465,557.6295166015625
261028,49,0.6122448979591837,0.2681264877319336,0.5552671551704407,17.06939125061035,243.9449005126953
261029,100,0.49,-0.087112657725811,0.4748724102973938,4.588216781616211,878.503173828125
261030,100,0.39,-0.14223213493824005,0.5446673035621643,2.3113458156585693,551.7576904296875
261031,100,0.54,-0.05404568463563919,0.5333802700042725,3.3089513778686523,1167.158447265625
261032,100,0.52,-0.17103737592697144,0.5133654475212097,2.252031087875366,1586.6807861328125
261033,61,0.4262295081967213,0.11387375742197037,0.5387799143791199,10.680662155151367,1745.8524169921875
261034,100,0.57,0.011325248517096043,0.5062006115913391,9.999217987060547,1380.0052490234375
261035,100,0.57,0.0647488534450531,0.5181819200515747,19.920032501220703,446.1969299316406
261036,100,0.52,-0.02486943081021309,0.49960044026374817,4.649770259857178,493.2864074707031
261037,100,0.59,0.05243639275431633,0.4898097813129425,10.83024787902832,662.8359985351562
261038,100,0.53,-0.15186606347560883,0.5123787522315979,1.2958470582962036,1217.89501953125
261039,82,0.6463414634146342,-0.008686674758791924,0.4901157319545746,8.759051322937012,676.6572265625
261040,57,0.5263157894736842,-0.032010894268751144,0.5086469054222107,3.75610613822937,870.9252319335938
261041,100,0.54,-0.049341678619384766,0.4782795011997223,4.36238956451416,1412.9808349609375
261042,94,0.5106382978723404,0.07440492510795593,0.4156050980091095,11.481449127197266,1210.8111572265625
261043,95,0.4842105263157895,0.056592460721731186,0.5333397388458252,6.508851528167725,898.1467895507812
261044,80,0.4125,-0.004973637871444225,0.509583592414856,5.136127471923828,1141.07666015625
261045,64,0.5625,0.05602066218852997,0.5608352422714233,8.942962646484375,1473.24658203125
261046,100,0.46,-0.03539371117949486,0.524304211139679,4.188260078430176,347.74993896484375
261047,90,0.5777777777777777,-0.07580418139696121,0.519775927066803,2.725205421447754,641.2259521484375
261048,100,0.48,-0.10302653163671494,0.5636231899261475,3.7530713081359863,158.5599822998047
261049,12,0.3333333333333333,0.023008882999420166,0.4339600205421448,2.472357988357544,379.880859375
261050,100,0.49,-0.2332991361618042,0.4058956205844879,0.5889628529548645,628.0243530273438
261051,73,0.4657534246575342,0.0939047709107399,0.46572214365005493,11.273423194885254,1448.0252685546875
261052,100,0.46,-0.012454402633011341,0.4751504361629486,8.278985023498535,438.9791259765625
261053,100,0.56,-0.10508503019809723,0.4795396625995636,2.7066872119903564,1729.5601806640625
261054,16,0.5625,-0.1419895440340042,0.4998030662536621,1.1555590629577637,1084.8326416015625
261055,41,0.6829268292682927,0.1908029466867447,0.5389721989631653,10.115660667419434,2076.853515625
261056,100,0.52,0.06842339783906937,0.4779037535190582,15.628949165344238,1391.635986328125
261057,100,0.54,-0.0691395103931427,0.5313940644264221,3.2313101291656494,412.1633605957031
261058,100,0.51,-0.08086762577295303,0.5170358419418335,2.5420143604278564,1002.8452758789062
261059,53,0.49056603773584906,0.21608754992485046,0.5544303059577942,12.929638862609863,1477.2825927734375
261060,100,0.54,-0.028273077681660652,0.494518518447876,5.313202381134033,876.2965087890625
261061,100,0.49,-0.021112734451889992,0.5176710486412048,4.480465412139893,1356.57568359375
261062,32,0.4375,0.09148862212896347,0.5475015044212341,6.946158409118652,241.69790649414062
261063,49,0.5918367346938775,0.1101774275302887,0.5093604326248169,9.754044532775879,1288.1685791015625
261064,100,0.56,-0.034014783799648285,0.4751054644584656,4.029327869415283,1656.080810546875
261065,100,0.49,-0.07329162955284119,0.535660445690155,2.81044864654541,1064.6357421875
261066,100,0.52,-0.07204771041870117,0.49884581565856934,3.728996515274048,1681.7042236328125
261067,100,0.59,-0.03769337758421898,0.4652986228466034,5.426767349243164,1362.6820068359375
261068,94,0.5531914893617021,0.08236028254032135,0.5121225714683533,6.809893608093262,1984.6737060546875
261069,100,0.57,-0.09384720027446747,0.4902467131614685,3.464694023132324,516.8591918945312
261070,100,0.41,-0.09130093455314636,0.5713562369346619,3.457031011581421,702.8893432617188
261071,91,0.5384615384615384,0.16713570058345795,0.5179303288459778,15.347296714782715,1609.9442138671875
261072,61,0.4918032786885246,0.1714717298746109,0.5089386701583862,6.529951095581055,1113.7860107421875
261073,31,0.7096774193548387,0.3461933135986328,0.35368311405181885,16.1368350982666,1106.5263671875
261074,100,0.54,-0.08583848923444748,0.4802265167236328,2.2269208431243896,757.129150390625
261075,48,0.6041666666666666,0.021227272227406502,0.5320058465003967,5.211489200592041,1776.28076171875
261076,100,0.53,-0.12993022799491882,0.41837409138679504,2.365745782852173,755.7825927734375
261077,100,0.61,0.004421253688633442,0.49902480840682983,4.9749956130981445,569.3424072265625
261078,100,0.46,-0.2461419254541397,0.4643024206161499,0.9552565217018127,1045.7890625
261079,100,0.4,-0.17509332299232483,0.49593421816825867,3.092660427093506,507.54248046875
261080,18,0.6666666666666666,0.3354381322860718,0.6022775769233704,7.74859094619751,1756.2216796875
261081,100,0.54,-0.12900184094905853,0.5683999061584473,3.12294340133667,678.9496459960938
261082,26,0.5,0.1771230399608612,0.4765368700027466,7.160073280334473,1191.1671142578125
261083,100,0.54,-0.04482930526137352,0.48226967453956604,4.030777931213379,903.8995361328125
261084,100,0.5,-0.04400274157524109,0.5648789405822754,5.35849142074585,879.8196411132812
261085,100,0.56,0.022372867912054062,0.560698926448822,7.9585442543029785,648.29931640625
261086,100,0.54,-0.019746987149119377,0.5819359421730042,5.880719184875488,166.2677459716797
261087,75,0.5066666666666667,0.07371072471141815,0.47978219389915466,6.93483304977417,848.8804931640625
261088,100,0.4,-0.1590721607208252,0.5563684105873108,1.8060990571975708,1150.4683837890625
261089,100,0.5,-0.03756057843565941,0.5071039199829102,8.634345054626465,787.1016235351562
261090,51,0.5098039215686274,0.13226501643657684,0.452340304851532,6.6312255859375,1397.468505859375
261091,52,0.5,0.12548714876174927,0.49843889474868774,9.962625503540039,1892.3656005859375
261092,100,0.51,0.07471571117639542,0.4767189919948578,10.946948051452637,551.8245849609375
261093,100,0.45,-0.07364986091852188,0.44558268785476685,5.6236796379089355,571.4966430664062
261094,56,0.5714285714285714,-0.05130607262253761,0.39038190245628357,6.169537544250488,1954.1304931640625
261095,100,0.49,-0.019621269777417183,0.5274466872215271,6.62949275970459,618.6315307617188
261096,59,0.4915254237288136,0.029682116582989693,0.4601844847202301,5.133314609527588,1528.443603515625
261097,45,0.4888888888888889,0.2815139591693878,0.4787066876888275,13.754883766174316,1187.72265625
261098,100,0.5,-0.05162908881902695,0.5047395825386047,6.49331521987915,1803.9893798828125
261099,14,0.7142857142857143,0.12989601492881775,0.6522189378738403,3.60050630569458,1086.601318359375
261100,100,0.45,-0.027266647666692734,0.6028476357460022,2.62575626373291,1112.3468017578125
261101,100,0.55,-0.06249979883432388,0.4820699095726013,2.9159140586853027,1466.608642578125
261102,100,0.47,-0.16415376961231232,0.5914947390556335,1.5105738639831543,322.77484130859375
261103,100,0.44,0.039374347776174545,0.43715065717697144,8.834773063659668,308.1919860839844
261104,100,0.53,0.05012338608503342,0.5396856665611267,7.026378631591797,1805.306396484375
261105,100,0.45,-0.09158146381378174,0.47166892886161804,3.09498929977417,367.66656494140625
261106,100,0.47,0.04855917766690254,0.5044112205505371,5.207065582275391,1031.7049560546875
261107,16,0.75,-0.13980232179164886,0.599323034286499,1.092355728149414,1147.2860107421875
261108,27,0.48148148148148145,0.2790873348712921,0.47565191984176636,8.593867301940918,1658.95751953125
261109,100,0.48,-0.021060829982161522,0.48088857531547546,6.456026077270508,1063.2213134765625
261110,100,0.5,-0.0681859478354454,0.4858376979827881,3.2250311374664307,813.554931640625
261111,100,0.51,-0.03019900433719158,0.5518239140510559,4.016124248504639,136.28111267089844
261112,30,0.5333333333333333,0.11996133625507355,0.4732483923435211,3.758254289627075,440.23828125
261113,74,0.4864864864864865,0.02336161397397518,0.606151282787323,5.8849310874938965,462.9814453125
261114,50,0.64,0.29424357414245605,0.6481603980064392,20.535173416137695,1526.8885498046875
261115,8,0.5,0.49812227487564087,0.5819642543792725,3.8079631328582764,1627.4012451171875
261116,52,0.5192307692307693,0.2788703441619873,0.5277014374732971,13.002117156982422,1478.3682861328125
261117,36,0.6111111111111112,0.3691929578781128,0.36379194259643555,14.460392951965332,375.4358825683594
261118,37,0.4864864864864865,0.1885380744934082,0.5206402540206909,3.5187604427337646,1838.43798828125
261119,9,0.5555555555555556,0.3448943495750427,0.4903545379638672,2.4383859634399414,719.717529296875
261120,100,0.49,-0.12873291969299316,0.5049464702606201,3.806061029434204,1077.1522216796875
261121,49,0.4489795918367347,0.09170018881559372,0.46455174684524536,5.992071151733398,1325.348388671875
261122,100,0.35,0.08601333200931549,0.5033135414123535,5.95041036605835,1468.8299560546875
261123,60,0.4166666666666667,0.2714986503124237,0.5173070430755615,10.900272369384766,899.4732055664062
261124,48,0.5625,0.08104193955659866,0.46277791261672974,5.589166641235352,543.2151489257812
261125,100,0.48,-0.03279336169362068,0.5340111255645752,3.044394016265869,1186.8094482421875
261126,100,0.43,-0.023528393357992172,0.5206547379493713,3.424600124359131,807.9362182617188
261127,100,0.46,-0.11623324453830719,0.562362015247345,4.036331653594971,1506.9365234375
261128,100,0.53,-0.04177098348736763,0.5276376605033875,2.240229845046997,696.19580078125
261129,91,0.5164835164835165,0.1187487542629242,0.4936414062976837,11.25564193725586,1040.15478515625
261130,65,0.5538461538461539,0.06159473955631256,0.42031848430633545,9.556394577026367,662.0634155273438
261131,100,0.6,-0.026323506608605385,0.4274560511112213,6.407666206359863,1300.369384765625
261132,100,0.42,0.1882261037826538,0.5339991450309753,11.358264923095703,644.514892578125
261133,37,0.35135135135135137,0.2241261899471283,0.4536283016204834,5.661165714263916,974.4155883789062
261134,100,0.5,0.08953540027141571,0.4697819650173187,7.890358924865723,757.7484130859375
261135,100,0.45,0.01774362474679947,0.4686397314071655,5.204423427581787,1188.869873046875
261136,100,0.48,-0.01004383247345686,0.5684553384780884,5.780055522918701,405.86199951171875
261137,25,0.44,0.4734126925468445,0.5336630940437317,13.363748550415039,1008.47412109375
261138,100,0.61,0.0762859508395195,0.5260275602340698,13.400959014892578,1992.2857666015625
261139,43,0.5581395348837209,0.14152012765407562,0.5510327816009521,14.649009704589844,1587.2984619140625
261140,7,0.7142857142857143,0.19178669154644012,0.23995813727378845,1.6952062845230103,990.9688110351562
261141,100,0.56,-0.003181253094226122,0.5205126404762268,7.1458516120910645,379.08819580078125
261142,70,0.44285714285714284,0.15619221329689026,0.4554904103279114,9.49325942993164,1650.9942626953125
261143,94,0.5106382978723404,0.16197951138019562,0.5242681503295898,12.714151382446289,814.405517578125
261144,31,0.6129032258064516,0.21841438114643097,0.48174500465393066,8.063861846923828,1073.959716796875
261145,15,0.5333333333333333,0.2901165783405304,0.5779732465744019,8.729738235473633,2116.150634765625
261146,100,0.47,0.00514336209744215,0.5193067789077759,8.035272598266602,804.60107421875
261147,100,0.46,-0.004249744117259979,0.5126795768737793,4.960754871368408,472.2005920410156
261148,12,0.6666666666666666,0.28246214985847473,0.5054246187210083,6.6457061767578125,1981.91064453125
261149,100,0.49,-0.0004819935711566359,0.5187503099441528,5.237191200256348,1625.7962646484375
261150,100,0.57,0.04407525062561035,0.5816805362701416,8.406495094299316,1497.0596923828125
261151,100,0.51,-0.11771231144666672,0.43370285630226135,6.430068492889404,1459.2349853515625
261152,61,0.5081967213114754,0.07135030627250671,0.5198982954025269,6.90641450881958,1090.5408935546875
261153,86,0.4418604651162791,-0.10831278562545776,0.5297276377677917,1.7156975269317627,837.5948486328125
261154,100,0.5,-0.04235173761844635,0.4867388904094696,7.047971248626709,1150.9898681640625
261155,100,0.41,0.014275092631578445,0.5509124994277954,7.31400203704834,448.8993835449219
261156,68,0.5735294117647058,0.06326430290937424,0.544762372970581,8.178765296936035,723.5465698242188
261157,100,0.42,-0.05132323130965233,0.5487757325172424,3.7543554306030273,495.12310791015625
261158,85,0.49411764705882355,-0.04024616628885269,0.5356717109680176,7.465494155883789,1994.297119140625
261159,100,0.41,-0.16373415291309357,0.5373110175132751,0.8959348201751709,479.2604064941406
261160,100,0.35,0.026072552427649498,0.5449385643005371,6.821620464324951,518.5536499023438
261161,100,0.55,-0.10340514034032822,0.5381588935852051,1.8720123767852783,422.4911804199219
261162,23,0.5652173913043478,0.5888190865516663,0.6103960275650024,18.640758514404297,1943.8170166015625
261163,69,0.5217391304347826,0.19326648116111755,0.5291088223457336,13.374759674072266,1480.8387451171875
261164,100,0.51,0.058618467301130295,0.4862959682941437,10.37800407409668,1301.56201171875
261165,75,0.5866666666666667,-0.026096470654010773,0.4000072479248047,4.816164493560791,449.08135986328125
261166,57,0.45614035087719296,-0.15001705288887024,0.569753885269165,1.538739800453186,347.82440185546875
261167,100,0.51,-0.18161427974700928,0.5298169851303101,1.663877248764038,1163.2225341796875
261168,25,0.48,0.2359878271818161,0.5317462086677551,5.971935272216797,1438.05126953125
261169,100,0.48,-0.06389077752828598,0.5456883907318115,3.261298894882202,573.2645263671875
261170,39,0.5641025641025641,0.31466910243034363,0.5124589800834656,15.341593742370605,1859.04345703125
261171,17,0.8235294117647058,0.2636173665523529,0.5787472724914551,12.509906768798828,1355.7119140625
261172,100,0.52,0.06381600350141525,0.48541736602783203,13.46114730834961,315.0787353515625
261173,100,0.62,-0.002684009727090597,0.4583379328250885,8.657328605651855,433.3264465332031
261174,100,0.42,0.022580573335289955,0.47188109159469604,6.167868614196777,1942.791259765625
261175,100,0.45,0.13195277750492096,0.4826967418193817,6.528135299682617,568.5181274414062
261176,100,0.51,0.03672991693019867,0.5344259142875671,6.126892566680908,462.0203552246094
261177,100,0.41,0.018831767141819,0.5327000021934509,7.3088178634643555,173.99627685546875
261178,100,0.6,-0.14263923466205597,0.5783041715621948,5.69578742980957,1116.380615234375
261179,100,0.53,0.018079517409205437,0.5748260021209717,9.24914264678955,1087.214111328125
261180,100,0.55,-0.010922987945377827,0.48505711555480957,13.033111572265625,1426.900146484375
261181,47,0.44680851063829785,-0.041105933487415314,0.5818458795547485,2.312621593475342,1134.0635986328125
261182,100,0.47,-0.30993959307670593,0.5279771685600281,1.9697566032409668,597.0757446289062
261183,74,0.3918918918918919,0.10274378955364227,0.5160791873931885,10.211133003234863,1848.5980224609375
261184,100,0.43,-0.002733947243541479,0.4412660002708435,3.770076036453247,544.631103515625
261185,100,0.5,-0.08991594612598419,0.5730693340301514,2.476029872894287,1120.21728515625
261186,25,0.56,0.20984573662281036,0.43098995089530945,9.00294017791748,676.0257568359375
261187,76,0.5394736842105263,0.14330151677131653,0.5239410996437073,16.02696418762207,1163.86328125
261188,100,0.41,-0.03208722546696663,0.48633405566215515,3.0444750785827637,1555.3797607421875
261189,95,0.5578947368421052,0.011314526200294495,0.5378907322883606,3.719048023223877,1808.9041748046875
261190,100,0.52,-0.0006814301013946533,0.5837268829345703,4.761226654052734,1568.287353515625
261191,81,0.5061728395061729,-0.009143682196736336,0.5922984480857849,8.960684776306152,373.7586669921875
261192,17,0.5882352941176471,0.11327251046895981,0.3968640863895416,5.783156394958496,425.31817626953125
261193,100,0.52,-0.037342093884944916,0.6330612301826477,4.664760112762451,673.9834594726562
261194,100,0.49,-0.1462312787771225,0.5384746789932251,1.3440120220184326,1824.3675537109375
261195,18,0.6111111111111112,-0.25512850284576416,0.5106469988822937,0.9017501473426819,1232.1981201171875
261196,100,0.6,-0.04368147999048233,0.4971480965614319,4.085867404937744,548.2510375976562
261197,100,0.56,-0.009557847864925861,0.46404963731765747,6.899927139282227,839.3448486328125
261198,100,0.49,0.08585824072360992,0.5714960694313049,12.312477111816406,1020.1036987304688
261199,100,0.43,-0.17707553505897522,0.47948575019836426,1.7436412572860718,526.073486328125
261200,100,0.53,-0.19592691957950592,0.43498218059539795,1.4004101753234863,1160.402587890625
261201,55,0.5454545454545454,0.21303890645503998,0.5393239259719849,8.644266128540039,1366.0069580078125
261202,100,0.54,-0.06937843561172485,0.4626907706260681,6.214125156402588,418.7243957519531
261203,41,0.4878048780487805,0.10218236595392227,0.4259629547595978,3.4548020362854004,1544.7410888671875
261204,100,0.44,-0.10025698691606522,0.5287579298019409,3.211951971054077,279.3509826660156
261205,100,0.43,0.0016901326598599553,0.5073690414428711,5.679619789123535,282.007080078125
261206,100,0.56,0.00230645714327693,0.5162420272827148,7.18244743347168,1075.4193115234375
261207,23,0.5652173913043478,0.41765454411506653,0.49594512581825256,15.861496925354004,1663.89453125
261208,100,0.5,-0.1271069496870041,0.4851653277873993,2.249589204788208,954.675048828125
261209,78,0.5256410256410257,-0.0630788505077362,0.49296048283576965,2.870504856109619,1092.6322021484375
261210,31,0.7096774193548387,0.2559543550014496,0.4961228370666504,9.482549667358398,2020.821533203125
261211,74,0.5675675675675675,0.16103366017341614,0.4575551152229309,9.798476219177246,1539.0244140625
261212,96,0.5416666666666666,0.05011161416769028,0.4285818934440613,9.50769329071045,570.375244140625
261213,50,0.5,0.08604636788368225,0.403873473405838,8.12147045135498,1866.0770263671875
261214,100,0.52,0.009987374767661095,0.5673410892486572,7.323301315307617,1498.209228515625
261215,23,0.34782608695652173,0.14779900014400482,0.4825480878353119,6.7367844581604,1144.7596435546875
261216,100,0.36,0.08373221755027771,0.6026065945625305,9.847748756408691,659.0438842773438
261217,28,0.6428571428571429,0.16913628578186035,0.5986698865890503,7.617475986480713,1944.708740234375
261218,100,0.51,-0.13803137838840485,0.5361621379852295,3.196669101715088,324.96923828125
261219,100,0.46,-0.036817844957113266,0.47857436537742615,1.902378797531128,754.0146484375
261220,38,0.4473684210526316,0.015512009151279926,0.5025287866592407,3.6832034587860107,1793.1868896484375
261221,68,0.4411764705882353,0.18497063219547272,0.451026052236557,6.8025994300842285,1153.500244140625
261222,91,0.4945054945054945,-0.004064108245074749,0.451803594827652,5.228514671325684,2136.245849609375
261223,96,0.5104166666666666,0.10195174813270569,0.5064641237258911,6.507302761077881,1045.27734375
261224,94,0.5212765957446809,0.057288363575935364,0.5556074976921082,8.2658052444458,1655.1126708984375
261225,38,0.5263157894736842,0.1832718700170517,0.4520918130874634,10.657194137573242,862.927001953125
261226,100,0.43,-0.04313141107559204,0.5003823041915894,3.08596134185791,733.5911254882812
261227,28,0.6428571428571429,0.09439632296562195,0.6138594746589661,4.879601955413818,1132.311767578125
261228,36,0.5277777777777778,-0.08824776113033295,0.525176465511322,2.2774276733398438,529.1206665039062
261229,100,0.49,-0.06620226800441742,0.5239256620407104,7.246240615844727,1306.3529052734375
261230,100,0.5,-0.029266325756907463,0.4757510721683502,2.3411452770233154,917.9970703125
261231,22,0.45454545454545453,-0.0160375889390707,0.48240336775779724,4.186151027679443,1359.9755859375
261232,100,0.48,-0.008549049496650696,0.5087019205093384,6.160121917724609,1046.4168701171875
261233,100,0.5,0.08247313648462296,0.5055510401725769,7.096883773803711,393.3965148925781
261234,82,0.5609756097560976,0.07077831029891968,0.48502206802368164,7.881021022796631,179.4011688232422
261235,44,0.45454545454545453,0.060269154608249664,0.45409440994262695,11.2020845413208,1699.1536865234375
261236,100,0.44,-0.07926083356142044,0.502955973148346,2.5879132747650146,978.54052734375
261237,100,0.49,-0.010713303461670876,0.51288902759552,4.520932674407959,1657.2491455078125
261238,100,0.53,-0.1488678753376007,0.4546118378639221,1.7205520868301392,576.3349609375
261239,100,0.49,-0.03485335782170296,0.49883800745010376,6.631593227386475,1157.837646484375
261240,100,0.48,0.0391390360891819,0.4899309575557709,5.311001777648926,1043.3131103515625
261241,100,0.51,0.0018468183698132634,0.4619520604610443,6.164112091064453,796.3858642578125
261242,40,0.575,0.2967713475227356,0.35788479447364807,15.930305480957031,1468.65283203125
261243,100,0.53,0.008819028735160828,0.4793107509613037,9.114520072937012,822.2313842773438
261244,44,0.45454545454545453,0.11440805345773697,0.48162412643432617,5.703244209289551,451.3497314453125
261245,100,0.46,0.0815281942486763,0.4751303493976593,12.755261421203613,569.06982421875
261246,100,0.46,-0.07569003850221634,0.5378066301345825,3.3977015018463135,770.2984619140625
261247,69,0.5362318840579711,0.019453125074505806,0.5890672206878662,11.530142784118652,597.2653198242188
261248,49,0.5918367346938775,0.1959238350391388,0.5937454700469971,12.978404998779297,1525.343994140625
261249,94,0.46808510638297873,0.052906036376953125,0.5800859332084656,6.460819244384766,1043.6123046875
261250,100,0.47,0.034527506679296494,0.5255688428878784,10.792594909667969,779.1016235351562
261251,100,0.42,0.02777974307537079,0.5393902063369751,6.013144016265869,707.5807495117188
261252,100,0.51,-0.09357963502407074,0.5836656093597412,2.3589882850646973,523.1002197265625
261253,100,0.53,-0.04246193543076515,0.5447924733161926,4.4774909019470215,840.4491577148438
261254,100,0.45,0.027895662933588028,0.4779403805732727,5.153689384460449,775.9253540039062
261255,100,0.48,-0.06677465885877609,0.4489263892173767,3.425360679626465,517.6656494140625
261256,100,0.47,0.04736645519733429,0.5269866585731506,6.3250732421875,1045.8984375
261257,100,0.52,-0.02518380992114544,0.5326845049858093,11.3715238571167,1054.95166015625
261258,100,0.51,-0.05622898414731026,0.5349920392036438,4.322708606719971,1132.9970703125
261259,100,0.49,-0.09323990345001221,0.4828951954841614,5.5808234214782715,775.37158203125
261260,79,0.4810126582278481,0.11844585835933685,0.5044026374816895,10.34860897064209,1911.5853271484375
261261,100,0.52,-0.023057548329234123,0.5229381322860718,5.495205879211426,1510.3406982421875
261262,100,0.63,-0.010549027472734451,0.48558080196380615,9.13717269897461,852.0082397460938
261263,100,0.56,-0.22593022882938385,0.5827697515487671,2.145857095718384,401.0337219238281
261264,100,0.45,0.05462489649653435,0.5198782086372375,6.3143720626831055,1412.168212890625
261265,33,0.6666666666666666,0.22377651929855347,0.596444845199585,13.025972366333008,1212.2730712890625
261266,100,0.45,-0.03091675415635109,0.43145936727523804,9.758023262023926,478.4032287597656
261267,100,0.56,-0.018521906808018684,0.5903119444847107,5.7972731590271,865.922607421875
261268,100,0.53,0.043630532920360565,0.5358166694641113,7.973857879638672,1571.3660888671875
261269,77,0.4935064935064935,0.11470699310302734,0.4705061912536621,6.673577785491943,2099.128662109375
261270,100,0.51,-0.03922852501273155,0.4783961772918701,6.998518466949463,1032.5115966796875
261271,100,0.49,0.014016707427799702,0.5072246789932251,8.430697441101074,794.8362426757812
261272,100,0.45,-0.17201344668865204,0.5404000878334045,1.5767216682434082,678.9796142578125
261273,100,0.58,0.01663883402943611,0.4376060962677002,5.0756330490112305,732.634033203125
261274,100,0.5,-0.031139707192778587,0.5174457430839539,7.431351184844971,357.26531982421875
261275,100,0.49,-0.25496217608451843,0.5378466844558716,0.9559667706489563,763.88671875
261276,100,0.5,0.08804813027381897,0.4884701073169708,9.201327323913574,1051.56298828125
261277,47,0.44680851063829785,0.13601110875606537,0.47684499621391296,8.18740177154541,641.6107177734375
261278,66,0.5606060606060606,0.1428731381893158,0.48490670323371887,14.898563385009766,1684.5205078125
261279,19,0.42105263157894735,0.33835187554359436,0.48276379704475403,8.707240104675293,1760.7138671875
261280,100,0.54,-0.11723050475120544,0.49190041422843933,4.140021800994873,1010.351318359375
261281,100,0.49,-0.07746323943138123,0.5304608941078186,2.467855453491211,1238.525634765625
261282,89,0.550561797752809,-0.015381433069705963,0.5052764415740967,5.854825973510742,1317.7039794921875
261283,100,0.46,-0.0034557476174086332,0.5364821553230286,8.007983207702637,784.4693603515625
261284,51,0.5490196078431373,0.2092069387435913,0.44581952691078186,11.964306831359863,1014.86279296875
261285,14,0.6428571428571429,0.3082667589187622,0.5797923803329468,3.5510659217834473,1535.7337646484375
261286,100,0.46,-0.11879855394363403,0.5203830003738403,1.496830701828003,1501.5291748046875
261287,100,0.54,-0.0034858903381973505,0.45669829845428467,4.4562811851501465,693.1881713867188
261288,100,0.42,-0.07431729882955551,0.5042901039123535,1.5258381366729736,697.3165283203125
261289,100,0.57,0.09516166150569916,0.5532393455505371,10.077301025390625,1127.71044921875
261290,100,0.53,0.12985928356647491,0.5516198873519897,15.333949089050293,1050.321533203125
261291,70,0.38571428571428573,-0.026354102417826653,0.5394792556762695,4.311768531799316,479.9165344238281
261292,100,0.41,-0.010455125942826271,0.5552569627761841,4.6135358810424805,457.876220703125
261293,100,0.47,0.05092073976993561,0.492676317691803,6.605432033538818,433.4734802246094
261294,100,0.51,0.1403796225786209,0.5678625106811523,12.524711608886719,960.0762939453125
261295,100,0.46,-0.010933630168437958,0.5484961867332458,4.63841438293457,968.3758544921875
261296,100,0.52,0.04991469159722328,0.565687894821167,9.519299507141113,961.8483276367188
261297,18,0.6111111111111112,0.03439674153923988,0.40347012877464294,3.941434144973755,417.02777099609375
261298,100,0.49,0.07841001451015472,0.4755455553531647,4.9321160316467285,880.2100830078125
261299,37,0.5405405405405406,0.3300938308238983,0.5024060606956482,13.28857421875,1326.601318359375
261300,100,0.61,-0.006393512710928917,0.4908570647239685,16.42026710510254,1565.3636474609375
261301,100,0.5,0.004509688820689917,0.5444888472557068,4.239248275756836,577.3497314453125
261302,100,0.47,0.10684671998023987,0.5255582332611084,11.132892608642578,1819.554443359375
261303,88,0.4431818181818182,0.11937667429447174,0.546790599822998,7.320199966430664,1133.8408203125
261304,100,0.53,0.09401454776525497,0.41306909918785095,13.211076736450195,1572.3746337890625
261305,100,0.5,0.01777215301990509,0.449228972196579,12.725787162780762,723.1791381835938
261306,84,0.44047619047619047,0.180383563041687,0.5221704244613647,12.808058738708496,1052.995849609375
261307,100,0.55,-0.024622352793812752,0.46360236406326294,8.635205268859863,452.8410339355469
261308,100,0.47,0.01069992408156395,0.4925538897514343,6.750988960266113,429.3948974609375
261309,70,0.4714285714285714,-0.04463546350598335,0.5354816913604736,5.443465709686279,1777.4932861328125
261310,34,0.6176470588235294,0.2174282819032669,0.41080522537231445,6.885627269744873,1508.423095703125
261311,25,0.68,-0.07749952375888824,0.5202622413635254,3.4959661960601807,1838.6016845703125
261312,100,0.55,-0.044443659484386444,0.5402951240539551,4.888110160827637,781.8117065429688
261313,65,0.5384615384615384,0.13852117955684662,0.5056149959564209,11.822208404541016,1709.5343017578125
261314,34,0.6176470588235294,0.18617551028728485,0.6371203064918518,10.150673866271973,1349.8917236328125
261315,100,0.54,0.1110033392906189,0.48314595222473145,26.176366806030273,591.1056518554688
261316,62,0.4838709677419355,0.07369451224803925,0.5376404523849487,12.534697532653809,1689.21630859375
261317,80,0.55,0.09675686061382294,0.5168285965919495,11.26549243927002,1558.939697265625
261318,100,0.55,-0.025874974206089973,0.5382139086723328,5.006570339202881,1071.3814697265625
261319,95,0.3894736842105263,0.06464369595050812,0.5361748337745667,6.168398380279541,1550.3359375
261320,100,0.39,-0.01921975612640381,0.5037492513656616,2.694904088973999,1445.7933349609375
261321,66,0.4696969696969697,0.08030656725168228,0.5243722200393677,4.768203258514404,1305.2540283203125
261322,100,0.44,-0.15731900930404663,0.5541552305221558,2.02895188331604,441.7305603027344
261323,100,0.48,-0.004589306656271219,0.5816445350646973,8.741034507751465,1970.9022216796875
261324,27,0.4444444444444444,0.3209739327430725,0.6405450105667114,6.811500072479248,230.69041442871094
261325,55,0.4909090909090909,0.07556187361478806,0.506224513053894,6.273289203643799,730.782958984375
261326,42,0.5476190476190477,0.07254791259765625,0.430132657289505,5.6015543937683105,408.60906982421875
261327,100,0.41,-0.1808801293373108,0.470785528421402,1.3221402168273926,1257.8839111328125
261328,100,0.49,-0.0073460778221488,0.5050976872444153,4.114081859588623,1232.977294921875
261329,79,0.4430379746835443,0.015445397235453129,0.4202632009983063,6.340481281280518,1122.27978515625
261330,100,0.62,0.014411753043532372,0.4701527953147888,10.28257942199707,1659.063232421875
261331,80,0.425,0.09811318665742874,0.4634506404399872,5.298274517059326,1495.032470703125
261332,100,0.52,-0.17716941237449646,0.5580238699913025,2.0317482948303223,1245.5126953125
261333,74,0.3918918918918919,0.012905636802315712,0.594709038734436,5.988951206207275,1771.488525390625
261334,100,0.48,0.056692127138376236,0.548276960849762,12.290026664733887,373.4996337890625
261335,51,0.5294117647058824,0.17431536316871643,0.5070375800132751,14.086989402770996,1484.671630859375
261336,100,0.5,-0.0001899182825582102,0.5587902069091797,4.605037689208984,1305.054443359375
261337,100,0.44,-0.01689722388982773,0.5346062779426575,6.169259548187256,521.2439575195312
261338,54,0.5555555555555556,0.04434672370553017,0.5046973824501038,6.68525505065918,1899.771240234375
261339,92,0.5434782608695652,0.044234298169612885,0.546267569065094,8.332740783691406,2114.472412109375
261340,100,0.57,-0.10825477540493011,0.4525061249732971,5.313222885131836,1006.2061767578125
261341,100,0.5,-0.06657184660434723,0.5140225887298584,4.268695831298828,1389.9862060546875
261342,40,0.5,0.17175474762916565,0.545324444770813,5.315196514129639,660.5992431640625
261343,100,0.48,0.030981287360191345,0.49086156487464905,5.3911519050598145,788.7157592773438
261344,65,0.4461538461538462,0.035365983843803406,0.5568492412567139,3.4812722206115723,810.3255004882812
261345,100,0.64,-0.04631919041275978,0.4483415186405182,2.4750754833221436,640.2213134765625
261346,34,0.5882352941176471,0.3527210056781769,0.4206462800502777,12.423694610595703,706.6058349609375
261347,99,0.5050505050505051,0.05645718425512314,0.49713951349258423,9.44900131225586,547.7041015625
261348,16,0.5625,0.3225669860839844,0.48269420862197876,9.86161994934082,871.5680541992188
261349,100,0.48,-0.07682960480451584,0.5003974437713623,2.6690409183502197,925.4719848632812
261350,100,0.4,-0.043714068830013275,0.5633923411369324,2.943390130996704,131.32102966308594
261351,80,0.4375,0.15982890129089355,0.4479641020298004,11.422863960266113,1929.7086181640625
261352,100,0.53,0.05575205385684967,0.4657461643218994,10.651309967041016,855.9705200195312
261353,100,0.54,-0.11308687180280685,0.4620126783847809,4.437214374542236,790.2156372070312
261354,64,0.53125,0.2537953555583954,0.4673016667366028,15.821136474609375,1538.3084716796875
261355,26,0.5,0.6074044108390808,0.49212735891342163,15.66791820526123,1389.2010498046875
261356,22,0.5,0.5228268504142761,0.5998694896697998,9.336808204650879,1446.901123046875
261357,100,0.61,0.14747565984725952,0.4657987356185913,19.959081649780273,1527.3585205078125
261358,100,0.46,-0.014799953438341618,0.5164980888366699,8.749088287353516,978.9398803710938
261359,100,0.5,0.08040744066238403,0.45023754239082336,10.094656944274902,1168.3385009765625
261360,79,0.5063291139240507,0.12034066021442413,0.49193865060806274,8.471221923828125,1726.089111328125
261361,100,0.63,0.04674551263451576,0.5140207409858704,17.1135196685791,544.6571655273438
261362,100,0.44,0.03278099000453949,0.5488399863243103,9.030901908874512,791.6093139648438
261363,100,0.48,0.034631941467523575,0.5473676919937134,5.971940994262695,781.1195068359375
261364,42,0.5,0.22172367572784424,0.5038925409317017,10.179059028625488,1761.5826416015625
261365,100,0.52,-0.04883507639169693,0.5383349061012268,4.738955497741699,1263.160888671875
261366,36,0.5,0.1828595995903015,0.4725853204727173,11.160557746887207,1843.601318359375
261367,84,0.5238095238095238,0.11951272189617157,0.5374703407287598,17.163320541381836,1564.606689453125
261368,100,0.46,-0.019260255619883537,0.5244478583335876,7.5784406661987305,1183.544921875
261369,36,0.5555555555555556,0.16503114998340607,0.4247477054595947,8.37691879272461,1789.780029296875
261370,22,0.4090909090909091,0.35554319620132446,0.44965627789497375,7.286801338195801,1004.5106201171875
261371,22,0.45454545454545453,0.33473196625709534,0.5374733805656433,6.746503829956055,1488.2584228515625
261372,100,0.46,-0.07549358159303665,0.5258769989013672,5.802724838256836,1391.6884765625
261373,34,0.47058823529411764,0.2199690192937851,0.5518508553504944,3.913417100906372,1255.7222900390625
261374,74,0.5540540540540541,0.0839611142873764,0.508979856967926,8.891845703125,1400.45556640625
261375,62,0.5483870967741935,0.09349454939365387,0.5409771800041199,7.032723903656006,998.393310546875
261376,100,0.55,-0.056289758533239365,0.4538080096244812,12.797508239746094,1170.0479736328125
261377,100,0.56,-0.11184297502040863,0.5633420348167419,2.275207042694092,813.9322509765625
261378,83,0.5421686746987951,0.11306770890951157,0.5367903113365173,18.773807525634766,1942.6002197265625
261379,100,0.53,-0.05784381553530693,0.4322856068611145,4.071099281311035,789.7739868164062
261380,100,0.57,-0.2418765127658844,0.5569209456443787,1.8587958812713623,644.624755859375
261381,81,0.5925925925925926,0.1004001721739769,0.5331488847732544,10.419238090515137,870.7222290039062
261382,69,0.4492753623188406,0.014134770259261131,0.47986501455307007,5.656706809997559,899.418701171875
261383,100,0.55,0.0878186747431755,0.4872252941131592,11.841070175170898,811.71240234375
261384,100,0.45,-0.08550827950239182,0.519740879535675,4.165897369384766,469.810546875
261385,94,0.574468085106383,-0.0986800566315651,0.498929500579834,3.2384021282196045,1189.694580078125
261386,100,0.54,-0.27126097679138184,0.5243914127349854,1.5214370489120483,1408.0244140625
261387,100,0.5,-0.07895595580339432,0.38114869594573975,1.930846095085144,1568.156005859375
261388,100,0.55,-0.13278445601463318,0.47201499342918396,2.134036064147949,1073.854736328125
261389,100,0.47,-0.07426299154758453,0.5028945803642273,3.4429593086242676,266.401611328125
261390,100,0.46,-0.04387974366545677,0.5185606479644775,4.185941696166992,1678.09814453125
261391,100,0.41,-0.011892503127455711,0.5261162519454956,6.4512553215026855,1386.240966796875
261392,100,0.5,-0.30341416597366333,0.4567073583602905,1.123376488685608,273.4056701660156
261393,60,0.4,0.06900041550397873,0.4982925057411194,4.5348801612854,811.4641723632812
261394,100,0.51,0.07473695278167725,0.5647398233413696,7.029384613037109,1353.1600341796875
261395,100,0.63,-0.17576280236244202,0.4905979633331299,3.4164273738861084,436.82977294921875
261396,24,0.4166666666666667,0.2828662395477295,0.5170820951461792,6.222590923309326,565.2357788085938
261397,100,0.53,-0.1718469262123108,0.46302494406700134,1.9309768676757812,167.6279754638672
261398,100,0.56,-0.023740515112876892,0.4482474625110626,3.6487960815429688,1249.2890625
261399,100,0.47,-0.12501715123653412,0.533857524394989,1.5474231243133545,1614.941162109375
261400,62,0.532258064516129,-0.08513016998767853,0.4835844337940216,3.0813705921173096,1303.6112060546875
261401,57,0.43859649122807015,0.13283278048038483,0.4829925298690796,12.313766479492188,1354.9088134765625
261402,100,0.53,0.043946750462055206,0.46842825412750244,6.807680606842041,942.1819458007812
261403,100,0.43,-0.06213987618684769,0.5049264430999756,7.566534042358398,1167.9908447265625
261404,100,0.4,-0.06319628655910492,0.5176194906234741,2.11152720451355,899.9981079101562
261405,77,0.5714285714285714,0.007730479817837477,0.4705111086368561,7.086160182952881,513.90087890625
261406,100,0.46,-0.026141131296753883,0.4890139102935791,8.666751861572266,1298.0733642578125
261407,55,0.4909090909090909,0.07053429633378983,0.4426720142364502,6.466892242431641,1128.2403564453125
261408,73,0.589041095890411,0.13151632249355316,0.4804576635360718,19.058496475219727,1424.013427734375
261409,85,0.5294117647058824,0.0609433613717556,0.47069376707077026,12.705960273742676,2032.4234619140625
261410,22,0.36363636363636365,0.20237600803375244,0.5531647801399231,4.1707868576049805,1600.3165283203125
261411,37,0.5945945945945946,0.3761638402938843,0.508771538734436,15.320242881774902,1254.23583984375
261412,44,0.5,0.1550634503364563,0.5578038096427917,9.916878700256348,957.5023193359375
261413,74,0.5675675675675675,0.18284346163272858,0.40577787160873413,14.115774154663086,1725.1009521484375
261414,100,0.49,-0.15973544120788574,0.5374724864959717,2.1850473880767822,1398.572998046875
261415,92,0.5217391304347826,-0.030055785551667213,0.5902528762817383,4.331753730773926,1430.8489990234375
261416,100,0.5,0.006971657741814852,0.5210897922515869,4.82974100112915,506.26580810546875
261417,100,0.45,-0.12096826732158661,0.5058621168136597,1.9136526584625244,924.0494384765625
261418,24,0.4166666666666667,0.20027343928813934,0.4896005094051361,6.998738765716553,891.2182006835938
261419,100,0.5,-0.02573821134865284,0.4999062716960907,4.874715805053711,459.0910949707031
261420,46,0.4782608695652174,0.14372682571411133,0.4690510332584381,5.936766147613525,1614.7415771484375
261421,28,0.5,0.15357185900211334,0.5649718642234802,6.7353196144104,250.9814453125
261422,100,0.42,-0.15467314422130585,0.5009405612945557,2.993295907974243,1464.70703125
261423,100,0.55,-0.01964513212442398,0.4968608319759369,2.5794014930725098,1711.5743408203125
261424,100,0.47,-0.03480672463774681,0.4361758828163147,4.337426662445068,940.2883911132812
261425,100,0.53,-0.09347162395715714,0.588752806186676,3.252601385116577,381.33319091796875
261426,100,0.5,-0.1648721545934677,0.45397815108299255,1.8688632249832153,1396.8157958984375
261427,27,0.48148148148148145,0.24031582474708557,0.45675626397132874,6.102201461791992,1673.6494140625
261428,65,0.5384615384615384,0.15179498493671417,0.4964693486690521,12.31221866607666,1303.5157470703125
261429,40,0.525,-0.20543093979358673,0.42522040009498596,1.2760741710662842,1586.3212890625
261430,100,0.5,-0.21207836270332336,0.5029340982437134,1.3070368766784668,686.76904296875
261431,37,0.7297297297297297,0.2641468942165375,0.5663281679153442,18.411794662475586,687.406982421875
261432,30,0.6666666666666666,0.05585715174674988,0.45778974890708923,10.612075805664062,827.8639526367188
261433,56,0.5,0.24600659310817719,0.6326155066490173,15.478422164916992,1984.9197998046875
261434,100,0.44,0.03842230141162872,0.4844476282596588,8.266256332397461,1188.0347900390625
261435,100,0.49,0.08168502897024155,0.4298475682735443,7.447226524353027,1357.20947265625
261436,100,0.55,0.04284916818141937,0.5103927850723267,7.770916938781738,618.6823120117188
261437,100,0.47,0.09561948478221893,0.48647207021713257,15.911408424377441,1450.918212890625
261438,99,0.6060606060606061,0.15048199892044067,0.5097750425338745,14.374188423156738,1377.3289794921875
261439,57,0.43859649122807015,0.331785649061203,0.5331971645355225,16.670358657836914,1353.0687255859375
261440,40,0.55,0.10266081988811493,0.5157390236854553,5.376603603363037,822.3707275390625
261441,84,0.4523809523809524,0.11967513710260391,0.46917280554771423,14.905981063842773,1465.9583740234375
261442,100,0.47,-0.08967380970716476,0.47930532693862915,2.153698205947876,1285.2652587890625
261443,100,0.48,0.04069022461771965,0.5209996700286865,7.813965320587158,882.2349853515625
261444,100,0.57,0.04125066101551056,0.5051159262657166,14.895812034606934,523.5201416015625
261445,44,0.45454545454545453,0.05660642310976982,0.5155104994773865,4.465953350067139,851.3428344726562
261446,100,0.56,-0.006155065260827541,0.49224817752838135,4.807065963745117,539.7268676757812
261447,100,0.46,-0.0025009966921061277,0.4828239977359772,10.7023344039917,987.553955078125
261448,31,0.5161290322580645,0.3285464942455292,0.3784193694591522,10.969504356384277,1380.04052734375
261449,88,0.45454545454545453,0.04398020729422569,0.5638249516487122,5.513171195983887,1191.22802734375
261450,100,0.52,0.015264357440173626,0.513948917388916,5.252346038818359,1122.9873046875
261451,100,0.52,-0.10365866869688034,0.5534840226173401,2.53114914894104,1162.487548828125
261452,100,0.48,0.04061659798026085,0.5452428460121155,10.767786026000977,1775.6802978515625
261453,100,0.47,-0.11778974533081055,0.5247433185577393,3.158280849456787,666.5117797851562
261454,100,0.52,-0.2971635162830353,0.6007121205329895,0.9420902729034424,783.4617919921875
261455,100,0.51,-0.04475463554263115,0.5271057486534119,3.738645553588867,1449.95703125
261456,58,0.4827586206896552,0.18776609003543854,0.45163363218307495,16.34367561340332,1006.8160400390625
261457,73,0.547945205479452,-0.24278387427330017,0.505070686340332,1.495998501777649,594.99951171875
261458,2,1.0,0.4721958637237549,,3.152209520339966,856.9296875
261459,100,0.48,-0.0857200101017952,0.5797972083091736,6.626126289367676,729.03173828125
261460,100,0.52,-0.13614463806152344,0.4505886733531952,2.2850356101989746,859.1069946289062
261461,100,0.44,-0.16371606290340424,0.5212467312812805,1.4786642789840698,1294.5892333984375
261462,100,0.48,-0.0901579037308693,0.47196656465530396,4.33802604675293,1162.792724609375
261463,100,0.63,-0.06224505230784416,0.4310516119003296,4.989584445953369,539.5775756835938
261464,100,0.48,-0.07357388734817505,0.5170202255249023,4.37106466293335,1832.8387451171875
261465,38,0.47368421052631576,-0.07500544935464859,0.48555484414100647,1.5759590864181519,1334.872314453125
261466,100,0.46,0.023640181869268417,0.5099769830703735,7.092491626739502,1386.262939453125
261467,14,0.5,0.21975013613700867,0.5856675505638123,3.1914994716644287,926.7181396484375
261468,62,0.41935483870967744,0.1096457913517952,0.5451016426086426,5.481179237365723,1628.0281982421875
261469,100,0.45,-0.18426881730556488,0.4847322702407837,2.5247962474823,1178.5413818359375
261470,39,0.6666666666666666,0.15996448695659637,0.5572982430458069,11.212154388427734,488.72705078125
261471,100,0.54,0.06054797023534775,0.4861125648021698,9.022283554077148,1368.0404052734375
261472,100,0.48,-0.03588279336690903,0.4594893157482147,3.880647897720337,816.9273681640625
261473,100,0.5,-0.01557371485978365,0.47967708110809326,8.515201568603516,670.38427734375
261474,100,0.52,-0.2374960482120514,0.5424361824989319,1.6027696132659912,261.69451904296875
261475,100,0.44,-0.02904106304049492,0.5255331993103027,5.68487548828125,660.2796020507812
261476,80,0.5125,0.14256224036216736,0.4325978755950928,20.26639747619629,658.1796264648438
261477,100,0.49,0.018022805452346802,0.5269854068756104,11.84360122680664,1207.3779296875
261478,63,0.47619047619047616,0.13763178884983063,0.40963250398635864,5.50867223739624,1104.716552734375
261479,100,0.45,-0.1383434534072876,0.5223028659820557,2.731874942779541,1366.0318603515625
261480,83,0.4819277108433735,0.126334547996521,0.49345889687538147,10.877650260925293,957.646484375
261481,100,0.54,-0.03296944126486778,0.4870569407939911,5.943246841430664,1387.6202392578125
261482,50,0.52,0.19341881573200226,0.5279586911201477,7.515570163726807,919.6480712890625
261483,100,0.51,0.02981688268482685,0.519836962223053,8.42471694946289,1501.466064453125
261484,100,0.54,-0.0962933599948883,0.4780784249305725,4.400895595550537,541.9154052734375
261485,25,0.64,0.521607518196106,0.3871060311794281,16.045408248901367,925.7615356445312
261486,69,0.42028985507246375,0.2501371204853058,0.5545976758003235,20.485435485839844,1342.872314453125
261487,17,0.5294117647058824,0.6106634736061096,0.47203007340431213,11.41043472290039,1522.7401123046875
261488,100,0.57,-0.02223280444741249,0.5008793473243713,4.883001327514648,719.5721435546875
261489,100,0.47,-0.014763223007321358,0.43900349736213684,8.285872459411621,1060.142578125
261490,100,0.5,-0.23874548077583313,0.5073791146278381,1.5386691093444824,1229.1734619140625
261491,100,0.49,0.035104088485240936,0.5253447890281677,14.61645221710205,678.071533203125
261492,100,0.55,0.05710623785853386,0.523716926574707,9.968103408813477,920.5942993164062
261493,54,0.5,0.1190766915678978,0.5108338594436646,7.784821033477783,1131.278564453125
261494,45,0.4888888888888889,0.30313271284103394,0.5510123372077942,16.64596176147461,2158.5712890625
261495,100,0.51,-0.02549213357269764,0.5478993058204651,3.9094464778900146,892.3124389648438
261496,100,0.5,-0.017160816118121147,0.48974236845970154,11.936043739318848,1296.0538330078125
261497,84,0.5119047619047619,0.025273805484175682,0.5034252405166626,3.625889301300049,769.4196166992188
261498,100,0.46,-0.0910041406750679,0.5587040781974792,5.287972450256348,528.7532958984375
261499,100,0.41,0.0779571384191513,0.5019131898880005,8.325787544250488,1660.5404052734375
261500,100,0.49,0.09879195690155029,0.5817468762397766,6.584453105926514,1399.4232177734375
261501,100,0.58,0.05139152333140373,0.5397383570671082,9.420196533203125,1077.19482421875
261502,63,0.5555555555555556,0.12560641765594482,0.5925043225288391,15.118734359741211,1890.3814697265625
261503,100,0.52,0.06636516004800797,0.4961105287075043,10.941758155822754,1688.29541015625
261504,100,0.51,0.058624427765607834,0.5178094506263733,13.40429401397705,1103.2857666015625
261505,23,0.6956521739130435,0.4415012300014496,0.6359668970108032,16.403512954711914,1704.5849609375
261506,100,0.51,0.021198922768235207,0.5281944870948792,7.661462783813477,586.0756225585938
261507,100,0.48,0.038602057844400406,0.5402888655662537,4.0267534255981445,1420.85107421875
261508,100,0.42,0.04052107781171799,0.535574734210968,5.2118096351623535,397.769287109375
261509,100,0.52,0.09125514328479767,0.5080300569534302,12.733660697937012,1209.16796875
261510,100,0.49,-0.09057004749774933,0.546019971370697,3.9125816822052,904.812255859375
261511,74,0.44594594594594594,0.09679186344146729,0.5186754465103149,13.40526294708252,304.0873718261719
261512,19,0.6842105263157895,0.11250148713588715,0.3708208501338959,6.178464412689209,420.6918029785156
261513,43,0.6046511627906976,0.025612013414502144,0.574037492275238,7.988961219787598,375.85693359375
261514,66,0.5151515151515151,0.09176430106163025,0.5011100769042969,11.169234275817871,947.2611083984375
261515,100,0.49,-0.08598175644874573,0.5482078790664673,3.5747766494750977,1627.6859130859375
261516,100,0.46,0.000763608724810183,0.5455355048179626,6.493159294128418,785.1390380859375
261517,33,0.6666666666666666,0.08355063945055008,0.5126038193702698,5.339172840118408,872.8289184570312
261518,100,0.47,0.07390495389699936,0.5224733352661133,8.944611549377441,1356.1583251953125
261519,100,0.5,-0.14070889353752136,0.5324955582618713,1.144803524017334,337.8640441894531
261520,100,0.46,-0.009438588283956051,0.585655152797699,3.935391902923584,1517.989990234375
261521,100,0.45,0.01625177636742592,0.6057845950126648,5.386041164398193,900.5030517578125
261522,100,0.46,0.1096101850271225,0.5392404198646545,9.147783279418945,730.8643188476562
261523,82,0.45121951219512196,0.0032193290535360575,0.536323606967926,3.7095091342926025,695.4027709960938
261524,100,0.46,-0.09059794992208481,0.5559245347976685,2.1449315547943115,736.0938110351562
261525,100,0.51,-0.26008567214012146,0.5687289834022522,0.8615919351577759,660.8944702148438
261526,100,0.43,-0.11550095677375793,0.4668065905570984,2.132126569747925,352.5310363769531
261527,40,0.575,0.07889377325773239,0.48161670565605164,5.577077388763428,904.1065063476562
261528,62,0.5806451612903226,0.070819191634655,0.49945151805877686,9.501298904418945,1802.2122802734375
261529,100,0.59,-0.07315491884946823,0.5811624526977539,3.359304428100586,1060.473388671875
261530,100,0.52,-0.10736063122749329,0.5100263953208923,2.9850029945373535,979.0279541015625
261531,36,0.4166666666666667,0.15224149823188782,0.5365955233573914,3.1265876293182373,1137.1380615234375
261532,46,0.45652173913043476,0.15751416981220245,0.49388188123703003,6.850773811340332,671.11669921875
261533,100,0.56,0.0017124339938163757,0.5010111927986145,11.214649200439453,457.1800537109375
261534,100,0.52,-0.18113836646080017,0.5190288424491882,1.2041038274765015,518.0142211914062
261535,75,0.38666666666666666,-0.052663300186395645,0.46863123774528503,2.3529491424560547,984.5121459960938
261536,68,0.4117647058823529,0.14399559795856476,0.44301825761795044,6.61092472076416,786.4091186523438
261537,100,0.59,-0.07715785503387451,0.505553126335144,2.3677477836608887,578.9722900390625
261538,39,0.46153846153846156,-0.1440517008304596,0.4576398432254791,2.730097770690918,1986.44580078125
261539,100,0.48,-0.08197984844446182,0.5272155404090881,7.86557674407959,1205.752197265625
261540,36,0.3888888888888889,-0.16703025996685028,0.4272955656051636,1.7546287775039673,1390.8951416015625
261541,100,0.55,-0.018722325563430786,0.4955209195613861,8.762105941772461,616.7575073242188
261542,100,0.4,0.02796085737645626,0.5953745245933533,6.513455867767334,828.6908569335938
261543,92,0.4782608695652174,0.036438122391700745,0.4602127969264984,8.498749732971191,1085.0452880859375
261544,13,0.38461538461538464,0.1780117154121399,0.6116814017295837,2.2199599742889404,405.4682922363281
261545,100,0.53,-0.17763493955135345,0.4754584729671478,2.9961442947387695,568.575439453125
261546,44,0.5909090909090909,0.09870043396949768,0.5890305638313293,5.015925884246826,342.1965637207031
261547,100,0.38,0.021909037604928017,0.5155932903289795,4.376896858215332,469.7035827636719
261548,77,0.37662337662337664,-0.1465606391429901,0.5081576704978943,1.7546473741531372,1309.92041015625
261549,100,0.44,-0.11742930859327316,0.520252525806427,2.4054479598999023,1676.031005859375
261550,100,0.48,-0.014409218914806843,0.51264488697052,5.10818338394165,1210.4774169921875
261551,100,0.39,-0.007049774285405874,0.5542741417884827,6.348702430725098,874.6871337890625
261552,89,0.4606741573033708,0.0736646056175232,0.45294785499572754,11.54350471496582,1505.47314453125
261553,100,0.43,-0.020155044272542,0.5463626980781555,3.4196410179138184,1447.614013671875
261554,99,0.5454545454545454,0.13868489861488342,0.411180317401886,18.043458938598633,1033.974853515625
261555,89,0.6179775280898876,-0.03572516515851021,0.5497249364852905,6.202428340911865,1033.5543212890625
261556,100,0.59,-0.05617104470729828,0.4488946497440338,2.2697031497955322,1361.9915771484375
261557,100,0.52,0.008519879542291164,0.5064905285835266,6.660184383392334,768.5285034179688
261558,27,0.5925925925925926,0.38286060094833374,0.45167410373687744,12.631782531738281,241.33006286621094
261559,100,0.5,-0.05452680587768555,0.5513226985931396,3.740457534790039,1227.3753662109375
261560,100,0.42,0.05921168625354767,0.461444228887558,9.894818305969238,1271.8470458984375
261561,100,0.44,-0.14008770883083344,0.5104355812072754,2.7606842517852783,1327.1854248046875
261562,100,0.52,-0.012483709491789341,0.49360528588294983,7.307519912719727,1517.96484375
261563,100,0.49,0.010477920062839985,0.4827888011932373,3.981734037399292,906.7703247070312
261564,100,0.5,0.011338049545884132,0.5102205872535706,9.748126983642578,211.04257202148438
261565,100,0.44,0.014690983109176159,0.5195191502571106,9.57612133026123,689.8035888671875
261566,92,0.4673913043478261,0.01231258176267147,0.49480539560317993,7.807679653167725,1080.235595703125
261567,100,0.45,0.08608921617269516,0.5131613612174988,11.199545860290527,1666.90234375
261568,100,0.49,-0.0819537416100502,0.49312737584114075,2.89691162109375,286.83013916015625
261569,23,0.5652173913043478,0.1712387353181839,0.41978031396865845,3.800912857055664,944.3544921875
261570,100,0.49,0.03665803745388985,0.5584414005279541,5.603975296020508,1176.7044677734375
261571,100,0.46,0.12395885586738586,0.447923868894577,10.471495628356934,1183.49072265625
261572,100,0.47,-0.032766640186309814,0.5172277688980103,5.222944736480713,1417.0782470703125
261573,67,0.582089552238806,0.10805916041135788,0.4281822741031647,10.309394836425781,1797.361083984375
261574,43,0.4883720930232558,0.16874773800373077,0.4276316463947296,5.743741989135742,1342.4139404296875
261575,84,0.42857142857142855,0.16365541517734528,0.5256924033164978,10.526223182678223,1726.336181640625
261576,40,0.475,0.09952080994844437,0.46968260407447815,5.394405364990234,777.356689453125
261577,48,0.5208333333333334,0.21765545010566711,0.6199666857719421,10.89380931854248,1077.0810546875
261578,100,0.52,0.12422206997871399,0.5077546238899231,13.188182830810547,1057.081787109375
261579,28,0.5714285714285714,0.1702394038438797,0.43518421053886414,7.195663928985596,1179.736083984375
261580,100,0.44,-0.17085295915603638,0.4607817828655243,1.1384550333023071,620.2724609375
261581,100,0.54,0.023288169875741005,0.5253925323486328,11.298317909240723,696.5426635742188
261582,100,0.46,-0.3238392770290375,0.6070231199264526,1.1847453117370605,810.486328125
261583,39,0.4358974358974359,0.03842902183532715,0.4445633590221405,5.938261032104492,1640.318359375
261584,100,0.53,-0.11923102289438248,0.47110119462013245,1.440352439880371,1308.1475830078125
261585,100,0.49,0.00029186432948336005,0.4961577355861664,7.2162981033325195,707.6852416992188
261586,96,0.5104166666666666,0.0037870893720537424,0.4689563512802124,5.3555474281311035,1173.5198974609375
261587,100,0.55,-0.0993318036198616,0.5054989457130432,3.3845348358154297,494.99176025390625
261588,100,0.48,-0.1961696594953537,0.47601884603500366,1.1355751752853394,1436.839111328125
261589,58,0.43103448275862066,0.13217997550964355,0.4772747755050659,6.098484516143799,750.4996948242188
261590,100,0.51,0.011477756313979626,0.47230201959609985,4.787626266479492,1114.64697265625
261591,100,0.58,0.008022420108318329,0.5725231170654297,10.385653495788574,559.5033569335938
261592,100,0.55,-0.12152674049139023,0.48372459411621094,1.3856441974639893,597.646728515625
261593,100,0.5,-0.09872210770845413,0.5794094204902649,3.1147851943969727,1507.955322265625
261594,37,0.5675675675675675,-0.15594364702701569,0.5094908475875854,0.8323589563369751,1081.0538330078125
261595,5,0.8,0.24947413802146912,0.6792148947715759,1.853595495223999,654.9170532226562
261596,100,0.54,-0.09655185043811798,0.5226503610610962,2.8734970092773438,1001.7781372070312
261597,100,0.59,-0.09249774366617203,0.5151063203811646,2.6546075344085693,517.7523803710938
261598,100,0.52,-0.13451173901557922,0.4178675711154938,2.276275396347046,1284.2781982421875
261599,100,0.49,-0.30572274327278137,0.5002335906028748,0.6283733248710632,1127.61962890625
261600,100,0.56,-0.050360340625047684,0.4679014980792999,3.8629446029663086,639.965087890625
261601,100,0.4,0.0012824356090277433,0.486926406621933,6.537595272064209,437.55804443359375
261602,100,0.43,-0.07362387329339981,0.5695255994796753,2.562451124191284,739.2479248046875
261603,35,0.4857142857142857,0.1973862200975418,0.5204095840454102,10.46860122680664,1142.6358642578125
261604,100,0.5,-0.14940297603607178,0.5080024600028992,2.1996922492980957,751.0849609375
261605,83,0.5662650602409639,0.01383223943412304,0.5059035420417786,4.88235330581665,453.33905029296875
261606,100,0.44,-0.0945686623454094,0.5552664399147034,3.6370363235473633,438.6792907714844
261607,100,0.49,-0.18726655840873718,0.5469652414321899,3.0779306888580322,922.8157348632812
261608,100,0.38,-0.1287415623664856,0.5296130180358887,2.0462303161621094,712.3884887695312
261609,100,0.57,-0.008210938423871994,0.5787262916564941,5.25960636138916,664.7437744140625
261610,100,0.54,-0.1593669205904007,0.541588306427002,2.354198694229126,610.2763671875
261611,100,0.5,0.057048119604587555,0.5572071075439453,11.667713165283203,1584.638916015625
261612,100,0.46,0.1376996487379074,0.5156195759773254,11.85064697265625,380.6965637207031
261613,31,0.5483870967741935,0.14518892765045166,0.35692399740219116,8.6956205368042,483.07489013671875
261614,22,0.5,-0.3277556598186493,0.5159297585487366,1.0952552556991577,1267.1314697265625
261615,76,0.4342105263157895,-0.030969399958848953,0.5014380216598511,3.1108040809631348,1266.4808349609375
261616,99,0.4444444444444444,0.06497012823820114,0.549519956111908,5.497836589813232,941.1464233398438
261617,100,0.59,-0.002016340382397175,0.5136091709136963,4.918003082275391,489.86669921875
261618,57,0.49122807017543857,0.07887852191925049,0.5181321501731873,5.443965911865234,1568.6097412109375
261619,100,0.45,-0.041546933352947235,0.4910505712032318,2.196882724761963,1003.795654296875
261620,77,0.5584415584415584,-0.014254661276936531,0.5401959419250488,4.9320783615112305,944.7351684570312
261621,100,0.45,-0.20751841366291046,0.5015089511871338,1.4054447412490845,513.96240234375
261622,100,0.58,-0.13124217092990875,0.570831298828125,3.665499210357666,2120.14453125
261623,51,0.6078431372549019,0.10972514003515244,0.5011237263679504,10.891897201538086,1640.59423828125
261624,100,0.54,-0.046394672244787216,0.5624504685401917,6.236079216003418,816.7693481445312
261625,100,0.48,-0.02432948909699917,0.5011113286018372,4.590183258056641,1352.6136474609375
261626,100,0.42,0.08960960060358047,0.4645262360572815,10.582228660583496,455.37158203125
261627,87,0.45977011494252873,0.01738172397017479,0.5588106513023376,10.558605194091797,515.1832885742188
261628,100,0.54,0.007746377494186163,0.5132782459259033,7.8097639083862305,1061.4459228515625
261629,100,0.45,-0.02208911068737507,0.44304513931274414,5.959312915802002,1021.9650268554688
261630,100,0.41,0.0013417231384664774,0.5193805694580078,11.036717414855957,971.1591186523438
261631,96,0.5104166666666666,0.03462038189172745,0.45031580328941345,9.264596939086914,357.8502197265625
261632,72,0.4861111111111111,0.029759835451841354,0.5674536824226379,12.567866325378418,1274.6151123046875
261633,79,0.5822784810126582,0.0686618760228157,0.48786482214927673,6.9526166915893555,1304.68505859375
261634,100,0.53,-0.05585683137178421,0.5362216234207153,3.4808390140533447,1005.494140625
261635,100,0.42,0.10771087557077408,0.5600398778915405,12.79588508605957,1074.6201171875
261636,78,0.47435897435897434,0.09136436134576797,0.5103780627250671,11.090810775756836,1015.44775390625
261637,91,0.46153846153846156,0.0563836395740509,0.47671741247177124,4.950475692749023,485.3143615722656
261638,100,0.5,-0.06019637733697891,0.5215338468551636,4.960934162139893,1213.7528076171875
261639,23,0.391304347826087,0.14581327140331268,0.6483669281005859,4.0103759765625,661.1740112304688
261640,100,0.39,0.018336087465286255,0.5248973965644836,8.024413108825684,968.57666015625
261641,29,0.5862068965517241,0.06880618631839752,0.6383338570594788,9.92010498046875,413.8050231933594
261642,100,0.4,-0.2065936028957367,0.5098922848701477,2.601334571838379,494.5430603027344
261643,100,0.53,-0.2014317810535431,0.5625995397567749,1.0518569946289062,622.8958740234375
261644,100,0.43,-0.13129106163978577,0.5494405627250671,3.0301928520202637,946.9354248046875
261645,18,0.5555555555555556,-0.057248711585998535,0.46692535281181335,4.0646820068359375,440.7605895996094
261646,100,0.54,-0.005269074812531471,0.5832064151763916,8.710816383361816,480.9674072265625
261647,100,0.5,0.019465111196041107,0.5567094087600708,5.707188606262207,1529.2469482421875
261648,41,0.5853658536585366,0.1297663301229477,0.5852743983268738,4.243217468261719,636.3189697265625
261649,100,0.56,0.058872103691101074,0.4935721158981323,10.339962005615234,479.2221374511719
261650,100,0.42,0.05082273483276367,0.5024575591087341,8.775196075439453,1128.8333740234375
261651,100,0.54,-0.06484676152467728,0.5376002192497253,3.7194957733154297,1103.5888671875
261652,34,0.47058823529411764,-0.031460195779800415,0.43054041266441345,2.103038787841797,1627.134765625
261653,100,0.53,-0.06693848222494125,0.5004920363426208,5.139013290405273,377.3033752441406
261654,100,0.45,-0.0866599753499031,0.48600345849990845,5.451946258544922,842.5458984375
261655,100,0.37,0.11688420921564102,0.501276433467865,3.7908027172088623,1206.794189453125
261656,100,0.49,-0.04729338735342026,0.5001171231269836,2.3226664066314697,713.2820434570312
261657,100,0.49,-0.14257706701755524,0.5501368045806885,2.865920305252075,668.6270751953125
261658,100,0.5,0.005692067556083202,0.505201518535614,5.502073764801025,1278.11865234375
261659,100,0.47,0.051131706684827805,0.529183030128479,7.002351760864258,1243.9833984375
261660,100,0.51,-0.20495107769966125,0.6103731989860535,2.821303606033325,707.409423828125
261661,100,0.39,-0.09702453017234802,0.4729750156402588,2.174821615219116,1402.9979248046875
261662,100,0.55,-0.015181388705968857,0.44337210059165955,5.086133003234863,1281.3936767578125
261663,100,0.48,0.0791056752204895,0.49225500226020813,9.695605278015137,1505.7376708984375
261664,100,0.45,-0.07076159864664078,0.5156915187835693,4.3485307693481445,1433.9091796875
261665,41,0.5853658536585366,0.11567573994398117,0.4808759093284607,9.99955940246582,1750.9027099609375
261666,100,0.5,-0.025705531239509583,0.5937918424606323,3.3361809253692627,1175.321044921875
261667,100,0.56,-0.0017897358629852533,0.5940975546836853,10.497735977172852,379.83782958984375
261668,61,0.36065573770491804,-0.27852317690849304,0.48026391863822937,0.9764367341995239,775.1114501953125
