phase,env_steps,model_updates,ac_updates,elapsed_seconds,scene,success,pickup,timeout,oob,length,return_
prefill,100,0,0,0.8,260000,False,False,True,False,100,-1.2951948468520302
prefill,140,0,0,0.8,260001,False,False,False,True,40,-0.9006491209350415
prefill,221,0,0,0.8,260002,False,False,False,True,81,-1.2613845627652882
prefill,321,0,0,0.8,260003,False,False,True,False,100,-1.1277146558327111
prefill,420,0,0,0.8,260004,False,False,False,True,99,-1.5690788799078565
prefill,463,0,0,0.8,260005,False,False,False,True,43,-0.9372476372563913
prefill,563,0,0,0.9,260006,False,False,True,False,100,-1.5976643195628475
prefill,663,0,0,0.9,260007,False,False,True,False,100,-1.2760920794341466
prefill,763,0,0,0.9,260008,False,False,True,False,100,-1.369080745617056
prefill,800,0,0,0.9,260009,False,False,False,True,37,-0.8477890845152164
prefill,900,0,0,0.9,260010,False,False,True,False,100,-1.3260065668240024
prefill,1000,0,0,0.9,260011,False,False,True,False,100,-1.8117488469886962
policy,1037,57,7,21.0,260012,False,False,False,True,37,-0.8096586434679678
policy,1046,59,9,21.3,260013,False,False,False,True,9,-0.7745734628577259
policy,1128,75,25,24.0,260014,False,False,False,True,82,-1.4686238887861052
policy,1192,88,38,26.1,260015,False,False,False,True,64,-1.1228695954874737
policy,1285,106,56,29.0,260016,False,True,False,True,93,-1.304151713113189
policy,1385,126,76,32.3,260017,False,False,True,False,100,-1.4528440730360688
policy,1485,146,96,35.6,260018,False,False,True,False,100,-1.160601507626007
policy,1559,161,111,38.1,260019,False,False,False,True,74,-1.406263410198401
policy,1659,181,131,41.4,260020,False,False,True,False,100,-1.7243618043683957
policy,1759,201,151,44.6,260021,False,False,True,False,100,-1.3019909799679796
policy,1794,208,158,45.8,260022,False,False,False,True,35,-0.8427248074519083
policy,1894,228,178,49.0,260023,False,False,True,False,100,-1.5075502344192995
policy,1994,248,198,52.4,260024,False,False,True,False,100,-1.5257645020332407
policy,2085,266,216,55.4,260025,False,False,False,True,91,-1.1539231123624947
policy,2185,286,236,58.7,260026,False,False,True,False,100,-1.2920326821799093
policy,2246,299,249,60.9,260027,False,False,False,True,61,-0.999728866954781
policy,2345,318,268,64.1,260028,False,False,False,True,99,-1.3504594264350382
policy,2375,324,274,65.2,260029,False,False,False,True,30,-0.8081348501855499
policy,2421,334,284,66.9,260030,False,False,False,True,46,-1.0340850031111815
policy,2491,348,298,69.3,260031,False,False,False,True,70,-0.9710786858817781
policy,2556,361,311,71.9,260032,False,False,False,True,65,-0.9260640025388807
policy,2621,374,324,74.7,260033,False,False,False,True,65,-1.1259823764097798
policy,2710,391,341,78.4,260034,False,False,False,True,89,-1.2645815864216758
policy,2799,409,359,82.3,260035,False,False,False,True,89,-1.235951632144498
policy,2899,429,379,86.7,260036,False,False,True,False,100,-1.5906634307718943
policy,2999,449,399,91.1,260037,False,False,True,False,100,-1.2557648925776135
policy,3099,469,419,95.8,260038,False,False,True,False,100,-1.1425911188707762
policy,3199,489,439,100.6,260039,False,False,True,False,100,-1.2552475420486773
policy,3299,509,459,105.4,260040,False,False,True,False,100,-1.4143270364940062
policy,3399,529,479,109.9,260041,False,False,True,False,100,-1.4297278388042227
policy,3494,548,498,114.2,260042,False,False,False,True,95,-1.3417557782497807
policy,3594,568,518,118.9,260043,False,False,True,False,100,-1.7073485408336921
policy,3694,588,538,123.3,260044,False,False,True,False,100,-1.5279689025143248
policy,3794,608,558,127.7,260045,False,False,True,False,100,-1.3710590223620631
policy,3894,628,578,132.1,260046,False,False,True,False,100,-1.1908147068513626
policy,3994,648,598,137.0,260047,False,False,True,False,100,-1.5241583463549273
policy,4094,668,618,141.6,260048,False,False,True,False,100,-1.296709046495803
policy,4194,688,638,146.3,260049,False,False,True,False,100,-1.3882454523941727
policy,4294,708,658,151.2,260050,False,False,True,False,100,-1.2195680645114777
policy,4394,728,678,156.1,260051,False,False,True,False,100,-1.649429404318059
policy,4494,748,698,160.9,260052,False,False,True,False,100,-1.1504896765159358
policy,4553,760,710,163.9,260053,False,False,False,True,59,-1.1431542645365054
policy,4585,766,716,165.3,260054,False,False,False,True,32,-0.9049427045582046
policy,4685,786,736,170.1,260055,False,False,True,False,100,-1.5056478625435068
policy,4707,791,741,171.2,260056,False,False,False,True,22,-0.8113629223660823
policy,4807,811,761,176.1,260057,False,True,True,False,100,-1.4580743289557911
policy,4907,831,781,181.5,260058,False,False,True,False,100,-1.2406013360510326
policy,4980,845,795,185.1,260059,False,False,False,True,73,-0.9244879843727878
policy,5080,865,815,189.9,260060,False,False,True,False,100,-1.2120960027623868
policy,5171,884,834,193.8,260061,False,False,False,True,91,-1.3275529588145845
policy,5271,904,854,197.9,260062,False,False,True,False,100,-1.5568312324764475
policy,5371,924,874,202.0,260063,False,False,True,False,100,-1.6225418405179717
policy,5471,944,894,206.4,260064,False,False,True,False,100,-1.4975143419768442
policy,5510,951,901,207.9,260065,False,False,False,True,39,-1.0421691714131984
policy,5577,965,915,210.9,260066,False,False,False,True,67,-1.1653814984016746
policy,5628,975,925,213.0,260067,False,False,False,True,51,-0.96999467331326
policy,5728,995,945,217.3,260068,False,False,True,False,100,-1.7752454203041383
policy,5828,1015,965,221.4,260069,False,False,True,False,100,-1.389847281337711
policy,5928,1035,985,225.5,260070,False,False,True,False,100,-1.6399229828940816
policy,6028,1055,1005,229.6,260071,False,True,True,False,100,-1.1711886912454548
policy,6128,1075,1025,233.5,260072,False,False,True,False,100,-1.2083676535387338
policy,6133,1076,1026,233.7,260073,False,False,False,True,5,-0.6606469348274504
policy,6233,1096,1046,237.8,260074,False,False,True,False,100,-1.5517580999135652
policy,6333,1116,1066,242.0,260075,False,False,True,False,100,-1.1870510251625872
policy,6433,1136,1086,246.0,260076,False,False,True,False,100,-1.5545139713937
policy,6533,1156,1106,250.4,260077,False,False,True,False,100,-1.7191956781897386
policy,6633,1176,1126,254.6,260078,False,False,True,False,100,-1.152080061153738
policy,6733,1196,1146,258.8,260079,False,False,True,False,100,-1.2196950639579385
policy,6783,1206,1156,260.9,260080,False,False,False,True,50,-1.0575927411958623
policy,6883,1226,1176,265.2,260081,False,False,True,False,100,-1.346601885241215
policy,6983,1246,1196,269.2,260082,False,False,True,False,100,-1.0934638849789748
policy,7083,1266,1216,273.2,260083,False,False,True,False,100,-1.7044586863428848
policy,7183,1286,1236,277.2,260084,False,False,True,False,100,-1.3334766743080217
policy,7283,1306,1256,281.2,260085,False,False,True,False,100,-1.247302886729658
policy,7383,1326,1276,285.5,260086,False,False,True,False,100,-1.6401745864433623
policy,7483,1346,1296,289.8,260087,False,False,True,False,100,-1.3929597557790663
policy,7583,1366,1316,293.6,260088,False,False,True,False,100,-1.2911741610449345
policy,7657,1381,1331,296.3,260089,False,False,False,True,74,-1.092524642191167
policy,7706,1391,1341,298.0,260090,False,False,False,True,49,-1.0184759439645756
policy,7806,1411,1361,301.9,260091,False,False,True,False,100,-1.18160986200267
policy,7906,1431,1381,305.3,260092,False,False,True,False,100,-1.3179568468699518
policy,7934,1436,1386,306.2,260093,False,False,False,True,28,-1.1258245259690896
policy,8034,1456,1406,309.7,260094,False,False,True,False,100,-1.4651301418338494
policy,8068,1463,1413,310.9,260095,False,False,False,True,34,-0.7367601796472646
policy,8168,1483,1433,314.5,260096,False,False,True,False,100,-1.427669757075738
policy,8268,1503,1453,318.0,260097,False,False,True,False,100,-1.4801928932410093
policy,8305,1510,1460,319.3,260098,False,False,False,True,37,-1.07923426242502
policy,8405,1530,1480,322.9,260099,False,False,True,False,100,-1.5101819455995582
policy,8505,1550,1500,326.6,260100,False,False,True,False,100,-1.331024533545457
policy,8605,1570,1520,330.6,260101,False,False,True,False,100,-1.1474144858915831
policy,8705,1590,1540,334.0,260102,False,False,True,False,100,-1.1788927698850546
policy,8763,1602,1552,336.0,260103,False,False,False,True,58,-0.990966703247488
policy,8863,1622,1572,339.9,260104,False,False,True,False,100,-1.289738444686443
policy,8963,1642,1592,343.3,260105,False,False,True,False,100,-1.2160487809197873
policy,9063,1662,1612,346.8,260106,False,False,True,False,100,-1.6383353942714662
policy,9163,1682,1632,350.3,260107,False,False,True,False,100,-1.3374807033029514
policy,9263,1702,1652,353.9,260108,False,False,True,False,100,-1.1647501406374334
policy,9363,1722,1672,357.5,260109,False,False,True,False,100,-1.07575619340618
policy,9463,1742,1692,361.1,260110,False,False,True,False,100,-1.1227079833337497
policy,9563,1762,1712,364.7,260111,False,False,True,False,100,-1.2042142321058358
policy,9608,1771,1721,366.2,260112,False,False,False,True,45,-1.0472390649015813
policy,9708,1791,1741,369.6,260113,False,False,True,False,100,-1.4501525171882033
policy,9808,1811,1761,373.0,260114,False,False,True,False,100,-1.1740687040222937
policy,9908,1831,1781,376.5,260115,False,False,True,False,100,-1.5344041255173884
policy,9966,1843,1793,378.6,260116,False,False,False,True,58,-1.0477956601274627
policy,10066,1863,1813,382.1,260117,False,False,True,False,100,-1.2575193791597663
policy,10166,1883,1833,385.7,260118,False,False,True,False,100,-1.20150146294664
policy,10180,1885,1835,386.0,260119,False,False,False,True,14,-0.7872274796709816
policy,10280,1905,1855,389.7,260120,False,False,True,False,100,-1.4333448889500908
policy,10380,1925,1875,393.4,260121,False,False,True,False,100,-1.3659145984791028
policy,10439,1937,1887,395.4,260122,False,False,False,True,59,-1.2481812381690336
policy,10539,1957,1907,398.8,260123,False,False,True,False,100,-1.4264107175548584
policy,10639,1977,1927,402.2,260124,False,False,True,False,100,-1.6777270427386106
policy,10739,1997,1947,405.7,260125,False,False,True,False,100,-1.1677374623251557
policy,10839,2017,1967,409.1,260126,False,False,True,False,100,-1.1280735028135287
policy,10938,2037,1987,412.6,260127,False,False,False,True,99,-1.7275585189878355
policy,11038,2057,2007,416.1,260128,False,False,True,False,100,-1.6058250683693212
policy,11138,2077,2027,419.8,260129,False,False,True,False,100,-1.4010786335190317
policy,11238,2097,2047,423.4,260130,False,False,True,False,100,-1.3217276089595367
policy,11338,2117,2067,426.8,260131,False,False,True,False,100,-1.158621079517033
policy,11438,2137,2087,430.2,260132,False,False,True,False,100,-1.6788161669362618
policy,11538,2157,2107,433.5,260133,False,False,True,False,100,-1.1190373696549938
policy,11638,2177,2127,436.9,260134,False,True,True,False,100,-1.7473443021587483
policy,11738,2197,2147,440.4,260135,False,False,True,False,100,-1.7134824575947292
policy,11798,2209,2159,442.4,260136,False,False,False,True,60,-0.8877493922398179
policy,11860,2221,2171,444.5,260137,False,False,False,True,62,-0.9321391229145488
policy,11960,2241,2191,448.2,260138,False,False,True,False,100,-1.1785611824878148
policy,12060,2261,2211,451.9,260139,False,False,True,False,100,-1.2205605918547509
policy,12160,2281,2231,455.6,260140,False,False,True,False,100,-1.5771691376879111
policy,12200,2289,2239,457.1,260141,False,False,False,True,40,-1.1333959751157154
policy,12276,2305,2255,459.8,260142,False,False,False,True,76,-1.1315463196659432
policy,12334,2316,2266,461.6,260143,False,False,False,True,58,-1.1274541663526634
policy,12434,2336,2286,465.0,260144,False,False,True,False,100,-1.531607413322949
policy,12534,2356,2306,468.4,260145,False,False,True,False,100,-1.494105239337394
policy,12599,2369,2319,470.6,260146,False,False,False,True,65,-0.8951662835746792
policy,12643,2378,2328,472.1,260147,False,False,False,True,44,-0.8101588508077608
policy,12688,2387,2337,473.7,260148,False,False,False,True,45,-1.1542863472454346
policy,12788,2407,2357,477.4,260149,False,False,True,False,100,-1.742595665667832
policy,12888,2427,2377,481.1,260150,False,False,True,False,100,-1.4924594850427475
policy,12976,2445,2395,484.3,260151,False,False,False,True,88,-1.4505188868585424
policy,13076,2465,2415,487.9,260152,False,False,True,False,100,-1.2440646982600296
policy,13176,2485,2435,491.4,260153,False,False,True,False,100,-1.1943074196671042
policy,13205,2490,2440,492.2,260154,False,False,False,True,29,-1.0387518948760603
policy,13305,2510,2460,495.6,260155,False,False,True,False,100,-1.7275141754346484
policy,13376,2525,2475,498.3,260156,False,False,False,True,71,-1.1953288742672754
policy,13476,2545,2495,501.6,260157,False,False,True,False,100,-1.467671122110903
policy,13576,2565,2515,505.0,260158,False,False,True,False,100,-1.3526853333293092
policy,13671,2584,2534,508.3,260159,False,False,False,True,95,-1.1666194387287716
policy,13771,2604,2554,511.8,260160,False,False,True,False,100,-1.0841125637417266
policy,13871,2624,2574,515.6,260161,False,False,True,False,100,-1.4039370224809797
policy,13971,2644,2594,519.1,260162,False,False,True,False,100,-1.4467566748509233
policy,14071,2664,2614,522.7,260163,False,False,True,False,100,-1.5764829435930152
policy,14133,2676,2626,524.8,260164,False,False,False,True,62,-1.2187930755548284
policy,14233,2696,2646,528.4,260165,False,False,True,False,100,-1.4299273074167052
policy,14276,2705,2655,530.1,260166,False,False,False,True,43,-1.0014994682878902
policy,14376,2725,2675,533.5,260167,False,False,True,False,100,-1.3170829817465637
policy,14410,2731,2681,534.5,260168,False,False,False,True,34,-0.9523387926762853
policy,14510,2751,2701,537.8,260169,False,False,True,False,100,-1.679630022392189
policy,14554,2760,2710,539.3,260170,False,False,False,True,44,-0.8957714206080398
policy,14654,2780,2730,542.7,260171,False,False,True,False,100,-1.3711343194804677
policy,14692,2788,2738,544.1,260172,False,False,False,True,38,-0.9173205249430676
policy,14756,2801,2751,546.3,260173,False,False,False,True,64,-1.300750170397863
policy,14856,2821,2771,550.0,260174,False,False,True,False,100,-1.2551074340017272
policy,14947,2839,2789,553.2,260175,False,False,False,True,91,-1.5420844980085282
policy,15047,2859,2809,556.6,260176,False,False,True,False,100,-1.3010192435234633
policy,15107,2871,2821,558.7,260177,False,False,False,True,60,-1.3751198009545456
policy,15207,2891,2841,562.1,260178,False,False,True,False,100,-1.0618939463043002
policy,15307,2911,2861,565.5,260179,False,False,True,False,100,-1.600065502425338
policy,15403,2930,2880,568.8,260180,False,False,False,True,96,-1.4634252747464573
policy,15503,2950,2900,572.3,260181,False,False,True,False,100,-1.0910899748633667
policy,15603,2970,2920,575.8,260182,False,False,True,False,100,-1.338344778057348
policy,15703,2990,2940,579.4,260183,False,False,True,False,100,-1.3294572311923227
policy,15803,3010,2960,583.2,260184,False,False,True,False,100,-1.129078896638819
policy,15903,3030,2980,587.0,260185,False,False,True,False,100,-1.2071602261988603
policy,15957,3041,2991,589.0,260186,False,False,False,True,54,-0.9536848768060322
policy,16057,3061,3011,592.7,260187,False,False,True,False,100,-1.7489307754341386
policy,16157,3081,3031,596.3,260188,False,False,True,False,100,-1.4296895333745858
policy,16257,3101,3051,600.1,260189,False,False,True,False,100,-1.5153031504667294
policy,16357,3121,3071,604.2,260190,False,False,True,False,100,-1.6715931305092033
policy,16457,3141,3091,608.0,260191,False,False,True,False,100,-1.5087803517342318
policy,16557,3161,3111,611.7,260192,False,False,True,False,100,-1.7953253756085124
policy,16657,3181,3131,615.2,260193,False,False,True,False,100,-1.349261058255979
policy,16757,3201,3151,618.8,260194,False,False,True,False,100,-1.7961770675783557
policy,16780,3205,3155,619.5,260195,False,False,False,True,23,-0.7648567955639587
policy,16880,3225,3175,623.1,260196,False,False,True,False,100,-1.4194563523569577
policy,16980,3245,3195,626.5,260197,False,False,True,False,100,-1.3993365857194215
policy,17079,3265,3215,629.9,260198,False,False,False,True,99,-1.3428829330763503
policy,17179,3285,3235,633.4,260199,False,False,True,False,100,-1.23293339096339
policy,17279,3305,3255,636.8,260200,False,False,True,False,100,-1.3989764000737726
policy,17377,3325,3275,640.2,260201,False,False,False,True,98,-1.398772973833386
policy,17477,3345,3295,643.8,260202,False,False,True,False,100,-1.1708983334329461
policy,17543,3358,3308,646.1,260203,False,False,False,True,66,-1.1943175328817386
policy,17643,3378,3328,649.6,260204,False,False,True,False,100,-1.1129308723793088
policy,17743,3398,3348,653.2,260205,False,True,True,False,100,-1.7100654868467284
policy,17843,3418,3368,656.8,260206,False,False,True,False,100,-1.2984340341143046
policy,17943,3438,3388,660.4,260207,False,False,True,False,100,-1.733354195383114
policy,18043,3458,3408,663.8,260208,False,False,True,False,100,-1.589571326974128
policy,18126,3475,3425,666.7,260209,False,False,False,True,83,-1.4021887242265765
policy,18226,3495,3445,670.1,260210,False,False,True,False,100,-1.3174444571262387
policy,18275,3504,3454,671.6,260211,False,False,False,True,49,-0.9699589711915642
policy,18375,3524,3474,675.0,260212,False,False,True,False,100,-1.2649391429952535
policy,18455,3540,3490,678.0,260213,False,False,False,True,80,-1.2557834176106875
policy,18555,3560,3510,681.7,260214,False,False,True,False,100,-1.1681909152646104
policy,18655,3580,3530,685.3,260215,False,True,True,False,100,-1.368612751906968
policy,18755,3600,3550,689.0,260216,False,False,True,False,100,-1.4526085977707317
policy,18855,3620,3570,692.6,260217,False,False,True,False,100,-1.4137412218960523
policy,18955,3640,3590,696.3,260218,False,False,True,False,100,-1.4960533841202897
policy,19055,3660,3610,700.0,260219,False,False,True,False,100,-1.4583542492395076
policy,19155,3680,3630,703.8,260220,False,False,True,False,100,-1.464602202937609
policy,19255,3700,3650,707.4,260221,False,False,True,False,100,-1.1776406418539034
policy,19353,3720,3670,711.0,260222,False,False,False,True,98,-1.4375631084668083
policy,19453,3740,3690,714.8,260223,False,False,True,False,100,-1.546284160666847
policy,19488,3747,3697,716.0,260224,False,False,False,True,35,-1.0864061300642944
policy,19588,3767,3717,719.7,260225,False,False,True,False,100,-1.130470747474495
policy,19622,3774,3724,721.0,260226,False,False,False,True,34,-0.762333956613364
policy,19722,3794,3744,724.7,260227,False,False,True,False,100,-1.3891829579910344
policy,19822,3814,3764,728.6,260228,False,False,True,False,100,-1.4999125893147083
policy,19922,3834,3784,732.9,260229,False,False,True,False,100,-1.1272792320877327
policy,20022,3854,3804,736.8,260230,False,False,True,False,100,-1.653362370948079
policy,20122,3874,3824,740.9,260231,False,False,True,False,100,-1.3185088552986413
policy,20214,3892,3842,744.1,260232,False,False,False,True,92,-1.291309062769026
policy,20314,3912,3862,747.8,260233,False,False,True,False,100,-1.590673254318884
policy,20414,3932,3882,751.2,260234,False,False,True,False,100,-1.5220315704693475
policy,20514,3952,3902,754.7,260235,False,False,True,False,100,-1.237531288178392
policy,20614,3972,3922,758.5,260236,False,False,True,False,100,-1.2628344112196839
policy,20714,3992,3942,762.1,260237,False,False,True,False,100,-1.1024459067090782
policy,20814,4012,3962,765.8,260238,False,False,True,False,100,-1.509749038500224
policy,20914,4032,3982,769.6,260239,False,False,True,False,100,-1.0886471093206647
policy,20982,4046,3996,772.2,260240,False,False,False,True,68,-1.00433313242138
policy,21032,4056,4006,774.2,260241,False,False,False,True,50,-1.263260250549136
policy,21132,4076,4026,777.9,260242,False,False,True,False,100,-1.5510862937681997
policy,21232,4096,4046,781.5,260243,False,False,True,False,100,-1.680024373176869
policy,21280,4105,4055,783.2,260244,False,False,False,True,48,-0.9310245614598389
policy,21380,4125,4075,786.8,260245,False,False,True,False,100,-1.5627301846435944
policy,21480,4145,4095,790.3,260246,False,False,True,False,100,-1.435502688800427
policy,21580,4165,4115,793.7,260247,False,False,True,False,100,-1.4454025927705172
policy,21643,4178,4128,796.0,260248,False,False,False,True,63,-1.1183198351768944
policy,21743,4198,4148,799.4,260249,False,False,True,False,100,-1.223688151496125
policy,21843,4218,4168,802.9,260250,False,False,True,False,100,-1.2326638178321347
policy,21943,4238,4188,806.5,260251,False,False,True,False,100,-1.399264290104007
policy,21958,4241,4191,807.0,260252,False,False,False,True,15,-0.833168296099527
policy,22058,4261,4211,810.6,260253,False,False,True,False,100,-1.2535043022148078
policy,22158,4281,4231,814.2,260254,False,False,True,False,100,-1.4760175107240225
policy,22258,4301,4251,817.9,260255,False,False,True,False,100,-1.4301058944439005
policy,22347,4319,4269,820.9,260256,False,False,False,True,89,-1.1733391790277925
policy,22446,4339,4289,824.2,260257,False,False,False,True,99,-1.1619517226057514
policy,22531,4356,4306,827.0,260258,False,False,False,True,85,-1.3817787871294414
policy,22631,4376,4326,830.4,260259,False,False,True,False,100,-1.149986336058003
policy,22674,4384,4334,831.8,260260,False,False,False,True,43,-0.9513937989089356
policy,22774,4404,4354,835.3,260261,False,False,True,False,100,-1.3069633534290566
policy,22874,4424,4374,838.7,260262,False,False,True,False,100,-1.4911250866869905
policy,22974,4444,4394,842.4,260263,False,False,True,False,100,-1.1318977170334512
policy,23074,4464,4414,846.0,260264,False,False,True,False,100,-1.6018173763884147
policy,23174,4484,4434,849.6,260265,False,False,True,False,100,-1.4322050970924247
policy,23274,4504,4454,853.1,260266,False,False,True,False,100,-1.2198124716718206
policy,23374,4524,4474,856.4,260267,False,False,True,False,100,-1.7560244617400094
policy,23409,4531,4481,857.6,260268,False,False,False,True,35,-0.7949184656109689
policy,23410,4531,4481,857.6,260269,False,False,False,True,1,-0.7014037477336104
policy,23510,4551,4501,861.0,260270,False,False,True,False,100,-1.3658581583327674
policy,23610,4571,4521,864.4,260271,False,False,True,False,100,-1.4386035090784595
policy,23710,4591,4541,867.9,260272,False,False,True,False,100,-1.3390845783849468
policy,23810,4611,4561,871.4,260273,False,False,True,False,100,-1.6928150044888841
policy,23850,4619,4569,872.9,260274,False,False,False,True,40,-0.8941433480727463
policy,23950,4639,4589,876.6,260275,False,False,True,False,100,-1.351361298647579
policy,24013,4652,4602,879.0,260276,False,False,False,True,63,-1.0168834891632965
policy,24035,4656,4606,879.7,260277,False,False,False,True,22,-0.8477709383232188
policy,24106,4671,4621,882.4,260278,False,False,False,True,71,-1.2080256302649337
policy,24206,4691,4641,885.8,260279,False,False,True,False,100,-1.1413125074054333
policy,24306,4711,4661,889.2,260280,False,False,True,False,100,-1.3985894085469388
policy,24406,4731,4681,892.5,260281,False,False,True,False,100,-1.0967323686842347
policy,24506,4751,4701,895.9,260282,False,False,True,False,100,-1.6246109021141524
policy,24606,4771,4721,899.3,260283,False,False,True,False,100,-1.576632723377379
policy,24706,4791,4741,903.2,260284,False,False,True,False,100,-1.2158679198239783
policy,24761,4802,4752,905.1,260285,False,False,False,True,55,-1.05754409956449
policy,24861,4822,4772,908.6,260286,False,False,True,False,100,-1.6323594900511333
policy,24961,4842,4792,912.1,260287,False,False,True,False,100,-1.3990433684893788
policy,25061,4862,4812,915.7,260288,False,False,True,False,100,-1.644926633821409
policy,25157,4881,4831,919.2,260289,False,False,False,True,96,-1.4143654109668184
policy,25185,4886,4836,920.2,260290,False,False,False,True,28,-0.7092738920250855
policy,25285,4906,4856,923.8,260291,False,False,True,False,100,-1.2642304853179378
policy,25322,4914,4864,925.2,260292,False,False,False,True,37,-0.9337939118921161
policy,25422,4934,4884,928.7,260293,False,False,True,False,100,-1.3463589250462435
policy,25471,4944,4894,930.4,260294,False,False,False,True,49,-0.8125263193332024
policy,25571,4964,4914,934.0,260295,False,False,True,False,100,-1.2669089717315372
policy,25591,4968,4918,934.7,260296,False,False,False,True,20,-0.7792617412863525
policy,25691,4988,4938,938.8,260297,False,False,True,False,100,-1.1565310208329695
policy,25791,5008,4958,942.4,260298,False,False,True,False,100,-1.4038689528794888
policy,25891,5028,4978,946.0,260299,False,False,True,False,100,-1.316344342702883
policy,25991,5048,4998,949.6,260300,False,False,True,False,100,-1.588918753656312
policy,26091,5068,5018,953.1,260301,False,False,True,False,100,-1.386439710065226
policy,26191,5088,5038,956.6,260302,False,False,True,False,100,-1.3046541427854976
policy,26291,5108,5058,960.2,260303,False,False,True,False,100,-1.4816442387029134
policy,26391,5128,5078,963.6,260304,False,False,True,False,100,-1.2710414583325038
policy,26491,5148,5098,967.0,260305,False,False,True,False,100,-1.2531249117406054
policy,26585,5166,5116,970.1,260306,False,False,False,True,94,-1.5176458488633262
policy,26685,5186,5136,973.6,260307,False,False,True,False,100,-1.166056800837204
policy,26785,5206,5156,977.1,260308,False,False,True,False,100,-1.6821407924016576
policy,26789,5207,5157,977.3,260309,False,False,False,True,4,-0.6249561708337088
policy,26889,5227,5177,980.9,260310,False,True,True,False,100,-1.6525977752181475
policy,26989,5247,5197,984.6,260311,False,False,True,False,100,-1.4620625684465172
policy,27089,5267,5217,988.2,260312,False,False,True,False,100,-1.2865871538742635
policy,27189,5287,5237,991.9,260313,False,False,True,False,100,-1.3189838525741477
policy,27289,5307,5257,995.8,260314,False,False,True,False,100,-1.337619662312172
policy,27389,5327,5277,999.3,260315,False,False,True,False,100,-1.0498624324950765
policy,27489,5347,5297,1002.9,260316,False,False,True,False,100,-1.2732817325386536
policy,27503,5350,5300,1003.5,260317,False,False,False,True,14,-0.842184709601512
policy,27603,5370,5320,1006.9,260318,False,False,True,False,100,-1.7825215554484082
policy,27703,5390,5340,1010.4,260319,False,False,True,False,100,-1.4744511116216854
policy,27803,5410,5360,1014.0,260320,False,False,True,False,100,-1.2493167363588988
policy,27874,5424,5374,1016.5,260321,False,False,False,True,71,-1.156942205035302
policy,27974,5444,5394,1020.2,260322,False,False,True,False,100,-1.371870961046755
policy,28074,5464,5414,1023.8,260323,False,False,True,False,100,-1.245567473882501
policy,28174,5484,5434,1027.5,260324,False,False,True,False,100,-1.6367367027258444
policy,28274,5504,5454,1031.2,260325,False,False,True,False,100,-1.728824239049756
policy,28374,5524,5474,1034.6,260326,False,True,True,False,100,-1.6255823499100752
policy,28474,5544,5494,1038.1,260327,False,False,True,False,100,-1.4316401493519635
policy,28511,5552,5502,1039.5,260328,False,False,False,True,37,-0.9966221879202514
policy,28611,5572,5522,1043.1,260329,False,False,True,False,100,-1.6253323221539104
policy,28711,5592,5542,1046.7,260330,False,False,True,False,100,-1.379801830664364
policy,28811,5612,5562,1050.3,260331,False,False,True,False,100,-1.542664723485323
policy,28911,5632,5582,1053.9,260332,False,False,True,False,100,-1.2593923097422817
policy,29011,5652,5602,1057.4,260333,False,False,True,False,100,-1.2277277558299198
policy,29104,5670,5620,1060.8,260334,False,False,False,True,93,-1.4859989951681887
policy,29204,5690,5640,1064.4,260335,False,False,True,False,100,-1.1679646321392683
policy,29252,5700,5650,1066.2,260336,False,False,False,True,48,-0.9161286958199761
policy,29352,5720,5670,1070.0,260337,False,False,True,False,100,-1.7614981225477866
policy,29383,5726,5676,1071.2,260338,False,False,False,True,31,-0.9545008967034827
policy,29483,5746,5696,1074.9,260339,False,False,True,False,100,-1.2887998102823386
policy,29583,5766,5716,1078.5,260340,False,False,True,False,100,-1.4429761967326444
policy,29683,5786,5736,1082.2,260341,False,False,True,False,100,-1.3793729360529041
policy,29783,5806,5756,1085.9,260342,False,False,True,False,100,-1.1915333695026784
policy,29883,5826,5776,1089.5,260343,False,False,True,False,100,-1.8170772470848724
policy,29983,5846,5796,1093.4,260344,False,False,True,False,100,-1.6120200696031466
policy,30083,5866,5816,1097.0,260345,False,True,True,False,100,-1.2939242682658136
policy,30088,5867,5817,1097.2,260346,False,False,False,True,5,-0.7847821718808567
policy,30188,5887,5837,1100.8,260347,False,False,True,False,100,-1.3198808765883157
policy,30288,5907,5857,1104.5,260348,False,False,True,False,100,-1.4517387878620074
policy,30388,5927,5877,1108.2,260349,False,False,True,False,100,-1.246625578754917
policy,30488,5947,5897,1112.2,260350,False,False,True,False,100,-1.1210694097831297
policy,30588,5967,5917,1115.9,260351,False,False,True,False,100,-1.7693315828411609
policy,30688,5987,5937,1119.5,260352,False,False,True,False,100,-1.2881678290650238
policy,30788,6007,5957,1123.2,260353,False,False,True,False,100,-1.2635636555487573
policy,30884,6026,5976,1126.8,260354,False,False,False,True,96,-1.770393440593619
policy,30984,6046,5996,1130.7,260355,False,False,True,False,100,-1.225870806900776
policy,31084,6066,6016,1134.4,260356,False,False,True,False,100,-1.7151115783287816
policy,31184,6086,6036,1138.3,260357,False,False,True,False,100,-1.2221868642980378
policy,31247,6099,6049,1140.8,260358,False,False,False,True,63,-0.9211082683517711
policy,31347,6119,6069,1144.7,260359,False,False,True,False,100,-1.3229618606847473
policy,31425,6134,6084,1147.6,260360,False,False,False,True,78,-1.1393867479511637
policy,31525,6154,6104,1151.5,260361,False,False,True,False,100,-1.3986101920008764
policy,31592,6168,6118,1154.0,260362,False,False,False,True,67,-1.0293027524784986
policy,31692,6188,6138,1157.7,260363,False,False,True,False,100,-1.2603728795997913
policy,31792,6208,6158,1161.4,260364,False,False,True,False,100,-1.575850082268582
policy,31892,6228,6178,1165.1,260365,False,False,True,False,100,-1.3663038499941322
policy,31992,6248,6198,1168.9,260366,False,False,True,False,100,-1.6437691670050993
policy,32086,6267,6217,1172.6,260367,False,False,False,True,94,-1.2645453504487945
policy,32100,6269,6219,1173.0,260368,False,False,False,True,14,-0.9047157469293945
policy,32199,6289,6239,1176.7,260369,False,False,False,True,99,-1.7656178361694925
policy,32299,6309,6259,1180.4,260370,False,False,True,False,100,-1.2077386811073842
policy,32350,6319,6269,1182.2,260371,False,False,False,True,51,-0.9749850496422069
policy,32450,6339,6289,1186.0,260372,False,False,True,False,100,-1.1251073407049639
policy,32550,6359,6309,1189.5,260373,False,False,True,False,100,-1.605089313572725
policy,32650,6379,6329,1193.3,260374,False,False,True,False,100,-1.4819005307620308
policy,32750,6399,6349,1197.0,260375,False,False,True,False,100,-1.5980240285782155
policy,32850,6419,6369,1200.7,260376,False,False,True,False,100,-1.4482159787977076
policy,32949,6439,6389,1204.8,260377,False,False,False,True,99,-1.6689569179890196
policy,33049,6459,6409,1208.4,260378,False,False,True,False,100,-1.5531323177486278
policy,33149,6479,6429,1212.1,260379,False,False,True,False,100,-1.361796764361519
policy,33249,6499,6449,1215.6,260380,False,False,True,False,100,-1.1305622482960997
policy,33320,6513,6463,1218.1,260381,False,False,False,True,71,-0.968972063340448
policy,33420,6533,6483,1221.8,260382,False,False,True,False,100,-1.360838260058335
policy,33520,6553,6503,1225.4,260383,False,False,True,False,100,-1.3270668978052935
policy,33613,6572,6522,1228.9,260384,False,False,False,True,93,-1.553955060143017
policy,33713,6592,6542,1232.6,260385,False,False,True,False,100,-1.185002042459908
policy,33813,6612,6562,1236.1,260386,False,False,True,False,100,-1.7224284007593396
policy,33907,6631,6581,1239.5,260387,False,False,False,True,94,-1.4126629045935855
policy,34007,6651,6601,1243.1,260388,False,False,True,False,100,-1.2841224045549073
policy,34107,6671,6621,1246.7,260389,False,True,True,False,100,-1.7543178694473438
policy,34207,6691,6641,1250.4,260390,False,False,True,False,100,-1.4591031091569486
policy,34307,6711,6661,1254.1,260391,False,False,True,False,100,-1.415556401126916
policy,34407,6731,6681,1257.9,260392,False,False,True,False,100,-1.2212132754961578
policy,34424,6734,6684,1258.4,260393,False,False,False,True,17,-0.7094734392655944
policy,34524,6754,6704,1262.3,260394,False,False,True,False,100,-1.0983540908323743
policy,34592,6768,6718,1265.1,260395,False,False,False,True,68,-1.0583752102026958
policy,34692,6788,6738,1269.2,260396,False,False,True,False,100,-1.36790283685092
policy,34792,6808,6758,1273.0,260397,False,False,True,False,100,-1.2124289316297507
policy,34892,6828,6778,1276.9,260398,False,False,True,False,100,-1.4506976939162062
policy,34917,6833,6783,1277.8,260399,False,False,False,True,25,-0.6767561151998331
policy,35017,6853,6803,1281.5,260400,False,False,True,False,100,-1.2497690887598454
policy,35117,6873,6823,1285.1,260401,False,False,True,False,100,-1.5195054283645764
policy,35217,6893,6843,1288.8,260402,False,False,True,False,100,-1.6631921297765788
policy,35317,6913,6863,1292.5,260403,False,False,True,False,100,-1.1932328055302057
policy,35417,6933,6883,1296.4,260404,False,False,True,False,100,-1.4280350616820452
policy,35517,6953,6903,1300.3,260405,False,False,True,False,100,-1.5540743290796168
policy,35617,6973,6923,1304.3,260406,False,False,True,False,100,-1.218234371417482
policy,35717,6993,6943,1308.3,260407,False,False,True,False,100,-1.6921100208973385
policy,35798,7009,6959,1311.5,260408,False,False,False,True,81,-1.4067238786571497
policy,35898,7029,6979,1315.4,260409,False,False,True,False,100,-1.3418415195993014
policy,35998,7049,6999,1318.8,260410,False,False,True,False,100,-1.3478894974661424
policy,36098,7069,7019,1322.2,260411,False,False,True,False,100,-1.618821412582076
policy,36118,7073,7023,1322.9,260412,False,False,False,True,20,-0.7571657005332313
policy,36218,7093,7043,1326.4,260413,False,False,True,False,100,-1.7136923381646683
policy,36318,7113,7063,1329.9,260414,False,False,True,False,100,-1.4531658643458323
policy,36360,7121,7071,1331.4,260415,False,False,False,True,42,-0.7923461943985612
policy,36460,7141,7091,1335.0,260416,False,True,True,False,100,-1.7175072283822788
policy,36526,7155,7105,1337.5,260417,False,False,False,True,66,-0.9991775621282426
policy,36594,7168,7118,1339.9,260418,False,False,False,True,68,-1.2062520732309443
policy,36694,7188,7138,1343.6,260419,False,False,True,False,100,-1.4574847311353318
policy,36794,7208,7158,1347.3,260420,False,False,True,False,100,-1.3210126940194775
policy,36894,7228,7178,1351.0,260421,False,False,True,False,100,-1.4629718080604925
policy,36994,7248,7198,1354.4,260422,False,False,True,False,100,-1.7766643349192512
policy,37094,7268,7218,1357.8,260423,False,False,True,False,100,-1.7657558020261874
policy,37194,7288,7238,1361.4,260424,False,False,True,False,100,-1.4831446809140076
policy,37294,7308,7258,1365.0,260425,False,False,True,False,100,-1.0948852280887555
policy,37394,7328,7278,1368.5,260426,False,False,True,False,100,-1.1404687824712225
policy,37494,7348,7298,1372.3,260427,False,False,True,False,100,-1.2658611365018413
policy,37594,7368,7318,1376.0,260428,False,False,True,False,100,-1.1527120859610098
policy,37694,7388,7338,1379.8,260429,False,False,True,False,100,-1.4258211603707043
policy,37794,7408,7358,1383.7,260430,False,False,True,False,100,-1.553408165405974
policy,37852,7420,7370,1385.9,260431,False,False,False,True,58,-1.20572363194569
policy,37952,7440,7390,1389.5,260432,False,False,True,False,100,-1.7201002306965243
policy,38052,7460,7410,1393.1,260433,False,False,True,False,100,-1.6207126711768527
policy,38152,7480,7430,1396.6,260434,False,False,True,False,100,-1.546921592570864
policy,38252,7500,7450,1400.0,260435,False,False,True,False,100,-1.19282066054839
policy,38352,7520,7470,1403.6,260436,False,False,True,False,100,-1.1051168972685808
policy,38452,7540,7490,1407.2,260437,False,False,True,False,100,-1.2214947460960626
policy,38552,7560,7510,1410.8,260438,False,False,True,False,100,-1.1309229277814299
policy,38652,7580,7530,1414.3,260439,False,False,True,False,100,-1.209677569498258
policy,38730,7595,7545,1416.9,260440,False,False,False,True,78,-1.0614285651975333
policy,38830,7615,7565,1420.4,260441,False,False,True,False,100,-1.2833639765340958
policy,38930,7635,7585,1423.9,260442,False,False,True,False,100,-1.1980819614051414
policy,39030,7655,7605,1427.6,260443,False,False,True,False,100,-1.311068760416859
policy,39130,7675,7625,1431.2,260444,False,False,True,False,100,-1.4627913551889418
policy,39230,7695,7645,1434.6,260445,False,False,True,False,100,-1.343906247663261
policy,39330,7715,7665,1438.0,260446,False,False,True,False,100,-1.5052675353707696
policy,39404,7730,7680,1440.6,260447,False,False,False,True,74,-1.255503870132546
policy,39504,7750,7700,1444.1,260448,False,False,True,False,100,-1.2519359224128952
policy,39573,7764,7714,1446.5,260449,False,False,False,True,69,-1.3012999152905675
policy,39614,7772,7722,1447.9,260450,False,False,False,True,41,-0.843624806927531
policy,39714,7792,7742,1451.3,260451,False,False,True,False,100,-1.4137760720663575
policy,39778,7805,7755,1453.6,260452,False,False,False,True,64,-1.160521913460112
policy,39878,7825,7775,1457.0,260453,False,False,True,False,100,-1.2284339608708534
policy,39978,7845,7795,1460.4,260454,False,False,True,False,100,-1.313134088597994
policy,40033,7856,7806,1462.3,260455,False,False,False,True,55,-0.9291737590022036
policy,40133,7876,7826,1465.9,260456,False,False,True,False,100,-1.5458633524508951
policy,40233,7896,7846,1469.3,260457,False,False,True,False,100,-1.4175034277842662
policy,40271,7904,7854,1470.6,260458,False,False,False,True,38,-1.196021731202321
policy,40371,7924,7874,1474.0,260459,False,False,True,False,100,-1.6654252531258744
policy,40471,7944,7894,1477.4,260460,False,False,True,False,100,-1.5149485845267607
policy,40571,7964,7914,1481.0,260461,False,False,True,False,100,-1.5071079995278094
policy,40671,7984,7934,1484.5,260462,False,False,True,False,100,-1.1067018099641823
policy,40771,8004,7954,1488.0,260463,False,False,True,False,100,-1.2283232665497683
policy,40871,8024,7974,1491.4,260464,False,False,True,False,100,-1.2270047126577053
policy,40971,8044,7994,1494.8,260465,False,False,True,False,100,-1.5140159190335212
policy,41071,8064,8014,1498.3,260466,False,False,True,False,100,-1.0872803473103092
policy,41171,8084,8034,1501.8,260467,False,False,True,False,100,-1.1296185296198777
policy,41198,8089,8039,1503.1,260468,False,False,False,True,27,-1.132838351317912
policy,41274,8104,8054,1505.6,260469,False,False,False,True,76,-0.9851073579427603
policy,41374,8124,8074,1509.1,260470,False,False,True,False,100,-1.1787495504431074
policy,41464,8142,8092,1512.2,260471,False,False,False,True,90,-1.4203989679335627
policy,41564,8162,8112,1515.8,260472,False,False,True,False,100,-1.1930682709231677
policy,41664,8182,8132,1519.3,260473,False,False,True,False,100,-1.400561277163716
policy,41764,8202,8152,1522.9,260474,False,False,True,False,100,-1.2480604675516096
policy,41864,8222,8172,1526.4,260475,False,False,True,False,100,-1.5213322610034925
policy,41902,8230,8180,1527.7,260476,False,False,False,True,38,-1.0328227653725857
policy,41923,8234,8184,1528.4,260477,False,False,False,True,21,-0.739153417343778
policy,41946,8239,8189,1529.3,260478,False,False,False,True,23,-0.6630496253657981
policy,42015,8252,8202,1531.6,260479,False,False,False,True,69,-1.0756445324741193
policy,42083,8266,8216,1534.0,260480,False,False,False,True,68,-1.138862983199298
policy,42176,8285,8235,1537.8,260481,False,False,False,True,93,-1.3297199333848326
policy,42276,8305,8255,1541.4,260482,False,False,True,False,100,-1.6456146027234677
policy,42376,8325,8275,1544.9,260483,False,False,True,False,100,-1.4156732763743727
policy,42476,8345,8295,1548.5,260484,False,False,True,False,100,-1.415103282880643
policy,42525,8354,8304,1550.1,260485,False,False,False,True,49,-1.0345875134254778
policy,42569,8363,8313,1551.6,260486,False,False,False,True,44,-1.1217139241567256
policy,42669,8383,8333,1555.0,260487,False,False,True,False,100,-1.5797144684638202
policy,42769,8403,8353,1558.3,260488,False,True,True,False,100,-1.5312432151489652
policy,42869,8423,8373,1561.7,260489,False,False,True,False,100,-1.5941855928112632
policy,42969,8443,8393,1565.0,260490,False,False,True,False,100,-1.5774245758316472
policy,43069,8463,8413,1568.4,260491,False,False,True,False,100,-1.1256436078724188
policy,43135,8476,8426,1570.6,260492,False,False,False,True,66,-1.2194679594418805
policy,43235,8496,8446,1574.0,260493,False,False,True,False,100,-1.5532501463645394
policy,43335,8516,8466,1577.3,260494,False,False,True,False,100,-1.4136482841164228
policy,43350,8519,8469,1577.8,260495,False,False,False,True,15,-1.0088713347817162
policy,43381,8526,8476,1579.0,260496,False,False,False,True,31,-0.9867218002373648
policy,43481,8546,8496,1582.3,260497,False,False,True,False,100,-1.1652201280890166
policy,43581,8566,8516,1585.6,260498,False,False,True,False,100,-1.3515676213491539
policy,43681,8586,8536,1588.9,260499,False,False,True,False,100,-1.2739348925406015
policy,43781,8606,8556,1592.4,260500,False,True,True,False,100,-1.5073881555776247
policy,43832,8616,8566,1594.1,260501,False,False,False,True,51,-1.2286089493356032
policy,43932,8636,8586,1597.6,260502,False,False,True,False,100,-1.4014117293553507
policy,44032,8656,8606,1601.1,260503,False,False,True,False,100,-1.4956236216748735
policy,44081,8666,8616,1602.9,260504,False,False,False,True,49,-0.9063019261968844
policy,44181,8686,8636,1606.3,260505,False,False,True,False,100,-1.393730487011181
policy,44281,8706,8656,1609.6,260506,False,False,True,False,100,-1.5277472221755024
policy,44342,8718,8668,1611.6,260507,False,False,False,True,61,-1.0914208570610315
policy,44442,8738,8688,1614.9,260508,False,False,True,False,100,-1.502388844602325
policy,44542,8758,8708,1618.2,260509,False,False,True,False,100,-1.3664663754710182
policy,44642,8778,8728,1621.6,260510,False,False,True,False,100,-1.2749668646945551
policy,44742,8798,8748,1624.9,260511,False,False,True,False,100,-1.353660610001204
policy,44798,8809,8759,1626.6,260512,False,False,False,True,56,-0.9953252502714824
policy,44898,8829,8779,1629.9,260513,False,True,True,False,100,-1.4919581472277248
policy,44995,8848,8798,1633.0,260514,False,False,False,True,97,-1.1863745235943797
policy,45095,8868,8818,1636.3,260515,False,False,True,False,100,-1.4368587703003524
policy,45195,8888,8838,1639.6,260516,False,False,True,False,100,-1.3700944653128757
policy,45295,8908,8858,1642.9,260517,False,False,True,False,100,-1.257017610529773
policy,45395,8928,8878,1646.4,260518,False,False,True,False,100,-1.3694166926843039
policy,45475,8944,8894,1649.0,260519,False,False,False,True,80,-1.0071268215103593
policy,45575,8964,8914,1652.3,260520,False,False,True,False,100,-1.1993064008045389
policy,45675,8984,8934,1655.5,260521,False,False,True,False,100,-1.300032731054722
policy,45775,9004,8954,1658.7,260522,False,False,True,False,100,-1.3268395173243732
policy,45875,9024,8974,1661.9,260523,False,False,True,False,100,-1.2489210753939135
policy,45975,9044,8994,1665.2,260524,False,False,True,False,100,-1.4555914231652194
policy,46075,9064,9014,1668.4,260525,False,False,True,False,100,-1.1312151386661125
policy,46172,9084,9034,1671.6,260526,False,False,False,True,97,-1.5758951951686027
policy,46272,9104,9054,1674.8,260527,False,False,True,False,100,-1.1925412560476893
policy,46313,9112,9062,1676.0,260528,False,False,False,True,41,-1.010738049599965
policy,46407,9131,9081,1679.0,260529,False,False,False,True,94,-1.5352454667993327
policy,46503,9150,9100,1682.0,260530,False,False,False,True,96,-1.2922805361195329
policy,46561,9162,9112,1683.9,260531,False,False,False,True,58,-1.0680399680184376
policy,46661,9182,9132,1687.0,260532,False,False,True,False,100,-1.1888475628895596
policy,46761,9202,9152,1690.1,260533,False,False,True,False,100,-1.115856199546001
policy,46812,9212,9162,1691.7,260534,False,False,False,True,51,-1.0309930066292081
policy,46912,9232,9182,1694.9,260535,False,False,True,False,100,-1.4810615510369693
policy,47010,9251,9201,1698.0,260536,False,False,False,True,98,-1.2995306928955808
policy,47045,9258,9208,1699.0,260537,False,False,False,True,35,-0.9307698904499355
policy,47145,9278,9228,1702.1,260538,False,False,True,False,100,-1.476894480606807
policy,47245,9298,9248,1705.2,260539,False,False,True,False,100,-1.3921816295755514
policy,47345,9318,9268,1708.3,260540,False,False,True,False,100,-1.4273598604832785
policy,47445,9338,9288,1711.5,260541,False,False,True,False,100,-1.4484106853962486
policy,47545,9358,9308,1714.8,260542,False,False,True,False,100,-1.1287137910465583
policy,47645,9378,9328,1718.0,260543,False,False,True,False,100,-1.5100955484443643
policy,47745,9398,9348,1721.2,260544,False,False,True,False,100,-1.4898480464022124
policy,47845,9418,9368,1724.5,260545,False,False,True,False,100,-1.3618764242519412
policy,47945,9438,9388,1727.7,260546,False,False,True,False,100,-1.5350339053339987
policy,48045,9458,9408,1731.0,260547,False,False,True,False,100,-1.3407866793341041
policy,48108,9471,9421,1733.0,260548,False,False,False,True,63,-1.286915478727654
policy,48208,9491,9441,1736.1,260549,False,False,True,False,100,-1.0855903409556702
policy,48308,9511,9461,1739.2,260550,False,False,True,False,100,-1.239544065861546
policy,48408,9531,9481,1742.4,260551,False,False,True,False,100,-1.3100172812178452
policy,48508,9551,9501,1745.5,260552,False,False,True,False,100,-1.6281120091794707
policy,48608,9571,9521,1748.5,260553,False,False,True,False,100,-1.1557242839190642
policy,48708,9591,9541,1751.6,260554,False,False,True,False,100,-1.424665484343642
policy,48772,9604,9554,1753.5,260555,False,False,False,True,64,-1.1770385328821225
policy,48872,9624,9574,1756.7,260556,False,False,True,False,100,-1.1367292951504901
policy,48972,9644,9594,1759.8,260557,False,False,True,False,100,-1.5948658765558115
policy,49072,9664,9614,1762.9,260558,False,False,True,False,100,-1.7398308891048286
policy,49172,9684,9634,1766.0,260559,False,False,True,False,100,-1.1630292870515744
policy,49244,9698,9648,1768.3,260560,False,False,False,True,72,-1.0842007402720597
policy,49344,9718,9668,1771.6,260561,False,False,True,False,100,-1.1739937189389265
policy,49444,9738,9688,1774.8,260562,False,False,True,False,100,-1.1834963016414277
policy,49484,9746,9696,1776.1,260563,False,False,False,True,40,-0.908090542828893
policy,49580,9765,9715,1779.1,260564,False,False,False,True,96,-1.3188596620801631
policy,49680,9785,9735,1782.1,260565,False,False,True,False,100,-1.2398367048772876
policy,49780,9805,9755,1785.2,260566,False,False,True,False,100,-1.2647705753461653
policy,49880,9825,9775,1788.2,260567,False,False,True,False,100,-1.2612264538681202
policy,49980,9845,9795,1791.2,260568,False,True,True,False,100,-1.7209785350766587
policy,50080,9865,9815,1794.4,260569,False,False,True,False,100,-1.1144506990117362
policy,50180,9885,9835,1797.5,260570,False,False,True,False,100,-1.63040690861448
policy,50280,9905,9855,1800.7,260571,False,False,True,False,100,-1.1895239468435357
policy,50380,9925,9875,1804.3,260572,False,False,True,False,100,-1.543652723515281
policy,50480,9945,9895,1807.6,260573,False,False,True,False,100,-1.1100778805876808
policy,50574,9964,9914,1810.6,260574,False,False,False,True,94,-1.4845588221707746
policy,50674,9984,9934,1813.6,260575,False,False,True,False,100,-1.250081446404569
policy,50774,10004,9954,1816.6,260576,False,False,True,False,100,-1.2215121753621827
policy,50874,10024,9974,1819.6,260577,False,False,True,False,100,-1.363167029105418
policy,50974,10044,9994,1822.6,260578,False,False,True,False,100,-1.4147808901589527
policy,51074,10064,10014,1825.7,260579,False,False,True,False,100,-1.2713839500163369
policy,51174,10084,10034,1828.8,260580,False,False,True,False,100,-1.7025175734076299
policy,51214,10092,10042,1830.0,260581,False,False,False,True,40,-0.7813845564712629
policy,51314,10112,10062,1833.2,260582,False,False,True,False,100,-1.1158962332526814
policy,51338,10117,10067,1834.1,260583,False,False,False,True,24,-0.8020543524694151
policy,51438,10137,10087,1837.3,260584,False,False,True,False,100,-1.1548282058285335
policy,51538,10157,10107,1840.5,260585,False,False,True,False,100,-1.317775773812583
policy,51638,10177,10127,1843.9,260586,False,False,True,False,100,-1.32589472605469
policy,51738,10197,10147,1847.0,260587,False,False,True,False,100,-1.20737293795806
policy,51825,10214,10164,1849.7,260588,False,False,False,True,87,-1.1659603162692729
policy,51925,10234,10184,1852.7,260589,False,False,True,False,100,-1.6850918138516935
policy,52025,10254,10204,1855.6,260590,False,False,True,False,100,-1.4536965764912178
policy,52125,10274,10224,1858.6,260591,False,False,True,False,100,-1.40857472876333
policy,52196,10289,10239,1860.9,260592,False,False,False,True,71,-1.053305059297617
policy,52296,10309,10259,1863.9,260593,False,False,True,False,100,-1.4997689528549834
policy,52396,10329,10279,1867.0,260594,False,False,True,False,100,-1.200151254977576
policy,52496,10349,10299,1870.2,260595,False,False,True,False,100,-1.2613805667261473
policy,52596,10369,10319,1873.3,260596,False,False,True,False,100,-1.4370274615981784
policy,52696,10389,10339,1876.5,260597,False,False,True,False,100,-1.0892451967572176
policy,52796,10409,10359,1879.6,260598,False,False,True,False,100,-1.345113824870584
policy,52896,10429,10379,1882.5,260599,False,False,True,False,100,-1.5765638536736037
policy,52965,10442,10392,1884.4,260600,False,False,False,True,69,-1.3976091193824032
policy,53065,10462,10412,1887.3,260601,False,False,True,False,100,-1.6211786222146387
policy,53165,10482,10432,1890.3,260602,False,False,True,False,100,-1.4146739507242034
policy,53265,10502,10452,1893.3,260603,False,False,True,False,100,-1.4251836813161656
policy,53285,10506,10456,1894.0,260604,False,False,False,True,20,-0.7603521852721558
policy,53324,10514,10464,1895.2,260605,False,False,False,True,39,-0.9506282024879604
policy,53424,10534,10484,1898.3,260606,False,False,True,False,100,-1.1653342157371687
policy,53490,10547,10497,1900.4,260607,False,False,False,True,66,-1.1261383155978322
policy,53590,10567,10517,1903.6,260608,False,False,True,False,100,-1.5907984500960208
policy,53690,10587,10537,1906.5,260609,False,False,True,False,100,-1.5712312685639573
policy,53790,10607,10557,1909.5,260610,False,False,True,False,100,-1.5363347161715963
policy,53817,10613,10563,1910.3,260611,False,False,False,True,27,-1.0344146467146509
policy,53917,10633,10583,1913.4,260612,False,False,True,False,100,-1.430364606392985
policy,54017,10653,10603,1916.3,260613,False,False,True,False,100,-1.1800448820015812
policy,54117,10673,10623,1919.3,260614,False,False,True,False,100,-1.3054941364086334
policy,54130,10675,10625,1919.6,260615,False,False,False,True,13,-0.8276560563273263
policy,54230,10695,10645,1922.6,260616,False,False,True,False,100,-1.4111440008643457
policy,54269,10703,10653,1923.9,260617,False,False,False,True,39,-1.1642075253648305
policy,54362,10722,10672,1926.7,260618,False,False,False,True,93,-1.2583298765527084
policy,54412,10732,10682,1928.2,260619,False,False,False,True,50,-1.0405271816896826
policy,54512,10752,10702,1931.2,260620,False,False,True,False,100,-1.2831200752977778
policy,54612,10772,10722,1934.3,260621,False,False,True,False,100,-1.3770897478851394
policy,54712,10792,10742,1937.3,260622,False,False,True,False,100,-1.5148231286934528
policy,54783,10806,10756,1939.5,260623,False,False,False,True,71,-1.0477107958560228
policy,54883,10826,10776,1942.6,260624,False,False,True,False,100,-1.3718323603598999
policy,54968,10843,10793,1945.2,260625,False,False,False,True,85,-1.2888764612405699
policy,55068,10863,10813,1948.2,260626,False,False,True,False,100,-1.4404279485316511
policy,55168,10883,10833,1951.3,260627,False,False,True,False,100,-1.4015031474747233
policy,55268,10903,10853,1954.3,260628,False,False,True,False,100,-1.4185029255823949
policy,55368,10923,10873,1957.4,260629,False,False,True,False,100,-1.3621854527676787
policy,55468,10943,10893,1960.5,260630,False,False,True,False,100,-1.1834621568947266
policy,55554,10960,10910,1963.2,260631,False,False,False,True,86,-1.0564352047033365
policy,55617,10973,10923,1965.3,260632,False,False,False,True,63,-0.9598603353581894
policy,55717,10993,10943,1968.9,260633,False,False,True,False,100,-1.2678812023933705
policy,55817,11013,10963,1972.2,260634,False,False,True,False,100,-1.504500069501146
policy,55917,11033,10983,1975.5,260635,False,False,True,False,100,-1.364048086544671
policy,55995,11048,10998,1978.0,260636,False,False,False,True,78,-1.0792799832152604
policy,56095,11068,11018,1981.2,260637,False,False,True,False,100,-1.2123841788786858
policy,56120,11073,11023,1982.1,260638,False,False,False,True,25,-0.6863290708661853
policy,56220,11093,11043,1985.3,260639,False,False,True,False,100,-1.25881413725136
policy,56320,11113,11063,1988.7,260640,False,False,True,False,100,-1.6458510168992069
policy,56420,11133,11083,1992.1,260641,False,False,True,False,100,-1.8364533640725593
policy,56520,11153,11103,1995.4,260642,False,False,True,False,100,-1.179270968109207
policy,56620,11173,11123,1998.7,260643,False,False,True,False,100,-1.4779746881767255
policy,56720,11193,11143,2002.2,260644,False,False,True,False,100,-1.22537934837448
policy,56820,11213,11163,2005.6,260645,False,False,True,False,100,-1.305479592198818
policy,56920,11233,11183,2009.0,260646,False,False,True,False,100,-1.4451410815154206
policy,56985,11246,11196,2011.1,260647,False,False,False,True,65,-0.9386836857747783
policy,57020,11253,11203,2012.2,260648,False,False,False,True,35,-0.8654605728976059
policy,57059,11261,11211,2013.5,260649,False,False,False,True,39,-0.9233688306003061
policy,57159,11281,11231,2016.7,260650,False,False,True,False,100,-1.380915362810054
policy,57222,11294,11244,2018.8,260651,False,False,False,True,63,-0.9686257335620719
policy,57322,11314,11264,2022.1,260652,False,False,False,True,100,-1.4358816771464906
policy,57422,11334,11284,2025.4,260653,False,False,True,False,100,-1.4780930425695165
policy,57522,11354,11304,2028.7,260654,False,False,True,False,100,-1.090863788304884
policy,57577,11365,11315,2030.6,260655,False,False,False,True,55,-1.0967999789656495
policy,57677,11385,11335,2034.0,260656,False,False,True,False,100,-1.4274244088740482
policy,57760,11401,11351,2036.8,260657,False,False,False,True,83,-1.4424139507168334
policy,57808,11411,11361,2038.6,260658,False,False,False,True,48,-0.9965691040128912
policy,57822,11414,11364,2039.2,260659,False,False,False,True,14,-0.9501481898759032
policy,57922,11434,11384,2042.8,260660,False,False,True,False,100,-1.5098173183908865
policy,58006,11451,11401,2045.6,260661,False,False,False,True,84,-1.5296384744174816
policy,58106,11471,11421,2048.8,260662,False,False,True,False,100,-1.146387349741206
policy,58205,11490,11440,2051.9,260663,False,False,False,True,99,-1.6648553352646385
policy,58305,11510,11460,2055.2,260664,False,False,True,False,100,-1.5496993601277897
policy,58405,11530,11480,2058.5,260665,False,False,True,False,100,-1.1618556779653109
policy,58505,11550,11500,2061.9,260666,False,False,True,False,100,-1.4508013116128389
policy,58605,11570,11520,2065.4,260667,False,False,True,False,100,-1.3987696668281755
policy,58705,11590,11540,2068.9,260668,False,False,True,False,100,-1.3213116190522278
policy,58805,11610,11560,2072.6,260669,False,False,True,False,100,-1.2459035277397486
policy,58881,11626,11576,2075.5,260670,False,False,False,True,76,-1.1778404555101976
policy,58981,11646,11596,2079.0,260671,False,False,True,False,100,-1.4645114791285603
policy,59081,11666,11616,2082.2,260672,False,False,True,False,100,-1.2630794104050072
policy,59181,11686,11636,2085.5,260673,False,False,True,False,100,-1.0809637137513248
policy,59281,11706,11656,2088.8,260674,False,False,True,False,100,-1.3340008134871661
policy,59379,11725,11675,2092.1,260675,False,False,False,True,98,-1.1255186192773352
policy,59411,11732,11682,2093.2,260676,False,False,False,True,32,-0.94132828468915
policy,59511,11752,11702,2096.7,260677,False,False,True,False,100,-1.2741349928837669
policy,59611,11772,11722,2100.2,260678,False,False,True,False,100,-1.4276733249244753
policy,59711,11792,11742,2104.2,260679,False,False,True,False,100,-1.6221869050883835
policy,59742,11798,11748,2105.3,260680,False,False,False,True,31,-0.9797912269556792
policy,59842,11818,11768,2108.8,260681,False,False,True,False,100,-1.6077992447182436
policy,59942,11838,11788,2112.5,260682,False,False,True,False,100,-1.5640938047783537
policy,60042,11858,11808,2115.9,260683,False,False,True,False,100,-1.1072165918146601
policy,60093,11868,11818,2117.6,260684,False,False,False,True,51,-1.2334139814388099
policy,60193,11888,11838,2120.9,260685,False,False,True,False,100,-1.571379897476361
policy,60293,11908,11858,2124.3,260686,False,False,True,False,100,-1.1410005395887117
policy,60373,11924,11874,2127.1,260687,False,False,False,True,80,-1.0050635034304412
policy,60473,11944,11894,2130.6,260688,False,False,True,False,100,-1.2703326829407262
policy,60573,11964,11914,2134.1,260689,False,False,True,False,100,-1.4709202643913586
policy,60673,11984,11934,2138.2,260690,False,False,True,False,100,-1.5590950444634308
policy,60773,12004,11954,2141.8,260691,False,False,True,False,100,-1.5321929381124293
policy,60873,12024,11974,2145.4,260692,False,False,True,False,100,-1.4045061155831549
policy,60973,12044,11994,2149.1,260693,False,False,True,False,100,-1.5113356016799
policy,61073,12064,12014,2152.7,260694,False,False,True,False,100,-1.6816475380015175
policy,61112,12072,12022,2154.1,260695,False,False,False,True,39,-1.0402141095299857
policy,61179,12085,12035,2156.3,260696,False,False,False,True,67,-1.1374282096329076
policy,61279,12105,12055,2159.7,260697,False,False,True,False,100,-1.0974435785319319
policy,61294,12108,12058,2160.2,260698,False,False,False,True,15,-1.0056771437376792
policy,61344,12118,12068,2161.9,260699,False,False,False,True,50,-0.8370683554767819
policy,61429,12135,12085,2164.9,260700,False,False,False,True,85,-1.1430175893729713
policy,61524,12154,12104,2168.2,260701,False,False,False,True,95,-1.5390843845399695
policy,61624,12174,12124,2171.7,260702,False,False,True,False,100,-1.523688172189433
policy,61724,12194,12144,2175.3,260703,False,False,True,False,100,-1.5606346954493682
policy,61824,12214,12164,2178.8,260704,False,False,True,False,100,-1.2466703488772286
policy,61924,12234,12184,2182.5,260705,False,True,True,False,100,-1.723412825145079
policy,62024,12254,12204,2186.2,260706,False,False,True,False,100,-1.4005008928546059
policy,62124,12274,12224,2189.6,260707,False,False,True,False,100,-1.7075491066938568
policy,62224,12294,12244,2193.0,260708,False,False,True,False,100,-1.2163700888557756
policy,62324,12314,12264,2196.4,260709,False,False,True,False,100,-1.3389717277636564
policy,62424,12334,12284,2199.9,260710,False,False,True,False,100,-1.2869301796429609
policy,62524,12354,12304,2203.4,260711,False,False,True,False,100,-1.1441108350177687
policy,62624,12374,12324,2206.9,260712,False,False,True,False,100,-1.4396079425760053
policy,62654,12380,12330,2207.9,260713,False,False,False,True,30,-0.8558542059483238
policy,62754,12400,12350,2211.5,260714,False,False,True,False,100,-1.5658200090853338
policy,62854,12420,12370,2215.1,260715,False,False,True,False,100,-1.5946380623871923
policy,62924,12434,12384,2217.7,260716,False,False,False,True,70,-1.091482399521102
policy,63024,12454,12404,2221.4,260717,False,False,True,False,100,-1.6218161889076483
policy,63051,12460,12410,2222.4,260718,False,False,False,True,27,-0.8975837453546289
policy,63151,12480,12430,2225.8,260719,False,False,True,False,100,-1.356811308734456
policy,63251,12500,12450,2229.2,260720,False,False,True,False,100,-1.6554236732082952
policy,63293,12508,12458,2230.6,260721,False,False,False,True,42,-0.8760904330041215
policy,63393,12528,12478,2234.0,260722,False,False,True,False,100,-1.5076848924269224
policy,63493,12548,12498,2237.5,260723,False,False,True,False,100,-1.2791574840053461
policy,63593,12568,12518,2241.0,260724,False,False,True,False,100,-1.5299890734964932
policy,63643,12578,12528,2242.7,260725,False,False,False,True,50,-1.194266133943132
policy,63743,12598,12548,2246.2,260726,False,False,True,False,100,-1.222898058824511
policy,63843,12618,12568,2249.8,260727,False,False,True,False,100,-1.3261939917688466
policy,63943,12638,12588,2253.2,260728,False,False,True,False,100,-1.4156905103758293
policy,64023,12654,12604,2255.9,260729,False,False,False,True,80,-1.1412725791698701
policy,64123,12674,12624,2259.4,260730,False,False,True,False,100,-1.7631755242973222
policy,64223,12694,12644,2262.8,260731,False,False,True,False,100,-1.7566045870394067
policy,64233,12696,12646,2263.1,260732,False,False,False,True,10,-0.6571819984295801
policy,64333,12716,12666,2266.6,260733,False,False,True,False,100,-1.3224778810728852
policy,64433,12736,12686,2270.1,260734,False,False,True,False,100,-1.513446938089167
policy,64533,12756,12706,2273.5,260735,False,False,True,False,100,-1.1356917738008476
policy,64633,12776,12726,2277.0,260736,False,False,True,False,100,-1.6718161041965656
policy,64733,12796,12746,2280.4,260737,False,False,True,False,100,-1.4336277727169677
policy,64785,12806,12756,2282.2,260738,False,False,False,True,52,-0.8791330602301091
policy,64885,12826,12776,2285.6,260739,False,False,True,False,100,-1.1110724357271036
policy,64985,12846,12796,2289.0,260740,False,False,True,False,100,-1.2469994731182314
policy,65039,12857,12807,2290.9,260741,False,False,False,True,54,-0.9975579872942824
policy,65139,12877,12827,2294.5,260742,False,False,True,False,100,-1.1451273696375373
policy,65239,12897,12847,2298.2,260743,False,False,True,False,100,-1.275728548259328
policy,65339,12917,12867,2301.8,260744,False,True,True,False,100,-1.3358133226578575
policy,65415,12932,12882,2304.6,260745,False,False,False,True,76,-1.0556228279356066
policy,65477,12945,12895,2307.0,260746,False,False,False,True,62,-0.8932904916383237
policy,65577,12965,12915,2310.8,260747,False,False,True,False,100,-1.2124302194755967
policy,65677,12985,12935,2314.5,260748,False,False,True,False,100,-1.5835620903285947
policy,65777,13005,12955,2317.9,260749,False,False,True,False,100,-1.4632067245327964
policy,65801,13010,12960,2318.7,260750,False,False,False,True,24,-0.8880530256511616
policy,65901,13030,12980,2322.2,260751,False,False,True,False,100,-1.387800170521559
policy,66001,13050,13000,2325.6,260752,False,False,True,False,100,-1.5133556896361482
policy,66101,13070,13020,2329.1,260753,False,False,True,False,100,-1.1272834018339277
policy,66201,13090,13040,2332.6,260754,False,False,True,False,100,-1.4029346000017653
policy,66301,13110,13060,2336.3,260755,False,False,True,False,100,-1.4926340599597037
policy,66401,13130,13080,2339.9,260756,False,False,True,False,100,-1.1654483557687962
policy,66501,13150,13100,2343.6,260757,False,False,True,False,100,-1.4089905607109934
policy,66601,13170,13120,2347.5,260758,False,False,True,False,100,-1.2265300383147242
policy,66701,13190,13140,2351.4,260759,False,False,True,False,100,-1.1695874021727004
policy,66801,13210,13160,2355.1,260760,False,False,True,False,100,-1.2148017914863551
policy,66901,13230,13180,2358.5,260761,False,False,True,False,100,-1.3904359080812934
policy,67001,13250,13200,2362.0,260762,False,False,True,False,100,-1.099137437202933
policy,67101,13270,13220,2365.5,260763,False,False,True,False,100,-1.709275702986759
policy,67201,13290,13240,2368.9,260764,False,False,True,False,100,-1.5423421617986035
policy,67301,13310,13260,2372.4,260765,False,False,True,False,100,-1.2009883938361892
policy,67401,13330,13280,2375.9,260766,False,False,True,False,100,-1.1054797409305197
policy,67501,13350,13300,2379.4,260767,False,False,True,False,100,-1.364696935699519
policy,67601,13370,13320,2382.8,260768,False,False,True,False,100,-1.2427195462943463
policy,67634,13376,13326,2383.9,260769,False,False,False,True,33,-0.7900413216879574
policy,67734,13396,13346,2387.4,260770,False,False,True,False,100,-1.5158730712386013
policy,67780,13405,13355,2389.0,260771,False,False,False,True,46,-0.8268659902824372
policy,67880,13425,13375,2392.6,260772,False,False,True,False,100,-1.4259423732504264
policy,67980,13445,13395,2396.0,260773,False,False,True,False,100,-1.3577116842120698
policy,68080,13465,13415,2399.4,260774,False,False,True,False,100,-1.3863721592273772
policy,68175,13484,13434,2402.9,260775,False,False,False,True,95,-1.1503012191021396
policy,68275,13504,13454,2406.8,260776,False,False,True,False,100,-1.3091467705789894
policy,68375,13524,13474,2410.3,260777,False,False,True,False,100,-1.1791215064559983
policy,68416,13533,13483,2411.9,260778,False,False,False,True,41,-0.8873239714781613
policy,68516,13553,13503,2415.5,260779,False,False,True,False,100,-1.498653545585888
policy,68616,13573,13523,2419.2,260780,False,True,True,False,100,-1.7414563607984554
policy,68716,13593,13543,2423.0,260781,False,False,True,False,100,-1.336127022379621
policy,68787,13607,13557,2425.7,260782,False,False,False,True,71,-1.1274087526643366
policy,68853,13620,13570,2428.0,260783,False,False,False,True,66,-1.433196650857769
policy,68888,13627,13577,2429.3,260784,False,False,False,True,35,-1.0413580879014437
policy,68988,13647,13597,2432.8,260785,False,False,True,False,100,-1.6956047067655318
policy,69088,13667,13617,2436.3,260786,False,False,True,False,100,-1.363152645121062
policy,69188,13687,13637,2439.9,260787,False,False,True,False,100,-1.4107704203702989
policy,69211,13692,13642,2440.8,260788,False,False,False,True,23,-0.871952768428818
policy,69311,13712,13662,2444.3,260789,False,False,True,False,100,-1.0892493274450854
policy,69388,13727,13677,2447.0,260790,False,False,False,True,77,-1.2089585872004183
policy,69488,13747,13697,2450.7,260791,False,False,True,False,100,-1.7093954092616315
policy,69588,13767,13717,2454.5,260792,False,False,True,False,100,-1.5223866878114776
policy,69688,13787,13737,2458.2,260793,False,False,True,False,100,-1.070624777241012
policy,69788,13807,13757,2462.0,260794,False,False,True,False,100,-1.519373757833471
policy,69888,13827,13777,2465.7,260795,False,False,True,False,100,-1.5004415080139095
policy,69988,13847,13797,2469.1,260796,False,False,True,False,100,-1.1090442969000835
policy,70088,13867,13817,2472.7,260797,False,False,True,False,100,-1.396821824099942
policy,70188,13887,13837,2476.3,260798,False,False,True,False,100,-1.291021013127203
policy,70288,13907,13857,2479.8,260799,False,False,True,False,100,-1.4481278425219306
policy,70388,13927,13877,2483.5,260800,False,False,True,False,100,-1.4148463015283623
policy,70488,13947,13897,2487.1,260801,False,False,True,False,100,-1.4656990393207001
policy,70588,13967,13917,2490.9,260802,False,False,True,False,100,-1.5331601363731164
policy,70688,13987,13937,2494.7,260803,False,False,True,False,100,-1.530190450302484
policy,70788,14007,13957,2498.4,260804,False,True,True,False,100,-1.8387628499316686
policy,70796,14009,13959,2498.7,260805,False,False,False,True,8,-0.7488311910697374
policy,70896,14029,13979,2502.5,260806,False,False,True,False,100,-1.39351525178192
policy,70996,14049,13999,2506.1,260807,False,False,True,False,100,-1.3590172884343517
policy,71096,14069,14019,2509.6,260808,False,False,True,False,100,-1.179667972594339
policy,71196,14089,14039,2513.3,260809,False,False,True,False,100,-1.5234809761781827
policy,71263,14102,14052,2515.6,260810,False,False,False,True,67,-1.0722199414763889
policy,71363,14122,14072,2519.2,260811,False,False,True,False,100,-1.5148166045501217
policy,71463,14142,14092,2523.0,260812,False,False,True,False,100,-1.3299703705430257
policy,71536,14157,14107,2525.8,260813,False,False,False,True,73,-0.9781986050951506
policy,71636,14177,14127,2529.6,260814,False,False,True,False,100,-1.5681995013588375
policy,71736,14197,14147,2533.4,260815,False,False,True,False,100,-1.2196866992178996
policy,71836,14217,14167,2537.2,260816,False,False,True,False,100,-1.6174272701312096
policy,71936,14237,14187,2540.8,260817,False,False,True,False,100,-1.8121916255408137
policy,72036,14257,14207,2544.3,260818,False,False,True,False,100,-1.5184323278457632
policy,72136,14277,14227,2547.8,260819,False,False,True,False,100,-1.4894422515275891
policy,72223,14294,14244,2550.7,260820,False,False,False,True,87,-1.139045207285074
policy,72323,14314,14264,2554.3,260821,False,False,True,False,100,-1.4247753782927015
policy,72423,14334,14284,2557.9,260822,False,False,True,False,100,-1.6989028528428332
policy,72523,14354,14304,2561.6,260823,False,False,True,False,100,-1.3199788207391985
policy,72623,14374,14324,2565.4,260824,False,False,True,False,100,-1.6394668374116392
policy,72723,14394,14344,2569.2,260825,False,False,True,False,100,-1.096980963933082
policy,72766,14403,14353,2571.0,260826,False,False,False,True,43,-0.7726477593287512
policy,72866,14423,14373,2574.8,260827,False,False,True,False,100,-1.5430221105802309
policy,72966,14443,14393,2578.8,260828,False,False,True,False,100,-1.2075537810352497
policy,73018,14453,14403,2580.7,260829,False,False,False,True,52,-1.0223394706145363
policy,73118,14473,14423,2584.3,260830,False,False,True,False,100,-1.504144204494153
policy,73218,14493,14443,2587.9,260831,False,False,True,False,100,-1.4388921163469024
policy,73318,14513,14463,2591.5,260832,False,False,True,False,100,-1.451611035625627
policy,73418,14533,14483,2595.0,260833,False,False,True,False,100,-1.1390074095390175
policy,73518,14553,14503,2598.6,260834,False,False,True,False,100,-1.358491265661971
policy,73618,14573,14523,2602.2,260835,False,False,True,False,100,-1.4607685558079184
policy,73651,14580,14530,2603.4,260836,False,False,False,True,33,-0.967826057928685
policy,73751,14600,14550,2606.9,260837,False,False,True,False,100,-1.1113473997707137
policy,73851,14620,14570,2610.5,260838,False,False,True,False,100,-1.2771673691074765
policy,73951,14640,14590,2614.1,260839,False,False,True,False,100,-1.334971945444722
policy,74048,14659,14609,2617.5,260840,False,False,False,True,97,-1.527858590730602
policy,74148,14679,14629,2621.0,260841,False,False,True,False,100,-1.0658323493787587
policy,74248,14699,14649,2624.5,260842,False,True,True,False,100,-1.5323507152376963
policy,74348,14719,14669,2628.1,260843,False,False,True,False,100,-1.3401368805062357
policy,74448,14739,14689,2631.7,260844,False,False,True,False,100,-1.125575036015364
policy,74548,14759,14709,2635.3,260845,False,False,True,False,100,-1.230449644515149
policy,74648,14779,14729,2638.8,260846,False,False,True,False,100,-1.1227697777078236
policy,74670,14783,14733,2639.6,260847,False,False,False,True,22,-0.8481499341680496
policy,74694,14788,14738,2640.5,260848,False,False,False,True,24,-0.8291360536360792
policy,74794,14808,14758,2644.2,260849,False,False,True,False,100,-1.3336458758996588
policy,74894,14828,14778,2647.9,260850,False,True,True,False,100,-1.597873000168176
policy,74994,14848,14798,2651.6,260851,False,False,True,False,100,-1.2786193052996087
policy,75094,14868,14818,2655.3,260852,False,False,True,False,100,-1.4470892783041556
policy,75194,14888,14838,2659.2,260853,False,False,True,False,100,-1.084508139792613
policy,75294,14908,14858,2663.0,260854,False,False,True,False,100,-1.6734375513179727
policy,75374,14924,14874,2666.1,260855,False,False,False,True,80,-1.3307290281152742
policy,75474,14944,14894,2670.1,260856,False,False,True,False,100,-1.502903910704636
policy,75574,14964,14914,2673.8,260857,False,False,True,False,100,-1.2284426102403605
policy,75674,14984,14934,2677.5,260858,False,False,True,False,100,-1.4478896119721214
policy,75774,15004,14954,2681.5,260859,False,False,True,False,100,-1.4514775951157017
policy,75874,15024,14974,2685.3,260860,False,False,True,False,100,-1.3740350642853465
policy,75974,15044,14994,2689.0,260861,False,False,True,False,100,-1.063494896219678
policy,76074,15064,15014,2692.7,260862,False,False,True,False,100,-1.3859281754507224
policy,76174,15084,15034,2696.6,260863,False,False,True,False,100,-1.76216641949934
policy,76274,15104,15054,2700.4,260864,False,True,True,False,100,-1.2353802019096698
policy,76374,15124,15074,2704.4,260865,False,False,True,False,100,-1.1966615851508093
policy,76474,15144,15094,2708.5,260866,False,False,True,False,100,-1.59059368997031
policy,76574,15164,15114,2712.2,260867,False,False,True,False,100,-1.375141695892745
policy,76674,15184,15134,2715.7,260868,False,False,True,False,100,-1.3266159476738293
policy,76774,15204,15154,2719.3,260869,False,False,True,False,100,-1.0968671695460737
policy,76850,15219,15169,2722.1,260870,False,False,False,True,76,-1.0671738497610808
policy,76938,15237,15187,2725.4,260871,False,False,False,True,88,-1.3716063473213607
policy,76998,15249,15199,2727.6,260872,False,False,False,True,60,-0.8628668060022597
policy,77054,15260,15210,2729.6,260873,False,False,False,True,56,-0.953556388940297
policy,77113,15272,15222,2731.9,260874,False,False,False,True,59,-1.1115034363893652
policy,77208,15291,15241,2735.4,260875,False,False,False,True,95,-1.1095132089401338
policy,77308,15311,15261,2739.9,260876,False,False,True,False,100,-1.5422399450227549
policy,77408,15331,15281,2743.8,260877,False,False,True,False,100,-1.4584177236611422
policy,77469,15343,15293,2746.1,260878,False,False,False,True,61,-1.3241116502416754
policy,77569,15363,15313,2749.8,260879,False,False,True,False,100,-1.3152483451027688
policy,77669,15383,15333,2753.5,260880,False,False,True,False,100,-1.6117044673119487
policy,77769,15403,15353,2757.0,260881,False,False,True,False,100,-1.4411767627012175
policy,77869,15423,15373,2760.7,260882,False,False,True,False,100,-1.268183211253707
policy,77927,15435,15385,2762.9,260883,False,False,False,True,58,-1.178691485816189
policy,77995,15448,15398,2765.3,260884,False,False,False,True,68,-1.0133796030891782
policy,78077,15465,15415,2768.5,260885,False,False,False,True,82,-1.352637017592776
policy,78177,15485,15435,2772.2,260886,False,False,True,False,100,-1.3465855678966243
policy,78277,15505,15455,2775.9,260887,False,False,True,False,100,-1.4525106270235013
policy,78377,15525,15475,2779.8,260888,False,False,True,False,100,-1.207869783188771
policy,78477,15545,15495,2783.5,260889,False,False,True,False,100,-1.4822277211842407
policy,78508,15551,15501,2784.7,260890,False,False,False,True,31,-0.7560768459956241
policy,78608,15571,15521,2788.4,260891,False,False,True,False,100,-1.2105029262289728
policy,78708,15591,15541,2792.0,260892,False,False,True,False,100,-1.5921089591864586
policy,78808,15611,15561,2795.5,260893,False,False,True,False,100,-1.2394502188428964
policy,78908,15631,15581,2799.2,260894,False,False,True,False,100,-1.1842282016130794
policy,79008,15651,15601,2802.7,260895,False,False,True,False,100,-1.355375206000632
policy,79108,15671,15621,2806.4,260896,False,False,True,False,100,-1.1309751114332411
policy,79166,15683,15633,2808.6,260897,False,False,False,True,58,-1.1734301970437815
policy,79266,15703,15653,2812.1,260898,False,False,True,False,100,-1.3791439592246928
policy,79366,15723,15673,2815.8,260899,False,False,True,False,100,-1.5517900633821515
policy,79466,15743,15693,2819.5,260900,False,False,True,False,100,-1.6620707884470052
policy,79566,15763,15713,2823.2,260901,False,False,True,False,100,-1.3105516902015553
policy,79632,15776,15726,2825.7,260902,False,False,False,True,66,-1.0575323317069623
policy,79732,15796,15746,2829.5,260903,False,False,True,False,100,-1.162547687947665
policy,79832,15816,15766,2833.4,260904,False,False,True,False,100,-1.1413322014341443
policy,79932,15836,15786,2837.4,260905,False,False,True,False,100,-1.634198733770311
policy,79975,15844,15794,2838.9,260906,False,False,False,True,43,-0.9381119050366109
policy,80035,15856,15806,2841.3,260907,False,False,False,True,60,-1.0032687320166684
policy,80135,15876,15826,2845.2,260908,False,False,True,False,100,-1.421317812415026
policy,80235,15896,15846,2848.8,260909,False,False,True,False,100,-1.1880730556774537
policy,80335,15916,15866,2852.5,260910,False,False,True,False,100,-1.6334396371723552
policy,80435,15936,15886,2856.2,260911,False,False,True,False,100,-1.520322065161844
policy,80535,15956,15906,2859.9,260912,False,False,True,False,100,-1.8318994826794057
policy,80566,15963,15913,2861.2,260913,False,False,False,True,31,-1.0490062580282054
policy,80666,15983,15933,2864.8,260914,False,False,True,False,100,-1.3620828146042658
policy,80718,15993,15943,2866.7,260915,False,False,False,True,52,-1.2376736900781014
policy,80818,16013,15963,2870.5,260916,False,False,True,False,100,-1.0966685144689194
policy,80918,16033,15983,2874.4,260917,False,False,True,False,100,-1.5850982120520773
policy,81018,16053,16003,2878.3,260918,False,False,True,False,100,-1.3234982340217987
policy,81118,16073,16023,2882.3,260919,False,False,True,False,100,-1.1533366915202952
policy,81218,16093,16043,2886.0,260920,False,False,True,False,100,-1.1858281703228506
policy,81318,16113,16063,2889.8,260921,False,False,True,False,100,-1.4822037806953274
policy,81418,16133,16083,2893.5,260922,False,False,True,False,100,-1.117817146504939
policy,81518,16153,16103,2897.3,260923,False,False,True,False,100,-1.5396477315491568
policy,81618,16173,16123,2901.0,260924,False,False,True,False,100,-1.3967622998562805
policy,81627,16175,16125,2901.4,260925,False,False,False,True,9,-0.7135870590555202
policy,81727,16195,16145,2905.2,260926,False,False,True,False,100,-1.3864509504476497
policy,81827,16215,16165,2909.0,260927,False,False,True,False,100,-1.1118777209012412
policy,81840,16217,16167,2909.4,260928,False,False,False,True,13,-0.806098015334539
policy,81940,16237,16187,2913.3,260929,False,False,True,False,100,-1.3491668733072688
policy,82040,16257,16207,2917.3,260930,False,False,True,False,100,-1.3641110625140733
policy,82140,16277,16227,2921.3,260931,False,False,True,False,100,-1.319553133846828
policy,82204,16290,16240,2923.6,260932,False,False,False,True,64,-1.361900954084341
policy,82304,16310,16260,2927.3,260933,False,False,True,False,100,-1.5610059090303496
policy,82404,16330,16280,2930.9,260934,False,False,True,False,100,-1.094819511913337
policy,82504,16350,16300,2934.7,260935,False,False,True,False,100,-1.3403504373063766
policy,82604,16370,16320,2938.5,260936,False,False,True,False,100,-1.203320478417373
policy,82704,16390,16340,2942.4,260937,False,False,True,False,100,-1.1925211785568364
policy,82804,16410,16360,2946.2,260938,False,False,True,False,100,-1.4678206817336172
policy,82904,16430,16380,2950.1,260939,False,False,True,False,100,-1.405026254682458
policy,83004,16450,16400,2954.0,260940,False,False,True,False,100,-1.3642972654835372
policy,83067,16463,16413,2956.4,260941,False,False,False,True,63,-0.8922583224689526
policy,83167,16483,16433,2960.2,260942,False,False,True,False,100,-1.3263215979141347
policy,83267,16503,16453,2963.9,260943,False,False,True,False,100,-1.0816749497098361
policy,83330,16515,16465,2966.1,260944,False,False,False,True,63,-1.1198090536754872
policy,83430,16535,16485,2969.8,260945,False,False,True,False,100,-1.3165499234041327
policy,83467,16543,16493,2971.3,260946,False,False,False,True,37,-0.9337720119040982
policy,83567,16563,16513,2975.1,260947,False,False,True,False,100,-1.4810809472729072
policy,83667,16583,16533,2978.9,260948,False,False,True,False,100,-1.3871514680782056
policy,83767,16603,16553,2982.7,260949,False,False,True,False,100,-1.176627226127899
policy,83867,16623,16573,2986.6,260950,False,False,True,False,100,-1.113495343435541
policy,83940,16637,16587,2989.4,260951,False,False,False,True,73,-1.1146558052255782
policy,84040,16657,16607,2993.5,260952,False,False,True,False,100,-1.239340420826807
policy,84140,16677,16627,2997.6,260953,False,False,True,False,100,-1.6375373974675476
policy,84240,16697,16647,3001.7,260954,False,False,True,False,100,-1.5875273340267295
policy,84340,16717,16667,3005.8,260955,False,False,True,False,100,-1.1526299737039445
policy,84440,16737,16687,3009.4,260956,False,False,True,False,100,-1.530691424656572
policy,84540,16757,16707,3013.1,260957,False,False,True,False,100,-1.2460356382704663
policy,84640,16777,16727,3016.9,260958,False,False,True,False,100,-1.3542046971691093
policy,84740,16797,16747,3020.7,260959,False,False,True,False,100,-1.4635182542920333
policy,84840,16817,16767,3024.7,260960,False,False,True,False,100,-1.4018573831991916
policy,84940,16837,16787,3028.6,260961,False,False,True,False,100,-1.6000106913996825
policy,85040,16857,16807,3032.7,260962,False,False,True,False,100,-1.2724438435875185
policy,85140,16877,16827,3036.7,260963,False,False,True,False,100,-1.1971290318689811
policy,85240,16897,16847,3040.4,260964,False,False,True,False,100,-1.4420075733555122
policy,85248,16899,16849,3040.8,260965,False,False,False,True,8,-0.7050241791400886
policy,85348,16919,16869,3044.5,260966,False,False,True,False,100,-1.2662201357777672
policy,85390,16927,16877,3046.0,260967,False,False,False,True,42,-0.898213332507434
policy,85490,16947,16897,3049.8,260968,False,False,True,False,100,-1.342381565767833
policy,85590,16967,16917,3053.6,260969,False,False,True,False,100,-1.5427752514848285
policy,85690,16987,16937,3057.4,260970,False,False,True,False,100,-1.4858077441975288
policy,85790,17007,16957,3061.2,260971,False,False,True,False,100,-1.134148009916384
policy,85890,17027,16977,3065.1,260972,False,False,True,False,100,-1.43636178529046
policy,85990,17047,16997,3069.0,260973,False,False,True,False,100,-1.4543180007389431
policy,86090,17067,17017,3072.8,260974,False,False,True,False,100,-1.5349493351536503
policy,86190,17087,17037,3076.6,260975,False,False,True,False,100,-1.5580953211223438
policy,86290,17107,17057,3080.4,260976,False,False,True,False,100,-1.5198494760156487
policy,86390,17127,17077,3084.1,260977,False,False,True,False,100,-1.6513430855217743
policy,86490,17147,17097,3087.9,260978,False,False,True,False,100,-1.5621101283274716
policy,86590,17167,17117,3091.6,260979,False,False,True,False,100,-1.3381720306277431
policy,86690,17187,17137,3095.4,260980,False,False,True,False,100,-1.4889892013636488
policy,86790,17207,17157,3099.2,260981,False,False,True,False,100,-1.6109572118609674
policy,86802,17210,17160,3099.7,260982,False,False,False,True,12,-0.8048896184392635
policy,86899,17229,17179,3103.4,260983,False,False,False,True,97,-1.1831039557712923
policy,86999,17249,17199,3107.4,260984,False,False,True,False,100,-1.5724018620128644
policy,87099,17269,17219,3111.3,260985,False,False,True,False,100,-1.8782927822762119
policy,87199,17289,17239,3115.0,260986,False,False,True,False,100,-1.5712677778500113
policy,87299,17309,17259,3118.6,260987,False,False,True,False,100,-1.4419378164774344
policy,87366,17323,17273,3121.3,260988,False,False,False,True,67,-1.2813155988274785
policy,87466,17343,17293,3125.1,260989,False,False,True,False,100,-1.410768282628195
policy,87566,17363,17313,3129.0,260990,False,False,True,False,100,-1.3596465477070367
policy,87628,17375,17325,3131.2,260991,False,False,False,True,62,-0.9309335222528075
policy,87690,17387,17337,3133.5,260992,False,False,False,True,62,-1.127513320199811
policy,87790,17407,17357,3137.2,260993,False,False,True,False,100,-1.3681635694210748
policy,87890,17427,17377,3141.0,260994,False,False,True,False,100,-1.7068362403199147
policy,87990,17447,17397,3145.0,260995,False,False,True,False,100,-1.5538780152093215
policy,88090,17467,17417,3148.7,260996,False,False,True,False,100,-1.4967758879207396
policy,88190,17487,17437,3152.3,260997,False,False,True,False,100,-1.6552238310061473
policy,88290,17507,17457,3156.0,260998,False,False,True,False,100,-1.210383853572961
policy,88390,17527,17477,3159.6,260999,False,False,True,False,100,-1.4183481673718221
policy,88490,17547,17497,3163.3,261000,False,False,True,False,100,-1.4025504752698508
policy,88590,17567,17517,3166.9,261001,False,False,True,False,100,-1.4974325661662695
policy,88690,17587,17537,3170.6,261002,False,False,True,False,100,-1.4502629438734291
policy,88744,17598,17548,3172.6,261003,False,False,False,True,54,-1.1931095345259284
policy,88844,17618,17568,3176.2,261004,False,False,True,False,100,-1.615748366065688
policy,88944,17638,17588,3179.8,261005,False,False,True,False,100,-1.5924821687342892
policy,89044,17658,17608,3183.3,261006,False,False,True,False,100,-1.4331806496542179
policy,89144,17678,17628,3186.8,261007,False,False,True,False,100,-1.1059001593724165
policy,89244,17698,17648,3190.3,261008,False,False,True,False,100,-1.3780701570046852
policy,89344,17718,17668,3193.9,261009,False,False,True,False,100,-1.6688223880024746
policy,89444,17738,17688,3197.6,261010,False,False,True,False,100,-1.5231504047829896
policy,89484,17746,17696,3199.1,261011,False,False,False,True,40,-0.9861262800996207
policy,89584,17766,17716,3203.0,261012,False,False,True,False,100,-1.2373426122881097
policy,89684,17786,17736,3206.9,261013,False,False,True,False,100,-1.4378943179636547
policy,89700,17789,17739,3207.5,261014,False,False,False,True,16,-0.8666759733206809
policy,89711,17792,17742,3208.1,261015,False,False,False,True,11,-0.637686509566043
policy,89811,17812,17762,3212.0,261016,False,False,True,False,100,-1.356638126807932
policy,89911,17832,17782,3215.7,261017,False,False,True,False,100,-1.8324260898701037
policy,90011,17852,17802,3219.3,261018,False,False,True,False,100,-1.4472133188125724
policy,90111,17872,17822,3222.9,261019,False,False,True,False,100,-1.2478647660177034
policy,90211,17892,17842,3226.5,261020,False,False,True,False,100,-1.6061316106660664
policy,90311,17912,17862,3230.2,261021,False,False,True,False,100,-1.4525917014295948
policy,90366,17923,17873,3232.3,261022,False,False,False,True,55,-1.3337782270851593
policy,90466,17943,17893,3236.2,261023,False,True,True,False,100,-1.468653326146715
policy,90566,17963,17913,3240.1,261024,False,False,True,False,100,-1.5438536198741744
policy,90666,17983,17933,3244.1,261025,False,False,True,False,100,-1.594750152989535
policy,90694,17988,17938,3245.1,261026,False,False,False,True,28,-0.8309049621382294
policy,90794,18008,17958,3249.0,261027,False,True,True,False,100,-1.8049984727533799
policy,90873,18024,17974,3251.9,261028,False,False,False,True,79,-1.1579437922046516
policy,90973,18044,17994,3255.5,261029,False,False,True,False,100,-1.6214415639000572
policy,91073,18064,18014,3259.1,261030,False,False,True,False,100,-1.3075403630715692
policy,91173,18084,18034,3262.8,261031,False,False,True,False,100,-1.4118397066060662
policy,91273,18104,18054,3266.4,261032,False,False,True,False,100,-1.3118197490131465
policy,91373,18124,18074,3270.2,261033,False,False,True,False,100,-1.148225374317272
policy,91473,18144,18094,3273.9,261034,False,False,True,False,100,-1.489048452306914
policy,91573,18164,18114,3277.5,261035,False,False,True,False,100,-1.5122484031004406
policy,91673,18184,18134,3281.3,261036,False,False,True,False,100,-1.1596017891267496
policy,91773,18204,18154,3285.0,261037,False,False,True,False,100,-1.5431975530344304
policy,91873,18224,18174,3288.8,261038,False,False,True,False,100,-1.1238837723494275
policy,91973,18244,18194,3292.5,261039,False,False,True,False,100,-1.7027313823605632
policy,92041,18258,18208,3295.2,261040,False,False,False,True,68,-1.1264576007059939
policy,92141,18278,18228,3299.1,261041,False,False,True,False,100,-1.1757959895004633
policy,92241,18298,18248,3303.0,261042,False,False,True,False,100,-1.3809810106873468
policy,92309,18311,18261,3306.1,261043,False,False,False,True,68,-0.9877122773287863
policy,92357,18321,18271,3307.8,261044,False,False,False,True,48,-1.094185656842388
policy,92457,18341,18291,3311.5,261045,False,False,True,False,100,-1.2300189255722942
policy,92557,18361,18311,3315.3,261046,False,True,True,False,100,-1.585886916386271
policy,92637,18377,18327,3318.2,261047,False,False,False,True,80,-1.0986641856325028
policy,92737,18397,18347,3321.9,261048,False,False,True,False,100,-1.5376760040332846
policy,92837,18417,18367,3325.5,261049,False,False,True,False,100,-1.3196769058022702
policy,92937,18437,18387,3329.2,261050,False,False,True,False,100,-1.2329294389511851
policy,93037,18457,18407,3333.0,261051,False,False,True,False,100,-1.418220147229843
policy,93137,18477,18427,3336.7,261052,False,False,True,False,100,-1.7259302095258509
policy,93237,18497,18447,3341.1,261053,False,False,True,False,100,-1.1260452885672518
policy,93244,18498,18448,3341.2,261054,False,False,False,True,7,-0.8166973918938022
policy,93344,18518,18468,3344.9,261055,False,False,True,False,100,-1.184533974800646
policy,93444,18538,18488,3348.7,261056,False,False,True,False,100,-1.515189783779196
policy,93544,18558,18508,3352.5,261057,False,False,True,False,100,-1.557477665922295
policy,93644,18578,18528,3356.4,261058,False,False,True,False,100,-1.5379077870189004
policy,93681,18586,18536,3358.1,261059,False,False,False,True,37,-0.7904627086139628
policy,93781,18606,18556,3361.7,261060,False,False,True,False,100,-1.5723443374045147
policy,93881,18626,18576,3365.4,261061,False,False,True,False,100,-1.1925539146142463
policy,93961,18642,18592,3368.4,261062,False,False,False,True,80,-1.1877346802802236
policy,94061,18662,18612,3372.2,261063,False,False,True,False,100,-1.350039417892343
policy,94161,18682,18632,3376.0,261064,False,False,True,False,100,-1.2036550120209362
policy,94261,18702,18652,3379.8,261065,False,False,True,False,100,-1.3488898534145666
policy,94361,18722,18672,3383.6,261066,False,False,True,False,100,-1.310111038736819
policy,94453,18740,18690,3387.1,261067,False,False,False,True,92,-1.3183565420433982
policy,94553,18760,18710,3391.0,261068,False,False,True,False,100,-1.2516011456658487
policy,94653,18780,18730,3395.1,261069,False,False,True,False,100,-1.3365906244959895
policy,94753,18800,18750,3399.0,261070,False,False,True,False,100,-1.4365891890769027
policy,94853,18820,18770,3402.9,261071,False,False,True,False,100,-1.2601742453195786
policy,94953,18840,18790,3406.5,261072,False,False,True,False,100,-1.430427425238935
policy,95053,18860,18810,3410.2,261073,False,False,True,False,100,-1.537451714851744
policy,95153,18880,18830,3413.9,261074,False,False,True,False,100,-1.4646630471801045
policy,95253,18900,18850,3417.6,261075,False,False,True,False,100,-1.3673237720606393
policy,95353,18920,18870,3421.5,261076,False,False,True,False,100,-1.6575760279285705
policy,95453,18940,18890,3425.4,261077,False,True,True,False,100,-1.6042136479494564
policy,95553,18960,18910,3429.3,261078,False,False,True,False,100,-1.0847680305587046
policy,95634,18976,18926,3432.5,261079,False,False,False,True,81,-1.258268243074753
policy,95734,18996,18946,3436.5,261080,False,False,True,False,100,-1.243744374658631
policy,95834,19016,18966,3440.2,261081,False,False,True,False,100,-1.6145703793177675
policy,95915,19032,18982,3443.1,261082,False,False,False,True,81,-1.06754501426219
policy,96015,19052,19002,3446.9,261083,False,False,True,False,100,-1.3810764138890264
policy,96115,19072,19022,3450.6,261084,False,False,True,False,100,-1.48196867200642
policy,96215,19092,19042,3454.5,261085,False,False,True,False,100,-1.5419388607766082
policy,96315,19112,19062,3458.4,261086,False,False,True,False,100,-1.3681651888850688
policy,96415,19132,19082,3462.4,261087,False,False,True,False,100,-1.5738815607994123
policy,96515,19152,19102,3466.4,261088,False,False,True,False,100,-1.2268084182356511
policy,96615,19172,19122,3470.4,261089,False,False,True,False,100,-1.5809058465535202
policy,96690,19187,19137,3473.5,261090,False,False,False,True,75,-0.9620902351853318
policy,96790,19207,19157,3477.3,261091,False,False,True,False,100,-1.2825180678941135
policy,96890,19227,19177,3481.1,261092,False,False,True,False,100,-1.4650384336092896
policy,96990,19247,19197,3485.0,261093,False,False,True,False,100,-1.791909026057855
policy,97044,19258,19208,3487.0,261094,False,False,False,True,54,-1.0138782664924157
policy,97105,19270,19220,3489.3,261095,False,False,False,True,61,-1.0542651072423503
policy,97205,19290,19240,3493.1,261096,False,False,True,False,100,-1.4517036159999805
policy,97305,19310,19260,3497.0,261097,False,False,True,False,100,-1.4307520678605512
policy,97405,19330,19280,3500.9,261098,False,False,True,False,100,-1.0875948074151678
policy,97447,19339,19289,3502.7,261099,False,False,False,True,42,-0.965884967189042
policy,97547,19359,19309,3506.7,261100,False,False,True,False,100,-1.3948413579576522
policy,97569,19363,19313,3507.5,261101,False,False,False,True,22,-0.8461166456300305
policy,97669,19383,19333,3511.5,261102,False,False,True,False,100,-1.4422629372398732
policy,97769,19403,19353,3515.3,261103,False,False,True,False,100,-1.4623365427067938
policy,97822,19414,19364,3517.3,261104,False,False,False,True,53,-1.0704904764646155
policy,97922,19434,19384,3521.1,261105,False,True,True,False,100,-1.50777342992721
policy,98022,19454,19404,3524.8,261106,False,False,True,False,100,-1.2605750741760269
policy,98028,19455,19405,3525.0,261107,False,False,False,True,6,-0.709408498510133
policy,98117,19473,19423,3528.4,261108,False,False,False,True,89,-1.2874653190540242
policy,98217,19493,19443,3532.2,261109,False,False,True,False,100,-1.5200438761088213
policy,98309,19511,19461,3535.8,261110,False,False,False,True,92,-1.382588360753187
policy,98409,19531,19481,3539.7,261111,False,True,True,False,100,-1.6903972780375198
policy,98452,19540,19490,3541.5,261112,False,False,False,True,43,-1.2776896878286956
policy,98544,19558,19508,3545.1,261113,False,False,False,True,92,-1.2756697892471236
policy,98644,19578,19528,3548.9,261114,False,False,True,False,100,-1.16794323464958
policy,98656,19581,19531,3549.5,261115,False,False,False,True,12,-0.6490495915698402
policy,98756,19601,19551,3553.2,261116,False,False,True,False,100,-1.1041377221548123
policy,98856,19621,19571,3556.9,261117,False,False,True,False,100,-1.3523320284230473
policy,98956,19641,19591,3560.6,261118,False,False,True,False,100,-1.2315929059283586
policy,98976,19645,19595,3561.4,261119,False,False,False,True,20,-0.9995988334778345
policy,99076,19665,19615,3565.1,261120,False,False,True,False,100,-1.1189008163474252
policy,99176,19685,19635,3568.7,261121,False,False,True,False,100,-1.238419527629449
policy,99276,19705,19655,3572.5,261122,False,False,True,False,100,-1.3068803744439692
policy,99341,19718,19668,3574.9,261123,False,False,False,True,65,-1.3045419163606353
policy,99437,19737,19687,3578.5,261124,False,False,False,True,96,-1.495289999997508
policy,99457,19741,19691,3579.2,261125,False,False,False,True,20,-0.9502205921887525
policy,99557,19761,19711,3583.0,261126,False,False,True,False,100,-1.4912342706808168
policy,99657,19781,19731,3586.9,261127,False,False,True,False,100,-1.4401577968624084
policy,99754,19800,19750,3590.7,261128,False,False,False,True,97,-1.3093228875908902
policy,99854,19820,19770,3594.7,261129,False,False,True,False,100,-1.79999067228337
policy,99954,19840,19790,3598.5,261130,False,False,True,False,100,-1.3634472728746259
policy,100054,19860,19810,3602.5,261131,False,False,True,False,100,-1.3906659689129612
policy,100138,19877,19827,3605.9,261132,False,False,False,True,84,-1.3381434768185452
policy,100172,19884,19834,3607.7,261133,False,False,False,True,34,-0.9120833638487945
policy,100272,19904,19854,3611.6,261134,False,False,True,False,100,-1.635683699604684
policy,100372,19924,19874,3615.4,261135,False,False,True,False,100,-1.2545257000279275
policy,100472,19944,19894,3619.3,261136,False,False,True,False,100,-1.4944788845689994
policy,100572,19964,19914,3623.2,261137,False,False,True,False,100,-1.2186882693197607
policy,100672,19984,19934,3627.2,261138,False,False,True,False,100,-1.1836526556867835
policy,100745,19998,19948,3630.1,261139,False,False,False,True,73,-1.0902035102314003
policy,100779,20005,19955,3631.6,261140,False,False,False,True,34,-0.7265898417521731
policy,100879,20025,19975,3635.6,261141,False,False,True,False,100,-1.6718846568481442
policy,100979,20045,19995,3639.3,261142,False,False,True,False,100,-1.3354716706876035
policy,101078,20065,20015,3643.1,261143,False,False,False,True,99,-1.4618555188474915
policy,101178,20085,20035,3647.0,261144,False,False,True,False,100,-1.2450551893912698
policy,101278,20105,20055,3650.8,261145,False,False,True,False,100,-1.1018189723239915
policy,101378,20125,20075,3654.7,261146,False,False,True,False,100,-1.3896425886199824
policy,101478,20145,20095,3658.5,261147,False,False,True,False,100,-1.6266836069783261
policy,101578,20165,20115,3662.4,261148,False,False,True,False,100,-1.2102161875562303
policy,101678,20185,20135,3666.4,261149,False,False,True,False,100,-1.304705130087212
policy,101772,20204,20154,3670.1,261150,False,False,False,True,94,-1.4695608109124294
policy,101872,20224,20174,3674.1,261151,False,True,True,False,100,-1.423613737239028
policy,101972,20244,20194,3677.8,261152,False,False,True,False,100,-1.6233296515143076
policy,102072,20264,20214,3681.7,261153,False,False,True,False,100,-1.6003823364564973
policy,102172,20284,20234,3685.5,261154,False,False,True,False,100,-1.1963900791718258
policy,102272,20304,20254,3689.3,261155,False,False,True,False,100,-1.4174140100554766
policy,102372,20324,20274,3693.2,261156,False,False,True,False,100,-1.3275451677262669
policy,102458,20341,20291,3696.6,261157,False,False,False,True,86,-1.5048545660282553
policy,102558,20361,20311,3700.4,261158,False,False,True,False,100,-1.167276666635931
policy,102658,20381,20331,3704.2,261159,False,False,True,False,100,-1.3890877231070105
policy,102758,20401,20351,3708.1,261160,False,False,True,False,100,-1.6439312077999708
policy,102858,20421,20371,3711.9,261161,False,False,True,False,100,-1.6549772975406687
policy,102958,20441,20391,3715.6,261162,False,False,True,False,100,-1.144052837825236
policy,103058,20461,20411,3719.3,261163,False,False,True,False,100,-1.5843638748731608
policy,103158,20481,20431,3723.0,261164,False,False,True,False,100,-1.2196610745813814
policy,103258,20501,20451,3726.8,261165,False,False,True,False,100,-1.4054695148010952
policy,103293,20508,20458,3728.2,261166,False,False,False,True,35,-1.008424430744868
policy,103393,20528,20478,3732.2,261167,False,False,True,False,100,-1.2339296636981567
policy,103432,20536,20486,3733.8,261168,False,False,False,True,39,-0.9234908515126643
policy,103532,20556,20506,3737.8,261169,False,False,True,False,100,-1.4688778300007006
policy,103579,20565,20515,3739.6,261170,False,False,False,True,47,-0.879937987824351
policy,103679,20585,20535,3743.5,261171,False,False,True,False,100,-1.2998391229176918
policy,103779,20605,20555,3747.6,261172,False,False,True,False,100,-1.4439811949035515
policy,103879,20625,20575,3751.7,261173,False,False,True,False,100,-1.8120186611864373
policy,103945,20638,20588,3754.3,261174,False,False,False,True,66,-0.9473469764499982
policy,104045,20658,20608,3758.1,261175,False,False,True,False,100,-1.5159920132326383
policy,104145,20678,20628,3762.0,261176,False,False,True,False,100,-1.7324559667378368
policy,104245,20698,20648,3765.8,261177,False,False,True,False,100,-1.781901664779515
policy,104345,20718,20668,3769.6,261178,False,False,True,False,100,-1.5153844665597103
policy,104445,20738,20688,3773.4,261179,False,False,True,False,100,-1.3619483628936642
policy,104545,20758,20708,3777.2,261180,False,False,True,False,100,-1.1515724099296272
policy,104613,20772,20722,3780.0,261181,False,False,False,True,68,-1.2640433977897994
policy,104713,20792,20742,3784.1,261182,False,False,True,False,100,-1.5962299884262812
policy,104770,20803,20753,3786.3,261183,False,False,False,True,57,-0.9281687748628785
policy,104870,20823,20773,3790.3,261184,False,False,True,False,100,-1.8700852674615007
policy,104970,20843,20793,3794.2,261185,False,False,True,False,100,-1.5535600863851124
policy,105070,20863,20813,3798.1,261186,False,False,True,False,100,-1.4802793985349005
policy,105170,20883,20833,3801.9,261187,False,False,True,False,100,-1.2453835715240507
policy,105270,20903,20853,3805.7,261188,False,False,True,False,100,-1.1878728764623614
policy,105336,20917,20867,3808.6,261189,False,False,False,True,66,-0.9719876557996491
policy,105436,20937,20887,3812.3,261190,False,False,True,False,100,-1.1914099110928154
policy,105536,20957,20907,3815.9,261191,False,True,True,False,100,-1.7425172805543614
policy,105580,20965,20915,3817.5,261192,False,False,False,True,44,-0.8502692786156724
policy,105679,20985,20935,3821.2,261193,False,False,False,True,99,-1.5041021982854348
policy,105779,21005,20955,3825.0,261194,False,False,True,False,100,-1.1807955109807262
policy,105788,21007,20957,3825.4,261195,False,False,False,True,9,-0.6978754150384262
policy,105839,21017,20967,3827.3,261196,False,False,False,True,51,-1.0787432610895624
policy,105939,21037,20987,3831.1,261197,False,False,True,False,100,-1.3695826745534299
policy,106039,21057,21007,3835.0,261198,False,False,True,False,100,-1.3720639848194174
policy,106139,21077,21027,3838.9,261199,False,False,True,False,100,-1.4590497708028716
policy,106239,21097,21047,3842.9,261200,False,False,True,False,100,-1.1437193976390496
policy,106309,21111,21061,3845.7,261201,False,False,False,True,70,-1.0032878080430332
policy,106409,21131,21081,3849.5,261202,False,False,True,False,100,-1.1392128245121151
policy,106439,21137,21087,3850.6,261203,False,False,False,True,30,-0.813692084444541
policy,106539,21157,21107,3854.3,261204,False,False,True,False,100,-1.315706799207498
policy,106639,21177,21127,3858.0,261205,False,True,True,False,100,-1.7853329620437997
policy,106739,21197,21147,3861.8,261206,False,False,True,False,100,-1.2877725457358014
policy,106839,21217,21167,3865.7,261207,False,False,True,False,100,-1.3470661273153306
policy,106883,21226,21176,3867.5,261208,False,False,False,True,44,-0.8833936185268686
policy,106983,21246,21196,3871.4,261209,False,False,True,False,100,-1.3854700096169505
policy,107083,21266,21216,3875.6,261210,False,False,True,False,100,-1.3499869664428288
policy,107183,21286,21236,3879.7,261211,False,False,True,False,100,-1.244231969971075
policy,107283,21306,21256,3883.7,261212,False,False,True,False,100,-1.7355701981835265
policy,107383,21326,21276,3887.6,261213,False,False,True,False,100,-1.2105454475842639
policy,107483,21346,21296,3891.7,261214,False,False,True,False,100,-1.2316079967929139
policy,107538,21357,21307,3893.9,261215,False,False,False,True,55,-1.1308624122907465
policy,107638,21377,21327,3897.5,261216,False,False,True,False,100,-1.0965865577977887
policy,107738,21397,21347,3901.4,261217,False,False,True,False,100,-1.2884518966121203
policy,107838,21417,21367,3905.2,261218,False,False,True,False,100,-1.6027233172730815
policy,107938,21437,21387,3909.4,261219,False,False,True,False,100,-1.510805366002951
policy,107958,21441,21391,3910.1,261220,False,False,False,True,20,-0.7800582648252647
policy,108058,21461,21411,3914.1,261221,False,False,True,False,100,-1.5363894129354596
policy,108122,21474,21424,3916.7,261222,False,False,False,True,64,-1.0204150540659715
policy,108222,21494,21444,3920.7,261223,False,False,True,False,100,-1.2793211523159447
policy,108322,21514,21464,3924.9,261224,False,False,True,False,100,-1.2543130491220338
policy,108420,21533,21483,3928.9,261225,False,False,False,True,98,-1.4130437077055018
policy,108520,21553,21503,3932.8,261226,False,False,True,False,100,-1.5392798821633416
policy,108620,21573,21523,3936.6,261227,False,False,True,False,100,-1.2480780551819837
policy,108715,21592,21542,3940.7,261228,False,False,False,True,95,-1.5651180628189372
policy,108794,21608,21558,3943.7,261229,False,False,False,True,79,-0.9710911698957138
policy,108894,21628,21578,3947.5,261230,False,False,True,False,100,-1.5399666103161276
policy,108994,21648,21598,3951.3,261231,False,False,True,False,100,-1.2472980473813067
policy,109094,21668,21618,3955.1,261232,False,False,True,False,100,-1.350992787967595
policy,109194,21688,21638,3959.0,261233,False,True,True,False,100,-1.399633690965893
policy,109294,21708,21658,3963.0,261234,False,False,True,False,100,-1.6050790169290474
policy,109394,21728,21678,3967.0,261235,False,False,True,False,100,-1.1556156878501729
policy,109494,21748,21698,3971.0,261236,False,False,True,False,100,-1.4894193302775989
policy,109594,21768,21718,3975.1,261237,False,False,True,False,100,-1.2927275159067053
policy,109694,21788,21738,3979.1,261238,False,False,True,False,100,-1.2788795431129665
policy,109794,21808,21758,3982.9,261239,False,False,True,False,100,-1.0713500910291716
policy,109894,21828,21778,3986.7,261240,False,False,True,False,100,-1.3488532087191178
policy,109983,21846,21796,3990.1,261241,False,False,False,True,89,-1.1844143043730622
policy,110083,21866,21816,3994.0,261242,False,False,True,False,100,-1.4846003049351553
policy,110183,21886,21836,3997.9,261243,False,False,False,True,100,-1.3244422512460639
policy,110229,21895,21845,3999.7,261244,False,False,False,True,46,-1.1031477493255382
policy,110261,21902,21852,4001.1,261245,False,False,False,True,32,-0.8371811504856705
policy,110361,21922,21872,4005.2,261246,False,False,True,False,100,-1.356271584473438
policy,110461,21942,21892,4009.3,261247,False,False,True,False,100,-1.3850389132001766
policy,110561,21962,21912,4013.4,261248,False,False,True,False,100,-1.3495052337637554
policy,110648,21979,21929,4016.9,261249,False,False,False,True,87,-1.3925235103193971
policy,110710,21991,21941,4019.2,261250,False,False,False,True,62,-1.2773509774603045
policy,110810,22011,21961,4023.0,261251,False,False,True,False,100,-1.6395842891470607
policy,110910,22031,21981,4026.9,261252,False,False,True,False,100,-1.3868471406421816
policy,111010,22051,22001,4030.7,261253,False,False,True,False,100,-1.4212447785756444
policy,111110,22071,22021,4034.5,261254,False,False,True,False,100,-1.2639693843910704
policy,111210,22091,22041,4038.2,261255,False,False,True,False,100,-1.6037504385338202
policy,111310,22111,22061,4042.0,261256,False,False,True,False,100,-1.1915548939858782
policy,111410,22131,22081,4045.8,261257,False,False,True,False,100,-1.421210342833615
policy,111510,22151,22101,4049.7,261258,False,False,True,False,100,-1.353140037429994
policy,111610,22171,22121,4053.5,261259,False,False,True,False,100,-1.3701158381483431
policy,111710,22191,22141,4057.3,261260,False,False,True,False,100,-1.1795175831440097
policy,111810,22211,22161,4061.2,261261,False,False,True,False,100,-1.0984844928849533
policy,111869,22223,22173,4063.4,261262,False,False,False,True,59,-1.4149951130577585
policy,111969,22243,22193,4067.2,261263,False,False,True,False,100,-1.6363212494119819
policy,112069,22263,22213,4071.0,261264,False,False,True,False,100,-1.1087820977005227
policy,112169,22283,22233,4074.8,261265,False,False,True,False,100,-1.284178952920863
policy,112269,22303,22253,4078.6,261266,False,False,True,False,100,-1.4389815953605818
policy,112369,22323,22273,4082.5,261267,False,False,True,False,100,-1.380533308601077
policy,112469,22343,22293,4086.5,261268,False,False,True,False,100,-1.2284433658355745
policy,112569,22363,22313,4090.5,261269,False,False,True,False,100,-1.337915737543614
policy,112669,22383,22333,4094.5,261270,False,False,True,False,100,-1.4492953414076064
policy,112769,22403,22353,4098.6,261271,False,False,True,False,100,-1.2469116240344524
policy,112865,22422,22372,4102.5,261272,False,False,False,True,96,-1.2176126292981182
policy,112965,22442,22392,4106.3,261273,False,False,True,False,100,-1.1285196926304129
policy,113065,22462,22412,4110.1,261274,False,False,True,False,100,-1.212476665653318
policy,113152,22480,22430,4113.5,261275,False,False,False,True,87,-1.0335394741537804
policy,113252,22500,22450,4117.2,261276,False,False,True,False,100,-1.4902630496551688
policy,113289,22507,22457,4118.6,261277,False,False,False,True,37,-1.156208185792765
policy,113389,22527,22477,4122.4,261278,False,False,True,False,100,-1.2867512921795425
policy,113447,22539,22489,4124.7,261279,False,False,False,True,58,-0.9736572531866883
policy,113547,22559,22509,4128.5,261280,False,False,True,False,100,-1.2819335652027994
policy,113647,22579,22529,4132.4,261281,False,False,True,False,100,-1.577609949486003
policy,113742,22598,22548,4136.2,261282,False,False,False,True,95,-1.1437970479549588
policy,113842,22618,22568,4140.1,261283,False,False,True,False,100,-1.5616320817241038
policy,113942,22638,22588,4144.0,261284,False,True,False,True,100,-1.448211867881769
policy,113967,22643,22593,4145.0,261285,False,False,False,True,25,-0.7544647827838986
policy,114067,22663,22613,4148.9,261286,False,False,True,False,100,-1.374077369956669
policy,114167,22683,22633,4152.6,261287,False,False,True,False,100,-1.102652262211017
policy,114267,22703,22653,4156.3,261288,False,False,True,False,100,-1.3618404295215882
policy,114367,22723,22673,4160.1,261289,False,False,True,False,100,-1.6412925309931985
policy,114467,22743,22693,4164.0,261290,False,False,True,False,100,-1.4347981309527422
policy,114567,22763,22713,4167.9,261291,False,False,True,False,100,-1.6882821563557258
policy,114667,22783,22733,4171.9,261292,False,False,True,False,100,-1.5513432862337622
policy,114699,22789,22739,4173.1,261293,False,False,False,True,32,-0.7654248978807863
policy,114799,22809,22759,4177.2,261294,False,False,True,False,100,-1.5266310391346547
policy,114899,22829,22779,4181.3,261295,False,False,True,False,100,-1.3469480461150407
policy,114999,22849,22799,4185.4,261296,False,False,True,False,100,-1.6517983609314197
policy,115028,22855,22805,4186.6,261297,False,False,False,True,29,-1.0868108900397526
policy,115128,22875,22825,4190.3,261298,False,False,True,False,100,-1.7173722960087863
policy,115194,22888,22838,4192.8,261299,False,False,False,True,66,-1.2325115405476956
policy,115294,22908,22858,4196.5,261300,False,False,True,False,100,-1.100275468468725
policy,115394,22928,22878,4200.4,261301,False,False,True,False,100,-1.5881475853377753
policy,115494,22948,22898,4204.5,261302,False,False,True,False,100,-1.306554422019684
policy,115594,22968,22918,4208.8,261303,False,False,True,False,100,-1.4845352526434077
policy,115694,22988,22938,4212.8,261304,False,False,True,False,100,-1.4869519863308136
policy,115794,23008,22958,4216.8,261305,False,False,True,False,100,-1.3116407384404694
policy,115894,23028,22978,4220.7,261306,False,False,True,False,100,-1.317825815568296
policy,115994,23048,22998,4224.8,261307,False,False,True,False,100,-1.5503429600646137
policy,116094,23068,23018,4228.8,261308,False,True,True,False,100,-1.5818951148866742
policy,116194,23088,23038,4232.7,261309,False,False,True,False,100,-1.2102812908288048
policy,116220,23093,23043,4233.7,261310,False,False,False,True,26,-0.8403765559370404
policy,116239,23097,23047,4234.4,261311,False,False,False,True,19,-0.8001973410018024
policy,116339,23117,23067,4238.2,261312,False,False,True,False,100,-1.6019973157023024
policy,116439,23137,23087,4242.2,261313,False,False,True,False,100,-1.0887888043009861
policy,116493,23148,23098,4244.3,261314,False,False,False,True,54,-1.1282844385960356
policy,116593,23168,23118,4248.2,261315,False,False,True,False,100,-1.4687328443023433
policy,116693,23188,23138,4252.0,261316,False,False,True,False,100,-1.1313160940845668
policy,116793,23208,23158,4255.9,261317,False,False,True,False,100,-1.571111378272572
policy,116893,23228,23178,4259.8,261318,False,False,True,False,100,-1.5965784908846006
policy,116993,23248,23198,4263.6,261319,False,False,True,False,100,-1.5035590429363286
policy,117093,23268,23218,4267.4,261320,False,False,True,False,100,-1.4289105801487498
policy,117193,23288,23238,4271.2,261321,False,False,True,False,100,-1.242389903289702
policy,117293,23308,23258,4274.9,261322,False,False,True,False,100,-1.5184210590327625
policy,117393,23328,23278,4278.7,261323,False,False,True,False,100,-1.3488805243006854
policy,117416,23333,23283,4279.6,261324,False,False,False,True,23,-0.8467428005504842
policy,117516,23353,23303,4283.4,261325,False,False,True,False,100,-1.7283642329429636
policy,117591,23368,23318,4286.3,261326,False,False,False,True,75,-1.4196975383552322
policy,117691,23388,23338,4290.2,261327,False,False,True,False,100,-1.3374621242708038
policy,117791,23408,23358,4294.0,261328,False,False,True,False,100,-1.1702005418470647
policy,117891,23428,23378,4297.8,261329,False,False,True,False,100,-1.3658767699494863
policy,117991,23448,23398,4301.8,261330,False,False,True,False,100,-1.4364466395607987
policy,118091,23468,23418,4305.8,261331,False,False,True,False,100,-1.2211341182928837
policy,118126,23475,23425,4307.2,261332,False,False,False,True,35,-1.034175248481558
policy,118226,23495,23445,4311.4,261333,False,False,True,False,100,-1.168536706621842
policy,118326,23515,23465,4315.6,261334,False,False,True,False,100,-1.680067945600384
policy,118396,23529,23479,4318.6,261335,False,False,False,True,70,-1.2341178420036354
policy,118496,23549,23499,4322.8,261336,False,False,True,False,100,-1.2970540378046975
policy,118596,23569,23519,4326.6,261337,False,False,True,False,100,-1.2587340826776179
policy,118696,23589,23539,4330.4,261338,False,False,True,False,100,-1.328991091039942
policy,118796,23609,23559,4334.3,261339,False,False,True,False,100,-1.1277206080197053
policy,118855,23620,23570,4336.4,261340,False,False,False,True,59,-1.065348954350187
policy,118927,23635,23585,4339.4,261341,False,False,False,True,72,-1.1685112495840526
policy,118950,23639,23589,4340.2,261342,False,False,False,True,23,-0.8951516898412035
policy,119050,23659,23609,4344.2,261343,False,False,True,False,100,-1.3935834211871478
policy,119092,23668,23618,4345.9,261344,False,False,False,True,42,-0.8575889178262732
policy,119170,23683,23633,4348.9,261345,False,False,False,True,78,-1.4896921267975585
policy,119270,23703,23653,4352.9,261346,False,False,True,False,100,-1.693348052554228
policy,119370,23723,23673,4356.7,261347,False,False,True,False,100,-1.1882458964370404
policy,119470,23743,23693,4360.6,261348,False,False,True,False,100,-1.4475558996184466
policy,119570,23763,23713,4364.2,261349,False,False,True,False,100,-1.5122108463606767
policy,119670,23783,23733,4368.0,261350,False,False,True,False,100,-1.7650741589277636
policy,119770,23803,23753,4371.7,261351,False,False,True,False,100,-1.2380403965370674
policy,119870,23823,23773,4375.5,261352,False,False,True,False,100,-1.1370954592018454
policy,119970,23843,23793,4379.4,261353,False,False,True,False,100,-1.52412234191394
policy,120070,23863,23813,4382.8,261354,False,False,True,False,100,-1.675078744689723
policy,120170,23883,23833,4386.3,261355,False,False,True,False,100,-1.1334252991175882
policy,120270,23903,23853,4389.7,261356,False,False,True,False,100,-1.5014820049175701
policy,120370,23923,23873,4393.1,261357,False,False,True,False,100,-1.2719525380576542
policy,120470,23943,23893,4396.5,261358,False,False,True,False,100,-1.3575642720420942
policy,120570,23963,23913,4400.0,261359,False,False,True,False,100,-1.5225644774877347
policy,120670,23983,23933,4403.3,261360,False,False,True,False,100,-1.1929196806375075
policy,120770,24003,23953,4406.6,261361,False,False,True,False,100,-1.7564487119980416
policy,120870,24023,23973,4409.9,261362,False,False,True,False,100,-1.5057373495414852
policy,120970,24043,23993,4413.2,261363,False,False,True,False,100,-1.462481223086637
policy,121070,24063,24013,4416.5,261364,False,False,True,False,100,-1.1996552778775351
policy,121170,24083,24033,4419.7,261365,False,False,True,False,100,-1.2451860881967203
policy,121270,24103,24053,4424.3,261366,False,False,True,False,100,-1.304175334194083
policy,121361,24122,24072,4427.9,261367,False,False,False,True,91,-1.0793270567870983
policy,121461,24142,24092,4431.3,261368,False,False,True,False,100,-1.5819711916745713
policy,121561,24162,24112,4434.8,261369,False,False,True,False,100,-1.446836285432904
policy,121661,24182,24132,4438.3,261370,False,False,True,False,100,-1.1953163762160752
policy,121685,24186,24136,4439.0,261371,False,False,False,True,24,-0.7340868457783538
policy,121785,24206,24156,4442.9,261372,False,False,True,False,100,-1.464906071977764
policy,121885,24226,24176,4446.7,261373,False,False,True,False,100,-1.3000718689014765
policy,121968,24243,24193,4449.5,261374,False,False,False,True,83,-1.49542057038847
policy,122068,24263,24213,4453.0,261375,False,False,True,False,100,-1.6532664236272128
policy,122168,24283,24233,4456.5,261376,False,False,True,False,100,-1.3774857025428515
policy,122264,24302,24252,4460.3,261377,False,False,False,True,96,-1.1354910453852387
policy,122364,24322,24272,4464.2,261378,False,False,True,False,100,-1.6235067420788718
policy,122464,24342,24292,4467.8,261379,False,False,True,False,100,-1.4656680314324362
policy,122564,24362,24312,4471.4,261380,False,False,True,False,100,-1.5959052145492643
policy,122653,24380,24330,4474.6,261381,False,False,False,True,89,-1.2588082435158523
policy,122666,24383,24333,4475.2,261382,False,False,False,True,13,-0.7278238526539484
policy,122766,24403,24353,4478.9,261383,False,False,True,False,100,-1.4681700881440576
policy,122866,24423,24373,4482.4,261384,False,False,True,False,100,-1.5943104380884643
policy,122912,24432,24382,4484.0,261385,False,False,False,True,46,-0.9934468345039609
policy,123012,24452,24402,4487.7,261386,False,False,True,False,100,-1.2044470074373146
policy,123063,24462,24412,4489.5,261387,False,False,False,True,51,-0.9457364867695498
policy,123163,24482,24432,4493.2,261388,False,False,True,False,100,-1.4609236903055527
policy,123263,24502,24452,4496.9,261389,False,True,True,False,100,-1.7212517417113258
policy,123363,24522,24472,4500.5,261390,False,False,True,False,100,-1.4088688006370507
policy,123463,24542,24492,4504.1,261391,False,False,True,False,100,-1.240130092475007
policy,123563,24562,24512,4507.7,261392,False,False,True,False,100,-1.83783454087156
policy,123663,24582,24532,4511.5,261393,False,False,True,False,100,-1.5329469277261745
policy,123763,24602,24552,4515.1,261394,False,False,True,False,100,-1.4935865658964338
policy,123863,24622,24572,4519.4,261395,False,False,True,False,100,-1.8282375153490715
policy,123881,24626,24576,4520.1,261396,False,False,False,True,18,-0.8632717292401678
policy,123981,24646,24596,4523.7,261397,False,False,True,False,100,-1.3771748618070383
policy,124081,24666,24616,4527.4,261398,False,False,True,False,100,-1.3640188503345878
policy,124171,24684,24634,4530.9,261399,False,False,False,True,90,-1.1703576900888248
policy,124181,24686,24636,4531.3,261400,False,False,False,True,10,-0.725058312557716
policy,124238,24697,24647,4533.4,261401,False,False,False,True,57,-1.180727321612768
policy,124338,24717,24667,4538.0,261402,False,False,True,False,100,-1.5525408246686832
policy,124438,24737,24687,4541.9,261403,False,False,True,False,100,-1.0976037206955707
policy,124496,24749,24699,4544.3,261404,False,False,False,True,58,-1.156422450875466
policy,124568,24763,24713,4547.2,261405,False,False,False,True,72,-1.2470976177761037
policy,124668,24783,24733,4551.3,261406,False,False,True,False,100,-1.2315774201646916
policy,124768,24803,24753,4555.3,261407,False,False,True,False,100,-1.224651802651067
policy,124868,24823,24773,4559.8,261408,False,False,True,False,100,-1.2334660745832486
policy,124924,24834,24784,4562.1,261409,False,False,False,True,56,-0.9065282352351373
policy,125024,24854,24804,4566.2,261410,False,False,True,False,100,-1.3869785576178466
policy,125124,24874,24824,4569.9,261411,False,False,True,False,100,-1.4065136886902285
policy,125224,24894,24844,4573.8,261412,False,False,True,False,100,-1.4796143379892683
policy,125289,24907,24857,4576.3,261413,False,False,False,True,65,-1.1418530711152632
policy,125324,24914,24864,4577.6,261414,False,False,False,True,35,-0.8495220897674312
policy,125378,24925,24875,4579.7,261415,False,False,False,True,54,-0.9333679408183275
policy,125478,24945,24895,4583.4,261416,False,False,True,False,100,-1.7791841597441662
policy,125578,24965,24915,4587.0,261417,False,False,True,False,100,-1.6440318289568259
policy,125604,24970,24920,4588.0,261418,False,False,False,True,26,-1.0339957030457478
policy,125704,24990,24940,4591.8,261419,False,False,True,False,100,-1.5905332266544023
policy,125804,25010,24960,4595.8,261420,False,False,True,False,100,-1.1896777983506401
policy,125816,25013,24963,4596.4,261421,False,False,False,True,12,-0.9077742100106856
policy,125908,25031,24981,4600.1,261422,False,False,False,True,92,-1.036137500857189
policy,125937,25037,24987,4601.4,261423,False,False,False,True,29,-0.746047015573113
policy,126037,25057,25007,4605.3,261424,False,False,True,False,100,-1.4631378603856613
policy,126137,25077,25027,4609.1,261425,False,False,True,False,100,-1.3843252203973408
policy,126237,25097,25047,4613.0,261426,False,False,True,False,100,-1.1848925382309552
policy,126256,25101,25051,4613.8,261427,False,False,False,True,19,-0.6387740272137057
policy,126356,25121,25071,4617.6,261428,False,False,True,False,100,-1.0904494204510726
policy,126456,25141,25091,4621.5,261429,False,False,True,False,100,-1.2857154978121912
policy,126556,25161,25111,4625.3,261430,False,False,True,False,100,-1.0975683958910603
policy,126656,25181,25131,4629.0,261431,False,False,True,False,100,-1.24354158964888
policy,126756,25201,25151,4632.7,261432,False,False,True,False,100,-1.232810748030982
policy,126856,25221,25171,4636.4,261433,False,False,True,False,100,-1.3082948435039097
policy,126956,25241,25191,4640.1,261434,False,False,True,False,100,-1.743683632735557
policy,127056,25261,25211,4644.0,261435,False,False,True,False,100,-1.4683224900693133
policy,127156,25281,25231,4647.8,261436,False,False,True,False,100,-1.4080681079453705
policy,127256,25301,25251,4651.6,261437,False,False,True,False,100,-1.1871529739788893
policy,127356,25321,25271,4655.6,261438,False,False,True,False,100,-1.7151405621972533
policy,127456,25341,25291,4659.7,261439,False,False,True,False,100,-1.6481504312934474
policy,127468,25343,25293,4660.1,261440,False,False,False,True,12,-0.7691559155355283
policy,127568,25363,25313,4664.1,261441,False,False,True,False,100,-1.264611534476306
policy,127655,25380,25330,4667.3,261442,False,False,False,True,87,-1.0800952440387028
policy,127748,25399,25349,4670.8,261443,False,False,False,True,93,-1.3573617661412327
policy,127848,25419,25369,4674.5,261444,False,False,True,False,100,-1.3425071048967998
policy,127937,25437,25387,4677.9,261445,False,False,False,True,89,-1.4871246236784592
policy,128037,25457,25407,4681.6,261446,False,False,True,False,100,-1.4970181054949823
policy,128137,25477,25427,4685.2,261447,False,False,True,False,100,-1.4703224386024416
policy,128237,25497,25447,4688.8,261448,False,False,True,False,100,-1.3679526319025839
policy,128337,25517,25467,4692.5,261449,False,False,True,False,100,-1.4596176625917385
policy,128434,25536,25486,4696.0,261450,False,False,False,True,97,-1.151774929831406
policy,128534,25556,25506,4699.7,261451,False,False,True,False,100,-1.3584002772381485
policy,128634,25576,25526,4703.4,261452,False,False,True,False,100,-1.1509297980498014
policy,128734,25596,25546,4707.2,261453,False,False,True,False,100,-1.5661367395363976
policy,128834,25616,25566,4710.8,261454,False,False,True,False,100,-1.415597853665103
policy,128927,25635,25585,4714.3,261455,False,False,False,True,93,-1.293759765766902
policy,129027,25655,25605,4718.0,261456,False,False,True,False,100,-1.6043003172047041
policy,129039,25657,25607,4718.4,261457,False,False,False,True,12,-0.8798720865179733
policy,129047,25659,25609,4718.7,261458,False,False,False,True,8,-0.8744009382051124
policy,129147,25679,25629,4722.3,261459,False,False,True,False,100,-1.603691235064765
policy,129247,25699,25649,4726.0,261460,False,False,True,False,100,-1.2460691580299788
policy,129278,25705,25655,4727.1,261461,False,False,False,True,31,-0.7296189734296387
policy,129371,25724,25674,4730.5,261462,False,False,False,True,93,-1.222362060300041
policy,129471,25744,25694,4734.2,261463,False,False,True,False,100,-1.7581699820352255
policy,129571,25764,25714,4737.9,261464,False,False,True,False,100,-1.2641499896656248
policy,129590,25767,25717,4738.5,261465,False,False,False,True,19,-0.8238327268693797
policy,129690,25787,25737,4742.2,261466,False,False,True,False,100,-1.1314597916133895
policy,129790,25807,25757,4746.0,261467,False,False,True,False,100,-1.4449396888487267
policy,129875,25824,25774,4749.3,261468,False,False,False,True,85,-1.1297207348664806
policy,129964,25842,25792,4752.8,261469,False,False,False,True,89,-1.4448634271665282
policy,130064,25862,25812,4756.7,261470,False,False,True,False,100,-1.394779824691733
policy,130164,25882,25832,4760.5,261471,False,False,True,False,100,-1.4353782720588941
policy,130264,25902,25852,4764.1,261472,False,False,True,False,100,-1.4499339160374407
policy,130364,25922,25872,4767.7,261473,False,False,True,False,100,-1.8574257771543294
policy,130464,25942,25892,4771.4,261474,False,False,True,False,100,-1.6185070261701386
policy,130564,25962,25912,4775.2,261475,False,False,True,False,100,-1.6668606081408883
policy,130664,25982,25932,4779.0,261476,False,False,True,False,100,-1.351453623362521
policy,130764,26002,25952,4783.0,261477,False,False,True,False,100,-1.5302471273882872
policy,130864,26022,25972,4787.0,261478,False,False,True,False,100,-1.567055139083432
policy,130964,26042,25992,4791.0,261479,False,False,True,False,100,-1.230766844637206
policy,131015,26052,26002,4793.0,261480,False,False,False,True,51,-1.2094418665012412
policy,131115,26072,26022,4796.9,261481,False,False,True,False,100,-1.1129993880225828
policy,131215,26092,26042,4800.6,261482,False,False,True,False,100,-1.2676686453029897
policy,131315,26112,26062,4804.4,261483,False,False,True,False,100,-1.1270491621388583
policy,131415,26132,26082,4808.1,261484,False,False,True,False,100,-1.361597990383049
policy,131515,26152,26102,4812.3,261485,False,False,True,False,100,-1.4733970218805923
policy,131615,26172,26122,4816.1,261486,False,False,True,False,100,-1.2820562464382625
policy,131715,26192,26142,4820.1,261487,False,False,True,False,100,-1.3637665167074824
policy,131815,26212,26162,4824.1,261488,False,False,True,False,100,-1.581661307544092
policy,131915,26232,26182,4828.2,261489,False,False,True,False,100,-1.1534952743719222
policy,132015,26252,26202,4832.2,261490,False,False,True,False,100,-1.463498985427244
policy,132115,26272,26222,4836.1,261491,False,False,True,False,100,-1.3959884441737618
policy,132179,26285,26235,4838.5,261492,False,False,False,True,64,-1.0527393552966804
policy,132279,26305,26255,4842.1,261493,False,False,True,False,100,-1.09180005245115
policy,132379,26325,26275,4845.8,261494,False,False,True,False,100,-1.321709465017736
policy,132479,26345,26295,4849.4,261495,False,False,True,False,100,-1.4411478313780641
policy,132579,26365,26315,4853.0,261496,False,False,True,False,100,-1.3834148419418022
policy,132679,26385,26335,4856.7,261497,False,False,True,False,100,-1.7246014001254353
policy,132779,26405,26355,4860.9,261498,False,False,True,False,100,-1.2497427679787718
policy,132879,26425,26375,4864.9,261499,False,False,True,False,100,-1.2005934403448322
policy,132979,26445,26395,4868.8,261500,False,False,True,False,100,-1.25123583393841
policy,133079,26465,26415,4872.6,261501,False,False,True,False,100,-1.1675006043194998
policy,133179,26485,26435,4876.6,261502,False,False,True,False,100,-1.2159737204171632
policy,133279,26505,26455,4880.4,261503,False,False,True,False,100,-1.3950571814355361
policy,133379,26525,26475,4884.2,261504,False,False,True,False,100,-1.3985616143390154
policy,133479,26545,26495,4887.8,261505,False,False,True,False,100,-1.4129540439251493
policy,133579,26565,26515,4891.4,261506,False,False,True,False,100,-1.2606522805129514
policy,133679,26585,26535,4895.2,261507,False,False,True,False,100,-1.0811699604941636
policy,133779,26605,26555,4899.1,261508,False,False,True,False,100,-1.7425749961519983
policy,133879,26625,26575,4903.0,261509,False,False,True,False,100,-1.087035608369974
policy,133979,26645,26595,4906.9,261510,False,False,True,False,100,-1.6698974390100023
policy,134079,26665,26615,4910.6,261511,False,False,True,False,100,-1.3802878954190625
policy,134179,26685,26635,4914.2,261512,False,True,True,False,100,-1.8685253838303595
policy,134274,26704,26654,4917.8,261513,False,False,False,True,95,-1.4933023996117827
policy,134347,26719,26669,4920.6,261514,False,False,False,True,73,-0.9681094022436654
policy,134447,26739,26689,4924.6,261515,False,False,True,False,100,-1.0898560626327072
policy,134547,26759,26709,4928.6,261516,False,False,True,False,100,-1.712462312237589
policy,134556,26761,26711,4929.0,261517,False,False,False,True,9,-0.7100410467282372
policy,134656,26781,26731,4932.7,261518,False,False,True,False,100,-1.3226479603439838
policy,134756,26801,26751,4936.6,261519,False,False,True,False,100,-1.6792927027538127
policy,134856,26821,26771,4940.4,261520,False,False,True,False,100,-1.4551859635772053
policy,134956,26841,26791,4944.2,261521,False,False,True,False,100,-1.4809740572005474
policy,135056,26861,26811,4948.0,261522,False,False,True,False,100,-1.3023893226324113
policy,135156,26881,26831,4951.6,261523,False,False,True,False,100,-1.4858579445602622
policy,135239,26897,26847,4954.6,261524,False,False,False,True,83,-1.3439850432638263
policy,135339,26917,26867,4958.4,261525,False,False,True,False,100,-1.4628287335767303
policy,135439,26937,26887,4962.3,261526,False,False,True,False,100,-1.6230301059181027
policy,135527,26955,26905,4965.8,261527,False,False,False,True,88,-1.4590110590064893
policy,135627,26975,26925,4969.5,261528,False,False,True,False,100,-1.1373641504996461
policy,135727,26995,26945,4973.1,261529,False,False,True,False,100,-1.2473973741106645
policy,135827,27015,26965,4977.0,261530,False,False,True,False,100,-1.1453261703742008
policy,135840,27017,26967,4977.4,261531,False,False,False,True,13,-0.7502012061552257
policy,135940,27037,26987,4981.2,261532,False,False,True,False,100,-1.5026587546925763
policy,136040,27057,27007,4985.1,261533,False,False,True,False,100,-1.5394785450090025
policy,136140,27077,27027,4989.0,261534,False,False,True,False,100,-1.5294159780486605
policy,136222,27094,27044,4992.3,261535,False,False,False,True,82,-1.242910487197938
policy,136274,27104,27054,4994.1,261536,False,False,False,True,52,-1.2447368046110654
policy,136374,27124,27074,4997.7,261537,False,False,True,False,100,-1.2598463369578354
policy,136473,27144,27094,5001.4,261538,False,False,False,True,99,-1.2090350261297942
policy,136573,27164,27114,5005.1,261539,False,False,True,False,100,-1.5438495843370315
policy,136634,27176,27126,5007.4,261540,False,False,False,True,61,-1.0765332537679673
policy,136734,27196,27146,5011.5,261541,False,False,True,False,100,-1.360033067243116
policy,136823,27214,27164,5015.1,261542,False,False,False,True,89,-1.3955321875304003
policy,136882,27226,27176,5017.4,261543,False,False,False,True,59,-1.1003490889953669
policy,136967,27243,27193,5020.7,261544,False,False,False,True,85,-1.518650077389551
policy,137028,27255,27205,5023.0,261545,False,False,False,True,61,-1.1367803153687024
policy,137128,27275,27225,5027.3,261546,False,False,True,False,100,-1.6553619671740147
policy,137228,27295,27245,5031.3,261547,False,False,True,False,100,-1.6316515182143103
policy,137328,27315,27265,5035.3,261548,False,False,True,False,100,-1.4713361472119548
policy,137412,27332,27282,5038.7,261549,False,False,False,True,84,-0.9991964553993402
policy,137512,27352,27302,5042.7,261550,False,False,True,False,100,-1.214023289211568
policy,137612,27372,27322,5047.1,261551,False,False,True,False,100,-1.4797439459277872
