phase,env_steps,model_updates,ac_updates,elapsed_seconds,scene,success,pickup,timeout,oob,length,return_
prefill,100,0,0,0.9,250000,False,False,True,False,100,-1.3223818269350471
prefill,200,0,0,0.9,250001,False,False,True,False,100,-1.368535746512731
prefill,300,0,0,0.9,250002,False,False,True,False,100,-1.4904921352155056
prefill,400,0,0,1.0,250003,False,False,True,False,100,-1.3299339761661386
prefill,447,0,0,1.0,250004,False,False,False,True,47,-1.0192066226570602
prefill,547,0,0,1.0,250005,False,False,True,False,100,-1.4341195075107982
prefill,634,0,0,1.0,250006,False,False,False,True,87,-1.3149747365225353
prefill,700,0,0,1.0,250007,False,False,False,True,66,-1.1528117191358294
prefill,730,0,0,1.0,250008,False,False,False,True,30,-0.8601759190055405
prefill,830,0,0,1.0,250009,False,False,True,False,100,-1.3735628921569283
prefill,930,0,0,1.0,250010,False,False,True,False,100,-1.4084738776262942
prefill,1030,0,0,1.0,250011,False,False,True,False,100,-1.7784313976084947
policy,1130,69,19,20.5,250012,False,False,True,False,100,-1.1541921771650627
policy,1230,89,39,23.1,250013,False,False,True,False,100,-1.4389563599046902
policy,1330,109,59,25.6,250014,False,False,True,False,100,-1.1358350877596313
policy,1398,123,73,27.6,250015,False,False,False,True,68,-0.9786729233687792
policy,1498,143,93,30.4,250016,False,False,True,False,100,-1.4793731912821517
policy,1598,163,113,33.0,250017,False,False,True,False,100,-1.3609089906972014
policy,1698,183,133,35.5,250018,False,False,True,False,100,-1.6946090775760516
policy,1798,203,153,38.1,250019,False,True,True,False,100,-1.5085732333675912
policy,1844,212,162,39.2,250020,False,False,False,True,46,-0.8231446936763914
policy,1944,232,182,41.8,250021,False,False,True,False,100,-1.455818367368938
policy,2044,252,202,44.6,250022,False,False,True,False,100,-1.1192903190441843
policy,2144,272,222,47.3,250023,False,False,True,False,100,-1.235612150030009
policy,2244,292,242,49.9,250024,False,False,True,False,100,-1.5902988068810227
policy,2344,312,262,52.5,250025,False,False,True,False,100,-1.1433991100748928
policy,2444,332,282,55.1,250026,False,False,True,False,100,-1.2582645158043788
policy,2464,336,286,55.6,250027,False,False,False,True,20,-0.8651461003463845
policy,2564,356,306,58.4,250028,False,False,True,False,100,-1.4453535933434574
policy,2664,376,326,60.9,250029,False,False,True,False,100,-1.0426032209356668
policy,2764,396,346,63.6,250030,False,False,True,False,100,-1.490601418797277
policy,2830,409,359,65.3,250031,False,False,False,True,66,-1.4636019761076815
policy,2867,417,367,66.4,250032,False,False,False,True,37,-0.809645390232981
policy,2967,437,387,69.6,250033,False,False,True,False,100,-1.7275939110410412
policy,3067,457,407,72.6,250034,False,False,True,False,100,-1.5143947805479163
policy,3167,477,427,75.6,250035,False,False,True,False,100,-1.5198144069784447
policy,3227,489,439,77.3,250036,False,False,False,True,60,-1.2908652030448717
policy,3327,509,459,80.0,250037,False,False,True,False,100,-1.1612180760173048
policy,3338,511,461,80.3,250038,False,False,False,True,11,-0.6422110506025653
policy,3438,531,481,83.2,250039,False,False,True,False,100,-1.404528357034824
policy,3447,533,483,83.5,250040,False,False,False,True,9,-0.7575666821422116
policy,3535,550,500,85.8,250041,False,False,False,True,88,-1.0975570157527406
policy,3635,570,520,88.4,250042,False,False,True,False,100,-1.7286644433399547
policy,3735,590,540,91.1,250043,False,False,True,False,100,-1.3596421488438297
policy,3778,599,549,92.3,250044,False,False,False,True,43,-1.0780308097978022
policy,3785,600,550,92.4,250045,False,False,False,True,7,-0.7932054998475273
policy,3827,609,559,93.6,250046,False,False,False,True,42,-1.1866705550413745
policy,3927,629,579,96.3,250047,False,False,True,False,100,-1.2416466427395576
policy,4027,649,599,99.8,250048,False,False,True,False,100,-1.164995072279903
policy,4046,653,603,100.4,250049,False,False,False,True,19,-0.7078693977052861
policy,4146,673,623,103.1,250050,False,False,True,False,100,-1.6463029589179752
policy,4246,693,643,105.9,250051,False,False,True,False,100,-1.4684969740839464
policy,4318,707,657,107.8,250052,False,False,False,True,72,-1.1444796257240446
policy,4352,714,664,108.8,250053,False,False,False,True,34,-0.9961778456786705
policy,4448,733,683,111.3,250054,False,False,False,True,96,-1.3087316707489525
policy,4457,735,685,111.6,250055,False,False,False,True,9,-0.7670820644312524
policy,4557,755,705,114.4,250056,False,False,True,False,100,-1.403959951499477
policy,4657,775,725,117.3,250057,False,False,True,False,100,-1.1937319366441363
policy,4757,795,745,120.2,250058,False,False,True,False,100,-1.3595390767229782
policy,4857,815,765,123.1,250059,False,False,True,False,100,-1.2736651292967145
policy,4957,835,785,126.1,250060,False,False,True,False,100,-1.4646743115154246
policy,5057,855,805,129.1,250061,False,False,True,False,100,-1.6021134789445015
policy,5157,875,825,132.0,250062,False,False,True,False,100,-1.1126531456603541
policy,5257,895,845,135.2,250063,False,False,True,False,100,-1.1529290217380583
policy,5357,915,865,138.3,250064,False,False,True,False,100,-1.5297833509660401
policy,5457,935,885,141.0,250065,False,False,True,False,100,-1.4862134399697384
policy,5557,955,905,143.8,250066,False,False,True,False,100,-1.5282569318921557
policy,5657,975,925,146.6,250067,False,False,True,False,100,-1.4016218469187047
policy,5757,995,945,149.5,250068,False,False,True,False,100,-1.6434559298871443
policy,5857,1015,965,152.5,250069,False,False,True,False,100,-1.2960104373824435
policy,5957,1035,985,155.4,250070,False,False,True,False,100,-1.1977249283707347
policy,6057,1055,1005,158.2,250071,False,False,True,False,100,-1.1067299610918488
policy,6157,1075,1025,161.1,250072,False,False,True,False,100,-1.7585755484132388
policy,6257,1095,1045,164.1,250073,False,False,True,False,100,-1.7638615215630642
policy,6357,1115,1065,166.9,250074,False,False,True,False,100,-1.4931754908646293
policy,6457,1135,1085,169.6,250075,False,False,True,False,100,-1.4112521704745657
policy,6557,1155,1105,172.3,250076,False,False,True,False,100,-1.6014671423892022
policy,6657,1175,1125,175.2,250077,False,False,True,False,100,-1.3276609976239842
policy,6694,1182,1132,176.2,250078,False,False,False,True,37,-0.862134542038856
policy,6794,1202,1152,179.4,250079,False,False,True,False,100,-1.3569449095777362
policy,6894,1222,1172,182.8,250080,False,False,True,False,100,-1.3011978829341333
policy,6994,1242,1192,186.1,250081,False,False,True,False,100,-1.2044895504796886
policy,7094,1262,1212,189.5,250082,False,False,True,False,100,-1.4219039960710174
policy,7194,1282,1232,192.3,250083,False,False,True,False,100,-1.0862227041245844
policy,7271,1298,1248,194.6,250084,False,False,False,True,77,-1.144139226640645
policy,7371,1318,1268,197.3,250085,False,False,True,False,100,-1.7103431045773032
policy,7471,1338,1288,200.1,250086,False,False,True,False,100,-1.7675790468825918
policy,7571,1358,1308,202.9,250087,False,False,True,False,100,-1.29090123256598
policy,7646,1373,1323,205.1,250088,False,False,False,True,75,-1.1583619582008473
policy,7746,1393,1343,208.0,250089,False,False,True,False,100,-1.4499899957034674
policy,7836,1411,1361,210.7,250090,False,False,False,True,90,-1.043790233260658
policy,7925,1428,1378,213.3,250091,False,False,False,True,89,-1.0642872698910864
policy,8025,1448,1398,216.3,250092,False,False,True,False,100,-1.2093527240862367
policy,8104,1464,1414,218.8,250093,False,False,False,True,79,-1.3305419353255021
policy,8204,1484,1434,221.9,250094,False,False,True,False,100,-1.3838690859742322
policy,8304,1504,1454,224.8,250095,False,False,True,False,100,-1.4489081928921919
policy,8404,1524,1474,227.8,250096,False,False,True,False,100,-1.2367637173799744
policy,8504,1544,1494,230.7,250097,False,False,True,False,100,-1.4106839884995892
policy,8604,1564,1514,233.5,250098,False,False,True,False,100,-1.6430949681730291
policy,8704,1584,1534,236.4,250099,False,False,True,False,100,-1.280563345775192
policy,8804,1604,1554,239.2,250100,False,False,True,False,100,-1.6799317764023338
policy,8904,1624,1574,242.2,250101,False,False,True,False,100,-1.3174436704030479
policy,8979,1639,1589,244.4,250102,False,False,False,True,75,-1.311730391048768
policy,9061,1656,1606,246.9,250103,False,False,False,True,82,-1.3954630759600053
policy,9139,1671,1621,249.2,250104,False,False,False,True,78,-1.2999104046867105
policy,9222,1688,1638,251.6,250105,False,False,False,True,83,-0.9733063476261539
policy,9322,1708,1658,254.7,250106,False,False,True,False,100,-1.663433173739794
policy,9391,1722,1672,256.6,250107,False,False,False,True,69,-0.9642780357000728
policy,9491,1742,1692,259.4,250108,False,False,True,False,100,-1.3886651831073986
policy,9591,1762,1712,262.4,250109,False,False,True,False,100,-1.6811769148810498
policy,9691,1782,1732,265.9,250110,False,False,True,False,100,-1.2434636002032806
policy,9791,1802,1752,268.7,250111,False,False,True,False,100,-1.5102700650165952
policy,9891,1822,1772,271.7,250112,False,False,True,False,100,-1.1554080455813467
policy,9975,1838,1788,274.0,250113,False,False,False,True,84,-0.9943489151580936
policy,10075,1858,1808,276.8,250114,False,False,True,False,100,-1.5854898296709505
policy,10175,1878,1828,279.7,250115,False,False,True,False,100,-1.437164131757042
policy,10217,1887,1837,281.1,250116,False,False,False,True,42,-0.8396029722471036
policy,10317,1907,1857,283.9,250117,False,False,True,False,100,-1.0883981349255119
policy,10417,1927,1877,286.9,250118,False,False,True,False,100,-1.312598308472777
policy,10517,1947,1897,289.8,250119,False,False,True,False,100,-1.192402443075613
policy,10617,1967,1917,292.9,250120,False,False,True,False,100,-1.0833364507144618
policy,10717,1987,1937,295.9,250121,False,False,True,False,100,-1.2006921204538685
policy,10817,2007,1957,298.8,250122,False,False,True,False,100,-1.6039597309090845
policy,10848,2013,1963,299.7,250123,False,False,False,True,31,-0.7312500612683794
policy,10948,2033,1983,302.9,250124,False,False,True,False,100,-1.4884710935131653
policy,11048,2053,2003,305.9,250125,False,False,True,False,100,-1.2380348397886638
policy,11113,2066,2016,307.9,250126,False,False,False,True,65,-1.0236753305078612
policy,11213,2086,2036,310.9,250127,False,False,True,False,100,-1.2350511822467989
policy,11313,2106,2056,314.0,250128,False,False,True,False,100,-1.1308475248171161
policy,11413,2126,2076,317.2,250129,False,False,True,False,100,-1.301987234252798
policy,11513,2146,2096,320.2,250130,False,False,True,False,100,-1.3591556731674732
policy,11613,2166,2116,323.1,250131,False,False,True,False,100,-1.2353284164208223
policy,11713,2186,2136,326.0,250132,False,False,True,False,100,-1.3925295698960647
policy,11813,2206,2156,328.9,250133,False,False,True,False,100,-1.3849008483245457
policy,11855,2214,2164,330.1,250134,False,False,False,True,42,-0.8608445221020045
policy,11955,2234,2184,333.3,250135,False,False,True,False,100,-1.335995815315492
policy,12055,2254,2204,336.2,250136,False,False,True,False,100,-1.217098112558167
policy,12155,2274,2224,339.1,250137,False,False,True,False,100,-1.420428269473212
policy,12255,2294,2244,342.1,250138,False,False,True,False,100,-1.6543469037962035
policy,12355,2314,2264,345.1,250139,False,False,True,False,100,-1.5281966069527817
policy,12455,2334,2284,348.2,250140,False,False,True,False,100,-1.626611992402036
policy,12555,2354,2304,351.2,250141,False,False,True,False,100,-1.445966085750125
policy,12620,2367,2317,353.3,250142,False,False,False,True,65,-1.394402781916605
policy,12720,2387,2337,356.4,250143,False,False,True,False,100,-1.5302659556060896
policy,12820,2407,2357,359.3,250144,False,False,True,False,100,-1.3628456404093252
policy,12920,2427,2377,362.1,250145,False,False,True,False,100,-1.3911429815765852
policy,13020,2447,2397,365.0,250146,False,False,True,False,100,-1.5095570280861579
policy,13120,2467,2417,367.8,250147,False,False,True,False,100,-1.4317033488008142
policy,13220,2487,2437,370.7,250148,False,False,True,False,100,-1.4155167853281558
policy,13320,2507,2457,373.6,250149,False,False,True,False,100,-1.5020807358454618
policy,13420,2527,2477,376.5,250150,False,False,True,False,100,-1.5076620029522854
policy,13520,2547,2497,379.5,250151,False,False,True,False,100,-1.4865072667578498
policy,13552,2554,2504,380.6,250152,False,False,False,True,32,-0.8639772649305122
policy,13652,2574,2524,383.5,250153,False,False,True,False,100,-1.1592846864347193
policy,13752,2594,2544,386.4,250154,False,False,True,False,100,-1.403324227237405
policy,13852,2614,2564,389.3,250155,False,False,True,False,100,-1.428860241787119
policy,13933,2630,2580,391.5,250156,False,False,False,True,81,-1.096711334539496
policy,14033,2650,2600,394.3,250157,False,False,True,False,100,-1.3394587307813821
policy,14133,2670,2620,397.2,250158,False,False,True,False,100,-1.1952988762511458
policy,14233,2690,2640,400.2,250159,False,False,True,False,100,-1.4247090977676105
policy,14333,2710,2660,403.0,250160,False,False,True,False,100,-1.4898244453539018
policy,14433,2730,2680,406.0,250161,False,False,True,False,100,-1.582024837424159
policy,14533,2750,2700,408.9,250162,False,False,True,False,100,-1.4986524407854898
policy,14557,2755,2705,409.6,250163,False,False,False,True,24,-0.8826017050602923
policy,14651,2774,2724,412.4,250164,False,False,False,True,94,-1.5370841374022928
policy,14751,2794,2744,415.4,250165,False,False,True,False,100,-1.414348803419366
policy,14851,2814,2764,418.4,250166,False,False,True,False,100,-1.4605182328215094
policy,14890,2821,2771,419.4,250167,False,False,False,True,39,-0.9278348425173494
policy,14954,2834,2784,421.2,250168,False,False,False,True,64,-1.0628247738062395
policy,15054,2854,2804,424.0,250169,False,False,True,False,100,-1.3184854240785273
policy,15154,2874,2824,426.8,250170,False,False,True,False,100,-1.490807908629652
policy,15254,2894,2844,429.5,250171,False,False,True,False,100,-1.535300360704396
policy,15348,2913,2863,432.1,250172,False,False,False,True,94,-1.4809578177684615
policy,15373,2918,2868,432.8,250173,False,False,False,True,25,-0.8189908557115342
policy,15473,2938,2888,435.6,250174,False,False,True,False,100,-1.297532052821531
policy,15573,2958,2908,438.4,250175,False,False,True,False,100,-1.674032549532143
policy,15673,2978,2928,441.2,250176,False,False,True,False,100,-1.6903760971893766
policy,15773,2998,2948,444.0,250177,False,False,True,False,100,-1.513181253527308
policy,15861,3016,2966,446.6,250178,False,False,False,True,88,-1.4783336425912283
policy,15916,3027,2977,448.2,250179,False,False,False,True,55,-1.2579473027277164
policy,16016,3047,2997,451.0,250180,False,False,True,False,100,-1.306841154596307
policy,16041,3052,3002,451.8,250181,False,False,False,True,25,-0.6877129225132406
policy,16141,3072,3022,454.8,250182,False,False,True,False,100,-1.4287658911102588
policy,16241,3092,3042,457.9,250183,False,False,True,False,100,-1.4030108155303447
policy,16321,3108,3058,460.3,250184,False,False,False,True,80,-1.3560004838083652
policy,16421,3128,3078,463.1,250185,False,False,True,False,100,-1.1284202883238796
policy,16521,3148,3098,465.9,250186,False,False,True,False,100,-1.4860718635670473
policy,16621,3168,3118,468.8,250187,False,False,True,False,100,-1.361320945242697
policy,16721,3188,3138,471.6,250188,False,False,True,False,100,-1.1765596235000018
policy,16753,3194,3144,472.5,250189,False,False,False,True,32,-0.9376171724880393
policy,16853,3214,3164,475.4,250190,False,False,True,False,100,-1.0990604206549532
policy,16953,3234,3184,478.3,250191,False,False,True,False,100,-1.3823595359438126
policy,17053,3254,3204,481.4,250192,False,False,True,False,100,-1.1229702932345367
policy,17073,3258,3208,482.0,250193,False,False,False,True,20,-0.8161101800767452
policy,17173,3278,3228,485.0,250194,False,False,True,False,100,-1.4956897644708076
policy,17273,3298,3248,487.8,250195,False,False,True,False,100,-1.4785052362123987
policy,17373,3318,3268,490.5,250196,False,False,True,False,100,-1.2935917625393223
policy,17436,3331,3281,492.3,250197,False,False,False,True,63,-0.8659027151780382
policy,17536,3351,3301,495.1,250198,False,False,True,False,100,-1.1550476277975998
policy,17636,3371,3321,497.9,250199,False,False,True,False,100,-1.622111847714741
policy,17736,3391,3341,500.7,250200,False,False,True,False,100,-1.136332941817309
policy,17780,3399,3349,501.8,250201,False,False,False,True,44,-0.999306999103387
policy,17880,3419,3369,504.7,250202,False,False,True,False,100,-1.6187814363839292
policy,17980,3439,3389,507.5,250203,False,False,True,False,100,-1.4629231145723485
policy,18080,3459,3409,510.5,250204,False,False,True,False,100,-1.3364977484328349
policy,18180,3479,3429,513.5,250205,False,False,True,False,100,-1.4180490923637268
policy,18280,3499,3449,516.5,250206,False,False,True,False,100,-1.3111725123899796
policy,18352,3514,3464,518.7,250207,False,False,False,True,72,-1.0946489294519586
policy,18397,3523,3473,520.0,250208,False,False,False,True,45,-1.0094207194737863
policy,18497,3543,3493,522.9,250209,False,False,True,False,100,-1.530822220529303
policy,18505,3544,3494,523.0,250210,False,False,False,True,8,-0.7521652749622886
policy,18556,3555,3505,524.6,250211,False,False,False,True,51,-0.9783215766223504
policy,18656,3575,3525,527.6,250212,False,False,True,False,100,-1.363651449040578
policy,18712,3586,3536,529.3,250213,False,False,False,True,56,-1.1372305417754243
policy,18812,3606,3556,532.2,250214,False,False,True,False,100,-1.6105085210163756
policy,18912,3626,3576,535.2,250215,False,False,True,False,100,-1.5560985193471022
policy,18959,3635,3585,536.5,250216,False,False,False,True,47,-1.0058144684210895
policy,19058,3655,3605,539.5,250217,False,False,False,True,99,-1.6119946690099747
policy,19158,3675,3625,542.6,250218,False,False,True,False,100,-1.1531482802987352
policy,19258,3695,3645,545.7,250219,False,False,True,False,100,-1.390732460536443
policy,19358,3715,3665,548.8,250220,False,False,True,False,100,-1.7219034924979901
policy,19458,3735,3685,551.8,250221,False,False,True,False,100,-1.3080169063878875
policy,19513,3746,3696,553.5,250222,False,False,False,True,55,-0.94847618681759
policy,19613,3766,3716,556.5,250223,False,False,True,False,100,-1.365670848189195
policy,19713,3786,3736,559.6,250224,False,True,True,False,100,-1.3780607929460085
policy,19813,3806,3756,562.6,250225,False,False,True,False,100,-1.4767504542651309
policy,19913,3826,3776,565.6,250226,False,False,True,False,100,-1.569303873085937
policy,20013,3846,3796,568.6,250227,False,False,True,False,100,-1.44128162299484
policy,20113,3866,3816,571.7,250228,False,False,True,False,100,-1.5813133999160467
policy,20213,3886,3836,574.7,250229,False,False,True,False,100,-1.2572000733406963
policy,20313,3906,3856,577.8,250230,False,False,True,False,100,-1.287579189212086
policy,20413,3926,3876,580.6,250231,False,False,True,False,100,-1.2484599308771405
policy,20513,3946,3896,583.7,250232,False,False,True,False,100,-1.6023268427188198
policy,20613,3966,3916,586.7,250233,False,False,True,False,100,-1.310690320613715
policy,20631,3970,3920,587.3,250234,False,False,False,True,18,-0.8528774567365418
policy,20731,3990,3940,590.3,250235,False,False,True,False,100,-1.163655391177463
policy,20831,4010,3960,593.2,250236,False,False,True,False,100,-1.193018079569744
policy,20931,4030,3980,596.2,250237,False,False,True,False,100,-1.4826494657750404
policy,21031,4050,4000,599.3,250238,False,False,True,False,100,-1.338326320839708
policy,21131,4070,4020,602.7,250239,False,False,True,False,100,-1.1035486670104309
policy,21231,4090,4040,605.8,250240,False,False,True,False,100,-1.4964163861734567
policy,21331,4110,4060,608.7,250241,False,True,True,False,100,-1.8593631485823439
policy,21337,4111,4061,608.8,250242,False,False,False,True,6,-0.6802128503921232
policy,21417,4127,4077,611.1,250243,False,False,False,True,80,-1.4653708228110158
policy,21517,4147,4097,613.9,250244,False,False,True,False,100,-1.2726520297597383
policy,21617,4167,4117,616.8,250245,False,False,True,False,100,-1.5163090210571704
policy,21717,4187,4137,619.7,250246,False,False,True,False,100,-1.1419175061159226
policy,21817,4207,4157,622.7,250247,False,False,True,False,100,-1.413979893848119
policy,21857,4215,4165,623.9,250248,False,False,False,True,40,-0.8825416398673122
policy,21957,4235,4185,626.8,250249,False,False,True,False,100,-1.618858592549245
policy,22057,4255,4205,629.8,250250,False,False,True,False,100,-1.314782827995448
policy,22157,4275,4225,632.7,250251,False,False,True,False,100,-1.5696089350774665
policy,22257,4295,4245,635.6,250252,False,False,True,False,100,-1.3415870599907487
policy,22357,4315,4265,638.5,250253,False,False,True,False,100,-1.2681881295818802
policy,22366,4317,4267,638.8,250254,False,False,False,True,9,-0.6734498431692528
policy,22444,4332,4282,641.0,250255,False,False,False,True,78,-1.0971224057333298
policy,22485,4340,4290,642.1,250256,False,False,False,True,41,-0.8064359446025329
policy,22585,4360,4310,645.1,250257,False,False,True,False,100,-1.430864937201785
policy,22671,4378,4328,647.7,250258,False,False,False,True,86,-1.1543342680337325
policy,22771,4398,4348,650.7,250259,False,False,True,False,100,-1.5009321137307579
policy,22871,4418,4368,653.6,250260,False,False,True,False,100,-1.410247234559611
policy,22971,4438,4388,656.4,250261,False,False,True,False,100,-1.4316469519207486
policy,23071,4458,4408,659.3,250262,False,False,True,False,100,-1.4125208769584636
policy,23171,4478,4428,662.2,250263,False,False,True,False,100,-1.4576965418556016
policy,23271,4498,4448,665.2,250264,False,False,True,False,100,-1.2719462377983817
policy,23371,4518,4468,668.2,250265,False,False,True,False,100,-1.6029362303660908
policy,23387,4521,4471,668.6,250266,False,False,False,True,16,-1.0183409195659359
policy,23461,4536,4486,670.9,250267,False,False,False,True,74,-1.265439855149736
policy,23528,4549,4499,672.8,250268,False,False,False,True,67,-1.1852138481326395
policy,23628,4569,4519,675.7,250269,False,False,True,False,100,-1.5138241408654483
policy,23728,4589,4539,678.6,250270,False,False,True,False,100,-1.2735466553552306
policy,23828,4609,4559,681.4,250271,False,False,True,False,100,-1.1677266762925027
policy,23928,4629,4579,684.4,250272,False,False,True,False,100,-1.588788106949707
policy,24011,4646,4596,687.0,250273,False,False,False,True,83,-1.2849673040007956
policy,24074,4658,4608,688.9,250274,False,False,False,True,63,-0.906030791307786
policy,24174,4678,4628,692.0,250275,False,False,True,False,100,-1.3259378104918773
policy,24274,4698,4648,695.1,250276,False,False,True,False,100,-1.2457518871281903
policy,24309,4705,4655,696.1,250277,False,False,False,True,35,-0.7989827288047937
policy,24409,4725,4675,699.4,250278,False,False,True,False,100,-1.7139157166775676
policy,24509,4745,4695,702.2,250279,False,False,True,False,100,-1.2655046088519812
policy,24609,4765,4715,705.0,250280,False,False,True,False,100,-1.439663505366568
policy,24709,4785,4735,707.8,250281,False,False,True,False,100,-1.3635717004596999
policy,24809,4805,4755,710.6,250282,False,False,True,False,100,-1.1781014964003584
policy,24909,4825,4775,713.5,250283,False,False,True,False,100,-1.3363565924466416
policy,25009,4845,4795,716.4,250284,False,False,True,False,100,-1.7021328878866067
policy,25109,4865,4815,719.4,250285,False,False,True,False,100,-1.6464312534932593
policy,25136,4871,4821,720.3,250286,False,False,False,True,27,-1.0337900070602501
policy,25150,4873,4823,720.6,250287,False,False,False,True,14,-0.8622130554762262
policy,25223,4888,4838,722.7,250288,False,False,False,True,73,-1.0241955928447615
policy,25323,4908,4858,725.5,250289,False,False,True,False,100,-1.446574839670638
policy,25423,4928,4878,728.3,250290,False,False,True,False,100,-1.4186628066918257
policy,25523,4948,4898,731.2,250291,False,False,True,False,100,-1.1377921590966844
policy,25623,4968,4918,734.2,250292,False,False,True,False,100,-1.3458657811854866
policy,25723,4988,4938,737.2,250293,False,False,True,False,100,-1.1888171431420225
policy,25766,4997,4947,738.6,250294,False,False,False,True,43,-0.7755523569894721
policy,25849,5013,4963,740.8,250295,False,False,False,True,83,-1.451731621478647
policy,25949,5033,4983,743.7,250296,False,False,True,False,100,-1.5687940825552293
policy,26049,5053,5003,746.6,250297,False,False,True,False,100,-1.4432309346048073
policy,26149,5073,5023,749.7,250298,False,False,True,False,100,-1.6370359479667482
policy,26249,5093,5043,752.5,250299,False,False,True,False,100,-1.2951759708902777
policy,26349,5113,5063,755.4,250300,False,False,True,False,100,-1.324658010633764
policy,26449,5133,5083,758.2,250301,False,False,True,False,100,-1.3971060108180953
policy,26549,5153,5103,761.2,250302,False,False,True,False,100,-1.7250654067436528
policy,26649,5173,5123,764.3,250303,False,False,True,False,100,-1.1497134163186198
policy,26695,5182,5132,765.7,250304,False,False,False,True,46,-0.909500641579432
policy,26713,5186,5136,766.3,250305,False,False,False,True,18,-0.7253962808329311
policy,26813,5206,5156,769.5,250306,False,False,True,False,100,-1.2873628502074375
policy,26871,5218,5168,771.2,250307,False,False,False,True,58,-1.1205511480736192
policy,26971,5238,5188,774.3,250308,False,False,True,False,100,-1.1325801256804886
policy,27071,5258,5208,777.2,250309,False,False,True,False,100,-1.333293376004947
policy,27102,5264,5214,778.1,250310,False,False,False,True,31,-0.9288282298786553
policy,27202,5284,5234,780.9,250311,False,False,True,False,100,-1.3300325986587476
policy,27212,5286,5236,781.2,250312,False,False,False,True,10,-0.6643214952442864
policy,27312,5306,5256,784.1,250313,False,False,True,False,100,-1.1806263966229495
policy,27412,5326,5276,787.1,250314,False,False,True,False,100,-1.549006956163438
policy,27488,5341,5291,789.3,250315,False,False,False,True,76,-1.0938035907285117
policy,27588,5361,5311,792.3,250316,False,False,True,False,100,-1.5130883866353066
policy,27658,5375,5325,794.4,250317,False,False,False,True,70,-1.2157446205918514
policy,27722,5388,5338,796.2,250318,False,False,False,True,64,-0.9130167333317558
policy,27822,5408,5358,799.0,250319,False,False,True,False,100,-1.5129899299247984
policy,27922,5428,5378,801.7,250320,False,False,True,False,100,-1.5718121125042113
policy,28022,5448,5398,804.6,250321,False,False,True,False,100,-1.1642736993906668
policy,28122,5468,5418,807.4,250322,False,False,True,False,100,-1.312140714271653
policy,28222,5488,5438,810.4,250323,False,False,True,False,100,-1.2665863978525775
policy,28322,5508,5458,813.2,250324,False,False,True,False,100,-1.1930870877579487
policy,28422,5528,5478,816.0,250325,False,False,True,False,100,-1.1808504836344882
policy,28466,5537,5487,817.4,250326,False,False,False,True,44,-0.8088858579151914
policy,28486,5541,5491,818.0,250327,False,False,False,True,20,-0.9181261352695493
policy,28586,5561,5511,820.9,250328,False,False,True,False,100,-1.768482418953931
policy,28622,5568,5518,822.0,250329,False,False,False,True,36,-0.856065855487403
policy,28722,5588,5538,824.9,250330,False,False,True,False,100,-1.4316247750987423
policy,28822,5608,5558,827.8,250331,False,False,True,False,100,-1.3947354420237155
policy,28922,5628,5578,830.7,250332,False,False,True,False,100,-1.2149660048872035
policy,29022,5648,5598,833.7,250333,False,False,True,False,100,-1.6154279707404693
policy,29122,5668,5618,836.6,250334,False,False,True,False,100,-1.283534001857228
policy,29222,5688,5638,839.4,250335,False,False,True,False,100,-1.2262130794479718
policy,29322,5708,5658,842.1,250336,False,False,True,False,100,-1.3181008296756194
policy,29422,5728,5678,844.9,250337,False,False,True,False,100,-1.3683190977388615
policy,29484,5740,5690,846.6,250338,False,False,False,True,62,-0.8962901340704383
policy,29528,5749,5699,847.9,250339,False,False,False,True,44,-0.9040187246102735
policy,29628,5769,5719,850.6,250340,False,False,True,False,100,-1.5634822572703126
policy,29666,5777,5727,851.7,250341,False,False,False,True,38,-1.1596766864401913
policy,29766,5797,5747,854.5,250342,False,True,True,False,100,-1.1626118401310856
policy,29866,5817,5767,857.3,250343,False,False,True,False,100,-1.3970156204074775
policy,29909,5825,5775,858.5,250344,False,False,False,True,43,-1.055229768904597
policy,29968,5837,5787,860.2,250345,False,False,False,True,59,-1.1088325240004657
policy,30068,5857,5807,863.1,250346,False,False,True,False,100,-1.640895325848606
policy,30168,5877,5827,866.0,250347,False,False,True,False,100,-1.5974695117309468
policy,30268,5897,5847,868.7,250348,False,False,True,False,100,-1.2816238720481197
policy,30368,5917,5867,871.5,250349,False,False,True,False,100,-1.4954332243049928
policy,30395,5922,5872,872.2,250350,False,False,False,True,27,-0.8287576992941793
policy,30495,5942,5892,875.0,250351,False,False,True,False,100,-1.352992158718007
policy,30593,5962,5912,877.8,250352,False,False,False,True,98,-1.1959487858830253
policy,30693,5982,5932,880.7,250353,False,False,True,False,100,-1.2599060500193784
policy,30793,6002,5952,883.6,250354,False,False,True,False,100,-1.5474791126474572
policy,30869,6017,5967,885.8,250355,False,False,False,True,76,-1.0526252304550954
policy,30969,6037,5987,888.9,250356,False,False,True,False,100,-1.6600576264385403
policy,30991,6042,5992,889.6,250357,False,False,False,True,22,-0.8751084141340575
policy,31091,6062,6012,892.7,250358,False,False,True,False,100,-1.345547243045975
policy,31187,6081,6031,895.4,250359,False,False,False,True,96,-1.2452935618140089
policy,31287,6101,6051,898.3,250360,False,False,True,False,100,-1.3729585301403349
policy,31387,6121,6071,901.4,250361,False,False,True,False,100,-1.240869082288363
policy,31471,6138,6088,903.8,250362,False,False,False,True,84,-1.4787695792092992
policy,31523,6148,6098,905.3,250363,False,False,False,True,52,-1.0445725474555747
policy,31548,6153,6103,906.0,250364,False,False,False,True,25,-0.8308431851277343
policy,31648,6173,6123,909.0,250365,False,False,True,False,100,-1.1747916965373686
policy,31748,6193,6143,912.1,250366,False,False,True,False,100,-1.2374434985452714
policy,31848,6213,6163,915.2,250367,False,False,True,False,100,-1.2185978800420503
policy,31948,6233,6183,918.2,250368,False,False,True,False,100,-1.47014542213541
policy,31994,6242,6192,919.5,250369,False,False,False,True,46,-1.1977050458716876
policy,32094,6262,6212,922.5,250370,False,False,True,False,100,-1.382559820789023
policy,32174,6278,6228,924.8,250371,False,False,False,True,80,-1.2902788910438288
policy,32274,6298,6248,927.8,250372,False,False,True,False,100,-1.4727501130992158
policy,32374,6318,6268,930.6,250373,False,False,True,False,100,-1.5012481023433404
policy,32474,6338,6288,933.4,250374,False,False,True,False,100,-1.206622753510155
policy,32574,6358,6308,936.3,250375,False,False,True,False,100,-1.2909269111504649
policy,32674,6378,6328,939.2,250376,False,False,True,False,100,-1.2943220721249333
policy,32685,6380,6330,939.5,250377,False,False,False,True,11,-0.647672574588054
policy,32785,6400,6350,942.6,250378,False,False,True,False,100,-1.689969465527851
policy,32858,6415,6365,944.8,250379,False,False,False,True,73,-1.1042790965073246
policy,32958,6435,6385,948.1,250380,False,False,True,False,100,-1.1705997069482397
policy,33048,6453,6403,951.2,250381,False,False,False,True,90,-1.6023797511360016
policy,33148,6473,6423,954.1,250382,False,False,True,False,100,-1.0696714668322111
policy,33248,6493,6443,957.4,250383,False,False,True,False,100,-1.4345486654153061
policy,33268,6497,6447,958.0,250384,False,False,False,True,20,-0.7723925167685415
policy,33368,6517,6467,961.3,250385,False,False,True,False,100,-1.1762651333137528
policy,33468,6537,6487,964.3,250386,False,False,True,False,100,-1.1939954189421234
policy,33568,6557,6507,967.2,250387,False,False,True,False,100,-1.5404979059627144
policy,33613,6566,6516,968.5,250388,False,False,False,True,45,-0.8687346014003747
policy,33713,6586,6536,971.4,250389,False,False,True,False,100,-1.671600943361549
policy,33734,6590,6540,972.0,250390,False,False,False,True,21,-0.7085075769016399
policy,33795,6602,6552,973.8,250391,False,False,False,True,61,-1.1404989126343166
policy,33895,6622,6572,976.8,250392,False,False,True,False,100,-1.255549068883937
policy,33995,6642,6592,979.8,250393,False,False,True,False,100,-1.4731286537580826
policy,34079,6659,6609,982.3,250394,False,False,False,True,84,-1.241428513592614
policy,34179,6679,6629,985.4,250395,False,False,True,False,100,-1.4522713550621558
policy,34279,6699,6649,988.4,250396,False,False,True,False,100,-1.2585019495427292
policy,34379,6719,6669,991.4,250397,False,False,True,False,100,-1.5233674710062204
policy,34438,6731,6681,993.2,250398,False,False,False,True,59,-1.1009667458947758
policy,34538,6751,6701,996.0,250399,False,False,True,False,100,-1.413857681312586
policy,34638,6771,6721,998.9,250400,False,False,True,False,100,-1.3241270489250878
policy,34711,6786,6736,1001.1,250401,False,False,False,True,73,-1.1413047157395928
policy,34811,6806,6756,1004.0,250402,False,False,True,False,100,-1.0892378332914294
policy,34911,6826,6776,1007.2,250403,False,False,True,False,100,-1.232498245050437
policy,35011,6846,6796,1010.3,250404,False,False,True,False,100,-1.2868285555934154
policy,35111,6866,6816,1013.5,250405,False,False,True,False,100,-1.3059708447517802
policy,35211,6886,6836,1016.6,250406,False,False,True,False,100,-1.3142777219284811
policy,35311,6906,6856,1019.8,250407,False,False,True,False,100,-1.2282277400230384
policy,35411,6926,6876,1022.7,250408,False,False,True,False,100,-1.246462498369254
policy,35511,6946,6896,1025.6,250409,False,False,True,False,100,-1.4230392770694977
policy,35595,6962,6912,1027.9,250410,False,False,False,True,84,-1.1702524654287936
policy,35695,6982,6932,1030.9,250411,False,False,True,False,100,-1.5784829794139532
policy,35757,6995,6945,1032.9,250412,False,False,False,True,62,-1.171011255384241
policy,35815,7006,6956,1034.6,250413,False,False,False,True,58,-1.0443991184626982
policy,35915,7026,6976,1037.8,250414,False,False,True,False,100,-1.1297790105767445
policy,36005,7044,6994,1040.7,250415,False,False,False,True,90,-1.226155028929295
policy,36074,7058,7008,1043.0,250416,False,False,False,True,69,-1.0882704567344226
policy,36130,7069,7019,1044.8,250417,False,False,False,True,56,-1.0258831135034219
policy,36230,7089,7039,1048.1,250418,False,False,True,False,100,-1.6094800809976055
policy,36268,7097,7047,1049.3,250419,False,False,False,True,38,-1.1371684686062133
policy,36368,7117,7067,1052.2,250420,False,False,True,False,100,-1.47372974110616
policy,36466,7137,7087,1055.0,250421,False,False,False,True,98,-1.0814903086907235
policy,36566,7157,7107,1057.9,250422,False,False,True,False,100,-1.3605523577409113
policy,36666,7177,7127,1060.9,250423,False,False,True,False,100,-1.1238872266376967
policy,36766,7197,7147,1063.9,250424,False,False,True,False,100,-1.5387314247516244
policy,36866,7217,7167,1066.9,250425,False,False,True,False,100,-1.4011730391688713
policy,36966,7237,7187,1070.0,250426,False,False,True,False,100,-1.6687873286759052
policy,37066,7257,7207,1073.4,250427,False,False,True,False,100,-1.357120830226707
policy,37166,7277,7227,1076.8,250428,False,False,True,False,100,-1.316848685945609
policy,37217,7287,7237,1078.4,250429,False,False,False,True,51,-1.0817150906477568
policy,37317,7307,7257,1081.2,250430,False,False,True,False,100,-1.2787876916295828
policy,37417,7327,7277,1084.1,250431,False,False,True,False,100,-1.2589178773559278
policy,37513,7346,7296,1086.8,250432,False,False,False,True,96,-1.2743753266387605
policy,37608,7365,7315,1089.6,250433,False,False,False,True,95,-1.182417725121539
policy,37708,7385,7335,1092.5,250434,False,False,True,False,100,-1.3312555357151852
policy,37808,7405,7355,1095.5,250435,False,False,True,False,100,-1.0864573697927944
policy,37908,7425,7375,1098.5,250436,False,False,True,False,100,-1.2861806705156962
policy,38008,7445,7395,1101.6,250437,False,False,True,False,100,-1.1603472663988206
policy,38108,7465,7415,1104.8,250438,False,False,True,False,100,-1.5416991995806866
policy,38109,7465,7415,1104.8,250439,False,False,False,True,1,-0.6094014582054383
policy,38209,7485,7435,1107.7,250440,False,False,True,False,100,-1.3733057403290756
policy,38309,7505,7455,1110.6,250441,False,False,True,False,100,-1.2320363087933144
policy,38409,7525,7475,1113.5,250442,False,False,True,False,100,-1.4032074824631042
policy,38456,7535,7485,1114.9,250443,False,False,False,True,47,-1.1036954925226874
policy,38556,7555,7505,1117.9,250444,False,False,True,False,100,-1.1510779112196488
policy,38656,7575,7525,1121.0,250445,False,False,True,False,100,-1.457274630457691
policy,38756,7595,7545,1124.3,250446,False,False,True,False,100,-1.3051176469863073
policy,38856,7615,7565,1127.3,250447,False,False,True,False,100,-1.1131873235309775
policy,38956,7635,7585,1130.4,250448,False,False,True,False,100,-1.5774342590060295
policy,39056,7655,7605,1133.4,250449,False,False,True,False,100,-1.424546633305875
policy,39073,7658,7608,1133.8,250450,False,False,False,True,17,-0.7636521483632378
policy,39119,7667,7617,1135.1,250451,False,False,False,True,46,-0.9340863398594383
policy,39219,7687,7637,1138.1,250452,False,False,True,False,100,-1.7006206918163471
policy,39319,7707,7657,1141.1,250453,False,False,True,False,100,-1.4838976354011533
policy,39419,7727,7677,1144.2,250454,False,False,True,False,100,-1.4005539111623735
policy,39507,7745,7695,1146.9,250455,False,False,False,True,88,-1.5165271996837724
policy,39607,7765,7715,1150.0,250456,False,False,True,False,100,-1.3938689116657983
policy,39707,7785,7735,1153.0,250457,False,False,True,False,100,-1.0862390374107997
policy,39762,7796,7746,1154.8,250458,False,False,False,True,55,-1.117290710699836
policy,39805,7804,7754,1156.1,250459,False,False,False,True,43,-1.0986052929170818
policy,39905,7824,7774,1159.1,250460,False,False,True,False,100,-1.3446648569492385
policy,40005,7844,7794,1162.3,250461,False,False,True,False,100,-1.5877662956524006
policy,40046,7853,7803,1163.6,250462,False,False,False,True,41,-1.0537932272450101
policy,40146,7873,7823,1166.6,250463,False,False,True,False,100,-1.3102187651105495
policy,40246,7893,7843,1169.7,250464,False,False,True,False,100,-1.4913894973215778
policy,40313,7906,7856,1171.6,250465,False,False,False,True,67,-1.0023845382493717
policy,40377,7919,7869,1173.5,250466,False,False,False,True,64,-1.1557996118037135
policy,40477,7939,7889,1176.4,250467,False,False,True,False,100,-1.5053931566085403
policy,40540,7951,7901,1178.1,250468,False,False,False,True,63,-1.168693472195633
policy,40640,7971,7921,1181.0,250469,False,False,True,False,100,-1.6570413342614427
policy,40740,7991,7941,1183.8,250470,False,False,True,False,100,-1.35292962968053
policy,40798,8003,7953,1185.5,250471,False,False,False,True,58,-1.17674133244262
policy,40898,8023,7973,1188.4,250472,False,False,True,False,100,-1.1985355792095804
policy,40998,8043,7993,1191.5,250473,False,False,True,False,100,-1.2481691705993185
policy,41083,8060,8010,1194.1,250474,False,False,False,True,85,-1.2374648365459704
policy,41183,8080,8030,1197.3,250475,False,False,True,False,100,-1.2166723273726032
policy,41283,8100,8050,1200.4,250476,False,False,True,False,100,-1.5312697503597166
policy,41383,8120,8070,1204.0,250477,False,False,True,False,100,-1.2621438182346068
policy,41439,8131,8081,1205.6,250478,False,False,False,True,56,-1.015424922478504
policy,41539,8151,8101,1208.5,250479,False,False,True,False,100,-1.4224746810697757
policy,41566,8157,8107,1209.4,250480,False,False,False,True,27,-0.8945758757497895
policy,41666,8177,8127,1212.3,250481,False,False,True,False,100,-1.4605572231745243
policy,41766,8197,8147,1215.2,250482,False,False,True,False,100,-1.5908197669334994
policy,41866,8217,8167,1218.3,250483,False,False,True,False,100,-1.5561126489667978
policy,41958,8235,8185,1221.0,250484,False,False,False,True,92,-1.2482335098943027
policy,42058,8255,8205,1224.1,250485,False,False,True,False,100,-1.6410335562635712
policy,42127,8269,8219,1226.1,250486,False,False,False,True,69,-1.185131549922046
policy,42227,8289,8239,1229.1,250487,False,False,True,False,100,-1.538666057592573
policy,42327,8309,8259,1231.9,250488,False,False,True,False,100,-1.1942265620239385
policy,42427,8329,8279,1234.9,250489,False,False,True,False,100,-1.5478837079351067
policy,42527,8349,8299,1237.8,250490,False,False,True,False,100,-1.3100716549412874
policy,42627,8369,8319,1240.8,250491,False,False,True,False,100,-1.2588131555062732
policy,42727,8389,8339,1243.8,250492,False,False,True,False,100,-1.2632645172057493
policy,42827,8409,8359,1246.9,250493,False,False,True,False,100,-1.6853720326429933
policy,42927,8429,8379,1250.0,250494,False,False,True,False,100,-1.7346867527645264
policy,43027,8449,8399,1253.2,250495,False,False,True,False,100,-1.4614543588609819
policy,43127,8469,8419,1256.3,250496,False,False,True,False,100,-1.3897404651201173
policy,43174,8478,8428,1257.6,250497,False,False,False,True,47,-0.9241902340445081
policy,43274,8498,8448,1260.7,250498,False,False,True,False,100,-1.4504450086023102
policy,43374,8518,8468,1263.8,250499,False,False,True,False,100,-1.6039584092378638
policy,43474,8538,8488,1266.9,250500,False,False,True,False,100,-1.6567937539896296
policy,43518,8547,8497,1268.4,250501,False,False,False,True,44,-0.9515521051179484
policy,43618,8567,8517,1271.3,250502,False,False,True,False,100,-1.5541827574242828
policy,43718,8587,8537,1274.4,250503,False,False,True,False,100,-1.5014472250954123
policy,43818,8607,8557,1277.3,250504,False,False,True,False,100,-1.3680838481378672
policy,43918,8627,8577,1280.4,250505,False,False,True,False,100,-1.1006253894348654
policy,44018,8647,8597,1283.6,250506,False,False,True,False,100,-1.7773240969384196
policy,44118,8667,8617,1286.8,250507,False,False,True,False,100,-1.343153322442887
policy,44143,8672,8622,1287.6,250508,False,False,False,True,25,-1.017757059741583
policy,44181,8680,8630,1288.8,250509,False,False,False,True,38,-0.7954165253799064
policy,44281,8700,8650,1291.8,250510,False,False,True,False,100,-1.7477027463370782
policy,44381,8720,8670,1294.9,250511,False,False,True,False,100,-1.3065364120306837
policy,44481,8740,8690,1298.5,250512,False,False,True,False,100,-1.452460174454027
policy,44581,8760,8710,1301.6,250513,False,False,True,False,100,-1.3981013908219198
policy,44681,8780,8730,1304.5,250514,False,False,True,False,100,-1.3590193647836708
policy,44781,8800,8750,1307.5,250515,False,False,True,False,100,-1.6840489872051174
policy,44875,8818,8768,1310.2,250516,False,False,False,True,94,-1.246928797814647
policy,44918,8827,8777,1311.6,250517,False,False,False,True,43,-1.0713756245637664
policy,45018,8847,8797,1314.6,250518,False,False,True,False,100,-1.59708545864193
policy,45078,8859,8809,1316.5,250519,False,False,False,True,60,-1.3883243831295684
policy,45178,8879,8829,1319.4,250520,False,False,True,False,100,-1.4881376982116867
policy,45278,8899,8849,1322.3,250521,False,False,True,False,100,-1.1349787555094322
policy,45356,8915,8865,1324.6,250522,False,False,False,True,78,-1.3664598027722477
policy,45456,8935,8885,1327.6,250523,False,False,True,False,100,-1.5324204838899171
policy,45556,8955,8905,1330.6,250524,False,False,True,False,100,-1.1872617864870212
policy,45656,8975,8925,1333.9,250525,False,False,True,False,100,-1.2431041337919153
policy,45756,8995,8945,1337.2,250526,False,False,True,False,100,-1.1981830175983956
policy,45856,9015,8965,1340.6,250527,False,False,True,False,100,-1.2829052186753434
policy,45956,9035,8985,1343.6,250528,False,False,True,False,100,-1.7694366537611304
policy,46056,9055,9005,1346.5,250529,False,False,True,False,100,-1.317669018987774
policy,46156,9075,9025,1349.5,250530,False,False,True,False,100,-1.6514307547430347
policy,46256,9095,9045,1352.4,250531,False,True,True,False,100,-1.7492553309432766
policy,46356,9115,9065,1355.5,250532,False,False,True,False,100,-1.0769053779823783
policy,46456,9135,9085,1358.5,250533,False,False,True,False,100,-1.6272344285517615
policy,46508,9145,9095,1360.1,250534,False,False,False,True,52,-1.1965052919979478
policy,46608,9165,9115,1363.3,250535,False,False,True,False,100,-1.443184555268616
policy,46708,9185,9135,1366.6,250536,False,False,True,False,100,-1.1264169910247026
policy,46808,9205,9155,1369.6,250537,False,False,True,False,100,-1.5293457372033785
policy,46823,9208,9158,1370.0,250538,False,False,False,True,15,-0.6697628582402465
policy,46923,9228,9178,1373.0,250539,False,False,True,False,100,-1.5679592301058274
policy,47023,9248,9198,1375.9,250540,False,False,True,False,100,-1.3554109082790615
policy,47037,9251,9201,1376.3,250541,False,False,False,True,14,-0.808059319971047
policy,47137,9271,9221,1379.2,250542,False,False,True,False,100,-1.6712244881961826
policy,47194,9282,9232,1380.8,250543,False,False,False,True,57,-1.0761325158575683
policy,47267,9297,9247,1383.1,250544,False,False,False,True,73,-0.9520450748008793
policy,47367,9317,9267,1386.1,250545,False,False,True,False,100,-1.5143477592848773
policy,47467,9337,9287,1389.3,250546,False,False,True,False,100,-1.1883253684806445
policy,47567,9357,9307,1392.5,250547,False,False,True,False,100,-1.1714444878599384
policy,47667,9377,9327,1395.6,250548,False,False,True,False,100,-1.0902497790972019
policy,47735,9390,9340,1397.6,250549,False,False,False,True,68,-1.0029773660854733
policy,47752,9394,9344,1398.2,250550,False,False,False,True,17,-0.7426100452179458
policy,47852,9414,9364,1401.4,250551,False,True,True,False,100,-1.454320435990594
policy,47939,9431,9381,1403.8,250552,False,False,False,True,87,-1.3968030317782656
policy,48039,9451,9401,1406.8,250553,False,False,True,False,100,-1.3183186258148307
policy,48099,9463,9413,1408.6,250554,False,False,False,True,60,-1.1192497994878061
policy,48199,9483,9433,1411.5,250555,False,False,True,False,100,-1.594237350435986
policy,48299,9503,9453,1414.6,250556,False,False,True,False,100,-1.1046693500129745
policy,48390,9521,9471,1417.4,250557,False,False,False,True,91,-1.5098250671839986
policy,48437,9531,9481,1419.0,250558,False,False,False,True,47,-0.8419229510253677
policy,48498,9543,9493,1421.0,250559,False,False,False,True,61,-1.2654670572994604
policy,48598,9563,9513,1424.2,250560,False,False,True,False,100,-1.142876869594415
policy,48698,9583,9533,1427.4,250561,False,False,True,False,100,-1.3822015781333206
policy,48761,9596,9546,1429.6,250562,False,False,False,True,63,-1.2853561653130272
policy,48861,9616,9566,1432.6,250563,False,False,True,False,100,-1.208819624203872
policy,48961,9636,9586,1435.6,250564,False,False,True,False,100,-1.2609833095487415
policy,49061,9656,9606,1438.5,250565,False,False,True,False,100,-1.3494311502048486
policy,49161,9676,9626,1441.4,250566,False,False,True,False,100,-1.1585405478274797
policy,49261,9696,9646,1444.4,250567,False,False,True,False,100,-1.1260351389048067
policy,49341,9712,9662,1446.8,250568,False,False,False,True,80,-1.2891926274910284
policy,49431,9730,9680,1449.5,250569,False,False,False,True,90,-1.4772670034523987
policy,49480,9739,9689,1450.9,250570,False,False,False,True,49,-0.9353611263137547
policy,49555,9754,9704,1453.2,250571,False,False,False,True,75,-1.3354873346179803
policy,49564,9756,9706,1453.5,250572,False,False,False,True,9,-0.7725138598505452
policy,49664,9776,9726,1456.7,250573,False,False,True,False,100,-1.333912966129722
policy,49764,9796,9746,1460.1,250574,False,False,True,False,100,-1.5534311042430011
policy,49837,9811,9761,1462.6,250575,False,False,False,True,73,-1.1588646533280984
policy,49918,9827,9777,1465.4,250576,False,False,False,True,81,-0.9858991326168381
policy,50018,9847,9797,1468.6,250577,False,False,True,False,100,-1.3214165832361466
policy,50039,9851,9801,1469.3,250578,False,False,False,True,21,-0.8458047352113893
policy,50139,9871,9821,1472.3,250579,False,False,True,False,100,-1.3159824268380653
policy,50239,9891,9841,1475.3,250580,False,False,True,False,100,-1.2294154867132967
policy,50339,9911,9861,1478.3,250581,False,False,True,False,100,-1.1124868879552787
policy,50439,9931,9881,1481.3,250582,False,False,True,False,100,-1.4536165875451768
policy,50539,9951,9901,1484.4,250583,False,False,True,False,100,-1.507019216631711
policy,50637,9971,9921,1487.3,250584,False,False,False,True,98,-1.3458606727395708
policy,50718,9987,9937,1489.7,250585,False,False,False,True,81,-1.0340608407697718
policy,50727,9989,9939,1490.0,250586,False,False,False,True,9,-0.7399680364564498
policy,50827,10009,9959,1493.0,250587,False,False,True,False,100,-1.545592197295535
policy,50913,10026,9976,1495.7,250588,False,False,False,True,86,-1.158125373307904
policy,50990,10041,9991,1498.0,250589,False,False,False,True,77,-1.3882341013596466
policy,51085,10060,10010,1501.0,250590,False,False,False,True,95,-1.3424400544135604
policy,51165,10076,10026,1503.9,250591,False,False,False,True,80,-1.2338351402827497
policy,51265,10096,10046,1507.0,250592,False,False,True,False,100,-1.5720433601102115
policy,51353,10114,10064,1509.6,250593,False,False,False,True,88,-1.4444859199053708
policy,51453,10134,10084,1512.6,250594,False,False,True,False,100,-1.273507380912226
policy,51553,10154,10104,1515.6,250595,False,False,True,False,100,-1.4895619492786834
policy,51653,10174,10124,1518.5,250596,False,False,True,False,100,-1.630129314985158
policy,51753,10194,10144,1521.5,250597,False,False,True,False,100,-1.410894146901554
policy,51853,10214,10164,1524.6,250598,False,False,True,False,100,-1.2543429565796855
policy,51953,10234,10184,1527.7,250599,False,False,True,False,100,-1.1824365525428986
policy,52053,10254,10204,1530.9,250600,False,False,True,False,100,-1.3494957240320842
policy,52153,10274,10224,1533.9,250601,False,False,True,False,100,-1.564515899545401
policy,52253,10294,10244,1536.8,250602,False,False,True,False,100,-1.3159807411799167
policy,52353,10314,10264,1539.8,250603,False,True,True,False,100,-1.6701635776114303
policy,52453,10334,10284,1542.9,250604,False,False,True,False,100,-1.1242618671013807
policy,52480,10339,10289,1543.6,250605,False,False,False,True,27,-0.7838662291264678
policy,52580,10359,10309,1546.7,250606,False,False,True,False,100,-1.37769295563105
policy,52680,10379,10329,1549.8,250607,False,False,True,False,100,-1.2808377498389139
policy,52780,10399,10349,1552.9,250608,False,False,True,False,100,-1.3027505024851262
policy,52880,10419,10369,1556.0,250609,False,False,True,False,100,-1.1233853668356408
policy,52980,10439,10389,1559.2,250610,False,False,True,False,100,-1.4859339540615584
policy,53080,10459,10409,1562.4,250611,False,False,True,False,100,-1.3742946146397723
policy,53116,10467,10417,1563.7,250612,False,False,False,True,36,-0.7392414520468906
policy,53216,10487,10437,1566.8,250613,False,False,True,False,100,-1.5325618610627711
policy,53316,10507,10457,1569.8,250614,False,False,True,False,100,-1.4381277669973334
policy,53398,10523,10473,1572.4,250615,False,False,False,True,82,-1.3230169942732442
policy,53442,10532,10482,1573.8,250616,False,True,False,True,44,-1.1809771375090248
policy,53542,10552,10502,1577.0,250617,False,True,True,False,100,-1.6566975240218826
policy,53642,10572,10522,1580.0,250618,False,False,True,False,100,-1.2938519888078148
policy,53680,10579,10529,1581.1,250619,False,False,False,True,38,-1.0376880169468927
policy,53731,10590,10540,1582.8,250620,False,False,False,True,51,-1.1332204661178344
policy,53831,10610,10560,1585.9,250621,False,False,True,False,100,-1.280040749777617
policy,53931,10630,10580,1589.0,250622,False,False,True,False,100,-1.3375346450110808
policy,54031,10650,10600,1592.3,250623,False,False,True,False,100,-1.383323160772148
policy,54131,10670,10620,1595.6,250624,False,False,True,False,100,-1.1608406383515784
policy,54231,10690,10640,1598.9,250625,False,False,True,False,100,-1.5179032464934448
policy,54301,10704,10654,1601.1,250626,False,False,False,True,70,-1.426370954266622
policy,54394,10722,10672,1604.0,250627,False,False,False,True,93,-1.3935465511871048
policy,54494,10742,10692,1607.1,250628,False,False,True,False,100,-1.2284740104382348
policy,54594,10762,10712,1610.2,250629,False,False,True,False,100,-1.4672543382513772
policy,54694,10782,10732,1613.3,250630,False,False,True,False,100,-1.1664566698514398
policy,54725,10788,10738,1614.2,250631,False,False,False,True,31,-0.8295223336071273
policy,54825,10808,10758,1617.2,250632,False,False,True,False,100,-1.613270355527047
policy,54925,10828,10778,1620.3,250633,False,False,True,False,100,-1.3682817613225922
policy,55025,10848,10798,1623.5,250634,False,False,True,False,100,-1.5473166947967638
policy,55125,10868,10818,1626.7,250635,False,False,True,False,100,-1.5298388465374373
policy,55225,10888,10838,1629.9,250636,False,False,True,False,100,-1.4519274551206147
policy,55325,10908,10858,1633.0,250637,False,False,True,False,100,-1.2514372861097105
policy,55425,10928,10878,1636.1,250638,False,False,True,False,100,-1.4234917511770566
policy,55525,10948,10898,1639.6,250639,False,False,True,False,100,-1.3331805072571403
policy,55625,10968,10918,1642.8,250640,False,False,True,False,100,-1.6866672556311848
policy,55628,10969,10919,1642.9,250641,False,False,False,True,3,-0.5709450741799105
policy,55728,10989,10939,1645.9,250642,False,False,True,False,100,-1.3066677991731241
policy,55777,10999,10949,1647.5,250643,False,False,False,True,49,-1.0142842953265916
policy,55841,11012,10962,1649.5,250644,False,False,False,True,64,-1.2730898290114119
policy,55941,11032,10982,1652.6,250645,False,False,True,False,100,-1.3429934954432659
policy,56041,11052,11002,1655.8,250646,False,False,True,False,100,-1.2794435497581327
policy,56094,11062,11012,1657.3,250647,False,False,False,True,53,-1.1210625109050216
policy,56194,11082,11032,1660.6,250648,False,False,True,False,100,-1.6212272850873122
policy,56232,11090,11040,1661.9,250649,False,False,False,True,38,-0.8399605160506318
policy,56332,11110,11060,1664.9,250650,False,False,True,False,100,-1.1352626375834218
policy,56432,11130,11080,1667.8,250651,False,False,True,False,100,-1.3595025856713367
policy,56499,11143,11093,1669.7,250652,False,False,False,True,67,-1.1437503169683236
policy,56599,11163,11113,1672.8,250653,False,False,True,False,100,-1.5917439570663963
policy,56639,11171,11121,1674.0,250654,False,False,False,True,40,-0.9868897605632485
policy,56739,11191,11141,1676.9,250655,False,False,True,False,100,-1.2912553600978025
policy,56839,11211,11161,1679.9,250656,False,False,True,False,100,-1.2670203990436377
policy,56939,11231,11181,1682.8,250657,False,False,True,False,100,-1.5980434014007354
policy,57039,11251,11201,1685.8,250658,False,False,True,False,100,-1.3503842088384914
policy,57139,11271,11221,1688.8,250659,False,False,True,False,100,-1.4237094876498173
policy,57173,11278,11228,1689.9,250660,False,False,False,True,34,-0.8987726380254706
policy,57223,11288,11238,1691.4,250661,False,False,False,True,50,-1.0514177588653992
policy,57229,11289,11239,1691.5,250662,False,False,False,True,6,-0.5936832785129247
policy,57329,11309,11259,1694.5,250663,False,False,False,True,100,-1.5733394880215867
policy,57429,11329,11279,1697.4,250664,False,False,True,False,100,-1.8012689008799974
policy,57502,11344,11294,1699.6,250665,False,False,False,True,73,-1.3874590562221498
policy,57562,11356,11306,1701.4,250666,False,False,False,True,60,-0.9752003961351723
policy,57662,11376,11326,1704.4,250667,False,False,True,False,100,-1.6725734475935188
policy,57747,11393,11343,1707.1,250668,False,False,False,True,85,-1.1077813159564194
policy,57847,11413,11363,1710.3,250669,False,False,True,False,100,-1.2785466011901954
policy,57874,11418,11368,1711.1,250670,False,False,False,True,27,-0.9168096420997827
policy,57958,11435,11385,1713.9,250671,False,False,False,True,84,-1.2393168670904384
policy,58058,11455,11405,1717.2,250672,False,False,True,False,100,-1.393745192849103
policy,58071,11458,11408,1717.7,250673,False,False,False,True,13,-0.7019291733326706
policy,58163,11476,11426,1720.5,250674,False,False,False,True,92,-1.1334450539791625
policy,58263,11496,11446,1723.5,250675,False,False,True,False,100,-1.5773842649942669
policy,58363,11516,11466,1726.4,250676,False,True,True,False,100,-1.5979909157886716
policy,58420,11527,11477,1728.0,250677,False,False,False,True,57,-1.077488906371443
policy,58477,11539,11489,1729.8,250678,False,False,False,True,57,-0.8517506274339826
policy,58577,11559,11509,1732.7,250679,False,False,True,False,100,-1.3983374566016933
policy,58670,11577,11527,1735.4,250680,False,False,False,True,93,-1.6204163312048538
policy,58770,11597,11547,1738.4,250681,False,False,True,False,100,-1.562145122242132
policy,58870,11617,11567,1741.6,250682,False,False,True,False,100,-1.321535044553806
policy,58970,11637,11587,1744.8,250683,False,False,True,False,100,-1.4844687009218913
policy,59070,11657,11607,1748.0,250684,False,False,True,False,100,-1.6789842588991584
policy,59161,11676,11626,1751.0,250685,False,False,False,True,91,-1.1173002903861147
policy,59261,11696,11646,1753.9,250686,False,False,True,False,100,-1.3335193911167944
policy,59361,11716,11666,1756.8,250687,False,False,True,False,100,-1.1767303778759484
policy,59461,11736,11686,1759.8,250688,False,False,True,False,100,-1.4300856183705841
policy,59561,11756,11706,1762.7,250689,False,False,True,False,100,-1.219836992964538
policy,59661,11776,11726,1765.7,250690,False,False,True,False,100,-1.698608938524147
policy,59751,11794,11744,1768.5,250691,False,False,False,True,90,-1.304680270946779
policy,59787,11801,11751,1769.6,250692,False,False,False,True,36,-1.2370554985674107
policy,59887,11821,11771,1772.8,250693,False,False,True,False,100,-1.162140096821563
policy,59987,11841,11791,1776.1,250694,False,False,True,False,100,-1.2071535804568134
policy,60087,11861,11811,1779.3,250695,False,False,True,False,100,-1.2157139637657148
policy,60187,11881,11831,1782.4,250696,False,False,True,False,100,-1.5185379485224824
policy,60239,11891,11841,1784.0,250697,False,False,False,True,52,-1.1764360261863416
policy,60339,11911,11861,1787.1,250698,False,False,True,False,100,-1.3036567438329907
policy,60439,11931,11881,1790.1,250699,False,False,True,False,100,-1.3646227244457765
policy,60539,11951,11901,1793.1,250700,False,False,True,False,100,-1.162990008292733
policy,60639,11971,11921,1796.2,250701,False,False,True,False,100,-1.4239021248313533
policy,60739,11991,11941,1799.1,250702,False,False,True,False,100,-1.2442709929086617
policy,60839,12011,11961,1802.1,250703,False,False,True,False,100,-1.4174469199871806
policy,60939,12031,11981,1805.4,250704,False,False,True,False,100,-1.1343107118031188
policy,61039,12051,12001,1808.5,250705,False,False,True,False,100,-1.4746809737629945
policy,61123,12068,12018,1811.1,250706,False,False,False,True,84,-1.1066420921143332
policy,61223,12088,12038,1814.3,250707,False,False,True,False,100,-1.3063864830801932
policy,61323,12108,12058,1817.5,250708,False,False,True,False,100,-1.2412000805738117
policy,61371,12118,12068,1819.2,250709,False,False,False,True,48,-0.8107961545416318
policy,61471,12138,12088,1822.2,250710,False,False,True,False,100,-1.6986846980035946
policy,61511,12146,12096,1823.4,250711,False,False,False,True,40,-0.9869494891618056
policy,61611,12166,12116,1826.4,250712,False,False,True,False,100,-1.235929458911166
policy,61711,12186,12136,1829.4,250713,False,False,True,False,100,-1.1280902831125905
policy,61811,12206,12156,1832.5,250714,False,False,True,False,100,-1.1730938278061518
policy,61911,12226,12176,1835.6,250715,False,False,True,False,100,-1.4284615946943153
policy,62011,12246,12196,1838.9,250716,False,False,True,False,100,-1.511393007548777
policy,62111,12266,12216,1842.2,250717,False,False,True,False,100,-1.123628686512884
policy,62192,12282,12232,1844.9,250718,False,False,False,True,81,-1.5772091715348568
policy,62292,12302,12252,1848.4,250719,False,False,True,False,100,-1.2760068344186908
policy,62392,12322,12272,1851.4,250720,False,False,True,False,100,-1.281749183300879
policy,62427,12329,12279,1852.4,250721,False,False,False,True,35,-0.8251516047059163
policy,62527,12349,12299,1855.4,250722,False,False,True,False,100,-1.4873388528062619
policy,62578,12359,12309,1856.9,250723,False,False,False,True,51,-0.9515496233136035
policy,62663,12376,12326,1859.6,250724,False,False,False,True,85,-1.3955135140790909
policy,62727,12389,12339,1861.6,250725,False,False,False,True,64,-1.1566840991737295
policy,62827,12409,12359,1864.8,250726,False,False,True,False,100,-1.1004302917944915
policy,62857,12415,12365,1865.8,250727,False,False,False,True,30,-0.8092514360558607
policy,62909,12425,12375,1867.4,250728,False,False,False,True,52,-0.903481444913886
policy,63009,12445,12395,1870.7,250729,False,False,True,False,100,-1.4799900626452271
policy,63039,12451,12401,1871.7,250730,False,False,False,True,30,-0.826419345859106
policy,63059,12455,12405,1872.4,250731,False,False,False,True,20,-0.8711087636588414
policy,63148,12473,12423,1875.5,250732,False,False,False,True,89,-1.4614510513370207
policy,63248,12493,12443,1878.7,250733,False,False,True,False,100,-1.3315946334245763
policy,63348,12513,12463,1881.6,250734,False,False,True,False,100,-1.1810981350097207
policy,63448,12533,12483,1884.6,250735,False,False,True,False,100,-1.2844182163584308
policy,63548,12553,12503,1887.6,250736,False,False,True,False,100,-1.1248124384641491
policy,63648,12573,12523,1890.6,250737,False,False,True,False,100,-1.285078954539072
policy,63748,12593,12543,1893.7,250738,False,False,True,False,100,-1.6240406096407942
policy,63803,12604,12554,1895.5,250739,False,False,False,True,55,-1.0691827415185755
policy,63824,12608,12558,1896.1,250740,False,False,False,True,21,-0.7691168837734734
policy,63876,12619,12569,1898.1,250741,False,False,False,True,52,-1.1226958211276703
policy,63942,12632,12582,1900.4,250742,False,False,False,True,66,-1.4166389028551074
policy,64042,12652,12602,1903.7,250743,False,False,True,False,100,-1.434427287023225
policy,64112,12666,12616,1905.8,250744,False,False,False,True,70,-1.3303120487227664
policy,64161,12676,12626,1907.3,250745,False,False,False,True,49,-0.9220420673638996
policy,64261,12696,12646,1910.3,250746,False,False,True,False,100,-1.659741995123337
policy,64361,12716,12666,1913.4,250747,False,False,True,False,100,-1.35487859155932
policy,64461,12736,12686,1916.5,250748,False,False,True,False,100,-1.5298466170945773
policy,64561,12756,12706,1919.5,250749,False,False,True,False,100,-1.165100520269182
policy,64634,12770,12720,1921.6,250750,False,False,False,True,73,-1.0624105329689382
policy,64691,12782,12732,1923.4,250751,False,False,False,True,57,-0.9511792485309305
policy,64715,12786,12736,1924.0,250752,False,False,False,True,24,-0.7108355702925324
policy,64815,12806,12756,1927.2,250753,False,False,True,False,100,-1.6622346280423967
policy,64915,12826,12776,1930.3,250754,False,True,True,False,100,-1.3628306092112203
policy,64940,12831,12781,1931.1,250755,False,False,False,True,25,-0.7478754448458121
policy,65040,12851,12801,1934.3,250756,False,False,True,False,100,-1.4409284647056637
policy,65093,12862,12812,1936.0,250757,False,False,False,True,53,-0.9926486314209071
policy,65193,12882,12832,1939.3,250758,False,False,True,False,100,-1.462351113890592
policy,65293,12902,12852,1942.6,250759,False,False,True,False,100,-1.5291527272413972
policy,65393,12922,12872,1945.7,250760,False,False,True,False,100,-1.4476254903907364
policy,65457,12935,12885,1947.7,250761,False,False,False,True,64,-1.1518185914544792
policy,65464,12936,12886,1947.9,250762,False,False,False,True,7,-0.8573191646351674
policy,65564,12956,12906,1951.0,250763,False,False,True,False,100,-1.265863170879642
policy,65664,12976,12926,1954.0,250764,False,False,True,False,100,-1.2241418242195943
policy,65764,12996,12946,1957.2,250765,False,False,True,False,100,-1.2018672996956852
policy,65864,13016,12966,1960.3,250766,False,False,True,False,100,-1.4296660731844142
policy,65943,13032,12982,1962.8,250767,False,False,False,True,79,-1.4022303821883975
policy,65989,13041,12991,1964.3,250768,False,False,False,True,46,-1.0438707704483665
policy,66089,13061,13011,1967.6,250769,False,False,True,False,100,-1.2898173711003182
policy,66112,13066,13016,1968.4,250770,False,False,False,True,23,-0.6648469532146816
policy,66174,13078,13028,1970.3,250771,False,False,False,True,62,-0.9674353819377678
policy,66274,13098,13048,1973.6,250772,False,False,True,False,100,-1.395302750095589
policy,66342,13112,13062,1975.9,250773,False,False,False,True,68,-1.0375411956917011
policy,66442,13132,13082,1979.0,250774,False,False,True,False,100,-1.3472915948553217
policy,66477,13139,13089,1980.1,250775,False,False,False,True,35,-0.9370372636894955
policy,66556,13155,13105,1982.6,250776,False,False,False,True,79,-1.3074990779342066
policy,66656,13175,13125,1985.5,250777,False,False,True,False,100,-1.4558781839026795
policy,66756,13195,13145,1988.4,250778,False,False,True,False,100,-1.1365611127977755
policy,66856,13215,13165,1991.3,250779,False,False,True,False,100,-1.5251090760009234
policy,66863,13216,13166,1991.5,250780,False,False,False,True,7,-0.7080062399274976
policy,66963,13236,13186,1994.4,250781,False,False,True,False,100,-1.106650366262675
policy,67063,13256,13206,1997.4,250782,False,False,True,False,100,-1.3599853667751822
policy,67163,13276,13226,2000.4,250783,False,False,True,False,100,-1.8065443027100745
policy,67263,13296,13246,2003.4,250784,False,False,True,False,100,-1.5353713719266342
policy,67346,13313,13263,2005.9,250785,False,False,False,True,83,-1.5752098453505754
policy,67420,13327,13277,2008.0,250786,False,False,False,True,74,-1.0874797315896303
policy,67520,13347,13297,2011.0,250787,False,False,True,False,100,-1.4076906979010035
policy,67567,13357,13307,2012.5,250788,False,False,False,True,47,-0.93265484784504
policy,67667,13377,13327,2015.7,250789,False,False,True,False,100,-1.4465523272922822
policy,67767,13397,13347,2018.9,250790,False,False,True,False,100,-1.305772688261729
policy,67867,13417,13367,2022.0,250791,False,False,True,False,100,-1.3702248003620803
policy,67967,13437,13387,2024.9,250792,False,True,True,False,100,-1.7540436331752831
policy,68067,13457,13407,2027.9,250793,False,False,True,False,100,-1.2271006472468509
policy,68131,13470,13420,2030.0,250794,False,False,False,True,64,-0.9441836599836897
policy,68231,13490,13440,2033.1,250795,False,False,True,False,100,-1.5591845843169287
policy,68331,13510,13460,2036.2,250796,False,False,True,False,100,-1.6757025132463146
policy,68366,13517,13467,2037.3,250797,False,False,False,True,35,-0.9205165333245728
policy,68452,13534,13484,2039.9,250798,False,False,False,True,86,-1.5681265239941746
policy,68552,13554,13504,2043.1,250799,False,False,True,False,100,-1.4389198360526847
policy,68652,13574,13524,2046.3,250800,False,False,True,False,100,-1.1414625384254762
policy,68713,13586,13536,2048.1,250801,False,False,False,True,61,-1.1701079987589944
policy,68748,13593,13543,2049.2,250802,False,False,False,True,35,-1.0766854209531325
policy,68789,13601,13551,2050.4,250803,False,False,False,True,41,-0.915006097538853
policy,68889,13621,13571,2053.4,250804,False,False,True,False,100,-1.2184578284246719
policy,68989,13641,13591,2056.3,250805,False,False,True,False,100,-1.6167162961575086
policy,69089,13661,13611,2059.3,250806,False,False,True,False,100,-1.3409491280969816
policy,69189,13681,13631,2062.3,250807,False,False,True,False,100,-1.0821878343182427
policy,69227,13689,13639,2063.6,250808,False,False,False,True,38,-0.9620582496653756
policy,69302,13704,13654,2065.9,250809,False,False,False,True,75,-1.1634098546065146
policy,69402,13724,13674,2068.9,250810,False,False,True,False,100,-1.4187194574510213
policy,69502,13744,13694,2071.9,250811,False,False,True,False,100,-1.3559104459988118
policy,69602,13764,13714,2075.0,250812,False,False,True,False,100,-1.6632344653350755
policy,69614,13766,13716,2075.3,250813,False,False,False,True,12,-0.7357279930478762
policy,69714,13786,13736,2078.3,250814,False,False,True,False,100,-1.6555649345548646
policy,69814,13806,13756,2081.3,250815,False,False,True,False,100,-1.1264586744601852
policy,69914,13826,13776,2084.2,250816,False,False,True,False,100,-1.3804438157227708
policy,70014,13846,13796,2087.3,250817,False,False,True,False,100,-1.2260972602858993
policy,70114,13866,13816,2090.3,250818,False,False,True,False,100,-1.5459568369931607
policy,70214,13886,13836,2093.2,250819,False,False,True,False,100,-1.3431985269542204
policy,70314,13906,13856,2096.2,250820,False,False,True,False,100,-1.4819892712820018
policy,70414,13926,13876,2099.2,250821,False,False,True,False,100,-1.0572589493967022
policy,70432,13930,13880,2099.8,250822,False,False,False,True,18,-0.7943101389688553
policy,70532,13950,13900,2103.0,250823,False,False,True,False,100,-1.5422491104585059
policy,70632,13970,13920,2106.0,250824,False,False,True,False,100,-1.369908038081716
policy,70707,13985,13935,2108.3,250825,False,False,False,True,75,-1.4093785061358284
policy,70742,13992,13942,2109.4,250826,False,False,False,True,35,-0.947174951331418
policy,70810,14005,13955,2111.4,250827,False,False,False,True,68,-1.0608665505824357
policy,70907,14025,13975,2114.5,250828,False,False,False,True,97,-1.333537052702163
policy,70988,14041,13991,2117.0,250829,False,False,False,True,81,-0.9761360580600066
policy,71048,14053,14003,2118.9,250830,False,False,False,True,60,-1.2504875770570174
policy,71082,14060,14010,2120.0,250831,False,False,False,True,34,-0.924884930926043
policy,71135,14070,14020,2121.5,250832,False,False,False,True,53,-0.9044987404722715
policy,71175,14078,14028,2122.8,250833,False,False,False,True,40,-0.8574712655072027
policy,71275,14098,14048,2125.8,250834,False,False,True,False,100,-1.5760586786341617
policy,71287,14101,14051,2126.3,250835,False,False,False,True,12,-0.7519018831992104
policy,71343,14112,14062,2128.0,250836,False,False,False,True,56,-0.913868854599071
policy,71443,14132,14082,2131.1,250837,False,False,True,False,100,-1.3313891236649018
policy,71543,14152,14102,2134.1,250838,False,False,True,False,100,-1.349624194207997
policy,71643,14172,14122,2137.3,250839,False,False,True,False,100,-1.7794871702294155
policy,71743,14192,14142,2140.4,250840,False,False,True,False,100,-1.299850777081015
policy,71775,14198,14148,2141.2,250841,False,False,False,True,32,-1.1905742623190547
policy,71794,14202,14152,2141.8,250842,False,False,False,True,19,-0.8332992248563202
policy,71894,14222,14172,2144.8,250843,False,False,True,False,100,-1.3243112919109965
policy,71919,14227,14177,2145.5,250844,False,False,False,True,25,-0.9296203120280312
policy,72019,14247,14197,2148.5,250845,False,False,False,True,100,-1.2177968754232307
policy,72119,14267,14217,2151.4,250846,False,False,True,False,100,-1.3184278563118048
policy,72219,14287,14237,2154.5,250847,False,False,True,False,100,-1.3956275922707309
policy,72278,14299,14249,2156.3,250848,False,False,False,True,59,-1.116204376809109
policy,72378,14319,14269,2159.4,250849,False,False,True,False,100,-1.380087395753051
policy,72388,14321,14271,2159.7,250850,False,False,False,True,10,-0.7929998529597894
policy,72488,14341,14291,2162.8,250851,False,False,True,False,100,-1.1456588962893157
policy,72588,14361,14311,2165.9,250852,False,False,True,False,100,-1.2849021011297674
policy,72688,14381,14331,2168.9,250853,False,False,True,False,100,-1.7280524386768485
policy,72788,14401,14351,2171.9,250854,False,False,True,False,100,-1.1105310572056533
policy,72888,14421,14371,2174.9,250855,False,False,True,False,100,-1.3128066371485496
policy,72988,14441,14391,2177.9,250856,False,False,True,False,100,-1.4964823578464415
policy,73088,14461,14411,2180.9,250857,False,False,True,False,100,-1.427971100865549
policy,73188,14481,14431,2183.9,250858,False,False,True,False,100,-1.479646686457516
policy,73261,14496,14446,2186.2,250859,False,False,False,True,73,-1.3089166731555548
policy,73361,14516,14466,2189.2,250860,False,False,True,False,100,-1.301826838641614
policy,73461,14536,14486,2192.2,250861,False,False,True,False,100,-1.5229627779109083
policy,73561,14556,14506,2195.2,250862,False,False,True,False,100,-1.7270898091884888
policy,73661,14576,14526,2198.2,250863,False,False,True,False,100,-1.3347001494954207
policy,73665,14576,14526,2198.2,250864,False,False,False,True,4,-0.688064708245063
policy,73765,14596,14546,2201.2,250865,False,False,True,False,100,-1.46597512612938
policy,73865,14616,14566,2204.2,250866,False,False,True,False,100,-1.101633040982537
policy,73965,14636,14586,2207.3,250867,False,False,True,False,100,-1.2633400199737985
policy,74003,14644,14594,2208.5,250868,False,False,False,True,38,-0.7840159881689732
policy,74103,14664,14614,2211.7,250869,False,False,True,False,100,-1.6322661070659135
policy,74203,14684,14634,2214.8,250870,False,False,True,False,100,-1.2017662143165806
policy,74303,14704,14654,2218.0,250871,False,False,True,False,100,-1.393140161931678
policy,74349,14713,14663,2219.5,250872,False,False,False,True,46,-1.2107742765919307
policy,74449,14733,14683,2222.6,250873,False,False,True,False,100,-1.376057280812545
policy,74488,14741,14691,2223.7,250874,False,False,False,True,39,-0.9831312881954202
policy,74522,14748,14698,2224.8,250875,False,False,False,True,34,-0.7364677663498133
policy,74573,14758,14708,2226.2,250876,False,False,False,True,51,-1.0557096588494863
policy,74655,14774,14724,2228.6,250877,False,False,False,True,82,-1.1981768481708936
policy,74680,14779,14729,2229.3,250878,False,False,False,True,25,-0.7732805528485434
policy,74780,14799,14749,2232.2,250879,False,False,True,False,100,-1.503206883399336
policy,74827,14809,14759,2233.7,250880,False,False,False,True,47,-0.8773616945034439
policy,74927,14829,14779,2236.7,250881,False,False,True,False,100,-1.6533341962451498
policy,75027,14849,14799,2239.7,250882,False,False,True,False,100,-1.1737878022497439
policy,75127,14869,14819,2242.9,250883,False,False,True,False,100,-1.5660947597107895
policy,75197,14883,14833,2245.1,250884,False,False,False,True,70,-1.0733001350275022
policy,75297,14903,14853,2248.3,250885,False,False,True,False,100,-1.1379323626315356
policy,75333,14910,14860,2249.5,250886,False,False,False,True,36,-1.1607017584014052
policy,75433,14930,14880,2252.4,250887,False,False,True,False,100,-1.575814571235692
policy,75463,14936,14886,2253.3,250888,False,False,False,True,30,-0.9400944070340258
policy,75563,14956,14906,2256.3,250889,False,False,True,False,100,-1.5063373939405074
policy,75663,14976,14926,2259.4,250890,False,False,True,False,100,-1.3694425217026933
policy,75763,14996,14946,2262.4,250891,False,False,True,False,100,-1.2590522261877586
policy,75847,15013,14963,2265.0,250892,False,False,False,True,84,-1.1114013806041818
policy,75870,15017,14967,2265.6,250893,False,False,False,True,23,-0.7721736076904546
policy,75970,15037,14987,2268.7,250894,False,False,True,False,100,-1.4503117583938354
policy,76070,15057,15007,2271.8,250895,False,False,True,False,100,-1.5724262623002931
policy,76160,15075,15025,2274.6,250896,False,False,False,True,90,-1.672383472502764
policy,76260,15095,15045,2277.8,250897,False,False,True,False,100,-1.331328234160062
policy,76296,15103,15053,2279.0,250898,False,False,False,True,36,-0.9738966313693109
policy,76396,15123,15073,2282.2,250899,False,False,True,False,100,-1.1117753177351695
policy,76469,15137,15087,2284.4,250900,False,False,False,True,73,-1.0347790342691319
policy,76489,15141,15091,2285.0,250901,False,False,False,True,20,-0.6450369192140692
policy,76512,15146,15096,2285.7,250902,False,False,False,True,23,-0.9007516018506397
policy,76610,15165,15115,2288.7,250903,False,False,False,True,98,-1.326385418029226
policy,76653,15174,15124,2290.1,250904,False,False,False,True,43,-0.9427110997001977
policy,76753,15194,15144,2293.2,250905,False,False,True,False,100,-1.3446895322094503
policy,76772,15198,15148,2293.8,250906,False,False,False,True,19,-0.757726450903583
policy,76872,15218,15168,2296.9,250907,False,False,True,False,100,-1.5212268036272683
policy,76967,15237,15187,2299.9,250908,False,False,False,True,95,-1.4823511996499708
policy,77052,15254,15204,2302.5,250909,False,False,False,True,85,-1.384016327576357
policy,77152,15274,15224,2305.5,250910,False,False,True,False,100,-1.156918199127662
policy,77218,15287,15237,2307.5,250911,False,False,False,True,66,-1.0931361054120416
policy,77318,15307,15257,2310.6,250912,False,False,True,False,100,-1.356344285292026
policy,77418,15327,15277,2313.7,250913,False,False,True,False,100,-1.407822919780322
policy,77518,15347,15297,2316.8,250914,False,False,True,False,100,-1.7530307884345517
policy,77618,15367,15317,2319.7,250915,False,False,True,False,100,-1.0738343296986543
policy,77718,15387,15337,2322.7,250916,False,False,True,False,100,-1.403071492695989
policy,77754,15394,15344,2323.7,250917,False,False,False,True,36,-1.0020199485362433
policy,77854,15414,15364,2326.7,250918,False,False,True,False,100,-1.1994546909776629
policy,77954,15434,15384,2329.6,250919,False,False,True,False,100,-1.6396185622359725
policy,78054,15454,15404,2332.7,250920,False,False,True,False,100,-1.8565004120347308
policy,78064,15456,15406,2333.0,250921,False,False,False,True,10,-0.7349031885234314
policy,78164,15476,15426,2336.1,250922,False,False,True,False,100,-1.186145044059712
policy,78182,15480,15430,2336.7,250923,False,False,False,True,18,-0.8435074780268035
policy,78264,15496,15446,2339.2,250924,False,False,False,True,82,-1.3059900507211935
policy,78332,15510,15460,2341.4,250925,False,False,False,True,68,-1.324960693168479
policy,78432,15530,15480,2344.4,250926,False,False,True,False,100,-1.3397053600045001
policy,78532,15550,15500,2347.4,250927,False,False,True,False,100,-1.3254634054301695
policy,78632,15570,15520,2350.4,250928,False,False,True,False,100,-1.3051714557666485
policy,78732,15590,15540,2353.4,250929,False,False,True,False,100,-1.328226339616181
policy,78832,15610,15560,2356.5,250930,False,False,True,False,100,-1.4857448390078578
policy,78902,15624,15574,2358.7,250931,False,False,False,True,70,-0.9317453629884357
policy,79002,15644,15594,2362.0,250932,False,False,True,False,100,-1.49402697044133
policy,79102,15664,15614,2365.1,250933,False,False,True,False,100,-1.5783262838509975
policy,79202,15684,15634,2368.4,250934,False,False,True,False,100,-1.4159659568761
policy,79244,15692,15642,2369.6,250935,False,False,False,True,42,-1.0011195031573976
policy,79344,15712,15662,2372.7,250936,False,False,True,False,100,-1.4816182551505763
policy,79444,15732,15682,2375.8,250937,False,False,True,False,100,-1.4587177305124572
policy,79544,15752,15702,2379.0,250938,False,False,True,False,100,-1.5442356587484416
policy,79644,15772,15722,2382.2,250939,False,False,True,False,100,-1.2593168388574782
policy,79744,15792,15742,2385.4,250940,False,False,True,False,100,-1.1040823028118907
policy,79844,15812,15762,2388.5,250941,False,False,True,False,100,-1.253806101595193
policy,79944,15832,15782,2391.7,250942,False,False,True,False,100,-1.1185560754649888
policy,80044,15852,15802,2394.9,250943,False,False,True,False,100,-1.602162429818393
policy,80144,15872,15822,2398.0,250944,False,False,True,False,100,-1.4807017824630466
policy,80205,15884,15834,2399.9,250945,False,False,False,True,61,-1.2027479571459825
policy,80305,15904,15854,2403.0,250946,False,False,True,False,100,-1.4141257928855424
policy,80405,15924,15874,2406.5,250947,False,False,True,False,100,-1.392009661370368
policy,80416,15927,15877,2406.9,250948,False,False,False,True,11,-0.6201560551883833
policy,80516,15947,15897,2410.1,250949,False,True,True,False,100,-1.3618118980472729
policy,80616,15967,15917,2413.3,250950,False,False,True,False,100,-1.3934818308011327
policy,80656,15975,15925,2414.6,250951,False,False,False,True,40,-1.0509547250113527
policy,80756,15995,15945,2417.7,250952,False,False,True,False,100,-1.1697256238750686
policy,80856,16015,15965,2420.8,250953,False,False,True,False,100,-1.4305796720098414
policy,80926,16029,15979,2423.0,250954,False,False,False,True,70,-1.1413789407963484
policy,80965,16036,15986,2424.1,250955,False,False,False,True,39,-1.1188921675773145
policy,81065,16056,16006,2427.2,250956,False,False,True,False,100,-1.2905233868378385
policy,81134,16070,16020,2429.4,250957,False,False,False,True,69,-1.1032309168096444
policy,81210,16085,16035,2431.6,250958,False,False,False,True,76,-1.2898230898470842
policy,81244,16092,16042,2432.7,250959,False,False,False,True,34,-0.910477410799041
policy,81281,16100,16050,2433.9,250960,False,False,False,True,37,-0.9334972497337771
policy,81366,16117,16067,2436.6,250961,False,False,False,True,85,-1.3827833779932046
policy,81446,16133,16083,2439.0,250962,False,False,False,True,80,-1.1281883145001756
policy,81481,16140,16090,2440.1,250963,False,False,False,True,35,-1.023712472311106
policy,81553,16154,16104,2442.3,250964,False,False,False,True,72,-1.3769407251889307
policy,81569,16157,16107,2442.8,250965,False,False,False,True,16,-0.7684739937251583
policy,81635,16170,16120,2444.7,250966,False,False,False,True,66,-0.9427715201862442
policy,81735,16190,16140,2447.6,250967,False,False,True,False,100,-1.4267617175342688
policy,81804,16204,16154,2449.7,250968,False,False,False,True,69,-1.323952669813981
policy,81904,16224,16174,2452.7,250969,False,False,True,False,100,-1.2918257153396189
policy,82004,16244,16194,2455.7,250970,False,False,True,False,100,-1.5520036216928355
policy,82052,16254,16204,2457.2,250971,False,False,False,True,48,-1.0086679925738018
policy,82055,16254,16204,2457.2,250972,False,False,False,True,3,-0.6533787137368003
policy,82155,16274,16224,2460.3,250973,False,False,True,False,100,-1.3877026049775028
policy,82255,16294,16244,2463.3,250974,False,False,True,False,100,-1.5597407133991639
policy,82308,16305,16255,2464.9,250975,False,False,False,True,53,-1.0932830650872067
policy,82408,16325,16275,2468.7,250976,False,False,True,False,100,-1.3991947561928724
policy,82508,16345,16295,2473.2,250977,False,True,True,False,100,-1.4069774406335847
policy,82600,16363,16313,2476.3,250978,False,False,False,True,92,-1.3098580791310201
policy,82700,16383,16333,2479.6,250979,False,False,True,False,100,-1.614611210213542
policy,82800,16403,16353,2489.8,250980,False,False,True,False,100,-1.2731890445381073
policy,82900,16423,16373,2492.9,250981,False,False,True,False,100,-1.622054914376099
policy,82932,16430,16380,2497.3,250982,False,False,False,True,32,-0.8038847081467517
policy,83032,16450,16400,2507.6,250983,False,False,True,False,100,-1.5674550751549896
policy,83125,16468,16418,2517.9,250984,False,False,False,True,93,-1.5492438121281582
policy,83225,16488,16438,2527.7,250985,False,False,True,False,100,-1.5276427140676887
policy,83245,16492,16442,2529.7,250986,False,False,False,True,20,-0.7989340224926518
policy,83293,16502,16452,2533.9,250987,False,False,False,True,48,-0.9671139040299124
policy,83339,16511,16461,2536.9,250988,False,False,False,True,46,-1.0175670878050773
policy,83391,16522,16472,2540.0,250989,False,False,False,True,52,-1.0595879176049177
policy,83491,16542,16492,2545.9,250990,False,False,True,False,100,-1.8413140879559164
policy,83533,16550,16500,2548.2,250991,False,False,False,True,42,-0.8729667336634086
policy,83633,16570,16520,2554.3,250992,False,False,True,False,100,-1.3189372594421667
policy,83693,16582,16532,2559.5,250993,False,False,False,True,60,-1.2084642835228454
policy,83746,16593,16543,2565.6,250994,False,False,False,True,53,-0.8196252439428529
policy,83756,16595,16545,2566.2,250995,False,False,False,True,10,-0.7752564334293333
policy,83846,16613,16563,2569.1,250996,False,False,False,True,90,-1.2262814298770208
policy,83883,16620,16570,2570.1,250997,False,False,False,True,37,-0.9843177302029562
policy,83983,16640,16590,2572.8,250998,False,False,True,False,100,-1.2894225000414532
policy,84001,16644,16594,2573.4,250999,False,False,False,True,18,-0.9622584446900634
policy,84056,16655,16605,2574.7,251000,False,False,False,True,55,-1.1291071565724402
policy,84080,16659,16609,2575.2,251001,False,False,False,True,24,-0.9212761150484783
policy,84104,16664,16614,2575.8,251002,False,False,False,True,24,-0.9275951577078364
policy,84204,16684,16634,2578.4,251003,False,False,True,False,100,-1.7826991964980177
policy,84298,16703,16653,2580.8,251004,False,False,False,True,94,-1.4260283742773474
policy,84398,16723,16673,2583.3,251005,False,False,True,False,100,-1.2660254820752057
policy,84487,16741,16691,2585.6,251006,False,False,False,True,89,-1.2705277325393012
policy,84587,16761,16711,2588.3,251007,False,False,True,False,100,-1.1745783895163115
policy,84687,16781,16731,2590.8,251008,False,False,True,False,100,-1.10494471046624
policy,84787,16801,16751,2593.3,251009,False,False,True,False,100,-1.5050556739933585
policy,84820,16807,16757,2594.0,251010,False,False,False,True,33,-0.8826956339949523
policy,84920,16827,16777,2596.6,251011,False,False,True,False,100,-1.733065749850673
policy,84981,16840,16790,2598.2,251012,False,False,False,True,61,-1.2475718803061508
policy,85064,16856,16806,2600.2,251013,False,False,False,True,83,-1.26569810926543
policy,85123,16868,16818,2601.7,251014,False,False,False,True,59,-0.9092046364596168
policy,85223,16888,16838,2604.2,251015,False,False,True,False,100,-1.5445614326589059
policy,85323,16908,16858,2606.7,251016,False,False,True,False,100,-1.1162848505554201
policy,85344,16912,16862,2607.3,251017,False,False,False,True,21,-0.6732149167472392
policy,85444,16932,16882,2609.9,251018,False,False,True,False,100,-1.4050248046959986
policy,85544,16952,16902,2612.5,251019,False,False,True,False,100,-1.5073705878001018
policy,85644,16972,16922,2615.1,251020,False,False,True,False,100,-1.392973337017687
policy,85686,16981,16931,2616.3,251021,False,False,False,True,42,-0.9135248904236762
policy,85786,17001,16951,2619.0,251022,False,False,True,False,100,-1.425715883396478
policy,85886,17021,16971,2621.8,251023,False,False,True,False,100,-1.4441026977535922
policy,85892,17022,16972,2621.9,251024,False,False,False,True,6,-0.7758417047610476
policy,85970,17037,16987,2624.0,251025,False,False,False,True,78,-1.1613305334096005
policy,86022,17048,16998,2625.6,251026,False,False,False,True,52,-1.112881172908681
policy,86122,17068,17018,2628.4,251027,False,False,True,False,100,-1.5477256248034892
policy,86222,17088,17038,2630.9,251028,False,False,True,False,100,-1.3289503393397821
policy,86322,17108,17058,2633.5,251029,False,False,True,False,100,-1.318972724079805
policy,86378,17119,17069,2634.9,251030,False,False,False,True,56,-0.9698667503982915
policy,86431,17130,17080,2636.4,251031,False,False,False,True,53,-0.9049082374721209
policy,86500,17143,17093,2638.1,251032,False,False,False,True,69,-1.3030173585827245
policy,86600,17163,17113,2640.9,251033,False,False,True,False,100,-1.2292812617999447
policy,86627,17169,17119,2641.8,251034,False,False,False,True,27,-0.929385342853675
policy,86727,17189,17139,2644.6,251035,False,False,True,False,100,-1.249196985900641
policy,86827,17209,17159,2647.4,251036,False,False,True,False,100,-1.4088408805685224
policy,86927,17229,17179,2650.2,251037,False,False,True,False,100,-1.5052616927520928
policy,87027,17249,17199,2653.1,251038,False,False,True,False,100,-1.3795217524075152
policy,87127,17269,17219,2655.8,251039,False,False,True,False,100,-1.226280600182855
policy,87144,17272,17222,2656.2,251040,False,False,False,True,17,-0.6325003144356436
policy,87219,17287,17237,2658.3,251041,False,False,False,True,75,-1.2937483186098766
policy,87319,17307,17257,2661.2,251042,False,False,True,False,100,-1.8157651789521636
policy,87330,17309,17259,2661.4,251043,False,False,False,True,11,-0.7338956444426636
policy,87430,17329,17279,2664.4,251044,False,False,True,False,100,-1.3939495100620123
policy,87530,17349,17299,2667.3,251045,False,False,True,False,100,-1.4070246544773761
policy,87625,17368,17318,2670.1,251046,False,False,False,True,95,-1.4489536264538123
policy,87725,17388,17338,2672.9,251047,False,False,True,False,100,-1.4650544131856642
policy,87771,17398,17348,2674.4,251048,False,False,False,True,46,-1.1504536979938287
policy,87858,17415,17365,2676.9,251049,False,False,False,True,87,-1.029446762093463
policy,87958,17435,17385,2679.9,251050,False,False,True,False,100,-1.3760263218011382
policy,88058,17455,17405,2682.7,251051,False,False,True,False,100,-1.4214102677379952
policy,88095,17462,17412,2683.7,251052,False,False,False,True,37,-0.8867991453693431
policy,88192,17482,17432,2686.6,251053,False,False,False,True,97,-1.5548456247346614
policy,88292,17502,17452,2689.4,251054,False,False,True,False,100,-1.2277799365145934
policy,88392,17522,17472,2692.4,251055,False,False,True,False,100,-1.191628623700075
policy,88492,17542,17492,2695.3,251056,False,False,True,False,100,-1.6103430333106195
policy,88592,17562,17512,2698.1,251057,False,False,True,False,100,-1.1702702480140545
policy,88692,17582,17532,2701.0,251058,False,False,True,False,100,-1.3554366154020205
policy,88757,17595,17545,2702.9,251059,False,False,False,True,65,-1.3500405452075022
policy,88818,17607,17557,2705.1,251060,False,False,False,True,61,-0.9286783729714113
policy,88918,17627,17577,2708.1,251061,False,False,True,False,100,-1.4425800422246922
policy,88959,17635,17585,2709.3,251062,False,False,False,True,41,-0.8555929861482481
policy,89007,17645,17595,2710.8,251063,False,False,False,True,48,-1.0471035098548431
policy,89107,17665,17615,2713.6,251064,False,False,True,False,100,-1.2602117705537297
policy,89207,17685,17635,2716.6,251065,False,False,True,False,100,-1.4583082554694304
policy,89240,17691,17641,2717.5,251066,False,False,False,True,33,-0.9242885882720544
policy,89340,17711,17661,2720.3,251067,False,False,True,False,100,-1.1662952185864555
policy,89440,17731,17681,2723.1,251068,False,False,True,False,100,-1.5333823154339115
policy,89476,17739,17689,2724.3,251069,False,False,False,True,36,-1.089761625583456
policy,89576,17759,17709,2727.1,251070,False,False,True,False,100,-1.2055519266283736
policy,89676,17779,17729,2730.0,251071,False,False,True,False,100,-1.2660136292754718
policy,89776,17799,17749,2732.9,251072,False,False,True,False,100,-1.226832756321075
policy,89876,17819,17769,2735.8,251073,False,False,True,False,100,-1.3705958640756122
policy,89976,17839,17789,2739.2,251074,False,False,True,False,100,-1.4490166408199683
policy,90076,17859,17809,2742.2,251075,False,False,True,False,100,-1.4134610586711571
policy,90176,17879,17829,2745.3,251076,False,False,True,False,100,-1.233409226698185
policy,90267,17897,17847,2748.2,251077,False,False,False,True,91,-1.2489591529243438
policy,90360,17915,17865,2751.3,251078,False,False,False,True,93,-1.31345023472075
policy,90460,17935,17885,2754.4,251079,False,False,True,False,100,-1.5247894895984841
policy,90543,17952,17902,2756.9,251080,False,False,False,True,83,-1.3656773745549005
policy,90594,17962,17912,2758.4,251081,False,False,False,True,51,-1.1531233984004985
policy,90694,17982,17932,2761.2,251082,False,False,True,False,100,-1.4804671536952458
policy,90775,17998,17948,2763.5,251083,False,False,False,True,81,-1.17631569103321
policy,90875,18018,17968,2766.4,251084,False,False,True,False,100,-1.3313768654462015
policy,90906,18025,17975,2767.5,251085,False,False,False,True,31,-0.9111599246369462
policy,91006,18045,17995,2770.4,251086,False,False,True,False,100,-1.487158984353028
policy,91048,18053,18003,2771.6,251087,False,False,False,True,42,-0.8253222747251301
policy,91148,18073,18023,2774.5,251088,False,False,True,False,100,-1.4425472620108724
policy,91248,18093,18043,2777.5,251089,False,False,True,False,100,-1.3451326835689874
policy,91348,18113,18063,2780.7,251090,False,False,True,False,100,-1.442892007856521
policy,91407,18125,18075,2782.4,251091,False,False,False,True,59,-1.0418665657776194
policy,91507,18145,18095,2785.5,251092,False,False,True,False,100,-1.6587924256013755
policy,91554,18154,18104,2786.8,251093,False,False,False,True,47,-0.8261490130760334
policy,91632,18170,18120,2789.0,251094,False,False,False,True,78,-1.2693987943908773
policy,91732,18190,18140,2791.9,251095,False,False,True,False,100,-1.3716505876513598
policy,91832,18210,18160,2794.8,251096,False,False,True,False,100,-1.2339665168485465
policy,91932,18230,18180,2797.7,251097,False,False,True,False,100,-1.4043922760956469
policy,92003,18244,18194,2799.7,251098,False,False,False,True,71,-1.5147041602177818
policy,92052,18254,18204,2801.2,251099,False,False,False,True,49,-1.0840415167295614
policy,92152,18274,18224,2804.2,251100,False,False,True,False,100,-1.2020820807370205
policy,92252,18294,18244,2807.2,251101,False,False,True,False,100,-1.3118849430801478
policy,92296,18303,18253,2808.6,251102,False,False,False,True,44,-1.0319682374813925
policy,92394,18322,18272,2811.3,251103,False,True,False,True,98,-1.4106804727594766
policy,92433,18330,18280,2812.5,251104,False,True,False,True,39,-1.0081216992752338
policy,92533,18350,18300,2815.3,251105,False,False,True,False,100,-1.4360032484564997
policy,92633,18370,18320,2818.4,251106,False,False,True,False,100,-1.2822350242794132
policy,92733,18390,18340,2821.4,251107,False,False,True,False,100,-1.3142632892291117
policy,92833,18410,18360,2824.5,251108,False,False,True,False,100,-1.2202821571226896
policy,92933,18430,18380,2827.5,251109,False,False,True,False,100,-1.2506188217711443
policy,93033,18450,18400,2830.7,251110,False,False,True,False,100,-1.1868112234322141
policy,93133,18470,18420,2833.5,251111,False,False,True,False,100,-1.3959073581149073
policy,93233,18490,18440,2836.4,251112,False,False,True,False,100,-1.4381507566533436
policy,93333,18510,18460,2839.4,251113,False,False,True,False,100,-1.3819085713003467
policy,93423,18528,18478,2842.2,251114,False,False,False,True,90,-1.4952873597687155
policy,93521,18548,18498,2845.0,251115,False,False,False,True,98,-1.6406799790228668
policy,93602,18564,18514,2847.3,251116,False,False,False,True,81,-1.3598628030977342
policy,93617,18567,18517,2847.7,251117,False,False,False,True,15,-0.7484331237196642
policy,93717,18587,18537,2850.6,251118,False,False,True,False,100,-1.1051658636794857
policy,93817,18607,18557,2853.6,251119,False,False,True,False,100,-1.365138014378199
policy,93917,18627,18577,2856.5,251120,False,False,True,False,100,-1.3680629732960752
policy,94017,18647,18597,2859.2,251121,False,False,True,False,100,-1.6580258046378233
policy,94117,18667,18617,2861.9,251122,False,False,True,False,100,-1.6463301546271627
policy,94217,18687,18637,2864.8,251123,False,False,True,False,100,-1.2340746564636973
policy,94317,18707,18657,2867.6,251124,False,False,True,False,100,-1.1446028713267822
policy,94335,18710,18660,2868.0,251125,False,False,False,True,18,-0.9096454450779066
policy,94350,18713,18663,2868.5,251126,False,False,False,True,15,-0.7978541065526614
policy,94386,18721,18671,2869.6,251127,False,False,False,True,36,-0.7856440950537888
policy,94486,18741,18691,2872.6,251128,False,False,True,False,100,-1.401499966271058
policy,94586,18761,18711,2875.7,251129,False,False,True,False,100,-1.4106854672133398
policy,94650,18773,18723,2877.9,251130,False,False,False,True,64,-0.967100338207348
policy,94750,18793,18743,2881.1,251131,False,False,True,False,100,-1.253195188892868
policy,94850,18813,18763,2884.1,251132,False,False,True,False,100,-1.1996463406416793
policy,94950,18833,18783,2887.1,251133,False,False,True,False,100,-1.6157560316940347
policy,95050,18853,18803,2890.1,251134,False,False,True,False,100,-1.655278050168667
policy,95150,18873,18823,2892.7,251135,False,False,True,False,100,-1.470348040742659
policy,95201,18884,18834,2894.3,251136,False,False,False,True,51,-1.1796907948324966
policy,95236,18891,18841,2895.3,251137,False,False,False,True,35,-0.8133647785864598
policy,95336,18911,18861,2898.0,251138,False,False,True,False,100,-1.1563712080756117
policy,95436,18931,18881,2900.9,251139,False,False,True,False,100,-1.1466354692768885
policy,95536,18951,18901,2903.9,251140,False,False,True,False,100,-1.4157566259280396
policy,95636,18971,18921,2907.0,251141,False,False,True,False,100,-1.2439819660329374
policy,95701,18984,18934,2909.1,251142,False,False,False,True,65,-1.3094553396923063
policy,95736,18991,18941,2910.3,251143,False,False,False,True,35,-1.2181884869956798
policy,95836,19011,18961,2913.3,251144,False,False,True,False,100,-1.386146201516167
policy,95904,19024,18974,2915.3,251145,False,False,False,True,68,-1.3127288168289748
policy,96004,19044,18994,2918.2,251146,False,False,True,False,100,-1.4234031261596796
policy,96104,19064,19014,2921.0,251147,False,False,True,False,100,-1.5295473472264274
policy,96204,19084,19034,2923.9,251148,False,False,True,False,100,-1.665751173235328
policy,96225,19088,19038,2924.4,251149,False,False,False,True,21,-0.8304412053351552
policy,96325,19108,19058,2927.2,251150,False,False,True,False,100,-1.4228109596742502
policy,96425,19128,19078,2930.1,251151,False,False,True,False,100,-1.2901933769330758
policy,96519,19147,19097,2932.9,251152,False,False,False,True,94,-1.1154117126352836
policy,96619,19167,19117,2936.4,251153,False,False,True,False,100,-1.185501988511814
policy,96719,19187,19137,2939.6,251154,False,False,True,False,100,-1.204414296303865
policy,96797,19203,19153,2942.0,251155,False,False,False,True,78,-1.0181261551371603
policy,96897,19223,19173,2944.9,251156,False,False,True,False,100,-1.2943430750391975
policy,96988,19241,19191,2947.7,251157,False,False,False,True,91,-1.6408956394521095
policy,97088,19261,19211,2951.1,251158,False,False,True,False,100,-1.2127048681393982
policy,97133,19270,19220,2952.4,251159,False,False,False,True,45,-0.8365143996216357
policy,97233,19290,19240,2955.4,251160,False,False,True,False,100,-1.6135698062287793
policy,97333,19310,19260,2958.4,251161,False,False,True,False,100,-1.4823654794735805
policy,97433,19330,19280,2961.7,251162,False,False,True,False,100,-1.4207002075214568
policy,97482,19340,19290,2963.4,251163,False,False,False,True,49,-0.8799141782183139
policy,97582,19360,19310,2966.6,251164,False,False,True,False,100,-1.753306730662683
policy,97682,19380,19330,2969.5,251165,False,False,True,False,100,-1.614468845792909
policy,97782,19400,19350,2972.5,251166,False,False,True,False,100,-1.5998779453079768
policy,97882,19420,19370,2975.6,251167,False,False,True,False,100,-1.5826740399381842
policy,97982,19440,19390,2978.9,251168,False,True,True,False,100,-1.5534435049517663
policy,98082,19460,19410,2981.9,251169,False,False,True,False,100,-1.17567287484704
policy,98182,19480,19430,2984.8,251170,False,False,True,False,100,-1.457130582267089
policy,98238,19491,19441,2986.6,251171,False,False,False,True,56,-1.067574817860072
policy,98338,19511,19461,2989.8,251172,False,False,True,False,100,-1.2132961272739864
policy,98355,19514,19464,2990.2,251173,False,False,False,True,17,-0.8842120559303547
policy,98378,19519,19469,2990.9,251174,False,False,False,True,23,-0.7888199776894054
policy,98478,19539,19489,2993.8,251175,False,False,True,False,100,-1.1063428827087904
policy,98578,19559,19509,2996.6,251176,False,False,True,False,100,-1.4485789400392375
policy,98678,19579,19529,2999.4,251177,False,False,True,False,100,-1.5428740925206477
policy,98698,19583,19533,3000.0,251178,False,False,False,True,20,-0.6542122655306932
policy,98767,19597,19547,3001.9,251179,False,False,False,True,69,-1.170541777650929
policy,98867,19617,19567,3005.0,251180,False,False,True,False,100,-1.2781548185444929
policy,98922,19628,19578,3006.7,251181,False,False,False,True,55,-0.9021285991666854
policy,99022,19648,19598,3009.5,251182,False,False,True,False,100,-1.1491671552904468
policy,99122,19668,19618,3012.5,251183,False,False,True,False,100,-1.3248579286867521
policy,99222,19688,19638,3015.6,251184,False,False,True,False,100,-1.296544358164035
policy,99319,19707,19657,3018.9,251185,False,False,False,True,97,-1.3922902082115844
policy,99370,19717,19667,3020.5,251186,False,False,False,True,51,-1.0064160677725602
policy,99410,19725,19675,3021.7,251187,False,False,False,True,40,-0.8741792394439074
policy,99450,19733,19683,3022.9,251188,False,False,False,True,40,-1.1048661511767983
policy,99550,19753,19703,3026.2,251189,False,True,True,False,100,-1.8092061505863808
policy,99599,19763,19713,3027.7,251190,False,False,False,True,49,-1.074383740456403
policy,99699,19783,19733,3030.9,251191,False,False,True,False,100,-1.264571476924626
policy,99799,19803,19753,3034.0,251192,False,False,True,False,100,-1.1504092310352314
policy,99837,19811,19761,3035.2,251193,False,False,False,True,38,-0.9425595102185341
policy,99872,19818,19768,3036.2,251194,False,False,False,True,35,-0.7433666100298997
policy,99972,19838,19788,3039.3,251195,False,False,True,False,100,-1.5823953471730015
policy,100072,19858,19808,3042.5,251196,False,False,True,False,100,-1.4458856863949314
policy,100152,19874,19824,3044.9,251197,False,False,False,True,80,-1.2191092219033113
policy,100252,19894,19844,3047.9,251198,False,False,True,False,100,-1.5064588735389741
policy,100333,19910,19860,3050.3,251199,False,False,False,True,81,-1.0040304767042016
policy,100433,19930,19880,3053.3,251200,False,False,True,False,100,-1.220880587776203
policy,100533,19950,19900,3056.3,251201,False,False,True,False,100,-1.6155249633301523
policy,100633,19970,19920,3059.2,251202,False,False,True,False,100,-1.5406415201419295
policy,100733,19990,19940,3062.2,251203,False,False,True,False,100,-1.0715604134329528
policy,100824,20008,19958,3065.0,251204,False,False,False,True,91,-1.285151144177683
policy,100839,20011,19961,3065.4,251205,False,False,False,True,15,-0.6800383856059636
policy,100924,20028,19978,3068.0,251206,False,True,False,True,85,-1.487533993162069
policy,101024,20048,19998,3071.0,251207,False,False,True,False,100,-1.1921440973792703
policy,101124,20068,20018,3074.0,251208,False,True,True,False,100,-1.5904307304550636
policy,101133,20070,20020,3074.3,251209,False,False,False,True,9,-0.8424701898172724
policy,101233,20090,20040,3077.4,251210,False,False,True,False,100,-1.1366906442380775
policy,101264,20096,20046,3078.3,251211,False,False,False,True,31,-0.884782224035477
policy,101316,20107,20057,3080.0,251212,False,False,False,True,52,-1.1275578267068054
policy,101406,20125,20075,3082.6,251213,False,False,False,True,90,-1.3035962084709953
policy,101506,20145,20095,3085.7,251214,False,False,True,False,100,-1.3893316969572895
policy,101606,20165,20115,3088.8,251215,False,False,True,False,100,-1.4482473344075864
policy,101698,20183,20133,3091.5,251216,False,False,False,True,92,-1.3223043729565165
policy,101798,20203,20153,3094.7,251217,False,False,True,False,100,-1.5603226571766027
policy,101880,20219,20169,3097.4,251218,False,False,False,True,82,-1.3092641076289873
policy,101980,20239,20189,3101.1,251219,False,False,True,False,100,-1.493811784520509
policy,101994,20242,20192,3101.7,251220,False,False,False,True,14,-0.8564417847657281
policy,102094,20262,20212,3104.7,251221,False,False,True,False,100,-1.3844635159005274
policy,102194,20282,20232,3107.9,251222,False,False,True,False,100,-1.1688567281146303
policy,102294,20302,20252,3110.9,251223,False,False,True,False,100,-1.3663670948132227
policy,102346,20313,20263,3112.8,251224,False,False,False,True,52,-1.2371838402801536
policy,102446,20333,20283,3115.9,251225,False,False,True,False,100,-1.3717657233736231
policy,102546,20353,20303,3119.0,251226,False,False,True,False,100,-1.467500456749101
policy,102646,20373,20323,3122.0,251227,False,False,True,False,100,-1.1855094297705695
policy,102746,20393,20343,3125.0,251228,False,False,True,False,100,-1.2109720753291624
policy,102846,20413,20363,3128.0,251229,False,False,True,False,100,-1.1905518525077015
policy,102946,20433,20383,3130.9,251230,False,False,True,False,100,-1.386667402958818
policy,103046,20453,20403,3133.9,251231,False,False,True,False,100,-1.7959396349189656
policy,103116,20467,20417,3136.1,251232,False,False,False,True,70,-1.310277071348268
policy,103216,20487,20437,3139.3,251233,False,False,True,False,100,-1.4983641410204531
policy,103259,20495,20445,3140.5,251234,False,False,False,True,43,-0.9442670929411987
policy,103359,20515,20465,3143.7,251235,False,False,True,False,100,-1.3946551411235601
policy,103406,20525,20475,3145.2,251236,False,False,False,True,47,-1.13869123413104
policy,103506,20545,20495,3148.6,251237,False,False,True,False,100,-1.4146420350535154
policy,103606,20565,20515,3151.9,251238,False,False,True,False,100,-1.2501957296680468
policy,103644,20572,20522,3153.0,251239,False,False,False,True,38,-0.8458069376265978
policy,103729,20589,20539,3155.7,251240,False,False,False,True,85,-1.1748266901709334
policy,103823,20608,20558,3158.6,251241,False,False,False,True,94,-1.4177247600894272
policy,103923,20628,20578,3161.8,251242,False,False,True,False,100,-1.3427158397198355
policy,104023,20648,20598,3165.0,251243,False,False,True,False,100,-1.3896830035229906
policy,104117,20667,20617,3168.0,251244,False,False,False,True,94,-1.6130024752676368
policy,104197,20683,20633,3170.6,251245,False,False,False,True,80,-1.2578424767684222
policy,104273,20698,20648,3173.1,251246,False,False,False,True,76,-1.1759326007947162
policy,104373,20718,20668,3176.3,251247,False,False,True,False,100,-1.2761007948359655
policy,104473,20738,20688,3179.7,251248,False,False,True,False,100,-1.3953713178525988
policy,104515,20746,20696,3181.0,251249,False,False,False,True,42,-0.8667755047411123
policy,104615,20766,20716,3184.5,251250,False,False,True,False,100,-1.2246073801155026
policy,104643,20772,20722,3185.5,251251,False,False,False,True,28,-0.8495008078164
policy,104743,20792,20742,3188.8,251252,False,True,True,False,100,-1.7373913626984625
policy,104843,20812,20762,3192.0,251253,False,False,True,False,100,-1.5834362438580647
policy,104943,20832,20782,3195.2,251254,False,False,True,False,100,-1.5359089355176616
policy,105018,20847,20797,3197.6,251255,False,False,False,True,75,-1.159338020624868
policy,105118,20867,20817,3200.7,251256,False,False,True,False,100,-1.6111014468733762
policy,105218,20887,20837,3204.0,251257,False,False,True,False,100,-1.1707586659250862
policy,105318,20907,20857,3207.3,251258,False,False,True,False,100,-1.232658380632424
policy,105332,20910,20860,3207.8,251259,False,False,False,True,14,-0.7935590970078082
policy,105370,20917,20867,3208.9,251260,False,False,False,True,38,-0.9669633507680053
policy,105470,20937,20887,3212.1,251261,False,False,True,False,100,-1.4558983929186744
policy,105553,20954,20904,3214.8,251262,False,False,False,True,83,-1.2396781579115652
policy,105634,20970,20920,3217.4,251263,False,False,False,True,81,-1.084342989267042
policy,105725,20988,20938,3220.4,251264,False,False,False,True,91,-1.4176320547099701
policy,105825,21008,20958,3223.9,251265,False,False,True,False,100,-1.2365589054372421
policy,105919,21027,20977,3227.1,251266,False,False,False,True,94,-1.1481368552923175
policy,106019,21047,20997,3230.4,251267,False,False,True,False,100,-1.4028000344609546
policy,106119,21067,21017,3233.5,251268,False,False,True,False,100,-1.7409046258320062
policy,106168,21077,21027,3235.0,251269,False,False,False,True,49,-0.9717305710396256
policy,106224,21088,21038,3236.7,251270,False,False,False,True,56,-0.9610985940506944
policy,106324,21108,21058,3239.8,251271,False,False,True,False,100,-1.4138688473547116
policy,106406,21125,21075,3242.6,251272,False,False,False,True,82,-1.1838003611258556
policy,106506,21145,21095,3245.7,251273,False,False,True,False,100,-1.1872494274395722
policy,106606,21165,21115,3248.9,251274,False,False,True,False,100,-1.1669865615561572
policy,106706,21185,21135,3252.1,251275,False,False,True,False,100,-1.3225504811166728
policy,106806,21205,21155,3255.1,251276,False,False,True,False,100,-1.5510342275071634
policy,106906,21225,21175,3258.2,251277,False,False,True,False,100,-1.2990920814243443
policy,106934,21230,21180,3259.0,251278,False,False,False,True,28,-0.7652858762277558
policy,106967,21237,21187,3260.0,251279,False,False,False,True,33,-0.7385900661700897
policy,107043,21252,21202,3262.4,251280,False,False,False,True,76,-1.1702105665046931
policy,107096,21263,21213,3264.2,251281,False,False,False,True,53,-0.9242205616642513
policy,107196,21283,21233,3267.4,251282,False,False,True,False,100,-1.4551888680278033
policy,107296,21303,21253,3270.6,251283,False,False,True,False,100,-1.3473364789696838
policy,107337,21311,21261,3271.9,251284,False,False,False,True,41,-1.0147887488724665
policy,107344,21312,21262,3272.1,251285,False,False,False,True,7,-0.7991990110925282
policy,107422,21328,21278,3274.6,251286,False,False,False,True,78,-1.312098530790204
policy,107512,21346,21296,3277.5,251287,False,False,False,True,90,-1.2611540650859885
policy,107564,21356,21306,3279.2,251288,False,False,False,True,52,-0.8538452312214126
policy,107603,21364,21314,3280.5,251289,False,False,False,True,39,-0.937701844162399
policy,107670,21377,21327,3282.6,251290,False,False,False,True,67,-1.431953355999401
policy,107760,21395,21345,3285.4,251291,False,False,False,True,90,-1.239480497113314
policy,107820,21407,21357,3287.3,251292,False,False,False,True,60,-1.328122658806111
policy,107920,21427,21377,3290.6,251293,False,True,True,False,100,-1.3577865312156192
policy,108000,21443,21393,3293.2,251294,False,False,False,True,80,-1.3319456906995675
policy,108072,21458,21408,3295.5,251295,False,False,False,True,72,-1.240876991743915
policy,108163,21476,21426,3298.4,251296,False,False,False,True,91,-1.1711886540657948
policy,108263,21496,21446,3301.7,251297,False,False,True,False,100,-1.272526386780937
policy,108363,21516,21466,3305.3,251298,False,False,True,False,100,-1.3036765530945564
policy,108445,21532,21482,3307.8,251299,False,False,False,True,82,-1.1293232884319442
policy,108514,21546,21496,3310.0,251300,False,False,False,True,69,-1.0528785835729764
policy,108614,21566,21516,3313.2,251301,False,False,True,False,100,-1.3812618959518188
policy,108714,21586,21536,3316.4,251302,False,False,True,False,100,-1.3766873682404572
policy,108764,21596,21546,3318.0,251303,False,False,False,True,50,-0.9001148739286783
policy,108864,21616,21566,3321.2,251304,False,False,True,False,100,-1.160945085282398
policy,108950,21633,21583,3324.0,251305,False,False,False,True,86,-1.0584407842172712
policy,109050,21653,21603,3327.2,251306,False,False,True,False,100,-1.5619833594815904
policy,109099,21663,21613,3329.1,251307,False,False,False,True,49,-0.9261007134415471
policy,109165,21676,21626,3331.3,251308,False,False,False,True,66,-0.9932573161054506
policy,109221,21688,21638,3333.3,251309,False,False,False,True,56,-1.0986414416481491
policy,109244,21692,21642,3334.0,251310,False,False,False,True,23,-0.7822086485103164
policy,109295,21702,21652,3335.7,251311,False,False,False,True,51,-1.0710098383844082
policy,109336,21711,21661,3337.1,251312,False,False,False,True,41,-1.0942115549772076
policy,109436,21731,21681,3340.3,251313,False,False,True,False,100,-1.518724459696676
policy,109536,21751,21701,3343.6,251314,False,False,True,False,100,-1.896461102272562
policy,109547,21753,21703,3343.9,251315,False,False,False,True,11,-0.6985831959585078
policy,109642,21772,21722,3347.4,251316,False,False,False,True,95,-1.4099707232755563
policy,109742,21792,21742,3351.8,251317,False,False,True,False,100,-1.347857491864194
policy,109795,21802,21752,3353.5,251318,False,False,False,True,53,-1.1329452269447078
policy,109895,21822,21772,3357.0,251319,False,False,True,False,100,-1.507668009410934
policy,109941,21832,21782,3358.8,251320,False,False,False,True,46,-0.7903860086556465
policy,110041,21852,21802,3362.1,251321,False,False,True,False,100,-1.4496525408175405
policy,110107,21865,21815,3364.3,251322,False,False,False,True,66,-1.1117523938627438
policy,110207,21885,21835,3367.6,251323,False,False,True,False,100,-1.2733641802441718
policy,110249,21893,21843,3369.0,251324,False,False,False,True,42,-0.8609924619909848
policy,110349,21913,21863,3372.3,251325,False,False,True,False,100,-1.3263309660863434
policy,110434,21930,21880,3375.2,251326,False,False,False,True,85,-1.065139519780574
policy,110451,21934,21884,3375.9,251327,False,False,False,True,17,-0.768412089731372
policy,110551,21954,21904,3379.3,251328,False,False,True,False,100,-1.3570773091616561
policy,110571,21958,21908,3380.0,251329,False,False,False,True,20,-1.1040602714989156
policy,110671,21978,21928,3383.3,251330,False,False,True,False,100,-1.329593474083295
policy,110702,21984,21934,3384.4,251331,False,False,False,True,31,-0.7824295487280442
policy,110728,21989,21939,3385.2,251332,False,False,False,True,26,-1.0588203695061038
policy,110828,22009,21959,3389.1,251333,False,False,True,False,100,-1.486736420616312
policy,110928,22029,21979,3392.7,251334,False,True,True,False,100,-1.6294342446290957
policy,111028,22049,21999,3396.0,251335,False,False,True,False,100,-1.3183535608992343
policy,111128,22069,22019,3399.2,251336,False,False,True,False,100,-1.2608364783983594
policy,111228,22089,22039,3402.6,251337,False,False,True,False,100,-1.5830038608767087
policy,111328,22109,22059,3405.9,251338,False,False,True,False,100,-1.2671429903478415
policy,111342,22112,22062,3406.6,251339,False,False,False,True,14,-0.6502204741310085
policy,111377,22119,22069,3408.2,251340,False,False,False,True,35,-1.0227779990215224
policy,111403,22124,22074,3409.1,251341,False,False,False,True,26,-0.8133818072389594
policy,111503,22144,22094,3412.4,251342,False,False,True,False,100,-1.2513501589576133
policy,111603,22164,22114,3415.7,251343,False,False,True,False,100,-1.1865767022906057
policy,111703,22184,22134,3419.1,251344,False,False,True,False,100,-1.2521842668037
policy,111803,22204,22154,3422.3,251345,False,False,True,False,100,-1.8212488479033837
policy,111903,22224,22174,3426.0,251346,False,False,True,False,100,-1.6760413164537584
policy,111954,22234,22184,3427.7,251347,False,False,False,True,51,-0.8340109330492007
policy,112054,22254,22204,3430.9,251348,False,False,True,False,100,-1.4281127467532206
policy,112154,22274,22224,3434.3,251349,False,False,True,False,100,-1.3282185680879772
policy,112254,22294,22244,3437.8,251350,False,False,True,False,100,-1.6585236366847305
policy,112354,22314,22264,3441.0,251351,False,False,True,False,100,-1.219272979926537
policy,112454,22334,22284,3445.4,251352,False,False,True,False,100,-1.7708027784841631
policy,112539,22351,22301,3448.3,251353,False,False,False,True,85,-1.0921547773374458
policy,112639,22371,22321,3451.7,251354,False,False,True,False,100,-1.3315565729187049
policy,112739,22391,22341,3455.0,251355,False,False,True,False,100,-1.55731064987066
policy,112837,22411,22361,3458.0,251356,False,True,False,True,98,-1.3879367614122624
policy,112937,22431,22381,3461.0,251357,False,False,True,False,100,-1.2270592472539836
policy,113037,22451,22401,3464.3,251358,False,False,True,False,100,-1.573243756438637
policy,113095,22462,22412,3466.1,251359,False,False,False,True,58,-1.1388379190565938
policy,113195,22482,22432,3469.2,251360,False,False,True,False,100,-1.3160918447502725
policy,113295,22502,22452,3472.4,251361,False,False,True,False,100,-1.4085264055200766
policy,113395,22522,22472,3475.4,251362,False,False,True,False,100,-1.6762415426035817
policy,113495,22542,22492,3478.5,251363,False,False,True,False,100,-1.6354457603738923
policy,113595,22562,22512,3481.8,251364,False,False,True,False,100,-1.377624184921792
policy,113695,22582,22532,3485.0,251365,False,False,True,False,100,-1.2622884291024952
policy,113795,22602,22552,3488.3,251366,False,False,True,False,100,-1.3122665563184501
policy,113819,22607,22557,3489.1,251367,False,False,False,True,24,-0.8145763356150291
policy,113860,22615,22565,3490.3,251368,False,False,False,True,41,-0.7908444566245054
policy,113960,22635,22585,3493.5,251369,False,False,True,False,100,-1.5353647804022925
policy,114017,22647,22597,3495.5,251370,False,False,False,True,57,-1.2199499364282937
policy,114117,22667,22617,3498.7,251371,False,False,True,False,100,-1.229403568852315
policy,114185,22680,22630,3500.8,251372,False,False,False,True,68,-1.0030864502755628
policy,114280,22699,22649,3503.8,251373,False,False,False,True,95,-1.0940120586655615
policy,114380,22719,22669,3507.1,251374,False,False,True,False,100,-1.1608858609894284
policy,114480,22739,22689,3510.2,251375,False,False,True,False,100,-1.1324401156030441
policy,114547,22753,22703,3512.4,251376,False,False,False,True,67,-1.4702190348060913
policy,114647,22773,22723,3515.4,251377,False,False,True,False,100,-1.08456607613184
policy,114682,22780,22730,3516.5,251378,False,False,False,True,35,-0.9116915845504214
policy,114782,22800,22750,3519.6,251379,False,False,True,False,100,-1.4485246782038768
policy,114830,22809,22759,3521.0,251380,False,False,False,True,48,-1.1083709305545586
policy,114930,22829,22779,3524.2,251381,False,False,True,False,100,-1.267492637797794
policy,115030,22849,22799,3527.4,251382,False,False,True,False,100,-1.790080525995203
policy,115130,22869,22819,3530.6,251383,False,False,True,False,100,-1.3724098716106008
policy,115230,22889,22839,3534.0,251384,False,False,True,False,100,-1.7967725688033622
policy,115330,22909,22859,3537.4,251385,False,False,True,False,100,-1.4688520122304625
policy,115368,22917,22867,3538.7,251386,False,False,False,True,38,-0.8461906336879743
policy,115468,22937,22887,3541.9,251387,False,False,True,False,100,-1.4981738993444034
policy,115538,22951,22901,3544.2,251388,False,False,False,True,70,-1.4087485448794312
policy,115638,22971,22921,3547.6,251389,False,False,True,False,100,-1.1284691021699365
policy,115736,22991,22941,3550.7,251390,False,False,False,True,98,-1.4093274146654153
policy,115740,22991,22941,3550.7,251391,False,False,False,True,4,-0.7351087190377403
policy,115840,23011,22961,3553.8,251392,False,False,True,False,100,-1.3929191352803603
policy,115940,23031,22981,3556.9,251393,False,False,True,False,100,-1.1607659001341029
policy,116040,23051,23001,3559.9,251394,False,False,True,False,100,-1.146348453365548
policy,116056,23055,23005,3560.6,251395,False,False,False,True,16,-0.7791345226930316
policy,116156,23075,23025,3563.7,251396,False,False,True,False,100,-1.2426713415208273
policy,116237,23091,23041,3566.3,251397,False,False,False,True,81,-1.3279517795403382
policy,116337,23111,23061,3569.5,251398,False,False,True,False,100,-1.3545464710482795
policy,116437,23131,23081,3572.8,251399,False,False,True,False,100,-1.5440825913750231
policy,116506,23145,23095,3575.2,251400,False,False,False,True,69,-1.2247911336601949
policy,116606,23165,23115,3578.4,251401,False,False,True,False,100,-1.5745361064009211
policy,116706,23185,23135,3581.7,251402,False,False,True,False,100,-1.2721808052812933
policy,116718,23187,23137,3582.0,251403,False,False,False,True,12,-0.9378297004493601
policy,116818,23207,23157,3585.4,251404,False,False,True,False,100,-1.4462000229050007
policy,116865,23216,23166,3586.8,251405,False,False,False,True,47,-0.900036208723189
policy,116965,23236,23186,3590.0,251406,False,False,True,False,100,-1.6791972256434198
policy,117065,23256,23206,3593.2,251407,False,False,True,False,100,-1.1812956708823705
policy,117165,23276,23226,3596.5,251408,False,False,True,False,100,-1.2971992082208907
policy,117265,23296,23246,3599.7,251409,False,False,True,False,100,-1.389938070046162
policy,117365,23316,23266,3602.9,251410,False,False,True,False,100,-1.309962887749447
policy,117465,23336,23286,3606.4,251411,False,False,True,False,100,-1.636558244472445
policy,117565,23356,23306,3609.8,251412,False,False,True,False,100,-1.513168550939212
policy,117665,23376,23326,3613.1,251413,False,False,True,False,100,-1.3516136299009742
policy,117749,23393,23343,3615.9,251414,False,False,False,True,84,-1.1661023406482092
policy,117849,23413,23363,3619.3,251415,False,False,True,False,100,-1.160003871086555
policy,117949,23433,23383,3622.8,251416,False,False,True,False,100,-1.6295202681811376
policy,118049,23453,23403,3626.2,251417,False,False,True,False,100,-1.6018070434917038
policy,118102,23464,23414,3628.2,251418,False,False,False,True,53,-1.1357314297516636
policy,118202,23484,23434,3631.8,251419,False,False,True,False,100,-1.7140861876108993
policy,118302,23504,23454,3635.1,251420,False,False,True,False,100,-1.144033657273267
policy,118402,23524,23474,3638.4,251421,False,False,True,False,100,-1.1368356260521812
policy,118502,23544,23494,3641.6,251422,False,False,True,False,100,-1.3230625146419661
policy,118602,23564,23514,3644.9,251423,False,False,True,False,100,-1.2786226522853732
policy,118702,23584,23534,3648.4,251424,False,False,True,False,100,-1.4648986148583065
policy,118802,23604,23554,3651.9,251425,False,False,True,False,100,-1.638149308423037
policy,118902,23624,23574,3655.3,251426,False,False,True,False,100,-1.270665151308251
policy,118956,23635,23585,3657.4,251427,False,False,False,True,54,-1.0372989904897152
policy,119056,23655,23605,3660.9,251428,False,False,True,False,100,-1.8339979614541209
policy,119140,23671,23621,3663.7,251429,False,False,False,True,84,-1.2138075851335959
policy,119221,23688,23638,3666.5,251430,False,False,False,True,81,-0.9891993148522242
policy,119321,23708,23658,3669.8,251431,False,False,True,False,100,-1.413540540964875
policy,119421,23728,23678,3673.0,251432,False,False,True,False,100,-1.1180530224418201
policy,119521,23748,23698,3676.2,251433,False,False,True,False,100,-1.7497519776050114
policy,119621,23768,23718,3679.3,251434,False,False,True,False,100,-1.4853695681352168
policy,119630,23769,23719,3679.4,251435,False,False,False,True,9,-0.7010620508316558
policy,119675,23778,23728,3680.9,251436,False,False,False,True,45,-1.1044713040836065
policy,119710,23785,23735,3682.0,251437,False,False,False,True,35,-0.9745364990214416
policy,119810,23805,23755,3685.2,251438,False,False,True,False,100,-1.490829407055984
policy,119862,23816,23766,3687.0,251439,False,False,False,True,52,-1.1839500362284539
policy,119962,23836,23786,3690.2,251440,False,False,True,False,100,-1.5535564632936576
policy,120029,23849,23799,3692.4,251441,False,False,False,True,67,-1.0286210144046803
policy,120129,23869,23819,3695.6,251442,False,False,True,False,100,-1.300482337180507
policy,120152,23874,23824,3696.5,251443,False,False,False,True,23,-0.8221438332557113
policy,120223,23888,23838,3699.3,251444,False,False,False,True,71,-1.3662355931730428
policy,120323,23908,23858,3702.7,251445,False,False,True,False,100,-1.6283751022968294
policy,120423,23928,23878,3706.0,251446,False,False,True,False,100,-1.4175379703432687
policy,120523,23948,23898,3709.3,251447,False,True,True,False,100,-1.7588715648144237
policy,120565,23956,23906,3710.5,251448,False,False,False,True,42,-1.0041543701587008
policy,120635,23970,23920,3712.8,251449,False,False,False,True,70,-1.2347618121853514
policy,120735,23990,23940,3716.1,251450,False,False,True,False,100,-1.254201540618244
policy,120778,23999,23949,3717.5,251451,False,False,False,True,43,-0.8240467402385372
policy,120878,24019,23969,3720.8,251452,False,False,True,False,100,-1.686617701699956
policy,120913,24026,23976,3722.0,251453,False,False,False,True,35,-0.7867783093905287
policy,120976,24039,23989,3724.2,251454,False,False,False,True,63,-1.0451309225815908
policy,121076,24059,24009,3727.6,251455,False,False,True,False,100,-1.4880018992585278
policy,121176,24079,24029,3730.9,251456,False,False,True,False,100,-1.3049466805948549
policy,121252,24094,24044,3733.4,251457,False,False,False,True,76,-1.2220904474606438
policy,121352,24114,24064,3736.7,251458,False,False,True,False,100,-1.5185456286628305
policy,121452,24134,24084,3740.0,251459,False,False,True,False,100,-1.2276315996764784
policy,121518,24147,24097,3742.1,251460,False,False,False,True,66,-1.5103532496993188
policy,121618,24167,24117,3745.3,251461,False,False,True,False,100,-1.2386086588405654
policy,121704,24184,24134,3748.2,251462,False,False,False,True,86,-1.222879432336327
policy,121755,24194,24144,3749.8,251463,False,False,False,True,51,-0.8198468336979303
policy,121855,24214,24164,3753.1,251464,False,False,True,False,100,-1.4234513144790704
policy,121930,24229,24179,3755.7,251465,False,False,False,True,75,-1.2062762169597336
policy,121941,24232,24182,3756.3,251466,False,False,False,True,11,-0.723004829949844
policy,122041,24252,24202,3760.2,251467,False,False,True,False,100,-1.554500869644602
policy,122141,24272,24222,3763.7,251468,False,False,True,False,100,-1.5007926830544696
policy,122241,24292,24242,3767.0,251469,False,False,True,False,100,-1.3736524356923754
policy,122251,24294,24244,3767.4,251470,False,False,False,True,10,-0.6221869268010183
policy,122336,24311,24261,3770.3,251471,False,False,False,True,85,-1.5199308098191804
policy,122436,24331,24281,3773.6,251472,False,False,True,False,100,-1.1530259865175643
policy,122536,24351,24301,3777.0,251473,False,False,True,False,100,-1.1867768871702336
policy,122636,24371,24321,3780.7,251474,False,False,True,False,100,-1.2668038229376788
policy,122736,24391,24341,3784.1,251475,False,False,True,False,100,-1.4537020044118782
policy,122786,24401,24351,3785.9,251476,False,False,False,True,50,-0.8911665480981972
policy,122839,24411,24361,3787.6,251477,False,False,False,True,53,-0.9168246086267668
policy,122939,24431,24381,3790.9,251478,False,False,True,False,100,-1.6432115379671013
policy,122979,24439,24389,3792.6,251479,False,False,False,True,40,-1.1110258301956155
policy,123061,24456,24406,3795.6,251480,False,False,False,True,82,-1.5253138289864832
policy,123161,24476,24426,3799.3,251481,False,False,True,False,100,-1.6069190748579025
policy,123183,24480,24430,3800.0,251482,False,False,False,True,22,-0.7945638037182974
policy,123239,24491,24441,3801.9,251483,False,False,False,True,56,-1.415574250831971
policy,123339,24511,24461,3805.4,251484,False,False,True,False,100,-1.5056391190347984
policy,123439,24531,24481,3808.9,251485,False,False,True,False,100,-1.1618282249243241
policy,123520,24547,24497,3811.7,251486,False,False,False,True,81,-1.170967834009634
policy,123620,24567,24517,3815.1,251487,False,False,True,False,100,-1.4621730606245733
policy,123642,24572,24522,3816.0,251488,False,False,False,True,22,-0.7646699139265254
policy,123704,24584,24534,3818.3,251489,False,False,False,True,62,-0.9203114293765453
policy,123804,24604,24554,3822.3,251490,False,False,True,False,100,-1.2940025149083425
policy,123904,24624,24574,3826.0,251491,False,False,True,False,100,-1.3711172348609295
policy,124004,24644,24594,3829.5,251492,False,False,True,False,100,-1.1249655036257002
policy,124104,24664,24614,3833.1,251493,False,False,True,False,100,-1.1709536831829908
policy,124204,24684,24634,3836.7,251494,False,False,True,False,100,-1.433837855322039
policy,124304,24704,24654,3840.3,251495,False,False,True,False,100,-1.3168596847490412
policy,124401,24724,24674,3843.7,251496,False,False,False,True,97,-1.2255414834762164
policy,124501,24744,24694,3847.2,251497,False,False,True,False,100,-1.5064967527796789
policy,124601,24764,24714,3850.7,251498,False,False,True,False,100,-1.4719906977766761
policy,124701,24784,24734,3854.1,251499,False,False,True,False,100,-1.1496786913075958
policy,124801,24804,24754,3857.5,251500,False,False,True,False,100,-1.6759600112043191
policy,124891,24822,24772,3860.7,251501,False,False,False,True,90,-1.0980149837104847
policy,124991,24842,24792,3864.3,251502,False,False,True,False,100,-1.299298950672764
policy,125091,24862,24812,3867.9,251503,False,False,True,False,100,-1.297979213216273
policy,125191,24882,24832,3871.5,251504,False,False,True,False,100,-1.2203322145772608
policy,125263,24896,24846,3873.8,251505,False,False,False,True,72,-1.4744413814410238
policy,125289,24901,24851,3874.7,251506,False,False,False,True,26,-0.8418455854882818
policy,125309,24905,24855,3875.4,251507,False,False,False,True,20,-0.9903768297232547
policy,125409,24925,24875,3878.8,251508,False,False,True,False,100,-1.3871622472594667
policy,125465,24936,24886,3880.7,251509,False,False,False,True,56,-1.1011728257688898
policy,125504,24944,24894,3882.1,251510,False,False,False,True,39,-0.9401292204887637
policy,125537,24951,24901,3883.4,251511,False,False,False,True,33,-1.0220643201860997
policy,125624,24968,24918,3886.7,251512,False,False,False,True,87,-1.1924055287581585
policy,125706,24985,24935,3889.5,251513,False,False,False,True,82,-1.1458024769208481
policy,125708,24985,24935,3889.5,251514,False,False,False,True,2,-0.8821626063775947
policy,125808,25005,24955,3892.9,251515,False,False,True,False,100,-1.7448691945331887
policy,125908,25025,24975,3896.9,251516,False,False,True,False,100,-1.5875931997459085
policy,126008,25045,24995,3900.4,251517,False,False,True,False,100,-1.2066781820242314
policy,126108,25065,25015,3904.0,251518,False,False,True,False,100,-1.5624142547803468
policy,126208,25085,25035,3908.1,251519,False,False,True,False,100,-1.4585733991489809
policy,126308,25105,25055,3911.7,251520,False,False,True,False,100,-1.1702434763358807
policy,126330,25109,25059,3912.4,251521,False,False,False,True,22,-0.7208338570053595
policy,126430,25129,25079,3916.0,251522,False,False,True,False,100,-1.413245700548429
policy,126459,25135,25085,3917.1,251523,False,False,False,True,29,-1.025814772258876
policy,126559,25155,25105,3920.9,251524,False,False,True,False,100,-1.6737043194247307
policy,126659,25175,25125,3924.6,251525,False,False,True,False,100,-1.4400670139263894
policy,126701,25184,25134,3926.2,251526,False,False,False,True,42,-1.1131349925609069
policy,126801,25204,25154,3929.8,251527,False,False,True,False,100,-1.823151219698254
policy,126901,25224,25174,3933.4,251528,False,False,True,False,100,-1.541930129298296
policy,126951,25234,25184,3935.2,251529,False,False,False,True,50,-0.7992002748795648
policy,127051,25254,25204,3938.6,251530,False,False,True,False,100,-1.4992970198239504
policy,127148,25273,25223,3942.0,251531,False,False,False,True,97,-1.192161107489002
policy,127248,25293,25243,3945.6,251532,False,False,True,False,100,-1.309910063519487
policy,127348,25313,25263,3949.3,251533,False,False,True,False,100,-1.4984124795849294
policy,127425,25328,25278,3952.1,251534,False,False,False,True,77,-1.2701920668609543
policy,127525,25348,25298,3955.9,251535,False,False,True,False,100,-1.3897826924589922
policy,127623,25368,25318,3959.5,251536,False,False,False,True,98,-1.3104865363746256
policy,127723,25388,25338,3963.1,251537,False,False,True,False,100,-1.8321672476097066
policy,127823,25408,25358,3966.8,251538,False,False,True,False,100,-1.6106778216564788
policy,127894,25422,25372,3969.4,251539,False,False,False,True,71,-1.3895683280915911
policy,127994,25442,25392,3972.9,251540,False,False,True,False,100,-1.26277277836582
policy,128094,25462,25412,3976.3,251541,False,False,True,False,100,-1.287709796374832
policy,128193,25482,25432,3979.6,251542,False,False,False,True,99,-1.0525333652198041
policy,128256,25495,25445,3981.9,251543,False,False,False,True,63,-1.3984370360366736
policy,128356,25515,25465,3985.5,251544,False,False,True,False,100,-1.2686667153681952
policy,128419,25527,25477,3987.7,251545,False,False,False,True,63,-1.108385736234547
policy,128519,25547,25497,3991.4,251546,False,False,True,False,100,-1.1848870856021256
policy,128619,25567,25517,3994.9,251547,False,True,True,False,100,-1.897700010354622
policy,128719,25587,25537,3998.3,251548,False,False,True,False,100,-1.3953305944751206
policy,128819,25607,25557,4001.7,251549,False,False,True,False,100,-1.7997095386964095
policy,128919,25627,25577,4005.0,251550,False,False,True,False,100,-1.4644345435564783
policy,128970,25637,25587,4006.7,251551,False,False,False,True,51,-0.9107689455973051
policy,129035,25650,25600,4009.0,251552,False,True,False,True,65,-1.1413004069760204
policy,129135,25670,25620,4012.6,251553,False,False,True,False,100,-1.3379694615177529
policy,129235,25690,25640,4016.2,251554,False,False,True,False,100,-1.6464764698731442
policy,129335,25710,25660,4019.7,251555,False,False,True,False,100,-1.2445917191776787
policy,129435,25730,25680,4023.2,251556,False,False,True,False,100,-1.3882020310789107
policy,129483,25740,25690,4024.9,251557,False,False,False,True,48,-1.094294768977523
policy,129583,25760,25710,4028.5,251558,False,False,True,False,100,-1.2888837862258402
policy,129683,25780,25730,4031.9,251559,False,False,True,False,100,-1.7120468892694571
policy,129783,25800,25750,4035.5,251560,False,False,True,False,100,-1.1326450623077957
policy,129883,25820,25770,4038.9,251561,False,False,True,False,100,-1.1236078887087875
policy,129983,25840,25790,4042.4,251562,False,False,True,False,100,-1.247151897485841
policy,130083,25860,25810,4045.9,251563,False,False,True,False,100,-1.3029448333091107
policy,130138,25871,25821,4047.8,251564,False,False,False,True,55,-0.946116871514989
policy,130238,25891,25841,4051.4,251565,False,False,True,False,100,-1.08142188454831
policy,130338,25911,25861,4055.6,251566,False,False,True,False,100,-1.2359487864173946
policy,130438,25931,25881,4059.2,251567,False,False,True,False,100,-1.4586120134846718
policy,130538,25951,25901,4062.9,251568,False,False,True,False,100,-1.3165411916021323
policy,130638,25971,25921,4066.9,251569,False,False,True,False,100,-1.1083017288260328
policy,130738,25991,25941,4070.3,251570,False,False,True,False,100,-1.5228498695652943
policy,130838,26011,25961,4073.6,251571,False,False,True,False,100,-1.3187714407656383
policy,130938,26031,25981,4077.0,251572,False,False,True,False,100,-1.4708296712982325
policy,131038,26051,26001,4080.4,251573,False,False,True,False,100,-1.6010803061785626
policy,131138,26071,26021,4084.1,251574,False,False,True,False,100,-1.3566367887904776
policy,131194,26082,26032,4086.0,251575,False,False,False,True,56,-1.1518415404132811
policy,131252,26094,26044,4088.1,251576,False,False,False,True,58,-0.9075591245506267
policy,131352,26114,26064,4091.9,251577,False,False,True,False,100,-1.4756315158319147
policy,131413,26126,26076,4094.1,251578,False,False,False,True,61,-0.898070959233938
policy,131495,26142,26092,4096.9,251579,False,False,False,True,82,-1.3569154763846074
policy,131579,26159,26109,4099.9,251580,False,False,False,True,84,-1.2050802965282337
policy,131679,26179,26129,4103.3,251581,False,False,True,False,100,-1.6115328074733402
policy,131718,26187,26137,4104.7,251582,False,False,False,True,39,-1.0154662763563689
policy,131818,26207,26157,4108.1,251583,False,False,True,False,100,-1.259558253955726
policy,131861,26216,26166,4109.6,251584,False,False,False,True,43,-1.0709698871976745
policy,131961,26236,26186,4113.1,251585,False,False,True,False,100,-1.5552581157733723
policy,132061,26256,26206,4116.5,251586,False,False,True,False,100,-1.3289987214942147
policy,132160,26275,26225,4119.8,251587,False,False,False,True,99,-1.5215029476182371
policy,132260,26295,26245,4123.2,251588,False,False,False,True,100,-1.181426878485978
policy,132360,26315,26265,4126.8,251589,False,False,True,False,100,-1.660580389027434
policy,132460,26335,26285,4130.6,251590,False,False,True,False,100,-1.1668777146292233
policy,132560,26355,26305,4134.2,251591,False,False,True,False,100,-1.3731917845297517
policy,132572,26358,26308,4134.7,251592,False,False,False,True,12,-0.6045653002578744
policy,132672,26378,26328,4138.1,251593,False,False,True,False,100,-1.6260760903544158
policy,132772,26398,26348,4141.5,251594,False,False,True,False,100,-1.5812838604914203
policy,132872,26418,26368,4145.0,251595,False,False,True,False,100,-1.5066164433556941
policy,132898,26423,26373,4145.8,251596,False,False,False,True,26,-0.8237253581346038
policy,132932,26430,26380,4147.0,251597,False,False,False,True,34,-0.9566913732221844
policy,133032,26450,26400,4150.6,251598,False,False,True,False,100,-1.3126889256266967
policy,133132,26470,26420,4154.2,251599,False,False,True,False,100,-1.238864312209712
policy,133232,26490,26440,4157.7,251600,False,False,True,False,100,-1.5353821528881784
policy,133332,26510,26460,4161.0,251601,False,False,True,False,100,-1.4192376112651726
policy,133432,26530,26480,4164.4,251602,False,False,True,False,100,-1.4094629588274405
policy,133532,26550,26500,4167.8,251603,False,False,True,False,100,-1.2213308850833289
policy,133632,26570,26520,4171.1,251604,False,False,True,False,100,-1.2941387573677305
policy,133710,26585,26535,4173.7,251605,False,False,False,True,78,-1.2414511701046025
policy,133810,26605,26555,4177.3,251606,False,False,True,False,100,-1.358666163187764
policy,133910,26625,26575,4180.9,251607,False,False,True,False,100,-1.2848396240981304
policy,134010,26645,26595,4184.6,251608,False,False,True,False,100,-1.498481424869805
policy,134110,26665,26615,4188.3,251609,False,False,True,False,100,-1.6840532944646776
policy,134209,26685,26635,4191.8,251610,False,False,False,True,99,-1.6132161737748865
policy,134309,26705,26655,4195.1,251611,False,False,True,False,100,-1.2563038074033472
policy,134388,26721,26671,4197.8,251612,False,False,False,True,79,-1.133123336868581
policy,134446,26733,26683,4199.8,251613,False,False,False,True,58,-1.0545311753665814
policy,134546,26753,26703,4203.3,251614,False,False,True,False,100,-1.6156228040088356
policy,134646,26773,26723,4207.2,251615,False,False,True,False,100,-1.1392139874144724
policy,134716,26787,26737,4209.7,251616,False,False,False,True,70,-0.9812114812793695
policy,134816,26807,26757,4213.4,251617,False,False,True,False,100,-1.2359640991159873
policy,134916,26827,26777,4217.2,251618,False,False,True,False,100,-1.2423948969292353
policy,134980,26839,26789,4219.6,251619,False,False,False,True,64,-1.2479411016503585
policy,135080,26859,26809,4223.5,251620,False,False,True,False,100,-1.2682108598021213
policy,135104,26864,26814,4224.4,251621,False,False,False,True,24,-0.6849942188594265
policy,135204,26884,26834,4227.9,251622,False,False,True,False,100,-1.3371224141441016
policy,135304,26904,26854,4231.8,251623,False,False,True,False,100,-1.161265065343148
policy,135312,26906,26856,4232.1,251624,False,False,False,True,8,-0.8567270717912664
policy,135387,26921,26871,4234.7,251625,False,False,False,True,75,-1.1094089458668244
policy,135483,26940,26890,4238.1,251626,False,False,False,True,96,-1.1424414141178114
policy,135583,26960,26910,4241.6,251627,False,False,True,False,100,-1.468615163503857
policy,135640,26971,26921,4243.7,251628,False,False,False,True,57,-1.1028067669181125
policy,135692,26982,26932,4245.8,251629,False,False,False,True,52,-0.9585089752482531
policy,135716,26987,26937,4246.8,251630,False,False,False,True,24,-0.9984468799246016
policy,135746,26993,26943,4248.0,251631,False,False,False,True,30,-0.8170992278017584
policy,135846,27013,26963,4251.9,251632,False,False,True,False,100,-1.6960955467244476
policy,135946,27033,26983,4255.8,251633,False,False,True,False,100,-1.4172856292713432
policy,136046,27053,27003,4259.2,251634,False,False,True,False,100,-1.2222105364497686
policy,136091,27062,27012,4260.4,251635,False,False,False,True,45,-1.1010669026047917
policy,136123,27068,27018,4261.1,251636,False,False,False,True,32,-1.1186170353600065
policy,136223,27088,27038,4263.5,251637,False,False,True,False,100,-1.5851728297228227
policy,136274,27098,27048,4264.7,251638,False,False,False,True,51,-0.8481472759561248
policy,136374,27118,27068,4267.1,251639,False,False,True,False,100,-1.6487567673200676
policy,136474,27138,27088,4269.4,251640,False,False,True,False,100,-1.5710598351989111
policy,136574,27158,27108,4271.7,251641,False,False,True,False,100,-1.1635064972726505
policy,136674,27178,27128,4274.2,251642,False,False,True,False,100,-1.1676918105851837
policy,136737,27191,27141,4275.8,251643,False,False,False,True,63,-1.1401699142050816
policy,136762,27196,27146,4276.4,251644,False,False,False,True,25,-0.7881922016132628
policy,136821,27208,27158,4277.9,251645,False,False,False,True,59,-1.0051841877822256
policy,136842,27212,27162,4278.4,251646,False,False,False,True,21,-0.8370606743452125
policy,136865,27216,27166,4279.0,251647,False,False,False,True,23,-0.8549952953990423
policy,136915,27226,27176,4280.3,251648,False,False,False,True,50,-0.8634213343148924
policy,136982,27240,27190,4282.1,251649,False,False,False,True,67,-1.0549277437593538
policy,137082,27260,27210,4284.5,251650,False,False,True,False,100,-1.6516526376564695
policy,137157,27275,27225,4286.3,251651,False,False,False,True,75,-1.1081538899716572
policy,137257,27295,27245,4288.7,251652,False,False,True,False,100,-1.1805917966633115
policy,137323,27308,27258,4290.4,251653,False,False,False,True,66,-1.2073876627527331
policy,137423,27328,27278,4292.7,251654,False,False,True,False,100,-1.5418774781334117
policy,137523,27348,27298,4295.1,251655,False,False,True,False,100,-1.365319946664823
policy,137566,27357,27307,4296.3,251656,False,False,False,True,43,-0.935998225235593
policy,137636,27371,27321,4298.4,251657,False,False,False,True,70,-1.3248004310296737
