scene,steps,move_share,mean_move_param,mean_abs_turn_param,mean_speed_mps,final_distance_to_active_goal_m
260000,100,0.43,-0.1123674213886261,0.4405899941921234,3.892359972000122,1124.6829833984375
260001,40,0.45,0.1106272041797638,0.4852173924446106,4.70877742767334,1033.5445556640625
260002,81,0.4691358024691358,-0.052473243325948715,0.5318231582641602,2.698277711868286,527.6598510742188
260003,100,0.52,-0.06215699389576912,0.47467103600502014,2.0259368419647217,1594.351318359375
260004,99,0.5959595959595959,0.056127823889255524,0.5193604230880737,12.895431518554688,1492.0631103515625
260005,43,0.5581395348837209,0.34011730551719666,0.5352621078491211,17.647605895996094,1522.07373046875
260006,100,0.43,0.010530035011470318,0.46206921339035034,5.238124847412109,210.37353515625
260007,100,0.5,-0.049981214106082916,0.5052599906921387,4.221822738647461,891.0260009765625
260008,100,0.49,0.061913326382637024,0.4875771105289459,15.1154146194458,240.85189819335938
260009,37,0.35135135135135137,0.09608041495084763,0.37701496481895447,1.928641676902771,1011.0193481445312
260010,100,0.57,0.02842475287616253,0.5336471796035767,7.206615447998047,1381.6524658203125
260011,100,0.53,-0.0405689962208271,0.5671643018722534,4.780786037445068,214.53456115722656
260012,36,0.6111111111111112,0.5194584727287292,0.6390813589096069,29.55495834350586,712.0509643554688
260013,8,0.75,0.9116876721382141,0.8813549280166626,11.446467399597168,1323.274169921875
260014,43,0.7209302325581395,0.26968204975128174,0.6967236399650574,16.08449935913086,1148.0167236328125
260015,100,0.51,0.0043301209807395935,0.6933822631835938,10.68698501586914,964.564697265625
260016,100,0.57,-0.028398117050528526,0.635165810585022,4.703239917755127,318.3163757324219
260017,72,0.5138888888888888,0.10790865123271942,0.5741327404975891,7.871553421020508,1797.2794189453125
260018,99,0.5151515151515151,0.1686459332704544,0.5933440327644348,17.040189743041992,1055.3089599609375
260019,91,0.4835164835164835,-0.03189457207918167,0.6108102202415466,6.496887683868408,701.9884033203125
260020,78,0.5512820512820513,0.091700479388237,0.5532239675521851,17.177736282348633,1299.2071533203125
260021,100,0.49,-0.03843337669968605,0.5791304111480713,4.890617370605469,880.9262084960938
260022,32,0.53125,0.10101207345724106,0.520106852054596,3.9538347721099854,1187.68994140625
260023,100,0.5,-0.04690771922469139,0.5576848387718201,4.2366228103637695,712.3665771484375
260024,100,0.41,0.0977424681186676,0.5708345174789429,10.104477882385254,217.01597595214844
260025,18,0.3333333333333333,0.19999702274799347,0.47342169284820557,1.6870079040527344,890.5266723632812
260026,100,0.55,0.03428751230239868,0.5546246767044067,9.407366752624512,703.298583984375
260027,62,0.45161290322580644,0.09528068453073502,0.4907439649105072,8.421669006347656,2081.31298828125
260028,100,0.48,0.008414489217102528,0.5221537351608276,3.2149734497070312,1581.8958740234375
260029,100,0.42,0.10254248231649399,0.5654435753822327,12.269911766052246,1557.851318359375
260030,100,0.53,0.05942074581980705,0.5788529515266418,15.704745292663574,1306.771484375
260031,100,0.5,-0.114728644490242,0.5531513690948486,6.945705413818359,1255.135986328125
260032,100,0.56,-0.0577591173350811,0.5934094190597534,3.806521415710449,1623.9281005859375
260033,28,0.5,0.018629541620612144,0.5858569741249084,4.3021626472473145,1444.9422607421875
260034,100,0.54,-0.023177577182650566,0.5866878628730774,4.3031816482543945,1596.7076416015625
260035,100,0.57,0.03293478861451149,0.5330323576927185,7.6855149269104,1056.9398193359375
260036,100,0.39,0.04945293813943863,0.6278707385063171,10.655717849731445,770.1759033203125
260037,100,0.55,0.006604684516787529,0.4833594560623169,4.751636028289795,570.3145751953125
260038,100,0.53,-0.04363468289375305,0.507246196269989,5.936251640319824,502.7074279785156
260039,100,0.41,-0.0023692543618381023,0.5269942879676819,6.568642616271973,1419.329345703125
260040,32,0.53125,0.24980837106704712,0.5133992433547974,8.915267944335938,526.27783203125
260041,100,0.56,0.04533304646611214,0.5761222243309021,12.771151542663574,989.8245239257812
260042,100,0.49,0.0022397704888135195,0.5176893472671509,3.841494083404541,933.0368041992188
260043,100,0.51,0.031972240656614304,0.5806764364242554,5.551898002624512,441.086669921875
260044,100,0.53,-0.014813968911767006,0.5222485065460205,3.6332404613494873,1272.1878662109375
260045,100,0.56,-0.04340182989835739,0.5394071340560913,8.80490493774414,785.990478515625
260046,100,0.47,-0.010771212168037891,0.5674736499786377,5.453953742980957,1071.673828125
260047,100,0.63,0.08079902827739716,0.5842450261116028,9.00429630279541,489.9839172363281
260048,100,0.49,-0.15851682424545288,0.5196002721786499,1.850862741470337,1602.27880859375
260049,34,0.6176470588235294,0.2510600686073303,0.41795408725738525,12.717605590820312,1008.8020629882812
260050,100,0.53,-0.11757846176624298,0.5045115947723389,1.5501197576522827,1080.4034423828125
260051,100,0.41,-0.1569427102804184,0.5163479447364807,2.2186172008514404,701.6436767578125
260052,100,0.42,-0.0005044738645665348,0.5202452540397644,7.291482925415039,419.7404479980469
260053,94,0.5,-0.014618744142353535,0.43692559003829956,4.499647617340088,1556.593505859375
260054,100,0.52,-0.003425273112952709,0.5595974326133728,8.48814868927002,973.7847290039062
260055,100,0.52,0.04264214262366295,0.48664501309394836,6.421882152557373,1158.3697509765625
260056,97,0.44329896907216493,0.0445229671895504,0.5238365530967712,6.554506778717041,1688.6041259765625
260057,100,0.54,-0.04032745957374573,0.4802170693874359,2.7095792293548584,632.0036010742188
260058,100,0.57,0.04872087389230728,0.48595356941223145,7.950262546539307,841.0003051757812
260059,92,0.5543478260869565,-0.10819578170776367,0.464301735162735,2.2549779415130615,1809.967529296875
260060,100,0.49,-0.07031859457492828,0.5947626233100891,4.604962348937988,1089.4224853515625
260061,100,0.53,-0.020474279299378395,0.48752516508102417,3.4172916412353516,1065.297607421875
260062,100,0.52,-0.06579050421714783,0.537421703338623,1.907288670539856,555.05322265625
260063,100,0.53,0.08046276122331619,0.490863561630249,8.922246932983398,1097.572509765625
260064,100,0.56,0.09159381687641144,0.47941645979881287,11.593998908996582,919.542724609375
260065,100,0.37,-0.010761496610939503,0.5299910306930542,3.1032586097717285,1227.5914306640625
260066,100,0.5,-0.04109499976038933,0.4912296235561371,2.724208116531372,588.7914428710938
260067,100,0.48,-0.00979475025087595,0.530748724937439,13.899428367614746,2010.2083740234375
260068,100,0.47,0.0959153100848198,0.5278025269508362,16.173744201660156,944.4471435546875
260069,100,0.45,0.03991488367319107,0.4896045923233032,8.756996154785156,1215.7420654296875
260070,100,0.48,-0.02210485190153122,0.5645791292190552,3.546084403991699,703.7499389648438
260071,100,0.45,0.06893734633922577,0.5188277363777161,12.700307846069336,1002.0130615234375
260072,100,0.53,0.053031012415885925,0.4912882447242737,12.483691215515137,1028.2109375
260073,4,0.75,0.39179444313049316,0.7337101697921753,1.9100823402404785,1695.0531005859375
260074,100,0.44,-0.0012538825394585729,0.5431793332099915,11.785033226013184,721.2393798828125
260075,100,0.56,0.050197213888168335,0.48797550797462463,11.149060249328613,1610.2694091796875
260076,100,0.58,-0.034414030611515045,0.5002265572547913,5.560059070587158,698.3402709960938
260077,53,0.5094339622641509,0.21658915281295776,0.5534741878509521,12.445096969604492,1215.5977783203125
260078,100,0.52,0.07661984860897064,0.4184608459472656,11.704298973083496,1483.0113525390625
260079,100,0.38,-0.026431899517774582,0.5037359595298767,4.16007137298584,1505.57177734375
260080,61,0.5573770491803278,-0.0013859692262485623,0.4551735520362854,3.610565662384033,576.1198120117188
260081,100,0.41,-0.028451645746827126,0.5172949433326721,6.194643974304199,704.7232055664062
260082,100,0.46,0.03348344936966896,0.5022133588790894,7.562989711761475,1271.849853515625
260083,100,0.43,-0.055117469280958176,0.5015082359313965,3.3620870113372803,546.8251342773438
260084,72,0.5138888888888888,0.17535614967346191,0.5153968334197998,12.04133129119873,561.1155395507812
260085,100,0.54,-0.06555744260549545,0.5879654288291931,3.851637840270996,1092.0640869140625
260086,100,0.48,-0.12560071051120758,0.46844008564949036,3.0602598190307617,591.9427490234375
260087,100,0.53,-0.08321788907051086,0.4608008563518524,7.580400466918945,726.3967895507812
260088,100,0.57,-0.045000962913036346,0.4148600399494171,3.7499542236328125,1249.140625
260089,94,0.46808510638297873,0.0066330949775874615,0.5019047260284424,4.069796085357666,1247.576416015625
260090,34,0.5882352941176471,0.021049778908491135,0.47903522849082947,3.0922670364379883,1356.686767578125
260091,100,0.47,-0.041360680013895035,0.5391830801963806,2.2937941551208496,1263.7352294921875
260092,100,0.47,-0.013570960611104965,0.5457695722579956,4.005797863006592,1653.652587890625
260093,48,0.3958333333333333,0.17369215190410614,0.5282054543495178,6.339771270751953,403.4144287109375
260094,100,0.47,-0.0018954369006678462,0.5083284378051758,3.1568121910095215,134.7301788330078
260095,7,0.5714285714285714,0.08866599202156067,0.6166786551475525,2.163264036178589,645.6679077148438
260096,61,0.3442622950819672,0.07875531911849976,0.5178974866867065,5.804482460021973,1450.0731201171875
260097,100,0.5,-0.03803972154855728,0.49730780720710754,6.815181732177734,882.7687377929688
260098,37,0.5405405405405406,0.3405361473560333,0.458344429731369,13.769725799560547,910.7498168945312
260099,100,0.53,-0.18420083820819855,0.4249855577945709,1.5292506217956543,1264.0443115234375
260100,100,0.53,-0.09505700320005417,0.5424590706825256,3.093263864517212,1095.5819091796875
260101,100,0.38,0.08570510149002075,0.5105412006378174,10.915648460388184,2051.5341796875
260102,79,0.4810126582278481,0.18663670122623444,0.605513334274292,16.127424240112305,1926.090576171875
260103,100,0.49,0.004057242069393396,0.5439939498901367,5.896724224090576,1601.6822509765625
260104,100,0.42,0.012479462660849094,0.5481158494949341,8.036773681640625,763.5030517578125
260105,100,0.5,0.0382997952401638,0.5157768726348877,10.852067947387695,1093.6302490234375
260106,100,0.42,0.11972922086715698,0.5107859373092651,8.885482788085938,310.9088439941406
260107,100,0.38,-0.15487328171730042,0.5568286180496216,1.4114021062850952,831.7178344726562
260108,100,0.46,-0.09567444026470184,0.5052356719970703,2.60429310798645,1837.2686767578125
260109,73,0.5205479452054794,-0.05276871472597122,0.56270831823349,3.947295665740967,748.7390747070312
260110,100,0.46,-0.01294779870659113,0.4379207193851471,3.830218553543091,780.078857421875
260111,100,0.47,-0.010762772522866726,0.5406368970870972,4.256750583648682,1055.04541015625
260112,82,0.43902439024390244,0.028014766052365303,0.5854950547218323,4.2502288818359375,1185.724853515625
260113,100,0.55,0.011546418070793152,0.5467120409011841,6.998408317565918,1156.693359375
260114,100,0.6,0.07786328345537186,0.6178435683250427,16.072385787963867,580.053955078125
260115,100,0.46,-0.056624121963977814,0.46934446692466736,5.761660099029541,669.2658081054688
260116,100,0.49,0.06171225383877754,0.5452953577041626,9.62743091583252,1517.2476806640625
260117,100,0.51,-0.1116023063659668,0.5076245665550232,3.465669631958008,1201.9200439453125
260118,100,0.49,0.06688228249549866,0.5466453433036804,11.925638198852539,231.3394317626953
260119,15,0.6,0.05507080256938934,0.49426034092903137,1.932124376296997,1579.62939453125
260120,100,0.52,-0.0979229211807251,0.5385789275169373,3.1216068267822266,659.1350708007812
260121,100,0.55,1.0670315532479435e-05,0.531901478767395,7.034275054931641,875.2365112304688
260122,100,0.49,-0.14887262880802155,0.5413585901260376,1.8125433921813965,988.5503540039062
260123,85,0.4823529411764706,0.05476907268166542,0.5415037274360657,8.127564430236816,1129.5064697265625
260124,100,0.54,0.0050416490994393826,0.5252918004989624,3.9828176498413086,564.9560546875
260125,100,0.58,0.010608363896608353,0.5661658644676208,6.172847270965576,998.091064453125
260126,100,0.43,0.1602807343006134,0.5811022520065308,15.381318092346191,876.7840576171875
260127,100,0.53,-0.0493696890771389,0.4924968481063843,2.681516647338867,488.504150390625
260128,100,0.53,-0.07933323085308075,0.6156155467033386,2.260928153991699,492.9779968261719
260129,100,0.42,0.037376340478658676,0.47222498059272766,10.267081260681152,1307.43408203125
260130,100,0.5,-0.05977195128798485,0.5308170914649963,2.479557752609253,1419.2760009765625
260131,100,0.43,0.028169358149170876,0.5566204190254211,4.773906707763672,1110.3958740234375
260132,100,0.51,-0.0017852315213531256,0.5336523056030273,6.231922626495361,608.6882934570312
260133,90,0.4888888888888889,0.14958223700523376,0.5119035243988037,16.556760787963867,955.5943603515625
260134,100,0.46,-0.07810865342617035,0.4503633975982666,4.301914215087891,638.8285522460938
260135,100,0.51,-0.0756678506731987,0.59552401304245,4.318490982055664,275.9029846191406
260136,54,0.4444444444444444,0.20208241045475006,0.5355302691459656,5.8829193115234375,1439.5560302734375
260137,69,0.4492753623188406,0.19673773646354675,0.5173699855804443,18.185388565063477,1376.813720703125
260138,100,0.46,0.10527382045984268,0.49343177676200867,14.5458345413208,1021.6278076171875
260139,100,0.51,0.12909378111362457,0.5369613170623779,18.363361358642578,1314.8543701171875
260140,100,0.52,0.006609956733882427,0.517340362071991,15.672406196594238,507.044677734375
260141,100,0.55,0.03548739105463028,0.571274995803833,6.568187713623047,960.69189453125
260142,72,0.4861111111111111,-0.051387686282396317,0.5584554672241211,2.337334632873535,1647.50927734375
260143,100,0.56,0.08578500896692276,0.5221126079559326,7.444467544555664,187.75753784179688
260144,100,0.49,-0.07129713147878647,0.5176700353622437,2.8222429752349854,759.84423828125
260145,100,0.54,-0.06863430142402649,0.5681120157241821,4.441540718078613,1033.3282470703125
260146,8,0.625,0.3030121624469757,0.5979596972465515,2.990237236022949,2016.3297119140625
260147,67,0.582089552238806,-0.10509702563285828,0.4717680513858795,2.1961700916290283,2170.565673828125
260148,83,0.4819277108433735,-0.019446587190032005,0.46385711431503296,2.6492326259613037,773.6654052734375
260149,100,0.51,0.02675347961485386,0.5151440501213074,7.159412860870361,336.16143798828125
260150,100,0.5,0.06464111059904099,0.5038954615592957,8.687132835388184,1365.3575439453125
260151,34,0.4411764705882353,0.06917471438646317,0.40913036465644836,3.506479263305664,769.9651489257812
260152,73,0.4794520547945205,-0.19243472814559937,0.47515979409217834,1.413402795791626,1340.9910888671875
260153,100,0.5,-0.07130100578069687,0.5454004406929016,9.664517402648926,1559.1463623046875
260154,85,0.5176470588235295,-0.047918614000082016,0.49895989894866943,9.05473804473877,751.6932373046875
260155,100,0.52,0.11672884970903397,0.5228269100189209,17.6638240814209,248.1986846923828
260156,66,0.48484848484848486,-0.012428849935531616,0.5479394197463989,3.2969207763671875,1218.5445556640625
260157,100,0.52,0.005183728877454996,0.6089244484901428,3.133843421936035,1080.9759521484375
260158,100,0.51,0.08364333212375641,0.4952390193939209,11.295818328857422,693.375244140625
260159,100,0.48,-0.020408639684319496,0.525188684463501,4.384647369384766,1505.9307861328125
260160,78,0.5897435897435898,0.14651109278202057,0.5840127468109131,13.178752899169922,1797.2633056640625
260161,100,0.42,-0.01574215479195118,0.5735988616943359,7.551810264587402,1277.17333984375
260162,100,0.38,-0.006238220725208521,0.4365578293800354,4.319861888885498,623.6188354492188
260163,100,0.47,-0.041343849152326584,0.5060763955116272,4.651022434234619,1370.4359130859375
260164,100,0.39,-0.020624570548534393,0.4915030598640442,3.1845078468322754,1076.803466796875
260165,100,0.51,0.010070976801216602,0.47230976819992065,8.80355453491211,848.5066528320312
260166,9,0.3333333333333333,0.5607256889343262,0.5585371255874634,5.067104339599609,1265.1690673828125
260167,100,0.53,-0.04416365176439285,0.543687641620636,2.9426069259643555,1109.2596435546875
260168,56,0.6071428571428571,0.11944995075464249,0.4110376536846161,9.96684741973877,1353.18408203125
260169,100,0.53,-0.15951135754585266,0.5007365942001343,2.074249029159546,667.9910278320312
260170,36,0.4722222222222222,0.27430927753448486,0.5395000576972961,10.338906288146973,536.0369873046875
260171,100,0.39,0.07665853202342987,0.5220904350280762,8.402261734008789,1048.0234375
260172,17,0.4117647058823529,0.21647323668003082,0.5985823273658752,4.172265529632568,1166.68115234375
260173,100,0.48,-0.17175650596618652,0.47856804728507996,2.7071568965911865,948.160888671875
260174,100,0.52,0.024234507232904434,0.4909895658493042,4.687560558319092,1066.135986328125
260175,100,0.51,0.007994537241756916,0.5356643795967102,8.249496459960938,658.20947265625
260176,100,0.51,-0.030367759987711906,0.4370323121547699,3.796816349029541,897.0202026367188
260177,100,0.5,0.04550639167428017,0.48246729373931885,5.700229644775391,600.7664794921875
260178,100,0.52,-0.0013949343701824546,0.5368648171424866,7.9392523765563965,1049.2216796875
260179,100,0.53,-0.10967157781124115,0.5318505764007568,1.8393580913543701,812.0357666015625
260180,100,0.5,0.0017149114282801747,0.44286832213401794,5.01220178604126,1150.064453125
260181,100,0.5,0.09602757543325424,0.4658832550048828,14.63943862915039,1072.290283203125
260182,100,0.58,-0.1537797898054123,0.5283465385437012,1.720809817314148,805.2745971679688
260183,100,0.43,0.06412053853273392,0.5380665063858032,4.580903053283691,422.065185546875
260184,100,0.53,0.03420219197869301,0.5738880038261414,9.500179290771484,1707.733642578125
260185,100,0.46,-0.012003184296190739,0.4694913327693939,2.8839452266693115,1060.974365234375
260186,12,0.4166666666666667,0.45868903398513794,0.5423719882965088,7.914806365966797,1527.892822265625
260187,100,0.54,-0.06176707148551941,0.5788305997848511,4.5997700691223145,494.0436096191406
260188,100,0.4,-0.11652269214391708,0.524663507938385,2.1885440349578857,1328.8594970703125
260189,100,0.5,-0.05883590877056122,0.5316045880317688,7.475699424743652,346.94659423828125
260190,100,0.43,0.0387539379298687,0.5287349820137024,7.588437080383301,783.1060791015625
260191,100,0.45,-0.06117954105138779,0.49952271580696106,2.512652635574341,1150.8795166015625
260192,100,0.51,0.09060491621494293,0.5043785572052002,10.981278419494629,548.2720947265625
260193,100,0.51,-0.1629822701215744,0.5873587727546692,1.8270426988601685,1610.34814453125
260194,77,0.5324675324675324,0.27877652645111084,0.4526771008968353,29.826501846313477,1746.9493408203125
260195,7,0.5714285714285714,0.3647606372833252,0.34163960814476013,3.342891216278076,762.347412109375
260196,91,0.4175824175824176,0.13508206605911255,0.5361714363098145,13.654458999633789,1503.251708984375
260197,100,0.48,-0.054771896451711655,0.507045328617096,4.746355056762695,1050.1962890625
260198,53,0.3018867924528302,-0.10020502656698227,0.5170745849609375,2.4807918071746826,1263.8533935546875
260199,100,0.48,-0.03518832102417946,0.553840696811676,2.889906883239746,1103.1734619140625
260200,100,0.44,0.054144736379384995,0.5652852654457092,5.934770584106445,1313.5499267578125
260201,100,0.5,0.05197298899292946,0.5097637176513672,5.107156276702881,1342.084228515625
260202,100,0.53,-0.03273209184408188,0.5355861186981201,4.192385196685791,1957.7789306640625
260203,81,0.4691358024691358,-0.04645559564232826,0.5269206762313843,4.971011161804199,977.1721801757812
260204,24,0.5833333333333334,-0.17799000442028046,0.4909437298774719,2.484048843383789,1614.1776123046875
260205,100,0.49,0.04442311450839043,0.519749641418457,6.385009765625,867.2005004882812
260206,100,0.49,-0.03434691205620766,0.472118616104126,6.3917131423950195,1230.5322265625
260207,100,0.48,0.018723970279097557,0.5452349781990051,9.887234687805176,797.6824340820312
260208,100,0.53,-0.03292813152074814,0.5459295511245728,2.8150219917297363,729.2125244140625
260209,100,0.43,-0.014966047368943691,0.49898481369018555,4.062436580657959,727.1923828125
260210,85,0.5294117647058824,0.11623590439558029,0.5895395278930664,8.543170928955078,1136.1309814453125
260211,100,0.5,-0.010377347469329834,0.5449066758155823,4.558189868927002,1278.2777099609375
260212,100,0.48,-0.039263296872377396,0.5256837606430054,11.600150108337402,1343.87353515625
260213,100,0.46,0.03600311651825905,0.5509496331214905,5.803217887878418,778.9326171875
260214,100,0.49,-0.034719642251729965,0.5217704176902771,2.7301809787750244,1600.7872314453125
260215,27,0.48148148148148145,-0.021562058478593826,0.4611963927745819,4.98530387878418,449.97540283203125
260216,100,0.53,-0.13044986128807068,0.5389156937599182,1.9226614236831665,1499.774658203125
260217,100,0.44,0.057524967938661575,0.5222422480583191,6.440343856811523,1583.082275390625
260218,100,0.44,-0.21807926893234253,0.5201528668403625,1.0646599531173706,1250.689453125
260219,100,0.54,0.034382015466690063,0.5042997002601624,6.565609931945801,1473.0977783203125
260220,100,0.52,0.11475599557161331,0.572648823261261,11.179668426513672,951.5632934570312
260221,100,0.46,-2.842752837750595e-05,0.49580949544906616,5.737199306488037,628.4576416015625
260222,100,0.54,0.10228317230939865,0.5674242973327637,13.367637634277344,1109.39208984375
260223,50,0.48,0.00659555196762085,0.5730828642845154,4.287192344665527,1322.03369140625
260224,69,0.5942028985507246,-0.1324354112148285,0.482392281293869,1.7361948490142822,844.7823486328125
260225,100,0.58,-0.187921404838562,0.5019970536231995,1.7060911655426025,972.1294555664062
260226,100,0.53,-0.11593460291624069,0.5200352668762207,2.340667486190796,1424.45703125
260227,100,0.58,0.005824610125273466,0.6244802474975586,4.591456890106201,1226.703369140625
260228,100,0.54,-0.059716179966926575,0.5059850811958313,3.0184566974639893,743.1790771484375
260229,100,0.54,0.11554854363203049,0.5048084855079651,9.306926727294922,1560.1634521484375
260230,100,0.51,-0.04399653896689415,0.5432325601577759,4.329421520233154,405.3460998535156
260231,100,0.52,-0.02837495692074299,0.477204293012619,3.222705364227295,1159.2086181640625
260232,100,0.52,-0.04257743060588837,0.5359176993370056,4.072566032409668,1524.43212890625
260233,100,0.46,0.08806003630161285,0.5473421812057495,15.612430572509766,315.5982666015625
260234,100,0.55,0.02535814233124256,0.4631509482860565,12.301902770996094,832.1829223632812
260235,70,0.42857142857142855,-0.006925417110323906,0.5424445867538452,4.646609783172607,1668.8345947265625
260236,78,0.5256410256410257,0.04937561973929405,0.5823473334312439,8.124832153320312,1597.07373046875
260237,21,0.47619047619047616,-0.11427094787359238,0.637462854385376,0.8804940581321716,1650.56640625
260238,100,0.45,-0.008088265545666218,0.5398370027542114,10.923959732055664,1075.1051025390625
260239,100,0.53,0.03289566934108734,0.5043412446975708,9.312151908874512,1823.4378662109375
260240,100,0.54,-0.07980305701494217,0.5148095488548279,6.831798553466797,950.0811157226562
260241,72,0.5,0.11759451776742935,0.5355813503265381,7.8535637855529785,279.3711242675781
260242,100,0.38,0.0535457506775856,0.4879685938358307,10.232715606689453,802.1119995117188
260243,100,0.49,-0.05782656371593475,0.5120736360549927,3.4369406700134277,774.7556762695312
260244,100,0.45,-0.06151018664240837,0.5240849852561951,3.2444963455200195,783.6904907226562
260245,100,0.47,-0.036855679005384445,0.5054868459701538,4.923737049102783,392.7784729003906
260246,100,0.49,-0.03105841763317585,0.4979269802570343,6.131596088409424,740.1173095703125
260247,100,0.39,-0.015577888116240501,0.534757137298584,5.4745192527771,156.086669921875
260248,31,0.5806451612903226,0.10700336843729019,0.4431198537349701,5.189870834350586,1341.735107421875
260249,100,0.55,0.08154170960187912,0.5065081119537354,8.475255966186523,586.5181884765625
260250,100,0.48,-0.07244772464036942,0.5754756331443787,3.8503127098083496,1791.4459228515625
260251,76,0.5526315789473685,0.06296379119157791,0.49638646841049194,6.469435214996338,742.4129638671875
260252,40,0.475,0.15219946205615997,0.5621998906135559,5.03731632232666,411.6619873046875
260253,100,0.46,-0.037700995802879333,0.4427574872970581,3.8387818336486816,976.009521484375
260254,55,0.45454545454545453,0.2129393368959427,0.49084362387657166,12.882057189941406,1605.6138916015625
260255,100,0.46,0.20346832275390625,0.4576026201248169,12.867101669311523,1121.907958984375
260256,100,0.47,0.09578812122344971,0.5129076242446899,5.673742771148682,738.1309814453125
260257,100,0.48,0.16964614391326904,0.5206540822982788,15.783910751342773,1076.5797119140625
260258,28,0.5714285714285714,0.31909462809562683,0.5043836832046509,8.9178466796875,1190.43212890625
260259,100,0.64,0.008176218718290329,0.45333072543144226,12.216330528259277,1003.4171142578125
260260,100,0.44,0.04267628490924835,0.5081683993339539,8.356054306030273,1554.993896484375
260261,83,0.5542168674698795,0.01804727129638195,0.5013962984085083,9.334975242614746,1051.8638916015625
260262,100,0.5,-0.11511822789907455,0.4684666395187378,2.575122356414795,894.9973754882812
260263,100,0.46,-0.04114427790045738,0.5238822102546692,5.739328384399414,474.7220458984375
260264,28,0.5357142857142857,0.20072133839130402,0.3775569200515747,9.092101097106934,1081.9385986328125
260265,88,0.5681818181818182,0.016475364565849304,0.45140814781188965,5.299631595611572,639.4546508789062
260266,42,0.5,-0.025395356118679047,0.440757691860199,2.876131772994995,1218.9014892578125
260267,100,0.48,0.053632866591215134,0.5092706680297852,9.649300575256348,464.9212951660156
260268,27,0.5555555555555556,0.05088300630450249,0.5048455595970154,2.0819265842437744,514.1417846679688
260269,2,0.5,0.6295271515846252,0.6290327906608582,1.2590545415878296,1208.4217529296875
260270,86,0.45348837209302323,-0.07169031351804733,0.40798479318618774,4.881984233856201,1604.7979736328125
260271,100,0.58,0.012647910974919796,0.4474555552005768,9.550315856933594,1428.2183837890625
260272,97,0.36082474226804123,0.04742171987891197,0.48300307989120483,9.421557426452637,1256.1328125
260273,100,0.55,-0.06249932199716568,0.5272732973098755,2.940497398376465,994.6658935546875
260274,46,0.43478260869565216,0.2590183615684509,0.5434545278549194,8.700784683227539,1336.5606689453125
260275,100,0.53,-0.06840083003044128,0.4758239984512329,5.873128890991211,1367.706787109375
260276,100,0.54,0.11857575923204422,0.5362150073051453,14.651878356933594,1003.5127563476562
260277,100,0.57,-0.030038367956876755,0.5529502630233765,4.095213890075684,961.2978515625
260278,59,0.5084745762711864,0.09674450755119324,0.5124510526657104,16.14925765991211,1001.2659912109375
260279,68,0.5,0.08270944654941559,0.5093514323234558,9.29153823852539,1590.466064453125
260280,100,0.49,-0.04018431901931763,0.48440372943878174,4.798104286193848,831.530029296875
260281,97,0.4742268041237113,-0.06850530952215195,0.4331263303756714,2.3099489212036133,1416.9896240234375
260282,100,0.55,0.055992212146520615,0.5766867995262146,18.41278076171875,604.7021484375
260283,49,0.40816326530612246,-0.11930300295352936,0.4985961318016052,1.7792109251022339,962.979248046875
260284,100,0.49,0.014561224728822708,0.47774940729141235,7.034192085266113,1775.9000244140625
260285,100,0.45,-0.060337770730257034,0.5164657831192017,6.304267406463623,1268.1915283203125
260286,53,0.49056603773584906,0.20802617073059082,0.49188339710235596,14.579517364501953,1639.180419921875
260287,100,0.51,-0.09431803226470947,0.5302311182022095,3.5583298206329346,751.7277221679688
260288,100,0.47,-0.037667445838451385,0.5731909275054932,3.936570644378662,742.8458251953125
260289,100,0.53,0.02932920679450035,0.5026440024375916,7.555111885070801,316.2135925292969
260290,100,0.49,-0.05933421850204468,0.5228546261787415,4.841975212097168,623.80810546875
260291,100,0.45,0.16572515666484833,0.4806070029735565,21.2015380859375,589.6506958007812
260292,100,0.49,0.027105944231152534,0.5060802102088928,5.537425994873047,188.0230712890625
260293,100,0.47,0.14222052693367004,0.560378909111023,13.588762283325195,1525.079833984375
260294,25,0.6,-0.067192941904068,0.4702844023704529,2.3992421627044678,636.3705444335938
260295,100,0.56,0.015452568419277668,0.423573762178421,7.689823627471924,1337.2664794921875
260296,100,0.52,0.028488678857684135,0.5114428400993347,5.766651630401611,940.3057861328125
260297,100,0.6,-0.08075658977031708,0.48246583342552185,1.9225140810012817,1461.75244140625
260298,100,0.46,0.046147335320711136,0.5145979523658752,7.51827335357666,165.00100708007812
260299,100,0.52,-0.0802384689450264,0.4969303607940674,3.0840225219726562,468.60626220703125
260300,100,0.45,0.07041905075311661,0.4543916583061218,14.910453796386719,1099.0430908203125
260301,100,0.41,-0.060651592910289764,0.558427095413208,3.204941511154175,542.4212036132812
260302,100,0.43,-0.008588890545070171,0.5032016634941101,4.564656734466553,1226.2625732421875
260303,100,0.48,0.03263065591454506,0.5466461777687073,8.08500862121582,1214.765380859375
260304,100,0.53,0.020542001351714134,0.43163368105888367,10.472380638122559,1009.1846923828125
260305,100,0.56,-0.10478313267230988,0.40420788526535034,3.3809335231781006,926.170654296875
260306,100,0.49,0.046138640493154526,0.4864114224910736,6.7843732833862305,588.7490234375
260307,100,0.52,0.007901567965745926,0.49264976382255554,6.661823749542236,1799.0775146484375
260308,100,0.56,-0.08846301585435867,0.5290529727935791,2.2173821926116943,700.3992309570312
260309,41,0.4634146341463415,0.13624441623687744,0.4791325330734253,10.117828369140625,633.4984130859375
260310,100,0.47,-0.04556907340884209,0.5098229050636292,10.154925346374512,606.643798828125
260311,74,0.4864864864864865,0.19755713641643524,0.5528020858764648,14.020835876464844,782.9002685546875
260312,100,0.54,-0.08407941460609436,0.49647828936576843,7.940972328186035,632.3914184570312
260313,100,0.53,0.11430613696575165,0.5133832693099976,15.5028076171875,1338.064453125
260314,100,0.45,0.06978262960910797,0.534464418888092,7.2176313400268555,501.0415344238281
260315,100,0.52,-0.00042650217073969543,0.5484246015548706,5.774989128112793,1205.8931884765625
260316,100,0.41,-0.13207468390464783,0.5371230244636536,2.608433485031128,566.620849609375
260317,43,0.5116279069767442,0.02422485314309597,0.4212154746055603,4.076930046081543,1125.093994140625
260318,100,0.47,-0.007251012604683638,0.4247623383998871,4.364422798156738,474.7669372558594
260319,100,0.57,-0.042144857347011566,0.5125830173492432,4.386507987976074,931.6126098632812
260320,70,0.42857142857142855,0.13934728503227234,0.5542163848876953,13.026717185974121,1613.2999267578125
260321,100,0.47,-0.04203849658370018,0.5669949650764465,2.5123045444488525,1195.5208740234375
260322,91,0.4835164835164835,0.10737641155719757,0.5023970603942871,14.999849319458008,1655.6883544921875
260323,100,0.5,0.06903664022684097,0.5128822922706604,8.965853691101074,1041.22900390625
260324,16,0.5625,0.43700161576271057,0.7560742497444153,8.923835754394531,686.5809936523438
260325,100,0.44,0.06844490021467209,0.4874630868434906,9.07738208770752,786.1821899414062
260326,100,0.48,0.10772061347961426,0.5277113318443298,13.948442459106445,206.0152587890625
260327,100,0.55,-0.1472088247537613,0.48279672861099243,2.3636598587036133,945.4175415039062
260328,29,0.5862068965517241,0.17728963494300842,0.4099935293197632,8.81318473815918,853.8346557617188
260329,100,0.49,-0.029677631333470345,0.47724831104278564,2.9192214012145996,655.5945434570312
260330,100,0.43,-0.04163235425949097,0.5398350954055786,4.666007041931152,373.8800048828125
260331,100,0.51,-0.046000514179468155,0.5397207736968994,7.7794508934021,728.8412475585938
260332,100,0.5,-0.0771683007478714,0.48410800099372864,3.1834464073181152,1771.726318359375
260333,100,0.53,-0.025698749348521233,0.5385377407073975,6.398125171661377,2217.13818359375
260334,100,0.56,0.032294996082782745,0.4992626905441284,5.3674774169921875,996.6473999023438
260335,100,0.56,0.061284780502319336,0.4727693498134613,11.505195617675781,848.1350708007812
260336,38,0.42105263157894735,-0.0467732734978199,0.5181590914726257,2.9529387950897217,1036.337158203125
260337,100,0.51,-0.2268373668193817,0.4216206967830658,1.1266158819198608,449.4533996582031
260338,100,0.52,-0.07062365859746933,0.5436674952507019,3.0456066131591797,655.0048828125
260339,47,0.5106382978723404,0.01805148646235466,0.5439189672470093,4.972598552703857,1134.6649169921875
260340,100,0.48,-0.08729168027639389,0.5347281098365784,5.9014129638671875,336.0813293457031
260341,100,0.6,0.10611602663993835,0.5597152709960938,15.846268653869629,585.4945068359375
260342,100,0.43,-0.2658829987049103,0.5318461060523987,0.8201454877853394,1613.330078125
260343,70,0.5285714285714286,0.046995919197797775,0.5766720175743103,7.608911037445068,479.108642578125
260344,100,0.61,0.010808197781443596,0.42719176411628723,13.251870155334473,1539.5181884765625
260345,100,0.57,-0.07486914843320847,0.46954381465911865,4.123613357543945,206.0864715576172
260346,4,0.5,0.38347363471984863,0.5557820796966553,3.1448264122009277,522.4866333007812
260347,74,0.47297297297297297,0.14169158041477203,0.5410670042037964,10.12926959991455,1702.4481201171875
260348,100,0.45,-0.18743133544921875,0.5190833806991577,1.3172818422317505,1405.2286376953125
260349,47,0.5319148936170213,0.024984722957015038,0.5439623594284058,3.5101091861724854,1716.7933349609375
260350,100,0.55,-0.16061893105506897,0.5409391522407532,2.6615912914276123,1112.179443359375
260351,100,0.46,-0.11965277045965195,0.48420605063438416,3.309643030166626,304.14837646484375
260352,100,0.47,-0.015325795859098434,0.5223984122276306,7.449818134307861,1145.9918212890625
260353,73,0.4657534246575342,0.12307339906692505,0.5783820748329163,11.536123275756836,986.2598876953125
260354,100,0.51,0.06817778199911118,0.5332790017127991,11.399733543395996,540.9577026367188
260355,35,0.6857142857142857,0.12579409778118134,0.5236709117889404,6.157065391540527,1200.0830078125
260356,100,0.6,-0.057128336280584335,0.5112666487693787,4.086795330047607,742.3590698242188
260357,29,0.6896551724137931,0.1266649067401886,0.439141184091568,4.709106922149658,1203.72412109375
260358,36,0.5,0.18099676072597504,0.5426723957061768,6.633607387542725,1218.4630126953125
260359,100,0.51,-0.06068967282772064,0.5421880483627319,3.625054121017456,348.5652160644531
260360,100,0.57,-0.03219113126397133,0.5246127843856812,4.633034706115723,816.0911865234375
260361,100,0.52,0.028981635347008705,0.472724586725235,5.072790145874023,1070.069580078125
260362,100,0.51,0.03579525277018547,0.5367867350578308,5.781248569488525,1636.877197265625
260363,40,0.7,0.14714527130126953,0.43294093012809753,14.575674057006836,834.3427734375
260364,100,0.46,-0.02534571848809719,0.47040310502052307,6.441472053527832,116.37445068359375
260365,100,0.51,-0.08302730321884155,0.5284948348999023,2.7273166179656982,1503.438232421875
260366,100,0.37,0.13257795572280884,0.5927985310554504,12.999695777893066,346.1512451171875
260367,37,0.6216216216216216,0.2793375849723816,0.5245901942253113,17.384586334228516,955.3834838867188
260368,29,0.3793103448275862,0.11734408885240555,0.39458006620407104,2.714641809463501,799.8914184570312
260369,100,0.5,-0.08833734691143036,0.5023702383041382,3.8154163360595703,588.73828125
260370,81,0.5185185185185185,0.12662336230278015,0.5895729660987854,12.567853927612305,750.4435424804688
260371,80,0.5125,-0.04844222590327263,0.5925424695014954,3.2294700145721436,1834.4432373046875
260372,39,0.5897435897435898,0.06906327605247498,0.44971540570259094,6.010138988494873,2048.827392578125
260373,71,0.49295774647887325,0.11077926307916641,0.574550211429596,6.9433674812316895,1246.064208984375
260374,100,0.45,0.06299787759780884,0.5052157044410706,14.409252166748047,614.9081420898438
260375,100,0.57,-0.024772649630904198,0.46551650762557983,5.902258396148682,824.9216918945312
260376,100,0.55,-0.06195728853344917,0.5698172450065613,3.1637909412384033,231.9785919189453
260377,100,0.6,0.04125319421291351,0.5216444730758667,9.163752555847168,664.8445434570312
260378,100,0.62,-0.04940323159098625,0.4919660985469818,2.9503893852233887,860.8185424804688
260379,100,0.39,0.00843734759837389,0.4597322344779968,6.068109035491943,774.923095703125
260380,27,0.5185185185185185,0.3210788667201996,0.6019496321678162,7.526504993438721,1660.2034912109375
260381,100,0.55,-0.12256915122270584,0.47296571731567383,1.7249565124511719,1371.7467041015625
260382,100,0.41,-0.026107333600521088,0.5375714898109436,2.2293763160705566,548.9662475585938
260383,100,0.54,0.0015047281049191952,0.5524994134902954,4.159534931182861,976.31103515625
260384,100,0.51,0.03127254545688629,0.4853910803794861,8.117528915405273,127.76477813720703
260385,72,0.5,0.1501961499452591,0.42396318912506104,12.007205963134766,1326.0504150390625
260386,100,0.47,-0.054818134754896164,0.5225273966789246,2.793968439102173,580.3953857421875
260387,100,0.43,-0.03450748696923256,0.5459806323051453,3.156792402267456,614.88671875
260388,100,0.41,0.04169473052024841,0.4460655450820923,12.309856414794922,502.0155334472656
260389,100,0.45,0.12051986902952194,0.5524057149887085,14.180505752563477,397.4667663574219
260390,100,0.52,-0.003028126200661063,0.44813552498817444,8.938531875610352,788.7276000976562
260391,100,0.46,-0.11335060000419617,0.4614153504371643,2.4620397090911865,1238.0721435546875
260392,60,0.4666666666666667,0.08371774107217789,0.573722243309021,10.18742561340332,1504.0467529296875
260393,25,0.52,-0.011163303628563881,0.4865458309650421,1.9476912021636963,1137.070556640625
260394,41,0.43902439024390244,-0.010027067735791206,0.5413563847541809,4.464518070220947,1826.5732421875
260395,100,0.4,-0.11182533204555511,0.5093531608581543,2.550611972808838,889.4943237304688
260396,100,0.48,-0.15559211373329163,0.511990487575531,1.669466257095337,1443.716552734375
260397,100,0.49,-0.1768023818731308,0.5747580528259277,2.8427181243896484,1152.2568359375
260398,100,0.52,0.06840940564870834,0.4651249647140503,7.22197151184082,1576.2049560546875
260399,100,0.52,-0.04266234487295151,0.4542393684387207,5.578385829925537,1692.3177490234375
260400,100,0.5,-0.03274397552013397,0.5628725290298462,4.289478302001953,667.2340698242188
260401,100,0.46,-0.02821476012468338,0.5238646864891052,5.5778021812438965,1173.6988525390625
260402,100,0.58,0.02235998585820198,0.5249263048171997,8.990972518920898,277.4879455566406
260403,100,0.59,-0.1321837455034256,0.5841140747070312,1.7219383716583252,1473.2275390625
260404,100,0.47,0.059580788016319275,0.5337237119674683,14.101818084716797,1630.3345947265625
260405,73,0.6438356164383562,0.08187179267406464,0.5424463748931885,6.015808582305908,875.4424438476562
260406,100,0.52,-0.15435883402824402,0.46174517273902893,2.414499282836914,1276.86962890625
260407,100,0.48,0.11064229160547256,0.5148335695266724,9.494397163391113,840.5745849609375
260408,100,0.55,0.0029731176327914,0.5797824263572693,6.652746677398682,882.795654296875
260409,88,0.5113636363636364,-0.17921064794063568,0.5631572604179382,3.471452236175537,1709.3665771484375
260410,85,0.5058823529411764,0.08491677790880203,0.5679803490638733,13.887972831726074,1544.8468017578125
260411,100,0.57,0.013429328799247742,0.4642689824104309,6.988747596740723,889.5805053710938
260412,100,0.39,-0.0440051294863224,0.5627291202545166,3.0912904739379883,542.88037109375
260413,100,0.54,-0.05477228760719299,0.5653481483459473,4.825671195983887,238.35552978515625
260414,100,0.5,-0.12545479834079742,0.5406850576400757,2.0506885051727295,1339.1788330078125
260415,23,0.6086956521739131,-0.18862581253051758,0.4752131998538971,2.109720468521118,1155.5023193359375
260416,100,0.48,0.06635943055152893,0.42792943120002747,6.783740043640137,552.69140625
260417,100,0.55,-0.14936693012714386,0.4889717996120453,1.9243719577789307,1116.5328369140625
260418,100,0.42,0.08697859942913055,0.5564507246017456,13.535881042480469,1773.634033203125
260419,100,0.47,0.13270623981952667,0.532370388507843,15.498948097229004,643.1411743164062
260420,100,0.55,0.15787573158740997,0.6134856939315796,15.402091979980469,1181.3358154296875
260421,100,0.46,-0.05123627558350563,0.5260123014450073,4.593724727630615,1264.149658203125
260422,100,0.45,0.0646117553114891,0.49720820784568787,7.214986801147461,120.85980224609375
260423,62,0.5645161290322581,0.018397759646177292,0.5032507181167603,5.488104343414307,255.1873016357422
260424,100,0.42,-0.0070548029616475105,0.49456968903541565,5.177967548370361,1095.99609375
260425,100,0.54,-0.0062513938173651695,0.4996544420719147,5.372772216796875,1445.0643310546875
260426,100,0.6,-0.022501520812511444,0.5524573922157288,3.1055877208709717,878.6873168945312
260427,100,0.58,-0.00082378089427948,0.4965931177139282,9.3895845413208,1078.929931640625
260428,100,0.5,-0.08171405643224716,0.5144431591033936,2.8891806602478027,919.0787963867188
260429,100,0.44,-0.10011360794305801,0.5343808531761169,3.6107614040374756,898.14453125
260430,100,0.41,0.014008216559886932,0.5053564310073853,9.433955192565918,954.3564453125
260431,92,0.41304347826086957,0.052605487406253815,0.5460748672485352,4.766127109527588,1189.2657470703125
260432,100,0.46,0.008700652979314327,0.5909132957458496,4.261422157287598,643.0439453125
260433,100,0.5,0.11038556694984436,0.5238304138183594,10.446375846862793,1243.5418701171875
260434,100,0.48,-0.0797625258564949,0.5377503633499146,2.9076240062713623,946.3427124023438
260435,48,0.5416666666666666,0.01642674393951893,0.4698888957500458,4.9637322425842285,752.0043334960938
260436,100,0.46,-0.03379455953836441,0.5398151874542236,2.4061472415924072,1727.26220703125
260437,100,0.42,0.027787744998931885,0.38968464732170105,6.342414379119873,662.087646484375
260438,100,0.53,-0.08130592107772827,0.43815791606903076,3.3275551795959473,1741.64501953125
260439,100,0.44,0.05911800637841225,0.5653592348098755,6.582378387451172,908.1627197265625
260440,100,0.52,-0.14690430462360382,0.4924919903278351,2.6219072341918945,1216.9356689453125
260441,100,0.55,-0.01354696974158287,0.6042912602424622,3.2199933528900146,880.321533203125
260442,100,0.55,-0.04312442988157272,0.5588652491569519,5.658257961273193,1001.4896240234375
260443,100,0.45,0.035333648324012756,0.4885687530040741,13.995543479919434,816.4700317382812
260444,67,0.6268656716417911,0.039090946316719055,0.4836525321006775,8.406279563903809,1061.9918212890625
260445,50,0.52,0.01044459082186222,0.4716412127017975,4.885739803314209,1716.0908203125
260446,100,0.53,-0.23008759319782257,0.48750609159469604,1.4380929470062256,1284.2828369140625
260447,100,0.6,0.04853367805480957,0.5122742652893066,6.457477569580078,940.9599609375
260448,100,0.39,-0.04273773357272148,0.5104472637176514,3.617347478866577,1345.1737060546875
260449,100,0.42,-0.028184419497847557,0.4963146150112152,8.428985595703125,800.199951171875
260450,28,0.5714285714285714,-0.06247689947485924,0.5636110305786133,1.5753252506256104,1882.4146728515625
260451,100,0.55,0.007112058810889721,0.5895808935165405,9.835655212402344,368.9411926269531
260452,22,0.5454545454545454,0.3753109872341156,0.4571920931339264,7.58216667175293,853.4003295898438
260453,100,0.53,0.05077856406569481,0.45184189081192017,5.653997898101807,1575.8826904296875
260454,59,0.576271186440678,0.0029700968880206347,0.589954137802124,3.9153196811676025,901.6895751953125
260455,100,0.48,-0.0406823493540287,0.45984596014022827,5.655005931854248,1607.64501953125
260456,40,0.575,-0.11474470794200897,0.4672054052352905,2.2007522583007812,1268.2884521484375
260457,100,0.49,-0.05503120645880699,0.541921079158783,2.6617913246154785,388.0207214355469
260458,100,0.51,-0.05299399048089981,0.48013657331466675,4.464289665222168,852.6463623046875
260459,72,0.5694444444444444,0.1810152232646942,0.5892307162284851,15.933380126953125,1408.530029296875
260460,100,0.6,-0.09898471087217331,0.4871939718723297,3.0973117351531982,1415.9598388671875
260461,100,0.49,0.054727353155612946,0.5462588667869568,6.524961471557617,727.6415405273438
260462,100,0.53,-0.04102370887994766,0.5559592247009277,9.091814994812012,1754.8289794921875
260463,100,0.49,-0.12623387575149536,0.461757630109787,2.507807970046997,1159.538818359375
260464,64,0.484375,0.045010264962911606,0.6076072454452515,3.442667007446289,1434.57470703125
260465,100,0.54,-0.031414058059453964,0.4194488227367401,6.253100395202637,488.9804382324219
260466,61,0.39344262295081966,0.11475908756256104,0.4529585838317871,4.00908088684082,605.114013671875
260467,100,0.55,-0.05158909782767296,0.6054064631462097,4.397043228149414,1021.3370361328125
260468,42,0.5,0.027999147772789,0.4289283752441406,1.847761631011963,357.2975769042969
260469,100,0.48,0.03772739693522453,0.4750913381576538,4.813783168792725,1047.342529296875
260470,100,0.6,-0.1290859580039978,0.543780505657196,1.7377243041992188,748.7467041015625
260471,100,0.54,-0.05983365327119827,0.5146236419677734,6.136188507080078,1177.147705078125
260472,100,0.49,0.010483253747224808,0.4870377779006958,6.003907680511475,1514.44482421875
260473,100,0.41,-0.011083435267210007,0.530229926109314,11.32649040222168,1103.2015380859375
260474,48,0.5416666666666666,0.12358523160219193,0.4063848555088043,6.628309726715088,949.557373046875
260475,100,0.52,-0.03275873512029648,0.5149291157722473,5.832118034362793,915.7420043945312
260476,68,0.45588235294117646,-0.019723542034626007,0.497933566570282,6.625877380371094,918.6629638671875
260477,94,0.46808510638297873,0.10968521237373352,0.5238249897956848,12.32664680480957,1532.6383056640625
260478,41,0.4878048780487805,-0.04053538665175438,0.4738596975803375,1.650361180305481,1886.0850830078125
260479,100,0.53,-0.035474348813295364,0.5204369425773621,5.4265546798706055,749.3368530273438
260480,56,0.4107142857142857,0.008623208850622177,0.4963250160217285,6.72606897354126,1025.5133056640625
260481,100,0.51,-0.053034309297800064,0.543276309967041,6.1105451583862305,449.0980224609375
260482,100,0.53,0.15412408113479614,0.47682905197143555,14.04796028137207,1274.7567138671875
260483,100,0.49,-0.01309273112565279,0.5674748420715332,9.89201831817627,882.7313232421875
260484,77,0.5194805194805194,0.09023378789424896,0.44404178857803345,13.252089500427246,1408.929443359375
260485,100,0.53,0.016914252191781998,0.5274679064750671,5.960391998291016,817.0281372070312
260486,100,0.58,-0.049559708684682846,0.5855587720870972,6.875577449798584,716.8671875
260487,100,0.52,-0.047445155680179596,0.5457260608673096,4.182027816772461,936.2965698242188
260488,83,0.4939759036144578,0.18882468342781067,0.4798519015312195,18.381671905517578,1779.59619140625
260489,100,0.59,-0.027715612202882767,0.5566560626029968,4.809563636779785,925.0040283203125
260490,100,0.48,0.0735144391655922,0.513052225112915,9.641441345214844,734.0299072265625
260491,100,0.54,0.08639072626829147,0.48968133330345154,9.056114196777344,1058.45166015625
260492,100,0.46,0.020662233233451843,0.5202081203460693,5.4998626708984375,985.4656982421875
260493,100,0.46,-0.008888081647455692,0.5142432451248169,3.4437122344970703,967.498779296875
260494,100,0.64,0.011813243851065636,0.43103253841400146,9.919614791870117,1474.9219970703125
260495,39,0.358974358974359,0.09342513978481293,0.5369710326194763,2.496218681335449,557.2423095703125
260496,67,0.5223880597014925,0.1948581337928772,0.4317837953567505,12.79970932006836,456.8340148925781
260497,100,0.54,0.020919904112815857,0.5417702198028564,11.664314270019531,752.7861328125
260498,100,0.57,0.06946191936731339,0.4684165120124817,12.068742752075195,980.2709350585938
260499,100,0.55,-0.0011373443994671106,0.5404999852180481,8.534035682678223,1438.3795166015625
260500,100,0.49,-0.04590466618537903,0.5043199062347412,5.464361667633057,523.79052734375
260501,55,0.4727272727272727,0.2239476889371872,0.553097128868103,12.371609687805176,576.9658203125
260502,100,0.5,0.07389367371797562,0.45430731773376465,8.944872856140137,399.9001159667969
260503,100,0.5,0.04894756153225899,0.5459944009780884,4.448370456695557,1020.6279907226562
260504,100,0.51,-0.03509096801280975,0.4860842227935791,5.543280124664307,479.6387634277344
260505,100,0.51,-0.021172910928726196,0.510094940662384,9.94789981842041,409.14410400390625
260506,100,0.48,-0.11108085513114929,0.536040186882019,3.020615577697754,935.3659057617188
260507,98,0.5306122448979592,-0.08484022319316864,0.5307937264442444,2.1189587116241455,1039.2314453125
260508,100,0.55,-0.1016957089304924,0.5598453283309937,2.8315341472625732,309.78662109375
260509,100,0.52,0.006469131447374821,0.46548008918762207,5.574892997741699,1178.941650390625
260510,100,0.45,-0.13926173746585846,0.5433382391929626,3.3064661026000977,701.4826049804688
260511,100,0.48,0.025613531470298767,0.5354830622673035,5.487337112426758,511.5729675292969
260512,100,0.5,-0.0011513654608279467,0.5362721085548401,5.894600868225098,971.1719360351562
260513,100,0.52,0.0017289415700361133,0.5354347229003906,3.926882028579712,163.83099365234375
260514,100,0.54,0.21461839973926544,0.5473427772521973,24.42021942138672,1090.3316650390625
260515,100,0.47,-0.16599218547344208,0.6276317834854126,1.252675175666809,452.84466552734375
260516,100,0.54,0.033901315182447433,0.5214360356330872,10.875870704650879,591.6953125
260517,100,0.44,-0.01759924739599228,0.6079190969467163,3.0903995037078857,1017.080810546875
260518,100,0.59,-0.059186968952417374,0.48964235186576843,2.998713731765747,1796.5751953125
260519,36,0.3055555555555556,0.3668516278266907,0.5108415484428406,11.129260063171387,1528.6036376953125
260520,91,0.5274725274725275,-0.04065956175327301,0.4476201832294464,3.529350519180298,1152.15966796875
260521,100,0.41,0.006577932275831699,0.49788805842399597,5.013009548187256,1498.405517578125
260522,100,0.46,-0.053900837898254395,0.5344269871711731,5.0999932289123535,564.8062744140625
260523,100,0.51,0.009500516578555107,0.4821452796459198,4.815123081207275,752.2731323242188
260524,100,0.53,-0.010396262630820274,0.5273517370223999,5.481177806854248,969.8399658203125
260525,100,0.54,0.024071980267763138,0.5215251445770264,6.348900318145752,1290.59130859375
260526,100,0.49,0.061429865658283234,0.543415367603302,10.518749237060547,603.4563598632812
260527,100,0.52,-0.1873490959405899,0.6148577332496643,1.794435977935791,1165.37744140625
260528,8,0.375,0.14022423326969147,0.43143290281295776,1.2949490547180176,822.3153076171875
260529,100,0.54,-0.02617443911731243,0.5439378023147583,4.3321614265441895,872.1552124023438
260530,100,0.43,0.07723940163850784,0.5283752083778381,5.531007766723633,328.5824279785156
260531,100,0.48,0.06445913761854172,0.48691093921661377,10.184835433959961,791.4420776367188
260532,100,0.44,-0.14219094812870026,0.4927661120891571,2.611970901489258,1218.6011962890625
260533,100,0.48,0.041688740253448486,0.5396744012832642,5.658707141876221,1529.8502197265625
260534,27,0.5555555555555556,-0.08361112326383591,0.4629316031932831,1.2630317211151123,613.0296630859375
260535,46,0.391304347826087,0.16789203882217407,0.48329973220825195,10.97833251953125,1439.6097412109375
260536,57,0.5614035087719298,-0.018081247806549072,0.400459885597229,4.8273491859436035,1292.4991455078125
260537,100,0.46,-0.015940319746732712,0.5031985640525818,3.888401746749878,352.064208984375
260538,96,0.4479166666666667,0.1186000257730484,0.54698246717453,15.914029121398926,719.7352905273438
260539,100,0.51,-0.014150436967611313,0.5242775678634644,6.9054412841796875,1384.0491943359375
260540,100,0.58,0.012454944662749767,0.525212824344635,9.782668113708496,535.4000244140625
260541,100,0.48,-0.09269189089536667,0.5972331762313843,6.662395477294922,1042.10595703125
260542,100,0.57,0.03670762479305267,0.579349935054779,11.916886329650879,1660.6617431640625
260543,100,0.59,-0.04695991054177284,0.5090040564537048,2.990377902984619,395.6217346191406
260544,100,0.4,0.05634307116270065,0.5706431865692139,8.628022193908691,887.1905517578125
260545,100,0.48,0.09895946830511093,0.536091685295105,8.413980484008789,663.6124267578125
260546,100,0.52,-0.021809803321957588,0.4237734079360962,6.9433913230896,1193.552734375
260547,100,0.48,-0.11065836995840073,0.5601657032966614,2.4702441692352295,1236.6971435546875
260548,100,0.54,0.043222274631261826,0.5649861693382263,9.189501762390137,903.2382202148438
260549,100,0.56,-0.05788475275039673,0.4862321615219116,2.450559616088867,988.0162353515625
260550,100,0.56,0.024332627654075623,0.5085357427597046,6.883083343505859,1431.256591796875
260551,100,0.58,-0.09952054917812347,0.5417254567146301,2.887195348739624,535.0916137695312
260552,100,0.6,-0.01107795350253582,0.5768898129463196,3.351156711578369,828.2588500976562
260553,100,0.5,-0.04929571971297264,0.47866806387901306,7.419015884399414,875.4531860351562
260554,100,0.49,-0.0030673060100525618,0.45240846276283264,5.103015422821045,1149.3929443359375
260555,100,0.51,0.029312727972865105,0.474325954914093,11.46046257019043,1437.09326171875
260556,100,0.54,0.013294924981892109,0.5430129170417786,8.512409210205078,1313.50732421875
260557,100,0.55,0.09680326282978058,0.5470162034034729,14.166731834411621,1080.640380859375
260558,100,0.5,-0.07520473748445511,0.5274056792259216,1.9030500650405884,410.533447265625
260559,100,0.5,-0.16836854815483093,0.5386412143707275,1.7155473232269287,1549.5504150390625
260560,100,0.5,0.004874331410974264,0.5139285922050476,6.204766750335693,1857.8521728515625
260561,100,0.53,-0.012280885130167007,0.5027334690093994,5.155979156494141,755.6717529296875
260562,100,0.53,-0.028873413801193237,0.4181355834007263,5.042633056640625,1437.395751953125
260563,92,0.5543478260869565,0.13641656935214996,0.5150455832481384,12.179880142211914,1475.85498046875
260564,100,0.49,0.0207163505256176,0.5361327528953552,5.895750522613525,1131.648193359375
260565,100,0.43,0.042763326317071915,0.48666760325431824,5.1819868087768555,1188.1397705078125
260566,100,0.58,0.02462904341518879,0.5841726064682007,6.301967144012451,762.2617797851562
260567,100,0.51,0.10884023457765579,0.5131520628929138,10.87718391418457,735.35595703125
260568,100,0.53,0.0018827251624315977,0.4848274886608124,9.684490203857422,539.4013061523438
260569,100,0.52,0.05760645121335983,0.5530140399932861,7.338682174682617,1631.87451171875
260570,99,0.43434343434343436,-0.04049817845225334,0.5006171464920044,5.810371398925781,1305.79443359375
260571,100,0.48,-0.028081407770514488,0.5743394494056702,3.4107351303100586,1639.476318359375
260572,100,0.52,-0.05454201251268387,0.4613478481769562,3.421093225479126,968.7391357421875
260573,100,0.54,0.07344149798154831,0.528801679611206,16.69904136657715,1402.8760986328125
260574,58,0.5,0.03068462945520878,0.5537970066070557,7.9666242599487305,693.3186645507812
260575,100,0.51,0.11854623258113861,0.5391850471496582,13.436607360839844,375.9171447753906
260576,100,0.48,-0.02885366417467594,0.5441051721572876,4.681948661804199,495.8952941894531
260577,100,0.51,-0.13208815455436707,0.5336145162582397,2.2896361351013184,862.4534912109375
260578,100,0.46,-0.09728924185037613,0.5122070908546448,3.134140729904175,966.1886596679688
260579,100,0.46,0.007927372120320797,0.5349225401878357,7.766298770904541,1567.019287109375
260580,100,0.41,0.005907819140702486,0.5300009250640869,7.016432285308838,689.6240234375
260581,100,0.4,-0.020103026181459427,0.558327317237854,3.4907498359680176,1653.6884765625
260582,27,0.4444444444444444,0.08780709654092789,0.4628046154975891,4.215056419372559,1360.3719482421875
260583,24,0.5416666666666666,0.15237079560756683,0.5615524053573608,4.442615985870361,849.45263671875
260584,100,0.51,0.13677243888378143,0.5154546499252319,17.27729606628418,812.0121459960938
260585,100,0.5,-0.01778240129351616,0.527309000492096,7.0017409324646,855.024169921875
260586,27,0.5555555555555556,0.13670474290847778,0.41297435760498047,6.619997978210449,1879.94482421875
260587,100,0.43,-0.15143342316150665,0.5585758090019226,2.301927089691162,1289.0740966796875
260588,100,0.51,0.03159691393375397,0.5369474291801453,8.124035835266113,1370.88232421875
260589,100,0.54,0.01754770241677761,0.5686891674995422,8.582974433898926,785.3316650390625
260590,100,0.6,0.07391822338104248,0.454953134059906,17.999879837036133,917.4578857421875
260591,100,0.52,-0.0034545385278761387,0.550622284412384,3.3171072006225586,298.3704528808594
260592,78,0.38461538461538464,0.09371356666088104,0.4845753014087677,5.338602542877197,1683.756591796875
260593,100,0.52,-0.04704153537750244,0.5205743312835693,3.9103729724884033,865.91162109375
260594,100,0.48,-0.1590396612882614,0.5263437032699585,2.5974762439727783,1295.8564453125
260595,100,0.47,-0.05157974362373352,0.5401883721351624,2.498239755630493,1662.1978759765625
260596,100,0.52,-0.10602433234453201,0.5939919948577881,4.072556495666504,1306.71826171875
260597,100,0.53,-0.06182076409459114,0.49921393394470215,3.234081506729126,1175.78564453125
260598,100,0.52,0.07179324328899384,0.5259192585945129,9.751386642456055,806.6358032226562
260599,100,0.36,0.03283722326159477,0.46702468395233154,7.249118804931641,971.1605224609375
260600,58,0.5,-0.04101954773068428,0.522443950176239,2.9591996669769287,487.5278015136719
260601,100,0.52,0.07355137169361115,0.4626650810241699,11.856409072875977,337.5838317871094
260602,100,0.53,-0.10119762271642685,0.5641638040542603,2.056428909301758,1081.2275390625
260603,100,0.43,-0.0055911727249622345,0.5548756718635559,5.092722415924072,861.8961791992188
260604,13,0.46153846153846156,0.08391273766756058,0.41077277064323425,1.925404667854309,1564.6904296875
260605,39,0.3333333333333333,0.21047618985176086,0.4877508878707886,7.914240837097168,923.3847045898438
260606,100,0.52,0.06335996091365814,0.4941207468509674,6.726302623748779,1137.9527587890625
260607,70,0.5428571428571428,-0.007099195383489132,0.4991381764411926,4.981226444244385,1226.48876953125
260608,100,0.48,-0.11856893450021744,0.5532739758491516,2.331716537475586,137.83364868164062
260609,100,0.52,0.04788053035736084,0.6055321097373962,9.584787368774414,769.9188842773438
260610,100,0.5,-0.12767261266708374,0.45249316096305847,2.1662437915802,1108.116943359375
260611,100,0.52,0.12469713389873505,0.5712030529975891,17.708030700683594,565.2634887695312
260612,100,0.49,0.17351409792900085,0.48561424016952515,16.833696365356445,1580.608642578125
260613,100,0.45,0.11410818248987198,0.5469616055488586,11.065520286560059,1652.5504150390625
260614,74,0.5675675675675675,-0.0028722169809043407,0.5071259140968323,5.05780029296875,1868.5596923828125
260615,79,0.46835443037974683,0.012949401512742043,0.4623368978500366,7.438116550445557,929.0891723632812
260616,100,0.41,-0.05821925774216652,0.49790751934051514,4.592989921569824,341.3236999511719
260617,100,0.55,-0.05970144271850586,0.5009514689445496,4.408605575561523,743.8739013671875
260618,100,0.54,-0.11223205924034119,0.5261883735656738,1.401582956314087,1083.3048095703125
260619,11,0.2727272727272727,0.498013973236084,0.39042142033576965,3.700836181640625,1333.98876953125
260620,100,0.51,-0.06618274748325348,0.5431339144706726,3.2346134185791016,1407.676025390625
260621,100,0.44,-0.11216101795434952,0.4904077649116516,3.015450954437256,988.672119140625
260622,87,0.41379310344827586,0.1246228739619255,0.5050207376480103,16.720691680908203,2030.5552978515625
260623,47,0.44680851063829785,0.18793684244155884,0.5587483048439026,8.478333473205566,477.40924072265625
260624,100,0.45,-0.01704338565468788,0.5119989514350891,7.850931167602539,1698.44482421875
260625,100,0.5,0.03480244055390358,0.5131035447120667,7.384711265563965,1408.599609375
260626,100,0.43,-0.00706970551982522,0.4521222710609436,3.1333882808685303,1217.0595703125
260627,100,0.54,-0.13221950829029083,0.4917125999927521,1.8835453987121582,912.9053955078125
260628,100,0.5,-0.0386473685503006,0.5257568955421448,3.5801351070404053,1489.49462890625
260629,100,0.48,0.04147527739405632,0.5317513942718506,6.241019248962402,1251.1680908203125
260630,92,0.5978260869565217,-0.055162567645311356,0.4812565743923187,6.205593585968018,1291.6640625
260631,58,0.46551724137931033,-0.03581748530268669,0.532477617263794,2.564789056777954,1711.8056640625
260632,6,0.8333333333333334,0.23813915252685547,0.4915403723716736,3.96887469291687,1280.401123046875
260633,100,0.44,0.004261402878910303,0.5487928986549377,7.641942024230957,838.8270874023438
260634,44,0.3409090909090909,-0.07337334752082825,0.5355142951011658,3.8028647899627686,1331.6612548828125
260635,100,0.47,-0.05235438793897629,0.5378527641296387,5.531826019287109,1733.6485595703125
260636,29,0.5517241379310345,0.0015007108449935913,0.5958805084228516,5.102309226989746,1191.591552734375
260637,40,0.45,0.1201857328414917,0.49961626529693604,5.663694858551025,1623.019287109375
260638,48,0.5,0.0012877831468358636,0.5535040497779846,4.6243462562561035,2094.24365234375
260639,100,0.49,0.10220351815223694,0.5389199256896973,10.904519081115723,1673.8048095703125
260640,100,0.54,0.13117210566997528,0.5616174936294556,17.98213005065918,849.425048828125
260641,100,0.51,0.035542573779821396,0.5705289840698242,8.478951454162598,287.635986328125
260642,35,0.42857142857142855,0.18396207690238953,0.44729894399642944,9.700371742248535,1327.1732177734375
260643,100,0.52,0.05446193739771843,0.5527667999267578,7.789238452911377,1002.8366088867188
260644,100,0.54,-0.025213291868567467,0.5600219964981079,5.237856864929199,1175.1087646484375
260645,54,0.5555555555555556,0.05443074181675911,0.432943195104599,11.115314483642578,1361.3685302734375
260646,100,0.44,0.03399009257555008,0.556221604347229,6.695225715637207,1082.741455078125
260647,72,0.6111111111111112,0.08824639022350311,0.4669400751590729,11.85377025604248,2237.14306640625
260648,100,0.55,0.026376808062195778,0.4391712546348572,7.276904106140137,957.3585815429688
260649,100,0.52,0.06823869794607162,0.5364812016487122,8.0398588180542,620.0423583984375
260650,100,0.46,0.017224909737706184,0.4979083836078644,9.287453651428223,854.0357666015625
260651,100,0.43,-0.1299293041229248,0.511476993560791,1.9900683164596558,910.1632080078125
260652,100,0.5,-0.10482814908027649,0.5355278253555298,6.019737720489502,762.2821655273438
260653,100,0.48,0.08161734789609909,0.49895307421684265,20.626976013183594,1147.6788330078125
260654,100,0.48,-0.02769308350980282,0.5212911367416382,8.113757133483887,1023.855712890625
260655,100,0.47,-0.04977836087346077,0.5399741530418396,4.217267990112305,725.9651489257812
260656,56,0.39285714285714285,0.32204505801200867,0.4837140440940857,13.277238845825195,386.01531982421875
260657,100,0.47,0.05140215903520584,0.5673043131828308,7.763728141784668,1129.209228515625
260658,100,0.51,0.0035183008294552565,0.4353162944316864,4.440661430358887,1138.2584228515625
260659,9,0.3333333333333333,0.08969518542289734,0.5857148766517639,1.7601102590560913,616.0128173828125
260660,100,0.42,-0.034167930483818054,0.467777281999588,4.683226585388184,867.9898071289062
260661,100,0.5,0.07172884792089462,0.5056790709495544,13.277885437011719,572.24755859375
260662,100,0.57,-0.060056716203689575,0.5354883670806885,2.2196035385131836,920.7889404296875
260663,85,0.5058823529411764,-0.04069019481539726,0.5208039283752441,5.543213844299316,834.7814331054688
260664,100,0.49,-0.19699467718601227,0.4975760579109192,1.9071344137191772,271.0557861328125
260665,100,0.56,-0.1236739531159401,0.4950205087661743,2.2365903854370117,1483.2388916015625
260666,100,0.46,-0.04835224151611328,0.48916202783584595,3.2735815048217773,1596.074951171875
260667,100,0.5,-0.09842384606599808,0.4079655110836029,2.0103023052215576,1494.9974365234375
260668,100,0.42,-0.041948381811380386,0.43489035964012146,6.0105743408203125,1363.61474609375
260669,100,0.5,-0.05082527548074722,0.47963082790374756,2.9973955154418945,774.1875
260670,87,0.5517241379310345,0.07980258017778397,0.5622929930686951,13.065101623535156,1638.6533203125
260671,76,0.4868421052631579,0.10615307092666626,0.5652270913124084,12.606640815734863,998.3111572265625
260672,10,0.7,0.08744657039642334,0.7096101641654968,1.1654869318008423,919.3383178710938
260673,100,0.61,-0.13836254179477692,0.4150131940841675,4.917255401611328,1106.530029296875
260674,100,0.53,-0.036066532135009766,0.5609579086303711,4.624955654144287,860.1380615234375
260675,100,0.55,-0.025585120543837547,0.5005967020988464,6.749079704284668,1538.9984130859375
260676,100,0.49,-0.03746292367577553,0.5583878755569458,2.9745569229125977,767.280029296875
260677,41,0.5365853658536586,0.28894779086112976,0.5459156036376953,17.334482192993164,1384.856689453125
260678,100,0.49,-0.032944172620773315,0.4880545437335968,4.058724880218506,1162.07177734375
260679,100,0.46,-0.03177754953503609,0.535558819770813,1.7658488750457764,759.6113891601562
260680,100,0.51,-0.24925225973129272,0.5710527300834656,0.8206725120544434,1069.6710205078125
260681,100,0.58,0.039883729070425034,0.46644705533981323,11.53945541381836,1597.1475830078125
260682,100,0.48,-0.03320517763495445,0.5514154434204102,5.660701274871826,1127.4342041015625
260683,100,0.54,-0.061708614230155945,0.5430396199226379,9.089311599731445,1838.1768798828125
260684,73,0.5205479452054794,-0.07906494289636612,0.5525262951850891,3.324216365814209,672.6314086914062
260685,100,0.56,-0.0019867313094437122,0.49356919527053833,5.784598350524902,877.9537353515625
260686,100,0.54,-0.09735751897096634,0.530849277973175,2.6519935131073,1147.9881591796875
260687,89,0.43820224719101125,-0.07822591811418533,0.5448321104049683,1.6001516580581665,1328.7686767578125
260688,100,0.43,-0.12321281433105469,0.48419392108917236,3.3828814029693604,1367.139404296875
260689,100,0.49,-0.14116202294826508,0.5676466822624207,1.6265344619750977,384.548095703125
260690,100,0.55,-0.10599106550216675,0.49801748991012573,3.3431589603424072,376.94805908203125
260691,100,0.42,-0.02179037220776081,0.5556756258010864,5.169041156768799,293.80426025390625
260692,100,0.53,-0.10602061450481415,0.4495691657066345,2.4946107864379883,1576.47021484375
260693,100,0.52,-0.11003332585096359,0.494888037443161,3.7259438037872314,942.8593139648438
260694,100,0.53,-0.11508065462112427,0.5221652388572693,3.3665249347686768,885.3313598632812
260695,16,0.1875,-0.11137770861387253,0.4977358281612396,0.6418755054473877,1015.0790405273438
260696,100,0.49,0.09096787869930267,0.45175284147262573,19.67874526977539,1332.8101806640625
260697,100,0.45,0.13249965012073517,0.5469670295715332,12.782676696777344,1110.7503662109375
260698,40,0.525,-0.004139705561101437,0.46340009570121765,6.842134952545166,594.0353393554688
260699,1,1.0,0.9816164970397949,,3.9264655113220215,1274.0732421875
260700,100,0.58,-0.07283741235733032,0.48601841926574707,4.280422210693359,1591.614990234375
260701,100,0.46,-0.06969829648733139,0.44027355313301086,3.903251886367798,1244.20556640625
260702,100,0.54,-0.08987249433994293,0.530190646648407,3.5902559757232666,1090.4527587890625
260703,100,0.45,-0.14339731633663177,0.5857885479927063,3.4081811904907227,517.4004516601562
260704,100,0.51,-0.09382908046245575,0.47393274307250977,5.545041561126709,1491.776123046875
260705,100,0.46,-0.04017888009548187,0.49718403816223145,5.082687854766846,589.2879028320312
260706,100,0.6,-0.12715384364128113,0.5183207392692566,2.3376331329345703,367.1289978027344
260707,100,0.5,-0.31417328119277954,0.45679759979248047,0.9455748200416565,649.2420654296875
260708,100,0.48,-0.08134690672159195,0.505840539932251,3.360949754714966,1027.76318359375
260709,79,0.4936708860759494,0.11769232153892517,0.4892774522304535,10.16347885131836,851.8426513671875
260710,100,0.57,-0.16273216903209686,0.5459187626838684,2.9230194091796875,1044.4329833984375
260711,100,0.54,-0.012018547393381596,0.5516694188117981,4.784815788269043,717.4609985351562
260712,100,0.57,-0.12716449797153473,0.4484710693359375,3.117004632949829,451.0237731933594
260713,39,0.5128205128205128,0.04414191097021103,0.46280404925346375,5.025642395019531,1252.6590576171875
260714,100,0.48,-0.027712205424904823,0.5280719995498657,5.576054573059082,1088.878173828125
260715,100,0.5,-0.12199965119361877,0.5676146149635315,1.382827639579773,1037.30078125
260716,100,0.43,-0.011894923634827137,0.5246572494506836,9.604864120483398,902.766357421875
260717,100,0.51,-0.0864829421043396,0.5047021508216858,2.3552260398864746,670.0808715820312
260718,3,1.0,0.6479859352111816,,4.6595892906188965,524.2135009765625
260719,100,0.4,-0.1720009595155716,0.5535427331924438,2.8119149208068848,476.0087585449219
260720,100,0.51,-0.18751981854438782,0.5498861074447632,1.9392712116241455,636.549560546875
260721,25,0.6,0.1230831891298294,0.5033504366874695,5.622206211090088,1507.168701171875
260722,100,0.45,-0.07920609414577484,0.46233221888542175,5.7294087409973145,674.3115844726562
260723,100,0.46,-0.08934909105300903,0.5351691842079163,3.426358699798584,1356.1422119140625
260724,100,0.54,-0.15373438596725464,0.5146831274032593,1.7608354091644287,802.1393432617188
260725,100,0.49,-0.13147079944610596,0.5689845681190491,7.981822967529297,1217.576904296875
260726,100,0.44,-0.1695386916399002,0.447504460811615,1.6684386730194092,1074.2481689453125
260727,100,0.48,-0.04100196436047554,0.5295148491859436,5.49742317199707,1207.031494140625
260728,100,0.52,-0.2121015191078186,0.5596189498901367,2.558295488357544,1281.0980224609375
260729,59,0.4745762711864407,-0.09961935132741928,0.5249196887016296,3.0644419193267822,661.7081909179688
260730,100,0.61,-0.10234048962593079,0.48988547921180725,4.118577480316162,392.5675354003906
260731,100,0.51,-0.14169080555438995,0.4712262451648712,1.0407090187072754,321.5725402832031
260732,6,0.6666666666666666,0.2758195996284485,0.41837531328201294,3.1223983764648438,756.1762084960938
260733,100,0.53,-0.11654125154018402,0.568633496761322,3.0085253715515137,877.4265747070312
260734,100,0.61,0.045330505818128586,0.49999749660491943,8.460245132446289,1664.3858642578125
260735,68,0.5294117647058824,0.1755543351173401,0.5410236120223999,12.70071792602539,1513.9700927734375
260736,100,0.54,-0.09548310935497284,0.5618107318878174,5.0689473152160645,617.6188354492188
260737,100,0.47,-0.10936097800731659,0.43356555700302124,4.700004577636719,386.1689147949219
260738,100,0.58,0.00904170423746109,0.3875248432159424,11.584290504455566,618.2844848632812
260739,72,0.4722222222222222,-0.007891956716775894,0.5635637044906616,2.5386617183685303,1693.7933349609375
260740,100,0.6,-0.22802859544754028,0.5208789110183716,1.7606594562530518,1687.585693359375
260741,55,0.5272727272727272,0.15433083474636078,0.49888932704925537,7.712164878845215,1288.50341796875
260742,91,0.5054945054945055,0.11637789011001587,0.5617502331733704,10.984498023986816,1717.5819091796875
260743,100,0.49,0.036874085664749146,0.45998865365982056,10.257104873657227,1154.741943359375
260744,31,0.41935483870967744,-0.11407780647277832,0.5924450159072876,1.8704895973205566,671.1904296875
260745,25,0.56,0.43314328789711,0.5203596949577332,11.056004524230957,1558.5654296875
260746,33,0.42424242424242425,0.12164962291717529,0.37563395500183105,5.623638153076172,1834.8316650390625
260747,100,0.47,-0.15455451607704163,0.4501708745956421,2.432384729385376,1555.6336669921875
260748,52,0.46153846153846156,0.06663601845502853,0.5270912051200867,4.150213718414307,1272.47607421875
260749,50,0.52,0.12080427259206772,0.4055750370025635,8.571227073669434,1504.3809814453125
260750,100,0.48,-0.24690520763397217,0.4797205924987793,0.4936894476413727,1105.4619140625
260751,100,0.51,-0.22491563856601715,0.5542749166488647,0.9292017221450806,758.360107421875
260752,100,0.47,-0.055422067642211914,0.5430941581726074,4.973262786865234,471.7785949707031
260753,100,0.51,-0.10922487825155258,0.4857589602470398,2.237884998321533,1293.3148193359375
260754,82,0.4634146341463415,-0.045500438660383224,0.5347508788108826,3.2785258293151855,1016.0962524414062
260755,100,0.52,-0.10517951101064682,0.4155299663543701,3.3388755321502686,395.85076904296875
260756,100,0.48,-0.30934301018714905,0.5345398187637329,0.8021531701087952,371.1057434082031
260757,100,0.49,-0.14485539495944977,0.4626280963420868,3.3807361125946045,328.577392578125
260758,100,0.49,-0.13116469979286194,0.4747793674468994,1.7130255699157715,1322.0587158203125
260759,100,0.49,-0.14353007078170776,0.4376086890697479,1.793654441833496,685.84423828125
260760,43,0.46511627906976744,-0.14638583362102509,0.4681670665740967,2.447385311126709,1315.9208984375
260761,96,0.4583333333333333,0.09223724156618118,0.4837527573108673,7.8961920738220215,586.56591796875
260762,100,0.49,-0.1561637967824936,0.5375583171844482,2.5013527870178223,1680.322998046875
260763,100,0.48,-0.06063010171055794,0.5081819891929626,7.794063568115234,344.3622741699219
260764,100,0.48,-0.1342863291501999,0.5273298621177673,3.211158514022827,1140.3602294921875
260765,60,0.4,0.20991051197052002,0.5301869511604309,16.121553421020508,1655.5269775390625
260766,100,0.55,-0.006611899938434362,0.48129522800445557,3.7031543254852295,1265.4365234375
260767,100,0.52,-0.0509183332324028,0.5022813677787781,4.4053120613098145,1175.1331787109375
260768,81,0.5432098765432098,0.10781259089708328,0.49781346321105957,9.827392578125,1388.8677978515625
260769,100,0.54,-0.08830075711011887,0.42840996384620667,3.746758460998535,1403.6290283203125
260770,100,0.57,-0.15775154531002045,0.5347281098365784,2.620640516281128,1120.3583984375
260771,36,0.3888888888888889,-0.014371718280017376,0.43883636593818665,1.507286548614502,705.0604858398438
260772,44,0.5681818181818182,0.21634706854820251,0.5368991494178772,11.158204078674316,1603.500732421875
260773,82,0.5975609756097561,0.21480126678943634,0.5206072926521301,18.3314151763916,1267.6177978515625
260774,100,0.54,-0.09469370543956757,0.44841277599334717,1.9884157180786133,565.9869384765625
260775,45,0.4222222222222222,0.30760398507118225,0.5471023321151733,10.282587051391602,1735.504638671875
260776,41,0.5365853658536586,0.10031366348266602,0.42572036385536194,5.116810321807861,1654.9154052734375
260777,100,0.52,-0.13965484499931335,0.48300686478614807,4.134827613830566,1269.9873046875
260778,10,0.5,0.4003756046295166,0.35394734144210815,5.101370811462402,1486.5606689453125
260779,100,0.5,-0.05134947597980499,0.41100043058395386,5.349896430969238,456.73614501953125
260780,100,0.51,0.008200743235647678,0.5753080248832703,5.431257247924805,308.75115966796875
260781,100,0.56,-0.12843672931194305,0.4206826090812683,2.8322784900665283,1528.7779541015625
260782,100,0.57,-0.10888180881738663,0.49444037675857544,2.7370476722717285,1530.58447265625
260783,85,0.4588235294117647,0.13765381276607513,0.5308607816696167,8.379026412963867,661.3687744140625
260784,100,0.55,-0.005295671988278627,0.5297456383705139,6.0336503982543945,878.9739990234375
260785,35,0.5142857142857142,0.3963758945465088,0.455826997756958,13.817604064941406,1060.345703125
260786,55,0.5272727272727272,0.05984026566147804,0.5569281578063965,10.199226379394531,1681.9910888671875
260787,74,0.5675675675675675,0.30448824167251587,0.5378719568252563,18.428552627563477,1441.0064697265625
260788,15,0.5333333333333333,0.4523048996925354,0.5338121652603149,6.88356351852417,826.3701782226562
260789,98,0.5612244897959183,0.3140701353549957,0.6230968236923218,20.627696990966797,1734.72509765625
260790,100,0.51,-0.044464197009801865,0.49766474962234497,7.484656810760498,720.4340209960938
260791,60,0.45,0.17609871923923492,0.544713020324707,9.44066047668457,464.16473388671875
260792,75,0.5466666666666666,-0.19475890696048737,0.5341137051582336,1.9253336191177368,1121.519775390625
260793,44,0.5,0.4756908416748047,0.5033751726150513,14.944846153259277,2077.038818359375
260794,100,0.5,-0.1311265081167221,0.47420963644981384,9.919963836669922,519.986572265625
260795,100,0.6,-0.056815505027770996,0.5512771606445312,9.711382865905762,1205.87744140625
260796,58,0.5862068965517241,0.28077828884124756,0.42601296305656433,14.800809860229492,1408.5802001953125
260797,35,0.5714285714285714,0.5182303786277771,0.34739452600479126,21.216136932373047,773.6055908203125
260798,100,0.47,-0.023610848933458328,0.5341601371765137,3.326197624206543,785.053955078125
260799,63,0.6031746031746031,0.2273380160331726,0.5914950370788574,14.988265991210938,1295.948974609375
260800,50,0.58,0.4922812879085541,0.4517650604248047,19.77458953857422,1501.63818359375
260801,78,0.4230769230769231,0.3498150408267975,0.4736996591091156,20.724151611328125,1799.615234375
260802,12,0.5833333333333334,0.4949883818626404,0.7459450960159302,5.613990306854248,298.3770751953125
260803,30,0.5666666666666667,0.486525297164917,0.5537487268447876,15.232648849487305,891.0416259765625
260804,55,0.509090909090909,0.48247891664505005,0.516196072101593,18.155744552612305,1040.1029052734375
260805,3,0.6666666666666666,0.9006497859954834,0.44984740018844604,4.690041542053223,786.3778076171875
260806,32,0.5625,0.48469141125679016,0.47125381231307983,15.225318908691406,1153.9931640625
260807,90,0.5444444444444444,0.3273589611053467,0.4744063913822174,19.6019287109375,614.0968017578125
260808,65,0.5538461538461539,0.43653738498687744,0.44298452138900757,24.570005416870117,1024.767822265625
260809,57,0.543859649122807,0.274131178855896,0.49660903215408325,12.16848373413086,1297.2119140625
260810,100,0.48,-0.12723827362060547,0.5835950970649719,1.9914196729660034,1132.7581787109375
260811,59,0.6440677966101694,0.42756593227386475,0.5755624175071716,20.502952575683594,1659.957763671875
260812,21,0.5238095238095238,0.4670924246311188,0.5109108090400696,11.051600456237793,1518.3533935546875
260813,32,0.65625,0.47701117396354675,0.49644148349761963,16.36687660217285,1564.79833984375
260814,46,0.5,0.622063934803009,0.5573694705963135,23.121902465820312,1442.9327392578125
260815,27,0.5555555555555556,0.37899520993232727,0.5410651564598083,11.118609428405762,1384.197998046875
260816,62,0.43548387096774194,0.5981163382530212,0.4904705584049225,28.306840896606445,882.1640625
260817,100,0.52,-0.09412460774183273,0.5161874890327454,2.074368476867676,294.259521484375
260818,33,0.48484848484848486,0.6161560416221619,0.5920195579528809,15.847634315490723,1583.395263671875
260819,100,0.43,-0.08924055099487305,0.46089422702789307,3.897822380065918,989.4627685546875
260820,49,0.5510204081632653,0.3207082152366638,0.5534679889678955,15.451257705688477,1340.8939208984375
260821,100,0.47,-0.13436728715896606,0.5826506614685059,3.554638624191284,1659.2628173828125
260822,68,0.5147058823529411,0.4518432319164276,0.5537553429603577,23.873844146728516,1347.5325927734375
260823,100,0.48,-0.09484585374593735,0.5023894906044006,2.8532779216766357,1274.6903076171875
260824,86,0.4883720930232558,0.24049833416938782,0.5324424505233765,16.539981842041016,1521.919677734375
260825,51,0.5098039215686274,0.08162854611873627,0.47356995940208435,6.688096046447754,1775.0703125
260826,72,0.4027777777777778,0.11041029542684555,0.4432083070278168,7.248849868774414,1053.0697021484375
260827,63,0.5714285714285714,0.45803505182266235,0.4425050914287567,30.06168556213379,1968.08935546875
260828,55,0.5272727272727272,0.4091983735561371,0.5029779076576233,20.09786033630371,1305.841796875
260829,15,0.4666666666666667,-0.029400262981653214,0.472207248210907,0.9139195680618286,1239.6317138671875
260830,100,0.5,-0.08237338811159134,0.42186638712882996,5.496241569519043,520.1365356445312
260831,100,0.48,-0.052314478904008865,0.4737720191478729,8.522586822509766,473.2720031738281
260832,48,0.5,0.07172680646181107,0.40866780281066895,7.46101713180542,1284.825927734375
260833,24,0.8333333333333334,0.49110880494117737,0.7704322934150696,17.476125717163086,805.2928466796875
260834,56,0.5,0.379772424697876,0.41579005122184753,28.185468673706055,744.3505249023438
260835,100,0.5,-0.181006520986557,0.3939729630947113,0.9961562156677246,1195.4691162109375
260836,85,0.5176470588235295,0.05622192472219467,0.5636301040649414,4.211076736450195,666.2940673828125
260837,46,0.5434782608695652,-0.09827650338411331,0.5710468888282776,3.516084671020508,1518.4354248046875
260838,71,0.5070422535211268,0.2845534086227417,0.3991506099700928,17.239402770996094,2059.756591796875
260839,40,0.775,0.21268412470817566,0.5175106525421143,10.160093307495117,543.1455078125
260840,26,0.6923076923076923,0.60394686460495,0.5401159524917603,21.064638137817383,1372.0517578125
260841,100,0.49,-0.11911768466234207,0.49628695845603943,6.6051344871521,831.9461669921875
260842,20,0.65,0.510387659072876,0.5785451531410217,15.293600082397461,526.5338134765625
260843,100,0.5,0.01526274811476469,0.5614822506904602,3.4226391315460205,1460.381103515625
260844,73,0.4520547945205479,0.29558974504470825,0.5016952753067017,12.566972732543945,1412.2430419921875
260845,89,0.5056179775280899,0.10342725366353989,0.494672566652298,11.34765625,166.8879852294922
260846,28,0.5,0.3977794647216797,0.5329347252845764,11.571599006652832,1602.1552734375
260847,100,0.44,-0.37690991163253784,0.5006408095359802,0.45618781447410583,247.1996307373047
260848,100,0.47,-0.3414444923400879,0.41769513487815857,0.9149726629257202,1212.785400390625
260849,100,0.58,0.04594692215323448,0.48764872550964355,8.474756240844727,1489.392333984375
260850,70,0.6571428571428571,0.3192976117134094,0.5479998588562012,19.85313606262207,1287.10400390625
260851,100,0.59,-0.027927078306674957,0.5247066617012024,6.604793071746826,559.386962890625
260852,25,0.56,0.37611180543899536,0.5442813038825989,9.704317092895508,1152.8447265625
260853,100,0.39,-0.28112486004829407,0.5375233292579651,0.7375410199165344,979.6704711914062
260854,100,0.5,-0.21666260063648224,0.49535414576530457,1.2725422382354736,479.7530517578125
260855,100,0.55,-0.1923365294933319,0.46940696239471436,1.624487280845642,1142.845703125
260856,81,0.6172839506172839,0.07804225385189056,0.46820440888404846,8.33231258392334,921.0643920898438
260857,100,0.5,-0.1897132843732834,0.5041741132736206,1.0887255668640137,1165.0565185546875
260858,100,0.42,-0.02184956707060337,0.4918316900730133,6.454310417175293,742.6305541992188
260859,60,0.5,0.03088497743010521,0.5378382205963135,4.450506210327148,727.4099731445312
260860,60,0.5833333333333334,0.09808247536420822,0.42794162034988403,12.854691505432129,1800.507080078125
260861,100,0.53,-0.04720687493681908,0.5205590128898621,4.557391166687012,1183.462890625
260862,100,0.49,-0.1023317277431488,0.43440189957618713,4.0399861335754395,1099.7896728515625
260863,79,0.4430379746835443,-0.08734045177698135,0.49998921155929565,2.5664992332458496,503.16876220703125
260864,100,0.47,-0.06909887492656708,0.5399085879325867,3.098767042160034,900.8963623046875
260865,100,0.45,-0.11659611761569977,0.54595947265625,2.797835111618042,1702.84326171875
260866,34,0.47058823529411764,0.48843324184417725,0.51132732629776,13.113004684448242,1165.2974853515625
260867,100,0.58,-0.12294059991836548,0.4591338336467743,2.169050693511963,1228.8648681640625
260868,100,0.38,-0.09402338415384293,0.5028108954429626,1.8977988958358765,583.9853515625
260869,38,0.5,0.1135859340429306,0.335116446018219,5.061099529266357,1804.7470703125
260870,100,0.43,-0.07567328959703445,0.5566311478614807,4.358078479766846,1656.646728515625
260871,100,0.52,-0.189951553940773,0.5178945064544678,1.9874264001846313,1240.3134765625
260872,26,0.4230769230769231,0.3772996664047241,0.5885277986526489,8.095789909362793,939.6276245117188
260873,100,0.43,-0.04497044160962105,0.4849190413951874,4.028875827789307,1627.8226318359375
260874,56,0.6428571428571429,0.2708567976951599,0.5904327034950256,22.415096282958984,1514.2154541015625
260875,99,0.494949494949495,0.14153897762298584,0.5239616632461548,13.900086402893066,1602.3897705078125
260876,99,0.48484848484848486,0.1403788924217224,0.4854312837123871,13.529537200927734,1998.9031982421875
260877,83,0.42168674698795183,0.21486926078796387,0.5446067452430725,14.471007347106934,2081.6806640625
260878,41,0.6097560975609756,0.10582590103149414,0.5743375420570374,5.363582134246826,813.2151489257812
260879,93,0.5376344086021505,0.05665489286184311,0.5029503703117371,9.88477897644043,2216.41552734375
260880,100,0.57,-0.1154249832034111,0.5750274062156677,3.8982510566711426,1069.7371826171875
260881,68,0.5588235294117647,-0.03237445279955864,0.5493870377540588,3.0305888652801514,1634.856201171875
260882,100,0.4,-0.19527047872543335,0.5944995284080505,1.1845825910568237,981.4158325195312
260883,23,0.391304347826087,0.2872789800167084,0.4652634263038635,3.5224976539611816,1151.377685546875
260884,100,0.36,-0.12481244653463364,0.5388447046279907,1.813271164894104,1583.520751953125
260885,100,0.44,-0.1883312314748764,0.5130501985549927,1.7999486923217773,1113.8651123046875
260886,63,0.49206349206349204,0.014715696685016155,0.4072398543357849,6.550770282745361,574.582275390625
260887,87,0.5057471264367817,0.22285610437393188,0.48244404792785645,14.209991455078125,1560.8763427734375
260888,100,0.59,0.03745530918240547,0.39859384298324585,9.364812850952148,950.1072387695312
260889,100,0.58,-0.07592630386352539,0.4744385778903961,2.679070472717285,645.8702392578125
260890,25,0.64,0.10809171199798584,0.28581899404525757,3.4199001789093018,1495.0029296875
260891,46,0.6521739130434783,0.02561601996421814,0.5007864236831665,3.2701244354248047,1854.1129150390625
260892,100,0.51,-0.16583913564682007,0.5197203755378723,2.9594552516937256,757.3956909179688
260893,100,0.53,-0.033832501620054245,0.5411725044250488,3.954782724380493,1238.207763671875
260894,100,0.54,-0.20494379103183746,0.42326393723487854,1.3613303899765015,1495.161376953125
260895,100,0.53,-0.0943019688129425,0.5207348465919495,2.7268426418304443,1031.176025390625
260896,100,0.52,-0.18142777681350708,0.5361114740371704,3.5539705753326416,1363.5859375
260897,100,0.54,-0.09317838400602341,0.48296210169792175,2.012601137161255,800.1914672851562
260898,100,0.52,-0.23912285268306732,0.44861337542533875,2.6795666217803955,889.5457763671875
260899,100,0.4,-0.09354820102453232,0.5544579029083252,2.6706583499908447,995.88916015625
260900,100,0.56,-0.143468976020813,0.4774899184703827,2.508004665374756,708.1776733398438
260901,46,0.6739130434782609,0.017498275265097618,0.47955843806266785,6.481148719787598,850.5610961914062
260902,47,0.48936170212765956,0.03200918063521385,0.5315654873847961,8.579733848571777,1108.9434814453125
260903,100,0.46,-0.1277470737695694,0.5699592232704163,2.4471497535705566,938.8101806640625
260904,42,0.6428571428571429,0.12222299724817276,0.44981637597084045,10.956034660339355,1676.789306640625
260905,100,0.42,-0.11990635842084885,0.4753504693508148,2.2983765602111816,815.7360229492188
260906,7,0.42857142857142855,0.048219721764326096,0.4075068533420563,0.39918047189712524,1829.847412109375
260907,100,0.45,-0.1531793773174286,0.49527090787887573,2.1905858516693115,979.7697143554688
260908,63,0.47619047619047616,0.15187200903892517,0.5225733518600464,12.780091285705566,1181.233154296875
260909,73,0.4520547945205479,0.0865311473608017,0.49983280897140503,7.932741641998291,1870.7109375
260910,100,0.48,-0.009052214212715626,0.5337764024734497,4.127581596374512,720.356689453125
260911,100,0.48,-0.05829130485653877,0.4902057349681854,4.2547926902771,1188.8597412109375
260912,100,0.49,-0.08807729184627533,0.6050549149513245,7.2412238121032715,453.11212158203125
260913,100,0.47,-0.24744445085525513,0.45703038573265076,0.9884807467460632,859.7960205078125
260914,100,0.49,-0.06674095243215561,0.5519201159477234,2.377927303314209,642.6768188476562
260915,69,0.463768115942029,0.06844563782215118,0.5009104013442993,8.742225646972656,1230.907470703125
260916,100,0.54,-0.2359936684370041,0.4690636694431305,1.8323981761932373,956.97705078125
260917,100,0.41,-0.27569055557250977,0.45566338300704956,0.9789907336235046,506.8507080078125
260918,54,0.5185185185185185,0.10143204033374786,0.3738657534122467,7.544344902038574,1391.9970703125
260919,100,0.57,-0.19291096925735474,0.5459085702896118,1.8469113111495972,612.3550415039062
260920,100,0.49,-0.05623704567551613,0.550988495349884,5.350946426391602,1344.1146240234375
260921,100,0.48,-0.03019014000892639,0.49426424503326416,6.70182991027832,967.7011108398438
260922,59,0.559322033898305,0.1150648221373558,0.5253751873970032,4.975430965423584,2025.1810302734375
260923,100,0.61,0.009870417416095734,0.4820426106452942,8.149884223937988,1075.7777099609375
260924,100,0.41,-0.20184849202632904,0.5119868516921997,1.1520392894744873,1460.27392578125
260925,9,0.3333333333333333,0.2329777479171753,0.4616954028606415,2.135646104812622,1523.544921875
260926,100,0.52,-0.12018486112356186,0.5816030502319336,2.400268316268921,895.573486328125
260927,100,0.52,-0.08721692115068436,0.5658528804779053,3.119044542312622,1391.6822509765625
260928,66,0.45454545454545453,-0.1961159110069275,0.520197331905365,0.6410865187644958,295.5109558105469
260929,100,0.52,-0.05549295246601105,0.4814201891422272,2.843189001083374,1769.7086181640625
260930,26,0.6153846153846154,0.2974575161933899,0.424492210149765,11.73012924194336,1010.035888671875
260931,100,0.53,-0.20212538540363312,0.5654152035713196,1.9415216445922852,1224.604736328125
260932,100,0.5,-0.16325679421424866,0.40400463342666626,1.7841861248016357,791.71826171875
260933,60,0.5,0.03581218048930168,0.4923686981201172,6.86463737487793,751.8946533203125
260934,90,0.5444444444444444,0.048624251037836075,0.4242207109928131,12.83205795288086,1988.908203125
260935,100,0.55,-0.011323975399136543,0.4900587201118469,5.658841609954834,998.706787109375
260936,100,0.53,-0.14180737733840942,0.5217157602310181,1.9299949407577515,906.2720336914062
260937,100,0.47,0.0038279397413134575,0.4613684117794037,6.812823295593262,1384.98095703125
260938,100,0.57,-0.0570015013217926,0.5452167391777039,6.126020431518555,1360.483154296875
260939,74,0.5,0.1888589709997177,0.48102718591690063,15.42613410949707,1437.009765625
260940,100,0.61,-0.15374459326267242,0.5066012144088745,3.9560070037841797,790.0433959960938
260941,88,0.5113636363636364,0.04273713007569313,0.5131377577781677,6.047352313995361,1572.47509765625
260942,100,0.51,-0.06200122833251953,0.48179715871810913,4.790005683898926,1246.053955078125
260943,63,0.5079365079365079,0.09766839444637299,0.5869796276092529,9.071515083312988,1608.424560546875
260944,100,0.58,-0.004622436128556728,0.5346890091896057,7.151737213134766,1361.362548828125
260945,100,0.49,-0.09321726858615875,0.5548200011253357,6.0989837646484375,649.669189453125
260946,38,0.5,0.11723954975605011,0.5039700865745544,7.707159519195557,1137.5897216796875
260947,57,0.43859649122807015,0.09333672374486923,0.4869571924209595,10.802767753601074,506.9135437011719
260948,32,0.5625,0.17470939457416534,0.4710681140422821,9.13512897491455,547.8003540039062
260949,100,0.43,0.0021189353428781033,0.5082781314849854,5.380037307739258,1395.1436767578125
260950,100,0.43,-0.01418559905141592,0.4964844286441803,4.964197158813477,620.794921875
260951,100,0.44,-0.06686359643936157,0.5304465889930725,2.7829840183258057,634.5105590820312
260952,70,0.5285714285714286,0.12697912752628326,0.5040193200111389,6.388573169708252,552.6516723632812
260953,79,0.4177215189873418,0.08396512269973755,0.4567156136035919,7.479215621948242,902.9486694335938
260954,53,0.37735849056603776,0.31943660974502563,0.5226525664329529,14.835987091064453,988.9637451171875
260955,100,0.59,-0.014175794087350368,0.462311714887619,3.756415367126465,1363.7674560546875
260956,100,0.48,-0.07651808112859726,0.5658105611801147,2.3635714054107666,935.2041625976562
260957,100,0.45,-0.06976216286420822,0.4434831440448761,5.085956573486328,972.2055053710938
260958,62,0.5483870967741935,0.15346381068229675,0.5819007754325867,16.5220890045166,2253.2109375
260959,41,0.5365853658536586,0.3024493157863617,0.5060782432556152,10.830050468444824,1323.30517578125
260960,49,0.5306122448979592,0.4538297653198242,0.47215548157691956,23.91219711303711,1688.397705078125
260961,100,0.57,-0.05364270880818367,0.4519445300102234,7.416821479797363,258.94769287109375
260962,100,0.45,-0.16915124654769897,0.5330626368522644,3.475672721862793,880.1405639648438
260963,100,0.55,-0.14773871004581451,0.4854681193828583,1.3015600442886353,969.8001098632812
260964,100,0.44,-0.16328395903110504,0.5571832656860352,2.1517999172210693,947.9173583984375
260965,12,0.16666666666666666,0.5056769251823425,0.5111016035079956,1.403394341468811,1017.1779174804688
260966,100,0.63,-0.00865196157246828,0.4733724296092987,9.826446533203125,1037.4697265625
260967,31,0.5806451612903226,-0.06709465384483337,0.3858504891395569,3.447227954864502,1007.60400390625
260968,100,0.53,-0.08486314117908478,0.45790451765060425,3.2940430641174316,751.3572387695312
260969,74,0.4189189189189189,0.11418827623128891,0.5074231028556824,10.135846138000488,1025.59765625
260970,42,0.5,0.06917846202850342,0.5261044502258301,8.51608657836914,1655.563720703125
260971,100,0.62,-0.1232214868068695,0.4395018517971039,1.956459403038025,1292.06689453125
260972,100,0.44,-0.006849830970168114,0.3964729309082031,6.076174736022949,1271.053466796875
260973,100,0.46,-0.11681964248418808,0.4821922779083252,2.0235161781311035,733.8115234375
260974,100,0.45,-0.2742948532104492,0.5588797330856323,0.985055685043335,793.9503173828125
260975,100,0.48,-0.04363971948623657,0.5082429647445679,4.707151889801025,938.2759399414062
260976,100,0.57,0.06780193001031876,0.496186226606369,10.72015380859375,211.13258361816406
260977,33,0.5757575757575758,0.3370381295681,0.49957340955734253,13.983040809631348,908.0272216796875
260978,100,0.54,-0.14187414944171906,0.48975902795791626,2.1393702030181885,373.0339050292969
260979,8,0.75,0.09486815333366394,0.5544837713241577,6.000323295593262,1480.3546142578125
260980,100,0.42,-0.023890966549515724,0.46518760919570923,4.948511600494385,477.1427307128906
260981,58,0.6551724137931034,0.2862425744533539,0.4031289219856262,16.12186622619629,1323.935791015625
260982,28,0.5357142857142857,0.39027583599090576,0.44727373123168945,13.481672286987305,1065.5123291015625
260983,50,0.54,0.33440181612968445,0.5173292756080627,10.782671928405762,1936.7396240234375
260984,46,0.6304347826086957,0.022897997871041298,0.4533901810646057,6.765027046203613,454.9029846191406
260985,100,0.52,-0.10325681418180466,0.44755998253822327,3.0363495349884033,335.31005859375
260986,89,0.48314606741573035,0.17203323543071747,0.4604506194591522,9.696268081665039,1655.9912109375
260987,30,0.4666666666666667,0.4642513394355774,0.5131402015686035,9.528850555419922,1476.7342529296875
260988,100,0.51,-0.08097930252552032,0.5124914050102234,2.856945514678955,692.0611572265625
260989,100,0.5,-0.1128351017832756,0.4502156376838684,1.6666063070297241,1407.1171875
260990,43,0.46511627906976744,0.2497357577085495,0.374422162771225,8.498888969421387,1906.56103515625
260991,100,0.6,-0.11284458637237549,0.462629497051239,2.5843007564544678,1699.6064453125
260992,10,0.7,0.1660846620798111,0.329931378364563,4.005368709564209,1060.965087890625
260993,100,0.51,-0.26251667737960815,0.5574230551719666,1.264143705368042,759.716796875
260994,100,0.54,-0.10301971435546875,0.512146532535553,2.197983741760254,1004.4879760742188
260995,100,0.5,-0.23908500373363495,0.5188376307487488,1.7501074075698853,667.3558959960938
260996,100,0.4,-0.08757126331329346,0.5148966908454895,3.4188315868377686,339.71905517578125
260997,100,0.46,-0.323984831571579,0.500115692615509,1.4337584972381592,799.0840454101562
260998,100,0.53,-0.167398139834404,0.4807235896587372,0.9893218874931335,1168.6341552734375
260999,100,0.63,-0.09866160154342651,0.556113600730896,4.44261360168457,1346.033935546875
261000,100,0.52,-0.23222769796848297,0.4461067020893097,1.3951094150543213,773.6243286132812
261001,100,0.5,-0.21207505464553833,0.5455284714698792,1.9177311658859253,386.50091552734375
261002,100,0.52,-0.15100471675395966,0.5963762402534485,1.490060567855835,554.1776123046875
261003,28,0.39285714285714285,0.2979210317134857,0.5213456153869629,6.432281494140625,459.3937683105469
261004,100,0.56,0.0190728772431612,0.5139790773391724,11.528417587280273,739.7733154296875
261005,100,0.6,-0.15573468804359436,0.4202122092247009,1.2317872047424316,666.3204345703125
261006,100,0.55,-0.05699154734611511,0.4344231188297272,2.969388723373413,919.5309448242188
261007,52,0.5576923076923077,0.41468340158462524,0.5550777912139893,13.392385482788086,1716.017333984375
261008,100,0.56,-0.09263547509908676,0.4694552421569824,4.073906898498535,913.8685302734375
261009,100,0.54,0.00701565807685256,0.5326452255249023,9.21008014678955,558.615234375
261010,100,0.42,-0.0651758462190628,0.5416035652160645,3.006317377090454,1033.236328125
261011,34,0.5,0.006003248505294323,0.47774720191955566,2.19403076171875,790.4152221679688
261012,100,0.51,-0.02449723146855831,0.5603384971618652,4.029302597045898,794.5614624023438
261013,100,0.52,-0.10996779054403305,0.5756790637969971,2.8262219429016113,1460.5162353515625
261014,10,0.5,0.6280840635299683,0.4332009255886078,7.760095119476318,1243.3057861328125
261015,18,0.4444444444444444,0.12011400610208511,0.3370516300201416,2.2295308113098145,1470.639892578125
261016,92,0.6413043478260869,0.11222504079341888,0.5743263959884644,16.928218841552734,2146.1474609375
261017,29,0.5862068965517241,0.5995938181877136,0.43971630930900574,17.519250869750977,515.1177368164062
261018,10,0.6,0.5521283745765686,0.7969361543655396,4.882469654083252,1370.543701171875
261019,40,0.55,0.42112845182418823,0.5741218328475952,12.1627836227417,1544.501220703125
261020,100,0.51,-0.03886144608259201,0.4477574825286865,5.208187103271484,452.92803955078125
261021,77,0.5454545454545454,0.2335168570280075,0.4752478003501892,14.862799644470215,1694.34765625
261022,51,0.5098039215686274,0.17001093924045563,0.45535609126091003,11.85758113861084,1036.9503173828125
261023,18,0.4444444444444444,0.5430787801742554,0.4046427309513092,8.275763511657715,456.86541748046875
261024,28,0.5714285714285714,0.5503214597702026,0.4792567193508148,17.982553482055664,986.569580078125
261025,100,0.55,-0.041781503707170486,0.43878012895584106,5.722898483276367,907.527587890625
261026,13,0.6153846153846154,0.4512350261211395,0.46959346532821655,7.0442657470703125,1024.170166015625
261027,98,0.5918367346938775,0.03508478030562401,0.5152027606964111,5.938574314117432,809.9710693359375
261028,70,0.5,-0.089766725897789,0.5034045577049255,1.7168532609939575,777.1090087890625
261029,100,0.54,0.06723325699567795,0.45378440618515015,13.62097454071045,215.11199951171875
261030,100,0.44,0.03514918312430382,0.5092035531997681,5.8439249992370605,841.583251953125
261031,35,0.42857142857142855,0.7185155749320984,0.3628259301185608,20.206918716430664,1579.4793701171875
261032,100,0.49,-0.04236264526844025,0.5486629605293274,3.3699777126312256,1621.6788330078125
261033,100,0.48,-0.18714411556720734,0.5206554532051086,1.2496010065078735,1689.002685546875
261034,100,0.56,-0.11531077325344086,0.5121240615844727,3.3743741512298584,983.3170166015625
261035,58,0.46551724137931033,0.19780275225639343,0.5232712030410767,13.018922805786133,1826.13037109375
261036,25,0.44,0.44185587763786316,0.4983234107494354,9.928933143615723,702.1875
261037,100,0.43,-0.05186130106449127,0.41669389605522156,3.387526273727417,636.9135131835938
261038,100,0.54,0.09784644097089767,0.4415954649448395,8.129020690917969,1144.0247802734375
261039,85,0.4823529411764706,0.17107713222503662,0.41516828536987305,16.120664596557617,1234.258056640625
261040,40,0.525,0.2964657247066498,0.4806699752807617,10.730972290039062,492.60675048828125
261041,100,0.53,-0.26312634348869324,0.46373119950294495,1.4427292346954346,1424.9854736328125
261042,100,0.52,0.11803191155195236,0.4535975754261017,10.049371719360352,1939.5399169921875
261043,16,1.0,0.23217347264289856,,9.999950408935547,1035.159423828125
261044,67,0.47761194029850745,0.21715976297855377,0.5282870531082153,11.691692352294922,1302.34814453125
261045,38,0.6842105263157895,0.27071017026901245,0.6246402263641357,7.742275714874268,1423.2027587890625
261046,98,0.5612244897959183,0.09413702040910721,0.4590326249599457,12.362436294555664,994.1694946289062
261047,24,0.5416666666666666,0.10637413710355759,0.47628146409988403,3.701350212097168,649.42138671875
261048,31,0.3870967741935484,0.5673044323921204,0.5209196209907532,16.775850296020508,218.6420135498047
261049,29,0.6206896551724138,0.05857686325907707,0.5663215517997742,6.806084632873535,371.54693603515625
261050,51,0.6274509803921569,0.3610323667526245,0.3715556859970093,20.511898040771484,1264.1795654296875
261051,67,0.47761194029850745,0.1272393763065338,0.4841168522834778,11.617435455322266,1040.2508544921875
261052,100,0.52,-0.05461067333817482,0.5405871272087097,5.230243682861328,167.24989318847656
261053,19,0.6842105263157895,0.5753918886184692,0.33521661162376404,15.163045883178711,1865.8037109375
261054,5,1.0,0.2141282856464386,,2.668142318725586,1077.57275390625
261055,100,0.48,-0.3260805606842041,0.4472110867500305,0.8868587017059326,1804.0323486328125
261056,100,0.46,-0.005183227825909853,0.504026472568512,5.843866348266602,475.21600341796875
261057,85,0.5411764705882353,0.15162396430969238,0.4892459809780121,15.797524452209473,1629.7559814453125
261058,100,0.57,-0.181996151804924,0.5471948385238647,2.080676317214966,979.8965454101562
261059,8,0.5,0.6138697862625122,0.3376370072364807,5.202554702758789,1262.933837890625
261060,100,0.48,-0.16347987949848175,0.4777263402938843,2.207777976989746,1110.3231201171875
261061,100,0.59,-0.24447044730186462,0.4707123041152954,1.2062880992889404,1444.687255859375
261062,44,0.5681818181818182,0.08142799139022827,0.40041038393974304,5.051568984985352,454.55694580078125
261063,57,0.5087719298245614,0.03169678896665573,0.616832435131073,5.986232757568359,1403.264892578125
261064,46,0.45652173913043476,0.022258194163441658,0.49110567569732666,4.017789840698242,1646.95458984375
261065,50,0.74,0.2264036238193512,0.6389392018318176,13.980310440063477,1600.1881103515625
261066,100,0.41,-0.07817061245441437,0.4430091083049774,2.181065797805786,1704.9700927734375
261067,24,0.7083333333333334,0.6073986291885376,0.45328906178474426,20.82862091064453,1778.0848388671875
261068,100,0.51,-0.18361294269561768,0.4282577335834503,1.3283692598342896,1841.103759765625
261069,60,0.6333333333333333,0.2331467717885971,0.4654393494129181,14.25152587890625,421.6791076660156
261070,17,0.6470588235294118,0.6831737160682678,0.39826610684394836,13.877025604248047,962.3497924804688
261071,65,0.5230769230769231,0.05384925380349159,0.37174180150032043,6.925384044647217,1600.4825439453125
261072,100,0.53,-0.13495329022407532,0.5181655883789062,2.2359395027160645,991.8217163085938
261073,100,0.45,-0.2848587930202484,0.46839970350265503,0.7591621279716492,859.7550659179688
261074,63,0.5238095238095238,0.13369236886501312,0.4688221216201782,14.526375770568848,1185.8863525390625
261075,57,0.49122807017543857,0.2569456696510315,0.5553315281867981,7.783944606781006,1741.2281494140625
261076,56,0.75,0.4395001232624054,0.5575624704360962,23.505184173583984,1723.0081787109375
261077,100,0.57,-0.042148493230342865,0.49778157472610474,3.2449233531951904,688.1216430664062
261078,51,0.49019607843137253,0.32155171036720276,0.4650096595287323,14.230009078979492,1619.7193603515625
261079,68,0.5294117647058824,0.28182539343833923,0.5045071840286255,22.632366180419922,1691.3607177734375
261080,36,0.6666666666666666,0.29568690061569214,0.3516885042190552,12.059067726135254,2003.3033447265625
261081,66,0.5303030303030303,0.23921509087085724,0.5066779255867004,12.555424690246582,712.5081176757812
261082,28,0.42857142857142855,0.07202865928411484,0.5454791784286499,3.8210177421569824,1267.825439453125
261083,23,0.5217391304347826,0.6230283379554749,0.5613638162612915,12.21733283996582,1000.3991088867188
261084,41,0.6097560975609756,0.345432311296463,0.6378387212753296,20.915855407714844,1096.2431640625
261085,100,0.53,0.10501348972320557,0.4863912761211395,11.174827575683594,1414.5616455078125
261086,100,0.47,-0.047581788152456284,0.5235475897789001,3.941220998764038,353.4163513183594
261087,100,0.49,-0.08608417958021164,0.5089157223701477,2.811326026916504,562.4926147460938
261088,61,0.47540983606557374,0.2289695292711258,0.43312370777130127,15.342977523803711,1058.9761962890625
261089,74,0.5405405405405406,0.23975029587745667,0.468341588973999,17.73482322692871,1168.0174560546875
261090,50,0.44,0.04125245660543442,0.42724719643592834,5.259649753570557,1394.349609375
261091,44,0.5454545454545454,0.2769986391067505,0.5123056173324585,13.843783378601074,169.20697021484375
261092,100,0.43,0.1010679081082344,0.43955904245376587,9.691635131835938,659.7044067382812
261093,100,0.55,-0.09074027836322784,0.47809621691703796,3.785917282104492,346.727783203125
261094,100,0.46,-0.21995992958545685,0.5139057636260986,0.932293713092804,1651.0284423828125
261095,100,0.49,-0.1783616840839386,0.47088852524757385,2.2714242935180664,561.5947265625
261096,100,0.51,-0.19925588369369507,0.5232027173042297,1.7089664936065674,1380.0452880859375
261097,100,0.47,-0.08479882031679153,0.5796663165092468,3.1268863677978516,753.5319213867188
261098,100,0.44,-0.22507935762405396,0.5298548340797424,1.2677420377731323,1637.845458984375
261099,21,0.2857142857142857,0.08039208501577377,0.5982822179794312,2.184568405151367,1078.7930908203125
261100,96,0.5833333333333334,-0.03286898508667946,0.5122835040092468,4.001109600067139,1465.1470947265625
261101,23,0.30434782608695654,0.29123368859291077,0.3571738004684448,2.5626790523529053,1471.1732177734375
261102,100,0.5,-0.0491158664226532,0.519777774810791,5.104743480682373,123.08260345458984
261103,100,0.45,-0.11968570202589035,0.497261106967926,1.2693017721176147,436.4802551269531
261104,100,0.42,-0.13764896988868713,0.5509528517723083,2.953824043273926,1324.8917236328125
261105,100,0.53,0.12775331735610962,0.5288065671920776,10.795201301574707,696.250732421875
261106,92,0.5434782608695652,0.22763952612876892,0.4535636305809021,17.275184631347656,866.7093505859375
261107,54,0.5370370370370371,-0.15323060750961304,0.4947296380996704,1.4468365907669067,1147.635009765625
261108,38,0.47368421052631576,0.2209821492433548,0.4891100823879242,6.798393726348877,1646.3997802734375
261109,78,0.47435897435897434,0.22667382657527924,0.5256537199020386,12.44575023651123,1044.6341552734375
261110,47,0.6382978723404256,0.264166921377182,0.5094590187072754,11.912737846374512,1290.811767578125
261111,72,0.5,0.27241548895835876,0.5659525990486145,15.368170738220215,764.154052734375
261112,24,0.7083333333333334,0.017069434747099876,0.5761117935180664,3.590590715408325,400.4398193359375
261113,34,0.6470588235294118,0.1151842325925827,0.7169272899627686,6.490170955657959,806.4991455078125
261114,85,0.5294117647058824,0.1345757246017456,0.48829227685928345,8.548027038574219,1615.7596435546875
261115,9,0.7777777777777778,0.1620965301990509,0.12962006032466888,3.6658363342285156,1639.0277099609375
261116,93,0.45161290322580644,0.054116588085889816,0.5401328206062317,7.2722086906433105,1485.5079345703125
261117,100,0.55,-0.0692492201924324,0.38560155034065247,4.161628246307373,791.4420166015625
261118,37,0.35135135135135137,0.10275741666555405,0.4882577359676361,6.232181072235107,1890.4835205078125
261119,17,0.11764705882352941,0.007400810718536377,0.5011687874794006,1.3845911026000977,720.041015625
261120,84,0.5238095238095238,0.27919700741767883,0.4348524212837219,18.96713638305664,2184.8271484375
261121,100,0.45,-0.17943572998046875,0.48244985938072205,2.027991533279419,1312.8197021484375
261122,100,0.44,0.049079373478889465,0.5173445343971252,6.174777030944824,1577.959228515625
261123,90,0.4777777777777778,-0.05476700887084007,0.5037036538124084,2.52298641204834,1007.2254028320312
261124,65,0.4153846153846154,-0.0004909017006866634,0.5495412349700928,5.441956520080566,627.2324829101562
261125,48,0.5208333333333334,0.17995600402355194,0.5478991866111755,6.838531494140625,993.0343627929688
261126,100,0.52,-0.16171294450759888,0.5184443593025208,1.627714991569519,751.7308959960938
261127,59,0.4915254237288136,0.21217691898345947,0.4395870566368103,8.23898696899414,1648.923828125
261128,100,0.59,-0.1440759003162384,0.5062308311462402,2.0663390159606934,681.9422607421875
261129,100,0.49,-0.2294992208480835,0.44617655873298645,1.61165189743042,237.76417541503906
261130,64,0.375,0.07107197493314743,0.5011969804763794,4.104561805725098,810.21435546875
261131,100,0.39,-0.12219403684139252,0.45170894265174866,1.9926910400390625,1122.0836181640625
261132,29,0.5172413793103449,0.27613314986228943,0.5079235434532166,8.961960792541504,270.4493103027344
261133,100,0.46,-0.008000879548490047,0.4644606411457062,4.984541416168213,854.6226196289062
261134,100,0.49,0.01944541558623314,0.5457544326782227,6.621764659881592,1060.622802734375
261135,74,0.527027027027027,-0.0488816536962986,0.48887333273887634,5.312473773956299,1457.1767578125
261136,100,0.61,-0.07557962089776993,0.575362503528595,4.29524040222168,677.7593994140625
261137,100,0.53,-0.059147752821445465,0.5330442786216736,5.3869500160217285,804.0146484375
261138,100,0.43,-0.05887027084827423,0.5041590332984924,3.267751693725586,1764.31982421875
261139,84,0.5238095238095238,0.1553107053041458,0.5515457987785339,11.61279010772705,1380.7999267578125
261140,4,0.5,0.7435015439987183,0.3032195568084717,4.342766284942627,1000.428466796875
261141,100,0.55,-0.09341799467802048,0.5710570216178894,3.995957851409912,1011.7112426757812
261142,100,0.41,0.06236399710178375,0.44520097970962524,3.913875102996826,1521.204345703125
261143,100,0.39,-0.18286480009555817,0.49474191665649414,1.7569515705108643,552.4006958007812
261144,100,0.51,-0.09610623121261597,0.5308623909950256,4.442812919616699,657.37890625
261145,27,0.4444444444444444,0.17678630352020264,0.6843629479408264,3.37973952293396,2087.813720703125
261146,100,0.49,-0.07665647566318512,0.4811292290687561,5.263731002807617,959.8152465820312
261147,100,0.46,-0.07305782288312912,0.44853320717811584,5.723038196563721,645.7669067382812
261148,25,0.4,0.02590653859078884,0.5155133008956909,2.703556776046753,1955.879638671875
261149,100,0.43,-0.14263056218624115,0.4671262502670288,1.5300893783569336,298.51904296875
261150,100,0.45,0.11806800961494446,0.4560873210430145,9.9627103805542,1787.265625
261151,100,0.51,-0.12312877923250198,0.5863292813301086,2.1165900230407715,561.69970703125
261152,25,0.56,0.07849960029125214,0.48065119981765747,5.306800365447998,1119.4468994140625
261153,100,0.42,-0.07622416317462921,0.5174853801727295,4.6325297355651855,1149.14111328125
261154,100,0.42,-0.11007103323936462,0.5582958459854126,3.770707368850708,1005.6878051757812
261155,100,0.51,-0.05426298826932907,0.5230808258056641,3.2192723751068115,382.52813720703125
261156,100,0.36,-0.2003946602344513,0.5179876685142517,2.047384262084961,538.4354248046875
261157,100,0.57,-0.028243951499462128,0.5494458675384521,4.104585647583008,446.12603759765625
261158,100,0.47,-0.18068797886371613,0.44930198788642883,1.5101646184921265,1565.6409912109375
261159,100,0.57,-0.03763824701309204,0.47745251655578613,5.3034443855285645,800.3621826171875
261160,100,0.49,-0.20958246290683746,0.5167244672775269,1.1441104412078857,700.603515625
261161,100,0.52,-0.1847834289073944,0.4865330457687378,2.1164565086364746,580.426513671875
261162,100,0.52,-0.23460255563259125,0.5202840566635132,1.300831913948059,1756.369384765625
261163,100,0.6,0.04210000857710838,0.4633852541446686,8.941363334655762,1409.911376953125
261164,100,0.51,-0.04445119947195053,0.44273194670677185,3.613034963607788,1072.7164306640625
261165,100,0.63,-0.08445467799901962,0.4357927739620209,4.217665195465088,372.2766418457031
261166,9,0.3333333333333333,0.5235342383384705,0.4025941789150238,1.9916101694107056,352.1836242675781
261167,100,0.34,-0.1613112986087799,0.4511876106262207,1.241143822669983,1292.0887451171875
261168,57,0.5087719298245614,-0.02323833666741848,0.45285239815711975,3.5506904125213623,1446.4656982421875
261169,100,0.54,-0.019028199836611748,0.5012442469596863,6.755591869354248,524.0604858398438
261170,100,0.49,-0.022797565907239914,0.4743257164955139,7.138018608093262,1313.656494140625
261171,100,0.54,-0.03032105043530464,0.591637372970581,5.569704532623291,1010.1384887695312
261172,100,0.54,-0.09001688659191132,0.5727348327636719,4.409789562225342,436.9219665527344
261173,100,0.5,-0.06765055656433105,0.47811299562454224,6.398810863494873,674.9488525390625
261174,100,0.46,-0.15081509947776794,0.48528650403022766,2.023674964904785,1642.9517822265625
261175,100,0.5,-0.1597711443901062,0.5423946380615234,3.0245766639709473,740.0498657226562
261176,100,0.46,-0.035966333001852036,0.5177752375602722,3.876526117324829,817.1088256835938
261177,100,0.49,-0.181365504860878,0.4840013384819031,1.8714402914047241,243.32733154296875
261178,100,0.57,-0.040318455547094345,0.5194106101989746,5.727114200592041,980.1199340820312
261179,100,0.47,-0.06458223611116409,0.46379733085632324,3.5800681114196777,768.3117065429688
261180,100,0.48,-0.009293916635215282,0.5188966393470764,6.196459770202637,620.9197387695312
261181,11,0.5454545454545454,0.007565294858068228,0.4645459055900574,2.3286027908325195,1134.029296875
261182,100,0.52,0.03203975781798363,0.5177404284477234,3.047642469406128,328.0689697265625
261183,74,0.3918918918918919,-0.12311455607414246,0.5661879777908325,3.2651515007019043,1637.866455078125
261184,100,0.59,-0.048288386315107346,0.5458804368972778,4.5967326164245605,262.13751220703125
261185,100,0.56,-0.0476280115544796,0.5811655521392822,5.14236307144165,1068.464599609375
261186,100,0.43,-0.19945429265499115,0.49539679288864136,1.490726113319397,636.256591796875
261187,100,0.59,-0.19742393493652344,0.470088392496109,1.4698586463928223,534.585205078125
261188,100,0.48,0.23632605373859406,0.4651997685432434,21.5098876953125,2077.7490234375
261189,100,0.46,0.021626340225338936,0.5217501521110535,7.138630390167236,1517.757568359375
261190,100,0.55,-0.22186501324176788,0.41833677887916565,1.2175476551055908,1302.5833740234375
261191,100,0.53,-0.1972157061100006,0.5080142617225647,1.0157959461212158,160.44386291503906
261192,55,0.45454545454545453,0.11491955071687698,0.43410566449165344,6.540219306945801,329.41741943359375
261193,100,0.56,-0.10711424052715302,0.4872344732284546,2.6477694511413574,493.4565124511719
261194,81,0.4444444444444444,-0.1571962982416153,0.46012771129608154,1.6653987169265747,1868.0867919921875
261195,20,0.6,-0.14117376506328583,0.5242331027984619,2.597045421600342,1235.38818359375
261196,47,0.425531914893617,0.011531898751854897,0.45761796832084656,4.314547538757324,794.76904296875
261197,69,0.4927536231884058,0.09621647000312805,0.4393579959869385,8.909724235534668,1298.280029296875
261198,49,0.5510204081632653,0.01778913475573063,0.42112576961517334,5.852938175201416,1530.700439453125
261199,100,0.56,-0.05556635186076164,0.5018134117126465,10.763580322265625,976.0050659179688
261200,100,0.59,-0.11839921772480011,0.5429904460906982,2.6120729446411133,931.6703491210938
261201,61,0.47540983606557374,0.07930222898721695,0.48676013946533203,3.299616575241089,1525.658447265625
261202,100,0.58,0.03153841197490692,0.48743224143981934,7.511390209197998,631.866455078125
261203,80,0.5125,0.05745816230773926,0.42853620648384094,4.428102016448975,1450.06396484375
261204,55,0.45454545454545453,0.1715543419122696,0.39316654205322266,9.573474884033203,2004.3887939453125
261205,85,0.4823529411764706,0.0922522023320198,0.5707395076751709,9.237165451049805,992.908447265625
261206,90,0.34444444444444444,0.005117043387144804,0.48558294773101807,5.217496871948242,1575.6627197265625
261207,28,0.4642857142857143,0.4462074935436249,0.5051704049110413,12.971232414245605,1926.4190673828125
261208,52,0.5384615384615384,0.07521332800388336,0.5073896050453186,5.980038642883301,1127.919921875
261209,100,0.54,-0.06709136813879013,0.5013133883476257,3.952404737472534,1138.1646728515625
261210,100,0.35,0.11498020589351654,0.4642428159713745,9.917237281799316,1903.3155517578125
261211,49,0.40816326530612246,0.11373911798000336,0.5121675133705139,5.753316879272461,1529.863037109375
261212,100,0.47,-0.18854336440563202,0.48126521706581116,2.7015295028686523,691.575439453125
261213,100,0.44,0.046029068529605865,0.5287729501724243,8.011026382446289,1648.2144775390625
261214,100,0.55,-0.05946541577577591,0.5595635175704956,3.090414524078369,1193.1412353515625
261215,19,0.7368421052631579,0.06475847214460373,0.6176015138626099,8.013754844665527,1119.470458984375
261216,100,0.53,-0.06254053860902786,0.43944209814071655,5.20622444152832,860.49755859375
261217,63,0.4603174603174603,0.1052260547876358,0.5274367332458496,5.675359725952148,1759.9324951171875
261218,100,0.47,-0.017174452543258667,0.49191609025001526,4.103655815124512,203.67169189453125
261219,100,0.48,-0.07684243470430374,0.5449201464653015,4.586005687713623,697.800048828125
261220,100,0.49,-0.12500089406967163,0.5199918746948242,3.3107059001922607,1696.0816650390625
261221,100,0.46,-0.1954573690891266,0.4988843500614166,1.4065582752227783,924.9338989257812
261222,100,0.49,-0.0735437348484993,0.43169447779655457,4.297869682312012,1520.89404296875
261223,54,0.6481481481481481,-0.019378552213311195,0.4756823182106018,3.5792691707611084,1043.3533935546875
261224,31,0.45161290322580644,0.6876019835472107,0.4930275082588196,22.522809982299805,1730.887451171875
261225,100,0.53,0.053820278495550156,0.48487043380737305,8.04914379119873,270.7763671875
261226,100,0.55,-0.20752418041229248,0.5299369096755981,1.4340777397155762,638.3414306640625
261227,27,0.4444444444444444,0.1640537828207016,0.5065382719039917,3.3608551025390625,1138.590576171875
261228,22,0.4090909090909091,0.22983397543430328,0.388151615858078,3.2342934608459473,510.3470764160156
261229,100,0.58,0.06783777475357056,0.5089676380157471,5.551046371459961,1555.9315185546875
261230,100,0.44,-0.2347763180732727,0.4786945879459381,1.0450519323349,970.2284545898438
261231,72,0.5416666666666666,0.263155460357666,0.5307947397232056,14.050090789794922,1792.3148193359375
261232,100,0.6,-0.03969087079167366,0.4822100102901459,4.508758068084717,907.44482421875
261233,100,0.55,-0.054228540509939194,0.44491878151893616,5.0405168533325195,723.5718994140625
261234,100,0.51,-0.07757127285003662,0.4477483332157135,4.11862325668335,687.7689208984375
261235,100,0.46,0.06542165577411652,0.4819921851158142,7.668727874755859,1500.7286376953125
261236,100,0.47,-0.08385583013296127,0.5519354343414307,2.4101715087890625,859.3944091796875
261237,96,0.5729166666666666,0.16716408729553223,0.5305835008621216,11.703335762023926,2031.9276123046875
261238,52,0.5,0.19843676686286926,0.6263895034790039,9.19124984741211,688.7003173828125
261239,100,0.49,-0.026253361254930496,0.4872452914714813,2.387861490249634,1137.097412109375
261240,100,0.47,-0.15729528665542603,0.5610093474388123,1.398012638092041,705.2667236328125
261241,100,0.49,-0.003216584213078022,0.5820553302764893,4.052877902984619,842.92724609375
261242,100,0.53,-0.14440962672233582,0.523350179195404,1.9279563426971436,1028.2998046875
261243,100,0.45,-0.11617263406515121,0.470930814743042,2.05118465423584,980.7578735351562
261244,74,0.44594594594594594,-0.05363257974386215,0.5591838359832764,3.299128293991089,554.3383178710938
261245,100,0.5,-0.07978419959545135,0.4199087619781494,3.327171564102173,1057.6336669921875
261246,100,0.54,-0.06599888205528259,0.48830553889274597,3.6875112056732178,631.6641235351562
261247,100,0.44,-0.023001771420240402,0.5314598679542542,5.338810920715332,268.5169982910156
261248,100,0.48,-0.06480550020933151,0.49613457918167114,2.9415414333343506,976.3311157226562
261249,100,0.52,-0.10349035263061523,0.49774137139320374,4.840386390686035,836.1248779296875
261250,32,0.40625,0.28195133805274963,0.4921547770500183,6.544895648956299,771.4271240234375
261251,100,0.51,-0.19034823775291443,0.4843129515647888,1.2930532693862915,622.4259643554688
261252,100,0.63,-0.12084724754095078,0.48790329694747925,2.450413942337036,631.2882080078125
261253,100,0.57,-0.14750558137893677,0.5423217415809631,2.588353157043457,854.7059936523438
261254,100,0.43,-0.02417668327689171,0.4765969216823578,3.537278652191162,594.3521118164062
261255,100,0.41,-0.007885126397013664,0.4637950360774994,3.675208330154419,874.4898681640625
261256,100,0.53,-0.01983742043375969,0.4673181176185608,4.649627208709717,987.6710815429688
261257,81,0.5925925925925926,0.18931670486927032,0.6021141409873962,16.378156661987305,1502.349365234375
261258,100,0.54,-0.08562693744897842,0.4674331545829773,5.301971435546875,1151.05908203125
261259,100,0.46,-0.18634402751922607,0.4324406385421753,1.2878670692443848,904.2196655273438
261260,100,0.5,0.049815744161605835,0.4926530718803406,5.959128379821777,1156.9718017578125
261261,100,0.48,-0.0714709535241127,0.5092892050743103,2.672031879425049,1366.23583984375
261262,80,0.6125,0.19057250022888184,0.5046601295471191,16.53457260131836,1265.332275390625
261263,64,0.625,0.4095117449760437,0.4031277596950531,22.104875564575195,1478.935302734375
261264,100,0.49,-0.009362912736833096,0.5181847810745239,4.915864944458008,1392.7589111328125
261265,100,0.52,-0.10527162998914719,0.5181409120559692,2.0946860313415527,851.33251953125
261266,100,0.45,0.183694526553154,0.46035847067832947,14.161055564880371,1023.391845703125
261267,79,0.5189873417721519,0.29298046231269836,0.40127331018447876,17.419395446777344,1867.8714599609375
261268,100,0.51,0.2761809527873993,0.49674147367477417,13.411002159118652,2105.902587890625
261269,100,0.59,-0.003979457076638937,0.5170279741287231,4.141042709350586,1503.9285888671875
261270,100,0.55,-0.04838252440094948,0.5091708898544312,3.9135653972625732,1298.72900390625
261271,84,0.5238095238095238,0.14336678385734558,0.525336742401123,9.99189567565918,473.90704345703125
261272,100,0.53,-0.02872590534389019,0.5350881814956665,4.004916191101074,542.8715209960938
261273,57,0.49122807017543857,0.059936873614788055,0.5670255422592163,3.323254346847534,659.9345703125
261274,100,0.54,-0.022402357310056686,0.45207616686820984,3.6785717010498047,774.12451171875
261275,100,0.5,0.10911689698696136,0.4325453042984009,13.91418743133545,1328.3016357421875
261276,100,0.43,-0.09105472266674042,0.4977084696292877,1.3440909385681152,717.0889892578125
261277,100,0.6,0.16559581458568573,0.4567098021507263,14.683038711547852,640.0421142578125
261278,100,0.53,0.04897668957710266,0.6052885055541992,13.003701210021973,880.5516357421875
261279,30,0.3,0.39209258556365967,0.4292230010032654,6.156455039978027,1725.5531005859375
261280,100,0.51,-0.035167302936315536,0.5709272623062134,5.913031578063965,568.51513671875
261281,73,0.547945205479452,0.1177695170044899,0.4822339713573456,7.846952438354492,1004.3419799804688
261282,100,0.52,-0.04387736693024635,0.5383292436599731,3.3949944972991943,1284.5064697265625
261283,100,0.43,0.024482572451233864,0.5391793251037598,8.344757080078125,516.8936767578125
261284,48,0.6041666666666666,0.05529268458485603,0.39700576663017273,8.187382698059082,840.642822265625
261285,14,0.6428571428571429,0.20193231105804443,0.6506309509277344,2.8867347240448,1531.5548095703125
261286,50,0.5,0.28971582651138306,0.5316007137298584,18.985055923461914,1826.306396484375
261287,100,0.44,-0.03696301952004433,0.5001769065856934,2.198239326477051,924.5752563476562
261288,52,0.5384615384615384,0.09115768224000931,0.41219544410705566,9.885293960571289,1105.0145263671875
261289,100,0.61,0.12619474530220032,0.49196508526802063,10.869401931762695,332.3417053222656
261290,100,0.51,0.03632279112935066,0.48519352078437805,7.386113166809082,453.05755615234375
261291,100,0.46,0.14526136219501495,0.499800443649292,14.950243949890137,363.33544921875
261292,100,0.53,0.10644298791885376,0.5368824601173401,7.791644096374512,146.7122344970703
261293,8,0.625,0.8336780667304993,0.2355082780122757,8.23618221282959,814.4562377929688
261294,76,0.5526315789473685,0.22521179914474487,0.44373446702957153,13.792715072631836,1179.377197265625
261295,100,0.53,0.1494818776845932,0.37875691056251526,10.759069442749023,511.37823486328125
261296,50,0.56,0.15489459037780762,0.41231584548950195,10.808097839355469,778.7792358398438
261297,9,0.4444444444444444,0.6176143884658813,0.6299262046813965,7.182840347290039,424.2114562988281
261298,57,0.47368421052631576,0.34304872155189514,0.5210409760475159,14.529276847839355,556.3258056640625
261299,39,0.5384615384615384,0.5140207409858704,0.3948904275894165,17.116832733154297,1553.069091796875
261300,100,0.43,-0.046449992805719376,0.4777447283267975,4.123653411865234,1156.7764892578125
261301,100,0.52,-0.02653232403099537,0.5620560050010681,3.9487907886505127,649.723876953125
261302,100,0.58,0.00973997451364994,0.44430550932884216,7.025027275085449,1897.9560546875
261303,59,0.559322033898305,0.009649563580751419,0.5807966589927673,6.227011680603027,869.040283203125
261304,47,0.5106382978723404,0.23684664070606232,0.4606378376483917,10.887516021728516,1128.099853515625
261305,100,0.58,0.10819889605045319,0.555058479309082,12.275948524475098,753.8513793945312
261306,36,0.5833333333333334,0.4707035422325134,0.38695695996284485,19.144895553588867,1406.3709716796875
261307,100,0.47,0.07848484069108963,0.5490736961364746,6.021854877471924,171.45074462890625
261308,100,0.56,0.19927874207496643,0.5136236548423767,22.987401962280273,1201.3433837890625
261309,100,0.52,0.024397138506174088,0.5885379314422607,6.888393402099609,1637.103271484375
261310,28,0.4642857142857143,0.42268311977386475,0.5539732575416565,8.249306678771973,1532.63330078125
261311,100,0.42,0.03913756459951401,0.4939398467540741,8.793375015258789,1484.548583984375
261312,100,0.48,0.08374377340078354,0.5271947383880615,7.550348281860352,322.8587951660156
261313,37,0.5405405405405406,0.33436375856399536,0.6039469838142395,13.796013832092285,1962.2877197265625
261314,100,0.48,-0.08507730811834335,0.5633238554000854,2.8124172687530518,828.89697265625
261315,76,0.47368421052631576,0.12604767084121704,0.504824697971344,12.69900894165039,169.9307403564453
261316,60,0.5333333333333333,0.16608461737632751,0.4349067807197571,12.228743553161621,1539.9920654296875
261317,100,0.55,-0.044769588857889175,0.5362021327018738,6.342462539672852,1141.5926513671875
261318,100,0.48,-0.011264954693615437,0.43879687786102295,3.8562705516815186,621.6171875
261319,100,0.5,-0.026482122018933296,0.48714014887809753,3.7879533767700195,1143.8408203125
261320,32,0.34375,0.3600808382034302,0.3135152757167816,8.926145553588867,1800.07373046875
261321,64,0.53125,-0.0673026368021965,0.38807788491249084,4.125334739685059,1309.248779296875
261322,100,0.54,0.06659533828496933,0.43598705530166626,8.7243070602417,766.4016723632812
261323,100,0.49,-0.07547102868556976,0.5677816271781921,3.4682934284210205,1137.94677734375
261324,6,0.8333333333333334,0.45882517099380493,0.8604926466941833,6.213531494140625,336.4303894042969
261325,100,0.42,-0.09697950631380081,0.6141997575759888,3.8810203075408936,791.239990234375
261326,32,0.40625,0.31743308901786804,0.5136894583702087,7.930217742919922,1102.0902099609375
261327,100,0.55,0.20381662249565125,0.4782130718231201,12.573799133300781,1804.2972412109375
261328,100,0.49,0.12469030916690826,0.47731369733810425,12.682175636291504,480.3466796875
261329,56,0.5178571428571429,0.26521387696266174,0.4258480370044708,15.442620277404785,382.31103515625
261330,100,0.46,0.04859379678964615,0.5445188879966736,4.260569095611572,814.2230224609375
261331,100,0.52,-0.01695847138762474,0.5064834952354431,4.250779151916504,1251.4560546875
261332,28,0.5714285714285714,0.25916728377342224,0.48809507489204407,8.044496536254883,1341.9951171875
261333,100,0.55,-0.29672765731811523,0.4813118875026703,1.830055832862854,1399.8797607421875
261334,98,0.5,0.10941445827484131,0.5111521482467651,10.904558181762695,1299.3756103515625
261335,100,0.51,-0.018597306683659554,0.5660138726234436,4.638669967651367,973.6704711914062
261336,100,0.5,0.021958140656352043,0.523287832736969,4.421286106109619,927.8973388671875
261337,100,0.63,-0.0506310909986496,0.5438212156295776,4.5203046798706055,543.2890625
261338,100,0.51,-0.0036594003904610872,0.5016669631004333,4.563680171966553,1447.818115234375
261339,100,0.45,-0.011840497143566608,0.4937381148338318,4.209074020385742,1740.821533203125
261340,26,0.6153846153846154,0.2057603895664215,0.531876266002655,6.336336612701416,1015.2794189453125
261341,100,0.45,-0.005409639328718185,0.5537295341491699,4.595663547515869,780.9114379882812
261342,40,0.475,0.060850393027067184,0.41467204689979553,3.342287540435791,395.1866760253906
261343,98,0.46938775510204084,0.038285475224256516,0.4427953362464905,4.505270004272461,1380.705810546875
261344,88,0.5113636363636364,0.12114886194467545,0.41476306319236755,10.661077499389648,629.7559204101562
261345,91,0.5824175824175825,-0.007208461873233318,0.5318906903266907,3.541268825531006,672.343505859375
261346,78,0.44871794871794873,0.16196249425411224,0.4949449896812439,12.576201438903809,630.7073364257812
261347,100,0.47,-0.004674272146075964,0.4647478759288788,4.3279500007629395,659.5818481445312
261348,50,0.48,0.04121078923344612,0.47151124477386475,3.1741366386413574,784.1151733398438
261349,100,0.45,0.03431833162903786,0.5016151666641235,6.164919376373291,627.1807250976562
261350,100,0.51,-0.038471464067697525,0.4400613307952881,3.108865261077881,354.89483642578125
261351,100,0.62,0.02604319341480732,0.5871475338935852,6.730210781097412,1275.424560546875
261352,100,0.43,-0.06255300343036652,0.4835343062877655,3.0744943618774414,917.3195190429688
261353,100,0.51,-0.08999835699796677,0.5356788039207458,2.4091198444366455,778.3782348632812
261354,100,0.46,-0.12424248456954956,0.5100460648536682,2.2394959926605225,890.0986938476562
261355,100,0.5,-0.21552549302577972,0.5343106389045715,1.0049400329589844,1161.9422607421875
261356,56,0.5357142857142857,0.08140452951192856,0.4548606276512146,6.719823360443115,1376.802490234375
261357,100,0.46,-0.21416614949703217,0.5637442469596863,2.0176496505737305,1441.1094970703125
261358,96,0.4791666666666667,0.012759513221681118,0.4639863073825836,3.4239084720611572,1160.3514404296875
261359,100,0.46,-0.10869632661342621,0.5266667008399963,5.133096694946289,396.2253112792969
261360,100,0.54,-0.08452535420656204,0.45177149772644043,2.864901065826416,1490.0318603515625
261361,100,0.56,0.004870305303484201,0.5077028870582581,5.250269889831543,317.2803649902344
261362,100,0.53,-0.12890544533729553,0.4713759422302246,2.0734007358551025,1156.044677734375
261363,100,0.55,-0.1940021514892578,0.5194770097732544,1.9663807153701782,760.1675415039062
261364,100,0.54,-0.056261096149683,0.4845830202102661,2.7462685108184814,1326.520263671875
261365,100,0.54,0.00683140242472291,0.5041813850402832,7.505739688873291,1359.87890625
261366,54,0.5740740740740741,0.04469030722975731,0.4843646287918091,7.394900321960449,1696.7652587890625
261367,100,0.59,-0.09477786719799042,0.5066471099853516,2.4406983852386475,749.3548583984375
261368,100,0.47,0.008381234481930733,0.4151856303215027,9.499922752380371,630.5903930664062
261369,59,0.5932203389830508,0.15710468590259552,0.4099210500717163,8.140073776245117,1447.3441162109375
261370,68,0.4852941176470588,0.020017050206661224,0.505052387714386,4.054042816162109,977.139892578125
261371,64,0.5,-0.1414022445678711,0.47080689668655396,1.5792934894561768,1448.7962646484375
261372,100,0.57,-0.05468490347266197,0.5139844417572021,2.9104971885681152,908.349365234375
261373,28,0.39285714285714285,0.058133743703365326,0.5403313636779785,2.6195437908172607,1162.971923828125
261374,100,0.54,-0.10610886663198471,0.4005735218524933,2.193509101867676,838.3117065429688
261375,100,0.46,0.012639026157557964,0.44878634810447693,4.692446708679199,578.8744506835938
261376,100,0.56,-0.14834405481815338,0.4952639639377594,3.1552202701568604,592.010009765625
261377,100,0.49,-0.2863039970397949,0.525558352470398,0.8774789571762085,935.3306884765625
261378,100,0.46,-0.05065462365746498,0.5264221429824829,2.776519775390625,681.9115600585938
261379,100,0.55,-0.17737506330013275,0.3955443799495697,3.8177835941314697,1143.9053955078125
261380,100,0.46,-0.0544506199657917,0.4855957627296448,3.6065337657928467,513.5482177734375
261381,100,0.53,0.1272919625043869,0.4904749095439911,10.295047760009766,352.86273193359375
261382,10,0.6,0.4263570308685303,0.457314670085907,4.642284393310547,1153.1572265625
261383,100,0.56,0.019169578328728676,0.46512869000434875,4.793092250823975,1277.9033203125
261384,100,0.5,0.0174983199685812,0.4511386752128601,6.1403093338012695,293.79278564453125
261385,100,0.53,0.06669080257415771,0.45932769775390625,10.683849334716797,599.7720336914062
261386,100,0.5,0.003833104856312275,0.5254691243171692,5.395536422729492,1059.3165283203125
261387,89,0.6067415730337079,-0.005510192364454269,0.5207105875015259,5.442804336547852,1801.1839599609375
261388,100,0.51,0.03460578992962837,0.5516645312309265,4.97022819519043,898.0429077148438
261389,100,0.51,0.07538797706365585,0.43756216764450073,6.741944789886475,353.5273132324219
261390,100,0.44,-0.015280255116522312,0.5035313367843628,4.38570499420166,1397.7330322265625
261391,100,0.44,0.00950934924185276,0.4886918067932129,4.709564685821533,1138.551513671875
261392,69,0.5217391304347826,0.037958770990371704,0.4124935567378998,4.83741569519043,282.6596984863281
261393,37,0.5405405405405406,0.06694091856479645,0.5845337510108948,4.16193962097168,869.8905029296875
261394,100,0.52,0.12101098150014877,0.4478435516357422,7.6807756423950195,1714.1578369140625
261395,100,0.52,0.012480298057198524,0.45584821701049805,3.8358054161071777,262.4324035644531
261396,34,0.4411764705882353,0.1381164938211441,0.5507434606552124,6.2949042320251465,546.3807373046875
261397,70,0.5714285714285714,0.09963640570640564,0.4383494555950165,6.487877368927002,487.8144836425781
261398,100,0.55,0.08788732439279556,0.47861793637275696,8.487215042114258,750.7216186523438
261399,55,0.6181818181818182,0.29172569513320923,0.5661372542381287,15.997208595275879,1705.482177734375
261400,23,0.4782608695652174,0.018379004672169685,0.4894939363002777,2.178589105606079,1288.2667236328125
261401,100,0.5,-0.09940432757139206,0.5453798770904541,2.9894866943359375,1257.232666015625
261402,71,0.4788732394366197,0.26417219638824463,0.5080912709236145,15.4080228805542,1455.9786376953125
261403,45,0.5777777777777777,0.3158654570579529,0.5709306001663208,11.841960906982422,1817.79638671875
261404,100,0.53,0.0762801542878151,0.5089400410652161,6.530314922332764,644.97216796875
261405,100,0.44,-0.05404543876647949,0.4955957531929016,3.606123685836792,304.4609375
261406,100,0.45,0.06664647161960602,0.4721725583076477,7.1576690673828125,984.5403442382812
261407,100,0.45,-0.07067140191793442,0.4880492687225342,2.828772783279419,996.8257446289062
261408,100,0.49,0.07202866673469543,0.4686887860298157,6.735922813415527,1053.08837890625
261409,100,0.5,0.11460927873849869,0.4335440695285797,15.190162658691406,1386.2386474609375
261410,94,0.5531914893617021,0.27480995655059814,0.5584081411361694,15.724480628967285,1412.593994140625
261411,100,0.51,-0.08335985243320465,0.47786518931388855,2.070587158203125,983.8588256835938
261412,39,0.5897435897435898,0.45626139640808105,0.47944092750549316,19.46257781982422,940.0200805664062
261413,100,0.49,-0.2213200330734253,0.47465744614601135,0.7673017978668213,1170.3172607421875
261414,100,0.46,-0.017205681651830673,0.4978923499584198,3.345674514770508,1083.682373046875
261415,28,0.5714285714285714,0.1821126639842987,0.5736687779426575,10.859085083007812,1565.933837890625
261416,100,0.61,0.06859493255615234,0.5731087923049927,11.959219932556152,465.445068359375
261417,100,0.41,-0.022665878757834435,0.47782376408576965,5.620963096618652,843.7987670898438
261418,100,0.48,-0.09216076880693436,0.5000874400138855,2.747518301010132,712.6724853515625
261419,100,0.51,0.08467977494001389,0.43220409750938416,8.324612617492676,406.83026123046875
261420,100,0.47,-0.15710477530956268,0.46791955828666687,3.464787006378174,1475.05029296875
261421,24,0.6666666666666666,-0.09403234720230103,0.5837478041648865,2.318732500076294,353.7917785644531
261422,55,0.6181818181818182,-0.01582999899983406,0.42909494042396545,5.136926174163818,1637.6912841796875
261423,83,0.5060240963855421,0.15031583607196808,0.4888843894004822,16.619455337524414,1626.62255859375
261424,100,0.48,0.03163217008113861,0.5120254158973694,4.6080641746521,681.085693359375
261425,100,0.41,-0.15875039994716644,0.48178353905677795,2.333678722381592,482.39312744140625
261426,100,0.48,0.08420024067163467,0.4666382372379303,14.112678527832031,933.1321411132812
261427,31,0.5483870967741935,0.16244220733642578,0.4646110236644745,5.153018951416016,1668.683349609375
261428,100,0.5,0.005155316088348627,0.4826863408088684,4.231606483459473,723.3095092773438
261429,100,0.55,0.07162386924028397,0.40167948603630066,7.487740516662598,1451.5941162109375
261430,100,0.47,0.15482977032661438,0.5105787515640259,16.652376174926758,383.5318603515625
261431,100,0.47,-0.041978396475315094,0.49765390157699585,8.501053810119629,925.5972900390625
261432,100,0.48,0.04239858686923981,0.5004494786262512,6.597033500671387,562.71337890625
261433,21,0.6190476190476191,0.37753838300704956,0.6081637144088745,10.598428726196289,1949.55810546875
261434,100,0.57,-0.08962490409612656,0.5856424570083618,4.229173183441162,357.87646484375
261435,100,0.48,-0.07106537371873856,0.5348181128501892,2.6556479930877686,1314.6900634765625
261436,84,0.5119047619047619,0.0034710473846644163,0.4394749402999878,6.668346405029297,936.2267456054688
261437,100,0.5,-0.10912714153528214,0.6044365167617798,1.78619384765625,1415.2335205078125
261438,100,0.5,-0.1830313354730606,0.5269233584403992,2.871030807495117,264.4178466796875
261439,73,0.6438356164383562,0.1410089135169983,0.38456612825393677,12.340800285339355,1246.25390625
261440,26,0.4230769230769231,0.14556464552879333,0.37082067131996155,5.8864970207214355,804.4274291992188
261441,100,0.52,-0.15340957045555115,0.5613241195678711,3.5347936153411865,1232.335205078125
261442,100,0.56,-0.016464190557599068,0.4522358179092407,4.591360092163086,1028.91455078125
261443,88,0.4659090909090909,0.15449193120002747,0.498695969581604,13.076238632202148,1094.649169921875
261444,100,0.46,-0.06409864127635956,0.5440665483474731,2.9993014335632324,1255.1094970703125
261445,100,0.52,-0.16374018788337708,0.4345977306365967,1.4383071660995483,767.6687622070312
261446,100,0.69,-0.006114928051829338,0.4444110095500946,12.065999984741211,336.6715393066406
261447,100,0.47,-0.1398192048072815,0.4937986433506012,2.6586408615112305,465.38873291015625
261448,41,0.5365853658536586,0.15093731880187988,0.5477235317230225,7.308535575866699,1269.6962890625
261449,36,0.6111111111111112,0.16980262100696564,0.4340045750141144,8.25757122039795,1032.9027099609375
261450,52,0.36538461538461536,0.04965704306960106,0.5051782727241516,4.539772987365723,1263.2730712890625
261451,100,0.47,-0.046689145267009735,0.5257050395011902,2.4044182300567627,980.1334838867188
261452,100,0.56,0.0887022614479065,0.46182024478912354,7.099370002746582,1035.4520263671875
261453,100,0.54,-0.036298755556344986,0.5086514949798584,3.941215753555298,656.3148803710938
261454,100,0.45,-0.09312497079372406,0.4978412687778473,1.8742761611938477,686.029296875
261455,100,0.46,-0.14860199391841888,0.46784302592277527,1.5683845281600952,1212.3392333984375
261456,50,0.58,0.023043278604745865,0.46174857020378113,8.166348457336426,964.9052734375
261457,32,0.5,-0.38672441244125366,0.5310206413269043,0.3295932412147522,630.1753540039062
261458,3,1.0,0.15094232559204102,,1.759081244468689,855.92529296875
261459,100,0.54,-0.11768866330385208,0.5545364022254944,1.960351824760437,601.46728515625
261460,100,0.5,0.059352289885282516,0.41798678040504456,9.917980194091797,768.566162109375
261461,18,0.5555555555555556,0.24466320872306824,0.4686117172241211,7.567850589752197,1289.9896240234375
261462,100,0.54,0.04127409681677818,0.5260616540908813,6.356200695037842,1174.1004638671875
261463,60,0.48333333333333334,0.2980572581291199,0.39993447065353394,11.798735618591309,1052.42822265625
261464,87,0.42528735632183906,0.1301284283399582,0.4703967273235321,10.05971622467041,1501.7281494140625
261465,83,0.5301204819277109,0.36926552653312683,0.4584285020828247,18.11851692199707,1853.9171142578125
261466,100,0.51,0.01772843301296234,0.4788033962249756,4.931816101074219,1087.738525390625
261467,100,0.49,-0.07125603407621384,0.49700629711151123,5.158054351806641,836.06689453125
261468,100,0.5,0.11789515614509583,0.491332471370697,11.499159812927246,1214.496826171875
261469,100,0.63,-0.019099118188023567,0.5736585259437561,7.958216667175293,914.7347412109375
261470,100,0.47,-0.047366395592689514,0.49954867362976074,3.5578811168670654,590.928955078125
261471,100,0.52,-0.028260329738259315,0.43285977840423584,4.18400239944458,1120.3282470703125
261472,100,0.51,0.024297036230564117,0.44306644797325134,4.65303897857666,1071.488525390625
261473,100,0.53,0.09828841686248779,0.49032196402549744,6.321733474731445,211.91053771972656
261474,100,0.49,-0.19060952961444855,0.5084666609764099,1.0635508298873901,328.6026306152344
261475,100,0.52,-0.05910148471593857,0.5419299006462097,3.820779323577881,550.160888671875
261476,100,0.49,-0.06164080649614334,0.539162814617157,4.903630256652832,1098.6097412109375
261477,100,0.54,-0.09059468656778336,0.5016778707504272,3.9107677936553955,226.59320068359375
261478,59,0.5423728813559322,0.13135917484760284,0.5083341002464294,10.90356159210205,1078.0457763671875
261479,100,0.57,-0.11885546892881393,0.46507441997528076,4.714571952819824,1192.4478759765625
261480,100,0.42,0.011958829127252102,0.4366458058357239,7.6883978843688965,607.3499755859375
261481,100,0.44,-0.08456084877252579,0.52248615026474,2.002711296081543,1115.437744140625
261482,100,0.52,-0.08812138438224792,0.5557119846343994,3.2041432857513428,619.3008422851562
261483,100,0.6,-0.053986769169569016,0.5104432702064514,4.009401321411133,1142.2286376953125
261484,100,0.57,-0.07179083675146103,0.5431787371635437,2.981555461883545,574.1216430664062
261485,100,0.46,0.11714255064725876,0.48594629764556885,5.365384101867676,497.7880554199219
261486,73,0.5753424657534246,0.14155474305152893,0.5409297943115234,8.553082466125488,1410.382080078125
261487,100,0.54,0.04732048884034157,0.509023904800415,10.534355163574219,1719.1436767578125
261488,100,0.45,-0.01566336303949356,0.4933066964149475,2.7645304203033447,795.4186401367188
261489,100,0.45,0.1381690800189972,0.5120083093643188,8.091277122497559,603.616943359375
261490,100,0.51,-0.0028893176931887865,0.532807469367981,3.0883655548095703,1085.4697265625
261491,100,0.48,-0.07267718762159348,0.5242025852203369,4.900538921356201,934.9747924804688
261492,100,0.44,-0.039585210382938385,0.463363915681839,3.829204797744751,702.5006103515625
261493,87,0.5747126436781609,0.08986429125070572,0.5579174160957336,7.791803359985352,870.7724609375
261494,100,0.47,-0.07195483893156052,0.5212011933326721,2.3773484230041504,1680.8692626953125
261495,100,0.53,-0.051131293177604675,0.550819456577301,4.494953155517578,1146.71484375
261496,100,0.48,-0.10801591724157333,0.5498111248016357,1.9255443811416626,498.6604309082031
261497,100,0.52,0.0009585630614310503,0.5484693646430969,4.504936695098877,516.0071411132812
261498,100,0.48,-0.19933141767978668,0.5046632289886475,0.978981077671051,614.834716796875
261499,100,0.44,-0.24235600233078003,0.5970631837844849,1.7281020879745483,1425.93359375
261500,100,0.49,-0.08730576932430267,0.49537116289138794,3.1857798099517822,1286.7772216796875
261501,100,0.47,0.1087409257888794,0.5104004144668579,10.169261932373047,908.7333984375
261502,100,0.46,0.016573237255215645,0.5441586375236511,4.86398458480835,639.4119262695312
261503,100,0.54,-0.28887662291526794,0.5126844048500061,0.7118489146232605,867.7406616210938
261504,100,0.58,-0.07595347613096237,0.5048390626907349,3.427588701248169,1040.94140625
261505,100,0.57,-0.07303974032402039,0.4348045587539673,2.62784481048584,1223.611572265625
261506,100,0.59,-0.031970132142305374,0.5598593354225159,5.019322872161865,1151.7574462890625
261507,100,0.59,-0.041072696447372437,0.5687060356140137,5.338720798492432,1232.92138671875
261508,100,0.47,-0.09939664602279663,0.48589006066322327,1.730721116065979,375.89947509765625
261509,100,0.51,0.02535380981862545,0.5956462621688843,5.258395195007324,1003.4265747070312
261510,100,0.53,-0.16525283455848694,0.4474813938140869,1.8917962312698364,588.0447387695312
261511,100,0.41,-0.19926820695400238,0.4704127311706543,1.6000944375991821,819.374267578125
261512,100,0.54,0.012841380201280117,0.4410440921783447,6.748847484588623,560.0849609375
261513,100,0.46,-0.09652778506278992,0.48742032051086426,3.3076248168945312,618.1148681640625
261514,100,0.53,-0.013862128369510174,0.4884885847568512,11.24560832977295,589.7921752929688
261515,100,0.5,-0.07013071328401566,0.45205166935920715,3.8729288578033447,1542.99169921875
261516,100,0.47,-0.20034940540790558,0.5595783591270447,1.821277141571045,779.8585815429688
261517,39,0.4358974358974359,0.05258119851350784,0.574135959148407,5.543872356414795,755.4349975585938
261518,100,0.49,0.11699068546295166,0.4202042520046234,10.669593811035156,861.1461791992188
261519,100,0.57,-0.10926355421543121,0.5092517137527466,2.5750038623809814,279.7017822265625
261520,100,0.51,-0.025476884096860886,0.548188328742981,6.700402736663818,1673.2689208984375
261521,100,0.34,0.040807344019412994,0.464215487241745,5.4084577560424805,944.1015625
261522,100,0.41,-0.20468026399612427,0.5349324345588684,1.7330050468444824,572.386474609375
261523,48,0.4791666666666667,0.34531497955322266,0.333334743976593,14.3497896194458,431.0018310546875
261524,100,0.48,-0.03864439204335213,0.6048910021781921,6.4211883544921875,335.0728759765625
261525,100,0.41,0.07281862944364548,0.454543799161911,6.320865631103516,538.0515747070312
261526,100,0.46,0.006908464711159468,0.5060943365097046,4.061166286468506,274.01654052734375
261527,72,0.4305555555555556,0.1359739601612091,0.49866652488708496,8.031660079956055,758.8843994140625
261528,100,0.54,0.27290910482406616,0.3863210380077362,19.42633819580078,1095.680908203125
261529,100,0.59,0.246953085064888,0.48088058829307556,20.442554473876953,1184.268798828125
261530,100,0.58,-0.049191977828741074,0.49285387992858887,2.6647777557373047,713.28955078125
261531,66,0.5303030303030303,0.012481167912483215,0.5022693872451782,5.399765968322754,1280.517578125
261532,82,0.5365853658536586,-0.1045379638671875,0.5235193371772766,2.0853376388549805,626.4303588867188
261533,100,0.43,0.0929945781826973,0.5009114146232605,9.378005981445312,811.531982421875
261534,100,0.45,-0.02448534406721592,0.48630017042160034,5.133017063140869,728.3930053710938
261535,35,0.4,-0.2185557633638382,0.4910101592540741,0.9649693965911865,1009.3367309570312
261536,100,0.51,-0.09367118775844574,0.5280987620353699,2.4627845287323,444.9019775390625
261537,100,0.49,0.040370211005210876,0.4436609148979187,4.104132175445557,388.16644287109375
261538,100,0.57,0.03439880907535553,0.4410283863544464,10.678264617919922,1852.183349609375
261539,100,0.5,-0.11277702450752258,0.5077669620513916,4.267900466918945,824.5181884765625
261540,57,0.38596491228070173,0.05612673610448837,0.47219395637512207,4.024954795837402,1386.107177734375
261541,100,0.5,-0.016277749091386795,0.49705541133880615,3.8300421237945557,1141.7349853515625
261542,100,0.42,-0.1651488095521927,0.5033908486366272,1.2179888486862183,727.715087890625
261543,100,0.53,-0.09378725290298462,0.5181282162666321,2.9611406326293945,981.3671264648438
261544,100,0.46,-0.21901163458824158,0.5000630021095276,1.1575570106506348,411.283203125
261545,100,0.53,-0.018591150641441345,0.47474533319473267,5.209840774536133,359.2301330566406
261546,100,0.5,-0.023189904168248177,0.4545336067676544,3.310650587081909,211.86453247070312
261547,100,0.55,0.006502368021756411,0.42887115478515625,5.018680572509766,543.093505859375
261548,100,0.46,0.11846961826086044,0.4817577302455902,8.772839546203613,994.1458129882812
261549,100,0.49,0.03755485638976097,0.5132874250411987,7.534908294677734,1250.0882568359375
261550,100,0.62,-0.05745765566825867,0.4472421705722809,6.320703506469727,773.6566162109375
261551,100,0.44,-0.1839352548122406,0.5228394865989685,1.6226962804794312,818.6548461914062
261552,100,0.53,-0.019415171816945076,0.5182744264602661,4.743094444274902,1084.28173828125
261553,100,0.51,-0.22635884582996368,0.5718674659729004,1.2514108419418335,1474.6612548828125
261554,100,0.45,0.03640096262097359,0.42859071493148804,4.885250091552734,1418.4935302734375
261555,100,0.41,-0.06927214562892914,0.47156691551208496,4.251519203186035,967.0291748046875
261556,100,0.52,-0.07138661295175552,0.49652114510536194,2.7719292640686035,1209.843994140625
261557,94,0.5531914893617021,0.03001021407544613,0.4666866660118103,6.263900279998779,655.0577392578125
261558,100,0.48,-0.12193318456411362,0.4651002585887909,1.8805862665176392,394.4872131347656
261559,100,0.44,-0.07429531216621399,0.5171284675598145,3.9423348903656006,938.2506103515625
261560,100,0.51,-0.03849119693040848,0.47622910141944885,5.322628021240234,632.1138916015625
261561,100,0.65,0.04766787588596344,0.5501136779785156,6.041672229766846,1019.2518310546875
261562,100,0.53,-0.09136238694190979,0.45129016041755676,2.2667949199676514,1065.41650390625
261563,100,0.52,-0.03869717940688133,0.5545991063117981,3.1837949752807617,856.5933227539062
261564,100,0.51,-0.040063660591840744,0.5021508932113647,3.358982563018799,392.3484191894531
261565,100,0.54,-0.06267138570547104,0.44574442505836487,3.2213926315307617,500.3887939453125
261566,100,0.49,-0.1584714949131012,0.44877979159355164,1.9349076747894287,540.0889892578125
261567,100,0.52,-0.09959390759468079,0.5222525000572205,1.9872612953186035,1450.66064453125
261568,47,0.46808510638297873,0.14424218237400055,0.5363565683364868,3.539522647857666,458.6269836425781
261569,44,0.5454545454545454,0.05556899309158325,0.5714250802993774,5.616791248321533,802.5096435546875
261570,100,0.52,0.06426998972892761,0.4487924575805664,6.561755180358887,548.8877563476562
261571,100,0.55,-0.17856109142303467,0.5342184901237488,1.2306770086288452,682.3165283203125
261572,100,0.44,0.038279421627521515,0.42821425199508667,8.062605857849121,1365.6656494140625
261573,100,0.51,-0.191117525100708,0.5182071328163147,1.517451524734497,1775.73486328125
261574,100,0.57,0.014319735579192638,0.5783849358558655,5.133854866027832,1025.9058837890625
261575,100,0.42,-0.08242804557085037,0.5488144159317017,3.4911680221557617,1141.9498291015625
261576,86,0.5116279069767442,-0.028882132843136787,0.4478738009929657,3.0751192569732666,748.0628662109375
261577,100,0.47,-0.19449785351753235,0.5478036403656006,1.3042482137680054,953.31298828125
261578,100,0.59,-0.014066698029637337,0.5812080502510071,3.6135711669921875,667.5147094726562
261579,50,0.44,-0.018127085641026497,0.4470239281654358,4.267137050628662,1134.8297119140625
261580,100,0.56,-0.051940347999334335,0.5796623826026917,4.141180515289307,787.6637573242188
261581,100,0.49,-0.06475581228733063,0.4904034435749054,3.0788774490356445,802.7579345703125
261582,100,0.48,-0.059287816286087036,0.47295257449150085,3.781754732131958,795.1895141601562
261583,100,0.46,0.0417601577937603,0.547863245010376,6.992232799530029,1195.2745361328125
261584,100,0.49,0.04366558790206909,0.494394451379776,11.892038345336914,841.4991455078125
261585,100,0.48,0.04106690362095833,0.47148752212524414,7.1676716804504395,400.0534362792969
261586,100,0.5,0.013997702859342098,0.5074401497840881,4.42129373550415,819.1124267578125
261587,100,0.56,-0.010572001338005066,0.45271313190460205,5.828161239624023,269.0999450683594
261588,100,0.49,0.026287944987416267,0.4464980363845825,7.651785373687744,1005.9640502929688
261589,100,0.56,-0.14200863242149353,0.5129613280296326,2.4758644104003906,528.1373901367188
261590,100,0.6,-0.026088062673807144,0.4620547294616699,4.0046305656433105,854.210693359375
261591,100,0.5,0.10999226570129395,0.4955594539642334,7.804500579833984,687.48095703125
261592,100,0.48,-0.03011305443942547,0.3984107971191406,5.711798667907715,300.1502990722656
261593,100,0.46,0.0012235083850100636,0.5297823548316956,7.065052032470703,1466.665771484375
261594,40,0.55,-0.05068238079547882,0.5086515545845032,2.1838104724884033,1105.04150390625
261595,10,0.7,-0.521939754486084,0.3293605446815491,0.2800731658935547,649.208740234375
261596,100,0.53,0.07709264010190964,0.4307037889957428,12.01891803741455,648.339111328125
261597,100,0.45,0.10616472363471985,0.4421980679035187,5.1308913230896,300.2578430175781
261598,100,0.5,0.0024731503799557686,0.4788970649242401,4.402312755584717,963.1301879882812
261599,100,0.51,0.005374661181122065,0.4903567135334015,3.290969133377075,1007.3612670898438
261600,100,0.52,0.00561235286295414,0.49655747413635254,4.222733020782471,767.2691650390625
261601,100,0.6,0.005040646996349096,0.5547012686729431,5.948577880859375,363.3209533691406
261602,100,0.47,-0.020917687565088272,0.5483052134513855,4.994317054748535,631.6515502929688
261603,100,0.49,0.09394878149032593,0.5105826258659363,8.736335754394531,1142.891357421875
261604,100,0.45,-0.07487316429615021,0.48970654606819153,2.3603763580322266,524.4526977539062
261605,23,0.6086956521739131,0.45906880497932434,0.4559386670589447,13.343833923339844,582.9266967773438
261606,100,0.49,0.0038054841570556164,0.47563621401786804,4.216607570648193,291.20660400390625
261607,100,0.4,0.19240058958530426,0.49663829803466797,12.510551452636719,916.0263061523438
261608,100,0.45,-0.03603188320994377,0.4804741144180298,5.023543834686279,503.995849609375
261609,100,0.56,-0.1139480397105217,0.49676772952079773,2.189493417739868,531.4907836914062
261610,100,0.46,-0.03736579045653343,0.5027121305465698,2.727818012237549,489.02764892578125
261611,83,0.5542168674698795,-0.08133965730667114,0.5509721040725708,6.1533613204956055,1209.1851806640625
261612,100,0.5,-0.008778381161391735,0.539435625076294,4.464257717132568,651.7526245117188
261613,100,0.5,0.0930011048913002,0.5169637799263,5.945537567138672,370.7640380859375
261614,100,0.52,0.02827330306172371,0.4802151620388031,6.783575534820557,884.9033813476562
261615,100,0.45,0.025227634236216545,0.45602211356163025,6.625521183013916,916.6744384765625
261616,94,0.5212765957446809,0.20851567387580872,0.4451618194580078,13.001282691955566,952.0039672851562
261617,100,0.52,-0.06313668936491013,0.4654630720615387,2.923593759536743,746.9462280273438
261618,100,0.44,-0.12561999261379242,0.4928223788738251,3.0476880073547363,1479.3575439453125
261619,100,0.41,-0.0941486731171608,0.4146226644515991,2.5090436935424805,842.6647338867188
261620,100,0.48,-0.04253325238823891,0.5074808597564697,2.998586654663086,847.993408203125
261621,100,0.57,-0.07288195937871933,0.5119159817695618,2.892169713973999,596.1165161132812
261622,100,0.48,-0.05006517097353935,0.4696868062019348,2.9952232837677,2009.336181640625
261623,100,0.47,0.07593759894371033,0.5349600315093994,9.760076522827148,1340.2210693359375
261624,100,0.59,-0.025616591796278954,0.5914589762687683,3.3662941455841064,305.6318664550781
261625,100,0.4,0.046843647956848145,0.4563356637954712,8.816145896911621,838.4056396484375
261626,100,0.58,0.029010413214564323,0.4068787097930908,4.6525373458862305,1893.68798828125
261627,72,0.4027777777777778,0.054531946778297424,0.5343202948570251,5.598974704742432,953.6755981445312
261628,100,0.49,0.03212607279419899,0.4497179388999939,6.055583477020264,782.2837524414062
261629,100,0.48,0.03835238888859749,0.5589238405227661,5.9897074699401855,865.4273071289062
261630,100,0.52,-0.006425387691706419,0.5764032006263733,5.227334499359131,998.9816284179688
261631,37,0.6486486486486487,0.21967343986034393,0.635587751865387,14.691652297973633,746.6539306640625
261632,100,0.49,-0.08248390257358551,0.5503758192062378,4.579713344573975,668.4815673828125
