scene,steps,move_share,mean_move_param,mean_abs_turn_param,mean_speed_mps,final_distance_to_active_goal_m
250000,100,0.53,0.04027919843792915,0.42969274520874023,6.152307510375977,1244.2159423828125
250001,100,0.47,-0.05357551947236061,0.5337498784065247,5.471224308013916,692.6467895507812
250002,100,0.51,0.07460442185401917,0.4639407992362976,9.43056869506836,718.9498901367188
250003,100,0.54,-0.008171259425580502,0.5664297342300415,4.6874308586120605,1340.1427001953125
250004,47,0.3829787234042553,0.17746202647686005,0.3689597547054291,5.671848297119141,748.0424194335938
250005,100,0.5,0.04701671004295349,0.5062723755836487,6.439981460571289,1244.0728759765625
250006,87,0.5517241379310345,-0.027805641293525696,0.5355512499809265,4.34291410446167,1267.796875
250007,66,0.48484848484848486,0.2710704207420349,0.44920942187309265,18.20598030090332,1997.406005859375
250008,30,0.5,0.018033893778920174,0.42225542664527893,3.4953525066375732,1898.2303466796875
250009,100,0.6,0.02523076720535755,0.4766358733177185,13.381904602050781,748.6372680664062
250010,100,0.55,-0.0003215204633306712,0.4764059782028198,7.6146159172058105,1333.9072265625
250011,100,0.44,-0.020059429109096527,0.48623064160346985,3.6870832443237305,577.4730834960938
250012,44,0.4090909090909091,0.330619215965271,0.6321983337402344,11.286673545837402,439.3141174316406
250013,100,0.46,0.14998610317707062,0.5075381398200989,26.544357299804688,284.3763122558594
250014,100,0.51,-0.18198898434638977,0.5436804890632629,2.89426326751709,1737.3056640625
250015,100,0.42,-0.10903733223676682,0.5528507232666016,3.3841772079467773,1407.0433349609375
250016,100,0.39,0.009979920461773872,0.5365208387374878,9.6923189163208,417.72918701171875
250017,100,0.46,0.015007589012384415,0.5920048356056213,11.016992568969727,1007.4603271484375
250018,100,0.59,0.008736222051084042,0.5128809213638306,5.410271167755127,326.8233947753906
250019,100,0.54,0.0860683023929596,0.5069993734359741,8.395088195800781,586.191162109375
250020,45,0.24444444444444444,-0.1731639951467514,0.554140567779541,1.2789968252182007,1792.9713134765625
250021,84,0.5476190476190477,0.18141832947731018,0.5047283172607422,17.2352294921875,1518.4403076171875
250022,100,0.35,-0.07343627512454987,0.5074736475944519,3.1226837635040283,1527.955078125
250023,100,0.39,-0.027286585420370102,0.5138019323348999,3.5375401973724365,1733.615478515625
250024,100,0.55,0.028969580307602882,0.5549889206886292,8.656970024108887,953.3335571289062
250025,100,0.45,-0.10811201483011246,0.5307732224464417,3.3759217262268066,1354.690673828125
250026,100,0.58,-0.04174819961190224,0.5173298716545105,5.786468982696533,821.1696166992188
250027,98,0.5,-0.0637536272406578,0.6197486519813538,2.8960766792297363,1299.3267822265625
250028,100,0.49,0.041187744587659836,0.5374386310577393,4.366362571716309,1241.990234375
250029,100,0.51,-0.10889443010091782,0.5622580647468567,3.013547897338867,1431.00732421875
250030,100,0.37,0.09868331998586655,0.4968350827693939,10.510878562927246,1551.3155517578125
250031,16,0.4375,0.34660497307777405,0.5944626927375793,3.787320613861084,692.6952514648438
250032,31,0.5161290322580645,0.025987351313233376,0.6658406853675842,3.8764896392822266,1982.4520263671875
250033,100,0.56,-0.12389367818832397,0.5133108496665955,4.245545387268066,874.9442138671875
250034,100,0.43,0.09442504495382309,0.5687141418457031,9.715167999267578,1169.824462890625
250035,100,0.55,0.010636030696332455,0.5531015396118164,6.04083251953125,424.8175354003906
250036,40,0.6,-0.083396315574646,0.504705548286438,5.5909318923950195,695.1062622070312
250037,100,0.49,0.10614348202943802,0.5263526439666748,11.329543113708496,313.882080078125
250038,11,0.2727272727272727,0.24452364444732666,0.42925959825515747,2.1846024990081787,1012.9071655273438
250039,100,0.43,-0.04912373051047325,0.5307573080062866,2.6539177894592285,1130.8587646484375
250040,22,0.6363636363636364,-0.11764109879732132,0.5077501535415649,1.0907663106918335,983.53369140625
250041,100,0.55,-0.12129595130681992,0.4817109704017639,3.45589542388916,1358.8773193359375
250042,100,0.52,-0.0009601712226867676,0.5598219037055969,3.972637414932251,481.3442687988281
250043,100,0.54,-0.0805736556649208,0.48617956042289734,2.8128647804260254,1477.7044677734375
250044,100,0.49,0.01467371080070734,0.4950007498264313,5.396114349365234,216.14236450195312
250045,72,0.5555555555555556,-0.16887810826301575,0.5422601699829102,1.4831390380859375,972.886962890625
250046,100,0.53,-0.007904446683824062,0.5622453689575195,5.1173481941223145,533.2411499023438
250047,60,0.5166666666666667,0.00584258371964097,0.5435722470283508,6.301124095916748,938.3279418945312
250048,100,0.47,0.031950078904628754,0.5137282609939575,10.298138618469238,1210.24169921875
250049,82,0.524390243902439,0.08410864323377609,0.5976417660713196,5.687843322753906,1493.0157470703125
250050,100,0.52,-0.009149865247309208,0.5745270848274231,3.5060901641845703,702.2687377929688
250051,100,0.54,0.0015261854277923703,0.4834396243095398,4.2981858253479,949.9757690429688
250052,100,0.44,-0.04307285696268082,0.5001809000968933,3.2914037704467773,1611.4276123046875
250053,100,0.42,0.035676199942827225,0.5351108312606812,8.831220626831055,441.78955078125
250054,100,0.46,-0.1994650810956955,0.5505255460739136,1.4681810140609741,625.712158203125
250055,41,0.6097560975609756,0.2992658317089081,0.49205607175827026,12.577469825744629,1500.9842529296875
250056,100,0.46,0.003219145815819502,0.4595268666744232,5.553389072418213,686.7301025390625
250057,100,0.54,-0.030681241303682327,0.5395027995109558,4.1260271072387695,1021.7149047851562
250058,46,0.4782608695652174,0.1896892637014389,0.6076828241348267,13.204779624938965,1238.27392578125
250059,100,0.45,-0.07340670377016068,0.5761383771896362,3.559469699859619,1859.5057373046875
250060,49,0.5918367346938775,-0.09345927834510803,0.5383476614952087,1.3998252153396606,1158.2550048828125
250061,100,0.47,-0.0035449317656457424,0.5553798079490662,5.867916107177734,435.14447021484375
250062,36,0.4722222222222222,0.08910387009382248,0.4452344477176666,4.212673187255859,1576.61474609375
250063,100,0.54,0.009478364139795303,0.49798211455345154,4.963100910186768,1498.0262451171875
250064,100,0.48,0.04888071492314339,0.4548294246196747,8.134736061096191,1073.26904296875
250065,100,0.64,0.08593306690454483,0.5482855439186096,10.177720069885254,1179.783935546875
250066,100,0.49,-0.07736413925886154,0.5089282989501953,6.952900409698486,729.5584106445312
250067,100,0.45,-0.07158153504133224,0.48362091183662415,2.9099292755126953,1575.8770751953125
250068,100,0.46,0.03182060644030571,0.504993200302124,7.238337516784668,281.5862731933594
250069,100,0.47,-0.07704614102840424,0.4528068006038666,3.7384119033813477,1106.0623779296875
250070,100,0.58,-0.022504353895783424,0.5476250052452087,8.88680362701416,1068.890625
250071,100,0.45,-0.01970483362674713,0.581238865852356,6.002266883850098,1657.6927490234375
250072,100,0.4,0.05042556673288345,0.5839791893959045,7.881439685821533,682.2139282226562
250073,100,0.43,-0.15819811820983887,0.5349121689796448,2.06607723236084,340.12969970703125
250074,100,0.46,0.08980695903301239,0.4959200322628021,11.405306816101074,1272.520751953125
250075,100,0.52,-0.092287577688694,0.5343924164772034,4.611527919769287,1615.2822265625
250076,100,0.43,0.11887523531913757,0.4916759729385376,16.6635799407959,784.8753051757812
250077,100,0.55,-0.03424084559082985,0.5257184505462646,8.981388092041016,1031.533935546875
250078,100,0.42,-0.0010452071437612176,0.5462243556976318,11.81653118133545,1088.88720703125
250079,100,0.5,0.02094082534313202,0.4939143657684326,10.497057914733887,504.54443359375
250080,100,0.51,-0.08363202214241028,0.5268484950065613,3.8896796703338623,1009.7835083007812
250081,100,0.44,-0.09742485731840134,0.5648980140686035,1.9532361030578613,1150.8873291015625
250082,100,0.54,0.012031292542815208,0.531029224395752,10.69559097290039,1449.130859375
250083,100,0.46,-0.24523420631885529,0.6260654926300049,1.2268255949020386,1297.12744140625
250084,100,0.54,0.042399898171424866,0.5475180745124817,10.668846130371094,895.9981689453125
250085,100,0.45,0.03429511561989784,0.572965681552887,8.297347068786621,475.607177734375
250086,100,0.61,-0.011518554762005806,0.4874516427516937,13.137795448303223,783.7456665039062
250087,100,0.59,0.08232494443655014,0.5100064277648926,8.263411521911621,559.4537353515625
250088,100,0.49,0.011108923703432083,0.5133398175239563,7.994493007659912,1351.131103515625
250089,100,0.43,-0.20838038623332977,0.6217430233955383,2.0218863487243652,633.5823974609375
250090,41,0.4634146341463415,0.27661728858947754,0.48609820008277893,11.681615829467773,1709.9158935546875
250091,100,0.52,-0.009004845283925533,0.559519350528717,4.029695510864258,1560.3018798828125
250092,100,0.51,-0.01627526246011257,0.5338487029075623,3.933638572692871,572.9987182617188
250093,71,0.4788732394366197,0.09371330589056015,0.4264312982559204,9.375075340270996,602.192138671875
250094,100,0.55,-0.05895328149199486,0.4573308825492859,2.372607469558716,1355.1385498046875
250095,97,0.5051546391752577,0.09341035783290863,0.5314427614212036,8.548437118530273,1529.5662841796875
250096,100,0.58,-0.10793672502040863,0.4963500499725342,4.64755916595459,1225.776611328125
250097,100,0.53,-0.009217029437422752,0.46148112416267395,6.1843342781066895,1363.2518310546875
250098,100,0.51,0.0657331719994545,0.5174551010131836,9.53951644897461,1065.447509765625
250099,100,0.51,-0.047215785831213,0.5380169749259949,3.078444719314575,926.9723510742188
250100,100,0.49,0.1575925350189209,0.4642215371131897,14.240043640136719,886.0401611328125
250101,100,0.45,-0.04410789906978607,0.5271943807601929,2.7756359577178955,1548.7369384765625
250102,100,0.51,0.015049125999212265,0.5658186674118042,8.06381607055664,696.078369140625
250103,100,0.49,-0.08231757581233978,0.5398253798484802,3.219564437866211,489.8001708984375
250104,59,0.4067796610169492,0.24722373485565186,0.49771901965141296,11.23427677154541,593.22119140625
250105,100,0.55,0.03991977497935295,0.5620282292366028,10.091519355773926,1797.6097412109375
250106,100,0.58,0.04205027222633362,0.5530818700790405,8.776938438415527,896.1150512695312
250107,24,0.5833333333333334,0.07328551262617111,0.21137635409832,5.140819072723389,1705.763916015625
250108,85,0.4588235294117647,0.04254569858312607,0.520160973072052,3.196486234664917,871.9500122070312
250109,100,0.53,0.09061846882104874,0.5224207639694214,12.646240234375,601.5480346679688
250110,100,0.43,-0.07689874619245529,0.5160931348800659,3.832899808883667,884.4056396484375
250111,100,0.49,0.08349418640136719,0.5613164305686951,13.343344688415527,616.3038330078125
250112,100,0.49,0.06970279663801193,0.5360351800918579,8.390549659729004,1232.5087890625
250113,100,0.55,0.013636310584843159,0.5298033952713013,6.871626377105713,1755.46044921875
250114,100,0.5,-0.12208925932645798,0.4817321002483368,3.616703510284424,388.77313232421875
250115,100,0.48,-0.02488911710679531,0.4872893989086151,6.712995529174805,1007.5081787109375
250116,22,0.5,0.11645800620317459,0.4741077721118927,5.238675117492676,1007.1294555664062
250117,100,0.46,-0.010959998704493046,0.552158772945404,4.057977199554443,1209.20068359375
250118,76,0.5131578947368421,-0.01991107687354088,0.5746455192565918,2.9662091732025146,1313.7344970703125
250119,100,0.44,-0.05235229805111885,0.5085657835006714,3.1149466037750244,893.664794921875
250120,99,0.5454545454545454,0.028224099427461624,0.4885011315345764,9.584187507629395,2488.850830078125
250121,100,0.58,-0.05017027631402016,0.5259888768196106,3.5401902198791504,783.3314819335938
250122,100,0.37,-0.026386942714452744,0.4956551492214203,4.238701343536377,687.9190673828125
250123,50,0.44,0.12193027138710022,0.46178245544433594,4.219974517822266,1588.8065185546875
250124,100,0.58,-0.10163305699825287,0.5030364394187927,2.720395565032959,1403.3697509765625
250125,100,0.5,-0.010369702242314816,0.5334597826004028,7.266053676605225,1669.0582275390625
250126,100,0.51,-0.13275951147079468,0.5591747164726257,3.2521262168884277,1219.858154296875
250127,100,0.48,-0.01603141985833645,0.6090847253799438,4.84382438659668,1134.7098388671875
250128,100,0.52,0.11920183151960373,0.4282778203487396,8.608955383300781,579.181640625
250129,53,0.4339622641509434,0.2380600869655609,0.5524784326553345,12.522209167480469,1244.8701171875
250130,100,0.48,0.12153872102499008,0.5729728937149048,11.551587104797363,966.483642578125
250131,100,0.55,0.05805413797497749,0.5319398045539856,10.474937438964844,1380.0999755859375
250132,100,0.53,-0.013475431129336357,0.44882649183273315,5.593206405639648,1578.8599853515625
250133,100,0.5,0.15485422313213348,0.515378475189209,15.80831527709961,555.1484375
250134,100,0.45,-0.06490303575992584,0.5108693838119507,5.3433966636657715,1764.400634765625
250135,100,0.52,0.1774471402168274,0.5243452191352844,14.874615669250488,447.6343078613281
250136,100,0.43,-0.08425205945968628,0.5465573072433472,2.9665863513946533,1646.8209228515625
250137,100,0.42,-0.09162956476211548,0.48993831872940063,5.04305362701416,729.9510498046875
250138,100,0.5,0.04788631573319435,0.5402147769927979,9.126100540161133,535.7971801757812
250139,100,0.57,0.04197682440280914,0.435334712266922,11.077672004699707,1228.523193359375
250140,100,0.38,-0.016744041815400124,0.5126197934150696,2.8040313720703125,754.9267578125
250141,59,0.5254237288135594,0.016188936308026314,0.5960388779640198,4.316693305969238,870.0408935546875
250142,100,0.53,0.0416661836206913,0.5923919677734375,13.330316543579102,607.2699584960938
250143,100,0.58,-0.022887451574206352,0.47953805327415466,8.749482154846191,983.2674560546875
250144,100,0.51,0.08311400562524796,0.542740523815155,16.44365882873535,727.3436889648438
250145,100,0.52,-0.11641618609428406,0.5537134408950806,2.365849494934082,1069.9266357421875
250146,100,0.47,0.018713196739554405,0.43708813190460205,5.05150032043457,984.6806640625
250147,100,0.45,-0.06280382722616196,0.5492469072341919,4.100709915161133,883.5479736328125
250148,100,0.48,-0.21747644245624542,0.557582676410675,0.7540655732154846,229.59576416015625
250149,100,0.54,0.00978238508105278,0.5019037127494812,9.372658729553223,1035.5667724609375
250150,100,0.53,-0.15695063769817352,0.5272131562232971,1.758701205253601,443.0148010253906
250151,98,0.45918367346938777,0.05264855548739433,0.4679358899593353,10.804825782775879,2008.5511474609375
250152,12,0.5,0.31363293528556824,0.5185055136680603,3.981435775756836,987.633056640625
250153,100,0.5,-0.020370906218886375,0.5460221171379089,4.573945999145508,1024.328125
250154,100,0.55,-0.1148623526096344,0.528121292591095,4.4220170974731445,486.42999267578125
250155,100,0.52,0.0029471791349351406,0.49854204058647156,9.107324600219727,1152.3895263671875
250156,88,0.5113636363636364,-0.09213878959417343,0.5014945268630981,2.346466064453125,1113.4830322265625
250157,100,0.36,-0.12765979766845703,0.4240260720252991,3.6888177394866943,1729.1884765625
250158,35,0.34285714285714286,0.21306855976581573,0.46504920721054077,6.094649791717529,1576.66064453125
250159,100,0.56,0.01324932835996151,0.5499081015586853,8.968342781066895,819.14501953125
250160,100,0.5,0.012027348391711712,0.5555773377418518,11.144318580627441,763.9117431640625
250161,100,0.55,0.09244749695062637,0.5804620385169983,9.577536582946777,528.3328247070312
250162,83,0.5301204819277109,0.06918436288833618,0.5151591897010803,12.753304481506348,1535.1087646484375
250163,100,0.51,-0.09675364196300507,0.5338242650032043,5.5994977951049805,1113.11181640625
250164,45,0.5555555555555556,-0.04046009108424187,0.4891115725040436,3.370344638824463,1157.6121826171875
250165,62,0.5645161290322581,0.06539531797170639,0.5830385684967041,5.695931911468506,1077.9984130859375
250166,100,0.5,-0.050718240439891815,0.4291367828845978,4.385956764221191,466.3089294433594
250167,100,0.48,-0.07696765661239624,0.5464603900909424,2.7763237953186035,1481.3681640625
250168,100,0.51,0.12191585451364517,0.574187159538269,18.393447875976562,881.2951049804688
250169,100,0.53,0.03728039190173149,0.479451447725296,8.522170066833496,709.86669921875
250170,100,0.54,0.013639889657497406,0.5310997366905212,10.937603950500488,1085.763671875
250171,100,0.6,-0.04333094134926796,0.46357735991477966,5.181137561798096,1142.220458984375
250172,100,0.53,-0.047213103622198105,0.5305920243263245,4.5379462242126465,697.2897338867188
250173,100,0.52,-0.05865909904241562,0.5422870516777039,2.4251108169555664,598.6730346679688
250174,100,0.48,-0.09415680915117264,0.6166915893554688,2.2442359924316406,691.216796875
250175,100,0.48,-0.08691737055778503,0.5367182493209839,5.026087284088135,476.8139343261719
250176,100,0.52,0.05478615313768387,0.4514022171497345,9.051819801330566,1129.300048828125
250177,100,0.53,-0.026867421343922615,0.5073316693305969,8.618953704833984,501.553466796875
250178,100,0.57,0.007376454304903746,0.5450374484062195,5.391219615936279,798.4605712890625
250179,100,0.51,-0.11449728161096573,0.5534742474555969,3.599790334701538,939.2813720703125
250180,100,0.47,0.018492188304662704,0.6135393381118774,9.056292533874512,942.8538818359375
250181,100,0.53,-0.06196543574333191,0.49706411361694336,8.735485076904297,1010.8859252929688
250182,100,0.5,0.04146317392587662,0.48972615599632263,9.161825180053711,739.5839233398438
250183,100,0.55,-0.07210405170917511,0.5162853598594666,4.710904121398926,324.77642822265625
250184,100,0.48,-0.06843916326761246,0.5229617953300476,1.966662883758545,1319.41162109375
250185,100,0.5,-0.10242269188165665,0.5643190145492554,3.8596365451812744,827.5679931640625
250186,100,0.52,0.006615119986236095,0.4794361889362335,4.601173400878906,1136.1656494140625
250187,87,0.5287356321839081,0.18958726525306702,0.5467851758003235,21.19705581665039,287.0083312988281
250188,100,0.57,-0.010693960823118687,0.4619412124156952,7.715466499328613,694.080322265625
250189,66,0.4393939393939394,0.11152979731559753,0.4583577811717987,6.419693470001221,1235.624755859375
250190,100,0.48,-0.051339659839868546,0.49314606189727783,2.9456217288970947,1694.7020263671875
250191,99,0.47474747474747475,0.158828005194664,0.4964561462402344,8.278813362121582,958.0608520507812
250192,100,0.49,0.026928607374429703,0.48788174986839294,9.2289400100708,424.7284240722656
250193,100,0.42,-0.15201573073863983,0.4988015592098236,2.1075661182403564,649.5150756835938
250194,100,0.46,-0.009034108370542526,0.5673468112945557,4.225857257843018,1112.3021240234375
250195,100,0.47,-0.04957747831940651,0.46939629316329956,9.188504219055176,642.4813842773438
250196,100,0.53,-0.2538374364376068,0.5217509865760803,2.2139127254486084,737.87744140625
250197,100,0.48,-0.014856825582683086,0.6106615662574768,12.758657455444336,1263.83154296875
250198,100,0.52,-0.001643890398554504,0.47092223167419434,5.170724868774414,879.3233032226562
250199,100,0.47,-0.09098584949970245,0.47858187556266785,2.075624942779541,844.9102172851562
250200,100,0.52,0.046202994883060455,0.4498469829559326,12.772653579711914,810.0570068359375
250201,50,0.48,0.12914645671844482,0.5948633551597595,7.084158420562744,826.1564331054688
250202,100,0.54,-0.08238929510116577,0.49437299370765686,4.262882232666016,723.5714111328125
250203,87,0.45977011494252873,0.040208060294389725,0.48677635192871094,5.93379020690918,1173.6722412109375
250204,100,0.49,-0.04372549057006836,0.4999440610408783,5.344040393829346,1430.7652587890625
250205,100,0.43,-0.038728468120098114,0.4766753017902374,6.034715175628662,747.1050415039062
250206,100,0.46,-0.06614027917385101,0.5350345969200134,2.1902339458465576,1201.9808349609375
250207,100,0.48,-0.08364307880401611,0.6029089093208313,2.7990686893463135,538.3588256835938
250208,33,0.42424242424242425,0.209105983376503,0.6242441534996033,6.599392414093018,883.5149536132812
250209,100,0.54,0.03314942866563797,0.48221418261528015,9.59903335571289,871.3027954101562
250210,100,0.5,0.028674857690930367,0.46786731481552124,11.439549446105957,739.9095458984375
250211,100,0.48,-0.12556754052639008,0.556820809841156,4.540700435638428,1217.549072265625
250212,100,0.46,-0.1021396592259407,0.5496582984924316,2.5735208988189697,672.2521362304688
250213,28,0.5714285714285714,0.02031327784061432,0.6548169255256653,3.2621796131134033,775.1283569335938
250214,100,0.49,-0.0007754017133265734,0.4943905174732208,4.710452079772949,985.1300048828125
250215,100,0.5,-0.10347877442836761,0.5672846436500549,2.7945358753204346,715.64501953125
250216,70,0.5714285714285714,0.03438342735171318,0.5485042929649353,5.178079605102539,1674.435302734375
250217,100,0.51,-0.0522100031375885,0.47065380215644836,4.204796314239502,1083.0086669921875
250218,100,0.48,-0.13762740790843964,0.5176843404769897,4.331547260284424,1003.7557983398438
250219,100,0.52,0.020005227997899055,0.535399317741394,8.177637100219727,1321.7332763671875
250220,100,0.46,-0.004062148742377758,0.5643379092216492,10.794734954833984,207.59780883789062
250221,100,0.49,-0.09702640026807785,0.5046693682670593,2.6592214107513428,1358.8948974609375
250222,27,0.4074074074074074,-0.0167540255934,0.5782655477523804,1.476835012435913,588.7425537109375
250223,100,0.48,-0.030533501878380775,0.5608318448066711,5.705437660217285,1221.112060546875
250224,100,0.58,0.03913820534944534,0.5706084370613098,10.5209321975708,455.02862548828125
250225,100,0.58,-0.129625141620636,0.5292415022850037,3.6042449474334717,1329.18310546875
250226,100,0.59,-0.13588352501392365,0.5790672302246094,2.6212546825408936,1286.918212890625
250227,100,0.55,-0.13229726254940033,0.5523192882537842,2.3535869121551514,245.31031799316406
250228,100,0.52,0.012807006947696209,0.5446925163269043,3.9935388565063477,686.7467651367188
250229,100,0.46,-0.10629763454198837,0.5412193536758423,2.9259705543518066,1275.7734375
250230,100,0.44,-0.07955115288496017,0.5310059785842896,2.254009962081909,1318.4246826171875
250231,100,0.53,-0.20858782529830933,0.5310988426208496,0.8963994383811951,1076.4051513671875
250232,100,0.52,-0.25531622767448425,0.5079994201660156,2.355283737182617,494.8310241699219
250233,100,0.44,-0.04421873390674591,0.5837156176567078,5.759211540222168,1896.1693115234375
250234,18,0.6111111111111112,0.15218910574913025,0.6750500798225403,4.183286190032959,911.569580078125
250235,100,0.57,-0.04240111634135246,0.4302571713924408,4.852686882019043,1430.7938232421875
250236,100,0.52,-0.05064300075173378,0.5350098609924316,4.909969329833984,1168.173095703125
250237,100,0.5,-0.08020534366369247,0.5372378826141357,5.580527305603027,611.91015625
250238,100,0.51,-0.010970951057970524,0.5113644003868103,5.229427337646484,1075.349609375
250239,100,0.55,-0.06762638688087463,0.48394492268562317,2.49912691116333,1642.9884033203125
250240,100,0.52,-0.06673255562782288,0.5561506748199463,8.818697929382324,1087.5999755859375
250241,100,0.52,-0.10638578981161118,0.5180625319480896,2.359055280685425,410.6584777832031
250242,4,0.5,0.46983444690704346,0.4901513457298279,2.5315260887145996,1639.2718505859375
250243,100,0.51,-0.06272194534540176,0.48534077405929565,9.76183795928955,294.3328857421875
250244,100,0.41,-0.04954193904995918,0.5295171737670898,3.599487543106079,839.1696166992188
250245,100,0.52,-0.06504674255847931,0.45354294776916504,4.5941162109375,106.88217163085938
250246,100,0.48,-0.019570255652070045,0.46113845705986023,8.889321327209473,1259.51220703125
250247,99,0.48484848484848486,-0.04369395971298218,0.4976930022239685,8.874403953552246,523.9920043945312
250248,100,0.54,-0.060517363250255585,0.5310279130935669,2.9622161388397217,949.9793090820312
250249,100,0.57,-0.1959943175315857,0.5116064548492432,1.6316455602645874,624.2112426757812
250250,100,0.53,-0.13428279757499695,0.48351702094078064,3.8024630546569824,1214.11181640625
250251,100,0.55,-0.007796306163072586,0.42544353008270264,6.3749895095825195,649.8970947265625
250252,100,0.58,0.01665639691054821,0.4963188171386719,4.8739399909973145,1197.124755859375
250253,100,0.48,-0.2194780707359314,0.5189218521118164,1.3763121366500854,835.185302734375
250254,22,0.5,-0.08862833678722382,0.6269635558128357,0.6188069581985474,754.7594604492188
250255,100,0.53,-0.06447147578001022,0.49803856015205383,4.842107772827148,1146.3624267578125
250256,6,0.8333333333333334,0.4222678542137146,0.894058346748352,4.160371780395508,1558.3592529296875
250257,100,0.49,-0.2485608011484146,0.4867289364337921,1.299277663230896,731.94677734375
250258,75,0.6,-0.18322348594665527,0.5176105499267578,2.4175405502319336,1661.4989013671875
250259,100,0.56,-0.09318073093891144,0.5247989892959595,2.281337261199951,1051.9617919921875
250260,100,0.46,-0.10917901992797852,0.5628909468650818,2.916666269302368,584.4847412109375
250261,100,0.47,-0.11866375803947449,0.5730652809143066,2.996201753616333,960.432373046875
250262,100,0.33,-0.19380947947502136,0.5862377882003784,2.1604526042938232,229.855712890625
250263,82,0.573170731707317,0.03920302540063858,0.5123808979988098,9.01679801940918,1515.5452880859375
250264,100,0.52,-0.14246514439582825,0.5351285338401794,2.043339729309082,1113.5899658203125
250265,100,0.61,-0.18400537967681885,0.567072331905365,3.579726457595825,953.2088623046875
250266,100,0.41,-0.12143602967262268,0.4635947048664093,2.6943390369415283,504.3503723144531
250267,100,0.5,0.009270507842302322,0.564831018447876,5.7176971435546875,1063.931640625
250268,100,0.49,-0.15140223503112793,0.4806612730026245,3.002884864807129,1266.6417236328125
250269,100,0.56,-0.1274728924036026,0.5877800583839417,1.9954322576522827,1358.94384765625
250270,100,0.49,-0.16239027678966522,0.5060872435569763,2.304905652999878,1243.0623779296875
250271,100,0.44,0.08336908370256424,0.5246397852897644,7.538434028625488,1725.248779296875
250272,100,0.36,-0.1223071962594986,0.5024085640907288,1.567025899887085,820.8695068359375
250273,100,0.44,-0.06957625597715378,0.4756763279438019,2.6007442474365234,468.54547119140625
250274,100,0.48,-0.15892243385314941,0.4773477017879486,4.868668079376221,1533.680419921875
250275,100,0.42,-0.19448868930339813,0.5631263852119446,3.270932197570801,716.0277099609375
250276,34,0.6176470588235294,0.18195460736751556,0.4571616053581238,8.827827453613281,1501.66357421875
250277,65,0.5846153846153846,-0.03507322445511818,0.5681149363517761,2.295656681060791,1423.202880859375
250278,100,0.46,-0.13372910022735596,0.5247448682785034,2.57949161529541,327.43182373046875
250279,100,0.47,-0.18616843223571777,0.4945279359817505,1.6407073736190796,664.9505004882812
250280,100,0.37,-0.15518386662006378,0.5777043700218201,2.102160930633545,549.3702392578125
250281,100,0.51,-0.1664954125881195,0.4792490303516388,2.099839210510254,1207.0123291015625
250282,100,0.52,-0.2608998715877533,0.4857157766819,1.7259244918823242,1224.035400390625
250283,100,0.5,-0.11399132013320923,0.4778316617012024,1.7845345735549927,1033.7091064453125
250284,100,0.49,-0.1750234067440033,0.45480087399482727,1.0847783088684082,197.13255310058594
250285,91,0.5824175824175825,0.1112508624792099,0.5407550930976868,12.567745208740234,1435.3211669921875
250286,100,0.5,-0.24431222677230835,0.5075972080230713,1.2645469903945923,537.7227172851562
250287,100,0.54,-0.12221385538578033,0.5371019244194031,3.1421210765838623,693.0841064453125
250288,100,0.56,-0.2031172662973404,0.4725244343280792,1.4249262809753418,745.2353515625
250289,100,0.54,-0.20956844091415405,0.4963065981864929,2.0070528984069824,1322.9449462890625
250290,100,0.5,-0.19583666324615479,0.5352308750152588,1.1073139905929565,615.0621948242188
250291,100,0.46,-0.1479412317276001,0.4799553453922272,1.909761905670166,1811.8421630859375
250292,100,0.47,-0.03572409227490425,0.5543859601020813,3.643526077270508,871.23828125
250293,100,0.49,-0.08504994213581085,0.5288422703742981,2.5222744941711426,828.5535278320312
250294,100,0.5,-0.13980215787887573,0.5560926795005798,1.723463773727417,1448.553955078125
250295,100,0.52,-0.11710801720619202,0.47139787673950195,3.620333194732666,987.4237670898438
250296,100,0.51,-0.21726109087467194,0.49106013774871826,2.208474636077881,982.42041015625
250297,37,0.5135135135135135,0.09110604971647263,0.5174463391304016,4.598462104797363,1340.342529296875
250298,100,0.5,-0.15918928384780884,0.5294560790061951,3.4674062728881836,960.8668823242188
250299,100,0.5,-0.07099717110395432,0.5067030191421509,6.231970310211182,936.3154907226562
250300,100,0.5,-0.160078227519989,0.5266591906547546,3.2704684734344482,1470.0450439453125
250301,100,0.4,-0.16762825846672058,0.5553075075149536,2.8109130859375,1207.6761474609375
250302,100,0.42,-0.09162043035030365,0.559364914894104,5.5611724853515625,181.5636749267578
250303,100,0.45,0.021031618118286133,0.4979943335056305,9.37213134765625,1064.6319580078125
250304,29,0.41379310344827586,0.1019173339009285,0.5023183226585388,4.977121829986572,1289.9766845703125
250305,11,0.36363636363636365,0.046406202018260956,0.4270535409450531,1.9323070049285889,1929.3790283203125
250306,100,0.46,-0.22394444048404694,0.5203166604042053,1.3041653633117676,1446.837646484375
250307,85,0.49411764705882355,0.0149379912763834,0.46778005361557007,6.21928071975708,1311.2137451171875
250308,100,0.49,-0.24122098088264465,0.6159076690673828,1.4680428504943848,1019.802001953125
250309,100,0.62,-0.21182742714881897,0.5654388070106506,2.3853044509887695,1427.1512451171875
250310,100,0.46,-0.2127663642168045,0.5918716788291931,1.7446964979171753,1406.7606201171875
250311,100,0.48,-0.10796532779932022,0.5109425783157349,1.4356887340545654,686.2591552734375
250312,8,0.5,0.24059370160102844,0.24679750204086304,1.5330891609191895,873.7335815429688
250313,100,0.62,-0.12330634146928787,0.4099820852279663,2.1087050437927246,1042.458984375
250314,25,0.4,0.0726730152964592,0.5689951777458191,1.9072470664978027,762.6939697265625
250315,100,0.45,-0.20676366984844208,0.5527595281600952,1.0131529569625854,1002.8956909179688
250316,100,0.52,-0.13332484662532806,0.4368051290512085,2.5343315601348877,867.8291015625
250317,100,0.53,-0.21346691250801086,0.5190263986587524,1.8640257120132446,1319.2333984375
250318,100,0.49,-0.16611365973949432,0.576711118221283,1.416405439376831,1401.8670654296875
250319,100,0.41,-0.3066573143005371,0.5253127813339233,1.0779346227645874,710.1973876953125
250320,49,0.5102040816326531,-0.11909860372543335,0.49315622448921204,2.9418911933898926,967.3438110351562
250321,100,0.48,-0.262448251247406,0.4985467791557312,0.6602237224578857,736.7706298828125
250322,100,0.61,-0.051508598029613495,0.530619740486145,8.529898643493652,1528.4398193359375
250323,100,0.53,-0.20793993771076202,0.5264984369277954,1.6796170473098755,1434.4476318359375
250324,100,0.53,-0.03767460584640503,0.5338813066482544,5.855230808258057,928.3170166015625
250325,100,0.54,-0.16685818135738373,0.5530882477760315,1.8827948570251465,2224.95947265625
250326,100,0.41,-0.14819718897342682,0.5080541968345642,5.705056190490723,1247.9967041015625
250327,19,0.6842105263157895,0.24687084555625916,0.45563316345214844,6.02803373336792,682.7377319335938
250328,100,0.52,0.002633041003718972,0.4867526590824127,10.747042655944824,299.1534118652344
250329,100,0.46,-0.02660805732011795,0.5036355257034302,7.375352382659912,605.6477661132812
250330,75,0.4533333333333333,0.3855047821998596,0.5147204399108887,21.739547729492188,1132.5191650390625
250331,100,0.46,-0.16144689917564392,0.5195536017417908,2.0330474376678467,1170.3448486328125
250332,100,0.45,-0.34728318452835083,0.5353474617004395,2.667468786239624,1732.0618896484375
250333,100,0.48,-0.12258569151163101,0.5123326778411865,3.684460401535034,431.11602783203125
250334,100,0.46,-0.23724040389060974,0.509308397769928,2.5742909908294678,845.0003051757812
250335,100,0.57,-0.16237540543079376,0.5120622515678406,2.4457435607910156,797.1534423828125
250336,100,0.42,-0.34333664178848267,0.472385048866272,0.8068078756332397,1021.093994140625
250337,100,0.45,-0.2706308960914612,0.4806506633758545,2.143608331680298,506.67034912109375
250338,100,0.48,-0.4017886221408844,0.5349100828170776,0.7669001817703247,979.4834594726562
250339,100,0.5,-0.29126468300819397,0.526332676410675,1.122058391571045,1029.432373046875
250340,100,0.37,-0.21650035679340363,0.562131404876709,1.6767653226852417,566.7463989257812
250341,100,0.5,-0.28396520018577576,0.5393157005310059,0.8896328210830688,370.9883117675781
250342,100,0.52,-0.13454312086105347,0.46281060576438904,2.912605047225952,596.9017333984375
250343,100,0.39,-0.1773025095462799,0.6274049282073975,1.5165897607803345,363.85504150390625
250344,100,0.47,-0.24846844375133514,0.5622744560241699,1.0801455974578857,569.8720703125
250345,100,0.52,-0.06381633877754211,0.5018678903579712,6.201791763305664,368.88201904296875
250346,100,0.46,-0.23034033179283142,0.47840118408203125,1.8536585569381714,200.55093383789062
250347,100,0.41,-0.4039475917816162,0.5462704300880432,0.5536619424819946,515.1679077148438
250348,100,0.49,-0.27024906873703003,0.4865327775478363,1.2983219623565674,1172.134033203125
250349,100,0.52,-0.268172949552536,0.5148777961730957,1.000699520111084,655.0728149414062
250350,100,0.52,-0.22321297228336334,0.49730154871940613,1.5865005254745483,1428.1903076171875
250351,100,0.55,-0.012965282425284386,0.5693170428276062,11.456604957580566,348.88800048828125
250352,100,0.58,-0.151072695851326,0.5681354999542236,1.6056458950042725,1344.0506591796875
250353,100,0.55,-0.1602625548839569,0.5704325437545776,2.4800221920013428,1308.04296875
250354,100,0.53,-0.11453945189714432,0.5083271861076355,5.007667541503906,519.8126831054688
250355,79,0.4936708860759494,0.16032862663269043,0.45490074157714844,12.4486083984375,1520.0504150390625
250356,100,0.5,-0.14265431463718414,0.5100545287132263,4.154051303863525,514.3262939453125
250357,55,0.5272727272727272,-0.033689290285110474,0.5355297327041626,4.029842376708984,376.60357666015625
250358,100,0.53,-0.24033460021018982,0.47390395402908325,6.79684591293335,859.7398071289062
250359,100,0.55,-0.2506163418292999,0.4879588186740875,0.9136379957199097,883.5443115234375
250360,72,0.5138888888888888,-0.1440216451883316,0.4743879735469818,4.408303260803223,1294.628662109375
250361,100,0.61,-0.0875648558139801,0.583796501159668,4.744255065917969,1099.9068603515625
250362,100,0.53,-0.10935670882463455,0.4441351890563965,2.932918071746826,421.0192565917969
250363,11,0.6363636363636364,0.1773851215839386,0.6634766459465027,4.564596652984619,1495.7789306640625
250364,14,0.5714285714285714,0.3898756802082062,0.41388335824012756,4.37335729598999,1055.2952880859375
250365,15,0.5333333333333333,0.12572836875915527,0.4366185665130615,2.0425493717193604,1202.4571533203125
250366,43,0.6046511627906976,0.14588488638401031,0.47475820779800415,10.850531578063965,1805.8594970703125
250367,69,0.4782608695652174,0.36771872639656067,0.4667143225669861,26.293811798095703,373.83282470703125
250368,60,0.6166666666666667,0.309098482131958,0.5114272236824036,22.148408889770508,886.1248168945312
250369,100,0.52,0.05844709649682045,0.5145537853240967,15.889222145080566,711.6508178710938
250370,100,0.52,-0.21577642858028412,0.5049147009849548,1.959815263748169,1096.2596435546875
250371,100,0.53,-0.2053098827600479,0.48596328496932983,2.1017894744873047,940.1890869140625
250372,100,0.54,-0.27600133419036865,0.5333529710769653,1.0878870487213135,1407.249755859375
250373,49,0.5714285714285714,0.23797976970672607,0.43280091881752014,12.399394035339355,1195.638916015625
250374,100,0.51,-0.02806026116013527,0.5254760384559631,6.510131359100342,1080.50732421875
250375,100,0.52,-0.12339574843645096,0.531846821308136,4.162250995635986,686.836181640625
250376,84,0.5833333333333334,0.21820175647735596,0.5700368881225586,23.200876235961914,1814.37109375
250377,23,0.34782608695652173,-0.02694939821958542,0.5310666561126709,1.0719918012619019,1576.3515625
250378,76,0.4342105263157895,0.3323573172092438,0.4963027238845825,21.734947204589844,1864.4630126953125
250379,100,0.48,-0.2025843858718872,0.4798598885536194,2.9715325832366943,1483.497314453125
250380,100,0.52,0.047323763370513916,0.5336960554122925,13.649341583251953,1179.7696533203125
250381,100,0.59,-0.40868058800697327,0.48606178164482117,0.4434429407119751,719.1970825195312
250382,100,0.46,0.043635644018650055,0.5649797916412354,20.719493865966797,716.6076049804688
250383,100,0.48,-0.13385342061519623,0.5348175764083862,2.1963675022125244,642.8145141601562
250384,21,0.6666666666666666,0.04003391042351723,0.6792083382606506,2.6811885833740234,1367.7015380859375
250385,100,0.45,0.16961447894573212,0.49877139925956726,21.641590118408203,848.3994140625
250386,100,0.48,-0.2980283796787262,0.5368190407752991,0.9140342473983765,635.156005859375
250387,100,0.46,-0.180055633187294,0.497734397649765,2.2644410133361816,808.702880859375
250388,15,0.5333333333333333,0.49458277225494385,0.503433346748352,7.975434303283691,1515.6859130859375
250389,100,0.54,-0.24877163767814636,0.515179455280304,2.4471306800842285,852.7278442382812
250390,63,0.5873015873015873,0.06274869292974472,0.4367607533931732,11.107985496520996,1729.2742919921875
250391,100,0.47,0.04569687694311142,0.4429095983505249,15.14684772491455,789.3447875976562
250392,100,0.5,-0.23488546907901764,0.4876903295516968,1.782859444618225,1466.7362060546875
250393,100,0.49,-0.31349852681159973,0.5378983616828918,1.3128482103347778,1456.2860107421875
250394,100,0.45,-0.2371557652950287,0.5732169151306152,1.6565580368041992,850.4804077148438
250395,100,0.61,0.1267448365688324,0.523891806602478,28.26150894165039,890.6613159179688
250396,100,0.53,-0.17635205388069153,0.4495462477207184,2.056077241897583,1064.5069580078125
250397,100,0.49,-0.11745888739824295,0.4527526795864105,1.9851597547531128,657.3985595703125
250398,50,0.62,0.3513422906398773,0.4740161895751953,22.07738494873047,1361.596923828125
250399,100,0.5,-0.31249454617500305,0.5041420459747314,2.1415703296661377,994.9574584960938
250400,37,0.6216216216216216,0.3713047206401825,0.49134358763694763,17.504119873046875,1728.0792236328125
250401,38,0.5526315789473685,0.07849408686161041,0.5526628494262695,5.424450874328613,1629.115966796875
250402,100,0.55,-0.23702490329742432,0.4947056770324707,1.7316745519638062,1242.812255859375
250403,20,0.85,0.22214803099632263,0.38982143998146057,10.07288646697998,1362.264892578125
250404,100,0.53,-0.16025525331497192,0.5924922227859497,2.8432276248931885,1099.8323974609375
250405,100,0.57,-0.33195430040359497,0.5163101553916931,0.8920356631278992,1226.600341796875
250406,37,0.43243243243243246,0.11109549552202225,0.5581446290016174,4.692642688751221,1050.721435546875
250407,100,0.46,-0.1399337202310562,0.5880696177482605,1.0824308395385742,1237.5120849609375
250408,100,0.5,-0.28761398792266846,0.5784458518028259,1.3391839265823364,1579.0712890625
250409,100,0.45,-0.07003911584615707,0.4516349732875824,2.9844372272491455,1206.9739990234375
250410,100,0.51,-0.04036324471235275,0.4503958523273468,6.02741813659668,1069.431640625
250411,100,0.5,-0.24927541613578796,0.5419458746910095,1.3149611949920654,599.9566650390625
250412,100,0.49,-0.13262635469436646,0.5765789747238159,3.0632245540618896,1083.389404296875
250413,100,0.53,-0.19124889373779297,0.4853816032409668,3.3320577144622803,244.90293884277344
250414,100,0.56,-0.15421584248542786,0.4369257986545563,6.6428656578063965,867.6445922851562
250415,57,0.7192982456140351,0.3155006170272827,0.4650942087173462,27.090370178222656,1951.069091796875
250416,41,0.34146341463414637,0.28169453144073486,0.45163702964782715,10.570383071899414,1187.7076416015625
250417,46,0.6304347826086957,0.1333046406507492,0.5678424835205078,7.976522922515869,1879.040771484375
250418,100,0.46,-0.18630193173885345,0.4886813461780548,2.3048853874206543,856.29736328125
250419,100,0.55,-0.03483238071203232,0.5370584726333618,6.020388126373291,767.7167358398438
250420,100,0.43,-0.10330405086278915,0.49522870779037476,4.675690650939941,879.1747436523438
250421,100,0.5,-0.22004054486751556,0.4488285481929779,1.2911744117736816,1190.6763916015625
250422,100,0.45,0.0937066301703453,0.5578922033309937,19.490585327148438,125.35597229003906
250423,100,0.47,-0.06989636272192001,0.5428216457366943,5.284799098968506,1744.744384765625
250424,95,0.5368421052631579,0.5129024386405945,0.5077741146087646,29.3252010345459,1195.793212890625
250425,100,0.47,-0.067257359623909,0.5150862336158752,4.8867292404174805,198.8114013671875
250426,55,0.6,0.3432176411151886,0.5131967067718506,20.371788024902344,1241.206298828125
250427,100,0.52,-0.24419647455215454,0.5271642804145813,2.408992290496826,1151.132080078125
250428,100,0.53,-0.14338278770446777,0.4687984883785248,6.327805995941162,1229.272216796875
250429,100,0.48,-0.12028723955154419,0.4906046688556671,4.747918605804443,1595.4461669921875
250430,100,0.62,-0.25542086362838745,0.5311922430992126,2.334057092666626,1294.5655517578125
250431,100,0.51,-0.03909371793270111,0.4371163249015808,10.357874870300293,1415.17626953125
250432,100,0.54,-0.19076098501682281,0.5015127062797546,2.5630080699920654,1161.6878662109375
250433,100,0.52,-0.15958601236343384,0.506650447845459,4.449522972106934,1394.531005859375
250434,100,0.46,-0.20524370670318604,0.5371085405349731,3.2089757919311523,775.8126220703125
250435,100,0.47,-0.17421825230121613,0.45294782519340515,2.5718331336975098,1389.2899169921875
250436,61,0.6885245901639344,0.43778711557388306,0.6033940315246582,28.276506423950195,768.33251953125
250437,100,0.54,-0.1666281521320343,0.4748239815235138,3.4562313556671143,656.4486694335938
250438,100,0.53,-0.03624666854739189,0.4436190724372864,10.120352745056152,706.4517822265625
250439,7,0.5714285714285714,-0.012898728251457214,0.584566056728363,0.6564375162124634,1470.6722412109375
250440,100,0.45,-0.08979920297861099,0.45797306299209595,3.4086880683898926,1024.287109375
250441,100,0.46,-0.14897003769874573,0.5099353790283203,9.106695175170898,1362.5731201171875
250442,100,0.62,-0.2741757929325104,0.5006203651428223,2.5080738067626953,584.83251953125
250443,100,0.53,0.024890054017305374,0.5294399857521057,14.655308723449707,1052.1441650390625
250444,100,0.41,-0.2958810329437256,0.5179423689842224,1.4541059732437134,1551.60986328125
250445,100,0.46,-0.3274291753768921,0.5580533742904663,0.7913234233856201,1036.1483154296875
250446,100,0.52,-0.13036338984966278,0.524203360080719,5.20014762878418,1055.780029296875
250447,100,0.5,-0.058137521147727966,0.4713652431964874,3.6863715648651123,1916.8558349609375
250448,100,0.57,-0.22661472856998444,0.5459914803504944,1.7095190286636353,516.140869140625
250449,100,0.47,-0.1159813329577446,0.5462551712989807,3.0202279090881348,1459.83984375
250450,100,0.47,-0.022745562717318535,0.5049504041671753,13.813880920410156,401.0295104980469
250451,100,0.36,-0.10101918876171112,0.4746645987033844,6.142630100250244,1136.8162841796875
250452,100,0.46,-0.22420932352542877,0.48856937885284424,1.649572730064392,405.0722351074219
250453,100,0.46,-0.2877947688102722,0.4687421917915344,1.0436064004898071,768.576416015625
250454,100,0.52,-0.2898958921432495,0.5402358174324036,0.8952740430831909,407.78436279296875
250455,100,0.55,-0.1495412439107895,0.5110617280006409,2.184147357940674,552.263671875
250456,100,0.54,-0.09368813782930374,0.458036333322525,7.67669677734375,1058.943603515625
250457,100,0.6,-0.015990400686860085,0.607408881187439,24.10614013671875,544.3929443359375
250458,100,0.48,-0.1416851133108139,0.6164491176605225,3.220925807952881,701.17431640625
250459,100,0.51,-0.03656741604208946,0.5079776048660278,8.403478622436523,789.6575317382812
250460,100,0.52,-0.053917981684207916,0.583427369594574,11.273847579956055,1092.2158203125
250461,100,0.44,-0.08640081435441971,0.5248914957046509,4.381280899047852,554.265380859375
250462,7,0.5714285714285714,0.5422941446304321,0.6318970322608948,3.9035632610321045,1239.963134765625
250463,100,0.44,-0.09249676018953323,0.4420975148677826,4.001133918762207,735.2714233398438
250464,100,0.55,-0.21832971274852753,0.5581496357917786,1.6661689281463623,940.5697631835938
250465,100,0.57,-0.16843131184577942,0.41417503356933594,2.491847276687622,1353.2459716796875
250466,21,0.2857142857142857,0.4096580743789673,0.4955849349498749,4.9283833503723145,645.8003540039062
250467,100,0.56,-0.08676277101039886,0.4730341136455536,5.688007831573486,898.2474365234375
250468,19,0.5263157894736842,0.1978994607925415,0.3362000286579132,5.9109272956848145,655.7528076171875
250469,100,0.61,-0.1495906114578247,0.48969078063964844,3.5105152130126953,812.7197265625
250470,100,0.44,-0.10695993155241013,0.4974372088909149,3.637530565261841,1466.619873046875
250471,100,0.56,-0.1144493818283081,0.5011641383171082,10.078929901123047,1126.405029296875
250472,100,0.44,-0.06954363733530045,0.5212228894233704,3.2919204235076904,1298.6610107421875
250473,100,0.56,-0.13646401464939117,0.4950348734855652,6.046759128570557,1828.183837890625
250474,100,0.52,-0.17581525444984436,0.512628972530365,3.3771450519561768,1512.7874755859375
250475,100,0.47,-0.04406914487481117,0.4556357264518738,4.109152317047119,1326.574951171875
250476,100,0.55,-0.029109301045536995,0.5237416625022888,9.116853713989258,959.5042724609375
250477,100,0.48,-0.008416444063186646,0.5458526611328125,9.0469331741333,911.9302368164062
250478,100,0.56,-0.24792292714118958,0.5165576338768005,2.199207067489624,1197.564453125
250479,100,0.47,-0.1642773151397705,0.4962570369243622,2.216809034347534,1315.02783203125
250480,100,0.59,-0.06478516012430191,0.5139788389205933,6.4578680992126465,832.2695922851562
250481,100,0.52,-0.014597076922655106,0.5182536840438843,16.830656051635742,838.0507202148438
250482,100,0.57,-0.15242715179920197,0.5311535596847534,3.256415367126465,1116.5457763671875
250483,100,0.55,-0.19772498309612274,0.498214989900589,3.458732843399048,274.1483154296875
250484,100,0.53,-0.09410247951745987,0.4398908019065857,6.318069934844971,1321.213623046875
250485,100,0.51,-0.11612176150083542,0.48779425024986267,3.8027448654174805,803.0626220703125
250486,100,0.45,-0.15656867623329163,0.5561280250549316,4.106568336486816,304.26617431640625
250487,100,0.49,-0.2817723751068115,0.450031578540802,1.287050485610962,380.3667907714844
250488,100,0.5,-0.041715364903211594,0.44079533219337463,12.985740661621094,724.2708740234375
250489,100,0.55,-0.21386708319187164,0.4881420135498047,1.1318455934524536,1078.658203125
250490,100,0.53,-0.13723361492156982,0.46232613921165466,1.4118690490722656,857.5713500976562
250491,100,0.47,-0.07459276914596558,0.4388220012187958,5.152880668640137,1033.659912109375
250492,100,0.5,-0.19145196676254272,0.49381038546562195,1.6416751146316528,1153.05322265625
250493,100,0.5,-0.15406374633312225,0.5156940221786499,1.6155848503112793,701.0010375976562
250494,100,0.6,-0.03464079648256302,0.5770872831344604,4.735209941864014,412.6539001464844
250495,100,0.56,-0.09833579510450363,0.5898569226264954,2.412806510925293,460.2842712402344
250496,100,0.47,-0.02829587273299694,0.5494641661643982,5.609929084777832,668.9413452148438
250497,100,0.56,-0.08239928632974625,0.4750709533691406,3.4332141876220703,1615.8958740234375
250498,26,0.4230769230769231,0.2663297951221466,0.6402601599693298,8.361763954162598,832.754150390625
250499,100,0.44,-0.09241948276758194,0.5010961890220642,2.702901601791382,695.5033569335938
250500,100,0.54,-0.004043562337756157,0.6372238993644714,11.183184623718262,1140.5460205078125
250501,100,0.58,-0.05115317553281784,0.47967249155044556,3.526735782623291,1600.150146484375
250502,100,0.46,-0.09760677069425583,0.4220956563949585,3.3194282054901123,926.4711303710938
250503,70,0.4857142857142857,0.012088041752576828,0.5070322155952454,4.466081619262695,890.162841796875
250504,100,0.44,-0.12440896779298782,0.5594228506088257,1.9786193370819092,1069.7821044921875
250505,100,0.54,-0.01635705679655075,0.4880369305610657,10.756403923034668,1659.7437744140625
250506,100,0.48,-0.08908203989267349,0.45907485485076904,3.0106329917907715,102.3205795288086
250507,100,0.48,-0.07351464778184891,0.5588071346282959,3.1763031482696533,1218.3369140625
250508,100,0.54,-0.16631895303726196,0.5278547406196594,2.202677011489868,639.6644287109375
250509,46,0.43478260869565216,0.04672442749142647,0.5615149736404419,5.50921106338501,1085.4639892578125
250510,100,0.62,-0.07211679220199585,0.49169182777404785,4.804711818695068,291.6993713378906
250511,100,0.51,-0.07672270387411118,0.40621134638786316,4.482364654541016,750.8538818359375
250512,51,0.5098039215686274,0.1781802922487259,0.48382723331451416,10.075400352478027,1086.2781982421875
250513,100,0.54,-0.0120921079069376,0.492959588766098,7.193337917327881,1062.8074951171875
250514,100,0.41,0.012535225600004196,0.45526427030563354,9.646045684814453,1009.02880859375
250515,100,0.53,-0.14648564159870148,0.44177523255348206,7.027332782745361,522.1171264648438
250516,100,0.53,-0.03448896482586861,0.4480150043964386,18.279020309448242,832.7715454101562
250517,100,0.49,-0.11005637049674988,0.5114336609840393,5.0271525382995605,104.14337158203125
250518,100,0.44,-0.2307419776916504,0.5168867707252502,1.0269140005111694,916.035888671875
250519,100,0.46,-0.006437582895159721,0.49933433532714844,8.285147666931152,552.3821411132812
250520,100,0.46,-0.019789405167102814,0.5565425157546997,5.824389457702637,1109.7640380859375
250521,100,0.59,-0.09066957235336304,0.46252182126045227,3.3182554244995117,1872.5257568359375
250522,100,0.44,-0.1344589740037918,0.4323647618293762,2.055659532546997,504.33642578125
250523,100,0.44,-0.048386916518211365,0.4773883521556854,3.596423387527466,1052.14892578125
250524,43,0.46511627906976744,0.06528224050998688,0.557880163192749,8.692442893981934,1731.7091064453125
250525,100,0.47,-0.042653195559978485,0.5376253724098206,4.175452709197998,524.8973388671875
250526,100,0.56,-0.05080194026231766,0.5037106871604919,3.0825133323669434,983.28271484375
250527,100,0.57,-0.07153886556625366,0.4457291066646576,6.113572597503662,1466.875
250528,100,0.53,0.008165237493813038,0.5228610634803772,5.887054920196533,524.0205688476562
250529,100,0.61,-0.06116470322012901,0.5287954211235046,5.779706001281738,924.0198974609375
250530,25,0.52,0.29725801944732666,0.58753901720047,5.939682483673096,785.314453125
250531,40,0.45,0.36096876859664917,0.5217516422271729,14.305656433105469,147.2147674560547
250532,100,0.52,-0.12619860470294952,0.515087902545929,2.0335090160369873,952.0983276367188
250533,100,0.39,-0.08777094632387161,0.550873875617981,4.515717029571533,486.4560241699219
250534,100,0.54,0.03313286975026131,0.4476163387298584,15.811474800109863,687.9465942382812
250535,100,0.47,0.09571512043476105,0.5064771175384521,20.864774703979492,1315.4593505859375
250536,28,0.5,0.44581422209739685,0.6321878433227539,11.89575481414795,1736.3262939453125
250537,100,0.53,-0.021646160632371902,0.5136513113975525,12.494772911071777,576.8944702148438
250538,8,0.5,0.3231426179409027,0.48730719089508057,3.3271751403808594,2019.9613037109375
250539,100,0.43,0.07327147573232651,0.5213750600814819,11.869490623474121,389.0743408203125
250540,100,0.54,-0.15515871345996857,0.41431647539138794,4.1970343589782715,727.564208984375
250541,42,0.40476190476190477,-0.12142486870288849,0.52004075050354,2.1436495780944824,1048.9931640625
250542,64,0.609375,0.13479019701480865,0.5427162051200867,17.284948348999023,441.9671325683594
250543,100,0.48,-0.1919187754392624,0.4966948926448822,1.8184139728546143,1052.1455078125
250544,100,0.48,-0.2789859175682068,0.5161171555519104,2.118320941925049,1387.3990478515625
250545,100,0.42,-0.0641557052731514,0.5293760895729065,4.544353485107422,356.27044677734375
250546,100,0.56,-0.062357235699892044,0.5808621048927307,3.1201794147491455,1046.66796875
250547,100,0.42,-0.1813097447156906,0.5394677519798279,3.515444278717041,1467.0904541015625
250548,100,0.55,-0.13462191820144653,0.42389243841171265,2.1272575855255127,1493.2470703125
250549,17,0.5294117647058824,0.29736626148223877,0.5669046640396118,7.4695048332214355,1587.0343017578125
250550,10,0.6,0.3477281332015991,0.3548930287361145,5.925198554992676,1198.6890869140625
250551,70,0.5285714285714286,0.04495328664779663,0.47045865654945374,6.3051629066467285,523.0025024414062
250552,100,0.59,-0.07687302678823471,0.5338255763053894,4.66776180267334,660.3904418945312
250553,100,0.54,-0.04375440627336502,0.4863883852958679,7.150279521942139,1507.9464111328125
250554,26,0.4230769230769231,0.3294924199581146,0.6196787357330322,3.5733587741851807,1344.351318359375
250555,100,0.5,-0.05588984116911888,0.5413749814033508,8.934937477111816,1250.415771484375
250556,100,0.55,-0.12767335772514343,0.4615781903266907,3.407480239868164,1318.60107421875
250557,63,0.49206349206349204,0.22529153525829315,0.5101505517959595,17.815689086914062,555.4142456054688
250558,100,0.49,-0.1956063061952591,0.48122718930244446,2.8048386573791504,1883.8544921875
250559,47,0.5319148936170213,0.021856464445590973,0.5307865738868713,7.371864318847656,1027.1778564453125
250560,100,0.48,-0.14696645736694336,0.4913119673728943,2.443168878555298,1723.3111572265625
250561,31,0.45161290322580644,0.2354162037372589,0.482429563999176,12.170207023620605,832.8486328125
250562,100,0.55,-0.058828458189964294,0.4540867805480957,5.9270172119140625,853.0037841796875
250563,100,0.51,-0.09213245660066605,0.40363678336143494,1.9209225177764893,571.3189086914062
250564,100,0.36,-0.1305367350578308,0.4575788378715515,4.218774795532227,1248.580078125
250565,100,0.4,0.05332015082240105,0.4499615430831909,7.191342830657959,1082.437255859375
250566,12,0.5833333333333334,0.6146106719970703,0.617311954498291,12.554425239562988,1179.7410888671875
250567,35,0.6857142857142857,0.2986905872821808,0.5385127663612366,13.742472648620605,1247.1541748046875
250568,15,0.5333333333333333,0.5278890132904053,0.42946499586105347,8.608885765075684,1325.2353515625
250569,38,0.5263157894736842,0.27955806255340576,0.5255836844444275,15.49172306060791,1460.8629150390625
250570,32,0.59375,0.29935821890830994,0.42010682821273804,11.051362991333008,1833.862060546875
250571,100,0.51,0.03632516786456108,0.5006554126739502,11.003875732421875,573.2343139648438
250572,10,0.4,0.268987238407135,0.648141622543335,1.6301968097686768,1175.505126953125
250573,41,0.6097560975609756,0.2262377142906189,0.5734896659851074,14.999333381652832,259.3572692871094
250574,100,0.53,0.026096900925040245,0.5048093795776367,13.38552474975586,1104.7789306640625
250575,28,0.6071428571428571,0.18961311876773834,0.5448863506317139,6.313708305358887,871.5884399414062
250576,35,0.7142857142857143,0.40644440054893494,0.4704495072364807,23.26999855041504,1983.2982177734375
250577,70,0.6285714285714286,0.26922982931137085,0.42635270953178406,21.506807327270508,1960.294677734375
250578,17,0.5882352941176471,0.549946665763855,0.6021671295166016,8.045754432678223,813.5995483398438
250579,82,0.4634146341463415,0.10668069124221802,0.49220168590545654,15.947122573852539,481.8348693847656
250580,32,0.53125,0.16089726984500885,0.508395254611969,7.590245246887207,1269.732421875
250581,100,0.6,-0.04786090925335884,0.4521486163139343,4.652859687805176,1412.506591796875
250582,51,0.5294117647058824,0.14556916058063507,0.5927229523658752,14.29271411895752,927.8946533203125
250583,100,0.61,-0.08592741191387177,0.5031452775001526,5.387880325317383,1013.36767578125
250584,65,0.5846153846153846,0.04589815065264702,0.4587823450565338,13.842169761657715,1526.46923828125
250585,74,0.6621621621621622,-0.005775799043476582,0.563204288482666,4.797976970672607,1013.2200927734375
250586,8,0.75,0.07726410776376724,0.5422090291976929,2.3175723552703857,986.4630737304688
250587,100,0.51,0.0472322553396225,0.47378212213516235,14.613829612731934,1522.27978515625
250588,78,0.5256410256410257,0.02298947051167488,0.46042853593826294,7.4425048828125,838.0686645507812
250589,54,0.5,0.3308742344379425,0.49562278389930725,22.63071632385254,1698.3751220703125
250590,100,0.45,-0.006615047343075275,0.42867887020111084,9.766820907592773,1156.9947509765625
250591,28,0.6428571428571429,0.3453329801559448,0.5290254354476929,10.798176765441895,297.5229187011719
250592,47,0.5106382978723404,0.22919166088104248,0.4541241228580475,20.764177322387695,447.19244384765625
250593,46,0.5,0.2987803518772125,0.4982212781906128,12.082505226135254,319.4180908203125
250594,36,0.8055555555555556,0.08920401334762573,0.5425907969474792,4.9512810707092285,990.4330444335938
250595,100,0.46,-0.06996475160121918,0.5112125873565674,6.731364727020264,572.8385009765625
250596,100,0.56,-0.042902760207653046,0.42133551836013794,6.199300765991211,325.6401062011719
250597,31,0.5806451612903226,0.1417209506034851,0.435210645198822,6.576940059661865,1588.373291015625
250598,27,0.5185185185185185,0.5095153450965881,0.485465407371521,13.203060150146484,1831.3580322265625
250599,56,0.5357142857142857,0.2950074076652527,0.5104696750640869,18.481534957885742,1912.445556640625
250600,100,0.49,-0.12813033163547516,0.5582793354988098,3.9533965587615967,1422.588134765625
250601,31,0.5806451612903226,0.4722045660018921,0.6153379082679749,16.481191635131836,1323.5341796875
250602,29,0.5517241379310345,0.38081374764442444,0.44972115755081177,17.4603214263916,1661.855712890625
250603,100,0.47,0.05443411320447922,0.4706375300884247,17.303028106689453,1493.5716552734375
250604,100,0.48,-0.06030574440956116,0.5412375926971436,2.74959659576416,1162.9573974609375
250605,100,0.49,-0.018627772107720375,0.47162294387817383,7.03339958190918,291.66937255859375
250606,20,0.55,0.5253856182098389,0.5401312708854675,10.5057954788208,1018.7431640625
250607,100,0.51,-0.10478855669498444,0.544636070728302,4.266881942749023,1285.78759765625
250608,100,0.5,-0.04242143779993057,0.6137497425079346,4.453402519226074,1084.5577392578125
250609,100,0.45,0.025814715772867203,0.5480499863624573,10.122052192687988,714.4996948242188
250610,100,0.57,0.014120375737547874,0.5200212001800537,7.033886909484863,760.3909301757812
250611,32,0.5625,0.3932531774044037,0.6777021288871765,20.0283203125,1437.648193359375
250612,16,0.75,0.35869935154914856,0.46056801080703735,7.1424455642700195,1625.488037109375
250613,38,0.631578947368421,0.5577779412269592,0.39745596051216125,25.099367141723633,1773.6488037109375
250614,100,0.6,-0.04103749617934227,0.4520052969455719,7.208763599395752,803.7134399414062
250615,17,0.5294117647058824,0.2929922044277191,0.5577883124351501,5.017582893371582,945.2432250976562
250616,22,0.6818181818181818,0.627825915813446,0.5338008403778076,19.542280197143555,528.8067016601562
250617,57,0.45614035087719296,0.45071637630462646,0.5328351259231567,26.090478897094727,1340.311767578125
250618,21,0.7619047619047619,0.3871060013771057,0.43289417028427124,11.486967086791992,1122.260986328125
250619,23,0.5217391304347826,0.568361222743988,0.5585018992424011,14.1690034866333,801.8033447265625
250620,100,0.57,0.03272806853055954,0.44889649748802185,12.038082122802734,955.1137084960938
250621,42,0.5,0.3481629490852356,0.5019499659538269,16.951580047607422,1759.0894775390625
250622,23,0.8695652173913043,0.4939637780189514,0.5682870745658875,20.06052589416504,1901.8955078125
250623,100,0.5,0.050345659255981445,0.5019741058349609,5.45111083984375,873.9818725585938
250624,35,0.6,0.6210272908210754,0.3339523673057556,25.75972557067871,2035.8438720703125
250625,45,0.3111111111111111,0.2745210528373718,0.551169216632843,11.678749084472656,1562.9661865234375
250626,100,0.65,-0.0680481493473053,0.5395143628120422,6.872372627258301,261.5032043457031
250627,100,0.49,0.05690922960639,0.4730433523654938,12.363419532775879,781.4138793945312
250628,12,0.75,0.24474114179611206,0.6349191665649414,3.6920700073242188,1551.1937255859375
250629,100,0.52,0.008746853098273277,0.43628931045532227,10.300755500793457,1511.9696044921875
250630,15,0.5333333333333333,0.4750584065914154,0.616104245185852,10.248340606689453,1676.592529296875
250631,100,0.51,-0.09841567277908325,0.5200907588005066,3.9504175186157227,1568.1314697265625
250632,100,0.56,-0.12840871512889862,0.44640102982521057,3.9443490505218506,526.9818725585938
250633,37,0.5135135135135135,0.15113641321659088,0.444905161857605,9.831265449523926,1240.9793701171875
250634,48,0.4791666666666667,0.25631898641586304,0.4123494625091553,16.056859970092773,963.8734741210938
250635,100,0.47,-0.04788694903254509,0.5445847511291504,5.440399646759033,848.2140502929688
250636,83,0.46987951807228917,0.07403180003166199,0.48697251081466675,19.80426025390625,810.84326171875
250637,18,0.5,0.38492852449417114,0.39558708667755127,6.58783483505249,1470.7490234375
250638,100,0.43,-0.18487003445625305,0.4892686605453491,4.039694309234619,186.19888305664062
250639,41,0.6341463414634146,0.24419505894184113,0.6079696416854858,11.57114315032959,1159.8958740234375
250640,100,0.48,0.029196307063102722,0.4957723915576935,12.040759086608887,773.1605224609375
250641,1,1.0,0.9823018312454224,,3.9292073249816895,1170.0010986328125
250642,100,0.54,-0.2231237292289734,0.5302698612213135,1.2202574014663696,1180.6429443359375
250643,100,0.47,-0.06571285426616669,0.5338504910469055,2.4299416542053223,979.2733764648438
250644,100,0.59,-0.07629130035638809,0.4569043815135956,8.374173164367676,1206.64892578125
250645,100,0.53,-0.05672783404588699,0.4101767838001251,3.8090479373931885,1028.5357666015625
250646,100,0.56,-0.07833845168352127,0.49910256266593933,3.2910802364349365,436.6127624511719
250647,42,0.5952380952380952,0.2590605914592743,0.5171760320663452,14.884324073791504,1761.9669189453125
250648,100,0.51,-0.2223081737756729,0.5003511905670166,3.0830883979797363,1037.648193359375
250649,100,0.53,0.0014873240143060684,0.4777144193649292,7.484559535980225,1067.6793212890625
250650,29,0.41379310344827586,0.3286665081977844,0.6522075533866882,9.200825691223145,1631.2596435546875
250651,6,0.6666666666666666,-0.017662782222032547,0.5154036283493042,1.5418200492858887,1718.808837890625
250652,100,0.52,-0.16895905137062073,0.5109885334968567,3.1253015995025635,941.633544921875
250653,100,0.57,-0.16580946743488312,0.4689931273460388,7.421142101287842,601.293701171875
250654,100,0.61,-0.03208531439304352,0.4979797303676605,11.466757774353027,658.0534057617188
250655,100,0.57,-0.11658520251512527,0.4344662129878998,6.552609443664551,1826.7418212890625
250656,59,0.5254237288135594,0.4076707661151886,0.5011224150657654,28.784650802612305,1370.06396484375
250657,60,0.55,0.2560429871082306,0.510810375213623,19.081575393676758,1474.8128662109375
250658,59,0.559322033898305,0.2231632024049759,0.47944462299346924,17.74744415283203,1435.7867431640625
250659,84,0.5357142857142857,0.04149194806814194,0.4958445727825165,9.505455017089844,1526.3092041015625
250660,12,0.5,0.3466111719608307,0.45068636536598206,4.924118995666504,1287.7254638671875
250661,100,0.52,-0.027343790978193283,0.4057312309741974,11.983808517456055,1500.340576171875
250662,100,0.5,-0.2144559621810913,0.4708937406539917,1.7005951404571533,1287.644287109375
250663,56,0.5892857142857143,0.18713770806789398,0.49639248847961426,13.49705982208252,1558.3572998046875
250664,30,0.5666666666666667,0.3348206579685211,0.42435726523399353,12.647467613220215,749.6632690429688
250665,46,0.5434782608695652,0.20830801129341125,0.5025932788848877,11.646963119506836,648.8826293945312
250666,32,0.59375,0.2051675170660019,0.5063596367835999,8.708187103271484,1841.538818359375
250667,100,0.58,0.0242714025080204,0.5051109790802002,6.044078826904297,469.9111022949219
250668,100,0.49,-0.08650746941566467,0.5107782483100891,3.3172523975372314,1069.71337890625
250669,72,0.4583333333333333,0.08812757581472397,0.46864479780197144,9.886127471923828,747.7345581054688
250670,30,0.5666666666666667,0.1567341536283493,0.3707597553730011,6.58192253112793,1253.908447265625
250671,54,0.4444444444444444,0.3469882011413574,0.3900532126426697,15.118341445922852,1575.8946533203125
250672,100,0.62,-0.02930222451686859,0.5627338290214539,4.213013172149658,2100.764892578125
250673,11,0.7272727272727273,0.15838396549224854,0.7758455276489258,4.190258026123047,2012.360595703125
250674,39,0.5128205128205128,0.03242800384759903,0.4459812641143799,3.215731620788574,1453.2135009765625
250675,100,0.49,0.014995391480624676,0.4909486472606659,11.827461242675781,716.7546997070312
250676,32,0.71875,0.49148377776145935,0.4812891185283661,23.253734588623047,1486.4049072265625
250677,100,0.53,-0.07081546634435654,0.49044251441955566,3.6892993450164795,1270.3116455078125
250678,10,0.6,0.4302046000957489,0.5701603889465332,4.016356468200684,1904.113525390625
250679,100,0.44,-0.14346307516098022,0.4993591010570526,1.9455139636993408,1467.5777587890625
250680,100,0.45,-0.12062691897153854,0.5368347764015198,5.296443462371826,391.80657958984375
250681,100,0.5,-0.012617260217666626,0.45382919907569885,9.852890968322754,1544.9530029296875
250682,100,0.55,0.05474148690700531,0.5271504521369934,11.384284973144531,1084.136474609375
250683,100,0.53,-0.0999240055680275,0.5204219222068787,3.9118051528930664,656.8403930664062
250684,100,0.55,0.06095787510275841,0.43742379546165466,6.844731330871582,345.3546142578125
250685,100,0.56,-0.22517381608486176,0.564933717250824,0.987152636051178,1379.114013671875
250686,100,0.62,-0.10158175230026245,0.5053027272224426,3.4181323051452637,237.59988403320312
250687,100,0.45,-0.19322286546230316,0.5339950919151306,1.902307152748108,997.631103515625
250688,100,0.53,-0.08077110350131989,0.5077037215232849,2.5852959156036377,699.1087646484375
250689,57,0.38596491228070173,0.07774334400892258,0.4296727180480957,6.9769287109375,1467.2305908203125
250690,34,0.4117647058823529,0.2790185511112213,0.44551581144332886,5.701260566711426,955.371337890625
250691,100,0.56,-0.26453542709350586,0.5434916019439697,1.2269587516784668,1081.776123046875
250692,100,0.53,-0.1690143495798111,0.5299413800239563,2.3344333171844482,422.9525146484375
250693,100,0.53,-0.10720551759004593,0.5120047330856323,3.961153984069824,1185.635986328125
250694,100,0.54,-0.05286848172545433,0.47496846318244934,4.231837749481201,1370.40283203125
250695,69,0.463768115942029,0.10083497315645218,0.5322009325027466,11.908426284790039,1996.7191162109375
250696,100,0.5,-0.006331617943942547,0.48429450392723083,7.066802978515625,611.611572265625
250697,100,0.41,-0.005336279049515724,0.45590531826019287,9.519609451293945,1543.0472412109375
250698,98,0.45918367346938777,-0.013598360121250153,0.44112882018089294,5.700302600860596,1205.4569091796875
250699,100,0.47,-0.015501740388572216,0.4921330213546753,8.494527816772461,1036.1173095703125
250700,100,0.49,-0.015415318310260773,0.5728129744529724,10.673039436340332,791.6112060546875
250701,100,0.53,0.007089710328727961,0.4567684531211853,6.198675155639648,274.1524353027344
250702,100,0.55,-0.13246385753154755,0.44108250737190247,4.976049900054932,763.912841796875
250703,100,0.53,-0.12218790501356125,0.45104703307151794,2.6234686374664307,912.1396484375
250704,87,0.5057471264367817,0.008386572822928429,0.44871845841407776,5.68735933303833,1335.12451171875
250705,100,0.55,-0.028512917459011078,0.4430226981639862,4.7337446212768555,555.193359375
250706,100,0.55,-0.018421435728669167,0.41959142684936523,3.6438148021698,808.1893310546875
250707,63,0.6031746031746031,0.05414467677474022,0.467243492603302,11.596019744873047,1642.6343994140625
250708,17,0.5882352941176471,0.5836849808692932,0.4484409987926483,13.153266906738281,1048.9229736328125
250709,41,0.5121951219512195,0.06412506103515625,0.5116919279098511,7.1499128341674805,1653.5501708984375
250710,100,0.54,-0.08591001480817795,0.4797840416431427,4.86013126373291,326.5594482421875
250711,36,0.5833333333333334,0.33342719078063965,0.5787526369094849,18.4843692779541,1396.354736328125
250712,39,0.5641025641025641,-0.04428264871239662,0.4160100221633911,4.841511249542236,1359.6168212890625
250713,100,0.48,-0.04912622645497322,0.4598652124404907,4.403580665588379,916.882080078125
250714,13,0.3076923076923077,0.11347758769989014,0.443242609500885,1.5313169956207275,1880.785888671875
250715,100,0.49,0.05034216493368149,0.5068427324295044,12.080631256103516,1254.2510986328125
250716,100,0.5,0.07702074199914932,0.4472575783729553,9.528618812561035,1164.711669921875
250717,91,0.5934065934065934,0.012785744853317738,0.4427824914455414,6.165631294250488,1507.3743896484375
250718,100,0.53,-0.03928372263908386,0.5601961612701416,3.958648920059204,397.70623779296875
250719,100,0.62,-0.10405037552118301,0.5035004615783691,2.612515449523926,1027.619384765625
250720,9,0.5555555555555556,0.5967211127281189,0.5339239239692688,4.781065940856934,1767.01318359375
250721,100,0.52,-0.06890429556369781,0.5266856551170349,2.5007076263427734,918.2108764648438
250722,100,0.51,-0.061262648552656174,0.4601573050022125,3.5209908485412598,559.13134765625
250723,46,0.5434782608695652,0.28290504217147827,0.4669574499130249,12.271881103515625,1781.563232421875
250724,100,0.62,0.07173977047204971,0.4170442521572113,12.63484001159668,864.972900390625
250725,100,0.51,-0.16396480798721313,0.4764580726623535,3.0131194591522217,653.7537841796875
250726,100,0.48,-0.03228422626852989,0.5085867643356323,5.448566913604736,1242.158203125
250727,100,0.5,-0.14897337555885315,0.5191283226013184,2.364773750305176,1573.2159423828125
250728,100,0.54,0.043938860297203064,0.49718180298805237,7.274877548217773,1838.7950439453125
250729,46,0.5,0.2331264466047287,0.47715315222740173,14.386688232421875,854.18896484375
250730,100,0.49,-0.008859798312187195,0.39828041195869446,6.717017650604248,1632.6260986328125
250731,15,0.4666666666666667,0.26282998919487,0.5887095332145691,5.0604939460754395,1404.8931884765625
250732,71,0.5774647887323944,0.0676940307021141,0.48571503162384033,10.040392875671387,1607.35498046875
250733,100,0.44,-0.176214799284935,0.508708655834198,2.505640745162964,1580.385986328125
250734,100,0.52,-0.03277572616934776,0.5311611294746399,3.437251567840576,1555.540283203125
250735,100,0.49,-0.12962889671325684,0.5696589350700378,2.715799570083618,887.6181640625
250736,98,0.5102040816326531,-0.12277796864509583,0.5872549414634705,3.9826223850250244,1151.54443359375
250737,32,0.5,0.21912723779678345,0.4187106788158417,9.687442779541016,480.9449462890625
250738,100,0.55,-0.025068452581763268,0.5415323972702026,8.874107360839844,592.7046508789062
250739,49,0.40816326530612246,0.2642035484313965,0.45510172843933105,14.101001739501953,1298.190673828125
250740,9,0.5555555555555556,0.3065764307975769,0.3951951563358307,3.351022481918335,863.1158447265625
250741,73,0.5068493150684932,0.14675620198249817,0.4651506245136261,13.428548812866211,825.137939453125
250742,100,0.54,0.13877113163471222,0.42034024000167847,20.71151351928711,1266.9879150390625
250743,20,0.55,0.12755681574344635,0.420144259929657,3.961414337158203,1175.9639892578125
250744,31,0.5806451612903226,0.39586859941482544,0.4958142638206482,20.718687057495117,884.7620239257812
250745,100,0.51,0.07733871787786484,0.42678090929985046,17.647113800048828,558.4199829101562
250746,65,0.5384615384615384,0.11571810394525528,0.37425822019577026,12.869003295898438,1151.1085205078125
250747,100,0.53,-0.02185802347958088,0.5828015208244324,9.013476371765137,1278.7425537109375
250748,78,0.6025641025641025,0.17323660850524902,0.39045464992523193,16.130992889404297,1176.800537109375
250749,100,0.5,-0.013061035424470901,0.5000134110450745,11.502111434936523,1356.803466796875
250750,100,0.47,-0.01090192049741745,0.5447050929069519,8.748401641845703,1146.7664794921875
250751,100,0.55,0.01096265111118555,0.44496166706085205,4.8917083740234375,1406.9473876953125
250752,42,0.5476190476190477,0.12498392909765244,0.457164466381073,7.626431465148926,1805.1978759765625
250753,55,0.5636363636363636,0.09308136999607086,0.48130664229393005,6.000817775726318,523.0607299804688
250754,69,0.5652173913043478,0.05925106257200241,0.5268739461898804,8.694194793701172,615.7885131835938
250755,40,0.525,0.2177044153213501,0.533469021320343,7.537424564361572,2096.42529296875
250756,100,0.6,-1.8281738448422402e-05,0.492734432220459,4.804821491241455,968.1226196289062
250757,100,0.38,-0.17237237095832825,0.4467436671257019,1.1470752954483032,1699.024169921875
250758,46,0.5434782608695652,0.3224761188030243,0.4897075891494751,15.78812313079834,575.6388549804688
250759,100,0.59,-0.048456378281116486,0.48847612738609314,4.111664295196533,1083.37451171875
250760,100,0.49,0.004135001450777054,0.4988998472690582,4.662091255187988,1080.070556640625
250761,100,0.47,0.03168247640132904,0.5455641746520996,7.261053562164307,324.6091003417969
250762,3,0.6666666666666666,0.37158212065696716,0.17115746438503265,3.273566484451294,717.3623657226562
250763,100,0.42,0.12099169194698334,0.48992684483528137,10.40268325805664,699.939453125
250764,59,0.5084745762711864,-0.0915801003575325,0.5221766829490662,3.716468095779419,1228.2630615234375
250765,100,0.53,-0.004050524905323982,0.48310786485671997,4.912417411804199,372.2584228515625
250766,100,0.5,-0.04752397537231445,0.5235949754714966,4.1658101081848145,1293.3978271484375
250767,100,0.53,0.03105853497982025,0.4877315163612366,8.251115798950195,620.0408935546875
250768,33,0.6060606060606061,0.2017817199230194,0.5678976774215698,11.61345386505127,859.9197998046875
250769,17,0.5294117647058824,0.3021813631057739,0.5801475644111633,6.477838516235352,1587.552001953125
250770,49,0.4897959183673469,-0.06250907480716705,0.5066338181495667,1.5093281269073486,1144.76416015625
250771,42,0.5476190476190477,0.1728314310312271,0.4848004877567291,11.124580383300781,1769.6185302734375
250772,100,0.6,-0.10932716727256775,0.5285362601280212,3.830005407333374,515.3094482421875
250773,57,0.543859649122807,0.032923828810453415,0.6537443995475769,4.373427391052246,1474.4984130859375
250774,100,0.49,-0.12255574017763138,0.4925728738307953,1.579621434211731,785.65673828125
250775,26,0.5384615384615384,0.1483922004699707,0.4382692277431488,7.191037654876709,788.4020385742188
250776,100,0.51,0.13916249573230743,0.4810110628604889,10.402536392211914,1114.4290771484375
250777,75,0.56,0.08828551322221756,0.5357154011726379,9.563295364379883,1234.890625
250778,85,0.4,0.114299476146698,0.4839772880077362,8.88392448425293,894.1116943359375
250779,52,0.5961538461538461,0.232692688703537,0.5438178181648254,12.398573875427246,1594.7689208984375
250780,10,0.5,0.2769511342048645,0.30482274293899536,3.297882080078125,872.6038818359375
250781,100,0.55,0.028049014508724213,0.4964791238307953,8.7100191116333,1097.93798828125
250782,100,0.5,0.014070532284677029,0.5610470771789551,4.168609619140625,519.5762329101562
250783,100,0.49,-0.04887901991605759,0.5521669387817383,4.98159646987915,500.3976745605469
250784,61,0.5409836065573771,0.1894463449716568,0.5036924481391907,15.452448844909668,1815.0146484375
250785,100,0.49,0.06427766382694244,0.47180747985839844,8.004654884338379,294.9903564453125
250786,100,0.49,-0.03485771641135216,0.48394301533699036,5.464715480804443,1264.1488037109375
250787,100,0.43,0.11795699596405029,0.4644692540168762,9.354909896850586,1316.16845703125
250788,51,0.47058823529411764,0.1803436279296875,0.5498127341270447,7.693801403045654,2062.807861328125
250789,29,0.5862068965517241,0.046561215072870255,0.46117639541625977,5.4059224128723145,1367.5057373046875
250790,100,0.47,0.07873755693435669,0.5263534784317017,11.790593147277832,1099.1090087890625
250791,93,0.4946236559139785,0.17378516495227814,0.3922550082206726,8.38917064666748,1655.9454345703125
250792,93,0.5053763440860215,0.13449937105178833,0.432658851146698,13.228922843933105,727.5465087890625
250793,75,0.4666666666666667,0.16427932679653168,0.5034423470497131,15.902454376220703,1172.5770263671875
250794,100,0.55,0.07980287820100784,0.49939003586769104,12.963872909545898,883.6995849609375
250795,35,0.5428571428571428,0.3041551411151886,0.509117603302002,14.022730827331543,1058.752197265625
250796,100,0.52,-0.1811264455318451,0.5230506062507629,2.262592077255249,560.7822875976562
250797,22,0.45454545454545453,0.3021222949028015,0.5509218573570251,8.774394989013672,786.162109375
250798,100,0.51,0.050246965140104294,0.43904682993888855,9.248836517333984,110.20897674560547
250799,100,0.51,-0.024710221216082573,0.5366322994232178,6.059551239013672,541.8842163085938
250800,100,0.47,0.037203285843133926,0.5006041526794434,3.2268242835998535,832.3135375976562
250801,100,0.58,-0.00033452309435233474,0.5346712470054626,5.411978244781494,1272.4873046875
250802,25,0.48,0.5388937592506409,0.3930166959762573,9.82590103149414,1064.291748046875
250803,23,0.5217391304347826,0.4096972644329071,0.4860979914665222,11.924186706542969,1281.1859130859375
250804,100,0.51,0.08846159279346466,0.5155923962593079,11.162367820739746,1094.3184814453125
250805,100,0.46,0.06859154999256134,0.4978944659233093,6.600618839263916,160.0503387451172
250806,23,0.391304347826087,0.365933358669281,0.438927561044693,6.302609443664551,1391.386962890625
250807,100,0.5,0.04317662864923477,0.440042644739151,8.817371368408203,965.554931640625
250808,75,0.5466666666666666,-0.06387123465538025,0.48209112882614136,4.384329319000244,1020.2809448242188
250809,100,0.55,-0.008116266690194607,0.47113198041915894,5.715385913848877,1485.947998046875
250810,58,0.5172413793103449,0.10998833924531937,0.5248281955718994,7.0435943603515625,1067.081298828125
250811,100,0.49,0.029082028195261955,0.4529963433742523,5.35556697845459,1279.96337890625
250812,100,0.49,0.14009442925453186,0.48690351843833923,12.39964485168457,270.8585205078125
250813,100,0.52,-0.026325110346078873,0.5264559388160706,3.278803825378418,1509.896728515625
250814,100,0.46,-0.16925372183322906,0.5616642236709595,1.952725887298584,725.7406616210938
250815,100,0.52,0.03641543164849281,0.45242631435394287,10.340265274047852,1155.256103515625
250816,100,0.58,0.05761934071779251,0.4284667372703552,11.05200481414795,253.01226806640625
250817,100,0.5,-0.02032165229320526,0.5534577369689941,4.624895095825195,731.6143798828125
250818,100,0.5,0.03814564272761345,0.48971739411354065,13.462903022766113,959.5050048828125
250819,100,0.57,0.03134406730532646,0.4823704659938812,6.620077133178711,1616.399169921875
250820,100,0.48,-0.08875087648630142,0.46100032329559326,2.2218868732452393,519.3790893554688
250821,100,0.6,-0.08458641171455383,0.5396243333816528,4.8273115158081055,592.9468994140625
250822,100,0.53,0.049526043236255646,0.5404092669487,5.882326602935791,831.6864624023438
250823,100,0.65,-0.17728503048419952,0.4369797706604004,2.0516083240509033,1027.421630859375
250824,100,0.61,-0.06816249340772629,0.5398606657981873,4.635989189147949,981.9518432617188
250825,100,0.42,-0.0299757681787014,0.40734046697616577,3.582487106323242,271.9491271972656
250826,100,0.56,-0.06372249126434326,0.4811408817768097,3.986440658569336,1697.17431640625
250827,100,0.51,-0.0798320546746254,0.5072004795074463,1.6909871101379395,1265.68359375
250828,100,0.46,0.0035725010093301535,0.5424265265464783,4.525648593902588,454.5226745605469
250829,100,0.53,-0.002200864953920245,0.5491167306900024,6.697366714477539,1006.7913818359375
250830,49,0.5510204081632653,-0.006766846869140863,0.5564558506011963,3.923072576522827,714.577392578125
250831,41,0.36585365853658536,-0.006900227162986994,0.536322832107544,1.4599756002426147,1269.098388671875
250832,100,0.45,0.017923573032021523,0.4408426880836487,4.4609174728393555,1137.2308349609375
250833,100,0.56,-0.10387777537107468,0.5437431335449219,2.433830499649048,1516.9722900390625
250834,13,0.6153846153846154,0.21409468352794647,0.5154062509536743,3.976012706756592,535.6532592773438
250835,22,0.5454545454545454,0.119261734187603,0.4519914984703064,4.478699684143066,1614.3880615234375
250836,100,0.53,0.0553872287273407,0.3982246220111847,10.931528091430664,785.6997680664062
250837,100,0.53,0.12656618654727936,0.4287760257720947,15.21121597290039,1456.3526611328125
250838,51,0.47058823529411764,0.1816668063402176,0.5242246985435486,6.789403438568115,977.933837890625
250839,33,0.5454545454545454,0.234611377120018,0.44935765862464905,9.257759094238281,595.95947265625
250840,100,0.53,-0.18994516134262085,0.5397242903709412,2.279695987701416,1115.7608642578125
250841,100,0.56,-0.15267528593540192,0.5145693421363831,2.0436549186706543,479.9676818847656
250842,47,0.44680851063829785,-0.06276130676269531,0.4951344132423401,3.9122567176818848,1097.088623046875
250843,100,0.5,-0.15601074695587158,0.5546541810035706,2.7908825874328613,1316.4364013671875
250844,100,0.35,-0.16146419942378998,0.5640617609024048,2.9583358764648438,733.947265625
250845,26,0.46153846153846156,-0.05630191043019295,0.5867133140563965,3.1105029582977295,781.531982421875
250846,100,0.55,-0.04696749895811081,0.439009428024292,7.087934494018555,913.7212524414062
250847,86,0.627906976744186,0.13324347138404846,0.4919750392436981,12.6899995803833,507.4679870605469
250848,100,0.61,0.016204699873924255,0.44358694553375244,9.713118553161621,636.5324096679688
250849,100,0.59,-0.026146041229367256,0.4770554304122925,4.668385028839111,739.80615234375
250850,100,0.51,0.029724212363362312,0.43969354033470154,7.475476264953613,969.6114501953125
250851,100,0.59,-0.14781810343265533,0.6394537687301636,1.900641918182373,884.3134765625
250852,100,0.55,0.02182014286518097,0.5739419460296631,9.506704330444336,922.8572387695312
250853,100,0.54,0.027451224625110626,0.5464469790458679,8.584479331970215,324.4768371582031
250854,100,0.46,0.012085583060979843,0.592821478843689,3.8933260440826416,522.484130859375
250855,65,0.5538461538461539,0.1763719916343689,0.4999135136604309,10.899624824523926,412.8610534667969
250856,100,0.48,0.07454907894134521,0.5129539966583252,9.934571266174316,127.97621154785156
250857,37,0.5945945945945946,0.29266780614852905,0.5114383697509766,15.706838607788086,1211.232421875
250858,33,0.6666666666666666,0.30814045667648315,0.5829845070838928,21.02681541442871,524.628662109375
250859,100,0.53,0.003813438583165407,0.4867440462112427,5.803378105163574,866.8718872070312
250860,100,0.41,-0.10508713126182556,0.5112272500991821,2.1089937686920166,1140.12890625
250861,80,0.575,0.09482283145189285,0.5122113227844238,11.78254222869873,1052.7738037109375
250862,100,0.52,-0.10215818881988525,0.4561392068862915,2.0319931507110596,574.1080322265625
250863,100,0.5,0.006410597357898951,0.4747852385044098,6.157536029815674,1199.7327880859375
250864,3,0.3333333333333333,0.26931020617485046,0.20332881808280945,1.0772407054901123,1636.11669921875
250865,73,0.547945205479452,0.11120879650115967,0.48096513748168945,8.61061954498291,338.06719970703125
250866,100,0.49,0.058192767202854156,0.4845772981643677,6.779338359832764,846.7202758789062
250867,100,0.46,0.07273472100496292,0.488025426864624,8.467759132385254,900.1376342773438
250868,54,0.48148148148148145,-0.11280325055122375,0.5210985541343689,2.1223297119140625,1275.44482421875
250869,62,0.6129032258064516,-0.04370613396167755,0.6188492774963379,3.084475517272949,585.9028930664062
250870,94,0.48936170212765956,0.11105622351169586,0.509464681148529,11.170266151428223,1844.6314697265625
250871,100,0.58,-0.015775123611092567,0.4798130691051483,4.462256908416748,826.1455078125
250872,100,0.51,-0.029269229620695114,0.5474905967712402,4.710108757019043,547.25048828125
250873,36,0.6666666666666666,0.28218764066696167,0.4835319221019745,14.96246337890625,437.6000671386719
250874,87,0.5057471264367817,0.03051701933145523,0.5247968435287476,4.680459022521973,686.5399780273438
250875,100,0.65,0.023579532280564308,0.5018557906150818,7.452084541320801,1444.59619140625
250876,100,0.5,0.10768331587314606,0.521817147731781,10.00085735321045,930.1353149414062
250877,100,0.47,-0.011198951862752438,0.45678359270095825,2.370628595352173,1886.3538818359375
250878,100,0.45,0.04238511249423027,0.524838924407959,7.293153762817383,1346.9937744140625
250879,85,0.49411764705882355,0.18342283368110657,0.48302769660949707,13.011773109436035,534.603759765625
250880,100,0.49,0.17375123500823975,0.4930401146411896,18.437347412109375,1526.3509521484375
250881,94,0.5851063829787234,0.09998761117458344,0.4581925868988037,12.101394653320312,776.3023681640625
250882,100,0.45,-0.05898071452975273,0.5735976696014404,4.261943340301514,919.5617065429688
250883,100,0.48,0.05239258334040642,0.5280644297599792,7.217654228210449,288.2522277832031
250884,22,0.6363636363636364,0.2718368172645569,0.5362162590026855,7.352438449859619,1534.4515380859375
250885,100,0.46,0.1336735188961029,0.4317745268344879,11.327439308166504,893.1143188476562
250886,100,0.55,0.012580106034874916,0.5343112349510193,5.745057582855225,227.89096069335938
250887,100,0.55,0.06974603235721588,0.6225582361221313,11.485638618469238,1080.8594970703125
250888,41,0.4146341463414634,0.2292088270187378,0.5284838080406189,6.389187812805176,1512.6407470703125
250889,93,0.5376344086021505,0.11269103735685349,0.5738953351974487,10.833165168762207,667.311279296875
250890,47,0.44680851063829785,0.24425551295280457,0.3814771771430969,15.099864959716797,689.9059448242188
250891,100,0.51,0.09932935237884521,0.5019736886024475,9.464376449584961,1547.5643310546875
250892,100,0.41,-0.09119629114866257,0.44391047954559326,2.2427196502685547,1793.4993896484375
250893,100,0.53,0.07535628974437714,0.5081449151039124,6.778008937835693,758.3828125
250894,100,0.52,0.13325580954551697,0.43042513728141785,14.75187873840332,929.6948852539062
250895,100,0.52,-0.05331239476799965,0.5372609496116638,4.481894016265869,659.2142944335938
250896,100,0.5,-0.034007176756858826,0.5523295998573303,2.9443204402923584,221.240234375
250897,100,0.5,-0.04923553764820099,0.49795427918434143,2.870964765548706,1036.4219970703125
250898,100,0.52,-0.0034158150665462017,0.4718252718448639,5.77278995513916,292.7696228027344
250899,98,0.6020408163265306,0.024863962084054947,0.48064178228378296,8.140296936035156,869.3409423828125
250900,93,0.46236559139784944,0.1906728744506836,0.49697932600975037,15.882833480834961,936.593994140625
250901,100,0.51,-0.01730065979063511,0.5171476602554321,7.442608833312988,433.483642578125
250902,32,0.5625,-0.05626624822616577,0.5370948910713196,1.6332321166992188,639.146240234375
250903,100,0.54,0.0025807491037994623,0.5270437002182007,10.13272476196289,730.1763916015625
250904,100,0.52,-0.06713341921567917,0.6135879158973694,3.3602135181427,679.1572265625
250905,100,0.41,0.10933971405029297,0.4822289049625397,9.937793731689453,1485.0572509765625
250906,8,0.625,-0.18605177104473114,0.5331909656524658,0.902009129524231,1734.8421630859375
250907,100,0.55,-0.07071398198604584,0.5142266750335693,4.815340518951416,601.5762329101562
250908,66,0.3939393939393939,0.18428954482078552,0.5350672006607056,7.862953186035156,862.7733764648438
250909,100,0.54,0.11492377519607544,0.4486045837402344,9.362829208374023,962.8458251953125
250910,100,0.52,0.08778177201747894,0.5168381333351135,10.346515655517578,1077.46337890625
250911,29,0.5172413793103449,0.15746869146823883,0.4383535087108612,6.444930076599121,1752.85595703125
250912,100,0.44,-0.001331418752670288,0.526346743106842,6.050885200500488,674.8450927734375
250913,100,0.49,-0.03147496283054352,0.5159837603569031,4.294101715087891,1110.5098876953125
250914,100,0.57,0.08662843704223633,0.49442729353904724,9.451371192932129,312.05133056640625
250915,100,0.5,-0.060684725642204285,0.5830891728401184,2.4844608306884766,966.3242797851562
250916,100,0.49,0.0053315735422074795,0.6168225407600403,3.048236131668091,358.88800048828125
250917,93,0.41935483870967744,0.15753500163555145,0.5236456990242004,22.68415641784668,1513.5640869140625
250918,100,0.56,0.12809108197689056,0.4385357201099396,15.136618614196777,1736.81005859375
250919,100,0.57,-0.05202651023864746,0.4401097893714905,4.307980060577393,107.93103790283203
250920,100,0.47,0.017969777807593346,0.526910662651062,7.210263252258301,239.4633026123047
250921,100,0.49,0.03187069296836853,0.47614791989326477,11.656891822814941,466.865478515625
250922,100,0.5,0.0030120110604912043,0.5525991320610046,4.195165634155273,1314.0882568359375
250923,26,0.46153846153846156,0.04569869115948677,0.5386022925376892,3.3096923828125,1255.883544921875
250924,100,0.51,0.10120368748903275,0.4867932200431824,11.233817100524902,661.0794677734375
250925,100,0.41,0.04891218617558479,0.5408110618591309,6.332543849945068,688.9910888671875
250926,100,0.48,-0.060193952172994614,0.5448059439659119,3.453198194503784,1096.8453369140625
250927,100,0.46,0.011275135912001133,0.5501618385314941,6.0036187171936035,854.6436767578125
250928,81,0.5308641975308642,0.056714240461587906,0.4801241159439087,6.754612922668457,1009.110107421875
250929,100,0.53,-0.04848651960492134,0.5417051315307617,3.4929914474487305,929.1355590820312
250930,100,0.48,0.028569867834448814,0.4071367383003235,5.018878936767578,352.6758728027344
250931,100,0.48,-0.04560364782810211,0.5097590088844299,3.1332106590270996,1345.653076171875
250932,100,0.51,-0.012612576596438885,0.45303213596343994,2.995859384536743,240.9084014892578
250933,100,0.48,-0.029591098427772522,0.48907706141471863,4.147054195404053,164.77828979492188
250934,100,0.49,0.10923347622156143,0.48991158604621887,10.297879219055176,840.3832397460938
250935,42,0.6428571428571429,0.14564283192157745,0.5662909746170044,5.106061935424805,700.624267578125
250936,100,0.48,0.05805988237261772,0.5268969535827637,5.395884990692139,1114.447265625
250937,100,0.58,0.06660831719636917,0.4857989251613617,12.90737533569336,548.7586669921875
250938,100,0.44,-0.027228200808167458,0.48958873748779297,4.98105001449585,654.3101196289062
250939,100,0.44,-0.015487895347177982,0.5074905157089233,4.163074493408203,779.6162109375
250940,100,0.43,0.07484827190637589,0.5164578557014465,9.560203552246094,1046.658203125
250941,100,0.64,0.008073840290307999,0.4550873339176178,6.9773993492126465,668.1994018554688
250942,100,0.51,0.1750352829694748,0.4135951101779938,16.590848922729492,1942.0399169921875
250943,100,0.58,-0.008879346773028374,0.4192280173301697,4.076360702514648,499.6162414550781
250944,100,0.54,-0.01243114098906517,0.4546586871147156,4.344882011413574,1091.135009765625
250945,100,0.5,0.13170146942138672,0.554219663143158,13.591523170471191,727.7636108398438
250946,100,0.56,0.012772155925631523,0.5673587322235107,6.322836399078369,953.0379638671875
250947,100,0.55,0.0737355649471283,0.43227657675743103,9.91981315612793,859.7901000976562
250948,29,0.5172413793103449,0.2129705250263214,0.5659027099609375,7.389796257019043,1321.3458251953125
250949,67,0.4925373134328358,0.07796718180179596,0.42086902260780334,11.4157133102417,492.3577880859375
250950,20,0.55,0.12188489735126495,0.4866145849227905,5.0377397537231445,1108.6058349609375
250951,38,0.5263157894736842,0.11794047057628632,0.5092532634735107,4.720004558563232,778.8158569335938
250952,100,0.57,0.03931211680173874,0.4351693093776703,9.02550220489502,665.097412109375
250953,100,0.57,0.08148603141307831,0.5273462533950806,10.035989761352539,337.5889587402344
250954,37,0.5945945945945946,0.15403389930725098,0.3977898359298706,4.914799690246582,1079.6324462890625
250955,38,0.42105263157894735,0.22899514436721802,0.4353591203689575,6.060003280639648,564.2816162109375
250956,100,0.44,0.0409538596868515,0.4789552092552185,7.847594738006592,632.6611938476562
250957,100,0.45,-0.06045861169695854,0.5025907158851624,4.828649997711182,892.4401245117188
250958,100,0.49,0.03266392648220062,0.48646312952041626,9.308503150939941,464.186767578125
250959,100,0.47,-0.0020312173292040825,0.5226222276687622,5.83675479888916,962.8316040039062
250960,100,0.58,0.04437931627035141,0.4550585448741913,9.520917892456055,752.4790649414062
250961,100,0.56,-8.854695624904707e-05,0.49326932430267334,4.710522174835205,543.071044921875
250962,100,0.48,0.12514600157737732,0.5500302910804749,13.583979606628418,480.9869079589844
250963,100,0.5,0.06539160758256912,0.5489716529846191,5.721292018890381,690.7239990234375
250964,100,0.49,-0.025052523240447044,0.4403441846370697,3.748387098312378,517.81396484375
250965,100,0.54,0.0196762066334486,0.5155003070831299,7.8961286544799805,526.857666015625
250966,31,0.6129032258064516,0.11425858736038208,0.44787344336509705,7.802164077758789,1089.0087890625
250967,100,0.53,0.058125708252191544,0.46980151534080505,8.527929306030273,317.4862365722656
250968,100,0.52,0.08611884713172913,0.4997824430465698,9.474170684814453,425.6495666503906
250969,99,0.37373737373737376,0.08166702091693878,0.4895989000797272,10.25251579284668,208.7577667236328
250970,100,0.46,0.05508330464363098,0.4676758944988251,9.532898902893066,890.0020751953125
250971,100,0.58,0.06811076402664185,0.5730707049369812,8.143178939819336,451.9351501464844
250972,4,0.75,0.08687453716993332,0.9648943543434143,1.1449825763702393,1551.3245849609375
250973,100,0.51,0.07687614113092422,0.4713554382324219,6.5257134437561035,965.197998046875
250974,100,0.42,0.07216766476631165,0.5239901542663574,7.545201301574707,278.5908508300781
250975,100,0.58,0.10251031816005707,0.4371444582939148,10.438952445983887,743.5471801757812
250976,100,0.41,0.10270346701145172,0.4964904487133026,10.514787673950195,786.6339111328125
250977,100,0.51,-0.03389932960271835,0.49435678124427795,3.542609453201294,372.42352294921875
250978,100,0.46,-0.03245345503091812,0.4505258798599243,8.062376022338867,113.51271057128906
250979,100,0.57,-0.01001746580004692,0.5197468400001526,10.120555877685547,429.8895568847656
250980,79,0.4430379746835443,0.12271065264940262,0.4363367259502411,9.808770179748535,565.0300903320312
250981,75,0.5333333333333333,0.03232460841536522,0.521831750869751,6.846815586090088,450.5596923828125
250982,100,0.44,0.06449268013238907,0.49325400590896606,4.834092617034912,704.6640625
250983,100,0.51,0.11219102144241333,0.5055078864097595,15.319236755371094,273.52801513671875
250984,100,0.57,0.052557967603206635,0.526157796382904,11.875732421875,352.1035461425781
250985,100,0.49,0.09270985424518585,0.4718487560749054,12.552053451538086,375.6568298339844
250986,64,0.484375,-0.11160369217395782,0.5259659886360168,2.467252492904663,1157.605712890625
250987,56,0.5535714285714286,0.025431009009480476,0.5699252486228943,7.327132701873779,1284.359375
250988,100,0.52,0.14974279701709747,0.5190725922584534,15.267298698425293,810.55810546875
250989,100,0.59,0.027486763894557953,0.49137380719184875,9.807791709899902,572.8160400390625
250990,100,0.46,0.036856070160865784,0.4367046654224396,10.973994255065918,307.47198486328125
250991,100,0.45,0.07255934178829193,0.5031595230102539,6.369482040405273,531.5831298828125
250992,100,0.46,0.05711183324456215,0.40962255001068115,10.520106315612793,658.2987060546875
250993,100,0.49,0.06350351870059967,0.4549552798271179,9.253118515014648,542.2548828125
250994,100,0.51,0.059782855212688446,0.47091951966285706,6.091616630554199,1500.05224609375
250995,29,0.41379310344827586,-0.08451174944639206,0.5674896240234375,3.1890299320220947,769.2062377929688
250996,100,0.54,0.05323329567909241,0.5190063714981079,9.895517349243164,502.83056640625
250997,100,0.59,0.046049878001213074,0.5270920991897583,5.95096492767334,634.4990844726562
250998,100,0.5,0.025267936289310455,0.5007515549659729,4.671347141265869,1286.646728515625
250999,21,0.7142857142857143,0.04831672087311745,0.33500173687934875,4.867000579833984,764.8172607421875
251000,47,0.5106382978723404,0.164630725979805,0.4907901883125305,6.770222187042236,622.8362426757812
251001,100,0.55,0.08034031093120575,0.5107088685035706,8.766156196594238,493.69610595703125
251002,100,0.49,0.045789480209350586,0.40085935592651367,5.741277694702148,400.30267333984375
251003,100,0.5,0.004340963903814554,0.4546312987804413,5.473092079162598,387.0622253417969
251004,100,0.45,0.08699952811002731,0.512703001499176,7.813039779663086,433.9462890625
251005,30,0.4666666666666667,0.33503884077072144,0.5124498009681702,7.754339694976807,200.8056182861328
251006,28,0.4642857142857143,-0.11291389912366867,0.6173912286758423,1.712715983390808,1292.5404052734375
251007,100,0.46,0.08335187286138535,0.5132372975349426,8.142129898071289,1231.3206787109375
251008,100,0.48,0.08113788068294525,0.4863964319229126,8.228676795959473,468.9179382324219
251009,100,0.49,0.01710817776620388,0.5110535621643066,9.376012802124023,368.6238098144531
251010,37,0.6486486486486487,0.10428015142679214,0.5855609178543091,5.229336738586426,554.4457397460938
251011,100,0.48,0.05088081955909729,0.5736196041107178,10.034662246704102,422.8476257324219
251012,100,0.49,0.07662898302078247,0.46156027913093567,7.731257915496826,794.4334716796875
251013,100,0.47,0.14859360456466675,0.5502076148986816,8.457540512084961,171.25665283203125
251014,100,0.58,0.09349539875984192,0.47800812125205994,10.058072090148926,412.146728515625
251015,100,0.63,0.0015519667649641633,0.4870416820049286,7.1718573570251465,720.4881591796875
251016,100,0.51,0.030939854681491852,0.4335082173347473,6.9058074951171875,1778.1343994140625
251017,37,0.43243243243243246,0.12577083706855774,0.46207690238952637,4.902907848358154,1404.2108154296875
251018,100,0.46,0.04129587486386299,0.47279173135757446,6.008569717407227,526.9783325195312
251019,60,0.55,-0.04749307781457901,0.5022857189178467,5.636125087738037,794.0322875976562
251020,100,0.48,0.01910369098186493,0.49343225359916687,10.667410850524902,987.275634765625
251021,31,0.5483870967741935,0.190568208694458,0.5568705797195435,10.205411911010742,938.6531982421875
251022,100,0.53,0.06773197650909424,0.47691208124160767,8.711888313293457,288.0737609863281
251023,100,0.56,0.02722262777388096,0.5255638360977173,5.2348761558532715,1028.6668701171875
251024,13,0.6153846153846154,0.00688624382019043,0.6679667234420776,0.8797064423561096,920.8814697265625
251025,100,0.5,0.0915115550160408,0.5415185689926147,11.662066459655762,866.1314086914062
251026,100,0.57,0.050431475043296814,0.48657864332199097,9.515436172485352,633.4031982421875
251027,100,0.48,-0.003421217203140259,0.4482336640357971,4.108343601226807,427.2725830078125
251028,69,0.5507246376811594,0.036375708878040314,0.460916131734848,6.235167026519775,1005.9656982421875
251029,100,0.56,-0.003132679732516408,0.5317718982696533,7.595264434814453,926.1743774414062
251030,100,0.52,-0.0644344687461853,0.498606413602829,6.002803802490234,801.5092163085938
251031,100,0.53,-0.08333724737167358,0.5113251805305481,2.091378688812256,1731.1571044921875
251032,100,0.59,-0.013379978016018867,0.49250245094299316,4.004900932312012,508.05645751953125
251033,72,0.5277777777777778,0.040053654462099075,0.5845834612846375,6.46763277053833,1044.6771240234375
251034,100,0.51,0.07552533596754074,0.4293525815010071,8.677221298217773,603.439697265625
251035,100,0.53,-0.033014941960573196,0.46054989099502563,3.434948444366455,1501.7576904296875
251036,100,0.61,0.054325733333826065,0.4584805965423584,7.829300403594971,855.0478515625
251037,100,0.48,-0.009546088986098766,0.5088720321655273,3.5178792476654053,548.2059326171875
251038,100,0.59,-0.047454800456762314,0.45506471395492554,5.1071457862854,700.3634033203125
251039,100,0.51,-0.08941192179918289,0.5415375828742981,3.50455904006958,1144.2530517578125
251040,57,0.543859649122807,0.01976809650659561,0.4155576825141907,7.3992085456848145,2008.310302734375
251041,100,0.47,0.03295501321554184,0.5100674033164978,8.156769752502441,616.5596923828125
251042,100,0.48,0.07330062240362167,0.5868238806724548,8.074252128601074,863.9755859375
251043,35,0.4857142857142857,-0.11128884553909302,0.443778395652771,1.6036880016326904,1256.6077880859375
251044,20,0.5,0.3873913884162903,0.4622233510017395,8.185445785522461,776.2300415039062
251045,100,0.57,0.14034362137317657,0.5077793002128601,16.412551879882812,731.092041015625
251046,100,0.46,-0.04233111813664436,0.4619753062725067,2.6634769439697266,1289.9254150390625
251047,100,0.49,0.04454734921455383,0.4816552698612213,7.572186470031738,252.11790466308594
251048,48,0.5625,0.11693352460861206,0.5512118339538574,6.836435794830322,1197.9442138671875
251049,100,0.53,-0.015739187598228455,0.4794759452342987,3.1490228176116943,1376.6668701171875
251050,100,0.51,0.015575703233480453,0.5668110847473145,7.533043384552002,687.2635498046875
251051,100,0.59,0.08156172186136246,0.541781485080719,13.532820701599121,321.9737243652344
251052,49,0.6122448979591837,0.0938466340303421,0.5082113146781921,4.971531391143799,1142.377685546875
251053,85,0.4588235294117647,0.14938491582870483,0.48817646503448486,9.070079803466797,588.3567504882812
251054,100,0.44,0.1435980200767517,0.533020555973053,10.183101654052734,1013.732666015625
251055,100,0.5,0.06210751459002495,0.6067231297492981,11.312466621398926,572.6633911132812
251056,100,0.59,0.06942872703075409,0.5500404238700867,10.753462791442871,224.86798095703125
251057,100,0.36,0.078926682472229,0.48575544357299805,4.742304801940918,724.0653686523438
251058,100,0.54,0.08396008610725403,0.4888167083263397,11.272897720336914,502.9971618652344
251059,53,0.6037735849056604,0.10109561681747437,0.33015456795692444,13.447833061218262,1188.7938232421875
251060,100,0.56,0.024512678384780884,0.5024116039276123,4.809011936187744,1200.0697021484375
251061,100,0.53,0.07897753268480301,0.5015685558319092,7.673856258392334,1345.837890625
251062,100,0.42,-0.06729735434055328,0.5242307186126709,4.946169853210449,498.6708679199219
251063,35,0.5714285714285714,0.18504421412944794,0.6070173382759094,9.813714981079102,593.4143676757812
251064,100,0.48,0.028482308611273766,0.4841933846473694,4.847705364227295,889.4375610351562
251065,100,0.54,-0.07817181944847107,0.4892367124557495,2.7312722206115723,821.2403564453125
251066,100,0.52,0.1458866000175476,0.3887852728366852,17.701745986938477,1061.8248291015625
251067,100,0.54,0.003741167252883315,0.45791956782341003,4.260467052459717,1144.939697265625
251068,100,0.6,0.00013435582513920963,0.6047546863555908,4.245474338531494,503.84234619140625
251069,54,0.5185185185185185,0.13160625100135803,0.554374098777771,5.9815673828125,752.91015625
251070,100,0.49,0.05511828884482384,0.45139312744140625,12.492445945739746,393.9564514160156
251071,82,0.35365853658536583,0.17641820013523102,0.486515074968338,11.768467903137207,677.8187866210938
251072,100,0.49,0.11610616743564606,0.45463258028030396,9.592731475830078,875.468017578125
251073,100,0.43,0.07508481293916702,0.5400510430335999,6.532923698425293,520.4036254882812
251074,100,0.5,-0.012259956449270248,0.46165260672569275,2.8504281044006348,612.3153686523438
251075,100,0.48,0.03494914993643761,0.5900386571884155,9.128999710083008,607.4901733398438
251076,100,0.54,0.012440676800906658,0.49682003259658813,7.387159824371338,821.1991577148438
251077,100,0.62,0.06398816406726837,0.501361072063446,9.301101684570312,1278.2113037109375
251078,100,0.52,0.03875921294093132,0.4446573257446289,10.23927116394043,1338.8084716796875
251079,100,0.49,0.039801038801670074,0.459924578666687,7.009604454040527,613.9057006835938
251080,100,0.48,0.030277512967586517,0.4412723183631897,5.2685065269470215,567.1484985351562
251081,100,0.45,0.09825406968593597,0.5063326954841614,14.753337860107422,1807.9552001953125
251082,100,0.43,0.09701095521450043,0.4887218177318573,8.46136474609375,589.7988891601562
251083,100,0.54,0.026857540011405945,0.5213850140571594,5.959897518157959,754.4344482421875
251084,100,0.58,0.0505569726228714,0.46622130274772644,9.656140327453613,428.6525573730469
251085,50,0.38,0.1865202784538269,0.5561873316764832,8.743943214416504,702.2919311523438
251086,100,0.51,0.08183430880308151,0.49235403537750244,8.640048027038574,927.7689819335938
251087,15,0.5333333333333333,0.3619324266910553,0.5233343839645386,5.001978397369385,1262.1910400390625
251088,100,0.57,0.10375764966011047,0.5285750031471252,11.598180770874023,560.9816284179688
251089,100,0.48,0.07454588264226913,0.4469016194343567,8.069067001342773,123.53089141845703
251090,100,0.56,-0.036026835441589355,0.48643016815185547,6.317557334899902,1389.8863525390625
251091,100,0.55,0.0497579388320446,0.49679243564605713,7.820323944091797,632.5118408203125
251092,100,0.51,0.15891286730766296,0.5756991505622864,12.067843437194824,551.2364501953125
251093,100,0.52,0.022334393113851547,0.450868159532547,9.157875061035156,915.8772583007812
251094,100,0.52,0.08374940603971481,0.4357176721096039,8.599834442138672,426.5906982421875
251095,100,0.58,0.025115955621004105,0.4810967743396759,6.88075065612793,435.237060546875
251096,100,0.55,0.056290462613105774,0.4230831265449524,10.032381057739258,493.0232849121094
251097,100,0.46,0.035643648356199265,0.4599045515060425,5.345880031585693,730.2994995117188
251098,100,0.56,-0.022959530353546143,0.4565562903881073,5.968301773071289,433.7289123535156
251099,53,0.5283018867924528,-0.05089524760842323,0.5029219388961792,3.783379316329956,1126.64111328125
251100,100,0.46,-0.0474562905728817,0.48369497060775757,7.082996845245361,1134.1573486328125
251101,100,0.42,-0.013615239411592484,0.4181428551673889,4.619368076324463,641.8922119140625
251102,78,0.5897435897435898,0.035105060786008835,0.49318939447402954,6.107344150543213,948.0874633789062
251103,100,0.5,-0.027781212702393532,0.48983150720596313,4.533017635345459,419.063720703125
251104,32,0.8125,0.1455478072166443,0.6811764240264893,8.34010124206543,469.3660888671875
251105,100,0.5,0.030571717768907547,0.5218258500099182,8.266519546508789,595.2206420898438
251106,100,0.49,0.10745236277580261,0.4732095003128052,12.48388385772705,593.7385864257812
251107,100,0.53,0.1042129397392273,0.4217201769351959,11.378384590148926,844.0313110351562
251108,100,0.56,0.05328845977783203,0.4629230797290802,7.886677265167236,683.7108154296875
251109,100,0.57,0.03013269230723381,0.5156518816947937,7.321134090423584,1046.125732421875
251110,100,0.49,-0.018753264099359512,0.5059311985969543,2.8164632320404053,767.5645751953125
251111,100,0.56,0.020056860521435738,0.47361403703689575,7.239688873291016,706.815673828125
251112,100,0.5,-0.10118913650512695,0.5240963101387024,3.5120980739593506,1151.4429931640625
251113,100,0.51,0.04828402400016785,0.48282182216644287,9.903155326843262,552.7212524414062
251114,100,0.49,-0.0010804722551256418,0.43205955624580383,5.350671291351318,894.4482421875
251115,56,0.4107142857142857,0.08551827818155289,0.5008115768432617,7.054862022399902,565.8406982421875
251116,100,0.51,0.006447905208915472,0.48148155212402344,6.647860050201416,762.8424682617188
251117,100,0.42,-0.2201361358165741,0.5063627362251282,1.5798051357269287,1340.3470458984375
251118,100,0.52,-0.010220511816442013,0.49687913060188293,4.7199811935424805,932.9391479492188
251119,100,0.49,-0.14571480453014374,0.526391327381134,1.9436990022659302,843.9778442382812
251120,100,0.52,0.04264510050415993,0.454824298620224,6.820985317230225,818.6473388671875
251121,100,0.58,0.032786011695861816,0.4899350702762604,11.545821189880371,572.9085693359375
251122,100,0.58,0.10234279185533524,0.4179812967777252,13.54620361328125,410.5279541015625
251123,55,0.4727272727272727,0.07272503525018692,0.44653552770614624,9.944514274597168,296.39947509765625
251124,100,0.58,0.029061362147331238,0.46391260623931885,8.414565086364746,988.8670043945312
251125,100,0.51,0.017767827957868576,0.4760580360889435,9.17541217803955,667.8563842773438
251126,100,0.51,0.028418248519301414,0.4709470570087433,4.160827159881592,633.1248168945312
251127,100,0.59,0.09678209573030472,0.4912172555923462,8.262679100036621,539.2064208984375
251128,100,0.48,0.13149170577526093,0.4520433843135834,13.114084243774414,590.0391235351562
251129,40,0.525,0.05596370995044708,0.5174486041069031,3.8957314491271973,1021.087158203125
251130,100,0.55,0.0777253583073616,0.5709461569786072,7.581056594848633,1202.46630859375
251131,100,0.46,-0.032428041100502014,0.5069170594215393,4.165409088134766,898.132568359375
251132,100,0.5,-0.043722543865442276,0.5231795907020569,3.0557730197906494,965.823974609375
251133,100,0.55,-0.021696558222174644,0.5029721856117249,6.164586067199707,347.1064147949219
251134,100,0.44,0.017352821305394173,0.5100114941596985,5.810767650604248,644.7913208007812
251135,100,0.46,0.09026704728603363,0.42773282527923584,8.688311576843262,1160.4638671875
251136,53,0.39622641509433965,0.09406455606222153,0.42246001958847046,6.466067314147949,1203.6981201171875
251137,100,0.42,0.06202158331871033,0.46583035588264465,7.056282997131348,277.127197265625
251138,100,0.51,-0.1384507417678833,0.5201740860939026,2.0652859210968018,1617.7572021484375
251139,100,0.63,0.029914552345871925,0.45371168851852417,8.680136680603027,492.60906982421875
251140,15,0.7333333333333333,-0.09604540467262268,0.3726271986961365,0.6086820363998413,681.7257690429688
251141,95,0.49473684210526314,0.09596140682697296,0.5188027620315552,10.795740127563477,626.6029052734375
251142,100,0.49,0.062126778066158295,0.47311094403266907,7.855413436889648,800.0460815429688
251143,100,0.51,0.03382818028330803,0.5349893569946289,4.757835388183594,169.0048065185547
251144,100,0.45,-0.07073231041431427,0.4665350914001465,4.543806552886963,1118.8443603515625
251145,100,0.54,0.04937845841050148,0.4594082236289978,9.519672393798828,175.2987060546875
251146,100,0.6,-0.010237631388008595,0.4961662292480469,4.7328715324401855,1387.4215087890625
251147,100,0.57,-0.0024253809824585915,0.5640066266059875,4.719131946563721,663.1560668945312
251148,100,0.51,-0.04329826682806015,0.45259639620780945,4.5829033851623535,810.0189819335938
251149,100,0.48,0.11551783233880997,0.53507000207901,9.887611389160156,767.1778564453125
251150,100,0.49,-0.02608117274940014,0.49573779106140137,5.012059211730957,715.4860229492188
251151,18,0.3888888888888889,0.2189316749572754,0.6314346194267273,3.334798812866211,567.9444580078125
251152,100,0.5,0.011496566236019135,0.561771035194397,6.472332954406738,543.3641967773438
251153,100,0.45,0.1143820732831955,0.493748277425766,11.43447494506836,370.23858642578125
251154,100,0.43,0.06960505992174149,0.5115215182304382,10.680924415588379,928.65283203125
251155,100,0.44,0.05332699790596962,0.4531833827495575,7.918544292449951,825.5716552734375
251156,100,0.49,0.047271691262722015,0.5327703952789307,5.18843936920166,1363.8795166015625
251157,100,0.48,0.057075053453445435,0.4831257462501526,8.540301322937012,436.4141845703125
251158,100,0.43,-0.02065255492925644,0.5854279398918152,3.903195858001709,1138.6890869140625
251159,100,0.47,0.055821407586336136,0.47815707325935364,6.068089008331299,1331.1553955078125
251160,100,0.53,0.029380938038229942,0.43501773476600647,7.536566257476807,1022.4490356445312
251161,100,0.48,-0.06308231502771378,0.4866520166397095,4.467410564422607,1205.1478271484375
251162,100,0.47,0.006797274574637413,0.4755314290523529,5.610089302062988,1111.3287353515625
251163,100,0.47,0.10407626628875732,0.5291517376899719,10.768336296081543,845.9566040039062
251164,100,0.44,0.12583674490451813,0.49872249364852905,11.21127700805664,652.9884033203125
251165,100,0.58,-0.01742754876613617,0.4696040451526642,4.661881923675537,917.693115234375
251166,100,0.51,0.02844342030584812,0.5483515858650208,6.143617153167725,439.7962951660156
251167,100,0.62,-0.03874754533171654,0.48559650778770447,3.1174657344818115,1069.1810302734375
251168,100,0.56,-0.021561715751886368,0.5060759782791138,5.143949508666992,261.3734130859375
251169,100,0.48,-0.03341907635331154,0.4993489682674408,6.063342094421387,1303.197265625
251170,100,0.57,0.01140714529901743,0.5458124279975891,6.461331367492676,439.6961364746094
251171,100,0.48,0.06661053001880646,0.5155920386314392,5.442060470581055,925.8181762695312
251172,100,0.61,0.07612840831279755,0.4764094352722168,12.422220230102539,164.18118286132812
251173,21,0.38095238095238093,0.06829245388507843,0.458011656999588,2.4304027557373047,1225.379638671875
251174,67,0.5373134328358209,0.05390416458249092,0.536020040512085,8.569890975952148,1218.6376953125
251175,100,0.52,0.0033920854330062866,0.543536365032196,4.652914047241211,1071.210693359375
251176,100,0.51,0.05422986298799515,0.5223055481910706,5.797769546508789,356.1999206542969
251177,74,0.581081081081081,0.058304332196712494,0.5377723574638367,8.939326286315918,1001.1656494140625
251178,100,0.53,0.06915991008281708,0.5191733837127686,7.400242805480957,818.64501953125
251179,77,0.4155844155844156,0.10830263793468475,0.5462704300880432,9.141834259033203,788.9141235351562
251180,100,0.56,0.05545581132173538,0.4882703125476837,7.835235118865967,1146.6922607421875
251181,100,0.49,-0.006617163307964802,0.5002575516700745,3.850508689880371,1512.1873779296875
251182,100,0.51,0.027319759130477905,0.40471139550209045,8.749695777893066,507.3379211425781
251183,100,0.53,0.07055164128541946,0.5043405294418335,11.19980239868164,686.3749389648438
251184,100,0.5,0.11886144429445267,0.4155465364456177,11.807097434997559,1278.55322265625
251185,44,0.4772727272727273,0.04477495700120926,0.5788707733154297,7.882641792297363,514.13720703125
251186,100,0.44,0.0833313837647438,0.46354299783706665,9.692468643188477,593.6862182617188
251187,100,0.55,-0.06538455188274384,0.5817884802818298,2.9353437423706055,1425.3392333984375
251188,100,0.49,0.09752918779850006,0.4480434060096741,10.173803329467773,405.40289306640625
251189,100,0.56,0.07423127442598343,0.4685037434101105,11.958351135253906,232.04762268066406
251190,100,0.55,0.030440770089626312,0.5398386716842651,4.640632152557373,215.439453125
251191,100,0.59,0.03292094171047211,0.5150067210197449,9.093707084655762,794.45458984375
251192,100,0.5,0.04752082750201225,0.4322301149368286,6.153557300567627,531.86572265625
251193,100,0.49,-0.0027232742868363857,0.5713098645210266,4.420391082763672,1016.4852294921875
251194,100,0.48,-0.006550113204866648,0.49286600947380066,5.710892200469971,657.1201782226562
251195,41,0.34146341463414637,0.020220011472702026,0.48322078585624695,4.318682670593262,1270.529296875
251196,78,0.5384615384615384,0.05656491965055466,0.5100210309028625,4.776570796966553,567.4046630859375
251197,100,0.54,-0.022441012784838676,0.46424344182014465,5.682013511657715,778.1851806640625
251198,100,0.44,0.005493260454386473,0.5148171782493591,5.1692214012146,772.7683715820312
251199,100,0.49,-0.039784837514162064,0.5403315424919128,2.8646035194396973,1307.6717529296875
251200,100,0.52,0.01454201154410839,0.5278323292732239,7.004329681396484,627.2636108398438
251201,100,0.46,0.0750681608915329,0.48340490460395813,8.162568092346191,344.5103454589844
251202,100,0.44,0.05999957397580147,0.4427221119403839,10.257770538330078,874.114013671875
251203,100,0.5,0.08001168072223663,0.4748696982860565,8.60763168334961,1220.6820068359375
251204,100,0.42,0.11122241616249084,0.4798821806907654,9.159292221069336,261.61566162109375
251205,19,0.47368421052631576,0.20159214735031128,0.5963243246078491,2.5107576847076416,1011.7640380859375
251206,100,0.42,-0.047978758811950684,0.48131489753723145,4.39004373550415,558.9788818359375
251207,100,0.54,-0.24728482961654663,0.49672675132751465,1.4085310697555542,1478.807861328125
251208,100,0.6,0.06486013531684875,0.45395025610923767,8.914348602294922,587.8209838867188
251209,37,0.5405405405405406,-0.11148595809936523,0.4529440999031067,2.340148687362671,562.4583129882812
251210,100,0.55,-0.0906260758638382,0.4923182725906372,2.954072952270508,462.47637939453125
251211,100,0.71,-0.015024561434984207,0.39760053157806396,6.284817695617676,936.08447265625
251212,100,0.57,0.009083017706871033,0.45570945739746094,4.527273178100586,796.9759521484375
251213,100,0.46,-0.09993982315063477,0.4749854803085327,3.9035208225250244,1268.7657470703125
251214,100,0.5,-0.12465020269155502,0.4558986723423004,2.2354047298431396,838.22900390625
251215,100,0.54,-0.203303724527359,0.5254158973693848,1.092848539352417,1359.4835205078125
251216,100,0.58,-0.20488129556179047,0.5012381672859192,1.1827956438064575,1422.6431884765625
251217,100,0.55,-0.08047280460596085,0.43087249994277954,2.706446886062622,1035.1473388671875
251218,100,0.55,0.07219512015581131,0.43277326226234436,5.42542839050293,1312.651611328125
251219,100,0.47,-0.014226284809410572,0.47380393743515015,5.04170036315918,230.32147216796875
251220,100,0.64,0.07568591833114624,0.47056347131729126,8.998296737670898,688.6292724609375
251221,100,0.47,0.06408023834228516,0.4463731348514557,5.803369045257568,205.17745971679688
251222,100,0.43,-0.10844027996063232,0.41598063707351685,2.204937219619751,558.6444091796875
251223,100,0.44,0.03145720064640045,0.554377555847168,5.00035285949707,1193.7476806640625
251224,100,0.48,-0.07999109476804733,0.4712520241737366,3.7270498275756836,704.5157470703125
251225,45,0.4888888888888889,-0.11017227917909622,0.5612406134605408,2.4992825984954834,301.22528076171875
251226,100,0.46,-0.12993979454040527,0.4752962589263916,3.649160861968994,1131.896240234375
251227,100,0.5,-0.02547212690114975,0.503402054309845,5.088865280151367,1590.2298583984375
251228,100,0.47,-0.22345255315303802,0.5064589381217957,0.8458783030509949,1474.1468505859375
251229,100,0.46,-0.2904323637485504,0.43732279539108276,0.6683712601661682,1412.107666015625
251230,100,0.47,-0.04883766174316406,0.5482692122459412,3.8433449268341064,454.60986328125
251231,100,0.49,-0.024928195402026176,0.4949081540107727,3.967642307281494,621.7260131835938
251232,100,0.52,-0.12439729273319244,0.4691922962665558,3.159003257751465,782.312255859375
251233,100,0.53,-0.07022091001272202,0.5461327433586121,4.786189556121826,730.1783447265625
251234,100,0.49,-0.012540544383227825,0.5108881592750549,4.035665988922119,841.7012939453125
251235,100,0.54,0.0876433253288269,0.5391947627067566,8.2264986038208,961.4756469726562
251236,100,0.51,-0.09741948544979095,0.5082470178604126,2.0906784534454346,526.1663208007812
251237,100,0.53,0.021675145253539085,0.5561028122901917,4.240492820739746,368.6380920410156
251238,100,0.47,-0.05591781064867973,0.5058331489562988,3.828529119491577,929.9107055664062
251239,62,0.46774193548387094,-0.08734834939241409,0.553139865398407,2.1406049728393555,1183.426513671875
251240,100,0.55,0.12553974986076355,0.45915812253952026,8.741074562072754,902.2758178710938
251241,100,0.57,0.08368244767189026,0.471636027097702,7.778781890869141,366.459228515625
251242,100,0.46,0.16723300516605377,0.4392505884170532,12.719141960144043,608.4797973632812
251243,100,0.5,0.08798239380121231,0.5143751502037048,9.0490083694458,517.9385375976562
251244,100,0.54,0.06374922394752502,0.4152354896068573,7.019405364990234,801.0567626953125
251245,15,0.4,0.15594172477722168,0.6506251096725464,1.6358397006988525,1473.6072998046875
251246,100,0.49,0.0943828672170639,0.46141520142555237,6.599493980407715,990.4021606445312
251247,100,0.42,0.09522721916437149,0.4652650058269501,7.036311149597168,479.3069763183594
251248,100,0.55,-0.07183521240949631,0.46985578536987305,2.1716256141662598,520.3113403320312
251249,100,0.5,0.11639629304409027,0.5005204677581787,8.58774185180664,1208.9344482421875
251250,100,0.57,0.0617666095495224,0.4412080943584442,8.332123756408691,324.42999267578125
251251,39,0.5384615384615384,0.07203052192926407,0.5380256175994873,3.60319447517395,918.7037353515625
251252,100,0.53,-0.015511441975831985,0.49891844391822815,4.361727714538574,477.5025634765625
251253,100,0.45,0.1256421059370041,0.4724235534667969,14.675869941711426,822.3911743164062
251254,100,0.47,0.0016188975423574448,0.47170600295066833,4.67744779586792,597.9819946289062
251255,100,0.51,0.13441169261932373,0.4767396152019501,9.521056175231934,510.57159423828125
251256,100,0.59,-0.02100452035665512,0.4642152190208435,5.900485992431641,272.1743469238281
251257,100,0.51,-0.015204723924398422,0.45709237456321716,4.3735880851745605,1057.02490234375
251258,100,0.48,0.0021502163726836443,0.5210995674133301,7.229309558868408,1031.0582275390625
251259,26,0.5769230769230769,0.0648699551820755,0.46925532817840576,3.2444677352905273,1524.3668212890625
251260,13,0.5384615384615384,0.18187999725341797,0.43550220131874084,5.510743141174316,741.6502075195312
251261,100,0.41,0.12182706594467163,0.4882594347000122,10.684381484985352,1020.6017456054688
251262,100,0.52,0.04310557618737221,0.49729403853416443,7.9736008644104,1142.103515625
251263,100,0.52,0.045063309371471405,0.4591136872768402,5.308582782745361,1446.837158203125
251264,100,0.59,-0.012663367204368114,0.5707042217254639,5.293588161468506,801.792236328125
251265,100,0.47,0.048627953976392746,0.4537447690963745,5.950871467590332,1034.64892578125
251266,100,0.47,-0.01907067932188511,0.4400012195110321,4.109566688537598,1340.15087890625
251267,100,0.43,-0.05217123031616211,0.4567766785621643,1.996637225151062,900.8522338867188
251268,100,0.39,0.061157338321208954,0.5402699708938599,3.8111963272094727,252.24658203125
251269,100,0.42,-0.06119265407323837,0.4232020676136017,2.3362154960632324,1448.2950439453125
251270,100,0.47,0.11862258613109589,0.404972642660141,10.1083984375,793.6248779296875
251271,100,0.6,0.016437027603387833,0.4317091107368469,5.274725914001465,911.5188598632812
251272,100,0.52,-0.2127409130334854,0.4697180688381195,1.9327586889266968,365.50311279296875
251273,41,0.5365853658536586,0.009979605674743652,0.45470061898231506,2.8334474563598633,1286.3509521484375
251274,100,0.5,-0.060365281999111176,0.4416940212249756,5.346194267272949,1565.429931640625
251275,100,0.47,-0.12560990452766418,0.5368531942367554,1.8302056789398193,1108.384033203125
251276,100,0.4,-0.04622941464185715,0.4233541488647461,4.41977596282959,359.956298828125
251277,100,0.49,0.10683545470237732,0.42322245240211487,12.74081039428711,285.3529052734375
251278,100,0.58,-0.05331908538937569,0.545042097568512,3.6456305980682373,1700.5035400390625
251279,100,0.53,0.022178396582603455,0.5597477555274963,6.314722061157227,1131.64794921875
251280,100,0.51,-0.0005424647824838758,0.46452459692955017,8.50406265258789,667.5784301757812
251281,45,0.4666666666666667,0.10900750756263733,0.5907226204872131,4.726371765136719,1310.94091796875
251282,100,0.54,0.1112414002418518,0.5377346873283386,8.156288146972656,1348.43994140625
251283,100,0.38,0.07386429607868195,0.47373905777931213,8.178350448608398,124.24671173095703
251284,13,0.6923076923076923,0.30855873227119446,0.5940908193588257,6.18961763381958,469.52301025390625
251285,100,0.47,-0.2761766016483307,0.5349072217941284,0.871280312538147,1307.08056640625
251286,50,0.44,0.11762067675590515,0.4965384900569916,5.04576301574707,698.3915405273438
251287,100,0.5,0.08868017792701721,0.5016098022460938,8.360760688781738,1183.5020751953125
251288,100,0.5,0.09591135382652283,0.5061370134353638,13.461050987243652,422.1041259765625
251289,100,0.43,0.09896669536828995,0.488330215215683,7.776241302490234,705.0439453125
251290,100,0.65,0.03459872305393219,0.48307570815086365,7.502892971038818,296.2461242675781
251291,100,0.51,-0.016827290877699852,0.48454299569129944,5.7980122566223145,1077.5439453125
251292,100,0.59,0.03636773303151131,0.42664793133735657,6.668798446655273,749.1524047851562
251293,100,0.56,0.08956735581159592,0.47392892837524414,8.89884090423584,1540.4932861328125
251294,100,0.5,0.0296249371021986,0.47417569160461426,12.335405349731445,320.32281494140625
251295,100,0.49,0.018336080014705658,0.46450722217559814,6.473896503448486,1045.72314453125
251296,100,0.57,-0.018207775428891182,0.4662688076496124,4.1995038986206055,1172.227294921875
251297,100,0.61,-0.008630728349089622,0.6530991792678833,5.2935967445373535,871.3577270507812
251298,20,0.4,0.170160174369812,0.6641623377799988,3.3140196800231934,1402.5386962890625
251299,100,0.49,-0.14867767691612244,0.544897198677063,1.6055397987365723,773.4739379882812
251300,100,0.56,0.03569268062710762,0.4533737897872925,5.581028461456299,1291.4517822265625
251301,100,0.45,-0.11765560507774353,0.5756546258926392,1.9252241849899292,1264.702880859375
251302,100,0.48,-0.2403957098722458,0.5263216495513916,1.4467861652374268,532.4414672851562
251303,100,0.54,0.11835306137800217,0.48614880442619324,7.251277446746826,1264.039794921875
251304,100,0.52,-0.08643898367881775,0.4888547956943512,3.9061501026153564,1259.091064453125
251305,100,0.45,0.03238222748041153,0.5027960538864136,5.036149501800537,1277.8729248046875
251306,100,0.46,-0.0010432808194309473,0.5128670930862427,4.656975269317627,855.2023315429688
251307,100,0.48,-0.0814678892493248,0.480650395154953,3.5217251777648926,1071.341796875
251308,100,0.5,-0.014979477040469646,0.58402419090271,5.429227828979492,1488.0892333984375
251309,100,0.48,-0.06333451718091965,0.49054384231567383,3.718151807785034,725.6532592773438
251310,21,0.5238095238095238,0.06407444924116135,0.42522668838500977,4.995048999786377,800.7409057617188
251311,68,0.5294117647058824,-0.016186553984880447,0.544509768486023,2.8996307849884033,910.5831298828125
251312,100,0.54,0.02491341345012188,0.49833887815475464,11.581682205200195,581.528076171875
251313,100,0.47,-0.06818743795156479,0.5054718852043152,2.2169694900512695,393.1070556640625
251314,100,0.46,0.03832114860415459,0.45766526460647583,7.403718948364258,429.36602783203125
251315,12,0.4166666666666667,0.5073562860488892,0.6394205093383789,6.354740619659424,1512.9234619140625
251316,100,0.47,-0.018833063542842865,0.4926937520503998,4.214121341705322,410.5054016113281
251317,100,0.51,-0.07233055680990219,0.46262016892433167,2.0553343296051025,915.2225341796875
251318,37,0.40540540540540543,0.03932550922036171,0.609621524810791,4.056398391723633,797.5873413085938
251319,100,0.57,-0.04824125021696091,0.5283173322677612,2.1746902465820312,605.4812622070312
251320,100,0.54,-0.07908859103918076,0.48974940180778503,2.338253974914551,1469.5714111328125
251321,100,0.52,-0.018105896189808846,0.4298742711544037,7.700836181640625,830.3685302734375
251322,100,0.43,-0.17293749749660492,0.45148277282714844,2.552245855331421,1000.2626342773438
251323,100,0.48,-0.021665573120117188,0.4822337329387665,6.009259223937988,841.465087890625
251324,100,0.63,0.021405890583992004,0.5491233468055725,6.602741718292236,1289.6728515625
251325,100,0.48,0.14440244436264038,0.5033091306686401,12.947919845581055,735.90771484375
251326,100,0.44,-0.08691675961017609,0.5053558945655823,2.595823049545288,1443.52294921875
251327,36,0.6111111111111112,-0.07053214311599731,0.45716843008995056,2.0899417400360107,749.954345703125
251328,15,0.8,0.13330553472042084,0.42058929800987244,5.281240940093994,1865.748291015625
251329,37,0.5675675675675675,0.09122876077890396,0.3520287275314331,3.7384133338928223,215.13160705566406
251330,100,0.49,-0.009472068399190903,0.46972396969795227,2.7691867351531982,1251.357666015625
251331,100,0.53,0.174190953373909,0.4126829504966736,12.719427108764648,668.2236938476562
251332,11,0.36363636363636365,-0.07335929572582245,0.32209593057632446,0.7492177486419678,385.53936767578125
251333,53,0.4339622641509434,0.16359040141105652,0.4995737671852112,12.162873268127441,527.5098266601562
251334,50,0.48,0.1837051659822464,0.4456231892108917,9.521946907043457,956.4971313476562
251335,100,0.53,-0.06774016469717026,0.5648537874221802,7.047033786773682,993.2976684570312
251336,100,0.48,0.08972648531198502,0.480743944644928,8.669325828552246,1263.0235595703125
251337,55,0.5272727272727272,0.1338549554347992,0.30526334047317505,9.566449165344238,475.2527770996094
251338,100,0.48,0.061422526836395264,0.42878782749176025,7.975034713745117,812.8753051757812
251339,100,0.48,0.012180295772850513,0.4857228696346283,6.204760551452637,1607.7205810546875
251340,41,0.4878048780487805,-0.11425813287496567,0.5247457027435303,1.3338103294372559,1324.3941650390625
251341,55,0.5818181818181818,-0.008397761732339859,0.5370614528656006,3.1618521213531494,1499.0638427734375
251342,100,0.6,0.08615168929100037,0.4328175485134125,11.751874923706055,791.65673828125
251343,100,0.61,-0.08490876108407974,0.5237129330635071,5.188607692718506,177.45211791992188
251344,100,0.49,-0.0310098584741354,0.5178369283676147,2.4785971641540527,1216.93310546875
251345,100,0.6,0.07772209495306015,0.44731077551841736,9.828109741210938,229.0806427001953
251346,100,0.46,0.036501698195934296,0.4557247459888458,7.409458637237549,671.7382202148438
251347,100,0.55,0.12000423669815063,0.5165291428565979,14.596793174743652,695.8267211914062
251348,100,0.55,0.0283733569085598,0.4855431020259857,7.0674943923950195,484.536376953125
251349,100,0.58,-0.05567045137286186,0.4387204349040985,3.181185245513916,1120.5052490234375
251350,100,0.55,0.00673833629116416,0.49297666549682617,6.458733081817627,760.4733276367188
251351,100,0.55,0.0066553521901369095,0.4001811444759369,3.8181838989257812,916.7185668945312
251352,100,0.42,0.029794927686452866,0.5114649534225464,11.046947479248047,629.8195190429688
251353,100,0.5,-0.04412955418229103,0.49093714356422424,2.925313949584961,1539.29345703125
251354,100,0.37,0.09926183521747589,0.5389533638954163,8.352124214172363,1440.596923828125
251355,100,0.49,-0.08551057428121567,0.4520453214645386,2.720353364944458,942.5131225585938
251356,100,0.41,0.05148456245660782,0.44633248448371887,6.6792893409729,1404.6029052734375
251357,100,0.5,-0.267152339220047,0.44322067499160767,1.2941476106643677,653.5836181640625
251358,100,0.53,-0.08580523729324341,0.5859366059303284,3.5424633026123047,385.64697265625
251359,42,0.5476190476190477,-0.004038564395159483,0.5375428795814514,2.8621723651885986,1136.7266845703125
251360,100,0.5,-0.04884318262338638,0.42422789335250854,5.5660834312438965,1206.7532958984375
251361,100,0.47,-0.08155926316976547,0.5154999494552612,2.1592519283294678,1052.78515625
251362,100,0.5,-0.12240831553936005,0.49486759305000305,4.130619049072266,766.072509765625
251363,100,0.57,-0.20661643147468567,0.4870958626270294,2.282195806503296,458.12969970703125
251364,100,0.47,-0.25340282917022705,0.5222118496894836,0.7523212432861328,607.4740600585938
251365,100,0.49,-0.07183843851089478,0.5250266790390015,4.346240520477295,1250.505126953125
251366,100,0.52,-0.019882114604115486,0.46384987235069275,4.223512649536133,604.2959594726562
251367,69,0.42028985507246375,-0.08646473288536072,0.4960523545742035,3.658456325531006,584.0381469726562
251368,100,0.58,-0.08770586550235748,0.48782971501350403,2.5573160648345947,1035.1031494140625
251369,100,0.51,0.012760918587446213,0.4864143431186676,4.721009731292725,541.114990234375
251370,100,0.52,0.02872822806239128,0.4890500009059906,4.5990376472473145,635.2955932617188
251371,100,0.55,0.10339038074016571,0.4258802533149719,10.7412748336792,742.32568359375
251372,27,0.5555555555555556,0.12307628989219666,0.29648640751838684,5.352553367614746,1192.3824462890625
251373,100,0.6,-0.0940643772482872,0.4991208016872406,3.597667932510376,1434.393798828125
251374,100,0.39,-0.014884150587022305,0.49501726031303406,3.6846911907196045,871.6170654296875
251375,100,0.45,-0.004778464790433645,0.4397803246974945,4.046200275421143,988.7977294921875
251376,66,0.5,0.0352659672498703,0.50666344165802,5.033039569854736,520.6223754882812
251377,100,0.5,-0.033057089895009995,0.49517500400543213,4.457893371582031,711.7177124023438
251378,44,0.6818181818181818,0.2161075323820114,0.4893489480018616,15.975860595703125,1122.1170654296875
251379,100,0.56,-0.01473093032836914,0.5407061576843262,6.509542942047119,1151.8243408203125
251380,100,0.52,0.06012742966413498,0.48308148980140686,8.622743606567383,824.7047119140625
251381,100,0.56,-0.22886154055595398,0.4734134376049042,1.3910953998565674,900.204345703125
251382,100,0.5,-0.02830694615840912,0.48441678285598755,6.591439247131348,221.62794494628906
251383,100,0.57,0.0340910404920578,0.41208547353744507,8.059532165527344,1423.8365478515625
251384,100,0.43,-0.017840895801782608,0.4967634081840515,8.31574821472168,488.7876892089844
251385,100,0.55,0.004782715812325478,0.5152161717414856,9.138640403747559,967.7759399414062
251386,100,0.55,0.01958599127829075,0.5457376837730408,3.7062346935272217,1554.3096923828125
251387,100,0.56,-0.032854337245225906,0.49975255131721497,5.645459175109863,1195.79345703125
251388,28,0.42857142857142855,0.07842252403497696,0.5764425992965698,5.160667419433594,557.5086669921875
251389,100,0.58,0.0214712992310524,0.613285481929779,8.008090019226074,714.671875
251390,100,0.49,0.09652207791805267,0.49196717143058777,14.065337181091309,1057.76513671875
251391,6,0.16666666666666666,0.9235905408859253,0.6126679182052612,0.6157271265983582,603.626708984375
251392,50,0.52,0.16026529669761658,0.5189589262008667,13.488499641418457,1327.2286376953125
251393,100,0.51,-0.14495617151260376,0.46370816230773926,1.1975500583648682,960.9146118164062
251394,100,0.47,0.10744720697402954,0.5135466456413269,12.590898513793945,832.7943725585938
251395,100,0.55,-0.08124332129955292,0.4647579491138458,1.9239928722381592,1127.2593994140625
251396,92,0.6304347826086957,-0.09450345486402512,0.5711610913276672,2.062112331390381,771.9279174804688
251397,100,0.54,-0.16961000859737396,0.5140825510025024,1.6529171466827393,279.2494812011719
251398,100,0.46,-0.10841250419616699,0.5045020580291748,2.6459319591522217,1105.3624267578125
251399,47,0.5106382978723404,0.1027560904622078,0.5317817330360413,5.682584285736084,580.724609375
251400,29,0.5172413793103449,0.162034809589386,0.5431343913078308,4.636750221252441,984.8928833007812
251401,100,0.56,-0.07196766138076782,0.4572240114212036,5.098112106323242,723.1903686523438
251402,100,0.53,-0.011322487145662308,0.49452275037765503,2.7443625926971436,807.410888671875
251403,100,0.52,-0.1050616130232811,0.45336273312568665,3.9175949096679688,433.1602783203125
251404,100,0.47,-0.05680683255195618,0.5485230684280396,5.479516506195068,387.12298583984375
251405,100,0.48,-0.22435887157917023,0.4666385054588318,2.202301263809204,1361.7164306640625
251406,100,0.47,-0.26879799365997314,0.5401187539100647,0.9629518985748291,691.7117309570312
251407,100,0.54,-0.17214633524417877,0.4924106299877167,2.021986961364746,650.8801879882812
251408,100,0.49,-0.06234825775027275,0.4738396406173706,2.472851037979126,1450.435546875
251409,100,0.45,-0.06888513267040253,0.49053624272346497,5.405893325805664,965.1567993164062
251410,100,0.53,-0.24275335669517517,0.4366185963153839,1.109054446220398,953.5175170898438
251411,100,0.53,-0.03148959204554558,0.5940595269203186,1.8696115016937256,819.1160888671875
251412,100,0.51,-0.0961170494556427,0.49268174171447754,2.218615770339966,939.7474365234375
251413,100,0.52,-0.08230943977832794,0.48025479912757874,1.7087703943252563,1283.9024658203125
251414,38,0.4473684210526316,0.1283298134803772,0.5302001237869263,5.3628411293029785,1640.2486572265625
251415,100,0.54,-0.11871754378080368,0.485248863697052,3.0562925338745117,925.1383056640625
251416,100,0.49,-0.00019268965115770698,0.5086316466331482,8.535528182983398,844.8300170898438
251417,100,0.52,-0.19895611703395844,0.5221409201622009,1.3311282396316528,779.885498046875
251418,54,0.5925925925925926,-0.08183865994215012,0.6001911163330078,1.980763554573059,764.7662353515625
251419,100,0.54,-0.040604617446660995,0.5728915333747864,3.1424167156219482,479.67193603515625
251420,100,0.42,-0.0911194384098053,0.5460929870605469,3.486069679260254,1756.98974609375
251421,100,0.54,-0.08709672093391418,0.5352218151092529,4.1583356857299805,981.2649536132812
251422,100,0.53,-0.17451563477516174,0.36825260519981384,2.163555383682251,743.2760620117188
251423,100,0.34,0.13550661504268646,0.47823214530944824,8.294251441955566,893.168212890625
251424,100,0.5,-0.08594194054603577,0.5843989253044128,4.698064804077148,783.7598876953125
251425,100,0.6,0.06522705405950546,0.5616497993469238,7.822237014770508,306.1263122558594
251426,100,0.42,0.02798541449010372,0.45670291781425476,9.909207344055176,1163.501953125
251427,100,0.45,-0.08785124123096466,0.5488114356994629,2.1083719730377197,1539.2359619140625
251428,100,0.47,0.04906050115823746,0.5599013566970825,7.326533317565918,206.5951385498047
251429,100,0.54,-0.04765662923455238,0.48176488280296326,4.230912208557129,1154.641357421875
251430,100,0.51,-0.011677219532430172,0.5231481194496155,3.956385850906372,1417.94140625
251431,100,0.52,-0.0741313025355339,0.5312533974647522,2.550283432006836,561.751953125
251432,100,0.57,0.03903098404407501,0.447144478559494,4.7707719802856445,1453.04736328125
251433,100,0.45,0.08793199807405472,0.4799182415008545,9.854344367980957,1014.7249755859375
251434,97,0.4845360824742268,-0.039046116173267365,0.4624210596084595,5.088077545166016,900.69873046875
251435,15,0.4666666666666667,0.11152002960443497,0.3714280128479004,2.320319414138794,1669.3514404296875
251436,100,0.39,-0.07456333935260773,0.501571774482727,4.067933082580566,336.26043701171875
251437,26,0.5769230769230769,0.15902382135391235,0.3022822141647339,4.070242404937744,1174.2740478515625
251438,100,0.5,-0.038155194371938705,0.5201267004013062,6.122561454772949,684.8304443359375
251439,39,0.38461538461538464,0.23215743899345398,0.6195558905601501,8.895001411437988,1015.2034912109375
251440,100,0.42,-0.09695616364479065,0.5161682367324829,2.9246606826782227,1011.4239501953125
251441,45,0.5333333333333333,0.12733112275600433,0.5336579084396362,7.3874688148498535,1255.8914794921875
251442,100,0.47,-0.030573533847928047,0.49367472529411316,2.5473477840423584,553.7423706054688
251443,100,0.55,-0.06841737776994705,0.46454426646232605,3.1497128009796143,922.6829833984375
251444,42,0.47619047619047616,0.17302264273166656,0.43318167328834534,14.080217361450195,736.3057250976562
251445,100,0.57,0.032531775534152985,0.5463153123855591,11.584957122802734,1213.7327880859375
251446,100,0.54,-0.041279349476099014,0.46349290013313293,4.722412586212158,1062.0360107421875
251447,100,0.52,-0.1621590554714203,0.5030502676963806,2.6124820709228516,363.76611328125
251448,100,0.47,0.1219334602355957,0.5266226530075073,12.85948371887207,937.7298583984375
251449,100,0.45,-0.34145915508270264,0.4743086099624634,2.028398036956787,908.1753540039062
251450,100,0.55,-0.26364216208457947,0.5032399296760559,1.3436158895492554,1026.4635009765625
251451,28,0.4642857142857143,0.3699168562889099,0.4759201109409332,11.068951606750488,1552.059814453125
251452,100,0.45,-0.2221156507730484,0.48803943395614624,2.1004793643951416,643.4448852539062
251453,100,0.5,-0.03527379408478737,0.5151968598365784,5.1250081062316895,1374.1439208984375
251454,35,0.45714285714285713,0.18772540986537933,0.4955115020275116,5.475992202758789,560.88720703125
251455,38,0.5263157894736842,-0.007540685124695301,0.5707419514656067,4.299566745758057,908.1469116210938
251456,100,0.51,0.032139088958501816,0.5263758301734924,5.172445297241211,661.1815795898438
251457,100,0.52,0.0630459412932396,0.5048641562461853,5.393277645111084,695.8119506835938
251458,73,0.4931506849315068,0.16219936311244965,0.5086548328399658,7.901390552520752,488.72076416015625
251459,100,0.56,-0.0904659703373909,0.5659517645835876,3.8055481910705566,1415.4666748046875
251460,100,0.46,-0.12083960324525833,0.5141225457191467,2.772789239883423,413.8954772949219
251461,100,0.51,-0.1595270335674286,0.46693894267082214,1.9628729820251465,552.5679931640625
251462,100,0.43,0.04509176313877106,0.48016995191574097,5.57298469543457,1338.8681640625
251463,100,0.55,0.03138114511966705,0.5240620374679565,5.350353240966797,1855.211181640625
251464,100,0.42,0.014542861841619015,0.472074419260025,5.891073226928711,1021.95361328125
251465,47,0.5106382978723404,0.12056843191385269,0.5219674110412598,13.07625675201416,1281.1646728515625
251466,66,0.5454545454545454,-0.28264111280441284,0.44699826836586,0.5146879553794861,1555.0447998046875
251467,100,0.55,-0.17786329984664917,0.5138236880302429,1.1111127138137817,715.3423461914062
251468,100,0.42,0.05438899248838425,0.5549512505531311,4.977026462554932,526.2547607421875
251469,100,0.52,-0.04936389625072479,0.5217171311378479,3.241067886352539,781.0982055664062
251470,58,0.5517241379310345,0.06610828638076782,0.4627388119697571,2.047532796859741,2041.076416015625
251471,100,0.39,-0.1215159222483635,0.4566550552845001,2.2134523391723633,580.4791259765625
251472,100,0.54,-0.09273277968168259,0.4918905794620514,2.9717354774475098,1441.5894775390625
251473,100,0.54,-0.10033440589904785,0.44453704357147217,2.6778128147125244,1457.987060546875
251474,100,0.54,-0.21275311708450317,0.5581526160240173,1.1193479299545288,1250.72705078125
251475,100,0.46,0.019609950482845306,0.48721978068351746,4.336173057556152,639.8062133789062
251476,100,0.64,0.06243094801902771,0.44453540444374084,6.04336404800415,1131.4754638671875
251477,100,0.52,0.02763969637453556,0.4759790897369385,5.786706924438477,989.3876342773438
251478,100,0.52,-0.15398414433002472,0.5186370015144348,2.477950096130371,176.61087036132812
251479,77,0.5324675324675324,-0.16155089437961578,0.4995498061180115,0.7089475989341736,957.898193359375
251480,100,0.53,-0.022821707651019096,0.5499789118766785,6.295788764953613,646.9091796875
251481,100,0.49,-0.17502066493034363,0.491821825504303,1.4170297384262085,604.7210083007812
251482,100,0.55,0.040163036435842514,0.4557720124721527,6.4740705490112305,663.1871337890625
251483,100,0.47,-0.0797596275806427,0.5206426382064819,2.5915539264678955,443.6148681640625
251484,100,0.47,-0.07192452251911163,0.5523908138275146,3.407163619995117,1060.899169921875
251485,100,0.66,-0.19842368364334106,0.5218314528465271,1.685387372970581,1269.192626953125
251486,100,0.45,-0.27328047156333923,0.48988810181617737,1.1245099306106567,1705.6998291015625
251487,100,0.43,-0.2672249674797058,0.5290577411651611,1.9088131189346313,921.5189208984375
251488,100,0.56,0.03114980086684227,0.4046250581741333,7.007440090179443,1336.7041015625
251489,100,0.54,-0.0173940546810627,0.5655766129493713,3.140026807785034,1086.900146484375
251490,100,0.53,-0.07802070677280426,0.4909135103225708,2.7353742122650146,825.9515991210938
251491,100,0.55,-0.023498453199863434,0.5072800517082214,2.5982909202575684,1462.4075927734375
251492,100,0.5,-0.08052018284797668,0.48308199644088745,5.644372940063477,1315.9844970703125
251493,26,0.6153846153846154,0.06326984614133835,0.5529803037643433,5.535106182098389,925.6740112304688
251494,100,0.59,-0.1608850657939911,0.5557587146759033,1.9380837678909302,632.1489868164062
251495,70,0.5285714285714286,-0.12217090278863907,0.5297242403030396,1.7067190408706665,750.3974609375
251496,100,0.45,0.05842527747154236,0.5172663331031799,7.745215892791748,1102.2701416015625
251497,100,0.53,-0.20387279987335205,0.5039910078048706,1.512656569480896,736.146728515625
251498,100,0.54,-0.15915267169475555,0.5436782240867615,1.4734328985214233,493.09051513671875
251499,100,0.52,-0.09024739265441895,0.49826931953430176,6.229644775390625,1073.2386474609375
251500,100,0.42,-0.0022940528579056263,0.4750615954399109,4.083006381988525,394.71875
251501,100,0.5,0.10448749363422394,0.4798913300037384,7.9781365394592285,1067.7174072265625
251502,100,0.48,-0.01867184229195118,0.49540403485298157,5.140958309173584,713.8093872070312
251503,100,0.47,-0.009948736988008022,0.5258370041847229,10.365617752075195,173.2731170654297
251504,100,0.62,0.06331194192171097,0.5534905791282654,9.115657806396484,1373.28857421875
251505,100,0.49,-0.1774338185787201,0.4955121576786041,1.1473461389541626,421.4641418457031
251506,100,0.49,-0.23505021631717682,0.5520246624946594,1.3362585306167603,1190.483642578125
251507,100,0.4,-0.28806695342063904,0.5146394371986389,0.8870222568511963,787.482666015625
251508,100,0.45,-0.03124447911977768,0.5017152428627014,2.311821699142456,1125.384033203125
251509,100,0.57,-0.03730379045009613,0.5067058205604553,3.7516770362854004,879.416259765625
251510,41,0.5853658536585366,0.15791620314121246,0.4682610332965851,5.673534870147705,1038.83447265625
251511,100,0.47,-0.47900494933128357,0.5836884379386902,0.4066077470779419,720.5068359375
251512,100,0.6,-0.13128432631492615,0.45306453108787537,3.4609756469726562,850.9688110351562
251513,100,0.59,-0.14636637270450592,0.5060113668441772,2.5870449542999268,829.7067260742188
251514,2,0.5,0.23081675171852112,0.6584900617599487,0.9232664108276367,328.4353332519531
251515,100,0.52,-0.043017856776714325,0.5246546864509583,3.2759647369384766,405.7283630371094
251516,100,0.49,-0.1283257007598877,0.4347648322582245,1.310239553451538,774.4027099609375
251517,100,0.5,-0.1765211820602417,0.5780602097511292,1.1849303245544434,586.359130859375
251518,100,0.53,-0.16590182483196259,0.5047591924667358,2.0209851264953613,782.293701171875
251519,100,0.47,-0.13797612488269806,0.4971387982368469,3.8225455284118652,676.4628295898438
251520,100,0.53,-0.10059453547000885,0.45957109332084656,2.3985419273376465,706.7822265625
251521,100,0.53,0.04784039780497551,0.46360450983047485,10.548415184020996,1095.373291015625
251522,100,0.53,-0.10467538982629776,0.5164716839790344,1.8836101293563843,1182.3839111328125
251523,100,0.5,-0.3004491925239563,0.6187326908111572,1.1377428770065308,449.0040588378906
251524,100,0.54,-0.15190783143043518,0.5128133296966553,1.5242571830749512,782.6002197265625
251525,100,0.46,-0.22394344210624695,0.484649658203125,2.271662950515747,674.69921875
251526,34,0.5,0.08238884806632996,0.5543220639228821,6.67689847946167,769.081787109375
251527,100,0.52,-0.2199433445930481,0.5709021687507629,2.163137435913086,544.0147705078125
251528,100,0.4,-0.22293853759765625,0.4865249693393707,1.6747050285339355,846.207275390625
251529,100,0.46,-0.07399999350309372,0.450959712266922,2.757625102996826,1488.4781494140625
251530,100,0.61,-0.06084837764501572,0.5009296536445618,4.459674835205078,944.4927978515625
251531,100,0.55,-0.16521744430065155,0.5121822953224182,1.5777674913406372,1063.912353515625
251532,100,0.5,0.0718047171831131,0.47751784324645996,11.748392105102539,1004.12451171875
251533,100,0.53,-0.12316113710403442,0.5014868974685669,1.8660268783569336,919.9160766601562
251534,100,0.5,-0.17662888765335083,0.5549195408821106,2.501845598220825,1001.3388671875
251535,100,0.52,-0.11999872326850891,0.4829241931438446,2.2098538875579834,1107.216796875
251536,100,0.55,-0.04450833424925804,0.46568959951400757,6.149093151092529,670.846923828125
251537,100,0.46,-0.0340283028781414,0.514127790927887,3.7964136600494385,247.6102294921875
251538,100,0.44,-0.22689639031887054,0.49652257561683655,1.026939034461975,585.3317260742188
251539,100,0.56,-0.13788126409053802,0.44001302123069763,2.6680963039398193,779.9862060546875
251540,43,0.5116279069767442,0.08217478543519974,0.5093338489532471,8.376945495605469,1461.9501953125
251541,100,0.55,-0.21505281329154968,0.4142181873321533,1.3990097045898438,1416.2908935546875
251542,60,0.6,0.02336695045232773,0.4205346405506134,4.787943363189697,1405.425048828125
251543,100,0.48,-0.1309291422367096,0.5726605653762817,2.7778072357177734,633.7445678710938
251544,100,0.56,-0.15435051918029785,0.4546392261981964,1.6764565706253052,514.0751953125
251545,100,0.5,0.013536220416426659,0.5091205835342407,4.926533222198486,670.8361206054688
251546,100,0.46,-0.13203167915344238,0.48146337270736694,2.049962043762207,1250.1544189453125
251547,100,0.51,0.04331960901618004,0.43525102734565735,7.658240795135498,343.05499267578125
251548,100,0.54,-0.06593085825443268,0.47061824798583984,7.358898162841797,825.6851196289062
251549,100,0.52,-0.04408929497003555,0.5549829006195068,8.441788673400879,649.0579833984375
251550,100,0.54,0.008485767990350723,0.4536515176296234,4.684365749359131,1131.031494140625
251551,100,0.48,-0.0501185804605484,0.48010191321372986,3.9394712448120117,564.0968017578125
251552,100,0.53,-0.1294819414615631,0.4937366247177124,2.2613420486450195,1739.8218994140625
251553,57,0.543859649122807,0.04528931900858879,0.5005725026130676,7.268702030181885,657.4288940429688
251554,100,0.49,0.08824954926967621,0.5024282932281494,12.697368621826172,940.06982421875
251555,100,0.45,0.07828814536333084,0.5036748647689819,8.908934593200684,825.5284423828125
251556,5,0.6,0.6659337878227234,0.5259753465652466,6.5395917892456055,560.7985229492188
251557,25,0.64,0.05425918102264404,0.5430716872215271,5.279982089996338,1061.669677734375
251558,100,0.45,0.06910970062017441,0.4803198277950287,4.588423252105713,1008.835205078125
251559,100,0.53,0.016330476850271225,0.4550893306732178,5.9409050941467285,365.6390075683594
251560,100,0.5,0.051117442548274994,0.47712597250938416,5.031784534454346,1068.689208984375
251561,100,0.49,0.012034319341182709,0.480544775724411,9.658227920532227,1178.3394775390625
251562,100,0.52,-0.04729636386036873,0.5119296908378601,4.806758403778076,1064.0452880859375
251563,100,0.54,0.0138021195307374,0.5223197340965271,8.629688262939453,575.6271362304688
251564,100,0.5,0.03855936974287033,0.5899253487586975,5.82454776763916,1158.2044677734375
251565,100,0.47,-0.20378801226615906,0.507500410079956,1.0681358575820923,1181.6326904296875
251566,100,0.54,0.0023753235582262278,0.49041226506233215,5.155576705932617,604.97412109375
251567,85,0.47058823529411764,0.05547478049993515,0.5130532383918762,6.971306324005127,760.8213500976562
251568,100,0.43,-0.0041997372172772884,0.5101661086082458,3.733314275741577,1340.6195068359375
251569,100,0.47,-0.017431285232305527,0.43178707361221313,4.816943168640137,1045.22509765625
251570,100,0.59,0.03066200204193592,0.5059203505516052,6.583227634429932,835.3603515625
251571,35,0.5428571428571428,0.12663447856903076,0.44090867042541504,8.343339920043945,1508.2371826171875
251572,16,0.6875,-0.055618926882743835,0.40803441405296326,3.1940126419067383,634.3782958984375
251573,100,0.46,-0.16867761313915253,0.518916666507721,1.8195916414260864,594.1670532226562
251574,100,0.49,-0.2587129771709442,0.5833520889282227,1.000856637954712,802.9719848632812
251575,100,0.58,-0.39874234795570374,0.4673723578453064,0.3317488133907318,548.9181518554688
251576,100,0.49,0.10105369240045547,0.4761941134929657,7.227024078369141,1432.8953857421875
251577,16,0.6875,0.10000311583280563,0.36448949575424194,4.816963195800781,350.33172607421875
251578,100,0.54,-0.01743590086698532,0.5510132312774658,3.6274054050445557,1864.4473876953125
251579,100,0.6,-0.13018204271793365,0.5135693550109863,2.470564603805542,763.6826782226562
251580,100,0.48,-0.11093726754188538,0.5279431343078613,2.7128961086273193,784.8695678710938
251581,100,0.52,-0.05527645722031593,0.391566663980484,3.110183000564575,854.1909790039062
251582,100,0.55,-0.1421479433774948,0.44696876406669617,2.6943247318267822,956.3539428710938
251583,27,0.5555555555555556,-0.013750412501394749,0.41493090987205505,4.751840114593506,1342.450439453125
251584,5,0.4,0.4343046545982361,0.5101727843284607,0.9928119778633118,314.8288879394531
251585,100,0.49,-0.009371861815452576,0.4325908124446869,5.637747287750244,415.7026062011719
251586,57,0.47368421052631576,0.09621764719486237,0.4100591838359833,8.84377384185791,908.685791015625
251587,100,0.47,-0.0562903918325901,0.5511811971664429,4.430142879486084,607.1525268554688
251588,100,0.43,-0.05661352351307869,0.47996899485588074,2.7542812824249268,796.5115356445312
251589,100,0.41,-0.2062503695487976,0.4834690988063812,0.8517279028892517,479.6022033691406
251590,100,0.52,0.135931596159935,0.4343416690826416,11.276330947875977,661.6002807617188
251591,100,0.56,0.02484065666794777,0.44814375042915344,5.300553798675537,743.567138671875
251592,100,0.42,0.12374502420425415,0.43852078914642334,9.786966323852539,1262.743896484375
251593,100,0.51,0.04642976447939873,0.48465126752853394,8.046770095825195,608.4912719726562
251594,49,0.5510204081632653,0.07438373565673828,0.39421606063842773,8.007499694824219,858.9337158203125
