scene,steps,move_share,mean_move_param,mean_abs_turn_param,mean_speed_mps,final_distance_to_active_goal_m
250000,100,0.53,0.04027919843792915,0.42969274520874023,6.152307510375977,1244.2159423828125
250001,100,0.47,-0.05357551947236061,0.5337498784065247,5.471224308013916,692.6467895507812
250002,100,0.51,0.07460442185401917,0.4639407992362976,9.43056869506836,718.9498901367188
250003,100,0.54,-0.008171259425580502,0.5664297342300415,4.6874308586120605,1340.1427001953125
250004,47,0.3829787234042553,0.17746202647686005,0.3689597547054291,5.671848297119141,748.0424194335938
250005,100,0.5,0.04701671004295349,0.5062723755836487,6.439981460571289,1244.0728759765625
250006,87,0.5517241379310345,-0.027805641293525696,0.5355512499809265,4.34291410446167,1267.796875
250007,66,0.48484848484848486,0.2710704207420349,0.44920942187309265,18.20598030090332,1997.406005859375
250008,30,0.5,0.018033893778920174,0.42225542664527893,3.4953525066375732,1898.2303466796875
250009,100,0.6,0.02523076720535755,0.4766358733177185,13.381904602050781,748.6372680664062
250010,100,0.55,-0.0003215204633306712,0.4764059782028198,7.6146159172058105,1333.9072265625
250011,100,0.44,-0.020059429109096527,0.48623064160346985,3.6870832443237305,577.4730834960938
250012,78,0.6666666666666666,0.3692761957645416,0.5807814002037048,23.64113426208496,434.7699279785156
250013,100,0.8,-0.03883199766278267,0.4603995382785797,8.021714210510254,532.3164672851562
250014,100,0.87,0.002821501577273011,0.6246617436408997,9.39014720916748,1474.020263671875
250015,100,0.94,-0.03975939378142357,0.5568012595176697,6.5646843910217285,928.669677734375
250016,100,0.94,-0.05797722563147545,0.4259546995162964,4.66882848739624,744.9673461914062
250017,31,0.9354838709677419,0.27634450793266296,0.7196692824363708,19.59415626525879,583.5964965820312
250018,69,0.9130434782608695,0.1083884984254837,0.41081809997558594,19.56233024597168,1775.3358154296875
250019,43,0.9767441860465116,0.1112734004855156,0.4991008937358856,23.63697624206543,951.8683471679688
250020,16,1.0,0.10941781103610992,,10.1217041015625,1944.89697265625
250021,100,0.94,-0.02385007031261921,0.7554469108581543,5.485601425170898,624.8359375
250022,11,1.0,0.7144669890403748,,19.47225570678711,1786.875732421875
250023,100,0.9,0.0026210409123450518,0.5478642582893372,9.052009582519531,1492.152099609375
250024,49,0.9183673469387755,0.23966534435749054,0.679189920425415,29.162858963012695,1174.2669677734375
250025,82,0.9024390243902439,-0.05573853850364685,0.3467003405094147,5.7602057456970215,1897.5760498046875
250026,93,0.9032258064516129,0.07662686705589294,0.5451704859733582,12.736255645751953,699.1648559570312
250027,18,0.9444444444444444,0.1806972622871399,0.7156104445457458,10.712669372558594,1366.4200439453125
250028,61,0.9344262295081968,0.1496245563030243,0.546798825263977,16.569103240966797,1521.4000244140625
250029,47,0.9361702127659575,0.21029004454612732,0.7135079503059387,16.800968170166016,2105.146240234375
250030,100,0.97,-0.04601263627409935,0.4421595335006714,3.072218894958496,1565.837158203125
250031,100,0.93,0.024721527472138405,0.7409793734550476,10.306710243225098,217.74046325683594
250032,11,0.6363636363636364,0.5219976305961609,0.6227743625640869,4.795898914337158,2051.05908203125
250033,29,0.9655172413793104,0.24120251834392548,0.9375600218772888,17.033985137939453,1015.5679931640625
250034,73,0.9041095890410958,0.05100749805569649,0.4668671786785126,18.100561141967773,1588.0008544921875
250035,64,0.90625,0.159253790974617,0.4176468849182129,24.7757568359375,956.3690795898438
250036,100,0.93,-0.021707380190491676,0.6146469712257385,10.976161003112793,772.6261596679688
250037,42,0.9285714285714286,0.20298339426517487,0.5158938765525818,30.577375411987305,1624.005615234375
250038,6,0.6666666666666666,0.8342279195785522,0.17934046685695648,4.936555862426758,1024.611572265625
250039,100,0.89,-0.05702060088515282,0.3008592426776886,11.452672958374023,1533.1065673828125
250040,8,0.875,0.16641058027744293,0.5341096520423889,4.52874231338501,1018.1334228515625
250041,100,0.93,0.02075115032494068,0.398863822221756,11.521829605102539,1248.4727783203125
250042,63,0.9047619047619048,0.049193814396858215,0.6076892018318176,8.608382225036621,909.8715209960938
250043,14,0.8571428571428571,0.40397581458091736,0.11120923608541489,10.569161415100098,1535.2061767578125
250044,27,0.8518518518518519,0.2734786868095398,0.48888617753982544,17.9049015045166,695.998046875
250045,11,0.8181818181818182,0.6709421277046204,0.3784579038619995,12.360831260681152,918.4802856445312
250046,79,0.9493670886075949,0.04518852382898331,0.5467186570167542,12.26413631439209,520.0337524414062
250047,24,0.9583333333333334,0.4017316997051239,0.8512987494468689,22.654958724975586,853.8494873046875
250048,85,0.9529411764705882,0.09853904694318771,0.7373591661453247,23.695528030395508,1349.821044921875
250049,100,0.91,0.007497290149331093,0.6109796762466431,17.848857879638672,1212.5419921875
250050,100,0.93,-0.12966632843017578,0.587918221950531,5.197982311248779,816.7306518554688
250051,100,0.93,0.041838351637125015,0.4245049059391022,15.033317565917969,669.46142578125
250052,100,0.95,-0.046597760170698166,0.4584031105041504,9.3218355178833,812.253173828125
250053,100,0.91,-0.11084526032209396,0.4651024639606476,2.192392349243164,320.0514831542969
250054,77,0.922077922077922,0.07917079329490662,0.5320866703987122,27.413698196411133,1396.280517578125
250055,5,0.8,0.825230598449707,0.5116451382637024,6.247923851013184,1665.2510986328125
250056,100,0.96,-0.09492503851652145,0.7189788222312927,3.3348631858825684,946.90380859375
250057,100,0.97,-0.02670479752123356,0.5834011435508728,9.416886329650879,514.0924072265625
250058,100,0.92,-0.09612496197223663,0.48945897817611694,17.507823944091797,1078.109619140625
250059,35,0.9428571428571428,0.10861822962760925,0.040441833436489105,13.189478874206543,1861.5526123046875
250060,18,0.8888888888888888,0.48035526275634766,0.5836763381958008,18.992136001586914,1159.522705078125
250061,33,0.9090909090909091,0.15684886276721954,0.3378562927246094,20.231510162353516,1021.4100952148438
250062,11,0.9090909090909091,0.3415381908416748,0.6622403264045715,9.66315746307373,1577.660400390625
250063,100,0.94,0.07465770840644836,0.551690399646759,13.344913482666016,775.6777954101562
250064,100,0.93,-0.00763779878616333,0.6367426514625549,9.195645332336426,378.5374450683594
250065,100,0.95,-0.05621998757123947,0.5143935680389404,15.509464263916016,1585.869873046875
250066,100,0.9,-0.07036789506673813,0.555307149887085,15.06988525390625,1620.1807861328125
250067,100,0.97,-0.025446146726608276,0.47327113151550293,10.662336349487305,1576.0841064453125
250068,16,0.875,0.33570584654808044,0.3734240233898163,14.70999526977539,532.571533203125
250069,32,0.96875,0.27487868070602417,0.038675494492053986,29.15621566772461,212.79774475097656
250070,68,0.8970588235294118,0.01793311908841133,0.533327043056488,13.91018295288086,723.7379150390625
250071,100,0.94,-0.014921111986041069,0.7233278751373291,14.388128280639648,244.65158081054688
250072,40,0.95,0.1952022910118103,0.6499476432800293,28.142379760742188,1020.717041015625
250073,100,0.88,-0.05820933356881142,0.6562402844429016,10.754178047180176,854.8052368164062
250074,100,0.94,0.0027210572734475136,0.4206361770629883,7.625338554382324,777.08984375
250075,100,0.96,0.05489755794405937,0.47881969809532166,9.424110412597656,1441.9776611328125
250076,21,0.8571428571428571,0.5669688582420349,0.752398669719696,25.547470092773438,419.6101379394531
250077,94,0.9574468085106383,-0.03534357622265816,0.3701437711715698,13.321669578552246,1591.91162109375
250078,19,0.8421052631578947,0.15658526122570038,0.4220726490020752,11.111366271972656,1755.7447509765625
250079,27,0.8518518518518519,0.46748730540275574,0.45586636662483215,29.25021743774414,1260.667236328125
250080,97,0.9175257731958762,-0.009915557689964771,0.5166227221488953,9.233901977539062,1748.3292236328125
250081,100,0.93,-0.0703313872218132,0.7000159025192261,9.071398735046387,1586.408203125
250082,68,0.9117647058823529,0.1041046604514122,0.6030911207199097,19.25182342529297,1496.3096923828125
250083,100,0.93,-0.12994883954524994,0.5859981775283813,3.3429501056671143,1654.9375
250084,58,0.9137931034482759,0.1292818784713745,0.3657020032405853,28.493343353271484,1118.6025390625
250085,100,0.95,-0.11193590611219406,0.42352086305618286,6.690822601318359,672.5823974609375
250086,100,0.95,-0.016089418902993202,0.5799767374992371,10.566488265991211,813.4168090820312
250087,100,0.88,0.04092085734009743,0.6770721077919006,8.443687438964844,760.05712890625
250088,10,0.7,0.6969618201255798,0.5981250405311584,8.382973670959473,1406.7421875
250089,100,0.85,-0.04836849868297577,0.4912620186805725,9.134171485900879,858.2173461914062
250090,26,0.9230769230769231,0.20860284566879272,0.7768438458442688,21.808658599853516,2126.13525390625
250091,15,0.8,0.7274782061576843,0.5629116892814636,16.18344497680664,2044.7855224609375
250092,43,0.9069767441860465,0.0379888080060482,0.8000315427780151,20.005245208740234,1211.16552734375
250093,19,0.8947368421052632,0.4575227200984955,0.4427400827407837,17.439891815185547,823.6010131835938
250094,100,0.88,-0.11661665886640549,0.47502484917640686,6.891163349151611,1309.6793212890625
250095,100,0.88,-0.09815144538879395,0.5515002608299255,6.850500106811523,1317.5859375
250096,55,0.9090909090909091,0.07826539874076843,0.3569404184818268,11.534544944763184,1686.216064453125
250097,32,0.9375,0.28661975264549255,0.31647515296936035,22.841535568237305,1098.274169921875
250098,65,0.8923076923076924,0.04088445380330086,0.46111562848091125,11.961806297302246,1045.506591796875
250099,100,0.93,-0.03170492872595787,0.45205560326576233,10.441597938537598,260.04217529296875
250100,24,0.9166666666666666,0.32777416706085205,0.43614092469215393,20.45518684387207,1169.674560546875
250101,100,0.85,-0.20801709592342377,0.5433204174041748,5.5507493019104,1473.0888671875
250102,45,0.9111111111111111,0.047819312661886215,0.2774294316768646,20.503700256347656,571.5961303710938
250103,100,0.88,-0.13365182280540466,0.5260766744613647,4.248592376708984,380.9742736816406
250104,100,0.86,-0.15011247992515564,0.6414628028869629,9.562834739685059,839.138916015625
250105,42,0.8809523809523809,0.16901889443397522,0.27666226029396057,17.27680778503418,1951.6181640625
250106,100,0.86,-0.13183973729610443,0.5541609525680542,6.082386493682861,598.06298828125
250107,100,0.87,-0.011772358790040016,0.5728471279144287,19.660120010375977,175.2345428466797
250108,100,0.89,-0.261881560087204,0.6454665660858154,3.621192216873169,697.3798217773438
250109,84,0.9166666666666666,-0.025117557495832443,0.6175785660743713,10.266359329223633,497.43951416015625
250110,100,0.85,-0.10929864645004272,0.5343763828277588,9.298863410949707,1748.3731689453125
250111,100,0.89,-0.18773595988750458,0.45223742723464966,5.982931137084961,1668.6146240234375
250112,100,0.85,-0.13666264712810516,0.442388653755188,4.857207298278809,1967.7144775390625
250113,100,0.8,-0.267975777387619,0.5421500205993652,2.685657024383545,1798.46826171875
250114,29,0.8275862068965517,0.07958239316940308,0.622553825378418,15.26450252532959,641.234619140625
250115,100,0.91,-0.21628297865390778,0.49000030755996704,8.96474838256836,368.93634033203125
250116,8,0.75,0.20627379417419434,0.5143490433692932,3.718381404876709,934.90576171875
250117,100,0.86,-0.015121902339160442,0.5525703430175781,7.8956828117370605,868.8895874023438
250118,13,0.8461538461538461,0.6156330704689026,0.6228124499320984,13.597759246826172,1285.4833984375
250119,100,0.87,-0.15720659494400024,0.509701132774353,10.29425048828125,710.7759399414062
250120,100,0.93,-0.05117519572377205,0.47388941049575806,7.6826252937316895,2169.11279296875
250121,100,0.84,-0.06378822028636932,0.5158843994140625,12.52481460571289,1497.3636474609375
250122,100,0.87,-0.1361488550901413,0.5161053538322449,6.69735860824585,1073.545166015625
250123,7,0.7142857142857143,0.697216808795929,0.4424816370010376,5.105391502380371,1501.2742919921875
250124,100,0.9,-0.08608400076627731,0.5253603458404541,13.867504119873047,1216.850341796875
250125,100,0.76,-0.10636795312166214,0.5613871812820435,5.170580863952637,1840.35546875
250126,12,0.8333333333333334,0.4508057236671448,0.763880729675293,8.67537784576416,1290.515380859375
250127,32,0.90625,0.1927148997783661,0.3705683648586273,19.64418601989746,603.664794921875
250128,73,0.863013698630137,0.059155769646167755,0.4341181218624115,17.410892486572266,1046.29638671875
250129,23,0.9565217391304348,0.2958326041698456,0.9801393151283264,18.511030197143555,1247.295166015625
250130,100,0.84,-0.13778875768184662,0.6349733471870422,5.488640308380127,972.095458984375
250131,100,0.85,-0.07248879224061966,0.6189175248146057,11.086352348327637,583.7932739257812
250132,19,0.9473684210526315,0.5143316388130188,0.8286195993423462,24.51915168762207,1932.253662109375
250133,100,0.8,0.02473435364663601,0.5053174495697021,6.302184581756592,964.6714477539062
250134,11,0.7272727272727273,0.8232991099357605,0.3313641846179962,12.962601661682129,1926.3802490234375
250135,100,0.94,-0.009767714887857437,0.5840765833854675,14.929203033447266,894.2451171875
250136,100,0.95,0.04846314713358879,0.6662654876708984,19.08441734313965,265.4942626953125
250137,100,0.84,0.013621466234326363,0.4931616187095642,16.60055160522461,1311.753173828125
250138,27,0.8518518518518519,0.10609780251979828,0.5856944918632507,12.55309009552002,204.65771484375
250139,100,0.9,-0.03106200136244297,0.6542131900787354,12.960742950439453,755.9718017578125
250140,100,0.83,-0.12869617342948914,0.5790486931800842,9.225924491882324,1171.2418212890625
250141,15,0.8666666666666667,0.4215511977672577,0.3001179099082947,16.972455978393555,871.3291015625
250142,88,0.8863636363636364,0.1171908751130104,0.6228524446487427,24.14753532409668,1016.109375
250143,100,0.94,-0.03809089958667755,0.46172669529914856,12.738804817199707,382.2183532714844
250144,100,0.83,-0.09339237213134766,0.6958436369895935,8.730360984802246,429.48358154296875
250145,58,0.8793103448275862,0.08684943616390228,0.5503285527229309,17.967138290405273,1677.7529296875
250146,100,0.92,0.07124017179012299,0.5674421787261963,14.415424346923828,334.6725769042969
250147,100,0.87,0.0234498493373394,0.6101873517036438,13.851719856262207,653.3235473632812
250148,41,0.8536585365853658,0.1828957200050354,0.7142313122749329,28.581865310668945,2464.545654296875
250149,50,0.96,0.24948358535766602,0.8969536423683167,29.66458511352539,1723.683837890625
250150,42,0.9285714285714286,0.2401314228773117,0.560886561870575,29.36710548400879,987.7462158203125
250151,100,0.79,-0.0523875392973423,0.4935241937637329,9.790533065795898,459.83514404296875
250152,7,0.42857142857142855,0.9596140384674072,0.7001445293426514,4.937687397003174,962.9411010742188
250153,100,0.9,0.045971620827913284,0.6332622766494751,16.954505920410156,1068.422119140625
250154,100,0.85,0.03815815970301628,0.4279695153236389,10.822379112243652,699.6383666992188
250155,86,0.9186046511627907,0.14854320883750916,0.5916374325752258,26.255081176757812,1598.21533203125
250156,19,0.7894736842105263,0.1771213561296463,0.3435235321521759,9.845746040344238,1028.05126953125
250157,100,0.89,-0.007681369781494141,0.5713030099868774,14.623617172241211,400.168701171875
250158,94,0.9042553191489362,0.20113211870193481,0.49039438366889954,24.092945098876953,1746.384521484375
250159,77,0.8831168831168831,0.1248055174946785,0.5279010534286499,19.47325325012207,1535.0426025390625
250160,100,0.85,-0.0322079136967659,0.6698647737503052,10.521927833557129,1064.2943115234375
250161,100,0.82,0.07303209602832794,0.47978925704956055,16.900638580322266,1048.219482421875
250162,49,0.8775510204081632,0.07782727479934692,0.43643155694007874,22.46767807006836,1409.860107421875
250163,100,0.9,0.07794336974620819,0.694196343421936,25.42449951171875,1272.31298828125
250164,11,0.7272727272727273,0.5785447359085083,0.42220965027809143,10.294251441955566,1153.9915771484375
250165,9,0.7777777777777778,0.7980988621711731,0.47467127442359924,8.521039009094238,942.883544921875
250166,27,0.7407407407407407,0.17122462391853333,0.5856367945671082,8.46720027923584,692.4924926757812
250167,35,0.9142857142857143,0.23056960105895996,0.6767680048942566,25.895048141479492,1438.78759765625
250168,33,0.9090909090909091,0.36228254437446594,0.7151052951812744,25.45395278930664,1484.0096435546875
250169,100,0.92,0.004455384332686663,0.4481735825538635,16.21413230895996,421.3170166015625
250170,100,0.78,0.07050175219774246,0.480706125497818,16.90583038330078,1061.8658447265625
250171,34,0.8823529411764706,0.35171976685523987,0.5417430996894836,25.39398765563965,1218.4215087890625
250172,100,0.88,0.058107126504182816,0.5104007124900818,19.868999481201172,697.2207641601562
250173,9,0.7777777777777778,0.733002781867981,0.9138367176055908,10.575860023498535,746.4276733398438
250174,67,0.8805970149253731,0.08240951597690582,0.49977871775627136,15.516945838928223,333.626708984375
250175,13,0.7692307692307693,0.7854389548301697,0.37148189544677734,15.582978248596191,300.7842712402344
250176,100,0.94,0.08248819410800934,0.3700612485408783,25.207868576049805,1255.73046875
250177,87,0.9195402298850575,0.024606775492429733,0.4752616286277771,20.47183609008789,950.948486328125
250178,25,0.88,0.19928739964962006,0.18474936485290527,16.27703094482422,1225.5479736328125
250179,19,0.8947368421052632,0.1950087696313858,0.5329879522323608,9.592893600463867,887.7730102539062
250180,100,0.83,0.047305043786764145,0.551877498626709,18.219026565551758,1516.66357421875
250181,56,0.9285714285714286,0.09431691467761993,0.39339062571525574,24.94986343383789,1952.889892578125
250182,13,0.8461538461538461,0.7520553469657898,0.34738409519195557,17.8361873626709,835.2261352539062
250183,58,0.9482758620689655,0.22717007994651794,0.33812227845191956,28.541059494018555,1542.534423828125
250184,100,0.86,0.06447196006774902,0.5377583503723145,20.87987518310547,412.171875
250185,58,0.9137931034482759,0.19148880243301392,0.7300403118133545,26.60491180419922,1835.3037109375
250186,61,0.9672131147540983,0.12151682376861572,0.29601144790649414,28.713253021240234,1231.684326171875
250187,100,0.9,0.010219957679510117,0.5355514883995056,22.867164611816406,827.2193603515625
250188,27,0.9629629629629629,0.354343056678772,0.17478570342063904,27.442161560058594,1919.1063232421875
250189,10,0.9,0.8931721448898315,0.3405580520629883,16.93511962890625,1186.275146484375
250190,27,1.0,0.22957152128219604,,27.10394287109375,1651.7281494140625
250191,100,0.82,0.037466663867235184,0.39663267135620117,17.034687042236328,656.2711791992188
250192,66,0.9696969696969697,0.08186393976211548,0.5129972696304321,27.471439361572266,1701.0072021484375
250193,100,0.85,0.006043501663953066,0.5812901854515076,19.653413772583008,1318.775390625
250194,35,0.9428571428571428,0.22439773380756378,0.4572005271911621,29.17596435546875,1345.6827392578125
250195,28,0.8571428571428571,0.43010345101356506,0.34182167053222656,27.32562255859375,1491.9765625
250196,100,0.66,-0.020113252103328705,0.6050909757614136,7.27451229095459,569.943603515625
250197,100,0.86,0.08875997364521027,0.7208453416824341,20.334312438964844,1596.6466064453125
250198,100,0.8,0.015955492854118347,0.6390979886054993,10.077423095703125,1520.5169677734375
250199,60,0.8166666666666667,0.11475124955177307,0.5174842476844788,12.499080657958984,1239.1168212890625
250200,55,0.9636363636363636,0.1190543919801712,0.9172355532646179,23.182891845703125,1325.4498291015625
250201,9,0.6666666666666666,0.7510356307029724,0.70269376039505,8.552114486694336,1062.06982421875
250202,100,0.76,-0.01261333841830492,0.5160966515541077,11.368827819824219,883.387939453125
250203,100,0.86,-0.0035691033117473125,0.5958062410354614,18.511098861694336,1050.9605712890625
250204,74,0.9594594594594594,0.09217651933431625,0.5516345500946045,22.313114166259766,391.9990539550781
250205,100,0.79,-0.0030339255463331938,0.5652133226394653,15.050244331359863,662.7597045898438
250206,16,0.9375,0.2524416148662567,0.7104682922363281,16.525733947753906,1367.2703857421875
250207,100,0.88,0.06922126561403275,0.4293018877506256,22.49553871154785,1397.406494140625
250208,15,0.8,0.6746125817298889,0.7282577157020569,16.690650939941406,978.4456176757812
250209,100,0.71,0.07372079789638519,0.6702844500541687,15.693367958068848,563.3670043945312
250210,35,0.8285714285714286,0.21989956498146057,0.41419389843940735,22.077444076538086,1051.54345703125
250211,53,0.9433962264150944,0.24017702043056488,0.8417369723320007,27.498281478881836,1894.2344970703125
250212,85,0.9529411764705882,0.06287772953510284,0.6991055011749268,25.997852325439453,2008.971923828125
250213,13,0.7692307692307693,0.3315066695213318,0.792870044708252,11.148256301879883,846.70703125
250214,59,0.8983050847457628,0.17486242949962616,0.39540472626686096,28.052064895629883,953.1398315429688
250215,100,0.92,0.10400093346834183,0.5594384074211121,22.300813674926758,493.02587890625
250216,100,0.88,0.04538079723715782,0.4829610288143158,19.169363021850586,366.69580078125
250217,80,0.75,0.11364560574293137,0.49537593126296997,16.64822006225586,352.0205078125
250218,100,0.88,0.04773582145571709,0.5861391425132751,17.170873641967773,1911.3209228515625
250219,100,0.85,0.05231768637895584,0.6203027367591858,17.490598678588867,346.9189147949219
250220,100,0.77,0.06846735626459122,0.6434570550918579,17.0350284576416,625.5117797851562
250221,59,0.9152542372881356,0.10373064130544662,0.5055608153343201,16.843393325805664,702.0985717773438
250222,72,0.9444444444444444,0.12320464104413986,0.4156784117221832,22.557254791259766,1999.14208984375
250223,63,0.8571428571428571,0.08166446536779404,0.6700935959815979,12.618459701538086,1643.87255859375
250224,100,0.88,0.016958480700850487,0.5366687774658203,19.329240798950195,866.3209228515625
250225,86,0.9534883720930233,0.1365930736064911,0.6124410033226013,24.278539657592773,983.6552124023438
250226,21,0.9523809523809523,0.44238144159317017,0.00906098447740078,22.94684600830078,1673.7176513671875
250227,100,0.77,0.08620255440473557,0.5506209135055542,11.918366432189941,677.0176391601562
250228,100,0.68,0.12435279041528702,0.5466665029525757,16.041053771972656,402.7845764160156
250229,100,0.81,0.05889809504151344,0.5913112759590149,16.26517105102539,1139.27197265625
250230,100,0.93,0.08362647891044617,0.5359541773796082,20.660442352294922,914.136962890625
250231,66,0.9090909090909091,0.27648720145225525,0.5446026921272278,30.077301025390625,1310.4884033203125
250232,54,0.7777777777777778,0.14423581957817078,0.5140284299850464,18.46628761291504,543.4865112304688
250233,100,0.89,0.026405461132526398,0.5344218611717224,16.880054473876953,1348.5875244140625
250234,18,0.7222222222222222,0.5027943253517151,0.6237317323684692,9.435234069824219,969.3626098632812
250235,100,0.73,0.016553521156311035,0.5498155951499939,9.282755851745605,1434.5260009765625
250236,100,0.78,0.06252627819776535,0.6013850569725037,17.579851150512695,1466.0084228515625
250237,100,0.93,0.04148377478122711,0.6613713502883911,23.542325973510742,1289.9073486328125
250238,48,0.7291666666666666,0.049362219870090485,0.49409186840057373,8.797070503234863,1447.0087890625
250239,25,0.88,0.36667993664741516,0.5813820958137512,24.315324783325195,1722.372314453125
250240,100,0.78,0.05468602105975151,0.677722692489624,16.798717498779297,1028.2598876953125
250241,100,0.84,0.04109863191843033,0.569808840751648,20.665363311767578,1562.12158203125
250242,20,0.85,0.2701358199119568,0.6302847862243652,14.823266983032227,1833.51220703125
250243,100,0.82,0.03751162067055702,0.638168454170227,16.346614837646484,569.741943359375
250244,43,0.8372093023255814,0.08826492726802826,0.7117086052894592,22.703083038330078,1559.2548828125
250245,52,0.9423076923076923,0.2058858871459961,0.7636792659759521,26.77376365661621,1490.493896484375
250246,66,0.9393939393939394,0.16741660237312317,0.644011914730072,26.760581970214844,1208.1207275390625
250247,100,0.72,0.08032683283090591,0.6373176574707031,13.964044570922852,355.416259765625
250248,100,0.86,0.06091006472706795,0.6421371698379517,22.708232879638672,759.2091064453125
250249,100,0.68,0.06277578324079514,0.5997381806373596,12.083044052124023,529.8868408203125
250250,100,0.77,0.1617434024810791,0.5128076672554016,17.10199546813965,505.1658630371094
250251,100,0.65,0.08062805980443954,0.5675221681594849,14.937193870544434,878.5421752929688
250252,100,0.84,-0.00986840296536684,0.5943468809127808,17.209474563598633,1105.267822265625
250253,24,0.8333333333333334,0.41815757751464844,0.680108904838562,23.7758731842041,441.82562255859375
250254,3,0.6666666666666666,0.9533369541168213,0.24955467879772186,3.7891733646392822,755.1676025390625
250255,73,0.7671232876712328,0.17704656720161438,0.5447732210159302,18.27593421936035,789.8038940429688
250256,100,0.82,0.09835490584373474,0.6112239360809326,17.743227005004883,1020.421142578125
250257,100,0.79,0.09767705947160721,0.7267900705337524,18.727680206298828,725.735595703125
250258,82,0.926829268292683,0.14577612280845642,0.6351873874664307,26.183948516845703,583.50439453125
250259,76,0.75,0.10770111531019211,0.39506158232688904,14.652655601501465,1465.8201904296875
250260,100,0.84,0.06540514528751373,0.6049470901489258,18.339584350585938,829.49853515625
250261,75,0.9333333333333333,0.08032674342393875,0.4860081672668457,23.51117515563965,878.6476440429688
250262,74,0.9054054054054054,0.013973302207887173,0.4655991196632385,17.633663177490234,1128.426025390625
250263,100,0.78,0.07894155383110046,0.5183594226837158,12.836129188537598,1551.5606689453125
250264,96,0.7916666666666666,0.029003294184803963,0.6767787933349609,16.573793411254883,1395.868896484375
250265,63,0.7936507936507936,0.11431420594453812,0.7294544577598572,17.9405574798584,860.7885131835938
250266,9,0.7777777777777778,0.689338743686676,0.7218664884567261,10.424039840698242,437.5567626953125
250267,17,0.8235294117647058,0.23959560692310333,0.5107874274253845,12.732336044311523,1612.3177490234375
250268,29,0.7241379310344828,0.24938319623470306,0.6845167279243469,11.055375099182129,1439.2144775390625
250269,100,0.8,0.07979385554790497,0.3741588592529297,16.579090118408203,564.9595336914062
250270,44,0.8409090909090909,0.10840605199337006,0.7200098037719727,12.141674041748047,1679.4327392578125
250271,100,0.77,0.05370304733514786,0.6053433418273926,12.51761245727539,1833.470947265625
250272,51,0.8627450980392157,0.20856763422489166,0.5851362943649292,20.124305725097656,686.468505859375
250273,57,0.8947368421052632,0.025084925815463066,0.40857529640197754,19.61324691772461,1863.8314208984375
250274,49,0.8367346938775511,0.08508045226335526,0.6572927236557007,15.889314651489258,1658.306640625
250275,44,0.9772727272727273,0.1842002421617508,0.516749918460846,27.621410369873047,1519.5657958984375
250276,15,0.8666666666666667,0.3586627244949341,0.4772696793079376,17.99094581604004,1508.5352783203125
250277,100,0.86,0.04942791536450386,0.5368071794509888,20.284854888916016,1043.5086669921875
250278,100,0.82,0.006504341494292021,0.5002440810203552,12.063037872314453,381.7934265136719
250279,100,0.92,0.029317861422896385,0.8253722190856934,19.934106826782227,480.1339111328125
250280,31,0.8387096774193549,0.11162134259939194,0.4169946312904358,16.800334930419922,1026.8094482421875
250281,100,0.88,0.08426251262426376,0.6161713004112244,20.50754165649414,701.05859375
250282,100,0.79,0.07815270870923996,0.5486399531364441,16.57793617248535,1597.200439453125
250283,100,0.92,0.03701275959610939,0.4449736177921295,22.56993865966797,209.3078155517578
250284,100,0.73,0.05189444124698639,0.6110098361968994,15.96536636352539,1476.1199951171875
250285,100,0.75,0.03525442257523537,0.7551471590995789,18.11030387878418,479.126708984375
250286,28,0.5714285714285714,0.22480478882789612,0.4753958284854889,10.218244552612305,660.8300170898438
250287,16,0.6875,0.3495821952819824,0.8072810173034668,13.688923835754395,1008.6497192382812
250288,100,0.85,0.0894312709569931,0.6375195384025574,22.416034698486328,642.0432739257812
250289,32,0.875,0.12017302215099335,0.6770469546318054,16.646148681640625,1251.7349853515625
250290,100,0.82,0.1652422696352005,0.5117390155792236,24.764667510986328,897.7088623046875
250291,91,0.8021978021978022,0.11515697091817856,0.53493332862854,19.466428756713867,588.0270385742188
250292,100,0.75,0.04725313559174538,0.684623658657074,15.073351860046387,837.254638671875
250293,100,0.66,0.02231854572892189,0.6038039326667786,12.73208999633789,617.8709106445312
250294,6,0.8333333333333334,0.9602818489074707,0.4950619339942932,9.674620628356934,1493.393798828125
250295,100,0.68,0.034390367567539215,0.5241827964782715,14.978665351867676,1494.252197265625
250296,41,0.8780487804878049,0.10365043580532074,0.5322269797325134,15.42065143585205,1293.1734619140625
250297,84,0.9285714285714286,0.11094323545694351,0.693702220916748,26.153514862060547,1096.381591796875
250298,37,0.8918918918918919,0.2869696319103241,0.5180474519729614,26.05118179321289,1375.46533203125
250299,100,0.76,0.011738747358322144,0.48724305629730225,13.12399673461914,1095.7471923828125
250300,100,0.89,0.1501883566379547,0.6052906513214111,25.982162475585938,1133.662353515625
250301,100,0.86,0.05448717996478081,0.6115900278091431,17.61571502685547,1368.914306640625
250302,98,0.826530612244898,0.07836087048053741,0.5464470386505127,17.613842010498047,776.9073486328125
250303,52,0.8846153846153846,0.1233869418501854,0.5745687484741211,21.494953155517578,1869.6923828125
250304,30,0.6333333333333333,0.20534756779670715,0.6000208258628845,11.986466407775879,1555.0653076171875
250305,31,0.9032258064516129,0.2455126941204071,0.49996042251586914,23.863157272338867,1994.770263671875
250306,100,0.85,0.09091320633888245,0.5146571397781372,22.972755432128906,1600.6680908203125
250307,24,0.8333333333333334,0.27753716707229614,0.43737369775772095,14.077548027038574,1356.0103759765625
250308,100,0.88,0.07976978272199631,0.6697387099266052,21.708484649658203,1530.4901123046875
250309,39,0.46153846153846156,0.36516374349594116,0.5943403244018555,5.946274757385254,1367.81494140625
250310,75,0.5733333333333334,0.22939686477184296,0.5027920007705688,13.497828483581543,1679.368408203125
250311,34,0.8529411764705882,0.16734057664871216,0.62905353307724,18.42283821105957,485.88671875
250312,5,0.6,0.9943900108337402,0.15646256506443024,4.768122673034668,895.3294067382812
250313,54,0.9444444444444444,0.11503075808286667,0.45610788464546204,21.178836822509766,1934.18408203125
250314,7,0.42857142857142855,0.9798479080200195,0.43936026096343994,4.524611473083496,773.5386352539062
250315,85,0.8470588235294118,0.11518605798482895,0.5761369466781616,23.04062271118164,1108.67578125
250316,19,0.8947368421052632,0.5407817959785461,0.5874199867248535,24.903976440429688,1019.733642578125
250317,36,0.7777777777777778,0.19250942766666412,0.5527814626693726,19.78241539001465,2004.6951904296875
250318,70,0.9285714285714286,0.1283315122127533,0.5630740523338318,25.50897979736328,942.2297973632812
250319,44,0.8863636363636364,0.13952381908893585,0.797135055065155,20.415565490722656,851.0582275390625
250320,21,0.9523809523809523,0.4586641192436218,0.7936561703681946,27.776323318481445,843.1571044921875
250321,90,0.9444444444444444,0.19383493065834045,0.53946453332901,26.91585922241211,1466.9534912109375
250322,28,0.9285714285714286,0.4181578457355499,0.764129638671875,24.344186782836914,1116.523681640625
250323,25,0.84,0.10838092863559723,0.5524623394012451,14.312858581542969,1197.8087158203125
250324,18,0.8333333333333334,0.5341916680335999,0.6410592198371887,16.21278953552246,1325.98193359375
250325,33,0.8181818181818182,0.3032371699810028,0.7529386878013611,18.601369857788086,2289.07373046875
250326,27,0.9259259259259259,0.25401490926742554,0.6754685640335083,20.03549575805664,1472.8016357421875
250327,7,0.7142857142857143,0.8704560995101929,0.25642210245132446,7.299839973449707,703.490234375
250328,100,0.74,0.1653531938791275,0.5802792310714722,20.243263244628906,1236.268798828125
250329,10,0.7,0.9945871233940125,0.5360752940177917,11.148463249206543,766.3363037109375
250330,74,0.7567567567567568,0.11836474388837814,0.5178794264793396,19.176156997680664,851.3495483398438
250331,99,0.9494949494949495,0.10687354952096939,0.8341690301895142,27.634077072143555,1241.4090576171875
250332,100,0.6,0.15653790533542633,0.5170122981071472,17.538341522216797,444.59368896484375
250333,12,0.9166666666666666,0.881120502948761,0.8265001177787781,19.823190689086914,437.97882080078125
250334,100,0.84,0.09241281449794769,0.6709022521972656,21.95885467529297,1015.6895141601562
250335,100,0.79,0.11553209275007248,0.5606905817985535,17.614147186279297,904.8834228515625
250336,79,0.9240506329113924,0.1341353952884674,0.495805948972702,24.515241622924805,921.1358642578125
250337,56,0.8928571428571429,0.08672357350587845,0.51313716173172,23.680557250976562,1527.002685546875
250338,64,0.921875,0.10188709199428558,0.48766764998435974,29.233200073242188,1978.4378662109375
250339,20,0.85,0.5179673433303833,0.7229621410369873,25.016712188720703,782.2415161132812
250340,100,0.8,0.05957592651247978,0.6607100367546082,15.695956230163574,510.45684814453125
250341,6,0.8333333333333334,0.9711319804191589,0.8524686694145203,9.846735954284668,421.17095947265625
250342,30,0.9333333333333333,0.21483273804187775,0.4789184629917145,25.82899284362793,679.09912109375
250343,100,0.87,0.08100654184818268,0.6586649417877197,20.625394821166992,1107.6878662109375
250344,14,0.7857142857142857,0.5457488894462585,0.6146921515464783,13.162527084350586,796.1947631835938
250345,100,0.6,0.09722688794136047,0.5793488621711731,10.21284008026123,416.4482421875
250346,100,0.9,0.07523814588785172,0.5741115808486938,21.085792541503906,957.8048706054688
250347,100,0.72,0.08825847506523132,0.6014438271522522,15.397963523864746,607.9260864257812
250348,100,0.44,0.07132621109485626,0.5885905027389526,12.331781387329102,676.4334716796875
250349,100,0.83,0.07602272182703018,0.6481948494911194,19.60426139831543,1803.5062255859375
250350,70,0.9428571428571428,0.25728699564933777,0.7506699562072754,29.408334732055664,1403.5045166015625
250351,41,0.926829268292683,0.2838686406612396,0.6116422414779663,22.940553665161133,1458.7816162109375
250352,25,0.76,0.33437034487724304,0.4742041826248169,11.188515663146973,1635.319091796875
250353,100,0.94,0.11926916986703873,0.7842327952384949,26.993032455444336,1283.87548828125
250354,36,0.8888888888888888,0.1457298994064331,0.6114518046379089,22.573972702026367,1491.289794921875
250355,88,0.75,0.017281824722886086,0.5384002327919006,18.065977096557617,1546.24755859375
250356,53,0.9245283018867925,0.2466077208518982,0.6268284320831299,30.810991287231445,836.3563232421875
250357,7,0.8571428571428571,0.9629218578338623,0.6203555464744568,11.700211524963379,402.8348388671875
250358,100,0.84,0.13060519099235535,0.5290849804878235,21.597867965698242,1017.6842041015625
250359,21,0.9047619047619048,0.5840115547180176,0.10269215703010559,26.001630783081055,875.3043212890625
250360,77,0.9090909090909091,0.0798780545592308,0.6235237121582031,23.232698440551758,508.25543212890625
250361,99,0.8484848484848485,0.10486520826816559,0.6283475756645203,21.681427001953125,923.0274047851562
250362,100,0.87,0.09085853397846222,0.692261815071106,17.58106231689453,875.4689331054688
250363,10,0.6,0.9380619525909424,0.4221686124801636,7.596961975097656,1496.020263671875
250364,11,0.8181818181818182,0.8961164951324463,0.5304813981056213,15.21261215209961,1073.3035888671875
250365,37,0.972972972972973,0.2964881658554077,0.2449403703212738,26.10861587524414,313.3428649902344
250366,100,0.78,0.068892702460289,0.562727689743042,18.615577697753906,1367.36767578125
250367,100,0.77,0.05243038758635521,0.5141392350196838,20.705669403076172,853.8328247070312
250368,100,0.39,0.09966402500867844,0.5392548441886902,8.450095176696777,418.84979248046875
250369,100,0.84,0.07650148868560791,0.5921862125396729,20.275691986083984,853.9762573242188
250370,100,0.64,0.1687709242105484,0.568809449672699,16.2866153717041,671.9175415039062
250371,11,1.0,0.8271341323852539,,20.851579666137695,1215.9976806640625
250372,31,0.6129032258064516,0.42049306631088257,0.4742338955402374,12.713519096374512,1524.86474609375
250373,46,0.8695652173913043,0.17574313282966614,0.6814549565315247,23.616361618041992,596.8286743164062
250374,100,0.31,0.07251470535993576,0.6460561156272888,7.702816009521484,285.2576904296875
250375,100,0.41,0.12130851298570633,0.6024105548858643,8.38762092590332,229.93389892578125
250376,100,0.84,0.1514814794063568,0.6285187005996704,25.873353958129883,1308.34619140625
250377,46,0.9130434782608695,0.25032559037208557,0.8630371689796448,25.67268180847168,2090.6064453125
250378,100,0.49,0.03603610768914223,0.6019001007080078,12.727673530578613,693.8607788085938
250379,52,0.9807692307692307,0.1984608769416809,0.8264437317848206,28.470672607421875,1186.1556396484375
250380,100,0.84,0.13425366580486298,0.438144326210022,21.068296432495117,456.9389953613281
250381,31,0.8709677419354839,0.3088466227054596,0.4504454731941223,18.343591690063477,376.22943115234375
250382,56,0.9464285714285714,0.23781800270080566,0.5306652784347534,26.294782638549805,1959.8765869140625
250383,100,0.73,0.08936049789190292,0.513607919216156,15.71152114868164,1265.9957275390625
250384,100,0.69,0.07115346938371658,0.5727009773254395,16.293506622314453,671.1680297851562
250385,78,0.8717948717948718,0.13223648071289062,0.6519140005111694,22.075321197509766,1412.7781982421875
250386,100,0.31,0.1037953644990921,0.6150251626968384,5.53122615814209,619.8846435546875
250387,100,0.92,0.08632974326610565,0.7240980863571167,20.926124572753906,141.92613220214844
250388,46,0.6956521739130435,0.17302419245243073,0.7452259659767151,15.283570289611816,1252.54736328125
250389,88,0.8636363636363636,0.13165926933288574,0.5215169191360474,19.64672088623047,1607.6319580078125
250390,100,0.93,0.06812930107116699,0.6604720950126648,23.01172637939453,420.4638366699219
250391,16,0.8125,0.31164830923080444,0.794099748134613,14.874275207519531,1627.49365234375
250392,74,0.918918918918919,0.08156616985797882,0.421744704246521,21.807432174682617,950.1541137695312
250393,32,0.84375,0.12429646402597427,0.582689642906189,21.143753051757812,1270.60009765625
250394,100,0.5,0.0767839252948761,0.6144716143608093,11.473859786987305,755.5542602539062
250395,42,0.9285714285714286,0.244268998503685,0.46935033798217773,19.802183151245117,1459.271240234375
250396,69,0.8115942028985508,0.10278897732496262,0.500970721244812,20.37476921081543,1834.746826171875
250397,100,0.79,0.13747216761112213,0.6437374353408813,21.886171340942383,623.3880004882812
250398,100,0.7,0.015282862819731236,0.5386573076248169,16.12261390686035,1692.6015625
250399,12,0.8333333333333334,0.8921403884887695,0.3073663115501404,16.892072677612305,1036.783203125
250400,63,0.8888888888888888,0.16409432888031006,0.619046688079834,20.060394287109375,1825.726806640625
250401,92,0.75,0.08367476612329483,0.5601974129676819,19.21061897277832,1545.8233642578125
250402,100,0.83,0.07020128518342972,0.7073748707771301,18.27761459350586,1087.3748779296875
250403,55,0.8,0.2053615003824234,0.4466778635978699,17.82817840576172,1724.7794189453125
250404,16,0.75,0.5253395438194275,0.42097464203834534,14.837137222290039,1136.1395263671875
250405,100,0.76,0.13384729623794556,0.6233816742897034,18.81641387939453,956.2479248046875
250406,100,0.67,0.02835032530128956,0.6381813883781433,18.34227752685547,1208.4237060546875
250407,100,0.8,0.1338079273700714,0.5627994537353516,23.251699447631836,1543.2503662109375
250408,100,0.91,0.10304815322160721,0.44175684452056885,22.32858657836914,487.7437438964844
250409,100,0.57,0.060827575623989105,0.7081418037414551,12.812368392944336,703.6964111328125
250410,50,0.84,0.19460022449493408,0.5811238884925842,25.421791076660156,827.35107421875
250411,46,0.8695652173913043,0.22240927815437317,0.5076301097869873,22.130077362060547,1066.8277587890625
250412,20,0.75,0.4763711392879486,0.6274970173835754,12.314013481140137,1147.643798828125
250413,100,0.32,0.006270147860050201,0.5267168283462524,6.723199844360352,759.7363891601562
250414,100,0.78,0.15020933747291565,0.5669081807136536,22.257034301757812,819.9951782226562
250415,100,0.83,0.046080783009529114,0.524672269821167,20.948566436767578,1216.4930419921875
250416,76,0.881578947368421,0.14504581689834595,0.6173960566520691,24.215885162353516,523.0275268554688
250417,42,0.9761904761904762,0.2882402539253235,0.49136584997177124,29.63967514038086,1489.0615234375
250418,100,0.9,0.11941803991794586,0.3702499270439148,25.156633377075195,638.4921875
250419,66,0.9090909090909091,0.12567786872386932,0.7622003555297852,22.15275001525879,1244.935302734375
250420,100,0.84,0.0548379123210907,0.6460450887680054,18.24858856201172,1446.7623291015625
250421,91,0.8901098901098901,0.0648469552397728,0.6332142949104309,19.132722854614258,612.4357299804688
250422,44,0.9090909090909091,0.14381472766399384,0.6991122364997864,28.252653121948242,2046.7293701171875
250423,100,0.78,0.06367386877536774,0.4409945607185364,15.279191017150879,665.95458984375
250424,69,0.9130434782608695,0.08300495147705078,0.7061981558799744,21.24921417236328,1272.937255859375
250425,42,0.9047619047619048,0.19497385621070862,0.49157553911209106,22.819570541381836,692.9530029296875
250426,33,0.7575757575757576,0.1135326474905014,0.5231342911720276,14.649596214294434,917.1693115234375
250427,100,0.86,0.06306780129671097,0.6272541284561157,18.708219528198242,1687.5794677734375
250428,14,0.7857142857142857,0.34562864899635315,0.09850382804870605,13.717238426208496,1196.7027587890625
250429,34,0.8823529411764706,0.18976548314094543,0.38457220792770386,17.016891479492188,1851.826416015625
250430,100,0.91,0.029722953215241432,0.6988844275474548,27.832935333251953,308.5224304199219
250431,42,0.8333333333333334,0.2722494602203369,0.49893346428871155,17.919715881347656,1288.6495361328125
250432,100,0.85,0.1357363760471344,0.6096622943878174,18.71856117248535,780.6661376953125
250433,100,0.94,0.04734048619866371,0.6125212907791138,25.85811996459961,828.1154174804688
250434,57,0.8070175438596491,0.016436900943517685,0.5222339630126953,18.791812896728516,1613.2945556640625
250435,100,0.83,0.16489699482917786,0.6893302202224731,22.330137252807617,1037.5836181640625
250436,42,0.9523809523809523,0.1989634484052658,0.7542027235031128,26.492172241210938,1092.662353515625
250437,100,0.81,0.10574734956026077,0.6464614868164062,23.417814254760742,566.7164916992188
250438,100,0.63,0.021134288981556892,0.5687012076377869,18.175554275512695,1150.83056640625
250439,4,0.25,0.6421260237693787,0.597437858581543,0.6421259045600891,1468.6463623046875
250440,66,0.803030303030303,0.1468646228313446,0.659696638584137,21.618553161621094,1473.59033203125
250441,28,0.9285714285714286,0.16155043244361877,0.5512625575065613,19.417829513549805,1321.0078125
250442,55,0.6545454545454545,0.24456609785556793,0.6018721461296082,16.21617317199707,925.8070068359375
250443,100,0.88,0.10476290434598923,0.449572890996933,23.130720138549805,1068.8160400390625
250444,20,0.9,0.43997183442115784,0.8127697706222534,15.90483570098877,1854.7047119140625
250445,73,0.821917808219178,0.09689829498529434,0.6737839579582214,19.727901458740234,1254.9700927734375
250446,79,0.7215189873417721,0.20901839435100555,0.5781306624412537,18.66733741760254,1260.32763671875
250447,100,0.77,0.040104907006025314,0.5207157731056213,17.70914077758789,1598.783203125
250448,100,0.3,0.016358675435185432,0.5690317749977112,7.827939987182617,289.7784423828125
250449,63,0.9841269841269841,0.2767886519432068,0.9412978887557983,30.869077682495117,1569.417724609375
250450,23,0.5652173913043478,0.5363225936889648,0.7979346513748169,8.593615531921387,1436.4598388671875
250451,99,0.8383838383838383,0.10374147444963455,0.535189151763916,20.754274368286133,916.6333618164062
250452,100,0.82,0.027142519131302834,0.5573985576629639,21.222412109375,1279.822998046875
250453,28,0.8928571428571429,0.3200739920139313,0.4972243309020996,18.236581802368164,1033.528076171875
250454,56,0.9107142857142857,0.05927140265703201,0.5993927717208862,20.750471115112305,1370.18310546875
250455,61,0.8360655737704918,0.11164895445108414,0.6660310626029968,21.18743324279785,1446.3575439453125
250456,20,0.75,0.17254015803337097,0.40870022773742676,13.604028701782227,1562.6922607421875
250457,100,0.84,0.11039544641971588,0.5257619023323059,21.166467666625977,1725.2845458984375
250458,63,0.7936507936507936,0.12229152768850327,0.4566953480243683,18.47355079650879,1597.754150390625
250459,48,0.9583333333333334,0.19140562415122986,0.6104904413223267,27.788625717163086,815.3385620117188
250460,71,0.9295774647887324,0.15155677497386932,0.4855303168296814,27.684123992919922,645.4521484375
250461,31,0.9032258064516129,0.34063997864723206,0.8165240287780762,25.02002716064453,806.77783203125
250462,6,0.5,0.9499127268791199,0.8549311757087708,3.8971798419952393,1235.0416259765625
250463,100,0.73,0.1148669645190239,0.5706604719161987,17.3330135345459,387.02099609375
250464,39,0.8974358974358975,0.18588344752788544,0.5640331506729126,14.750089645385742,1305.473876953125
250465,100,0.82,0.10033506155014038,0.46508756279945374,16.895862579345703,1357.884521484375
250466,93,0.6236559139784946,0.11618825793266296,0.5516247153282166,14.365226745605469,919.6173706054688
250467,34,0.9117647058823529,0.19125130772590637,0.8013105392456055,19.8330078125,1187.0006103515625
250468,43,0.9534883720930233,0.1030845195055008,0.9618008136749268,19.85770034790039,344.46624755859375
250469,100,0.88,0.10298366099596024,0.5947889685630798,20.261850357055664,476.1575927734375
250470,16,0.8125,0.7942408919334412,0.969494104385376,20.156034469604492,1807.6134033203125
250471,100,0.91,0.09402435272932053,0.7598278522491455,25.555727005004883,657.4595947265625
250472,86,0.8255813953488372,0.16395780444145203,0.5700844526290894,21.333633422851562,361.1831970214844
250473,31,0.967741935483871,0.18251943588256836,0.037801600992679596,24.42346954345703,2454.9091796875
250474,76,0.9605263157894737,0.10420775413513184,0.6878147125244141,27.4902400970459,747.064208984375
250475,100,0.76,0.13494963943958282,0.578178882598877,20.751235961914062,842.1057739257812
250476,100,0.88,0.08716315776109695,0.5961936116218567,21.249156951904297,1477.2020263671875
250477,100,0.82,0.05713547766208649,0.4611111283302307,20.43819236755371,1346.5447998046875
250478,100,0.85,0.03884533792734146,0.5103698372840881,18.593969345092773,448.2203063964844
250479,100,0.83,0.17818734049797058,0.7332125902175903,20.971839904785156,246.08804321289062
250480,100,0.87,0.06925567239522934,0.6032286882400513,21.0345458984375,456.2682189941406
250481,81,0.9012345679012346,0.07933582365512848,0.5818825960159302,23.068214416503906,835.1481323242188
250482,100,0.58,0.15220293402671814,0.6121319532394409,12.88587760925293,394.1391906738281
250483,100,0.9,0.14117467403411865,0.6278725862503052,24.076133728027344,1369.582763671875
250484,70,0.9285714285714286,0.14111989736557007,0.45526933670043945,27.78205680847168,552.2799682617188
250485,100,0.91,0.12020905315876007,0.6515772938728333,23.20669937133789,1233.046630859375
250486,100,0.91,0.055240750312805176,0.5246163010597229,22.968252182006836,1704.625732421875
250487,100,0.9,0.10161518305540085,0.6646538972854614,20.948232650756836,1431.85888671875
250488,80,0.875,0.0715063139796257,0.49208933115005493,22.759939193725586,1776.1424560546875
250489,100,0.87,0.04353963956236839,0.580583930015564,21.221752166748047,374.9667053222656
250490,47,0.9361702127659575,0.22556933760643005,0.632023274898529,24.356796264648438,2003.4930419921875
250491,28,0.6785714285714286,0.262708842754364,0.5740354061126709,11.594962120056152,1343.949951171875
250492,71,0.9154929577464789,0.18005745112895966,0.5535928606987,25.533674240112305,514.5204467773438
250493,100,0.87,0.11822758615016937,0.6921311020851135,24.652942657470703,564.8920288085938
250494,93,0.9354838709677419,0.097315713763237,0.668513834476471,25.055728912353516,1124.6859130859375
250495,100,0.82,0.11223030090332031,0.6332175731658936,19.635784149169922,636.7391357421875
250496,51,0.9411764705882353,0.2164527177810669,0.6028239727020264,23.281494140625,399.4454040527344
250497,100,0.96,0.08574861288070679,0.41829124093055725,20.211606979370117,396.887939453125
250498,100,0.87,0.07609608769416809,0.6857938766479492,21.461069107055664,817.0501708984375
250499,100,0.8,0.08380036801099777,0.48588234186172485,22.59650230407715,1492.027099609375
250500,100,0.89,0.06910799443721771,0.6221268177032471,22.564550399780273,1284.999755859375
250501,100,0.81,0.06152065843343735,0.5283883213996887,22.154682159423828,843.1260375976562
250502,57,0.7017543859649122,0.2273455560207367,0.6796736121177673,17.656309127807617,1470.7537841796875
250503,100,0.92,0.1320444941520691,0.6470348238945007,24.668607711791992,285.50091552734375
250504,20,0.85,0.4321213662624359,0.4198577105998993,19.945234298706055,926.1483764648438
250505,100,0.88,0.04700932651758194,0.5584561228752136,18.307859420776367,220.4933319091797
250506,32,0.96875,0.20598365366458893,0.7271468043327332,19.069425582885742,588.9563598632812
250507,51,0.8823529411764706,0.13327893614768982,0.5269287824630737,26.422033309936523,1135.7303466796875
250508,84,0.9166666666666666,0.09652083367109299,0.211095929145813,24.324504852294922,1966.4935302734375
250509,59,0.864406779661017,0.15641435980796814,0.6667518615722656,23.797555923461914,1789.8760986328125
250510,55,0.7818181818181819,0.170149564743042,0.5848625302314758,18.325437545776367,369.32342529296875
250511,71,0.7323943661971831,0.19406627118587494,0.4762367308139801,16.530725479125977,1036.3662109375
250512,100,0.9,0.09490303695201874,0.6092933416366577,24.423095703125,608.35498046875
250513,100,0.9,0.09367965161800385,0.6621185541152954,22.79720687866211,733.9238891601562
250514,20,0.9,0.5467411875724792,0.8803509473800659,22.313739776611328,988.6134643554688
250515,99,0.9090909090909091,0.0893859937787056,0.5824692249298096,22.012771606445312,1712.468505859375
250516,92,0.8804347826086957,0.09942594915628433,0.39437034726142883,24.73833465576172,1733.820068359375
250517,35,0.9142857142857143,0.24322962760925293,0.7593910694122314,23.47068214416504,822.7274780273438
250518,71,0.8732394366197183,0.07075866311788559,0.7089216709136963,20.285011291503906,625.473388671875
250519,100,0.6,0.11317016184329987,0.5123776197433472,15.421172142028809,1144.8746337890625
250520,100,0.83,0.1648484170436859,0.6246899962425232,20.640470504760742,212.57760620117188
250521,100,0.92,0.1381472647190094,0.6764978170394897,28.1488037109375,918.19384765625
250522,59,0.8983050847457628,0.12488983571529388,0.37529921531677246,24.318222045898438,1929.267578125
250523,86,0.9418604651162791,0.10226024687290192,0.5688509345054626,24.714664459228516,1264.0667724609375
250524,92,0.8043478260869565,0.16848623752593994,0.6686461567878723,25.79514503479004,338.646484375
250525,100,0.91,0.1189829558134079,0.5102097988128662,26.260042190551758,1521.2991943359375
250526,100,0.92,0.06534726917743683,0.6475456953048706,20.262283325195312,450.3903503417969
250527,75,0.88,0.12956437468528748,0.5534077286720276,24.068044662475586,677.3947143554688
250528,32,0.96875,0.33856791257858276,0.5260913372039795,26.966659545898438,1428.272705078125
250529,19,0.8947368421052632,0.23745310306549072,0.6341831684112549,13.923622131347656,973.3118896484375
250530,12,0.75,0.7172051072120667,0.6819807887077332,12.144038200378418,755.5272827148438
250531,17,0.7647058823529411,0.37115463614463806,0.58924800157547,15.23067855834961,210.43626403808594
250532,100,0.93,0.05498316511511803,0.4663744568824768,21.627521514892578,1917.9437255859375
250533,52,0.9230769230769231,0.12092678993940353,0.31713199615478516,25.822216033935547,824.045166015625
250534,20,0.8,0.34177616238594055,0.4413752555847168,14.976295471191406,1148.4801025390625
250535,100,0.89,0.045327652245759964,0.5572665333747864,20.822181701660156,627.1686401367188
250536,100,0.58,0.07338379323482513,0.597313404083252,13.159026145935059,920.736083984375
250537,34,0.9117647058823529,0.273826539516449,0.8000910878181458,22.997278213500977,1192.5072021484375
250538,21,0.9047619047619048,0.34718453884124756,0.735899806022644,17.737415313720703,1858.2750244140625
250539,87,0.9540229885057471,0.13642680644989014,0.7866875529289246,27.46918296813965,1677.1865234375
250540,75,0.8933333333333333,0.09322409331798553,0.5442545413970947,19.34531593322754,1673.900634765625
250541,10,0.7,0.6555606126785278,0.2194046974182129,9.54742431640625,1064.1507568359375
250542,75,0.9066666666666666,0.16680796444416046,0.5081562399864197,27.070772171020508,1592.961181640625
250543,21,0.9047619047619048,0.33649009466171265,0.47961050271987915,18.73592185974121,1456.39697265625
250544,14,0.7142857142857143,0.6062172651290894,0.47893816232681274,11.778326034545898,1429.6536865234375
250545,100,0.86,0.07292631268501282,0.6277092695236206,22.389760971069336,326.0887451171875
250546,94,0.8936170212765957,0.09825605154037476,0.7001639604568481,22.732749938964844,158.4641571044922
250547,67,0.9104477611940298,0.22811320424079895,0.5839964747428894,31.06293296813965,1395.29150390625
250548,88,0.875,0.1055244728922844,0.7751655578613281,24.420331954956055,1463.796630859375
250549,97,0.9278350515463918,0.11802510172128677,0.6064980626106262,24.45366859436035,652.4025268554688
250550,6,0.8333333333333334,0.9263640642166138,0.7579672932624817,9.155449867248535,1192.0797119140625
250551,61,0.9508196721311475,0.07098720967769623,0.3769296705722809,21.655872344970703,1384.3790283203125
250552,100,0.87,0.05540565028786659,0.6074007749557495,22.062881469726562,1184.8994140625
250553,100,0.81,0.09447380155324936,0.5802229046821594,17.257930755615234,387.28448486328125
250554,100,0.92,0.08221781253814697,0.6646360158920288,21.891313552856445,1036.969482421875
250555,100,0.88,0.07346507161855698,0.696418821811676,21.776079177856445,735.6400756835938
250556,50,0.84,0.22319884598255157,0.635503351688385,19.705921173095703,1714.3870849609375
250557,100,0.92,0.03056304156780243,0.7776570320129395,21.4399471282959,1570.3448486328125
250558,39,0.9487179487179487,0.23489104211330414,0.23142766952514648,23.596729278564453,1614.195068359375
250559,100,0.87,0.1372881978750229,0.6141895651817322,21.319551467895508,978.4302368164062
250560,100,0.91,0.06475435197353363,0.6977614760398865,19.516088485717773,238.77828979492188
250561,96,0.8958333333333334,0.08350364863872528,0.5979344844818115,21.995521545410156,1246.76025390625
250562,100,0.71,0.024447385221719742,0.6308111548423767,16.54580307006836,1467.30859375
250563,100,0.9,0.0719880536198616,0.4678095877170563,22.137313842773438,2246.783447265625
250564,91,0.9010989010989011,0.09012272208929062,0.6702752709388733,23.778820037841797,812.41650390625
250565,100,0.88,0.10653261840343475,0.6143333911895752,26.318603515625,701.3002319335938
250566,100,0.92,0.07473008334636688,0.7365753650665283,25.119487762451172,226.1019287109375
250567,89,0.8314606741573034,0.12314679473638535,0.5430972576141357,22.078258514404297,958.6016845703125
250568,100,0.72,0.009813923388719559,0.5223838686943054,18.263713836669922,790.6543579101562
250569,30,0.9666666666666667,0.17402733862400055,0.5851092338562012,26.840673446655273,455.7132568359375
250570,11,0.5454545454545454,0.6749367713928223,0.5125556588172913,6.8907084465026855,1613.94580078125
250571,100,0.93,0.10282327979803085,0.5220226049423218,24.31951332092285,429.5982666015625
250572,7,0.42857142857142855,0.9951156973838806,0.5724852085113525,3.412158489227295,1185.1614990234375
250573,100,0.76,0.06062326952815056,0.5646149516105652,19.255067825317383,1355.334716796875
250574,100,0.9,0.07322323322296143,0.6769613027572632,20.1364688873291,1216.2509765625
250575,100,0.83,0.11120172590017319,0.605053722858429,19.618619918823242,534.5758056640625
250576,79,0.7341772151898734,0.14687851071357727,0.6356537342071533,19.474782943725586,180.91986083984375
250577,100,0.96,0.05344156548380852,0.8490477800369263,23.187265396118164,790.0814208984375
250578,75,0.8933333333333333,0.11831755936145782,0.6891418695449829,21.73043441772461,622.81982421875
250579,44,0.9090909090909091,0.3573532998561859,0.8784059882164001,26.69599723815918,629.693115234375
250580,79,0.9240506329113924,0.11675652861595154,0.5277045965194702,27.991708755493164,1279.650390625
250581,79,0.9493670886075949,0.16532205045223236,0.4430384635925293,24.415956497192383,328.1421813964844
250582,100,0.88,0.045019637793302536,0.5430583357810974,21.93045425415039,1304.9437255859375
250583,84,0.9166666666666666,0.06570340692996979,0.5196458697319031,19.972856521606445,1234.08837890625
250584,74,0.8783783783783784,0.09768237173557281,0.6052764654159546,19.096569061279297,1229.1685791015625
250585,100,0.88,0.09567081183195114,0.742323637008667,21.838258743286133,466.0448303222656
250586,100,0.87,0.1106208935379982,0.5668025612831116,21.0303955078125,1209.3961181640625
250587,100,0.85,0.10174993425607681,0.7547045946121216,20.677949905395508,825.0179443359375
250588,100,0.91,0.06154235452413559,0.6085644364356995,21.36559295654297,1511.9342041015625
250589,100,0.91,0.09415038675069809,0.7246643900871277,21.39612579345703,593.098876953125
250590,83,0.8795180722891566,0.10952354967594147,0.7583452463150024,22.227622985839844,208.35939025878906
250591,19,0.8421052631578947,0.42664703726768494,0.5473787188529968,21.67209243774414,791.8984985351562
250592,36,0.8611111111111112,0.37655776739120483,0.5440621376037598,23.76310157775879,1464.091552734375
250593,79,0.9367088607594937,0.10573703050613403,0.4882926344871521,23.908445358276367,1662.761474609375
250594,100,0.94,0.08126948773860931,0.5810204148292542,26.215438842773438,1278.888427734375
250595,21,0.8095238095238095,0.3637532889842987,0.31067025661468506,19.193674087524414,878.436767578125
250596,100,0.88,0.06057095527648926,0.5720616579055786,22.673189163208008,478.68359375
250597,15,0.8,0.7618546485900879,0.5747168064117432,17.080717086791992,1612.64794921875
250598,18,0.7777777777777778,0.17147305607795715,0.46400755643844604,13.849382400512695,1773.7486572265625
250599,45,0.8888888888888888,0.09311474114656448,0.5071260333061218,15.992363929748535,1579.0989990234375
250600,37,0.9459459459459459,0.1421867161989212,0.5690340995788574,22.057199478149414,1543.9757080078125
250601,100,0.9,0.04600954428315163,0.7379937767982483,20.33056640625,460.345947265625
250602,26,0.8846153846153846,0.1335386037826538,0.4209189713001251,19.35630226135254,1672.2166748046875
250603,100,0.91,0.11191927641630173,0.5322559475898743,21.644641876220703,842.52197265625
250604,36,0.8333333333333334,0.23385457694530487,0.6906799674034119,20.2634334564209,1582.2110595703125
250605,100,0.94,0.05418401584029198,0.8073122501373291,23.56689453125,707.14111328125
250606,13,0.8461538461538461,0.2739250361919403,0.5859724283218384,12.72312068939209,987.214599609375
250607,100,0.9,0.0652955025434494,0.6244024634361267,20.410694122314453,1371.236328125
250608,43,0.9302325581395349,0.30018916726112366,0.3424471318721771,27.28824234008789,1489.8258056640625
250609,64,0.90625,0.21414314210414886,0.5860595703125,26.708648681640625,2022.3515625
250610,12,0.8333333333333334,0.7194598317146301,0.44610100984573364,16.446001052856445,920.7625732421875
250611,100,0.9,0.05533195659518242,0.5962952971458435,17.264808654785156,412.5769348144531
250612,8,0.625,0.9956457018852234,0.5781645774841309,7.485231399536133,1718.5970458984375
250613,100,0.92,0.06443127989768982,0.7887431383132935,19.017675399780273,544.9091796875
250614,100,0.92,0.12746672332286835,0.7325053811073303,26.91437530517578,776.1593017578125
250615,93,0.9354838709677419,0.11920579522848129,0.4024728834629059,23.82382583618164,1404.1368408203125
250616,100,0.92,0.02467207796871662,0.5923058986663818,21.013193130493164,1796.114013671875
250617,64,0.90625,0.16244782507419586,0.5456423163414001,23.813814163208008,979.7422485351562
250618,100,0.9,0.05970132723450661,0.6388036012649536,19.876710891723633,1275.61669921875
250619,100,0.92,0.039981257170438766,0.5737786293029785,24.448671340942383,920.39111328125
250620,100,0.88,0.09245159476995468,0.7361998558044434,22.380834579467773,606.3714599609375
250621,100,0.87,0.08128510415554047,0.6496994495391846,17.548791885375977,793.6534423828125
250622,100,0.9,0.04430389404296875,0.6714857816696167,21.69827651977539,909.3692626953125
250623,100,0.92,0.1298668086528778,0.7363612651824951,21.510190963745117,812.225341796875
250624,100,0.78,0.02955450490117073,0.5015297532081604,18.809762954711914,511.0254821777344
250625,96,0.9479166666666666,0.03576613962650299,0.5287781953811646,23.006860733032227,1189.6866455078125
250626,100,0.88,0.01524919830262661,0.6970835328102112,18.636014938354492,1012.0137939453125
250627,50,0.96,0.11766567081212997,0.535494327545166,22.57162094116211,401.5680847167969
250628,15,0.8666666666666667,0.7500067353248596,0.5769237875938416,20.541622161865234,1235.9228515625
250629,100,0.89,0.03239227086305618,0.5468946695327759,20.704587936401367,1146.64306640625
250630,100,0.93,0.06329864263534546,0.48804551362991333,17.833213806152344,372.4114074707031
250631,91,0.9560439560439561,0.044312089681625366,0.577398419380188,24.082468032836914,637.4496459960938
250632,30,0.9,0.2209019958972931,0.8273962140083313,18.509647369384766,643.6822509765625
250633,100,0.86,0.159148707985878,0.7048158645629883,21.58869171142578,672.7168579101562
250634,100,0.9,0.10558111220598221,0.4802837371826172,18.346084594726562,716.4126586914062
250635,100,0.84,0.05786827206611633,0.7255246639251709,19.136211395263672,1343.33837890625
250636,100,0.91,0.017732517793774605,0.7345953583717346,20.042224884033203,875.3829956054688
250637,100,0.84,0.004720527678728104,0.6452690958976746,17.94147491455078,229.1280517578125
250638,100,0.88,0.1753699779510498,0.6034843325614929,25.196758270263672,1016.6560668945312
250639,29,0.8620689655172413,0.24093550443649292,0.5440159440040588,15.917839050292969,654.9827270507812
250640,100,0.85,0.00561008183285594,0.5950576663017273,17.512367248535156,549.970458984375
250641,2,0.5,0.9997770190238953,0.21199828386306763,1.9995540380477905,1170.3486328125
250642,100,0.9,0.08264587074518204,0.6485514640808105,22.112380981445312,997.6206665039062
250643,100,0.93,0.08569736033678055,0.7499246001243591,23.3991641998291,691.6536254882812
250644,100,0.87,0.029503846541047096,0.5416994094848633,19.053743362426758,961.3802490234375
250645,100,0.85,0.001642731367610395,0.5353152751922607,18.680727005004883,969.7860717773438
250646,77,0.8701298701298701,0.07884173840284348,0.7036762237548828,20.529865264892578,1278.70703125
250647,100,0.9,0.04835665971040726,0.6473128199577332,21.980575561523438,476.4456787109375
250648,65,0.8769230769230769,0.10238231718540192,0.5051361322402954,19.020877838134766,240.0487823486328
250649,100,0.89,0.13978953659534454,0.737178385257721,22.711071014404297,546.6905517578125
250650,100,0.87,0.06594361364841461,0.6500869989395142,22.718311309814453,716.7975463867188
250651,4,0.5,0.9865962266921997,0.7426636219024658,2.946390151977539,1711.4139404296875
250652,100,0.83,-0.0011030449531972408,0.5818672776222229,17.299381256103516,1611.338134765625
250653,100,0.82,0.08239732682704926,0.5337393283843994,18.08301544189453,1004.7315063476562
250654,17,0.7647058823529411,0.5079142451286316,0.7137813568115234,13.328262329101562,1186.1341552734375
250655,100,0.91,0.0668264776468277,0.6656487584114075,19.443599700927734,599.0112915039062
250656,56,0.8928571428571429,0.07363289594650269,0.5770938992500305,16.431270599365234,1419.0311279296875
250657,100,0.86,0.08592203259468079,0.5780602693557739,21.214143753051758,1298.3260498046875
250658,100,0.82,0.05499532073736191,0.5652965307235718,19.053955078125,1469.4495849609375
250659,100,0.88,0.04981788620352745,0.6490989327430725,20.779865264892578,1214.4263916015625
250660,100,0.83,0.06175361946225166,0.5873557925224304,19.641056060791016,382.4166564941406
250661,100,0.7,0.004320807289332151,0.6192864179611206,12.983803749084473,602.481689453125
250662,100,0.78,0.0097430981695652,0.7102205753326416,15.829916000366211,276.3231506347656
250663,100,0.9,0.09704092890024185,0.6739757061004639,22.23889923095703,1288.469970703125
250664,18,0.8333333333333334,0.25498631596565247,0.3399640619754791,17.965150833129883,732.098388671875
250665,100,0.91,0.12328466773033142,0.7055098414421082,21.662256240844727,612.972412109375
250666,17,0.8823529411764706,0.5889797806739807,0.6019890308380127,23.687875747680664,1691.750732421875
250667,42,0.9285714285714286,0.15136095881462097,0.7070493102073669,24.882646560668945,1079.0084228515625
250668,92,0.9130434782608695,0.09805013984441757,0.5836514234542847,22.570476531982422,647.8923950195312
250669,100,0.92,0.11780998110771179,0.6407800912857056,21.447582244873047,773.7839965820312
250670,75,0.88,0.12174279987812042,0.6990536451339722,21.17548370361328,656.2869873046875
250671,100,0.89,0.07318659871816635,0.6152929067611694,20.399738311767578,296.44482421875
250672,100,0.93,0.08228829503059387,0.6750672459602356,22.195358276367188,520.3911743164062
250673,100,0.91,0.008853684179484844,0.5436131954193115,20.652162551879883,300.2311706542969
250674,100,0.88,0.09317442774772644,0.6297261118888855,22.039478302001953,764.2254638671875
250675,100,0.88,0.04838038608431816,0.8178731799125671,20.770654678344727,809.6646728515625
250676,100,0.9,0.08862189948558807,0.5513611435890198,22.8476505279541,295.2215881347656
250677,100,0.93,0.039795879274606705,0.8354629874229431,20.41520118713379,986.3900146484375
250678,4,1.0,0.9878928661346436,,9.831506729125977,1904.2408447265625
250679,100,0.93,0.05896369367837906,0.3968920111656189,19.13764190673828,266.5337219238281
250680,55,0.8181818181818182,0.15986429154872894,0.6036978960037231,17.41093635559082,573.8662109375
250681,100,0.9,0.09594246745109558,0.5860882997512817,23.070018768310547,541.1581420898438
250682,100,0.86,0.07284844666719437,0.690403163433075,19.52765655517578,681.119140625
250683,62,0.8709677419354839,0.14443935453891754,0.5525451302528381,22.593303680419922,606.9025268554688
250684,68,0.7794117647058824,0.12209149450063705,0.5130065083503723,16.03540802001953,570.9476928710938
250685,90,0.9,0.02886495739221573,0.4543345868587494,21.96561050415039,1179.0389404296875
250686,49,0.8163265306122449,0.25064292550086975,0.634857714176178,21.960691452026367,623.9694213867188
250687,100,0.89,0.05722808465361595,0.5731251239776611,21.367027282714844,1012.390380859375
250688,19,0.9473684210526315,0.32593727111816406,0.9592211246490479,16.232803344726562,598.6384887695312
250689,100,0.88,0.1502230167388916,0.7304596900939941,21.20502471923828,108.26227569580078
250690,100,0.92,0.08698762953281403,0.5970204472541809,18.540096282958984,1190.0478515625
250691,100,0.86,0.07988785952329636,0.5616832375526428,18.0082950592041,477.86651611328125
250692,59,0.9491525423728814,0.07314008474349976,0.5924513339996338,20.534149169921875,794.922119140625
250693,100,0.85,0.03590361773967743,0.603645920753479,22.070209503173828,462.13092041015625
250694,33,0.8787878787878788,0.3065961003303528,0.6689468026161194,19.951200485229492,1333.4708251953125
250695,32,0.84375,0.23191457986831665,0.5139468312263489,19.5030460357666,2027.3587646484375
250696,49,0.8775510204081632,0.13032446801662445,0.6618630290031433,19.262624740600586,1206.81982421875
250697,8,0.875,0.9221044182777405,0.7844303846359253,13.44095230102539,1231.4327392578125
250698,23,0.8695652173913043,0.19750776886940002,0.46228232979774475,14.290694236755371,1277.7147216796875
250699,100,0.93,0.0627816691994667,0.6884532570838928,21.85198974609375,378.9246826171875
250700,55,0.8909090909090909,0.15934665501117706,0.6440417766571045,19.855438232421875,904.7792358398438
250701,100,0.9,0.06271599978208542,0.5777273178100586,18.05567169189453,1483.4453125
250702,73,0.9178082191780822,0.0721123218536377,0.4816533029079437,19.143138885498047,1575.4661865234375
250703,92,0.9021739130434783,0.06048058345913887,0.648384690284729,18.588579177856445,1013.6139526367188
250704,74,0.8918918918918919,0.13700096309185028,0.7047083377838135,22.910554885864258,378.5455322265625
250705,47,0.8936170212765957,0.2071620225906372,0.5364130735397339,22.32581901550293,755.5142211914062
250706,100,0.85,0.08850805461406708,0.7115167379379272,15.682703018188477,249.506591796875
250707,100,0.79,0.08188311010599136,0.5703369975090027,14.104209899902344,553.0642700195312
250708,38,0.9473684210526315,0.1785711646080017,0.9514168500900269,20.936092376708984,337.1129150390625
250709,100,0.95,0.07048448175191879,0.6856907606124878,19.119762420654297,1133.79345703125
250710,100,0.83,0.05062373727560043,0.547166109085083,14.996072769165039,449.3807373046875
250711,100,0.85,0.04371427372097969,0.4641292691230774,17.92226791381836,624.9639282226562
250712,39,0.9230769230769231,0.29373666644096375,0.7490062713623047,26.688262939453125,351.66162109375
250713,65,0.8461538461538461,0.09075023233890533,0.8188142776489258,19.095706939697266,174.0496063232422
250714,5,0.6,0.9985547065734863,0.5329070687294006,4.793871879577637,1887.2540283203125
250715,100,0.89,0.013590587303042412,0.7539201378822327,20.74759292602539,241.27525329589844
250716,64,0.9375,0.11763584613800049,0.7299588918685913,25.51166534423828,1086.7171630859375
250717,100,0.94,0.04372159019112587,0.6247991919517517,21.749181747436523,1855.2005615234375
250718,36,0.8611111111111112,0.1104762852191925,0.5084835886955261,23.76980209350586,741.2693481445312
250719,100,0.91,0.1303577721118927,0.6986913681030273,23.2557430267334,310.82098388671875
250720,8,0.75,0.8423233032226562,0.59654301404953,9.168421745300293,1721.152587890625
250721,100,0.84,0.1698065996170044,0.5813988447189331,22.062700271606445,1268.3724365234375
250722,100,0.89,0.06900351494550705,0.6667381525039673,21.558481216430664,1149.85205078125
250723,83,0.9156626506024096,0.06880922615528107,0.3425315320491791,18.759552001953125,270.65185546875
250724,79,0.8987341772151899,0.11417657881975174,0.5943565368652344,24.05367660522461,995.798828125
250725,100,0.87,0.009581942111253738,0.7130957841873169,19.45568084716797,690.708251953125
250726,49,0.8979591836734694,0.09125185012817383,0.6096318364143372,16.37497901916504,1440.75146484375
250727,100,0.88,-0.013921813108026981,0.527575671672821,19.173871994018555,1274.4736328125
250728,100,0.92,0.07008133083581924,0.5618293285369873,19.44109344482422,835.7791137695312
250729,100,0.66,0.024741772562265396,0.7240181565284729,14.367691993713379,819.0592651367188
250730,100,0.89,0.003636429086327553,0.6228847503662109,20.249073028564453,710.6853637695312
250731,100,0.91,0.10969413816928864,0.5429562330245972,22.606462478637695,959.8905029296875
250732,100,0.78,0.016135552898049355,0.5975193381309509,14.282827377319336,896.0849609375
250733,100,0.92,0.05371157452464104,0.7449949383735657,23.42803192138672,796.4000244140625
250734,100,0.85,0.053936414420604706,0.5933359861373901,20.444355010986328,554.337646484375
250735,29,0.8275862068965517,0.19427794218063354,0.49921005964279175,15.495794296264648,1225.340576171875
250736,100,0.9,0.0949372798204422,0.6305455565452576,19.515419006347656,527.6002807617188
250737,100,0.91,0.07303490489721298,0.5750552415847778,21.340072631835938,1411.8948974609375
250738,100,0.89,0.05145978927612305,0.6683903336524963,19.262876510620117,239.7613067626953
250739,100,0.9,0.09896162897348404,0.7140106558799744,18.038585662841797,1209.120361328125
250740,7,0.5714285714285714,0.97849440574646,0.4590038061141968,5.663985252380371,875.7504272460938
250741,100,0.9,0.07539673894643784,0.579473614692688,19.114242553710938,602.930419921875
250742,81,0.9135802469135802,0.13877224922180176,0.6728588342666626,19.302400588989258,474.0950927734375
250743,100,0.82,0.10127761960029602,0.6286653876304626,18.59334945678711,220.96112060546875
250744,67,0.8208955223880597,0.054148703813552856,0.5556758046150208,14.951457023620605,1332.1729736328125
250745,100,0.89,0.06486722826957703,0.5791012048721313,17.371522903442383,804.9021606445312
250746,100,0.89,0.01873471774160862,0.7201991081237793,15.972417831420898,269.5224304199219
250747,26,0.9230769230769231,0.4102310240268707,0.5433653593063354,22.866680145263672,850.3196411132812
250748,100,0.91,0.030652733519673347,0.7583335041999817,20.027023315429688,945.4078369140625
250749,22,0.8181818181818182,0.2960362136363983,0.42238256335258484,18.222122192382812,2229.342529296875
250750,64,0.9375,0.11311478167772293,0.6123852729797363,23.56244659423828,750.0140380859375
250751,92,0.8695652173913043,0.06773531436920166,0.4886693060398102,21.31890106201172,1888.736083984375
250752,100,0.92,0.04431650787591934,0.5812585949897766,19.965795516967773,479.775390625
250753,25,0.92,0.2597050070762634,0.35315683484077454,20.51656723022461,499.3624572753906
250754,100,0.9,0.043401602655649185,0.5857440233230591,15.178384780883789,798.4594116210938
250755,95,0.9578947368421052,0.09379129111766815,0.8588773012161255,22.177608489990234,130.95643615722656
250756,100,0.91,0.008869443088769913,0.6757919788360596,20.477611541748047,694.182861328125
250757,100,0.92,0.05157962068915367,0.8615128993988037,16.4581241607666,295.2480163574219
250758,100,0.91,0.05986988544464111,0.48760974407196045,17.868799209594727,597.7185668945312
250759,100,0.91,0.05488024279475212,0.7644592523574829,18.793638229370117,1086.048095703125
250760,72,0.9305555555555556,0.14800694584846497,0.42576295137405396,19.242679595947266,289.3228454589844
250761,100,0.9,0.013315378688275814,0.502893328666687,16.073511123657227,1014.5430297851562
250762,40,0.925,0.11534129083156586,0.4102630913257599,19.85763168334961,1120.78125
250763,90,0.9111111111111111,0.0620039664208889,0.5206557512283325,19.44805335998535,1387.9578857421875
250764,100,0.9,0.11318328976631165,0.823489785194397,19.2543888092041,735.79150390625
250765,100,0.86,0.07395028322935104,0.7150875329971313,18.730173110961914,1471.65576171875
250766,100,0.92,0.005781168583780527,0.7264546155929565,18.718507766723633,889.0726318359375
250767,100,0.89,0.07674113661050797,0.5559925436973572,18.72251319885254,1057.4254150390625
250768,100,0.94,0.07515205442905426,0.6230224967002869,22.090375900268555,130.66323852539062
250769,100,0.93,0.09235011786222458,0.5508258938789368,20.05179214477539,1089.0277099609375
250770,100,0.9,0.0843106359243393,0.6351627707481384,24.3817195892334,1415.7723388671875
250771,100,0.9,0.06829053908586502,0.7089952230453491,18.519454956054688,1032.39599609375
250772,100,0.89,0.12072206288576126,0.589564859867096,23.512235641479492,196.354248046875
250773,38,0.8947368421052632,0.1330246776342392,0.8260071277618408,21.168237686157227,1277.3135986328125
250774,56,0.9107142857142857,0.10433464497327805,0.4930543005466461,20.205562591552734,454.2060546875
250775,11,0.9090909090909091,0.7995425462722778,0.5575045943260193,18.651790618896484,539.8284301757812
250776,100,0.87,0.07555045932531357,0.6943620443344116,17.077621459960938,491.7168884277344
250777,100,0.86,0.03342496231198311,0.7286148071289062,21.274423599243164,523.5052490234375
250778,100,0.91,0.06058720126748085,0.5127068758010864,18.334447860717773,735.0264892578125
250779,100,0.94,0.06841111183166504,0.8454527854919434,23.13805389404297,837.3523559570312
250780,5,0.8,0.9965260028839111,0.06397037953138351,7.968762397766113,881.8804321289062
250781,39,0.9487179487179487,0.264470636844635,0.2082148939371109,29.619213104248047,1045.0069580078125
250782,100,0.86,0.04119199514389038,0.6560067534446716,14.855308532714844,832.6921997070312
250783,92,0.9021739130434783,0.038099344819784164,0.7334175109863281,19.520557403564453,830.74609375
250784,100,0.92,0.03898797184228897,0.6325615644454956,19.329618453979492,1404.2359619140625
250785,100,0.93,0.0554259717464447,0.6482819318771362,19.1253604888916,1108.4066162109375
250786,78,0.8974358974358975,0.11841302365064621,0.4078853726387024,22.68559455871582,726.8912963867188
250787,100,0.88,0.08083725720643997,0.5723721385002136,17.139907836914062,736.32470703125
250788,100,0.86,0.020890021696686745,0.5844300985336304,16.918169021606445,582.086669921875
250789,20,0.85,0.35560640692710876,0.7404903769493103,9.994035720825195,1293.162841796875
250790,100,0.9,0.031846050173044205,0.7827742695808411,19.05144691467285,396.6254577636719
250791,100,0.95,0.03860253468155861,0.6640413403511047,23.3225154876709,838.6844482421875
250792,100,0.88,0.08062119036912918,0.629372239112854,19.163169860839844,362.7218017578125
250793,100,0.86,0.06255780160427094,0.638725757598877,15.07342529296875,367.318115234375
250794,100,0.91,0.08280409872531891,0.5572192668914795,21.941083908081055,458.3738708496094
250795,100,0.85,0.03419269248843193,0.6095723509788513,14.257375717163086,965.9295043945312
250796,100,0.89,0.04269510507583618,0.5864812731742859,18.146438598632812,608.0881958007812
250797,22,0.7727272727272727,0.26219210028648376,0.7502526044845581,8.775946617126465,976.4647827148438
250798,50,0.92,0.18921533226966858,0.644597589969635,19.78538703918457,238.1046142578125
250799,100,0.95,0.09891977906227112,0.789439857006073,19.38657569885254,731.4800415039062
250800,100,0.9,0.06966666877269745,0.6881215572357178,20.33513069152832,872.3543701171875
250801,100,0.87,0.019394556060433388,0.7023735046386719,18.567039489746094,189.5607147216797
250802,77,0.9090909090909091,0.04770568013191223,0.5686066746711731,17.251970291137695,1252.3984375
250803,100,0.92,0.07217433303594589,0.7012678980827332,21.06243324279785,412.0376281738281
250804,100,0.93,0.03677677363157272,0.668265163898468,20.48638916015625,411.42388916015625
250805,100,0.86,0.02997484803199768,0.6417209506034851,16.272314071655273,576.9871215820312
250806,10,0.8,0.7843853235244751,0.4414452016353607,13.386064529418945,1396.5687255859375
250807,100,0.9,0.03191321715712547,0.5828200578689575,17.825103759765625,986.4296875
250808,100,0.9,0.10252237319946289,0.7591767311096191,23.112564086914062,305.0021057128906
250809,96,0.96875,0.11103663593530655,0.7120590806007385,19.827661514282227,278.9004821777344
250810,99,0.9292929292929293,0.06427696347236633,0.6810035109519958,22.300941467285156,1088.9951171875
250811,58,0.9827586206896551,0.1583981215953827,0.2668966054916382,27.07787322998047,1003.869384765625
250812,36,0.8611111111111112,0.2918420433998108,0.7170789837837219,19.069799423217773,1408.400634765625
250813,100,0.93,0.0657472163438797,0.713295578956604,19.15808868408203,293.2898254394531
250814,50,0.94,0.09452110528945923,0.5095128417015076,22.904247283935547,520.8848876953125
250815,100,0.93,0.01422698050737381,0.682221531867981,18.076269149780273,428.2663879394531
250816,100,0.89,0.09736533463001251,0.5644069314002991,16.974164962768555,892.220703125
250817,100,0.9,0.09296959638595581,0.773337185382843,17.905622482299805,1086.5499267578125
250818,100,0.91,0.034982629120349884,0.5705016255378723,19.333311080932617,719.5740966796875
250819,100,0.88,0.09271877259016037,0.6709458827972412,18.336956024169922,1539.7060546875
250820,100,0.87,0.04283551871776581,0.6373942494392395,20.875741958618164,953.4129638671875
250821,100,0.87,0.04518257454037666,0.5478160977363586,19.620027542114258,1275.7220458984375
250822,25,0.68,0.14858391880989075,0.5157328844070435,11.697124481201172,1398.6632080078125
250823,100,0.93,0.026879779994487762,0.6451853513717651,16.371051788330078,513.018798828125
250824,100,0.88,0.027605826035141945,0.6203902363777161,15.620561599731445,396.3729248046875
250825,100,0.89,0.025680633261799812,0.7301329970359802,19.03919792175293,1151.864990234375
250826,100,0.85,0.024934573099017143,0.5374557971954346,14.245048522949219,198.3287811279297
250827,100,0.9,0.04695729538798332,0.5670797228813171,17.632041931152344,1280.4656982421875
250828,100,0.94,0.1168985664844513,0.74778151512146,25.943893432617188,895.566162109375
250829,94,0.9468085106382979,0.04792807251214981,0.5242688059806824,17.07016372680664,390.31768798828125
250830,100,0.89,0.11168570071458817,0.578768789768219,20.348773956298828,1125.8408203125
250831,8,0.875,0.6652522087097168,0.06678679585456848,11.538263320922852,1319.816162109375
250832,8,0.875,0.7524572014808655,0.6124496459960938,12.906620025634766,1138.665283203125
250833,100,0.91,0.08546344935894012,0.608001708984375,17.41417694091797,832.848876953125
250834,6,0.8333333333333334,0.9766328930854797,0.9453513026237488,9.83738899230957,572.462158203125
250835,17,0.9411764705882353,0.6711165904998779,0.7491530776023865,25.26683807373047,1611.268310546875
250836,100,0.95,0.007174804341048002,0.6255507469177246,18.923192977905273,431.97296142578125
250837,100,0.89,0.06207243725657463,0.6130063533782959,21.328899383544922,766.4586181640625
250838,100,0.91,0.03809637576341629,0.5703980922698975,20.990880966186523,770.37158203125
250839,100,0.94,0.03970707580447197,0.6554837226867676,13.643311500549316,646.7607421875
250840,100,0.95,0.04812800884246826,0.7523008584976196,18.501989364624023,1045.47314453125
250841,100,0.91,0.026591584086418152,0.843461275100708,17.19635581970215,1222.4310302734375
250842,10,0.7,0.5113711953163147,0.5475829839706421,5.732551574707031,1208.6650390625
250843,100,0.93,0.031748559325933456,0.6414050459861755,16.55851936340332,550.1370849609375
250844,100,0.88,0.07787079364061356,0.7274150252342224,17.023731231689453,448.9622802734375
250845,12,0.6666666666666666,0.7357542514801025,0.6108761429786682,10.428322792053223,714.1681518554688
250846,100,0.84,0.1232837364077568,0.7591476440429688,21.827224731445312,904.4677734375
250847,100,0.89,0.02541460283100605,0.5595535635948181,22.555335998535156,1314.9285888671875
250848,45,0.9111111111111111,0.06658674776554108,0.8758091926574707,12.449804306030273,1104.2591552734375
250849,47,0.9361702127659575,0.06718291342258453,0.8045288920402527,26.520484924316406,197.49563598632812
250850,100,0.91,0.12878550589084625,0.7477743625640869,21.931495666503906,719.0790405273438
250851,100,0.92,0.09708380699157715,0.5585538744926453,16.553485870361328,228.00714111328125
250852,75,0.92,0.0668475404381752,0.5500946640968323,14.711349487304688,1358.5406494140625
250853,100,0.91,0.027817338705062866,0.6569865345954895,18.54364013671875,1335.872314453125
250854,100,0.88,0.04861755669116974,0.6873751282691956,20.990251541137695,1239.2059326171875
250855,100,0.94,0.07678575813770294,0.7461593151092529,17.363786697387695,878.1629028320312
250856,44,0.8181818181818182,0.031605254858732224,0.6103883981704712,11.905661582946777,884.0726318359375
250857,100,0.89,0.01951141096651554,0.6835079789161682,16.484172821044922,1055.3314208984375
250858,61,0.9344262295081968,0.07080379128456116,0.8262120485305786,15.6538724899292,770.3427124023438
250859,100,0.89,0.025201112031936646,0.7557613849639893,14.620307922363281,1300.74365234375
250860,100,0.94,-0.014765086583793163,0.7507948875427246,13.919305801391602,642.8199462890625
250861,100,0.95,0.08694420009851456,0.8945032358169556,16.558732986450195,540.5099487304688
250862,96,0.9375,0.0740617960691452,0.7538382411003113,19.875267028808594,122.60034942626953
250863,100,0.95,0.06670444458723068,0.5976680517196655,17.82439613342285,1056.588623046875
250864,100,0.93,0.09406064450740814,0.7745798230171204,23.265771865844727,164.6026153564453
250865,19,0.8947368421052632,0.18241696059703827,0.5774950385093689,18.41278648376465,716.1124877929688
250866,100,0.96,-0.0227306317538023,0.876258909702301,16.27482032775879,315.6915588378906
250867,100,0.89,0.05593128502368927,0.55666583776474,21.958242416381836,184.95932006835938
250868,17,0.8235294117647058,0.3360889256000519,0.9200198650360107,12.14783000946045,1093.799560546875
250869,100,0.94,0.07719438523054123,0.7019755840301514,19.728147506713867,1076.049072265625
250870,100,0.93,0.06852420419454575,0.8821867108345032,24.917165756225586,135.80177307128906
250871,100,0.89,0.03209022432565689,0.7401590943336487,14.998456001281738,476.5186462402344
250872,100,0.87,0.008298493921756744,0.6026904582977295,10.540816307067871,376.0760803222656
250873,100,0.88,0.05880538001656532,0.7110636234283447,17.588781356811523,117.93522644042969
250874,25,0.8,0.27004653215408325,0.47595006227493286,15.097524642944336,973.10791015625
250875,100,0.9,0.0029400011990219355,0.6598583459854126,18.56540870666504,796.1484985351562
250876,100,0.89,0.04856804385781288,0.5901248455047607,20.463247299194336,544.0919799804688
250877,85,0.9294117647058824,0.15503525733947754,0.5932533740997314,22.511001586914062,158.1577911376953
250878,45,0.8888888888888888,-0.018038203939795494,0.7991371750831604,13.06770133972168,1622.328369140625
250879,100,0.88,0.07069595158100128,0.4306616485118866,13.704732894897461,1001.9503784179688
250880,100,0.91,0.09213122725486755,0.8388294577598572,27.074308395385742,524.3696899414062
250881,100,0.96,0.05514988303184509,0.5126810073852539,20.428625106811523,1337.98388671875
250882,92,0.9456521739130435,0.061849188059568405,0.5348708629608154,21.330751419067383,1748.069580078125
250883,39,0.8461538461538461,0.2505226135253906,0.5794644951820374,18.927637100219727,1069.94970703125
250884,100,0.92,0.0664721131324768,0.7181496620178223,20.639625549316406,481.29266357421875
250885,100,0.91,0.09773790836334229,0.6118347644805908,21.32065200805664,736.7139282226562
250886,100,0.87,0.041930243372917175,0.60362309217453,22.038959503173828,1234.3931884765625
250887,100,0.91,0.07394485920667648,0.68385910987854,19.154563903808594,453.8993225097656
250888,100,0.95,0.051536448299884796,0.653624415397644,17.077804565429688,707.7601928710938
250889,89,0.898876404494382,0.10706011950969696,0.6427553296089172,22.720449447631836,1438.684814453125
250890,100,0.89,0.056575044989585876,0.6180641651153564,18.780986785888672,887.3307495117188
250891,100,0.95,0.01749304309487343,0.4578774571418762,20.850605010986328,748.8742065429688
250892,96,0.9583333333333334,0.08694540709257126,0.7115500569343567,22.92182159423828,818.2259521484375
250893,65,0.9538461538461539,0.14160063862800598,0.6053794026374817,25.292190551757812,1095.73681640625
250894,100,0.92,0.05174809321761131,0.62959885597229,17.302330017089844,871.6669311523438
250895,100,0.86,0.10071969777345657,0.5971060395240784,19.254640579223633,915.455810546875
250896,100,0.93,0.0663888230919838,0.6643034219741821,21.278207778930664,363.82379150390625
250897,100,0.91,0.04343836009502411,0.6732695698738098,18.350624084472656,525.453369140625
250898,100,0.9,0.03891497850418091,0.6127796173095703,21.251930236816406,1668.1917724609375
250899,54,0.8888888888888888,0.13801833987236023,0.6339796781539917,18.408329010009766,636.7731323242188
250900,100,0.91,0.11409303545951843,0.48841068148612976,20.088438034057617,1322.8392333984375
250901,12,0.75,0.9795627593994141,0.8373958468437195,14.709612846374512,924.1583862304688
250902,100,0.9,0.047402381896972656,0.42740073800086975,16.704853057861328,1582.0928955078125
250903,74,0.918918918918919,0.012647981755435467,0.9390132427215576,16.534997940063477,487.5660400390625
250904,100,0.91,0.02330424264073372,0.8603721857070923,15.691062927246094,844.7485961914062
250905,52,0.9038461538461539,0.13883760571479797,0.43889814615249634,15.224706649780273,494.9010314941406
250906,100,0.97,0.05999200791120529,0.7571362853050232,22.99126434326172,741.3788452148438
250907,61,0.9180327868852459,0.1267068237066269,0.6409934163093567,15.912537574768066,186.37477111816406
250908,100,0.91,0.08010289072990417,0.7030160427093506,17.373462677001953,508.7771301269531
250909,100,0.84,0.02503623254597187,0.4305092692375183,15.912893295288086,1294.8843994140625
250910,100,0.89,0.04837038740515709,0.6134351491928101,17.58617401123047,517.4798583984375
250911,100,0.92,0.029326487332582474,0.787330687046051,22.830101013183594,169.75721740722656
250912,100,0.94,0.052650365978479385,0.7957675457000732,19.641006469726562,1158.329833984375
250913,100,0.89,0.08721930533647537,0.5516590476036072,17.256214141845703,551.4568481445312
250914,100,0.92,0.07015854120254517,0.671278715133667,16.67298126220703,547.5128173828125
250915,64,0.953125,0.11676913499832153,0.6404272317886353,24.207597732543945,1169.3675537109375
250916,85,0.9529411764705882,0.07195060700178146,0.7180068492889404,14.887859344482422,1259.9580078125
250917,100,0.84,0.017965177074074745,0.5118573904037476,20.089635848999023,1264.8046875
250918,100,0.91,0.02020730823278427,0.6587073802947998,14.906207084655762,1785.95263671875
250919,100,0.89,0.0025603268295526505,0.4992002248764038,17.2067928314209,346.25384521484375
250920,100,0.89,0.06828001141548157,0.48467132449150085,13.610095024108887,906.655517578125
250921,10,0.8,0.38485103845596313,0.5516620874404907,10.691665649414062,1114.4990234375
250922,81,0.9135802469135802,0.09974581748247147,0.8005934953689575,23.44581413269043,888.01904296875
250923,100,0.91,0.08574778586626053,0.7844531536102295,22.318492889404297,748.4092407226562
250924,100,0.93,0.0781494751572609,0.7315048575401306,19.76142120361328,454.5630798339844
250925,23,0.7391304347826086,0.12673400342464447,0.7163168787956238,9.631242752075195,863.0123901367188
250926,69,0.9855072463768116,0.11526622623205185,0.823176920413971,23.719738006591797,1485.5391845703125
250927,100,0.89,0.10053618252277374,0.6351139545440674,20.392333984375,381.0791015625
250928,53,0.9245283018867925,0.1963752955198288,0.8423506021499634,24.225261688232422,1886.9857177734375
250929,70,0.9714285714285714,0.11073037981987,0.5085905194282532,15.311474800109863,314.8851623535156
250930,26,0.9615384615384616,0.33659836649894714,0.7515620589256287,18.460439682006836,1124.59423828125
250931,100,0.95,0.009078596718609333,0.6804441213607788,18.13420295715332,158.2223663330078
250932,100,0.9,0.06701448559761047,0.6265722513198853,18.92144203186035,940.6184692382812
250933,100,0.95,0.03671933710575104,0.7780169248580933,17.692068099975586,268.7307434082031
250934,30,0.9666666666666667,0.1636311113834381,0.4186236560344696,21.68069076538086,829.7581787109375
250935,100,0.9,0.010047269985079765,0.6913689374923706,18.627883911132812,799.238525390625
250936,100,0.93,0.023452017456293106,0.7229148745536804,17.235301971435547,1584.16845703125
250937,81,0.9012345679012346,0.07736559957265854,0.5084017515182495,15.218668937683105,1345.9332275390625
250938,100,0.91,0.012975589372217655,0.7303283214569092,15.694477081298828,537.3286743164062
250939,100,0.96,0.06080817058682442,0.7497467994689941,22.386428833007812,722.9630737304688
250940,100,0.89,0.05838523432612419,0.41511449217796326,17.670604705810547,395.80206298828125
250941,94,0.9148936170212766,0.08125746995210648,0.5819683074951172,16.964136123657227,793.8377685546875
250942,100,0.87,0.08275929093360901,0.528762936592102,15.523249626159668,1017.6134033203125
250943,100,0.95,0.06926054507493973,0.7145256996154785,17.653427124023438,1016.5877075195312
250944,100,0.92,0.017044520005583763,0.6508522629737854,15.494028091430664,157.58096313476562
250945,73,0.9041095890410958,0.09801795333623886,0.6562174558639526,23.291194915771484,95.93429565429688
250946,100,0.94,0.04214073345065117,0.6411736011505127,23.56903839111328,977.4774780273438
250947,87,0.9425287356321839,0.0758754163980484,0.7898752093315125,21.87523078918457,319.5499572753906
250948,100,0.95,-0.00379131524823606,0.7499027252197266,16.8499813079834,1080.86181640625
250949,100,0.87,-0.0422789603471756,0.6945164203643799,19.73763084411621,899.2295532226562
250950,100,0.95,0.02003074251115322,0.7595662474632263,20.19182586669922,774.56689453125
250951,100,0.91,0.10893557965755463,0.6648544669151306,26.560457229614258,1329.3612060546875
250952,21,0.9523809523809523,0.3131789565086365,0.30536168813705444,19.923778533935547,1355.056396484375
250953,100,0.89,0.02679261937737465,0.6915874481201172,15.193428993225098,768.8654174804688
250954,100,0.88,0.042219873517751694,0.599084198474884,15.887731552124023,1015.4581298828125
250955,100,0.9,0.03297244757413864,0.6423403024673462,22.795852661132812,1313.04443359375
250956,100,0.92,0.10400485247373581,0.7014997005462646,21.21273422241211,516.4561767578125
250957,100,0.93,0.002881858265027404,0.7889209985733032,20.86119842529297,1400.6304931640625
250958,100,0.9,-0.04243849590420723,0.5718100666999817,12.691998481750488,1133.3106689453125
250959,100,0.91,0.10453974455595016,0.5988136529922485,20.754724502563477,788.41650390625
250960,100,0.92,0.017310824245214462,0.5033193230628967,18.416715621948242,255.162353515625
250961,71,0.9154929577464789,0.15060366690158844,0.7164579033851624,22.59478759765625,97.49382781982422
250962,100,0.87,0.04506666213274002,0.7115879058837891,19.03197479248047,389.3959655761719
250963,97,0.8969072164948454,0.060728587210178375,0.5913137793540955,21.196386337280273,628.7953491210938
250964,100,0.89,0.09784097224473953,0.6228169798851013,22.50060272216797,1009.7977905273438
250965,100,0.91,-0.030098024755716324,0.7384828329086304,15.930549621582031,578.5133666992188
250966,33,0.8787878787878788,0.24256226420402527,0.7642139196395874,19.065120697021484,1510.321044921875
250967,100,0.92,0.007373461965471506,0.6959487795829773,15.601554870605469,376.9493408203125
250968,29,0.8275862068965517,0.30873164534568787,0.8257074356079102,17.894868850708008,670.5205078125
250969,100,0.96,0.09089943021535873,0.7038424611091614,21.662668228149414,633.421630859375
250970,61,0.9016393442622951,0.06738194823265076,0.3706648349761963,14.652498245239258,1005.4140014648438
250971,100,0.94,0.053627289831638336,0.8417670130729675,18.501972198486328,281.20123291015625
250972,100,0.93,0.06127096340060234,0.7387611269950867,23.671070098876953,1050.3853759765625
250973,100,0.92,0.02661238983273506,0.7286763191223145,15.135470390319824,303.2933349609375
250974,83,0.9156626506024096,0.09254515916109085,0.5258447527885437,14.888496398925781,1129.8287353515625
250975,100,0.87,0.06389352679252625,0.7160477042198181,18.005525588989258,556.2440795898438
250976,100,0.93,0.06779631227254868,0.6534784436225891,20.680028915405273,380.6277770996094
250977,100,0.89,0.04295262694358826,0.6336624622344971,16.366596221923828,856.75439453125
250978,100,0.88,0.03482581675052643,0.7094913125038147,15.254515647888184,717.7973022460938
250979,40,0.825,0.12085368484258652,0.8599525094032288,14.1144437789917,1045.220458984375
250980,100,0.96,0.002247728407382965,0.8426594734191895,14.98794174194336,868.9971313476562
250981,100,0.85,0.05257337912917137,0.683036208152771,21.220701217651367,869.37548828125
250982,100,0.92,0.004739915020763874,0.7146406173706055,16.562355041503906,1015.9746704101562
250983,100,0.86,0.07182873785495758,0.5726781487464905,14.591797828674316,335.3312072753906
250984,100,0.91,0.017570735886693,0.6973393559455872,14.239889144897461,449.0044250488281
250985,100,0.92,0.029618196189403534,0.7676750421524048,18.687114715576172,780.8452758789062
250986,100,0.92,0.034541234374046326,0.5023897290229797,17.935871124267578,1258.828125
250987,100,0.95,0.008034815080463886,0.8188470602035522,21.23627471923828,718.8208618164062
250988,95,0.9052631578947369,0.0666569173336029,0.7903848886489868,19.66631317138672,89.95613861083984
250989,29,0.896551724137931,0.12765271961688995,0.2850438356399536,24.135372161865234,619.1880493164062
250990,100,0.89,0.11281945556402206,0.5842792987823486,21.228975296020508,1068.3433837890625
250991,100,0.9,0.01580691523849964,0.5363794565200806,14.43699836730957,1289.9818115234375
250992,100,0.92,0.004350852686911821,0.5706087350845337,18.062591552734375,639.587890625
250993,59,0.9322033898305084,0.10038667917251587,0.5135443806648254,16.023969650268555,940.7826538085938
250994,13,1.0,0.21516874432563782,,14.063655853271484,1856.6826171875
250995,100,0.94,0.044961296021938324,0.7024245858192444,21.25967025756836,916.9591674804688
250996,100,0.95,0.036550018936395645,0.763973593711853,20.207998275756836,293.9949951171875
250997,9,0.6666666666666666,0.7857740521430969,0.6619266271591187,6.576483249664307,1019.88818359375
250998,93,0.956989247311828,0.03287868946790695,0.5778404474258423,21.252639770507812,270.55615234375
250999,21,0.9047619047619048,0.4031151235103607,0.9018956422805786,19.23967170715332,554.9154052734375
251000,23,0.8695652173913043,0.2632746398448944,0.7067952156066895,12.808738708496094,761.3961181640625
251001,100,0.93,0.0972786545753479,0.7327008247375488,20.992891311645508,806.2142944335938
251002,89,0.9662921348314607,0.03894399106502533,0.6203515529632568,23.378250122070312,1187.6712646484375
251003,100,0.91,0.05265556648373604,0.6773656606674194,14.321950912475586,659.7998046875
251004,100,0.91,0.09464073926210403,0.5037251114845276,19.057130813598633,662.12109375
251005,100,0.91,-0.00516721373423934,0.7438298463821411,19.066173553466797,1009.6888427734375
251006,100,0.92,0.055830053985118866,0.5053002238273621,17.917512893676758,470.04547119140625
251007,100,0.9,0.03948824107646942,0.6536426544189453,19.629493713378906,635.2425537109375
251008,100,0.96,0.048557717353105545,0.8346434235572815,16.948347091674805,408.7196350097656
251009,73,0.9315068493150684,0.10911012440919876,0.4845406115055084,24.25922966003418,1171.3558349609375
251010,100,0.94,0.05344310775399208,0.6889081001281738,20.121458053588867,1532.226318359375
251011,100,0.87,0.020999791100621223,0.6355376839637756,15.08505630493164,625.498291015625
251012,68,0.9705882352941176,0.14714884757995605,0.494775652885437,23.381547927856445,788.7869262695312
251013,100,0.92,0.04379137605428696,0.7653377652168274,20.606626510620117,315.3902282714844
251014,100,0.95,0.06576832383871078,0.6678501963615417,19.98373031616211,480.1168518066406
251015,100,0.91,0.04154009744524956,0.8477314710617065,22.491905212402344,311.1242980957031
251016,100,0.91,0.012528644874691963,0.7331765294075012,19.519533157348633,1123.78125
251017,100,0.94,0.03554495424032211,0.6833047270774841,17.73407745361328,391.0396728515625
251018,100,0.91,0.0576813779771328,0.564498782157898,20.383026123046875,867.1234130859375
251019,100,0.91,0.10494828224182129,0.5796595215797424,21.840137481689453,354.3960266113281
251020,71,0.9295774647887324,0.06353720277547836,0.6640685200691223,20.581674575805664,1577.218505859375
251021,15,0.8666666666666667,0.23093737661838531,0.5224217772483826,17.096446990966797,1098.779541015625
251022,100,0.91,0.06422539800405502,0.7030916213989258,19.7788028717041,1256.2403564453125
251023,100,0.9,0.036080941557884216,0.7416568398475647,18.382570266723633,188.36245727539062
251024,5,0.4,0.9961608648300171,0.6572627425193787,2.392726421356201,924.7664184570312
251025,100,0.89,0.03569367527961731,0.6084782481193542,19.284515380859375,572.0198364257812
251026,100,0.92,0.06610794365406036,0.7472212314605713,20.41994857788086,363.18524169921875
251027,100,0.88,0.029884131625294685,0.7065991759300232,19.486827850341797,1186.7110595703125
251028,80,0.9625,0.09976720809936523,0.7388929724693298,24.123857498168945,285.06024169921875
251029,56,0.9107142857142857,0.035275667905807495,0.6322090029716492,19.778987884521484,543.0654907226562
251030,100,0.93,0.026861635968089104,0.7657763361930847,20.640531539916992,1088.8876953125
251031,100,0.91,0.015342737548053265,0.521255373954773,19.24070167541504,454.27105712890625
251032,100,0.91,0.09409469366073608,0.6919123530387878,22.230375289916992,273.46343994140625
251033,66,0.8484848484848485,0.08083436638116837,0.6495564579963684,21.071077346801758,157.06129455566406
251034,100,0.96,0.10800536721944809,0.7107547521591187,18.398759841918945,962.4298706054688
251035,63,0.9523809523809523,0.16104218363761902,0.5177221894264221,27.02047348022461,228.18260192871094
251036,85,0.9294117647058824,0.009965273551642895,0.9292060732841492,19.730051040649414,1000.065185546875
251037,100,0.94,0.04387856647372246,0.8368327617645264,18.747451782226562,854.4160766601562
251038,100,0.89,0.0211999099701643,0.6242019534111023,15.018178939819336,1302.253662109375
251039,100,0.94,0.013056864961981773,0.8330532908439636,21.2255916595459,552.455078125
251040,100,0.94,0.06880734860897064,0.8123010993003845,21.461326599121094,777.4060668945312
251041,100,0.85,0.009788676165044308,0.5253318548202515,17.4289493560791,1213.5494384765625
251042,100,0.91,0.06189515069127083,0.6287418603897095,14.487039566040039,421.88836669921875
251043,15,0.8,0.7936016917228699,0.66547030210495,19.273624420166016,1122.66796875
251044,100,0.95,0.06570670753717422,0.7611443996429443,15.970276832580566,556.3464965820312
251045,88,0.9545454545454546,0.033649031072854996,0.6593471169471741,17.3273868560791,780.2490234375
251046,46,0.9565217391304348,0.20353883504867554,0.6854181289672852,21.817041397094727,572.2368774414062
251047,61,0.9016393442622951,0.13683845102787018,0.6551109552383423,13.649240493774414,176.26116943359375
251048,100,0.95,0.0502888523042202,0.8254423141479492,24.00861358642578,378.2542419433594
251049,100,0.96,0.03982718288898468,0.9873202443122864,19.846200942993164,1439.4114990234375
251050,100,0.93,0.004945521708577871,0.7775995135307312,18.736740112304688,489.0448913574219
251051,100,0.91,0.040025707334280014,0.7032289505004883,22.22564125061035,1346.2947998046875
251052,100,0.94,0.015447554178535938,0.6826546788215637,18.82880401611328,721.4392700195312
251053,100,0.95,0.0054646870121359825,0.6960209608078003,16.956029891967773,1047.5716552734375
251054,94,0.9468085106382979,0.07662960886955261,0.6495800018310547,19.983497619628906,219.60855102539062
251055,100,0.95,0.06935146450996399,0.5596040487289429,18.732593536376953,422.9634704589844
251056,69,0.8985507246376812,0.044822968542575836,0.46243563294410706,13.825647354125977,743.0491943359375
251057,100,0.9,0.009215927682816982,0.5922126770019531,15.438310623168945,761.0416259765625
251058,29,0.8275862068965517,0.09324780851602554,0.7502793073654175,10.51119327545166,827.4218139648438
251059,100,0.86,0.06252917647361755,0.8015710115432739,21.0898380279541,404.00927734375
251060,100,0.91,0.06213879957795143,0.6796124577522278,17.238021850585938,192.7754669189453
251061,100,0.87,0.08349816501140594,0.6573551893234253,17.080163955688477,812.6598510742188
251062,100,0.96,0.06152528151869774,0.7312943935394287,20.687232971191406,1398.70556640625
251063,100,0.93,0.012452411465346813,0.6655634641647339,17.786041259765625,595.1866455078125
251064,100,0.91,0.04955345019698143,0.6788580417633057,18.970434188842773,984.2938232421875
251065,70,0.9285714285714286,0.0855771154165268,0.6109415292739868,18.533510208129883,1346.013671875
251066,100,0.93,0.045208290219306946,0.7266696095466614,19.3582820892334,315.5771789550781
251067,100,0.91,0.10396111756563187,0.7284324169158936,20.75293731689453,1125.22216796875
251068,100,0.86,0.011942059732973576,0.66192626953125,16.326793670654297,868.1426391601562
251069,100,0.88,0.0704616978764534,0.600578784942627,19.26658821105957,727.8980102539062
251070,100,0.87,0.02073664218187332,0.5361509323120117,14.325234413146973,839.3690185546875
251071,95,0.9473684210526315,0.04715916886925697,0.8395732045173645,14.732956886291504,722.9942626953125
251072,65,0.8769230769230769,0.09210573136806488,0.6055012345314026,12.5530366897583,1248.6632080078125
251073,100,0.87,0.07253284752368927,0.6877652406692505,14.735793113708496,422.7251281738281
251074,100,0.92,0.024165324866771698,0.760541558265686,21.241575241088867,1546.557373046875
251075,100,0.96,0.05522187426686287,0.8169277906417847,22.69043731689453,259.8221435546875
251076,100,0.9,0.04545136168599129,0.6206619739532471,18.808595657348633,716.7532348632812
251077,97,0.979381443298969,0.045445121824741364,0.7934589385986328,18.261472702026367,1055.2476806640625
251078,100,0.92,-0.005334175657480955,0.651853621006012,16.706518173217773,946.6541137695312
251079,28,0.9285714285714286,0.2350730001926422,0.5815019607543945,26.69089698791504,776.8273315429688
251080,90,0.9444444444444444,0.06639863550662994,0.603122353553772,19.257110595703125,1580.362060546875
251081,80,0.9375,0.068766288459301,0.5665058493614197,20.825334548950195,315.44073486328125
251082,100,0.91,0.027097223326563835,0.6154579520225525,14.405879020690918,725.6365356445312
251083,100,0.92,0.06824889034032822,0.644716739654541,16.81856918334961,255.81813049316406
251084,90,0.9444444444444444,0.05953998491168022,0.7113823890686035,19.835529327392578,1493.1705322265625
251085,93,0.9032258064516129,0.06459079682826996,0.7484092116355896,21.1375789642334,1910.93017578125
251086,100,0.94,0.059848710894584656,0.7939824461936951,15.888910293579102,105.35212707519531
251087,14,0.7142857142857143,0.5159189701080322,0.6124510765075684,10.754918098449707,1216.07958984375
251088,100,0.91,-0.020829198881983757,0.5407786965370178,16.768001556396484,692.9842529296875
251089,100,0.93,0.024828344583511353,0.6755536198616028,14.600170135498047,976.3084106445312
251090,35,0.9428571428571428,0.21335949003696442,0.25205355882644653,19.7523136138916,1857.7259521484375
251091,100,0.93,0.012416471727192402,0.6912769079208374,17.625839233398438,588.3816528320312
251092,100,0.93,0.00649148179218173,0.694170355796814,14.991006851196289,265.6593017578125
251093,13,0.7692307692307693,0.7162319421768188,0.4762987792491913,14.69869613647461,1726.400146484375
251094,19,0.8421052631578947,0.46192169189453125,0.5448667407035828,20.170795440673828,578.3775634765625
251095,40,0.85,0.10591248422861099,0.6974762082099915,13.078926086425781,877.057861328125
251096,65,0.9384615384615385,0.09297356754541397,0.5151413679122925,20.152944564819336,1343.7672119140625
251097,100,0.88,0.004965933971107006,0.6898613572120667,14.614048957824707,238.4254913330078
251098,42,0.8809523809523809,0.31565576791763306,0.8079978823661804,25.227956771850586,98.62310028076172
251099,100,0.9,0.006476420909166336,0.643419086933136,15.731598854064941,627.5899047851562
251100,100,0.92,0.1145881861448288,0.7398217916488647,24.783973693847656,630.257080078125
251101,100,0.92,0.0008692766423337162,0.7821434736251831,13.885859489440918,484.90081787109375
251102,100,0.87,0.0019936927128583193,0.6387232542037964,12.976526260375977,833.5869140625
251103,30,0.8666666666666667,0.11170753836631775,0.4815886914730072,13.791240692138672,486.7461242675781
251104,18,0.7222222222222222,0.26190686225891113,0.5298087000846863,7.336503982543945,303.23248291015625
251105,100,0.92,0.019487623125314713,0.654088020324707,15.657959938049316,892.7755737304688
251106,100,0.92,0.07079721242189407,0.6927347183227539,19.489168167114258,223.88739013671875
251107,100,0.9,0.002989816013723612,0.697076141834259,14.599569320678711,578.7471313476562
251108,87,0.9540229885057471,0.10592682659626007,0.8042493462562561,23.794750213623047,1067.700439453125
251109,81,0.9506172839506173,0.0493643544614315,0.5900945663452148,20.29268455505371,550.04248046875
251110,100,0.85,-0.002959064207971096,0.5384043455123901,13.849414825439453,400.5999450683594
251111,88,0.9545454545454546,0.05179363861680031,0.6776102781295776,16.529033660888672,429.59417724609375
251112,100,0.9,0.06263856589794159,0.5217481851577759,19.158578872680664,430.2019958496094
251113,100,0.9,0.10386522114276886,0.7058788537979126,18.3925724029541,449.36822509765625
251114,100,0.96,0.0685340166091919,0.4700559973716736,18.415416717529297,943.0439453125
251115,100,0.93,0.056686852127313614,0.6828450560569763,20.918193817138672,433.3271179199219
251116,100,0.93,0.013397760689258575,0.757391631603241,14.474878311157227,472.7928771972656
251117,5,0.8,0.9845190644264221,0.700473427772522,7.925537109375,1434.2139892578125
251118,100,0.97,-0.005278466269373894,0.8628666400909424,16.196584701538086,467.8746032714844
251119,100,0.91,0.05499707907438278,0.5895977020263672,14.112784385681152,381.4696350097656
251120,50,0.92,0.1835312843322754,0.45775729417800903,24.62198257446289,280.70806884765625
251121,63,0.9047619047619048,0.0566125251352787,0.606609582901001,14.573821067810059,750.6222534179688
251122,100,0.92,0.04472924768924713,0.7033627033233643,21.234878540039062,857.5726318359375
251123,23,0.9130434782608695,0.08270850032567978,0.7642257213592529,10.585137367248535,490.58795166015625
251124,51,0.9411764705882353,0.11822014302015305,0.6279611587524414,18.6527156829834,714.5750122070312
251125,16,0.8125,0.404508113861084,0.518809974193573,8.392976760864258,805.0748901367188
251126,100,0.91,0.05328206345438957,0.8590757846832275,18.946762084960938,325.1578063964844
251127,100,0.98,0.003025612561032176,0.6467189788818359,21.226604461669922,610.3035888671875
251128,100,0.89,0.0212799534201622,0.619326651096344,11.379537582397461,1009.306640625
251129,100,0.9,0.03235603868961334,0.7016766667366028,15.500414848327637,599.6900634765625
251130,59,0.7796610169491526,0.17505726218223572,0.5035547018051147,18.751922607421875,969.038330078125
251131,100,0.95,0.051794517785310745,0.810625433921814,21.53934097290039,781.8358764648438
251132,38,0.9736842105263158,0.19667218625545502,0.6483962535858154,19.145431518554688,1091.57958984375
251133,100,0.85,0.039336346089839935,0.7888453006744385,17.786972045898438,1209.74951171875
251134,39,0.9230769230769231,0.1744571328163147,0.6405553221702576,21.608272552490234,495.78570556640625
251135,100,0.93,0.09102437645196915,0.6973649263381958,22.136266708374023,895.8125610351562
251136,45,0.8888888888888888,0.08302410691976547,0.5205086469650269,11.010239601135254,1054.4864501953125
251137,24,0.9583333333333334,0.21008437871932983,0.846863865852356,16.466703414916992,157.02821350097656
251138,63,0.9365079365079365,0.11397478729486465,0.8561093211174011,26.620180130004883,766.3110961914062
251139,100,0.95,0.034800149500370026,0.6142824292182922,17.042909622192383,1135.06005859375
251140,100,0.85,0.049772340804338455,0.8471751809120178,17.101337432861328,929.28759765625
251141,58,0.9137931034482759,0.027748918160796165,0.5887020826339722,13.71125602722168,475.7497253417969
251142,100,0.91,0.0254202987998724,0.7431167364120483,17.087068557739258,669.6585083007812
251143,100,0.9,0.06575308740139008,0.736261785030365,15.950116157531738,904.38134765625
251144,100,0.86,0.04587247222661972,0.6513193249702454,15.920816421508789,1003.3184204101562
251145,100,0.91,0.012063642032444477,0.4872494339942932,14.819877624511719,490.74334716796875
251146,80,0.9625,0.04587794467806816,0.49517011642456055,23.492504119873047,1252.001708984375
251147,100,0.91,0.06179868429899216,0.6501337289810181,20.748376846313477,525.4835815429688
251148,100,0.84,0.06444039195775986,0.6974692940711975,18.989320755004883,546.841064453125
251149,100,0.93,0.01363810058683157,0.6067787408828735,15.237343788146973,557.994873046875
251150,100,0.92,-0.007098832167685032,0.6744482517242432,14.520659446716309,299.79473876953125
251151,100,0.92,0.013925128616392612,0.6302883625030518,16.627296447753906,510.2298889160156
251152,100,0.94,0.03408675640821457,0.9121003150939941,14.885497093200684,917.0905151367188
251153,100,0.91,0.08252755552530289,0.7551602125167847,16.443891525268555,601.5369262695312
251154,86,0.9651162790697675,0.06061043217778206,0.6941329836845398,24.06769561767578,271.7440185546875
251155,100,0.95,0.04725336283445358,0.9002689123153687,26.83466339111328,710.5648193359375
251156,78,0.9358974358974359,0.0938773974776268,0.735002875328064,27.343042373657227,590.4808959960938
251157,100,0.9,0.0486101433634758,0.8678147196769714,20.672643661499023,623.3775024414062
251158,100,0.92,0.07548917829990387,0.8327620625495911,20.933462142944336,306.3311767578125
251159,100,0.94,0.020559921860694885,0.9398260116577148,21.665372848510742,196.20741271972656
251160,100,0.9,0.03608854487538338,0.7062622308731079,18.575233459472656,545.5689086914062
251161,100,0.83,0.08911237120628357,0.7497554421424866,20.576810836791992,346.99798583984375
251162,100,0.86,0.02808571048080921,0.6207967400550842,16.90399169921875,692.19287109375
251163,100,0.97,0.018353605642914772,0.7467999458312988,19.46595001220703,439.14288330078125
251164,100,0.91,0.032988522201776505,0.7905133366584778,14.679722785949707,384.7051696777344
251165,100,0.92,0.04535070061683655,0.5100158452987671,14.7620849609375,630.9724731445312
251166,100,0.89,0.04166923090815544,0.6668888926506042,14.46209716796875,893.5319213867188
251167,53,0.9433962264150944,0.09517531096935272,0.706102192401886,24.22212791442871,321.41119384765625
251168,79,0.9620253164556962,0.07836147397756577,0.45854222774505615,15.312302589416504,865.8742065429688
251169,100,0.91,0.08254728466272354,0.7351391315460205,18.92975616455078,498.6524963378906
251170,100,0.86,0.03969996050000191,0.7339164018630981,19.373319625854492,945.1224975585938
251171,25,0.88,0.2965651750564575,0.4785877764225006,23.69497299194336,1282.5772705078125
251172,100,0.96,0.04424240067601204,0.9289221167564392,17.8890323638916,528.2719116210938
251173,100,0.92,0.012012935243546963,0.7476663589477539,16.163515090942383,439.2132873535156
251174,100,0.83,0.13554006814956665,0.7284517884254456,24.818096160888672,1276.025634765625
251175,72,0.9722222222222222,0.05784863233566284,0.9642512798309326,20.511661529541016,245.39329528808594
251176,100,0.92,0.04534285143017769,0.6386958360671997,15.987204551696777,609.8360595703125
251177,100,0.87,0.08292359858751297,0.7486070394515991,21.819128036499023,533.7053833007812
251178,100,0.92,0.01662750355899334,0.859957754611969,20.615745544433594,850.7891845703125
251179,100,0.93,0.013449525460600853,0.691765308380127,17.073766708374023,683.3421020507812
251180,75,0.8933333333333333,0.09930934756994247,0.6542747020721436,22.918109893798828,711.6598510742188
251181,49,0.9387755102040817,0.16174086928367615,0.8298677802085876,28.577808380126953,631.66796875
251182,100,0.93,0.005145480390638113,0.8511694669723511,14.918042182922363,881.7601928710938
251183,47,0.851063829787234,0.10524161905050278,0.8039876222610474,14.700644493103027,578.84521484375
251184,74,0.9324324324324325,0.08032147586345673,0.7852397561073303,15.930974006652832,254.74107360839844
251185,100,0.96,0.05211692675948143,0.8220616579055786,19.5705509185791,1131.847412109375
251186,100,0.91,0.03280063346028328,0.6645194292068481,18.788846969604492,184.950439453125
251187,100,0.91,0.019340455532073975,0.6235489249229431,20.139759063720703,656.56396484375
251188,100,0.94,0.03352130204439163,0.8070549368858337,20.833227157592773,499.0406799316406
251189,100,0.95,0.06253716349601746,0.48102355003356934,17.752079010009766,547.6634521484375
251190,100,0.85,-0.020478595048189163,0.550255537033081,12.640572547912598,380.3880310058594
251191,72,0.9722222222222222,0.10941571742296219,0.7184442281723022,23.648096084594727,1090.5859375
251192,85,0.9529411764705882,0.05108562484383583,0.9633220434188843,20.68912696838379,643.860595703125
251193,100,0.92,0.05428703874349594,0.7858021259307861,17.935291290283203,309.0014953613281
251194,99,0.9595959595959596,0.03622270002961159,0.7838695049285889,12.748225212097168,405.5422058105469
251195,7,0.8571428571428571,0.8947525024414062,0.16024912893772125,11.06778621673584,1099.788818359375
251196,100,0.95,0.023956798017024994,0.6307584047317505,21.103078842163086,1141.65966796875
251197,43,0.8837209302325582,0.24925540387630463,0.5024682283401489,19.12149429321289,313.3179931640625
251198,100,0.87,0.17078332602977753,0.6145655512809753,22.409412384033203,606.0682983398438
251199,49,0.9387755102040817,0.22654543817043304,0.5181429982185364,27.76730728149414,270.5844421386719
251200,100,0.93,-0.013807505369186401,0.5673131346702576,14.243802070617676,1336.33837890625
251201,100,0.89,0.09811133146286011,0.6659611463546753,21.537900924682617,324.88818359375
251202,93,0.9354838709677419,0.04024750366806984,0.5896162986755371,19.32525634765625,782.62158203125
251203,100,0.94,0.028361044824123383,0.8434767127037048,19.57876205444336,534.290283203125
251204,100,0.92,0.02429405227303505,0.7228610515594482,19.74873161315918,609.2984619140625
251205,7,0.5714285714285714,0.7763883471488953,0.6160004734992981,4.047532081604004,958.446533203125
251206,100,0.92,0.010849508456885815,0.7339348196983337,15.50250244140625,630.766845703125
251207,100,0.9,0.09596388787031174,0.7238069176673889,19.387340545654297,538.2439575195312
251208,100,0.95,0.07668514549732208,0.8778945803642273,17.95268440246582,577.2825927734375
251209,46,0.8695652173913043,0.07374042272567749,0.6900015473365784,18.7647762298584,1161.1043701171875
251210,66,0.9090909090909091,0.04484119638800621,0.7586128115653992,19.4510498046875,848.6550903320312
251211,100,0.92,0.06848566234111786,0.6809983253479004,18.130094528198242,314.9981994628906
251212,100,0.94,0.04787285625934601,0.8419538140296936,15.588554382324219,102.8026351928711
251213,100,0.92,0.05132384970784187,0.7644798755645752,17.655460357666016,625.5878295898438
251214,100,0.93,0.033923305571079254,0.9228177070617676,17.563573837280273,1171.4571533203125
251215,100,0.95,0.022712578997015953,0.8501604199409485,17.981063842773438,625.2860717773438
251216,82,0.926829268292683,0.07412093877792358,0.4726410210132599,21.095394134521484,430.55670166015625
251217,100,0.89,-0.024867454543709755,0.6746382117271423,15.83141803741455,118.68675231933594
251218,100,0.86,0.05713348463177681,0.5977725982666016,19.087787628173828,395.36444091796875
251219,27,0.8888888888888888,0.3479754626750946,0.6231167316436768,26.13563346862793,1193.34765625
251220,100,0.88,0.027100909501314163,0.6934043765068054,17.134273529052734,265.30035400390625
251221,100,0.93,0.07205408066511154,0.8011838793754578,19.61061668395996,533.5297241210938
251222,100,0.88,0.04442344978451729,0.6049580574035645,15.122303009033203,857.1287231445312
251223,100,0.89,0.01763853244483471,0.540642499923706,17.87041664123535,594.8883666992188
251224,100,0.95,0.02644960582256317,0.9507495164871216,18.589759826660156,1209.51416015625
251225,100,0.93,0.0005545404856093228,0.41935354471206665,12.996308326721191,575.6314086914062
251226,100,0.96,0.08744383603334427,0.7726377248764038,20.4022159576416,1019.9513549804688
251227,100,0.92,0.08211088180541992,0.7568308711051941,21.344432830810547,608.7320556640625
251228,100,0.88,0.059396516531705856,0.6371718049049377,17.022659301757812,731.6484375
251229,57,0.9298245614035088,0.10287083685398102,0.5316165089607239,19.335857391357422,1170.7685546875
251230,100,0.94,0.03650294616818428,0.585436999797821,17.503585815429688,217.25344848632812
251231,94,0.9361702127659575,0.10382363945245743,0.7994186282157898,16.81437110900879,939.5081176757812
251232,100,0.89,0.02594159170985222,0.5576956868171692,16.064983367919922,711.1886596679688
251233,100,0.91,0.008639359846711159,0.7446863651275635,20.384422302246094,748.3421020507812
251234,35,0.8857142857142857,0.2693444788455963,0.6937538981437683,14.797394752502441,843.77294921875
251235,75,0.96,0.032008104026317596,0.66889888048172,22.031164169311523,553.4534912109375
251236,100,0.92,0.049919091165065765,0.7351694703102112,20.329090118408203,504.5693664550781
251237,100,0.86,0.061982426792383194,0.6186718344688416,17.458223342895508,638.6077270507812
251238,94,0.9468085106382979,0.09148018062114716,0.6097943782806396,20.297576904296875,322.7995300292969
251239,100,0.95,0.007875333540141582,0.6209315061569214,19.421457290649414,610.976806640625
251240,47,0.9574468085106383,0.2263968586921692,0.8507568836212158,26.93998908996582,504.1358947753906
251241,83,0.891566265060241,0.06717312335968018,0.8197575211524963,24.445289611816406,92.87445831298828
251242,61,0.9344262295081968,0.10009520500898361,0.7112066149711609,24.151811599731445,373.8828125
251243,100,0.92,0.06424757093191147,0.7436332106590271,19.133098602294922,899.5946655273438
251244,100,0.86,0.06873764842748642,0.8244123458862305,17.6367244720459,935.9736328125
251245,100,0.97,0.03797023743391037,0.9307019114494324,19.933704376220703,382.1054992675781
251246,58,0.9482758620689655,0.14858362078666687,0.71075838804245,27.08049201965332,644.341796875
251247,58,0.9482758620689655,0.04680772125720978,0.8641393780708313,19.371227264404297,255.86866760253906
251248,100,0.93,0.0424838587641716,0.629315972328186,17.938814163208008,258.28466796875
251249,62,0.9516129032258065,0.12269136309623718,0.6267008781433105,26.490306854248047,842.3983154296875
251250,100,0.86,0.024031825363636017,0.7906416058540344,18.15558624267578,994.3194580078125
251251,100,0.91,0.04350629448890686,0.5747084021568298,17.070737838745117,419.49737548828125
251252,100,0.9,0.02774127945303917,0.8052639961242676,14.854425430297852,526.060546875
251253,100,0.87,0.03836958110332489,0.7306759357452393,12.282362937927246,230.29202270507812
251254,71,0.9577464788732394,0.13336460292339325,0.8858781456947327,18.991085052490234,794.6925659179688
251255,59,0.9152542372881356,0.013672025874257088,0.8000569343566895,11.198463439941406,1030.12548828125
251256,100,0.92,0.08440782874822617,0.8033051490783691,19.58538818359375,648.6892700195312
251257,100,0.91,0.04205895587801933,0.7250263690948486,20.840471267700195,643.6871948242188
251258,100,0.88,0.07633614540100098,0.7947568297386169,20.841829299926758,1002.6416625976562
251259,100,0.92,-0.002900768769904971,0.8989205956459045,22.585533142089844,410.5494384765625
251260,100,0.92,0.031969036906957626,0.9086848497390747,16.022188186645508,545.95849609375
251261,100,0.84,0.10269797593355179,0.7892389297485352,19.813152313232422,585.7443237304688
251262,100,0.88,0.027469445019960403,0.6767405867576599,17.543668746948242,1188.802978515625
251263,100,0.92,0.07445629686117172,0.7898283004760742,23.4506893157959,461.6909484863281
251264,100,0.92,0.0244249626994133,0.838079571723938,16.03361701965332,442.0366516113281
251265,100,0.92,0.07109582424163818,0.7600405812263489,17.36732292175293,970.606689453125
251266,22,0.9090909090909091,0.45452427864074707,0.6709063053131104,26.49601936340332,1050.890380859375
251267,84,0.9047619047619048,0.12549740076065063,0.824893593788147,22.32623863220215,91.95011901855469
251268,100,0.79,0.03232746571302414,0.7338196635246277,16.981130599975586,365.3189392089844
251269,100,0.94,0.058111242949962616,0.5750575065612793,21.330720901489258,365.4914245605469
251270,100,0.92,0.010141527280211449,0.5611264705657959,18.83972930908203,469.4367980957031
251271,100,0.93,0.04317161440849304,0.6491508483886719,16.25496482849121,569.4794311523438
251272,100,0.86,0.02321040630340576,0.6241791844367981,14.534865379333496,695.6387329101562
251273,100,0.91,0.07977266609668732,0.8913118839263916,19.775484085083008,406.4028015136719
251274,100,0.92,0.03780283033847809,0.7564720511436462,20.692771911621094,467.8406677246094
251275,100,0.84,0.006663131527602673,0.6868133544921875,16.61406898498535,925.7789916992188
251276,100,0.89,0.030652249231934547,0.6577571034431458,22.046247482299805,252.2005157470703
251277,96,0.9583333333333334,0.0829055979847908,0.5820876955986023,19.60694122314453,1079.9676513671875
251278,100,0.93,0.05607246980071068,0.5591506958007812,18.318218231201172,1263.383544921875
251279,100,0.87,0.07313056290149689,0.7423420548439026,19.228748321533203,281.6884765625
251280,100,0.88,0.05532515048980713,0.6212204694747925,18.939891815185547,931.0281982421875
251281,100,0.92,0.035320959985256195,0.7069765329360962,19.7247257232666,1491.859375
251282,100,0.91,0.06277988851070404,0.8137385845184326,18.719711303710938,1029.273681640625
251283,97,0.8762886597938144,0.11999708414077759,0.5165712237358093,20.458843231201172,192.14756774902344
251284,12,0.75,0.5917112827301025,0.5836987495422363,12.715195655822754,429.3659362792969
251285,20,0.85,0.2253129929304123,0.852367639541626,19.737133026123047,1164.6282958984375
251286,100,0.95,0.026096761226654053,0.8705278635025024,20.113174438476562,479.0216369628906
251287,74,0.972972972972973,0.04390707239508629,0.9682079553604126,25.791749954223633,609.4757080078125
251288,100,0.97,0.034138213843107224,0.9354193806648254,19.00403594970703,366.9119567871094
251289,100,0.93,-0.005840077064931393,0.6970217823982239,17.420127868652344,440.8675231933594
251290,100,0.86,0.04288952052593231,0.6669349074363708,16.49675941467285,767.24609375
251291,100,0.94,0.03439885377883911,0.5689857602119446,20.40758514404297,1263.1160888671875
251292,100,0.94,0.03387526050209999,0.7884276509284973,15.022388458251953,200.90231323242188
251293,100,0.93,-0.0024141003377735615,0.6818801164627075,16.88231658935547,1380.3297119140625
251294,100,0.97,0.06375771760940552,0.6350052952766418,17.095882415771484,702.1303100585938
251295,62,0.967741935483871,0.19422923028469086,0.8573508858680725,27.04861068725586,513.8876953125
251296,100,0.93,0.0833640918135643,0.7097017168998718,23.4133358001709,368.7060241699219
251297,100,0.95,0.011334462091326714,0.5884469747543335,13.402685165405273,1029.393798828125
251298,100,0.95,0.09568730741739273,0.8104053735733032,16.4241886138916,978.007080078125
251299,59,0.8983050847457628,0.08641016483306885,0.5923984050750732,20.012006759643555,302.83441162109375
251300,63,0.9523809523809523,0.16575516760349274,0.6874088644981384,23.751440048217773,333.4396057128906
251301,50,0.98,0.06525034457445145,0.9368135929107666,23.833547592163086,513.1130981445312
251302,100,0.95,0.0487636961042881,0.8572338819503784,17.26104164123535,492.205322265625
251303,100,0.94,0.0639633908867836,0.6696727871894836,23.151548385620117,685.9406127929688
251304,100,0.94,0.07084052264690399,0.5999765992164612,17.691946029663086,624.3261108398438
251305,100,0.94,0.06007871776819229,0.8770717978477478,20.027467727661133,381.1477355957031
251306,100,0.86,0.03397271782159805,0.6694545149803162,14.533555030822754,1134.435791015625
251307,57,0.9122807017543859,0.14054173231124878,0.5660585165023804,20.04889678955078,842.7232055664062
251308,100,0.93,0.07465223222970963,0.8364197015762329,23.903358459472656,824.378662109375
251309,41,0.8780487804878049,0.19847582280635834,0.5130182504653931,17.163196563720703,481.1024475097656
251310,100,0.94,0.03412708267569542,0.6394224762916565,20.727231979370117,615.0095825195312
251311,100,0.91,0.08142159134149551,0.6783947348594666,21.602182388305664,393.8586730957031
251312,100,0.88,-0.00567704439163208,0.5838518738746643,16.4913272857666,237.68389892578125
251313,100,0.9,0.007712713908404112,0.6020461320877075,12.403568267822266,324.3132629394531
251314,100,0.91,0.04121356084942818,0.6039531826972961,16.025358200073242,114.97999572753906
251315,100,0.96,0.00890845526009798,0.9093676805496216,19.433940887451172,708.24755859375
251316,100,0.8,-0.003850772976875305,0.6233242750167847,15.831014633178711,817.0257568359375
251317,100,0.92,0.013251728378236294,0.6122984886169434,16.629627227783203,673.4267578125
251318,100,0.89,0.02824885956943035,0.7786535620689392,17.534826278686523,479.8547058105469
251319,100,0.93,0.04364001378417015,0.5936955809593201,13.88011360168457,755.5476684570312
251320,100,0.9,0.04216587170958519,0.6668261885643005,17.2600040435791,673.4744262695312
251321,100,0.94,0.02327195554971695,0.7446004748344421,16.801265716552734,322.24755859375
251322,43,0.7674418604651163,0.05579198896884918,0.6687366962432861,15.174002647399902,1002.308837890625
251323,100,0.94,0.056533195078372955,0.7183799743652344,17.191686630249023,1166.17138671875
251324,95,0.9052631578947369,0.06223655119538307,0.585724949836731,23.155420303344727,402.4708251953125
251325,57,0.9122807017543859,0.06961489468812943,0.34449782967567444,20.587316513061523,692.4817504882812
251326,85,0.9411764705882353,0.039908796548843384,0.6209302544593811,18.73369026184082,155.12286376953125
251327,100,0.92,0.04203448072075844,0.6313912868499756,24.29067611694336,583.927490234375
251328,100,0.89,0.011900175362825394,0.7868458032608032,19.688806533813477,194.8805389404297
251329,17,0.7647058823529411,0.4250432550907135,0.8305134773254395,8.665785789489746,231.88038635253906
251330,100,0.9,0.0034113109577447176,0.6712878942489624,16.940662384033203,721.51416015625
251331,100,0.92,0.064455546438694,0.4725016951560974,21.326793670654297,191.43763732910156
251332,94,0.9468085106382979,0.04499838501214981,0.863763153553009,18.84273910522461,716.4277954101562
251333,100,0.88,0.03006426803767681,0.658597469329834,10.572998046875,345.7672424316406
251334,100,0.89,-0.023603463545441628,0.7270168662071228,12.513157844543457,466.7115783691406
251335,94,0.925531914893617,0.09531116485595703,0.6975409388542175,21.68728256225586,80.87852478027344
251336,100,0.91,0.04389440268278122,0.5950664281845093,16.735549926757812,793.0491943359375
251337,100,0.92,-0.02418120764195919,0.5279124975204468,14.516341209411621,582.2860717773438
251338,100,0.93,0.01673242077231407,0.75490802526474,17.174152374267578,701.9718627929688
251339,8,0.625,0.9516555666923523,0.8713784217834473,7.7910075187683105,1825.0953369140625
251340,50,0.88,0.26908987760543823,0.8946573734283447,29.67082977294922,314.05157470703125
251341,73,0.9726027397260274,0.05977899208664894,0.6336710453033447,27.20152473449707,418.1222839355469
251342,52,0.9423076923076923,0.12771488726139069,0.9660232663154602,22.66429328918457,478.8699951171875
251343,53,0.9245283018867925,0.19287794828414917,0.4731672406196594,19.513980865478516,188.9064483642578
251344,100,0.86,0.01623844914138317,0.613627552986145,19.82940673828125,411.6557312011719
251345,73,0.9452054794520548,0.11091636121273041,0.8665856719017029,21.97332763671875,537.8529663085938
251346,58,0.9655172413793104,0.043046023696660995,0.6465025544166565,19.36844253540039,337.6007080078125
251347,85,0.9411764705882353,0.04628198221325874,0.896955668926239,16.49942398071289,867.705078125
251348,100,0.89,0.027307258918881416,0.7387223839759827,16.943584442138672,1027.565673828125
251349,93,0.8602150537634409,0.03565020114183426,0.5146107077598572,17.40619659423828,197.5334930419922
251350,19,0.9473684210526315,0.37665238976478577,0.7711118459701538,17.600013732910156,963.3226928710938
251351,100,0.86,0.04034928232431412,0.7445235848426819,17.16598892211914,965.3322143554688
251352,100,0.9,0.03891134262084961,0.6346255540847778,15.071493148803711,1013.2852783203125
251353,42,0.9761904761904762,0.13870973885059357,0.09609885513782501,22.577102661132812,1350.1055908203125
251354,76,0.9736842105263158,0.05834410712122917,0.13927152752876282,19.896520614624023,602.873046875
251355,100,0.95,0.05470719560980797,0.7599063515663147,17.419727325439453,376.5263366699219
251356,55,0.9272727272727272,0.028548946604132652,0.3592541515827179,9.303496360778809,464.26641845703125
251357,100,0.88,0.005139426793903112,0.528834342956543,14.813933372497559,652.2833251953125
251358,100,0.93,0.005324625875800848,0.6222077012062073,14.697071075439453,613.2504272460938
251359,100,0.91,0.054027143865823746,0.7158147692680359,16.318037033081055,537.6305541992188
251360,100,0.93,0.07016610354185104,0.7102754712104797,19.959402084350586,205.73110961914062
251361,61,0.9344262295081968,0.08475178480148315,0.7433377504348755,22.954015731811523,399.7061767578125
251362,100,0.92,0.05505119636654854,0.8099272847175598,17.676010131835938,762.9364624023438
251363,100,0.84,0.0355500802397728,0.6785597205162048,19.69813346862793,266.14013671875
251364,100,0.96,0.04046463593840599,0.858665406703949,16.81993865966797,669.97607421875
251365,95,0.8736842105263158,0.05698676407337189,0.6040287613868713,17.998586654663086,116.09041595458984
251366,100,0.84,-0.0054028755985200405,0.6035282611846924,12.602984428405762,799.484375
251367,90,0.9111111111111111,0.06002027168869972,0.8440734148025513,18.149614334106445,680.6372680664062
251368,11,0.9090909090909091,0.8199585676193237,0.7210391759872437,19.494171142578125,830.6367797851562
251369,100,0.94,0.062835194170475,0.6206132173538208,13.224740028381348,669.1367797851562
251370,100,0.97,0.021916333585977554,0.6427074670791626,17.34048080444336,1295.142333984375
251371,100,0.92,0.0708826407790184,0.8205823302268982,23.18484878540039,355.1767883300781
251372,100,0.86,0.02426316775381565,0.5308440327644348,16.047828674316406,1042.080322265625
251373,100,0.9,0.042299628257751465,0.7282782793045044,17.822633743286133,752.46826171875
251374,100,0.97,0.10544616729021072,0.8889983296394348,21.788105010986328,379.6295471191406
251375,100,0.91,0.056683775037527084,0.8501498103141785,16.83618927001953,443.867919921875
251376,100,0.9,0.030050527304410934,0.8548358082771301,18.868301391601562,308.7725524902344
251377,100,0.9,0.009838525205850601,0.7694023251533508,18.10002899169922,620.2247314453125
251378,100,0.9,0.050242047756910324,0.5855993628501892,16.527429580688477,849.533203125
251379,100,0.91,0.031838346272706985,0.6365450620651245,12.771808624267578,421.9527587890625
251380,53,0.9811320754716981,0.16537049412727356,0.6166258454322815,23.39441680908203,476.16802978515625
251381,100,0.95,0.03480521962046623,0.7799546122550964,21.730005264282227,531.3056640625
251382,52,0.9230769230769231,0.08363791555166245,0.7565854787826538,16.737489700317383,306.6957092285156
251383,100,0.96,0.06895019859075546,0.8678417801856995,17.48394012451172,690.1258544921875
251384,100,0.91,0.03211100772023201,0.5836566090583801,17.05996322631836,613.9494018554688
251385,100,0.91,0.02518000267446041,0.656519889831543,16.295597076416016,348.1700134277344
251386,79,0.9493670886075949,0.06452072411775589,0.9122559428215027,24.24008560180664,283.6478576660156
251387,100,0.93,0.03158063441514969,0.4322655498981476,13.37218952178955,348.2783508300781
251388,11,0.8181818181818182,0.9010485410690308,0.6521204710006714,15.801560401916504,460.53802490234375
251389,100,0.87,0.035530611872673035,0.6442559361457825,16.173608779907227,1368.380859375
251390,100,0.84,0.03236852213740349,0.6438249349594116,19.623275756835938,528.1393432617188
251391,2,0.5,0.9903625249862671,0.29200276732444763,1.9807249307632446,605.4995727539062
251392,72,0.9027777777777778,0.04980167746543884,0.657804548740387,12.767548561096191,973.7266235351562
251393,90,0.9111111111111111,0.02312689647078514,0.7571883797645569,17.710731506347656,397.71966552734375
251394,100,0.96,0.05568806454539299,0.7554103136062622,25.869701385498047,500.9892578125
251395,100,0.93,0.05024069547653198,0.8102687001228333,25.35793685913086,798.5753784179688
251396,13,0.8461538461538461,0.4105896055698395,0.8399834632873535,16.19481086730957,693.8359985351562
251397,100,0.9,0.029494205489754677,0.9075530767440796,17.599720001220703,408.3746643066406
251398,94,0.7978723404255319,0.02170126512646675,0.7171629667282104,13.767969131469727,1015.2139892578125
251399,93,0.9354838709677419,0.08668199926614761,0.8765810132026672,20.950517654418945,602.666259765625
251400,100,0.93,0.020325850695371628,0.5348371267318726,19.293302536010742,740.33349609375
251401,100,0.92,0.06568507105112076,0.5349881649017334,17.494335174560547,315.7847900390625
251402,100,0.9,0.07133766263723373,0.6990920901298523,15.624899864196777,330.423095703125
251403,100,0.89,0.04800792038440704,0.6422016024589539,18.803007125854492,1028.47802734375
251404,100,0.91,0.04094817489385605,0.7488895058631897,16.319910049438477,265.1855163574219
251405,100,0.92,-0.04043770581483841,0.6024102568626404,13.466499328613281,805.5619506835938
251406,100,0.96,0.050663139671087265,0.9262845516204834,23.37102699279785,947.900146484375
251407,100,0.92,-0.01731169782578945,0.6849223375320435,13.910114288330078,591.8148193359375
251408,100,0.95,0.010011372156441212,0.6441472768783569,16.87108612060547,930.4318237304688
251409,100,0.91,-0.003206805558875203,0.7084396481513977,11.356771469116211,517.2400512695312
251410,100,0.94,0.07722588628530502,0.9275913834571838,22.966575622558594,401.8944396972656
251411,100,0.93,0.061853352934122086,0.7567687630653381,17.8819637298584,819.1215209960938
251412,100,0.89,0.01170451007783413,0.7678409218788147,21.000913619995117,306.2161560058594
251413,68,0.9558823529411765,0.08919435739517212,0.9293365478515625,17.98540496826172,761.8052978515625
251414,100,0.91,0.0558859184384346,0.6731445789337158,18.440710067749023,781.5608520507812
251415,80,0.9375,0.1175314337015152,0.6300175786018372,17.252944946289062,297.2408447265625
251416,100,0.84,0.04168306663632393,0.762052059173584,16.580236434936523,913.671630859375
251417,64,0.953125,0.11647947132587433,0.6562594771385193,16.959030151367188,433.95953369140625
251418,100,0.96,0.009840495884418488,0.8291152119636536,16.24765396118164,199.38197326660156
251419,37,0.7567567567567568,0.18831612169742584,0.6522876024246216,14.670812606811523,819.1113891601562
251420,100,0.94,0.037063851952552795,0.657156765460968,20.828563690185547,470.1150207519531
251421,100,0.88,0.006132358685135841,0.5579974055290222,13.978315353393555,336.1377868652344
251422,100,0.85,0.07002956420183182,0.5684398412704468,13.869414329528809,481.5276794433594
251423,40,0.875,0.24335569143295288,0.6839306950569153,25.002994537353516,312.33544921875
251424,100,0.93,0.024258211255073547,0.6698746085166931,11.344690322875977,1060.7349853515625
251425,47,0.851063829787234,0.07582084834575653,0.843966007232666,21.244495391845703,456.8783874511719
251426,100,0.94,0.08621125668287277,0.7653959393501282,17.04149055480957,731.63818359375
251427,100,0.91,0.07187358289957047,0.6916216611862183,19.116867065429688,525.1539916992188
251428,35,0.8857142857142857,0.2447517067193985,0.7894570231437683,24.262746810913086,580.25830078125
251429,100,0.95,0.007194951176643372,0.9385707974433899,18.31461524963379,746.1044311523438
251430,100,0.92,0.026565099135041237,0.7943388223648071,17.753284454345703,412.46124267578125
251431,100,0.91,0.025911111384630203,0.5757389068603516,14.268270492553711,1315.157958984375
251432,100,0.98,0.043917812407016754,0.4835171103477478,23.160808563232422,736.01513671875
251433,100,0.85,0.03473762422800064,0.5889824628829956,11.36219596862793,974.575927734375
251434,74,0.8918918918918919,0.04558788239955902,0.6360200643539429,19.279373168945312,444.23419189453125
251435,100,0.88,0.06405191123485565,0.5697526335716248,22.57860565185547,608.9946899414062
251436,100,0.91,0.03382791951298714,0.6752274632453918,13.878220558166504,441.01226806640625
251437,100,0.95,0.03490857034921646,0.7007724046707153,17.969314575195312,527.593994140625
251438,100,0.86,0.0023817240726202726,0.5864051580429077,11.414284706115723,839.4104614257812
251439,100,0.9,0.002227188553661108,0.7513887286186218,21.261240005493164,218.77719116210938
251440,100,0.83,0.026252832263708115,0.594875693321228,14.553321838378906,352.1028747558594
251441,100,0.93,0.03346264362335205,0.7254133820533752,18.91033363342285,393.63348388671875
251442,100,0.92,0.006850365083664656,0.3942421078681946,10.920292854309082,798.0430297851562
251443,56,0.9107142857142857,0.09139930456876755,0.6461950540542603,22.141284942626953,286.8996276855469
251444,18,0.8333333333333334,0.2862018644809723,0.39563390612602234,15.49882698059082,666.8513793945312
251445,100,0.93,0.047586455941200256,0.7426022291183472,16.441120147705078,523.6912841796875
251446,100,0.88,0.01016868557780981,0.6163665056228638,12.041952133178711,327.4518737792969
251447,100,0.92,-0.006419605575501919,0.8364757299423218,11.279353141784668,763.4296875
251448,100,0.9,0.02507764846086502,0.8007500767707825,15.215548515319824,471.58056640625
251449,100,0.91,0.05415818467736244,0.7572482228279114,20.90790557861328,522.1312866210938
251450,100,0.91,-0.020981011912226677,0.663197934627533,16.053064346313477,698.0948486328125
251451,100,0.94,0.08284774422645569,0.798337459564209,17.707561492919922,484.34222412109375
251452,100,0.93,0.0027856766246259212,0.4332110583782196,12.577518463134766,458.75042724609375
251453,100,0.91,0.05209791660308838,0.6852640509605408,19.593326568603516,363.15179443359375
251454,69,0.8840579710144928,0.03044850006699562,0.616370677947998,13.411513328552246,457.7970275878906
251455,100,0.88,-0.005436059553176165,0.6055513620376587,16.31914710998535,519.8284301757812
251456,100,0.83,0.013386624865233898,0.6006737351417542,16.615400314331055,385.5155029296875
251457,100,0.92,0.019267484545707703,0.6193182468414307,19.543968200683594,491.03424072265625
251458,100,0.96,0.01156415045261383,0.8006933331489563,16.476335525512695,672.3592529296875
251459,100,0.91,0.031381797045469284,0.656869649887085,18.277769088745117,196.817626953125
251460,100,0.91,-0.031349677592515945,0.4633336663246155,7.930808067321777,766.318359375
251461,100,0.95,0.01863483153283596,0.5654352307319641,13.631365776062012,641.0510864257812
251462,100,0.96,0.03698522225022316,0.7945444583892822,23.5938663482666,109.14341735839844
251463,100,0.94,0.04313322901725769,0.8470385074615479,25.278196334838867,268.7584533691406
251464,82,0.9024390243902439,0.059095293283462524,0.4167410433292389,18.023218154907227,683.9767456054688
251465,100,0.94,0.04500080272555351,0.8094106316566467,20.487165451049805,218.26365661621094
251466,9,0.8888888888888888,0.9452219009399414,0.9029654860496521,15.216121673583984,1438.128173828125
251467,100,0.92,0.04971398413181305,0.722736656665802,17.356979370117188,659.23876953125
251468,100,0.9,0.007807468064129353,0.6401345729827881,12.170252799987793,437.02752685546875
251469,56,0.9464285714285714,0.11614588648080826,0.6229142546653748,15.329850196838379,362.7294616699219
251470,100,0.9,0.041551776230335236,0.7031847834587097,22.384057998657227,613.1708374023438
251471,78,0.7435897435897436,0.027642149478197098,0.5312856435775757,16.43886375427246,99.1392593383789
251472,94,0.9361702127659575,0.05927320942282677,0.7543973326683044,23.31558609008789,792.9071655273438
251473,81,0.9506172839506173,0.14131112396717072,0.8550683259963989,23.696138381958008,698.4514770507812
251474,64,0.90625,0.05667812004685402,0.5419992208480835,21.97451400756836,1174.6546630859375
251475,100,0.87,0.023460950702428818,0.6539262533187866,14.844988822937012,333.69293212890625
251476,100,0.98,0.020282475277781487,0.7451795339584351,16.45342445373535,677.2633056640625
251477,100,0.96,0.058523356914520264,0.7334355115890503,19.30668830871582,351.3790588378906
251478,100,0.87,0.032040055841207504,0.7942021489143372,23.582273483276367,688.5753784179688
251479,100,0.82,0.024730095639824867,0.4467724561691284,13.837806701660156,376.45526123046875
251480,100,0.92,0.06873936951160431,0.6458412408828735,19.488353729248047,132.16561889648438
251481,39,0.9743589743589743,0.1405610293149948,0.5893731117248535,25.432979583740234,991.8116455078125
251482,100,0.91,0.04143605753779411,0.6342275142669678,13.754495620727539,1002.7077026367188
251483,100,0.93,0.05863545089960098,0.7449967265129089,16.691102981567383,408.9561462402344
251484,100,0.94,0.035324715077877045,0.8323681950569153,18.683591842651367,322.1139221191406
251485,100,0.91,0.11336410790681839,0.6489922404289246,20.0296573638916,177.24667358398438
251486,76,0.9210526315789473,0.12430552393198013,0.7456995844841003,27.754093170166016,295.74029541015625
251487,100,0.91,0.03370019420981407,0.792316198348999,16.6919002532959,286.82403564453125
251488,100,0.95,0.05749455839395523,0.7465525269508362,22.55581283569336,506.0068359375
251489,100,0.91,0.04453354701399803,0.47667843103408813,16.183425903320312,1334.576171875
251490,100,0.93,-0.005786861293017864,0.6619573831558228,13.426344871520996,552.0269775390625
251491,100,0.92,0.05199713259935379,0.6896399855613708,15.674579620361328,697.088623046875
251492,89,0.9438202247191011,0.03387752175331116,0.46793755888938904,21.19242286682129,930.0457153320312
251493,23,0.782608695652174,0.14016853272914886,0.4791480004787445,11.474944114685059,1000.8258666992188
251494,100,0.9,0.0009156969026662409,0.6856895089149475,12.654644966125488,254.16714477539062
251495,68,0.9558823529411765,0.02779494598507881,0.5002685189247131,19.670116424560547,571.2152099609375
251496,100,0.94,0.04870273172855377,0.8851881623268127,25.666391372680664,382.56964111328125
251497,100,0.88,0.05532243102788925,0.6451625823974609,18.834585189819336,231.94403076171875
251498,100,0.86,0.041526466608047485,0.7153983116149902,13.447671890258789,863.0762329101562
251499,100,0.91,0.03627975285053253,0.7555127143859863,15.191908836364746,167.63059997558594
251500,100,0.85,0.02964182384312153,0.728995680809021,15.63161849975586,463.8818054199219
251501,70,0.9571428571428572,0.09540501236915588,0.4697180688381195,26.202239990234375,635.8997192382812
251502,64,0.890625,0.058066852390766144,0.7874169945716858,20.392742156982422,1371.5499267578125
251503,100,0.93,0.023498786613345146,0.6106186509132385,15.290182113647461,599.553955078125
251504,100,0.88,0.013297047466039658,0.6931354999542236,21.342430114746094,271.4933776855469
251505,100,0.89,0.05034194514155388,0.5731211304664612,12.831424713134766,197.24273681640625
251506,100,0.93,0.0823889821767807,0.9015713334083557,23.79815101623535,209.1000518798828
251507,59,0.8305084745762712,0.14328062534332275,0.7058778405189514,19.93014144897461,90.24101257324219
251508,50,0.76,0.13735134899616241,0.5281155109405518,14.253905296325684,871.701416015625
251509,100,0.87,0.03361837565898895,0.7880395650863647,20.691328048706055,285.3145751953125
251510,100,0.91,0.029978971928358078,0.568594753742218,15.055386543273926,892.5380249023438
251511,100,0.84,0.038972802460193634,0.6395757794380188,18.648710250854492,382.396728515625
251512,100,0.91,0.08521378040313721,0.7572858929634094,21.23272705078125,204.60350036621094
251513,100,0.93,0.012156497687101364,0.8516955971717834,18.458271026611328,496.8490905761719
251514,2,0.5,0.9990180730819702,0.04816872254014015,1.9980359077453613,326.1133117675781
251515,100,0.91,0.008459390141069889,0.5124952793121338,11.214897155761719,616.001220703125
251516,100,0.94,0.03072294220328331,0.8241126537322998,13.074729919433594,432.75811767578125
251517,100,0.93,0.031730227172374725,0.5466364026069641,14.350793838500977,555.283447265625
251518,100,0.91,0.04624180123209953,0.6700719594955444,18.3521728515625,657.8490600585938
251519,66,0.8939393939393939,0.09178179502487183,0.664329469203949,17.1532039642334,328.78375244140625
251520,100,0.91,0.046792883425951004,0.7401253581047058,18.988927841186523,381.1648254394531
251521,100,0.91,0.06585781276226044,0.8506286144256592,21.435148239135742,692.5942993164062
251522,100,0.89,-0.007370210252702236,0.7721752524375916,14.160650253295898,774.8218383789062
251523,5,0.8,0.943791389465332,0.5445623993873596,7.648512363433838,385.300537109375
251524,100,0.85,0.10324765741825104,0.6095520257949829,19.64940071105957,333.5744934082031
251525,100,0.87,0.05107485502958298,0.5652050375938416,16.240694046020508,533.3037719726562
251526,100,0.92,0.048884883522987366,0.7802553176879883,19.395130157470703,1086.02490234375
251527,100,0.89,0.02137197181582451,0.7417015433311462,14.353957176208496,428.0320129394531
251528,100,0.93,0.0455283559858799,0.6725614666938782,20.651046752929688,515.1911010742188
251529,75,0.9466666666666667,0.0875813439488411,0.7116215229034424,25.839405059814453,1232.6551513671875
251530,100,0.86,0.031367041170597076,0.7349548935890198,22.197593688964844,127.0779800415039
251531,33,0.9696969696969697,0.16943463683128357,0.4854591488838196,23.46378517150879,693.5289306640625
251532,100,0.89,0.04330386593937874,0.7582765221595764,19.503293991088867,271.26318359375
251533,100,0.89,0.005974761676043272,0.7348871827125549,21.07357406616211,831.9794921875
251534,100,0.93,0.0008432179456576705,0.6597469449043274,16.831253051757812,236.0139617919922
251535,100,0.85,-0.020568128675222397,0.6343623399734497,15.670191764831543,162.23382568359375
251536,100,0.93,0.06619592010974884,0.6694000959396362,21.972370147705078,321.7911376953125
251537,15,0.8666666666666667,0.6112902164459229,0.932471513748169,20.956735610961914,195.0098114013672
251538,100,0.95,0.013439257629215717,0.6271260380744934,15.054486274719238,906.9000244140625
251539,100,0.92,-0.014785676263272762,0.8335611820220947,18.722888946533203,574.0421142578125
251540,24,0.9583333333333334,0.5614282488822937,0.6112141013145447,29.79059410095215,868.5509643554688
251541,100,0.94,0.007243566680699587,0.8465833067893982,22.052759170532227,645.59765625
251542,46,0.8695652173913043,0.14191934466362,0.6855430603027344,18.851648330688477,558.17333984375
251543,100,0.87,0.040240079164505005,0.805569052696228,13.404598236083984,428.8799133300781
251544,100,0.9,0.026358453556895256,0.8560314178466797,19.92241859436035,535.5361328125
251545,100,0.93,0.0763205736875534,0.7970272898674011,21.96456527709961,617.9741821289062
251546,100,0.93,0.01126646064221859,0.7671580910682678,18.839513778686523,586.8084716796875
251547,100,0.9,0.024707982316613197,0.6345382332801819,19.51047706604004,218.0576171875
251548,100,0.89,0.04615075886249542,0.717525064945221,17.915441513061523,344.1113586425781
251549,100,0.91,0.0312125813215971,0.756233274936676,14.166452407836914,663.7271118164062
251550,100,0.91,0.007136177271604538,0.6538304090499878,13.294646263122559,311.1426086425781
251551,70,0.9285714285714286,0.060906101018190384,0.6708279848098755,18.331674575805664,410.83941650390625
251552,9,0.8888888888888888,0.8077602982521057,0.5984954237937927,15.01292896270752,238.0678253173828
251553,24,0.75,0.17818628251552582,0.4660080373287201,12.85449504852295,749.4429321289062
251554,100,0.86,0.06851038336753845,0.6561387181282043,15.605799674987793,229.29580688476562
251555,100,0.89,0.03336791694164276,0.6513514518737793,16.32599449157715,633.6574096679688
251556,11,0.7272727272727273,0.7735017538070679,0.4113334119319916,9.656268119812012,482.8609313964844
251557,100,0.93,0.06922578811645508,0.6188817024230957,20.180212020874023,631.5133666992188
251558,83,0.9036144578313253,0.08340156823396683,0.7750728130340576,19.32719612121582,406.97332763671875
251559,100,0.92,0.009182724170386791,0.6361697912216187,16.995586395263672,618.946533203125
251560,100,0.89,0.04051290825009346,0.6489098072052002,16.196725845336914,456.34954833984375
251561,76,0.9078947368421053,0.06990864872932434,0.743157684803009,23.490739822387695,693.4575805664062
251562,100,0.89,-0.009258992038667202,0.6406333446502686,17.67337417602539,824.0259399414062
251563,100,0.83,-0.005853467155247927,0.6437435150146484,15.008098602294922,844.7725219726562
251564,100,0.91,0.09006194025278091,0.7234079241752625,24.859453201293945,937.2868041992188
251565,79,0.9367088607594937,0.06652157008647919,0.28493988513946533,19.778120040893555,222.55825805664062
251566,29,0.9655172413793104,0.3005734384059906,0.5613272190093994,26.18926429748535,468.4525451660156
251567,88,0.9659090909090909,0.02665301226079464,0.4017311632633209,18.284345626831055,700.48974609375
251568,100,0.88,0.04789094626903534,0.6947276592254639,16.077077865600586,574.4760131835938
251569,64,0.90625,0.03900009021162987,0.519099771976471,21.46389389038086,250.07012939453125
251570,100,0.92,0.04744616895914078,0.8664697408676147,18.44458770751953,463.8393859863281
251571,100,0.97,0.08072736859321594,0.4706451892852783,22.5252742767334,307.0662841796875
251572,100,0.89,-0.005840604193508625,0.738795280456543,15.971845626831055,123.05463409423828
251573,100,0.91,0.037585798650979996,0.8158004283905029,19.571348190307617,360.8973388671875
251574,100,0.92,0.0412224680185318,0.7952854037284851,20.93593978881836,919.321044921875
251575,100,0.88,0.12611113488674164,0.8144062161445618,19.9361515045166,476.0473937988281
251576,100,0.93,0.05780745670199394,0.7654382586479187,25.782880783081055,269.8670349121094
251577,30,0.9,0.15957945585250854,0.5678136944770813,20.33273696899414,1428.8004150390625
251578,100,0.96,0.02069411613047123,0.6909607648849487,16.844141006469727,755.3878784179688
251579,100,0.93,0.10628945380449295,0.7101391553878784,19.475343704223633,187.30972290039062
251580,100,0.87,0.046758636832237244,0.7623387575149536,19.02303123474121,166.00030517578125
251581,100,0.93,-0.0012914628023281693,0.734024167060852,15.836472511291504,467.9787902832031
251582,100,0.92,-0.007893537171185017,0.7790259718894958,15.891441345214844,161.24131774902344
251583,100,0.87,-0.0007069013663567603,0.7341223359107971,15.800405502319336,473.24505615234375
251584,78,0.9230769230769231,0.1191587969660759,0.9155421257019043,22.66301727294922,88.51384735107422
251585,100,0.94,0.0252976194024086,0.7926030158996582,18.05286407470703,587.0601196289062
251586,100,0.85,0.08884064108133316,0.6443158984184265,20.646894454956055,556.8695678710938
251587,100,0.88,0.04433734714984894,0.5825968980789185,15.715022087097168,246.5689697265625
251588,100,0.94,0.046515271067619324,0.6929541230201721,18.654769897460938,118.45098876953125
251589,100,0.9,0.04152284562587738,0.7764371633529663,12.543957710266113,181.5016326904297
251590,67,0.9402985074626866,0.14895491302013397,0.7330948114395142,25.420249938964844,513.0473022460938
251591,100,0.91,0.03437282145023346,0.6501426696777344,20.7884521484375,270.9102783203125
251592,100,0.94,0.06491474062204361,0.7560731768608093,29.493610382080078,121.90171813964844
251593,100,0.84,0.03655075281858444,0.4917292594909668,17.57198715209961,289.8464050292969
251594,100,0.82,-0.014619835652410984,0.5519355535507202,10.817739486694336,733.1243286132812
251595,100,0.85,0.046460602432489395,0.5837718844413757,12.904502868652344,745.5732421875
251596,100,0.91,0.02723940834403038,0.7029332518577576,14.31694221496582,379.703125
251597,16,0.6875,0.7922691106796265,0.8750654458999634,14.760198593139648,169.61756896972656
251598,100,0.92,0.030274437740445137,0.6823049783706665,18.45050621032715,449.8275451660156
251599,54,0.9074074074074074,0.10357136279344559,0.6390926837921143,22.558300018310547,218.00489807128906
251600,66,0.8939393939393939,0.1561010777950287,0.43335089087486267,22.59394073486328,84.65457153320312
251601,100,0.91,0.009344770573079586,0.5897359848022461,11.404553413391113,721.954833984375
251602,24,0.9166666666666666,0.44197550415992737,0.7960114479064941,23.18006706237793,695.0841064453125
251603,36,0.8333333333333334,0.15659981966018677,0.5635032653808594,14.72243595123291,975.9198608398438
251604,100,0.83,0.06062882021069527,0.661311686038971,10.453067779541016,463.0901184082031
251605,94,0.8297872340425532,0.13410261273384094,0.6937869787216187,20.964691162109375,447.9632873535156
251606,59,0.9661016949152542,0.07077471166849136,0.7082919478416443,22.13051986694336,900.6730346679688
251607,100,0.89,0.033903926610946655,0.7402681112289429,12.867156982421875,613.23876953125
251608,100,0.94,0.004885156638920307,0.8010374903678894,18.697254180908203,377.7414855957031
251609,100,0.88,0.036794282495975494,0.7735314965248108,17.56670570373535,202.08750915527344
251610,100,0.88,0.015229761600494385,0.7776486873626709,17.715303421020508,171.534912109375
251611,38,0.9473684210526315,0.04027549922466278,0.46728330850601196,17.11833953857422,365.9518127441406
251612,100,0.91,0.032745394855737686,0.8854271769523621,16.863178253173828,137.03286743164062
251613,100,0.89,-0.007810201495885849,0.6762006282806396,17.38544464111328,307.5298156738281
251614,100,0.86,0.06884118169546127,0.7110293507575989,18.560914993286133,434.7391052246094
251615,100,0.9,0.09064510464668274,0.9522950053215027,23.510499954223633,757.579833984375
251616,100,0.88,0.07726002484560013,0.6500867009162903,17.792139053344727,1546.16015625
251617,100,0.81,0.015102011151611805,0.6196932792663574,17.043230056762695,273.1294860839844
251618,9,0.6666666666666666,0.4902022182941437,0.7133238911628723,5.648721694946289,1255.5755615234375
251619,21,0.8571428571428571,0.23136155307292938,0.8977994322776794,14.022575378417969,450.0557556152344
251620,80,0.9125,0.07869140058755875,0.7475276589393616,17.256099700927734,340.4949645996094
251621,100,0.93,0.005316988565027714,0.5970997214317322,18.478012084960938,484.5238342285156
251622,34,0.8823529411764706,0.09390850365161896,0.8578166365623474,11.402077674865723,335.2523498535156
251623,94,0.9042553191489362,0.07583055645227432,0.5515761971473694,19.010540008544922,292.7441101074219
251624,100,0.88,0.018021244555711746,0.7546184659004211,17.212614059448242,394.3095397949219
251625,100,0.88,0.07015389949083328,0.6376125812530518,23.708677291870117,763.5563354492188
251626,100,0.93,0.006522815208882093,0.7396461367607117,20.740886688232422,261.6432189941406
251627,100,0.89,0.012682083994150162,0.7893232107162476,16.6866397857666,441.67633056640625
251628,100,0.89,0.023721149191260338,0.5856289267539978,17.706575393676758,288.4186706542969
251629,100,0.88,-0.033316753804683685,0.5450471043586731,17.200538635253906,362.1175842285156
251630,100,0.87,0.0035679012071341276,0.6456559896469116,11.637999534606934,655.5641479492188
251631,100,0.86,0.03261439502239227,0.6136422157287598,11.224174499511719,188.5081329345703
251632,100,0.84,0.01968075893819332,0.5289790034294128,16.873920440673828,501.95050048828125
251633,45,0.8444444444444444,0.04830208048224449,0.4756092429161072,14.413314819335938,419.9859619140625
251634,37,0.918918918918919,0.16229702532291412,0.4815639555454254,18.668691635131836,182.08551025390625
251635,63,0.9047619047619048,0.14414669573307037,0.8100669384002686,25.504514694213867,97.89313507080078
251636,100,0.86,0.034636788070201874,0.7320982217788696,11.29183578491211,247.96986389160156
251637,100,0.86,-0.0007106408593244851,0.7221013307571411,11.499894142150879,103.19015502929688
251638,100,0.93,0.015727385878562927,0.8144432306289673,22.217430114746094,240.6078643798828
251639,70,0.8428571428571429,0.16453251242637634,0.683575451374054,18.073774337768555,80.74406433105469
251640,100,0.87,0.02767462097108364,0.6098474264144897,14.507620811462402,431.7004089355469
251641,100,0.84,-0.017130514606833458,0.6189975738525391,14.326231956481934,186.13633728027344
251642,58,0.9482758620689655,0.126158207654953,0.5251923203468323,26.527616500854492,1005.8092041015625
251643,100,0.94,0.11184544116258621,0.8844895958900452,20.445960998535156,460.5830078125
251644,100,0.91,0.10854872316122055,0.7501108050346375,23.0074405670166,153.19390869140625
251645,96,0.9583333333333334,0.04728227108716965,0.5600876212120056,19.419893264770508,288.82275390625
251646,100,0.87,-0.04323945567011833,0.7608102560043335,8.180617332458496,508.3051452636719
251647,100,0.89,0.05198829248547554,0.7561845779418945,21.287132263183594,408.58453369140625
251648,100,0.9,0.05516265705227852,0.7370773553848267,20.81988525390625,381.9242248535156
251649,100,0.94,0.017087560147047043,0.86984783411026,15.076725006103516,376.0937194824219
251650,100,0.88,-0.003668069839477539,0.737504780292511,13.139409065246582,359.4230041503906
251651,100,0.95,0.030419131740927696,0.7338077425956726,24.180139541625977,394.45001220703125
251652,93,0.9354838709677419,0.05975025147199631,0.6171508431434631,21.341388702392578,850.4716186523438
251653,100,0.82,-0.005302742589265108,0.720918595790863,11.996929168701172,308.5977783203125
251654,100,0.95,0.046063534915447235,0.8116701245307922,13.679232597351074,221.69534301757812
251655,97,0.8969072164948454,0.03946699947118759,0.7815507650375366,12.501933097839355,357.5931701660156
251656,62,0.8709677419354839,0.14435113966464996,0.6754560470581055,23.785533905029297,180.9066619873047
251657,100,0.88,0.07462742179632187,0.718988835811615,14.458548545837402,469.16357421875
251658,100,0.91,0.036783862859010696,0.8138660192489624,20.90216064453125,580.2205810546875
251659,100,0.95,0.020195981487631798,0.7750069499015808,15.789529800415039,852.3132934570312
251660,32,0.875,0.16095750033855438,0.713548481464386,17.52615737915039,517.2261962890625
251661,100,0.87,0.009743131697177887,0.7477585673332214,15.013416290283203,287.2723388671875
251662,65,0.9384615384615385,0.10930006206035614,0.7822177410125732,27.8138427734375,246.89515686035156
251663,36,0.8611111111111112,0.098123699426651,0.756977915763855,19.084537506103516,962.2947998046875
251664,8,1.0,0.8027991056442261,,17.036712646484375,856.7493286132812
251665,89,0.9325842696629213,0.0573759600520134,0.683631956577301,20.84778594970703,93.80001831054688
251666,25,0.96,0.29725325107574463,0.38958150148391724,24.505403518676758,354.1275634765625
251667,100,0.82,-0.016275253146886826,0.7229433059692383,15.082527160644531,123.24858093261719
251668,100,0.96,0.005070321727544069,0.8117680549621582,18.61297035217285,248.28192138671875
251669,100,0.85,-0.021027682349085808,0.6005735397338867,9.442056655883789,481.8936767578125
251670,100,0.87,0.036506086587905884,0.7470532655715942,18.65591049194336,485.675537109375
251671,100,0.91,0.00706101767718792,0.6451212763786316,15.496089935302734,251.65545654296875
251672,100,0.83,0.08098869770765305,0.6713252067565918,14.778825759887695,751.9639892578125
251673,100,0.86,0.053569894284009933,0.7230260968208313,17.247848510742188,439.26483154296875
251674,100,0.88,0.05722334235906601,0.6098387837409973,16.430564880371094,320.6611022949219
251675,75,0.9866666666666667,0.10133276879787445,0.8512182235717773,26.346073150634766,281.4368591308594
251676,100,0.91,0.017833620309829712,0.7782865166664124,13.153350830078125,144.36825561523438
251677,100,0.83,0.09076307713985443,0.6679838299751282,16.737428665161133,309.68353271484375
251678,59,0.9152542372881356,0.09683111310005188,0.7361428141593933,23.332847595214844,489.3030090332031
251679,100,0.77,0.05445876717567444,0.6895453333854675,12.249259948730469,222.09010314941406
251680,100,0.94,0.027234014123678207,0.8948108553886414,19.939783096313477,701.5986328125
251681,49,0.9183673469387755,0.12204449623823166,0.6989359855651855,26.33565330505371,378.6096496582031
251682,100,0.88,-0.017468146979808807,0.5257394909858704,12.619446754455566,526.9578247070312
251683,100,0.91,0.02532796375453472,0.8320534229278564,19.963294982910156,413.1210021972656
251684,100,0.91,0.0325642004609108,0.8926571607589722,13.778387069702148,375.4043884277344
251685,100,0.9,0.06230523809790611,0.5969462394714355,17.437028884887695,323.2815246582031
251686,100,0.81,-0.014067832380533218,0.7882797718048096,11.385849952697754,506.7527160644531
251687,100,0.89,0.028920605778694153,0.7776749134063721,18.939725875854492,466.8502502441406
251688,100,0.88,-0.07211082428693771,0.5066372752189636,15.658620834350586,390.8265380859375
251689,100,0.9,0.021066220477223396,0.47885674238204956,21.14995574951172,763.5851440429688
251690,23,0.9565217391304348,0.39200079441070557,0.03640681132674217,26.225400924682617,1567.9853515625
251691,4,0.25,0.9869686961174011,0.8725189566612244,0.9869685769081116,1417.5367431640625
251692,100,0.93,-0.0010280885035172105,0.6730562448501587,18.957033157348633,460.94354248046875
251693,96,0.9791666666666666,0.05230975151062012,0.47742635011672974,20.276199340820312,789.9638061523438
251694,100,0.91,0.06645351648330688,0.8064457774162292,17.271957397460938,242.17874145507812
251695,100,0.95,0.032243762165308,0.723265528678894,17.103322982788086,456.2178039550781
251696,100,0.85,0.12588708102703094,0.5355649590492249,16.97463607788086,629.6836547851562
251697,100,0.9,0.04142431914806366,0.8477293252944946,23.150249481201172,376.21832275390625
251698,100,0.89,-0.06779216229915619,0.5044398903846741,10.912362098693848,292.7203674316406
251699,100,0.95,0.07989595085382462,0.9615874290466309,23.0948543548584,490.368896484375
251700,31,0.9032258064516129,0.15623925626277924,0.6973945498466492,15.308099746704102,460.8652648925781
251701,100,0.93,0.008710249327123165,0.6407703757286072,20.035602569580078,434.1731872558594
251702,100,0.9,0.04980241507291794,0.7240398526191711,15.803277969360352,351.91693115234375
251703,85,0.8941176470588236,0.08892885595560074,0.8452661037445068,24.812345504760742,153.95977783203125
251704,100,0.94,0.016799071803689003,0.7205526828765869,17.371883392333984,331.1973876953125
251705,67,0.9104477611940298,0.15299676358699799,0.6353639960289001,26.87177085876465,196.1259765625
251706,100,0.83,0.059748996049165726,0.5697545409202576,16.533794403076172,648.7642822265625
251707,100,0.96,0.04060078784823418,0.9281662106513977,20.563783645629883,481.2142333984375
251708,100,0.84,0.012433750554919243,0.6681357622146606,15.074200630187988,327.3324890136719
251709,83,0.927710843373494,0.04076503962278366,0.7601298689842224,8.877540588378906,492.0621032714844
251710,100,0.86,0.06060761585831642,0.5406432747840881,18.931964874267578,454.03619384765625
251711,100,0.81,0.0362456813454628,0.5732260942459106,14.208439826965332,573.0554809570312
251712,100,0.82,0.09651219844818115,0.7026748061180115,19.441864013671875,248.93576049804688
251713,100,0.9,-0.025506364181637764,0.8856284022331238,18.669824600219727,266.4919738769531
251714,100,0.91,0.0042233821004629135,0.745711624622345,16.68844223022461,341.2548828125
251715,100,0.87,-0.028080381453037262,0.8158700466156006,17.316417694091797,458.8314514160156
251716,100,0.92,0.022295057773590088,0.8482551574707031,19.683635711669922,456.2993469238281
251717,100,0.94,0.05112021043896675,0.8410260677337646,22.481773376464844,378.5701904296875
251718,65,0.9692307692307692,0.08344689756631851,0.876049816608429,22.938148498535156,379.689697265625
251719,100,0.85,0.09992086887359619,0.769090473651886,23.01801109313965,271.64788818359375
251720,100,0.8,-0.04002368822693825,0.5576163530349731,10.617918968200684,147.57806396484375
251721,97,0.8556701030927835,0.05670294538140297,0.7700537443161011,20.66782569885254,206.89430236816406
251722,96,0.8854166666666666,0.08871239423751831,0.6378926038742065,14.440943717956543,78.01739501953125
251723,99,0.9292929292929293,0.10345660895109177,0.8709897994995117,23.443592071533203,86.78148651123047
251724,100,0.91,0.00271728471852839,0.7392849326133728,11.048754692077637,181.12728881835938
251725,49,0.9795918367346939,0.08901818841695786,0.2563229501247406,18.99269676208496,835.173583984375
251726,3,0.6666666666666666,0.9344088435173035,0.6997469067573547,3.8053066730499268,403.1401062011719
251727,100,0.96,0.05929895117878914,0.6888539791107178,22.286643981933594,357.50726318359375
251728,75,0.9066666666666666,0.08718273043632507,0.5516160726547241,21.615055084228516,699.1098022460938
251729,100,0.89,-0.004877344239503145,0.6309280395507812,18.10154151916504,105.75466918945312
