phase,env_steps,model_updates,ac_updates,elapsed_seconds,scene,success,pickup,timeout,oob,length,return_
prefill,100,0,0,1.1,250000,False,False,True,False,100,-1.3223818269350471
prefill,200,0,0,1.1,250001,False,False,True,False,100,-1.368535746512731
prefill,300,0,0,1.1,250002,False,False,True,False,100,-1.4904921352155056
prefill,400,0,0,1.1,250003,False,False,True,False,100,-1.3299339761661386
prefill,447,0,0,1.1,250004,False,False,False,True,47,-1.0192066226570602
prefill,547,0,0,1.1,250005,False,False,True,False,100,-1.4341195075107982
prefill,634,0,0,1.1,250006,False,False,False,True,87,-1.3149747365225353
prefill,700,0,0,1.1,250007,False,False,False,True,66,-1.1528117191358294
prefill,730,0,0,1.1,250008,False,False,False,True,30,-0.8601759190055405
prefill,830,0,0,1.1,250009,False,False,True,False,100,-1.3735628921569283
prefill,930,0,0,1.2,250010,False,False,True,False,100,-1.4084738776262942
prefill,1030,0,0,1.2,250011,False,False,True,False,100,-1.7784313976084947
policy,1108,65,15,21.4,250012,False,False,False,True,78,-1.0317403637871512
policy,1208,85,35,24.1,250013,False,False,True,False,100,-1.4785235496856814
policy,1308,105,55,26.9,250014,False,False,True,False,100,-1.11753719637451
policy,1408,125,75,29.7,250015,False,False,True,False,100,-1.225351583190562
policy,1508,145,95,32.5,250016,False,False,True,False,100,-1.4996145340850147
policy,1539,151,101,33.3,250017,False,False,False,True,31,-0.9018558118621796
policy,1608,165,115,35.3,250018,False,False,False,True,69,-1.3701110485147496
policy,1651,174,124,36.6,250019,False,False,False,True,43,-1.0671031959676887
policy,1667,177,127,37.0,250020,False,False,False,True,16,-0.6514436147921806
policy,1767,197,147,39.9,250021,False,False,True,False,100,-1.5110933485539477
policy,1778,199,149,40.2,250022,False,False,False,True,11,-0.619341268698457
policy,1878,219,169,43.0,250023,False,False,True,False,100,-1.2608563593028252
policy,1927,229,179,44.5,250024,False,False,False,True,49,-1.1774536119475894
policy,2009,245,195,46.8,250025,False,False,False,True,82,-1.0168654544067826
policy,2102,264,214,49.7,250026,False,False,False,True,93,-1.2379448090312484
policy,2120,267,217,50.2,250027,False,False,False,True,18,-0.8489590446203983
policy,2181,280,230,52.5,250028,False,False,False,True,61,-1.1541409655019954
policy,2228,289,239,53.9,250029,False,False,False,True,47,-0.7835359632897126
policy,2328,309,259,56.9,250030,False,False,True,False,100,-1.4734853780213046
policy,2428,329,279,59.8,250031,False,True,True,False,100,-1.8198634971772205
policy,2439,331,281,60.1,250032,False,False,False,True,11,-0.6518090057564052
policy,2468,337,287,61.0,250033,False,False,False,True,29,-1.0908979521835285
policy,2541,352,302,63.3,250034,False,False,False,True,73,-1.3129436777800243
policy,2605,364,314,65.1,250035,False,False,False,True,64,-1.2743911084140698
policy,2705,384,334,68.0,250036,False,False,True,False,100,-1.6372805822210545
policy,2747,393,343,69.3,250037,False,False,False,True,42,-0.8300225552533529
policy,2753,394,344,69.5,250038,False,False,False,True,6,-0.6128458997965428
policy,2853,414,364,72.6,250039,False,False,True,False,100,-1.381687451750631
policy,2861,416,366,73.0,250040,False,False,False,True,8,-0.750498096257919
policy,2961,436,386,76.4,250041,False,False,True,False,100,-1.1991163236697853
policy,3024,448,398,78.2,250042,False,False,False,True,63,-1.3747392487185588
policy,3038,451,401,78.7,250043,False,False,False,True,14,-0.7595086905725326
policy,3065,456,406,79.4,250044,False,False,False,True,27,-0.9451218525133529
policy,3076,459,409,79.9,250045,False,False,False,True,11,-0.8234917361054165
policy,3155,474,424,82.3,250046,False,False,False,True,79,-1.52326275795037
policy,3179,479,429,83.1,250047,False,False,False,True,24,-0.783871802159491
policy,3264,496,446,85.8,250048,False,False,False,True,85,-1.0382617440836641
policy,3364,516,466,89.0,250049,False,False,True,False,100,-1.253879898636451
policy,3464,536,486,92.1,250050,False,False,True,False,100,-1.6088941754433808
policy,3564,556,506,95.3,250051,False,False,True,False,100,-1.502580015855779
policy,3664,576,526,98.3,250052,False,False,True,False,100,-1.4263344808786766
policy,3764,596,546,101.4,250053,False,False,True,False,100,-1.4855493549651775
policy,3841,612,562,104.0,250054,False,False,False,True,77,-1.1677620075119963
policy,3846,613,563,104.1,250055,False,False,False,True,5,-0.7386640932818229
policy,3946,633,583,107.3,250056,False,False,True,False,100,-1.3439861987648043
policy,4046,653,603,110.5,250057,False,False,True,False,100,-1.3043579118602255
policy,4146,673,623,113.7,250058,False,False,True,False,100,-1.39964006185654
policy,4181,680,630,114.9,250059,False,False,False,True,35,-0.7806744994788262
policy,4199,683,633,115.4,250060,False,False,False,True,18,-0.8544323108122907
policy,4232,690,640,116.6,250061,False,False,False,True,33,-1.0505204876721577
policy,4243,692,642,116.9,250062,False,False,False,True,11,-0.613312137445675
policy,4343,712,662,120.2,250063,False,False,True,False,100,-1.171024356637013
policy,4443,732,682,123.3,250064,False,False,True,False,100,-1.5637529673010038
policy,4543,752,702,126.3,250065,False,False,True,False,100,-1.4126611088429708
policy,4643,772,722,129.3,250066,False,False,True,False,100,-1.3647781882417962
policy,4743,792,742,133.0,250067,False,False,True,False,100,-1.381760939885836
policy,4759,795,745,133.5,250068,False,False,False,True,16,-0.942174815362244
policy,4791,802,752,134.6,250069,False,False,False,True,32,-0.8761264488025766
policy,4859,815,765,136.7,250070,False,False,False,True,68,-1.0381897405530454
policy,4959,835,785,139.9,250071,False,False,True,False,100,-1.2327859598037292
policy,4999,843,793,141.3,250072,False,False,False,True,40,-1.234545334403823
policy,5099,863,813,144.6,250073,False,False,True,False,100,-1.7069521788148874
policy,5199,883,833,147.8,250074,False,False,True,False,100,-1.4514174343939366
policy,5299,903,853,150.9,250075,False,False,True,False,100,-1.4041040649671177
policy,5320,907,857,151.5,250076,False,False,False,True,21,-0.9903780879542232
policy,5414,926,876,154.5,250077,False,False,False,True,94,-1.1790663368768286
policy,5433,930,880,155.1,250078,False,False,False,True,19,-0.7380134370407561
policy,5460,935,885,155.9,250079,False,False,False,True,27,-0.8548795196213558
policy,5557,955,905,159.1,250080,False,False,False,True,97,-1.2404007973190283
policy,5657,975,925,162.4,250081,False,False,True,False,100,-1.1423268961909023
policy,5725,988,938,164.7,250082,False,False,False,True,68,-1.1935560251924457
policy,5825,1008,958,168.0,250083,False,False,True,False,100,-1.0432567189755697
policy,5883,1020,970,169.9,250084,False,False,False,True,58,-1.0109834070432233
policy,5983,1040,990,173.1,250085,False,False,True,False,100,-1.666857271782873
policy,6083,1060,1010,176.2,250086,False,False,True,False,100,-1.7310749886561698
policy,6183,1080,1030,179.4,250087,False,False,True,False,100,-1.3291925384098737
policy,6193,1082,1032,179.8,250088,False,False,False,True,10,-0.7272429182892372
policy,6293,1102,1052,183.0,250089,False,False,True,False,100,-1.4774015856617095
policy,6319,1107,1057,184.0,250090,False,False,False,True,26,-0.6858963421483566
policy,6334,1110,1060,184.6,250091,False,False,False,True,15,-0.6369937011640113
policy,6377,1119,1069,186.2,250092,False,False,False,True,43,-0.8389283669601253
policy,6396,1123,1073,186.9,250093,False,False,False,True,19,-0.8707212647488312
policy,6496,1143,1093,190.1,250094,False,False,True,False,100,-1.4165252930570231
policy,6596,1163,1113,193.4,250095,False,False,True,False,100,-1.4068582292099183
policy,6651,1174,1124,195.3,250096,False,False,False,True,55,-0.9745289211096466
policy,6683,1180,1130,196.2,250097,False,False,False,True,32,-0.9294170171199923
policy,6748,1193,1143,198.4,250098,False,False,False,True,65,-1.3079799345164842
policy,6848,1213,1163,201.7,250099,False,False,True,False,100,-1.398077974221705
policy,6872,1218,1168,202.5,250100,False,False,False,True,24,-1.0412245843521855
policy,6972,1238,1188,205.9,250101,False,False,True,False,100,-1.3141356611809498
policy,7017,1247,1197,207.4,250102,False,False,False,True,45,-1.0694576979839172
policy,7117,1267,1217,210.8,250103,False,False,True,False,100,-1.5967046332597254
policy,7217,1287,1237,214.0,250104,False,False,True,False,100,-1.4266926513520013
policy,7259,1295,1245,215.4,250105,False,False,False,True,42,-0.7728411041971512
policy,7359,1315,1265,218.7,250106,False,False,True,False,100,-1.623732353201374
policy,7459,1335,1285,222.0,250107,False,False,True,False,100,-1.2349571862508415
policy,7559,1355,1305,225.3,250108,False,False,True,False,100,-1.3808098786756378
policy,7643,1372,1322,228.1,250109,False,True,False,True,84,-1.5918732859316616
policy,7743,1392,1342,231.4,250110,False,False,True,False,100,-1.1484772562920045
policy,7843,1412,1362,234.8,250111,False,False,True,False,100,-1.4649996275425279
policy,7943,1432,1382,238.2,250112,False,False,True,False,100,-1.0955246808835821
policy,8043,1452,1402,241.6,250113,False,False,True,False,100,-1.1141758045610017
policy,8072,1458,1408,242.7,250114,False,False,False,True,29,-1.0214174116642414
policy,8172,1478,1428,246.3,250115,False,False,True,False,100,-1.5582101302975682
policy,8180,1479,1429,246.4,250116,False,False,False,True,8,-0.6445737617601217
policy,8280,1499,1449,249.9,250117,False,False,True,False,100,-1.1741089998081926
policy,8293,1502,1452,250.4,250118,False,False,False,True,13,-0.7400137173385448
policy,8393,1522,1472,254.0,250119,False,False,True,False,100,-1.2172620875090059
policy,8493,1542,1492,257.9,250120,False,False,True,False,100,-1.0495140025428236
policy,8593,1562,1512,261.5,250121,False,False,True,False,100,-1.1492205984114732
policy,8693,1582,1532,265.2,250122,False,False,True,False,100,-1.522303899694294
policy,8700,1583,1533,265.4,250123,False,False,False,True,7,-0.5963256639212325
policy,8800,1603,1553,269.2,250124,False,False,True,False,100,-1.515838055340144
policy,8900,1623,1573,272.9,250125,False,False,True,False,100,-1.183597782081487
policy,8912,1626,1576,273.4,250126,False,False,False,True,12,-0.6933446743093065
policy,8944,1632,1582,274.7,250127,False,False,False,True,32,-0.8127577905910031
policy,9017,1647,1597,278.2,250128,False,False,False,True,73,-0.9480583460015608
policy,9040,1651,1601,279.0,250129,False,False,False,True,23,-0.7956502062436135
policy,9140,1671,1621,282.9,250130,False,False,True,False,100,-1.330708162603639
policy,9240,1691,1641,286.9,250131,False,False,True,False,100,-1.2877511080009314
policy,9259,1695,1645,287.7,250132,False,False,False,True,19,-0.8134325296382733
policy,9359,1715,1665,291.7,250133,False,False,True,False,100,-1.355173425178322
policy,9370,1717,1667,292.1,250134,False,False,False,True,11,-0.6723317419056853
policy,9470,1737,1687,295.8,250135,False,True,True,False,100,-1.4668237246014648
policy,9570,1757,1707,299.4,250136,False,False,True,False,100,-1.3208396745302795
policy,9670,1777,1727,303.1,250137,False,False,True,False,100,-1.3085573055919093
policy,9697,1783,1733,304.1,250138,False,False,False,True,27,-1.0620036605549648
policy,9797,1803,1753,307.8,250139,False,False,True,False,100,-1.5856688548095785
policy,9897,1823,1773,311.4,250140,False,False,True,False,100,-1.5739274855160934
policy,9912,1826,1776,312.0,250141,False,False,False,True,15,-0.8280761396495686
policy,10000,1843,1793,315.1,250142,False,True,False,True,88,-1.618114574660376
policy,10100,1863,1813,318.7,250143,False,False,True,False,100,-1.629651991540789
policy,10200,1883,1833,322.3,250144,False,False,True,False,100,-1.3779856797227343
policy,10258,1895,1845,324.4,250145,False,False,False,True,58,-1.0696091118314457
policy,10358,1915,1865,328.0,250146,False,False,True,False,100,-1.5933124393694442
policy,10458,1935,1885,331.5,250147,False,False,True,False,100,-1.453375780089845
policy,10499,1943,1893,332.9,250148,False,True,False,True,41,-0.9919759766029108
policy,10549,1953,1903,334.7,250149,False,False,False,True,50,-1.0833869981585391
policy,10591,1962,1912,336.4,250150,False,True,False,True,42,-1.093468509007654
policy,10691,1982,1932,340.1,250151,False,False,True,False,100,-1.5558748264794042
policy,10698,1983,1933,340.3,250152,False,False,False,True,7,-0.7000161489840578
policy,10798,2003,1953,344.0,250153,False,False,True,False,100,-1.128266455482771
policy,10898,2023,1973,347.6,250154,False,False,True,False,100,-1.309557829804041
policy,10984,2040,1990,350.7,250155,False,False,False,True,86,-1.3273395692943102
policy,11003,2044,1994,351.4,250156,False,False,False,True,19,-0.7209107164491955
policy,11103,2064,2014,354.9,250157,False,False,True,False,100,-1.4813067879709796
policy,11197,2083,2033,358.5,250158,False,False,False,True,94,-1.208236519612715
policy,11274,2098,2048,361.2,250159,False,False,False,True,77,-1.2380979420724039
policy,11374,2118,2068,364.9,250160,False,False,True,False,100,-1.4619282574322114
policy,11474,2138,2088,368.9,250161,False,False,True,False,100,-1.6573439762011613
policy,11523,2148,2098,370.7,250162,False,False,False,True,49,-1.1001327407940114
policy,11623,2168,2118,374.6,250163,False,True,True,False,100,-1.5367732074653615
policy,11634,2170,2120,374.9,250164,False,False,False,True,11,-0.8807327011551658
policy,11643,2172,2122,375.4,250165,False,False,False,True,9,-0.7699755036025628
policy,11670,2177,2127,376.3,250166,False,False,False,True,27,-0.9259936339016608
policy,11705,2184,2134,378.0,250167,False,False,False,True,35,-0.9119916461589224
policy,11738,2191,2141,379.5,250168,False,False,False,True,33,-0.8663200910937798
policy,11838,2211,2161,383.5,250169,False,False,True,False,100,-1.3836240310336856
policy,11938,2231,2181,387.1,250170,False,False,True,False,100,-1.4766369039926686
policy,11972,2238,2188,388.5,250171,False,False,False,True,34,-1.032578162586696
policy,12072,2258,2208,392.4,250172,False,False,True,False,100,-1.5403187617069776
policy,12081,2260,2210,392.8,250173,False,False,False,True,9,-0.7130869156619541
policy,12148,2273,2223,395.2,250174,False,False,False,True,67,-1.1067212972339089
policy,12161,2276,2226,395.7,250175,False,False,False,True,13,-0.9482579349804806
policy,12261,2296,2246,399.3,250176,False,False,True,False,100,-1.6895547541064173
policy,12348,2313,2263,402.4,250177,False,False,False,True,87,-1.4261819008919137
policy,12373,2318,2268,403.2,250178,False,False,False,True,25,-0.9747699952879851
policy,12392,2322,2272,403.9,250179,False,False,False,True,19,-0.958403315806518
policy,12492,2342,2292,407.5,250180,False,False,True,False,100,-1.3309589927548773
policy,12548,2353,2303,409.5,250181,False,False,False,True,56,-0.8505885806890482
policy,12561,2356,2306,410.1,250182,False,False,False,True,13,-0.8100144612631099
policy,12619,2367,2317,412.2,250183,False,False,False,True,58,-1.0680274865630541
policy,12719,2387,2337,416.1,250184,False,False,True,False,100,-1.616579375518239
policy,12777,2399,2349,418.4,250185,False,False,False,True,58,-0.850313815071168
policy,12838,2411,2361,420.8,250186,False,False,False,True,61,-1.202447522972828
policy,12938,2431,2381,424.5,250187,False,True,True,False,100,-1.5168237129629019
policy,12965,2436,2386,425.5,250188,False,True,False,True,27,-0.7452329813150282
policy,12975,2438,2388,425.8,250189,False,False,False,True,10,-0.7808624013677036
policy,13002,2444,2394,427.0,250190,False,False,False,True,27,-0.6907571637340351
policy,13102,2464,2414,430.6,250191,False,False,True,False,100,-1.4442912111795736
policy,13168,2477,2427,432.9,250192,False,False,False,True,66,-0.9664530652283627
policy,13268,2497,2447,436.5,250193,False,True,True,False,100,-1.43275961296863
policy,13303,2504,2454,437.7,250194,False,False,False,True,35,-1.0259950157197537
policy,13331,2510,2460,438.9,250195,False,False,False,True,28,-0.9310641530657776
policy,13431,2530,2480,442.5,250196,False,False,True,False,100,-1.3018066148438763
policy,13531,2550,2500,446.2,250197,False,False,True,False,100,-1.0683914708462674
policy,13631,2570,2520,450.1,250198,False,False,True,False,100,-1.0259943048516567
policy,13691,2582,2532,452.4,250199,False,False,False,True,60,-1.2759387505806203
policy,13746,2593,2543,454.5,250200,False,False,False,True,55,-0.8730845198015438
policy,13755,2594,2544,454.7,250201,False,False,False,True,9,-0.7548410185559511
policy,13855,2614,2564,458.3,250202,False,False,True,False,100,-1.6211440356610707
policy,13955,2634,2584,462.2,250203,False,False,True,False,100,-1.520609678061377
policy,14029,2649,2599,464.8,250204,False,False,False,True,74,-1.2556236696295047
policy,14129,2669,2619,468.4,250205,False,False,True,False,100,-1.481493307561057
policy,14145,2672,2622,468.9,250206,False,False,False,True,16,-0.7607718168187982
policy,14245,2692,2642,472.5,250207,False,False,True,False,100,-1.1923988625491033
policy,14260,2695,2645,473.0,250208,False,False,False,True,15,-0.7997172794047055
policy,14360,2715,2665,476.6,250209,False,False,True,False,100,-1.6092520514687054
policy,14395,2722,2672,477.9,250210,False,False,False,True,35,-0.9477770139508264
policy,14448,2733,2683,480.0,250211,False,False,False,True,53,-0.975648484902575
policy,14533,2750,2700,483.1,250212,False,False,False,True,85,-1.1972865471599259
policy,14546,2753,2703,483.6,250213,False,False,False,True,13,-0.8253637007547097
policy,14605,2764,2714,485.8,250214,False,True,False,True,59,-1.3315576906967157
policy,14705,2784,2734,489.6,250215,False,False,True,False,100,-1.5105965362314961
policy,14805,2804,2754,493.2,250216,False,False,True,False,100,-1.4805589887245003
policy,14885,2820,2770,496.0,250217,False,False,False,True,80,-1.5243290352139087
policy,14985,2840,2790,499.9,250218,False,False,True,False,100,-1.0453731529281534
policy,15085,2860,2810,503.6,250219,False,False,True,False,100,-1.520530593687857
policy,15185,2880,2830,507.2,250220,False,False,True,False,100,-1.7043445505731463
policy,15244,2892,2842,509.6,250221,False,False,False,True,59,-1.0808951391999995
policy,15316,2907,2857,512.5,250222,False,False,False,True,72,-0.9613198568191975
policy,15379,2919,2869,514.8,250223,False,False,False,True,63,-1.0676898839264244
policy,15479,2939,2889,519.0,250224,False,False,True,False,100,-1.3164200857012274
policy,15565,2956,2906,522.4,250225,False,False,False,True,86,-1.4274750390853745
policy,15586,2961,2911,523.4,250226,False,False,False,True,21,-0.9220177545624713
policy,15686,2981,2931,527.1,250227,False,False,True,False,100,-1.4011262820890216
policy,15786,3001,2951,530.7,250228,False,False,True,False,100,-1.6350746601375872
policy,15886,3021,2971,534.3,250229,False,False,True,False,100,-1.3100228162791663
policy,15986,3041,2991,538.1,250230,False,False,True,False,100,-1.3447814827412996
policy,16052,3054,3004,540.7,250231,False,False,False,True,66,-1.0261669800120021
policy,16106,3065,3015,543.0,250232,False,False,False,True,54,-1.2400723589704832
policy,16206,3085,3035,546.8,250233,False,False,True,False,100,-1.206779773435258
policy,16224,3088,3038,547.4,250234,False,False,False,True,18,-0.8534705819312771
policy,16324,3108,3058,551.5,250235,False,False,True,False,100,-1.13854983745656
policy,16424,3128,3078,555.4,250236,False,False,True,False,100,-1.2205436615803433
policy,16524,3148,3098,559.2,250237,False,False,True,False,100,-1.4431888240093294
policy,16572,3158,3108,561.1,250238,False,False,False,True,48,-0.9781581237722621
policy,16597,3163,3113,562.2,250239,False,False,False,True,25,-0.6877743027827272
policy,16697,3183,3133,566.4,250240,False,False,True,False,100,-1.503653814407325
policy,16797,3203,3153,570.3,250241,False,False,True,False,100,-1.7483711894201839
policy,16817,3207,3157,571.2,250242,False,False,False,True,20,-0.7685991704958587
policy,16917,3227,3177,575.1,250243,False,False,True,False,100,-1.5748071709236988
policy,16960,3235,3185,577.0,250244,False,False,False,True,43,-0.9338028251634323
policy,17012,3246,3196,579.4,250245,False,False,False,True,52,-1.1145021866660767
policy,17078,3259,3209,582.0,250246,False,False,False,True,66,-0.9363418239904631
policy,17178,3279,3229,585.9,250247,False,False,True,False,100,-1.4196205735802625
policy,17278,3299,3249,589.6,250248,False,False,True,False,100,-1.216634147749623
policy,17378,3319,3269,593.5,250249,False,False,True,False,100,-1.6197720108647773
policy,17478,3339,3289,597.5,250250,False,False,True,False,100,-1.4003738149408274
policy,17578,3359,3309,601.8,250251,False,False,True,False,100,-1.601792659075763
policy,17678,3379,3329,605.7,250252,False,False,True,False,100,-1.3536645741517004
policy,17702,3384,3334,606.7,250253,False,False,False,True,24,-0.782345536891258
policy,17705,3384,3334,606.7,250254,False,False,False,True,3,-0.6360765975783029
policy,17778,3399,3349,609.5,250255,False,False,False,True,73,-1.0613269156178227
policy,17878,3419,3369,613.5,250256,False,False,True,False,100,-1.1896011020377877
policy,17978,3439,3389,617.6,250257,False,False,True,False,100,-1.404212310967658
policy,18060,3455,3405,620.6,250258,False,False,False,True,82,-1.2100643176198203
policy,18136,3471,3421,623.7,250259,False,False,False,True,76,-1.3221819962703845
policy,18236,3491,3441,627.4,250260,False,False,True,False,100,-1.4141464170041624
policy,18311,3506,3456,630.3,250261,False,False,False,True,75,-1.3120858716765023
policy,18385,3520,3470,633.1,250262,False,False,False,True,74,-1.2243826811866678
policy,18485,3540,3490,636.9,250263,False,False,True,False,100,-1.3855059469466677
policy,18581,3560,3510,640.7,250264,False,False,False,True,96,-1.238952542371702
policy,18644,3572,3522,643.3,250265,False,False,False,True,63,-1.3100813975257293
policy,18653,3574,3524,643.7,250266,False,False,False,True,9,-0.9564922371350292
policy,18670,3577,3527,644.3,250267,False,False,False,True,17,-0.8441849047924082
policy,18699,3583,3533,645.4,250268,False,False,False,True,29,-0.9148731919462958
policy,18799,3603,3553,649.0,250269,False,False,True,False,100,-1.628865263158749
policy,18843,3612,3562,650.6,250270,False,False,False,True,44,-0.9215457442288282
policy,18943,3632,3582,654.6,250271,False,False,True,False,100,-1.1783032850990711
policy,18994,3642,3592,656.4,250272,False,False,False,True,51,-1.190690146914613
policy,19051,3654,3604,658.8,250273,False,True,False,True,57,-1.1194744647869008
policy,19100,3663,3613,660.6,250274,False,False,False,True,49,-0.831926736022335
policy,19144,3672,3622,662.5,250275,False,True,False,True,44,-0.9747800548923907
policy,19159,3675,3625,663.1,250276,False,False,False,True,15,-0.7096823916017183
policy,19259,3695,3645,666.8,250277,False,True,True,False,100,-1.295931263752014
policy,19359,3715,3665,670.4,250278,False,True,True,False,100,-1.8025910847553672
policy,19459,3735,3685,674.0,250279,False,False,True,False,100,-1.272897551296244
policy,19490,3741,3691,675.1,250280,False,False,False,True,31,-0.9211569653726588
policy,19590,3761,3711,678.9,250281,False,True,True,False,100,-1.4571207392988312
policy,19690,3781,3731,682.6,250282,False,False,True,False,100,-1.155818455812366
policy,19790,3801,3751,686.3,250283,False,True,True,False,100,-1.4787352212471738
policy,19890,3821,3771,690.0,250284,False,False,True,False,100,-1.62790372514564
policy,19990,3841,3791,693.7,250285,False,False,True,False,100,-1.7167593859099917
policy,20018,3847,3797,694.8,250286,False,False,False,True,28,-1.041738340985737
policy,20034,3850,3800,695.3,250287,False,False,False,True,16,-0.8766930922485704
policy,20134,3870,3820,698.9,250288,False,False,True,False,100,-1.1305964787121698
policy,20166,3877,3827,700.2,250289,False,False,False,True,32,-0.9545873475664323
policy,20266,3897,3847,703.9,250290,False,False,True,False,100,-1.4377561549296998
policy,20357,3915,3865,707.2,250291,False,False,False,True,91,-1.163225981420851
policy,20457,3935,3885,711.1,250292,False,True,True,False,100,-1.4411041657998993
policy,20557,3955,3905,715.1,250293,False,False,True,False,100,-1.2088387942359882
policy,20563,3956,3906,715.3,250294,False,False,False,True,6,-0.5748272999501909
policy,20663,3976,3926,719.1,250295,False,False,True,False,100,-1.549738183511849
policy,20704,3984,3934,720.6,250296,False,False,False,True,41,-1.0945906227346773
policy,20788,4001,3951,723.9,250297,False,False,False,True,84,-1.3368154305930307
policy,20825,4008,3958,725.2,250298,False,False,False,True,37,-1.103478006342935
policy,20925,4028,3978,729.0,250299,False,False,True,False,100,-1.2930754289295474
policy,21025,4048,3998,733.7,250300,False,False,True,False,100,-1.4204573227187687
policy,21125,4068,4018,737.9,250301,False,False,True,False,100,-1.3546644568685662
policy,21223,4088,4038,741.8,250302,False,False,False,True,98,-1.6976162839664592
policy,21275,4098,4048,743.8,250303,False,False,False,True,52,-0.8420278030102935
policy,21305,4104,4054,745.0,250304,False,False,False,True,30,-0.8061061742525795
policy,21336,4111,4061,746.5,250305,False,False,False,True,31,-0.8054273126868683
policy,21436,4131,4081,750.2,250306,False,False,True,False,100,-1.3082662009102717
policy,21460,4135,4085,751.0,250307,False,False,False,True,24,-0.8776809731818623
policy,21560,4155,4105,754.8,250308,False,False,True,False,100,-1.1146841403848033
policy,21599,4163,4113,756.4,250309,False,False,False,True,39,-0.9372417560546977
policy,21674,4178,4128,759.7,250310,False,False,False,True,75,-1.2673260600094993
policy,21708,4185,4135,761.1,250311,False,False,False,True,34,-0.8942904180893896
policy,21713,4186,4136,761.3,250312,False,False,False,True,5,-0.6340150811497716
policy,21767,4197,4147,763.3,250313,False,False,False,True,54,-0.8673491871195311
policy,21774,4198,4148,763.6,250314,False,False,False,True,7,-0.8244730934041924
policy,21859,4215,4165,766.8,250315,False,False,False,True,85,-1.1904451455503562
policy,21878,4219,4169,767.6,250316,False,False,False,True,19,-0.8944110516375222
policy,21914,4226,4176,769.0,250317,False,False,False,True,36,-0.9614900934184687
policy,21984,4240,4190,771.8,250318,False,False,False,True,70,-1.0188032837684176
policy,22028,4249,4199,773.5,250319,False,False,False,True,44,-1.092485974909809
policy,22049,4253,4203,774.3,250320,False,False,False,True,21,-0.9405850880931851
policy,22139,4271,4221,777.7,250321,False,False,False,True,90,-1.0997976250887662
policy,22167,4277,4227,778.9,250322,False,False,False,True,28,-0.8406776457988854
policy,22192,4282,4232,779.8,250323,False,False,False,True,25,-0.7949042577951175
policy,22210,4285,4235,780.4,250324,False,False,False,True,18,-0.71113395982244
policy,22243,4292,4242,781.8,250325,False,False,False,True,33,-0.7461287484783017
policy,22270,4297,4247,782.7,250326,False,False,False,True,27,-0.701302017257218
policy,22277,4299,4249,783.1,250327,False,False,False,True,7,-0.817969391712212
policy,22377,4319,4269,787.0,250328,False,False,True,False,100,-1.7196187350108656
policy,22387,4321,4271,787.4,250329,False,False,False,True,10,-0.6909319073028412
policy,22461,4336,4286,790.2,250330,False,False,False,True,74,-1.2353431686415048
policy,22560,4355,4305,793.9,250331,False,False,False,True,99,-1.4623518544587417
policy,22660,4375,4325,798.1,250332,False,False,True,False,100,-1.3319203656872105
policy,22672,4378,4328,798.7,250333,False,False,False,True,12,-0.9012052140973041
policy,22772,4398,4348,802.8,250334,False,False,True,False,100,-1.2406296274434108
policy,22872,4418,4368,806.6,250335,False,False,True,False,100,-1.1893069406104426
policy,22951,4434,4384,809.8,250336,False,True,False,True,79,-1.26174750942227
policy,23007,4445,4395,812.2,250337,False,False,False,True,56,-1.0610051452503777
policy,23071,4458,4408,814.7,250338,False,True,False,True,64,-0.9754270377145094
policy,23091,4462,4412,815.5,250339,False,False,False,True,20,-0.757224695978929
policy,23191,4482,4432,819.3,250340,False,False,True,False,100,-1.6123815563658415
policy,23197,4483,4433,819.5,250341,False,False,False,True,6,-0.890028087725744
policy,23227,4489,4439,820.7,250342,False,False,False,True,30,-0.7386645756405228
policy,23327,4509,4459,824.7,250343,False,True,True,False,100,-1.485459102472534
policy,23341,4512,4462,825.3,250344,False,False,False,True,14,-0.8409774803585702
policy,23441,4532,4482,829.1,250345,False,False,True,False,100,-1.4214881536035002
policy,23541,4552,4502,833.0,250346,False,False,True,False,100,-1.620179085978585
policy,23641,4572,4522,837.1,250347,False,False,True,False,100,-1.5866436945568971
policy,23741,4592,4542,841.2,250348,False,False,True,False,100,-1.297699234655266
policy,23841,4612,4562,845.2,250349,False,False,True,False,100,-1.3769223010589946
policy,23911,4626,4576,848.1,250350,False,False,False,True,70,-1.1219062100955446
policy,23952,4634,4584,849.8,250351,False,False,False,True,41,-0.9320980234660856
policy,23977,4639,4589,851.1,250352,False,False,False,True,25,-0.7528629468271253
policy,24077,4659,4609,855.6,250353,False,False,True,False,100,-1.343192441475288
policy,24113,4666,4616,857.1,250354,False,False,False,True,36,-1.036134009201725
policy,24201,4684,4634,860.9,250355,False,False,False,True,88,-1.1220520081883716
policy,24254,4694,4644,863.1,250356,False,False,False,True,53,-1.2919727065683855
policy,24261,4696,4646,863.5,250357,False,False,False,True,7,-0.7673473073699497
policy,24361,4716,4666,867.4,250358,False,False,True,False,100,-1.280972005178919
policy,24382,4720,4670,868.2,250359,False,False,False,True,21,-0.7960384966165681
policy,24459,4735,4685,871.1,250360,False,False,False,True,77,-1.298129592492586
policy,24558,4755,4705,875.2,250361,False,False,False,True,99,-1.2904037330517815
policy,24658,4775,4725,879.3,250362,False,True,True,False,100,-1.6806371664513433
policy,24668,4777,4727,879.7,250363,False,False,False,True,10,-0.7541064660193095
policy,24679,4779,4729,880.1,250364,False,False,False,True,11,-0.7365407542207041
policy,24716,4787,4737,881.8,250365,False,False,False,True,37,-0.8198656777406603
policy,24816,4807,4757,885.8,250366,False,False,True,False,100,-1.271249187241763
policy,24916,4827,4777,889.8,250367,False,False,True,False,100,-1.2121011602958416
policy,25016,4847,4797,893.7,250368,False,False,True,False,100,-1.4400691908347172
policy,25116,4867,4817,897.9,250369,False,True,True,False,100,-1.6742793995642877
policy,25216,4887,4837,902.4,250370,False,False,True,False,100,-1.4064140585575093
policy,25227,4889,4839,902.9,250371,False,False,False,True,11,-0.7965198690055705
policy,25258,4895,4845,904.2,250372,False,False,False,True,31,-0.9556211454248996
policy,25304,4904,4854,906.2,250373,False,False,False,True,46,-1.1148334103307964
policy,25404,4924,4874,910.8,250374,False,False,True,False,100,-1.2501151227750282
policy,25504,4944,4894,915.2,250375,False,False,True,False,100,-1.3189040004940957
policy,25604,4964,4914,919.7,250376,False,False,True,False,100,-1.2133904757929288
policy,25650,4973,4923,921.6,250377,False,False,False,True,46,-0.8424428049531667
policy,25750,4993,4943,925.7,250378,False,False,True,False,100,-1.6626404316026424
policy,25802,5004,4954,927.9,250379,False,False,False,True,52,-0.9988130964309814
policy,25902,5024,4974,932.3,250380,False,False,True,False,100,-1.3081177057618496
policy,25933,5030,4980,933.6,250381,False,False,False,True,31,-1.1195717566134609
policy,25989,5041,4991,936.1,250382,False,False,False,True,56,-0.8183822034003083
policy,26089,5061,5011,940.5,250383,False,False,True,False,100,-1.4394270665905569
policy,26189,5081,5031,944.8,250384,False,False,True,False,100,-1.3693524722162467
policy,26267,5097,5047,948.2,250385,False,False,False,True,78,-1.0044296150395187
policy,26367,5117,5067,952.5,250386,False,False,True,False,100,-1.1792179499902562
policy,26467,5137,5087,957.0,250387,False,False,True,False,100,-1.5639034246718226
policy,26513,5146,5096,958.9,250388,False,False,False,True,46,-0.8857032724120286
policy,26601,5164,5114,962.6,250389,False,False,False,True,88,-1.522281606799549
policy,26701,5184,5134,966.8,250390,False,False,True,False,100,-1.3197091952244682
policy,26717,5187,5137,967.4,250391,False,False,False,True,16,-0.8223649903353237
policy,26791,5202,5152,970.6,250392,False,True,False,True,74,-1.1720709026731604
policy,26823,5208,5158,971.9,250393,False,False,False,True,32,-0.9794882962080793
policy,26923,5228,5178,976.2,250394,False,False,True,False,100,-1.361631384389852
policy,26965,5236,5186,977.9,250395,False,False,False,True,42,-1.0291809161121968
policy,27034,5250,5200,981.1,250396,False,False,False,True,69,-1.023076321973957
policy,27134,5270,5220,985.4,250397,False,False,True,False,100,-1.5115440148112134
policy,27234,5290,5240,989.7,250398,False,False,True,False,100,-1.3168637779970205
policy,27246,5293,5243,990.4,250399,False,False,False,True,12,-0.7954476745454031
policy,27309,5305,5255,993.1,250400,False,False,False,True,63,-1.0664442538738412
policy,27401,5324,5274,997.1,250401,False,False,False,True,92,-1.2981370025268246
policy,27501,5344,5294,1001.4,250402,False,False,True,False,100,-1.0916874721091707
policy,27556,5355,5305,1003.8,250403,False,False,False,True,55,-0.9323704269592077
policy,27572,5358,5308,1004.4,250404,False,False,False,True,16,-0.7492498552521156
policy,27672,5378,5328,1008.7,250405,False,False,True,False,100,-1.3013696615661634
policy,27772,5398,5348,1013.0,250406,False,False,True,False,100,-1.3273361404513069
policy,27872,5418,5368,1017.3,250407,False,False,True,False,100,-1.2868078966513832
policy,27972,5438,5388,1021.6,250408,False,False,True,False,100,-1.3539945168103231
policy,28072,5458,5408,1025.9,250409,False,False,True,False,100,-1.4777889826614565
policy,28122,5468,5418,1028.0,250410,False,False,False,True,50,-0.990600287778168
policy,28168,5477,5427,1029.8,250411,False,False,False,True,46,-1.137092606511203
policy,28188,5481,5431,1030.7,250412,False,False,False,True,20,-0.864651053632967
policy,28288,5501,5451,1034.8,250413,False,False,True,False,100,-1.2714301092987743
policy,28388,5521,5471,1039.0,250414,False,False,True,False,100,-1.1327076608302533
policy,28488,5541,5491,1043.2,250415,False,False,True,False,100,-1.308825539491879
policy,28564,5556,5506,1046.4,250416,False,False,False,True,76,-1.1978968400850176
policy,28606,5565,5515,1048.3,250417,False,False,False,True,42,-0.8959397895616577
policy,28706,5585,5535,1052.4,250418,False,False,True,False,100,-1.6244329507018938
policy,28772,5598,5548,1055.1,250419,False,False,False,True,66,-1.3626579269717733
policy,28872,5618,5568,1059.5,250420,False,False,True,False,100,-1.461002055552685
policy,28963,5636,5586,1063.5,250421,False,False,False,True,91,-1.106296360225648
policy,29007,5645,5595,1065.5,250422,False,False,False,True,44,-0.9254228781666107
policy,29107,5665,5615,1070.1,250423,False,False,True,False,100,-1.2400073368992464
policy,29176,5679,5629,1073.1,250424,False,False,False,True,69,-1.2704367163890662
policy,29218,5687,5637,1074.8,250425,False,False,False,True,42,-0.9804196692684746
policy,29251,5694,5644,1076.3,250426,False,False,False,True,33,-1.0931454821315991
policy,29351,5714,5664,1080.4,250427,False,False,True,False,100,-1.3241535878717352
policy,29365,5716,5666,1080.8,250428,False,False,False,True,14,-0.7451361721017242
policy,29399,5723,5673,1082.3,250429,False,False,False,True,34,-0.957655886357728
policy,29499,5743,5693,1086.6,250430,False,False,True,False,100,-1.3551250696741854
policy,29541,5752,5702,1088.5,250431,False,False,False,True,42,-0.8838089016567625
policy,29641,5772,5722,1093.1,250432,False,False,True,False,100,-1.3155425956521534
policy,29741,5792,5742,1097.4,250433,False,False,True,False,100,-1.291087497036126
policy,29798,5803,5753,1099.8,250434,False,False,False,True,57,-0.9863240470209014
policy,29898,5823,5773,1103.9,250435,False,False,True,False,100,-1.1158086219715355
policy,29940,5831,5781,1105.6,250436,False,False,False,True,42,-0.9287190918766046
policy,30040,5851,5801,1109.7,250437,False,False,True,False,100,-1.077188427315563
policy,30140,5871,5821,1113.6,250438,False,False,True,False,100,-1.5296224647520522
policy,30144,5872,5822,1113.8,250439,False,False,False,True,4,-0.6276835019516015
policy,30210,5885,5835,1116.4,250440,False,False,False,True,66,-1.111845108513585
policy,30238,5891,5841,1117.6,250441,False,False,False,True,28,-0.7835883193106721
policy,30293,5902,5852,1119.9,250442,False,False,False,True,55,-1.0648841110427416
policy,30393,5922,5872,1124.1,250443,False,False,True,False,100,-1.5611735333453032
policy,30413,5926,5876,1124.9,250444,False,False,False,True,20,-0.6727003586703693
policy,30486,5941,5891,1127.9,250445,False,False,False,True,73,-1.2691444102966998
policy,30565,5956,5906,1130.8,250446,False,False,False,True,79,-1.1604873349021985
policy,30665,5976,5926,1134.8,250447,False,False,True,False,100,-1.1351189863419537
policy,30765,5996,5946,1139.0,250448,False,False,True,False,100,-1.595279846786139
policy,30828,6009,5959,1141.8,250449,False,False,False,True,63,-1.1254517120571816
policy,30851,6014,5964,1142.8,250450,False,False,False,True,23,-0.8036334258346116
policy,30950,6033,5983,1146.7,250451,False,False,False,True,99,-1.3323697897360542
policy,31050,6053,6003,1150.8,250452,False,False,True,False,100,-1.686074245372591
policy,31078,6059,6009,1152.0,250453,False,False,False,True,28,-0.9270782631573316
policy,31134,6070,6020,1154.2,250454,False,False,False,True,56,-1.070530017741926
policy,31195,6082,6032,1156.6,250455,False,False,False,True,61,-1.3067684868021125
policy,31215,6086,6036,1157.6,250456,False,False,False,True,20,-0.8260111877143261
policy,31315,6106,6056,1161.8,250457,False,False,True,False,100,-1.1510663594495654
policy,31378,6119,6069,1164.4,250458,False,False,False,True,63,-1.1624376270969476
policy,31426,6129,6079,1166.5,250459,False,False,False,True,48,-1.1566632762429432
policy,31497,6143,6093,1169.4,250460,False,False,False,True,71,-1.2267748446159121
policy,31528,6149,6099,1170.6,250461,False,False,False,True,31,-1.0249988168834792
policy,31534,6150,6100,1170.8,250462,False,False,False,True,6,-0.790425329014053
policy,31634,6170,6120,1175.2,250463,False,False,True,False,100,-1.3112594502926116
policy,31673,6178,6128,1176.9,250464,False,False,False,True,39,-1.0468387255536449
policy,31773,6198,6148,1180.9,250465,False,False,True,False,100,-1.1776726463229443
policy,31866,6217,6167,1185.1,250466,False,False,False,True,93,-1.3669968021598278
policy,31900,6223,6173,1186.4,250467,False,False,False,True,34,-1.0140446304778261
policy,31943,6232,6182,1188.3,250468,False,False,False,True,43,-1.036852686113191
policy,32043,6252,6202,1192.6,250469,False,True,True,False,100,-1.7055008300082104
policy,32059,6255,6205,1193.2,250470,False,False,False,True,16,-0.7792749855018073
policy,32159,6275,6225,1197.3,250471,False,False,True,False,100,-1.5792324895122816
policy,32245,6292,6242,1200.9,250472,False,False,False,True,86,-1.2067407262662337
policy,32276,6299,6249,1202.6,250473,False,False,False,True,31,-0.7941186807993887
policy,32352,6314,6264,1205.6,250474,False,False,False,True,76,-1.2641056393590069
policy,32452,6334,6284,1209.7,250475,False,False,True,False,100,-1.290889918598531
policy,32552,6354,6304,1213.8,250476,False,False,True,False,100,-1.4541178892824966
policy,32652,6374,6324,1218.0,250477,False,False,True,False,100,-1.1908465486672855
policy,32752,6394,6344,1222.0,250478,False,False,True,False,100,-1.3740458173557921
policy,32852,6414,6364,1226.1,250479,False,False,True,False,100,-1.4690801203615496
policy,32952,6434,6384,1230.5,250480,False,False,True,False,100,-1.4451287096823044
policy,33033,6450,6400,1233.7,250481,False,False,False,True,81,-1.3258123901887027
policy,33133,6470,6420,1237.7,250482,False,False,True,False,100,-1.5631103701489737
policy,33233,6490,6440,1241.9,250483,False,False,True,False,100,-1.433910324811749
policy,33303,6504,6454,1244.8,250484,False,False,False,True,70,-1.1617955938269457
policy,33403,6524,6474,1248.8,250485,False,False,True,False,100,-1.6485576001957936
policy,33503,6544,6494,1253.2,250486,False,False,True,False,100,-1.2626942265666212
policy,33603,6564,6514,1257.5,250487,False,True,True,False,100,-1.541309685258141
policy,33683,6580,6530,1261.1,250488,False,False,False,True,80,-1.0849582636598698
policy,33783,6600,6550,1265.1,250489,False,True,True,False,100,-1.680437289695523
policy,33830,6609,6559,1266.9,250490,False,False,False,True,47,-0.9268600679596175
policy,33858,6615,6565,1268.0,250491,False,False,False,True,28,-0.7997604068446673
policy,33929,6629,6579,1270.9,250492,False,False,False,True,71,-1.1530061879175393
policy,34029,6649,6599,1275.1,250493,False,False,True,False,100,-1.6315147623591026
policy,34122,6668,6618,1278.9,250494,False,False,False,True,93,-1.6547592468031167
policy,34222,6688,6638,1282.8,250495,False,False,True,False,100,-1.3941213338215155
policy,34273,6698,6648,1284.9,250496,False,False,False,True,51,-1.0718630048600608
policy,34373,6718,6668,1289.2,250497,False,False,True,False,100,-1.396090404170779
policy,34473,6738,6688,1293.2,250498,False,False,True,False,100,-1.4547907994190394
policy,34573,6758,6708,1297.4,250499,False,False,True,False,100,-1.5338392694884697
policy,34673,6778,6728,1301.4,250500,False,False,True,False,100,-1.551730401840917
policy,34773,6798,6748,1305.4,250501,False,True,True,False,100,-1.48550449916001
policy,34830,6809,6759,1307.5,250502,False,False,False,True,57,-1.1940886586125874
policy,34930,6829,6779,1311.6,250503,False,False,True,False,100,-1.5273124004898255
policy,34950,6833,6783,1312.3,250504,False,False,False,True,20,-0.8222731250514819
policy,35050,6853,6803,1316.6,250505,False,False,True,False,100,-1.2097465587507261
policy,35082,6860,6810,1318.1,250506,False,False,False,True,32,-1.169939381997101
policy,35133,6870,6820,1320.2,250507,False,False,False,True,51,-1.031342568733478
policy,35217,6887,6837,1323.8,250508,False,False,False,True,84,-1.421426037874454
policy,35276,6899,6849,1326.4,250509,False,False,False,True,59,-0.8932923737672989
policy,35331,6910,6860,1328.9,250510,False,False,False,True,55,-1.3837740312693199
policy,35402,6924,6874,1332.2,250511,False,False,False,True,71,-1.088935494141488
policy,35502,6944,6894,1336.2,250512,False,False,True,False,100,-1.4788034808534007
policy,35602,6964,6914,1340.2,250513,False,True,True,False,100,-1.506861984138136
policy,35622,6968,6918,1341.0,250514,False,False,False,True,20,-0.8165004855192401
policy,35721,6988,6938,1345.1,250515,False,False,False,True,99,-1.6042821741774633
policy,35813,7006,6956,1348.6,250516,False,False,False,True,92,-1.2413300880305247
policy,35848,7013,6963,1350.0,250517,False,False,False,True,35,-1.0082110114580929
policy,35919,7027,6977,1352.8,250518,False,False,False,True,71,-1.4125917469247695
policy,36019,7047,6997,1357.2,250519,False,False,True,False,100,-1.6633510321620095
policy,36119,7067,7017,1361.6,250520,False,False,True,False,100,-1.5613103862933624
policy,36219,7087,7037,1366.3,250521,False,False,True,False,100,-1.2353828880058757
policy,36278,7099,7049,1368.9,250522,False,False,False,True,59,-1.148807427126678
policy,36364,7116,7066,1372.4,250523,False,False,False,True,86,-1.4792274282117777
policy,36456,7135,7085,1376.5,250524,False,False,False,True,92,-1.220655033386518
policy,36556,7155,7105,1380.9,250525,False,False,True,False,100,-1.1440389874941617
policy,36656,7175,7125,1385.2,250526,False,False,True,False,100,-1.2728679900496644
policy,36731,7190,7140,1388.4,250527,False,False,False,True,75,-1.2041549610300453
policy,36763,7196,7146,1389.6,250528,False,False,False,True,32,-1.1506634979297319
policy,36782,7200,7150,1390.5,250529,False,False,False,True,19,-0.7637079663867391
policy,36794,7202,7152,1391.0,250530,False,False,False,True,12,-0.9196218088376347
policy,36811,7206,7156,1391.9,250531,False,False,False,True,17,-1.0246542413157846
policy,36911,7226,7176,1396.2,250532,False,False,True,False,100,-0.9953431174108059
policy,36963,7236,7186,1398.3,250533,False,False,False,True,52,-1.2366397291323772
policy,36983,7240,7190,1399.2,250534,False,False,False,True,20,-0.9428387655071117
policy,37083,7260,7210,1403.4,250535,False,False,True,False,100,-1.5236227020706887
policy,37183,7280,7230,1407.8,250536,False,False,True,False,100,-1.1955100203903468
policy,37217,7287,7237,1409.3,250537,False,False,False,True,34,-1.0006087024305832
policy,37238,7291,7241,1410.1,250538,False,False,False,True,21,-0.7076740411197855
policy,37325,7308,7258,1413.7,250539,False,False,False,True,87,-1.3610332593722956
policy,37400,7323,7273,1416.8,250540,False,False,False,True,75,-1.1172602838822736
policy,37410,7325,7275,1417.2,250541,False,False,False,True,10,-0.7797345952915087
policy,37485,7340,7290,1420.3,250542,False,False,False,True,75,-1.4516189368348065
policy,37506,7345,7295,1421.3,250543,False,False,False,True,21,-0.8181210345174637
policy,37520,7347,7297,1421.8,250544,False,False,False,True,14,-0.626564354333726
policy,37620,7367,7317,1425.8,250545,False,False,True,False,100,-1.5157635874019788
policy,37714,7386,7336,1429.7,250546,False,False,False,True,94,-1.1962489011730186
policy,37781,7400,7350,1432.7,250547,False,False,False,True,67,-1.024579436816129
policy,37869,7417,7367,1436.4,250548,False,False,False,True,88,-1.076773855507776
policy,37966,7437,7387,1440.4,250549,False,False,False,True,97,-1.2636068908437663
policy,37972,7438,7388,1440.6,250550,False,False,False,True,6,-0.6723804968277867
policy,38033,7450,7400,1442.9,250551,False,False,False,True,61,-1.116032802051554
policy,38133,7470,7420,1447.0,250552,False,True,True,False,100,-1.5255891814879585
policy,38233,7490,7440,1451.1,250553,False,False,True,False,100,-1.3091081011624248
policy,38333,7510,7460,1455.2,250554,False,False,True,False,100,-1.410417012315527
policy,38433,7530,7480,1459.4,250555,False,False,True,False,100,-1.6084119697485404
policy,38483,7540,7490,1461.5,250556,False,False,False,True,50,-0.8077260618972897
policy,38583,7560,7510,1465.5,250557,False,False,True,False,100,-1.4863809970655257
policy,38622,7568,7518,1467.1,250558,False,False,False,True,39,-0.809990958682328
policy,38722,7588,7538,1470.9,250559,False,False,True,False,100,-1.596943346535935
policy,38822,7608,7558,1474.9,250560,False,False,True,False,100,-1.2719830660787594
policy,38918,7627,7577,1478.7,250561,False,False,False,True,96,-1.3558905879850376
policy,39018,7647,7597,1482.8,250562,False,False,True,False,100,-1.628239134972068
policy,39118,7667,7617,1486.9,250563,False,False,True,False,100,-1.0419099459814032
policy,39209,7685,7635,1490.8,250564,False,False,False,True,91,-1.1749849236708645
policy,39309,7705,7655,1495.1,250565,False,False,True,False,100,-1.421301695932201
policy,39409,7725,7675,1499.1,250566,False,False,True,False,100,-1.1903588400910867
policy,39498,7743,7693,1503.4,250567,False,False,False,True,89,-1.1089810109445342
policy,39598,7763,7713,1507.7,250568,False,False,True,False,100,-1.499514355085689
policy,39628,7769,7719,1508.9,250569,False,False,False,True,30,-0.9936126395447158
policy,39639,7771,7721,1509.3,250570,False,False,False,True,11,-0.6878103507778968
policy,39739,7791,7741,1513.3,250571,False,True,True,False,100,-1.5250636354402662
policy,39746,7793,7743,1513.7,250572,False,False,False,True,7,-0.758241615969748
policy,39846,7813,7763,1517.8,250573,False,False,True,False,100,-1.2935983518517968
policy,39946,7833,7783,1521.9,250574,False,False,True,False,100,-1.5534681157846193
policy,40046,7853,7803,1526.1,250575,False,False,True,False,100,-1.3663380551086068
policy,40125,7868,7818,1529.4,250576,False,False,False,True,79,-1.0651094760080548
policy,40225,7888,7838,1533.6,250577,False,False,True,False,100,-1.2413712734388265
policy,40300,7903,7853,1536.6,250578,False,False,False,True,75,-1.256782019859802
policy,40344,7912,7862,1538.6,250579,False,False,False,True,44,-0.9800343356216978
policy,40423,7928,7878,1542.1,250580,False,False,False,True,79,-1.0786721590365507
policy,40502,7944,7894,1545.8,250581,False,False,False,True,79,-1.0844470771150885
policy,40602,7964,7914,1550.1,250582,False,False,True,False,100,-1.3678817904006477
policy,40686,7981,7931,1553.6,250583,False,False,False,True,84,-1.37604015612273
policy,40760,7995,7945,1557.4,250584,False,False,False,True,74,-1.186599930438084
policy,40860,8015,7965,1561.8,250585,False,False,True,False,100,-1.2022110265182024
policy,40960,8035,7985,1566.3,250586,False,False,True,False,100,-1.3986639385252653
policy,41060,8055,8005,1570.6,250587,False,False,True,False,100,-1.6163099137355865
policy,41160,8075,8025,1574.9,250588,False,False,True,False,100,-1.1374197333588523
policy,41260,8095,8045,1578.9,250589,False,False,True,False,100,-1.5944527438946317
policy,41343,8112,8062,1582.4,250590,False,False,False,True,83,-1.285588550004441
policy,41362,8116,8066,1583.2,250591,False,False,False,True,19,-0.8066605310081243
policy,41398,8123,8073,1584.7,250592,False,False,False,True,36,-1.0106299038759172
policy,41477,8139,8089,1588.1,250593,False,False,False,True,79,-1.338643515729099
policy,41577,8159,8109,1592.2,250594,False,False,True,False,100,-1.2165899954394206
policy,41598,8163,8113,1593.0,250595,False,False,False,True,21,-0.8819525128156886
policy,41698,8183,8133,1597.8,250596,False,False,True,False,100,-1.6484222705629656
policy,41713,8186,8136,1598.5,250597,False,False,False,True,15,-0.7848262418920161
policy,41731,8190,8140,1599.4,250598,False,False,False,True,18,-0.7306042152826636
policy,41776,8199,8149,1601.4,250599,False,False,False,True,45,-0.8375494664467167
policy,41813,8206,8156,1602.9,250600,False,False,False,True,37,-0.9167481571967947
policy,41913,8226,8176,1607.3,250601,False,True,True,False,100,-1.646856252454652
policy,41939,8231,8181,1608.3,250602,False,False,False,True,26,-0.82258596090631
policy,42039,8251,8201,1612.4,250603,False,True,True,False,100,-1.672731896411424
policy,42075,8258,8208,1613.9,250604,False,False,False,True,36,-0.747225539984351
policy,42175,8278,8228,1618.2,250605,False,False,True,False,100,-1.1798914710335673
policy,42188,8281,8231,1618.8,250606,False,False,False,True,13,-0.7795899587520541
policy,42288,8301,8251,1623.1,250607,False,False,True,False,100,-1.3111817948928168
policy,42331,8310,8260,1625.1,250608,False,False,False,True,43,-0.9210005726233268
policy,42395,8322,8272,1627.7,250609,False,False,False,True,64,-0.8619583220476669
policy,42407,8325,8275,1628.2,250610,False,False,False,True,12,-0.8224998427611963
policy,42507,8345,8295,1632.3,250611,False,False,True,False,100,-1.4865541419028225
policy,42515,8346,8296,1632.6,250612,False,False,False,True,8,-0.585469315923338
policy,42615,8366,8316,1636.7,250613,False,False,True,False,100,-1.6209896046988619
policy,42715,8386,8336,1640.7,250614,False,False,True,False,100,-1.4640524390140484
policy,42808,8405,8355,1644.4,250615,False,False,False,True,93,-1.4062070828518651
policy,42908,8425,8375,1648.2,250616,False,False,True,False,100,-1.5123810083879552
policy,42972,8438,8388,1650.7,250617,False,False,False,True,64,-1.3278727645544102
policy,43072,8458,8408,1654.7,250618,False,False,True,False,100,-1.2792491584315049
policy,43172,8478,8428,1658.8,250619,False,False,True,False,100,-1.5288044701923744
policy,43272,8498,8448,1662.9,250620,False,True,True,False,100,-1.5415241633951329
policy,43372,8518,8468,1667.3,250621,False,False,True,False,100,-1.255932922689167
policy,43472,8538,8488,1671.5,250622,False,False,True,False,100,-1.4312046884368372
policy,43572,8558,8508,1675.4,250623,False,True,True,False,100,-1.4479309028147669
policy,43672,8578,8528,1679.6,250624,False,False,True,False,100,-1.2740926970309734
policy,43768,8597,8547,1683.3,250625,False,False,False,True,96,-1.55855398216125
policy,43868,8617,8567,1687.4,250626,False,False,True,False,100,-1.5776076435071662
policy,43918,8627,8577,1689.6,250627,False,False,False,True,50,-1.1088722274686464
policy,43933,8630,8580,1690.3,250628,False,False,False,True,15,-0.7089295326294467
policy,44033,8650,8600,1694.5,250629,False,False,True,False,100,-1.4961377802105513
policy,44133,8670,8620,1698.6,250630,False,False,True,False,100,-1.2720926873208511
policy,44224,8688,8638,1702.2,250631,False,False,False,True,91,-1.318683809177061
policy,44254,8694,8644,1703.4,250632,False,False,False,True,30,-1.039586824621966
policy,44354,8714,8664,1707.2,250633,False,True,True,False,100,-1.4767944963596387
policy,44454,8734,8684,1711.1,250634,False,True,True,False,100,-1.6153940609371618
policy,44554,8754,8704,1714.9,250635,False,False,True,False,100,-1.4878120171456715
policy,44654,8774,8724,1718.9,250636,False,False,True,False,100,-1.3908341489998604
policy,44754,8794,8744,1722.9,250637,False,False,True,False,100,-1.3635395149412843
policy,44854,8814,8764,1727.0,250638,False,False,True,False,100,-1.3524830868821043
policy,44883,8820,8770,1728.2,250639,False,False,False,True,29,-0.8527771860537818
policy,44983,8840,8790,1732.2,250640,False,False,True,False,100,-1.6941166403527284
policy,44985,8840,8790,1732.2,250641,False,False,False,True,2,-0.5653502514571962
policy,45085,8860,8810,1736.2,250642,False,False,True,False,100,-1.328458632760738
policy,45185,8880,8830,1740.2,250643,False,False,True,False,100,-1.4588867633009088
policy,45285,8900,8850,1744.1,250644,False,False,True,False,100,-1.6015191100333563
policy,45385,8920,8870,1748.1,250645,False,False,True,False,100,-1.2912035144569733
policy,45462,8936,8886,1751.3,250646,False,False,False,True,77,-1.0913650998019615
policy,45562,8956,8906,1755.4,250647,False,True,True,False,100,-1.5947779925811854
policy,45627,8969,8919,1758.1,250648,False,True,False,True,65,-1.3808822177915725
policy,45727,8989,8939,1762.0,250649,False,False,True,False,100,-1.2752913756291855
policy,45827,9009,8959,1765.9,250650,False,False,True,False,100,-1.1694680391687355
policy,45831,9010,8960,1766.1,250651,False,False,False,True,4,-0.684902143225085
policy,45931,9030,8980,1770.0,250652,False,False,True,False,100,-1.282776227901557
policy,46031,9050,9000,1773.8,250653,False,True,True,False,100,-1.6796403576221504
policy,46048,9053,9003,1774.4,250654,False,False,False,True,17,-0.8242842503007688
policy,46148,9073,9023,1778.3,250655,False,False,True,False,100,-1.248538072132317
policy,46204,9084,9034,1780.6,250656,False,False,False,True,56,-0.9413285522244936
policy,46304,9104,9054,1784.5,250657,False,False,True,False,100,-1.5665008365174848
policy,46404,9124,9074,1788.7,250658,False,True,True,False,100,-1.3823717109612623
policy,46504,9144,9094,1792.7,250659,False,False,True,False,100,-1.4431148829809488
policy,46604,9164,9114,1797.0,250660,False,False,True,False,100,-1.451365524150418
policy,46704,9184,9134,1801.1,250661,False,False,True,False,100,-1.3645266944766263
policy,46804,9204,9154,1805.8,250662,False,False,True,False,100,-1.2523387541415336
policy,46904,9224,9174,1810.2,250663,False,False,True,False,100,-1.4932742710471412
policy,46922,9228,9178,1811.0,250664,False,False,False,True,18,-1.058418525975866
policy,47022,9248,9198,1815.3,250665,False,False,True,False,100,-1.5424839629754963
policy,47039,9251,9201,1815.9,250666,False,False,False,True,17,-0.7154080454816889
policy,47081,9260,9210,1817.8,250667,False,False,False,True,42,-1.1478639571071403
policy,47173,9278,9228,1821.2,250668,False,False,False,True,92,-1.2183540895944127
policy,47273,9298,9248,1825.1,250669,False,False,True,False,100,-1.2455277533977136
policy,47348,9313,9263,1828.0,250670,False,False,False,True,75,-1.3113629422805482
policy,47448,9333,9283,1832.0,250671,False,False,True,False,100,-1.456388011387743
policy,47548,9353,9303,1836.1,250672,False,True,True,False,100,-1.5147323311375351
policy,47648,9373,9323,1840.1,250673,False,False,True,False,100,-1.4153568477082303
policy,47748,9393,9343,1844.4,250674,False,True,True,False,100,-1.32075616974134
policy,47848,9413,9363,1848.4,250675,False,False,True,False,100,-1.5826148949756988
policy,47948,9433,9383,1852.3,250676,False,False,True,False,100,-1.5527036517416732
policy,48048,9453,9403,1856.1,250677,False,False,True,False,100,-1.4142906714648134
policy,48052,9454,9404,1856.3,250678,False,False,False,True,4,-0.5628788507903151
policy,48152,9474,9424,1860.3,250679,False,False,True,False,100,-1.5195911961897721
policy,48207,9485,9435,1862.6,250680,False,False,False,True,55,-1.2783279738675757
policy,48307,9505,9455,1866.7,250681,False,True,True,False,100,-1.651893478707898
policy,48407,9525,9475,1871.0,250682,False,False,True,False,100,-1.3259476936243964
policy,48469,9537,9487,1873.6,250683,False,True,False,True,62,-1.2482918578068256
policy,48537,9551,9501,1876.5,250684,False,False,False,True,68,-1.3860292455347307
policy,48627,9569,9519,1880.2,250685,False,False,False,True,90,-1.1349658988203921
policy,48676,9579,9529,1882.1,250686,False,False,False,True,49,-0.9953114048857326
policy,48776,9599,9549,1886.1,250687,False,False,True,False,100,-1.084612002790647
policy,48795,9602,9552,1886.7,250688,False,False,False,True,19,-0.8454550558191307
policy,48895,9622,9572,1890.7,250689,False,False,True,False,100,-1.3242966911906855
policy,48995,9642,9592,1894.6,250690,False,False,True,False,100,-1.7175640969698749
policy,49095,9662,9612,1898.7,250691,False,True,True,False,100,-1.5050083672376826
policy,49154,9674,9624,1901.2,250692,False,False,False,True,59,-1.4293967831212653
policy,49254,9694,9644,1905.6,250693,False,False,True,False,100,-1.2835283982550159
policy,49287,9701,9651,1907.0,250694,False,False,False,True,33,-0.8093835874328539
policy,49319,9707,9657,1908.4,250695,False,False,False,True,32,-0.7857325427339787
policy,49368,9717,9667,1910.5,250696,False,True,False,True,49,-1.1581583409772809
policy,49376,9719,9669,1910.8,250697,False,False,False,True,8,-0.8356068673932147
policy,49399,9723,9673,1911.7,250698,False,False,False,True,23,-0.796690540224416
policy,49499,9743,9693,1915.7,250699,False,False,True,False,100,-1.4456731230465865
policy,49554,9754,9704,1918.1,250700,False,False,False,True,55,-0.8991333800362075
policy,49654,9774,9724,1922.1,250701,False,False,True,False,100,-1.3911363253146838
policy,49727,9789,9739,1925.1,250702,False,False,False,True,73,-1.081550737685789
policy,49819,9807,9757,1928.8,250703,False,False,False,True,92,-1.369243289496729
policy,49893,9822,9772,1932.5,250704,False,False,False,True,74,-1.0762115998159705
policy,49940,9831,9781,1934.3,250705,False,False,False,True,47,-1.0658760356049468
policy,50040,9851,9801,1938.3,250706,False,False,True,False,100,-1.2963945727690822
policy,50140,9871,9821,1942.4,250707,False,False,True,False,100,-1.3530086371242493
policy,50178,9879,9829,1944.0,250708,False,False,False,True,38,-0.8618557592910211
policy,50278,9899,9849,1948.0,250709,False,False,True,False,100,-1.1999015805536146
policy,50378,9919,9869,1951.9,250710,False,False,True,False,100,-1.7282214762666692
policy,50478,9939,9889,1955.8,250711,False,False,True,False,100,-1.4663632474345203
policy,50517,9947,9897,1957.4,250712,False,False,False,True,39,-0.8789661386620913
policy,50582,9960,9910,1960.0,250713,False,False,False,True,65,-0.9756682217292
policy,50587,9961,9911,1960.2,250714,False,False,False,True,5,-0.6073028527711197
policy,50687,9981,9931,1964.3,250715,False,False,True,False,100,-1.4535481740523761
policy,50751,9994,9944,1966.9,250716,False,False,False,True,64,-1.2708111563693318
policy,50851,10014,9964,1971.1,250717,False,False,True,False,100,-1.2068744861569187
policy,50887,10021,9971,1972.5,250718,False,False,False,True,36,-1.2141438968473621
policy,50987,10041,9991,1976.6,250719,False,False,True,False,100,-1.3283591918505102
policy,50995,10042,9992,1976.8,250720,False,False,False,True,8,-0.6858540496482893
policy,51095,10062,10012,1980.8,250721,False,False,True,False,100,-1.1695984319422645
policy,51195,10082,10032,1984.8,250722,False,False,True,False,100,-1.5043565783232933
policy,51278,10099,10049,1988.3,250723,False,False,False,True,83,-1.2601932603427213
policy,51357,10115,10065,1991.5,250724,False,False,False,True,79,-1.3128077315103015
policy,51457,10135,10085,1995.5,250725,False,False,True,False,100,-1.3517947624629487
policy,51506,10145,10095,1997.5,250726,False,False,False,True,49,-0.8243378527579621
policy,51606,10165,10115,2001.5,250727,False,False,True,False,100,-1.3438802483041699
policy,51706,10185,10135,2005.5,250728,False,False,True,False,100,-1.3068120705464616
policy,51806,10205,10155,2009.4,250729,False,True,True,False,100,-1.5756453595018365
policy,51906,10225,10175,2013.2,250730,False,False,True,False,100,-1.3458475347964987
policy,52006,10245,10195,2017.1,250731,False,True,True,False,100,-1.586894824793696
policy,52106,10265,10215,2021.0,250732,False,False,True,False,100,-1.5394002206544286
policy,52206,10285,10235,2025.0,250733,False,False,True,False,100,-1.45040840134675
policy,52306,10305,10255,2029.0,250734,False,False,True,False,100,-1.3172955923803011
policy,52335,10310,10260,2030.1,250735,False,False,False,True,29,-0.8332501728015984
policy,52435,10330,10280,2034.2,250736,False,False,True,False,100,-1.2131258113331609
policy,52535,10350,10300,2038.0,250737,False,False,True,False,100,-1.2402622089939483
policy,52635,10370,10320,2041.9,250738,False,False,True,False,100,-1.6168864855903533
policy,52735,10390,10340,2045.8,250739,False,False,True,False,100,-1.4014494364480963
policy,52742,10392,10342,2046.2,250740,False,False,False,True,7,-0.679089495673062
policy,52842,10412,10362,2050.2,250741,False,False,True,False,100,-1.4810844329588926
policy,52923,10428,10378,2053.5,250742,False,False,False,True,81,-1.577446632678774
policy,53023,10448,10398,2057.6,250743,False,False,True,False,100,-1.5234216712599773
policy,53090,10461,10411,2060.2,250744,False,False,False,True,67,-1.2857256937855615
policy,53190,10481,10431,2064.2,250745,False,False,True,False,100,-1.3059717536131648
policy,53290,10501,10451,2068.2,250746,False,False,True,False,100,-1.6857394142999433
policy,53316,10507,10457,2069.5,250747,False,False,False,True,26,-0.8497093122765088
policy,53416,10527,10477,2073.3,250748,False,False,True,False,100,-1.5011269549025013
policy,53438,10531,10481,2074.1,250749,False,False,False,True,22,-0.6792231775845174
policy,53502,10544,10494,2076.6,250750,False,False,False,True,64,-1.05056610830942
policy,53594,10562,10512,2080.1,250751,False,False,False,True,92,-1.1138851651601294
policy,53694,10582,10532,2084.0,250752,False,False,True,False,100,-1.32130284209578
policy,53719,10587,10537,2085.0,250753,False,False,False,True,25,-1.0663036620862725
policy,53819,10607,10557,2089.1,250754,False,False,True,False,100,-1.257484495649618
policy,53914,10626,10576,2093.0,250755,False,False,False,True,95,-1.3137444430339882
policy,54014,10646,10596,2097.3,250756,False,False,True,False,100,-1.4812371023042166
policy,54114,10666,10616,2101.2,250757,False,False,True,False,100,-1.426823874384727
policy,54214,10686,10636,2105.4,250758,False,False,True,False,100,-1.4400234054656331
policy,54314,10706,10656,2109.3,250759,False,False,True,False,100,-1.5353805062883572
policy,54386,10721,10671,2112.3,250760,False,False,False,True,72,-1.3341096257888791
policy,54486,10741,10691,2116.3,250761,False,False,True,False,100,-1.379867547487157
policy,54526,10749,10699,2117.9,250762,False,False,False,True,40,-1.1148021438545992
policy,54616,10767,10717,2121.6,250763,False,False,False,True,90,-1.1844434806225363
policy,54716,10787,10737,2125.6,250764,False,False,True,False,100,-1.2533725035572827
policy,54816,10807,10757,2129.5,250765,False,False,True,False,100,-1.159851921353151
policy,54916,10827,10777,2133.3,250766,False,False,True,False,100,-1.4979486535845012
policy,55016,10847,10797,2137.2,250767,False,False,True,False,100,-1.6552676287163686
policy,55116,10867,10817,2141.3,250768,False,False,True,False,100,-1.3922109034413148
policy,55216,10887,10837,2145.6,250769,False,False,True,False,100,-1.3297841003004476
policy,55316,10907,10857,2149.7,250770,False,False,True,False,100,-1.1484385392124126
policy,55416,10927,10877,2153.7,250771,False,False,True,False,100,-1.311620482705536
policy,55516,10947,10897,2157.8,250772,False,False,True,False,100,-1.361802429761126
policy,55554,10954,10904,2159.2,250773,False,False,False,True,38,-0.8571326544033554
policy,55610,10965,10915,2161.3,250774,False,False,False,True,56,-1.0516604428890894
policy,55621,10968,10918,2161.9,250775,False,False,False,True,11,-0.7698307015481929
policy,55721,10988,10938,2165.9,250776,False,False,True,False,100,-1.5413131132737505
policy,55821,11008,10958,2170.0,250777,False,False,True,False,100,-1.5147975922618586
policy,55921,11028,10978,2174.3,250778,False,False,True,False,100,-1.243137876666729
policy,56021,11048,10998,2178.5,250779,False,False,True,False,100,-1.6072849563028377
policy,56026,11049,10999,2178.7,250780,False,False,False,True,5,-0.6946964233380831
policy,56065,11056,11006,2180.1,250781,False,False,False,True,39,-0.7894721716320616
policy,56165,11076,11026,2184.2,250782,False,False,True,False,100,-1.3670011366270503
policy,56257,11095,11045,2188.0,250783,False,False,False,True,92,-1.7232493698275817
policy,56357,11115,11065,2192.2,250784,False,False,True,False,100,-1.5626206755053764
policy,56457,11135,11085,2196.2,250785,False,False,True,False,100,-1.6563392415660687
policy,56535,11150,11100,2199.3,250786,False,False,False,True,78,-1.2132783325890488
policy,56635,11170,11120,2203.4,250787,False,False,True,False,100,-1.459378162322599
policy,56735,11190,11140,2207.5,250788,False,False,True,False,100,-1.385809066164043
policy,56755,11194,11144,2208.4,250789,False,False,False,True,20,-0.8264013742555036
policy,56855,11214,11164,2212.3,250790,False,False,True,False,100,-1.3978638793445508
policy,56955,11234,11184,2216.4,250791,False,False,True,False,100,-1.4181296090017983
policy,57055,11254,11204,2220.4,250792,False,False,True,False,100,-1.6794531754566404
policy,57155,11274,11224,2224.4,250793,False,False,True,False,100,-1.328855199458126
policy,57255,11294,11244,2228.4,250794,False,False,True,False,100,-1.2129822267713788
policy,57355,11314,11264,2232.5,250795,False,False,True,False,100,-1.594363307877482
policy,57455,11334,11284,2236.5,250796,False,False,True,False,100,-1.7006817662548142
policy,57477,11339,11289,2237.5,250797,False,False,False,True,22,-0.8285604964834956
policy,57527,11349,11299,2239.5,250798,False,True,False,True,50,-1.3259527090660117
policy,57627,11369,11319,2243.5,250799,False,False,True,False,100,-1.4390158024711306
policy,57727,11389,11339,2247.6,250800,False,False,True,False,100,-1.1915251103927569
policy,57827,11409,11359,2251.8,250801,False,False,True,False,100,-1.5282358731417471
policy,57904,11424,11374,2254.9,250802,False,False,False,True,77,-1.378578837605113
policy,58004,11444,11394,2259.1,250803,False,False,True,False,100,-1.4013459085748272
policy,58104,11464,11414,2263.0,250804,False,False,True,False,100,-1.2679057766629898
policy,58204,11484,11434,2267.0,250805,False,False,True,False,100,-1.5714254062542228
policy,58214,11486,11436,2267.5,250806,False,False,False,True,10,-0.7341525196227915
policy,58314,11506,11456,2271.6,250807,False,False,True,False,100,-1.078704547075345
policy,58414,11526,11476,2275.8,250808,False,False,True,False,100,-1.4542186358144265
policy,58510,11545,11495,2279.5,250809,False,False,False,True,96,-1.4522284990034608
policy,58609,11565,11515,2283.5,250810,False,False,False,True,99,-1.4736517032127308
policy,58667,11577,11527,2285.9,250811,False,False,False,True,58,-1.1108394324120936
policy,58703,11584,11534,2287.3,250812,False,False,False,True,36,-1.1040570576436686
policy,58803,11604,11554,2291.3,250813,False,False,True,False,100,-1.4744028721865976
policy,58853,11614,11564,2293.3,250814,False,False,False,True,50,-1.2693670198304665
policy,58953,11634,11584,2297.2,250815,False,False,True,False,100,-1.252527341772943
policy,59053,11654,11604,2301.1,250816,False,False,True,False,100,-1.4500091166429339
policy,59153,11674,11624,2305.1,250817,False,False,True,False,100,-1.2142714052945804
policy,59253,11694,11644,2309.2,250818,False,False,True,False,100,-1.5912251292263575
policy,59353,11714,11664,2313.4,250819,False,False,True,False,100,-1.2509161953682852
policy,59453,11734,11684,2317.6,250820,False,False,True,False,100,-1.4558542765917655
policy,59553,11754,11704,2321.7,250821,False,True,True,False,100,-1.1941956012457364
policy,59578,11759,11709,2322.7,250822,False,False,False,True,25,-0.8394014025336927
policy,59678,11779,11729,2326.8,250823,False,False,True,False,100,-1.6685299345947107
policy,59778,11799,11749,2330.8,250824,False,False,True,False,100,-1.4135100133753533
policy,59878,11819,11769,2334.7,250825,False,True,True,False,100,-1.5951233957693138
policy,59978,11839,11789,2338.6,250826,False,False,True,False,100,-1.3664808875548191
policy,60078,11859,11809,2342.5,250827,False,True,True,False,100,-1.363365259477209
policy,60178,11879,11829,2346.5,250828,False,True,True,False,100,-1.5129106177155305
policy,60272,11898,11848,2350.3,250829,False,False,False,True,94,-1.1628742282815523
policy,60372,11918,11868,2354.3,250830,False,False,True,False,100,-1.5418194061689978
policy,60380,11919,11869,2354.5,250831,False,False,False,True,8,-0.7465369794712952
policy,60388,11921,11871,2354.9,250832,False,False,False,True,8,-0.636898214540889
policy,60488,11941,11891,2358.9,250833,False,False,True,False,100,-1.30841197036468
policy,60494,11942,11892,2359.1,250834,False,False,False,True,6,-0.826054411112674
policy,60511,11946,11896,2359.9,250835,False,False,False,True,17,-0.7858418691121055
policy,60611,11966,11916,2363.8,250836,False,False,True,False,100,-1.2655031391205664
policy,60711,11986,11936,2367.7,250837,False,False,True,False,100,-1.2899877931567925
policy,60811,12006,11956,2371.7,250838,False,False,True,False,100,-1.335726382125262
policy,60911,12026,11976,2375.8,250839,False,False,True,False,100,-1.7730748271791748
policy,61011,12046,11996,2380.0,250840,False,False,True,False,100,-1.3290193955416774
policy,61111,12066,12016,2384.3,250841,False,False,True,False,100,-1.766681399985207
policy,61121,12068,12018,2384.7,250842,False,False,False,True,10,-0.7698888371686516
policy,61221,12088,12038,2389.1,250843,False,False,True,False,100,-1.424198153397805
policy,61321,12108,12058,2393.1,250844,False,False,True,False,100,-1.5822950191963674
policy,61333,12110,12060,2393.6,250845,False,False,False,True,12,-0.6985716514200069
policy,61433,12130,12080,2397.6,250846,False,True,True,False,100,-1.4511569811258895
policy,61533,12150,12100,2401.7,250847,False,False,True,False,100,-1.4020146205345958
policy,61578,12159,12109,2404.2,250848,False,False,False,True,45,-1.0433656842316954
policy,61625,12168,12118,2406.0,250849,False,False,False,True,47,-1.0529124850660285
policy,61725,12188,12138,2410.4,250850,False,True,True,False,100,-1.594171490529699
policy,61825,12208,12158,2414.8,250851,False,False,True,False,100,-1.2194371178541812
policy,61900,12223,12173,2418.1,250852,False,False,False,True,75,-1.1057178137804882
policy,62000,12243,12193,2422.2,250853,False,False,True,False,100,-1.7024200586286087
policy,62100,12263,12213,2426.1,250854,False,False,True,False,100,-1.05269181935414
policy,62200,12283,12233,2430.3,250855,False,False,True,False,100,-1.28598002934417
policy,62244,12292,12242,2432.1,250856,False,False,False,True,44,-1.0582830511545778
policy,62344,12312,12262,2436.5,250857,False,False,True,False,100,-1.3776521840240907
policy,62405,12324,12274,2439.1,250858,False,False,False,True,61,-1.1502742452749777
policy,62505,12344,12294,2443.3,250859,False,False,True,False,100,-1.5648333817613727
policy,62605,12364,12314,2447.5,250860,False,False,True,False,100,-1.3240404142100244
policy,62705,12384,12334,2451.6,250861,False,False,True,False,100,-1.50014840078377
policy,62801,12404,12354,2455.5,250862,False,True,False,True,96,-1.7169264428169895
policy,62901,12424,12374,2459.3,250863,False,False,True,False,100,-1.3794952156187859
policy,63001,12444,12394,2463.3,250864,False,False,True,False,100,-1.443897135799261
policy,63020,12447,12397,2463.9,250865,False,False,False,True,19,-0.8625556348922291
policy,63120,12467,12417,2468.0,250866,False,False,True,False,100,-1.1286259863080073
policy,63220,12487,12437,2472.2,250867,False,False,True,False,100,-1.4069142317303525
policy,63237,12491,12441,2473.1,250868,False,False,False,True,17,-0.6650454935831278
policy,63337,12511,12461,2477.3,250869,False,False,True,False,100,-1.6294636016556494
policy,63437,12531,12481,2481.3,250870,False,True,True,False,100,-1.3883978553039795
policy,63537,12551,12501,2485.4,250871,False,False,True,False,100,-1.4894520857023281
policy,63637,12571,12521,2489.5,250872,False,False,True,False,100,-1.6992543418605557
policy,63737,12591,12541,2493.5,250873,False,False,True,False,100,-1.381542964369637
policy,63762,12596,12546,2494.5,250874,False,False,False,True,25,-0.8837339234352937
policy,63862,12616,12566,2498.5,250875,False,False,True,False,100,-1.1787346174303002
policy,63962,12636,12586,2502.5,250876,False,False,True,False,100,-1.461901211860213
policy,64047,12653,12603,2506.0,250877,False,False,False,True,85,-1.3505652398050902
policy,64092,12662,12612,2507.9,250878,False,False,False,True,45,-0.9003504152674968
policy,64192,12682,12632,2512.1,250879,False,False,True,False,100,-1.4249007725713807
policy,64292,12702,12652,2516.1,250880,False,False,True,False,100,-1.317611931951377
policy,64392,12722,12672,2520.1,250881,False,False,True,False,100,-1.566692996259521
policy,64484,12740,12690,2523.6,250882,False,False,False,True,92,-1.0772335220762908
policy,64523,12748,12698,2525.1,250883,False,False,False,True,39,-1.0731432963422993
policy,64623,12768,12718,2529.1,250884,False,False,True,False,100,-1.3596867601433278
policy,64723,12788,12738,2533.8,250885,False,False,True,False,100,-1.0948740852442544
policy,64823,12808,12758,2537.9,250886,False,True,True,False,100,-1.7413344695095727
policy,64923,12828,12778,2542.2,250887,False,False,True,False,100,-1.595565825385987
policy,65023,12848,12798,2546.3,250888,False,False,True,False,100,-1.5057798466201915
policy,65112,12866,12816,2549.9,250889,False,True,False,True,89,-1.4476219562178823
policy,65212,12886,12836,2553.9,250890,False,True,True,False,100,-1.4462730665089645
policy,65312,12906,12856,2557.9,250891,False,False,True,False,100,-1.384872169747614
policy,65408,12925,12875,2561.7,250892,False,False,False,True,96,-1.2514441724494652
policy,65473,12938,12888,2564.4,250893,False,False,False,True,65,-1.0641759980496446
policy,65573,12958,12908,2568.5,250894,False,False,True,False,100,-1.3102467417165462
policy,65673,12978,12928,2572.5,250895,False,False,True,False,100,-1.582332405514506
policy,65773,12998,12948,2576.6,250896,False,False,True,False,100,-1.7315322328428895
policy,65873,13018,12968,2580.6,250897,False,False,True,False,100,-1.3642497344661666
policy,65973,13038,12988,2584.6,250898,False,False,True,False,100,-1.381392079218422
policy,66027,13049,12999,2586.8,250899,False,False,False,True,54,-0.8857034811032036
policy,66127,13069,13019,2590.8,250900,False,True,True,False,100,-1.314289068170301
policy,66139,13071,13021,2591.2,250901,False,False,False,True,12,-0.6020710026664255
policy,66239,13091,13041,2595.0,250902,False,False,True,False,100,-1.4177698342238592
policy,66313,13106,13056,2597.9,250903,False,False,False,True,74,-1.2279227601278224
policy,66413,13126,13076,2601.8,250904,False,False,True,False,100,-1.260127259554301
policy,66465,13136,13086,2603.8,250905,False,False,False,True,52,-1.0210714376440209
policy,66565,13156,13106,2607.7,250906,False,False,True,False,100,-1.4175411561864584
policy,66626,13169,13119,2610.3,250907,False,False,False,True,61,-1.2851228701068638
policy,66726,13189,13139,2614.4,250908,False,False,True,False,100,-1.5397207371198056
policy,66826,13209,13159,2618.4,250909,False,False,True,False,100,-1.4818676558965043
policy,66926,13229,13179,2622.3,250910,False,False,True,False,100,-1.2293306961555075
policy,67026,13249,13199,2626.3,250911,False,False,True,False,100,-1.4816043971049415
policy,67126,13269,13219,2630.3,250912,False,True,True,False,100,-1.4573696284561972
policy,67226,13289,13239,2634.4,250913,False,False,True,False,100,-1.5415541577764449
policy,67326,13309,13259,2638.5,250914,False,False,True,False,100,-1.7237098537180038
policy,67390,13321,13271,2640.9,250915,False,False,False,True,64,-0.9133251817989612
policy,67475,13338,13288,2644.3,250916,False,False,False,True,85,-1.2783478680659524
policy,67575,13358,13308,2648.2,250917,False,True,True,False,100,-1.5256919974234058
policy,67675,13378,13328,2652.1,250918,False,False,True,False,100,-1.0862676550804773
policy,67775,13398,13348,2655.9,250919,False,False,True,False,100,-1.635691070326474
policy,67875,13418,13368,2659.8,250920,False,False,True,False,100,-1.7676860467120894
policy,67885,13420,13370,2660.2,250921,False,False,False,True,10,-0.7348931121223246
policy,67966,13437,13387,2663.7,250922,False,False,False,True,81,-1.1336897647305504
policy,68066,13457,13407,2667.7,250923,False,True,True,False,100,-1.5347434995078
policy,68166,13477,13427,2671.5,250924,False,False,True,False,100,-1.4172769398724447
policy,68189,13481,13431,2672.3,250925,False,False,False,True,23,-0.9681620869443153
policy,68258,13495,13445,2674.9,250926,False,False,False,True,69,-1.1281809132427028
policy,68358,13515,13465,2678.8,250927,False,True,True,False,100,-1.4589181730880325
policy,68411,13526,13476,2681.0,250928,False,True,False,True,53,-1.0190992218476633
policy,68481,13540,13490,2683.8,250929,False,False,False,True,70,-1.1854157622140913
policy,68507,13545,13495,2684.8,250930,False,False,False,True,26,-0.9034906997828751
policy,68607,13565,13515,2688.9,250931,False,False,True,False,100,-1.2084374272216036
policy,68707,13585,13535,2692.9,250932,False,False,True,False,100,-1.431653084725534
policy,68807,13605,13555,2696.7,250933,False,False,True,False,100,-1.5232063646036091
policy,68837,13611,13561,2697.8,250934,False,False,False,True,30,-0.9000816877862292
policy,68937,13631,13581,2701.7,250935,False,False,True,False,100,-1.3911777968965031
policy,69037,13651,13601,2706.0,250936,False,False,True,False,100,-1.423550396985985
policy,69118,13667,13617,2709.3,250937,False,False,False,True,81,-1.241445215551563
policy,69218,13687,13637,2713.4,250938,False,False,True,False,100,-1.524011169398083
policy,69318,13707,13657,2717.7,250939,False,False,True,False,100,-1.3129484515426935
policy,69418,13727,13677,2721.9,250940,False,False,True,False,100,-1.2015647145092268
policy,69512,13746,13696,2725.7,250941,False,False,False,True,94,-1.2238353299481806
policy,69612,13766,13716,2729.6,250942,False,False,True,False,100,-1.1148503875160778
policy,69712,13786,13736,2733.6,250943,False,False,True,False,100,-1.5980805770520672
policy,69812,13806,13756,2737.7,250944,False,False,True,False,100,-1.5884089096631708
policy,69885,13820,13770,2740.5,250945,True,True,False,False,73,0.6035301271724869
policy,69985,13840,13790,2744.7,250946,False,False,True,False,100,-1.520835800313884
policy,70072,13858,13808,2748.6,250947,False,False,False,True,87,-1.3489784531510756
policy,70172,13878,13828,2752.7,250948,False,False,True,False,100,-1.1862182827395225
policy,70272,13898,13848,2756.6,250949,False,False,True,False,100,-1.284210298145759
policy,70372,13918,13868,2760.4,250950,False,True,True,False,100,-1.4846911514083914
policy,70472,13938,13888,2764.3,250951,False,True,True,False,100,-1.535253377326316
policy,70493,13942,13892,2765.1,250952,False,False,False,True,21,-0.6959314462903539
policy,70593,13962,13912,2769.1,250953,False,False,True,False,100,-1.4307435583781198
policy,70693,13982,13932,2773.2,250954,False,False,True,False,100,-1.3745119634424494
policy,70793,14002,13952,2777.4,250955,False,False,True,False,100,-1.5827337124578307
policy,70893,14022,13972,2781.5,250956,False,False,True,False,100,-1.2392641694093436
policy,70993,14042,13992,2785.7,250957,False,False,True,False,100,-1.2993816566811436
policy,71093,14062,14012,2789.8,250958,False,False,True,False,100,-1.4094078309114324
policy,71193,14082,14032,2793.8,250959,False,False,True,False,100,-1.4169372226246115
policy,71293,14102,14052,2797.7,250960,False,False,True,False,100,-1.5030129032641049
policy,71364,14116,14066,2800.7,250961,True,True,False,False,71,0.6209205323250768
policy,71464,14136,14086,2804.7,250962,False,False,True,False,100,-1.4209373200805904
policy,71561,14156,14106,2808.8,250963,False,True,False,True,97,-1.599347478496788
policy,71661,14176,14126,2812.7,250964,False,False,True,False,100,-1.5664467378207738
policy,71761,14196,14146,2816.7,250965,False,False,True,False,100,-1.3623884642509905
policy,71794,14202,14152,2817.9,250966,False,False,False,True,33,-0.7414617624768333
policy,71894,14222,14172,2821.9,250967,False,False,True,False,100,-1.4489330113303058
policy,71923,14228,14178,2823.1,250968,False,False,False,True,29,-1.0241320598850454
policy,72023,14248,14198,2827.6,250969,False,False,True,False,100,-1.2627605485776983
policy,72084,14260,14210,2830.2,250970,False,False,False,True,61,-1.219013067643445
policy,72184,14280,14230,2834.3,250971,False,False,True,False,100,-1.4362103250809009
policy,72284,14300,14250,2838.4,250972,False,False,True,False,100,-1.357507221312678
policy,72384,14320,14270,2842.5,250973,False,False,True,False,100,-1.4802941633379496
policy,72467,14337,14287,2846.0,250974,False,False,False,True,83,-1.4024342021461509
policy,72567,14357,14307,2850.3,250975,False,False,True,False,100,-1.4993656055995812
policy,72667,14377,14327,2854.5,250976,False,False,True,False,100,-1.5062235951837133
policy,72767,14397,14347,2858.8,250977,False,False,True,False,100,-1.410716654208851
policy,72867,14417,14367,2863.0,250978,False,False,True,False,100,-1.4203918225510066
policy,72907,14425,14375,2864.7,250979,False,False,False,True,40,-1.1272935661787442
policy,73007,14445,14395,2868.8,250980,False,False,True,False,100,-1.261586108692756
policy,73107,14465,14415,2872.9,250981,False,True,True,False,100,-1.6776721632664735
policy,73207,14485,14435,2877.1,250982,False,False,True,False,100,-1.2907830072706725
policy,73307,14505,14455,2881.2,250983,False,False,True,False,100,-1.6126337139607332
policy,73407,14525,14475,2885.4,250984,False,False,True,False,100,-1.6490071013388359
policy,73507,14545,14495,2889.8,250985,False,False,True,False,100,-1.5297665999607248
policy,73607,14565,14515,2894.0,250986,False,False,True,False,100,-1.3720725451747815
policy,73707,14585,14535,2898.1,250987,False,False,True,False,100,-1.3778692498157383
policy,73802,14604,14554,2902.0,250988,True,True,False,False,95,0.4944655641469412
policy,73831,14610,14560,2903.2,250989,False,False,False,True,29,-0.9104449456555407
policy,73931,14630,14580,2907.4,250990,False,False,True,False,100,-1.8062955110906316
policy,74031,14650,14600,2911.7,250991,False,False,True,False,100,-1.22412957565758
policy,74131,14670,14620,2916.0,250992,False,False,True,False,100,-1.3243692104473936
policy,74190,14681,14631,2918.5,250993,False,False,False,True,59,-1.2089188544773941
policy,74203,14684,14634,2919.2,250994,False,False,False,True,13,-0.6083613090810311
policy,74303,14704,14654,2923.8,250995,False,False,True,False,100,-1.4099928352109363
policy,74403,14724,14674,2928.0,250996,False,False,True,False,100,-1.3232111717152077
policy,74412,14726,14676,2928.4,250997,False,False,False,True,9,-0.7813000421557409
policy,74505,14744,14694,2932.0,250998,False,False,False,True,93,-1.3310694326124928
policy,74526,14749,14699,2933.0,250999,False,False,False,True,21,-0.9930152251399902
policy,74549,14753,14703,2933.9,251000,False,False,False,True,23,-0.889697930370683
policy,74649,14773,14723,2938.0,251001,False,False,True,False,100,-1.5105317311832773
policy,74738,14791,14741,2941.9,251002,False,False,False,True,89,-1.431382445176725
policy,74838,14811,14761,2946.3,251003,False,False,True,False,100,-1.7691252069738654
policy,74938,14831,14781,2950.8,251004,False,False,True,False,100,-1.561144867769831
policy,75038,14851,14801,2955.4,251005,False,False,True,False,100,-1.1881585605602625
policy,75138,14871,14821,2959.7,251006,False,False,True,False,100,-1.4257564618697192
policy,75238,14891,14841,2963.9,251007,False,False,True,False,100,-1.3122672313154018
policy,75338,14911,14861,2968.2,251008,False,False,True,False,100,-1.1642394919024825
policy,75411,14926,14876,2971.6,251009,False,False,False,True,73,-1.3084646065979064
policy,75511,14946,14896,2976.1,251010,False,False,True,False,100,-1.287996015852348
policy,75611,14966,14916,2980.9,251011,False,False,True,False,100,-1.7245486553068807
policy,75679,14979,14929,2983.7,251012,False,False,False,True,68,-1.3341829011700586
policy,75779,14999,14949,2988.1,251013,False,False,True,False,100,-1.433248539096476
policy,75879,15019,14969,2992.3,251014,False,False,True,False,100,-1.2343528540944473
policy,75979,15039,14989,2996.5,251015,False,False,True,False,100,-1.5373067172308863
policy,76079,15059,15009,3000.9,251016,False,False,True,False,100,-1.1975639485570262
policy,76179,15079,15029,3005.8,251017,False,False,True,False,100,-1.233908440972905
policy,76279,15099,15049,3010.1,251018,False,False,True,False,100,-1.3398080740457263
policy,76379,15119,15069,3014.5,251019,False,True,True,False,100,-1.637187007288972
policy,76450,15133,15083,3017.7,251020,False,False,False,True,71,-1.148081138529435
policy,76465,15136,15086,3018.3,251021,False,False,False,True,15,-0.7366395332805311
policy,76565,15156,15106,3022.5,251022,False,True,True,False,100,-1.4213746654251467
policy,76665,15176,15126,3026.7,251023,False,False,True,False,100,-1.5397094647462382
policy,76670,15177,15127,3026.9,251024,False,False,False,True,5,-0.768492760576015
policy,76770,15197,15147,3031.1,251025,False,False,True,False,100,-1.3961467694238507
policy,76870,15217,15167,3035.3,251026,False,True,True,False,100,-1.5683658509103258
policy,76970,15237,15187,3039.7,251027,False,True,True,False,100,-1.5946068744880524
policy,77050,15253,15203,3043.2,251028,False,False,False,True,80,-1.2664423128992777
policy,77106,15265,15215,3045.9,251029,False,False,False,True,56,-1.0701474010175065
policy,77206,15285,15235,3050.2,251030,False,True,True,False,100,-1.3662039140169064
policy,77306,15305,15255,3055.0,251031,False,False,True,False,100,-1.2714153187625463
policy,77406,15325,15275,3059.1,251032,False,False,True,False,100,-1.4632048286124497
policy,77472,15338,15288,3061.7,251033,False,False,False,True,66,-1.102912685788237
policy,77572,15358,15308,3065.6,251034,False,False,True,False,100,-1.4905309498599952
policy,77635,15370,15320,3067.9,251035,False,False,False,True,63,-1.085042272225424
policy,77720,15387,15337,3071.6,251036,False,False,False,True,85,-1.3948429308262216
policy,77820,15407,15357,3075.8,251037,False,False,True,False,100,-1.4946688626013396
policy,77920,15427,15377,3080.0,251038,False,False,True,False,100,-1.3671355724769498
policy,78020,15447,15397,3084.3,251039,False,False,True,False,100,-1.3337857822891124
policy,78120,15467,15417,3088.4,251040,False,False,True,False,100,-1.2175970560410718
policy,78220,15487,15437,3092.4,251041,False,False,True,False,100,-1.4829882017093698
policy,78320,15507,15457,3096.3,251042,False,False,True,False,100,-1.803703141383724
policy,78335,15510,15460,3096.9,251043,False,False,False,True,15,-0.7619252409473047
policy,78435,15530,15480,3101.0,251044,False,False,True,False,100,-1.419495783033272
policy,78523,15548,15498,3104.8,251045,False,False,False,True,88,-1.3153596901135571
policy,78569,15557,15507,3106.7,251046,False,False,False,True,46,-1.1281427222318774
policy,78630,15569,15519,3109.3,251047,False,False,False,True,61,-1.1949624857263674
policy,78730,15589,15539,3113.7,251048,False,True,True,False,100,-1.7040313569237653
policy,78830,15609,15559,3117.9,251049,False,False,True,False,100,-1.1179335397812662
policy,78930,15629,15579,3122.1,251050,False,False,True,False,100,-1.3899253759278967
policy,79030,15649,15599,3126.1,251051,False,True,True,False,100,-1.4790959674391644
policy,79130,15669,15619,3130.6,251052,False,False,True,False,100,-1.3407212074350763
policy,79230,15689,15639,3134.7,251053,False,False,True,False,100,-1.5281486530103305
policy,79324,15708,15658,3138.7,251054,False,False,False,True,94,-1.352516984909423
policy,79424,15728,15678,3142.8,251055,False,False,True,False,100,-1.2681313724372953
policy,79493,15742,15692,3145.8,251056,False,False,False,True,69,-1.3527364115620273
policy,79593,15762,15712,3150.0,251057,False,False,True,False,100,-1.2070365313890101
policy,79622,15768,15718,3151.3,251058,False,False,False,True,29,-0.8570210267594589
policy,79722,15788,15738,3155.5,251059,False,True,True,False,100,-1.7408524386466038
policy,79822,15808,15758,3159.8,251060,False,False,True,False,100,-1.3052612090517872
policy,79922,15828,15778,3163.9,251061,False,False,True,False,100,-1.369117167156743
policy,80022,15848,15798,3168.0,251062,False,False,True,False,100,-1.138038661056551
policy,80122,15868,15818,3172.2,251063,False,False,True,False,100,-1.4283888795255686
policy,80222,15888,15838,3176.5,251064,False,False,True,False,100,-1.3077963026346762
policy,80292,15902,15852,3179.3,251065,False,False,False,True,70,-1.2045889099327498
policy,80392,15922,15872,3183.5,251066,False,False,True,False,100,-1.5164218937566654
policy,80492,15942,15892,3187.7,251067,False,True,True,False,100,-1.24019484679865
policy,80592,15962,15912,3192.2,251068,False,False,True,False,100,-1.5138044273075746
policy,80692,15982,15932,3196.4,251069,False,True,True,False,100,-1.6706430907632823
policy,80792,16002,15952,3200.6,251070,False,False,True,False,100,-1.1980524733389788
policy,80887,16021,15971,3204.8,251071,False,False,False,True,95,-1.166541109842569
policy,80952,16034,15984,3207.6,251072,False,False,False,True,65,-0.9717264216187503
policy,81052,16054,16004,3211.9,251073,False,False,True,False,100,-1.387206860662935
policy,81152,16074,16024,3216.0,251074,False,False,True,False,100,-1.3896526717645858
policy,81252,16094,16044,3220.1,251075,False,False,True,False,100,-1.4940856882168458
policy,81352,16114,16064,3224.3,251076,False,False,True,False,100,-1.310910199576002
policy,81449,16133,16083,3228.3,251077,False,False,False,True,97,-1.3391449777648474
policy,81549,16153,16103,3232.4,251078,False,False,True,False,100,-1.3823496599594007
policy,81577,16159,16109,3233.6,251079,False,False,False,True,28,-0.9868673569672772
policy,81667,16177,16127,3237.4,251080,False,False,False,True,90,-1.3941110748888865
policy,81747,16193,16143,3240.8,251081,False,True,False,True,80,-1.463583008901745
policy,81847,16213,16163,3244.9,251082,False,False,True,False,100,-1.4674966911810674
policy,81947,16233,16183,3248.9,251083,False,False,True,False,100,-1.330073377764474
policy,82037,16251,16201,3252.5,251084,False,False,False,True,90,-1.2881971859041799
policy,82130,16269,16219,3256.1,251085,False,True,False,True,93,-1.3864171911412801
policy,82230,16289,16239,3260.2,251086,False,False,True,False,100,-1.4726143713039264
policy,82244,16292,16242,3260.8,251087,False,False,False,True,14,-0.6648251528185851
policy,82344,16312,16262,3265.0,251088,False,False,True,False,100,-1.533352582659774
policy,82444,16332,16282,3269.1,251089,False,False,True,False,100,-1.3099782691777477
policy,82479,16339,16289,3270.5,251090,False,False,False,True,35,-0.96664245347627
policy,82579,16359,16309,3274.7,251091,False,False,True,False,100,-1.377278911788723
policy,82679,16379,16329,3278.9,251092,False,False,True,False,100,-1.68012059236851
policy,82692,16382,16332,3279.5,251093,False,False,False,True,13,-0.6358716540280862
policy,82711,16386,16336,3280.3,251094,False,False,False,True,19,-0.8445607075161846
policy,82751,16394,16344,3281.9,251095,False,False,False,True,40,-0.9393716210033711
policy,82816,16407,16357,3284.7,251096,False,True,False,True,65,-1.0823742566316223
policy,82916,16427,16377,3288.8,251097,False,False,True,False,100,-1.4476774625934943
policy,82958,16435,16385,3290.4,251098,True,True,False,False,42,0.7349154405317317
policy,83058,16455,16405,3294.8,251099,False,False,True,False,100,-1.5185391495660503
policy,83158,16475,16425,3299.1,251100,False,True,True,False,100,-1.3460167953532636
policy,83258,16495,16445,3303.5,251101,False,False,True,False,100,-1.3618972593880303
policy,83358,16515,16465,3308.3,251102,False,True,True,False,100,-1.5279988352870595
policy,83388,16521,16471,3309.5,251103,False,False,False,True,30,-0.9090633422925274
policy,83406,16525,16475,3310.4,251104,False,False,False,True,18,-0.8497516330867676
policy,83506,16545,16495,3314.5,251105,False,False,True,False,100,-1.4536275411132387
policy,83606,16565,16515,3318.5,251106,False,False,True,False,100,-1.347910792427721
policy,83706,16585,16535,3322.6,251107,False,False,True,False,100,-1.4257842980491606
policy,83793,16602,16552,3326.2,251108,False,True,False,True,87,-1.2538133275278829
policy,83874,16618,16568,3329.5,251109,False,False,False,True,81,-1.215497743236197
policy,83974,16638,16588,3333.9,251110,False,False,True,False,100,-1.2585796324020373
policy,84062,16656,16606,3337.6,251111,False,False,False,True,88,-1.3905929422179943
policy,84162,16676,16626,3341.7,251112,False,False,True,False,100,-1.5052068707210522
policy,84262,16696,16646,3345.9,251113,False,False,True,False,100,-1.4548682893064742
policy,84362,16716,16666,3350.0,251114,False,False,True,False,100,-1.63580917167633
policy,84462,16736,16686,3354.2,251115,False,False,True,False,100,-1.6601790238472807
policy,84562,16756,16706,3358.4,251116,False,False,True,False,100,-1.5328117754472852
policy,84567,16757,16707,3358.6,251117,False,False,False,True,5,-0.6829094961201381
policy,84667,16777,16727,3362.8,251118,False,False,True,False,100,-1.1914743185445231
policy,84767,16797,16747,3366.9,251119,False,False,True,False,100,-1.3928340165570932
policy,84817,16807,16757,3368.9,251120,False,False,False,True,50,-1.0745476045197526
policy,84880,16819,16769,3371.4,251121,False,False,False,True,63,-1.3525321754985011
policy,84980,16839,16789,3375.7,251122,False,True,True,False,100,-1.7439607654604306
policy,85003,16844,16794,3376.7,251123,False,False,False,True,23,-0.7698390809387943
policy,85054,16854,16804,3378.8,251124,False,False,False,True,51,-0.8777542582180207
policy,85070,16857,16807,3379.4,251125,False,False,False,True,16,-0.8937556808402578
policy,85170,16877,16827,3383.5,251126,False,False,True,False,100,-1.4664888507076186
policy,85270,16897,16847,3387.9,251127,False,False,True,False,100,-1.2729329021845952
policy,85370,16917,16867,3392.2,251128,False,False,True,False,100,-1.3725736101075043
policy,85470,16937,16887,3396.6,251129,False,False,True,False,100,-1.4604656184491374
policy,85529,16949,16899,3398.9,251130,False,False,False,True,59,-0.9775060137337391
policy,85629,16969,16919,3403.4,251131,False,False,True,False,100,-1.3000451712399115
policy,85667,16977,16927,3405.4,251132,False,False,False,True,38,-0.8283540869665804
policy,85767,16997,16947,3409.7,251133,False,True,True,False,100,-1.6515113029136925
policy,85806,17005,16955,3411.4,251134,False,False,False,True,39,-1.1773338712823085
policy,85906,17025,16975,3415.6,251135,False,False,True,False,100,-1.571012516170072
policy,85951,17034,16984,3417.5,251136,False,False,False,True,45,-1.1422264955406853
policy,85975,17038,16988,3418.3,251137,False,False,False,True,24,-0.7483750978498113
policy,86038,17051,17001,3421.1,251138,False,False,False,True,63,-1.0050015028237995
policy,86138,17071,17021,3425.4,251139,False,False,True,False,100,-1.171750319958685
policy,86238,17091,17041,3429.7,251140,False,False,True,False,100,-1.351163231063775
policy,86296,17103,17053,3432.4,251141,False,False,False,True,58,-1.0023486744816819
policy,86396,17123,17073,3436.8,251142,False,False,True,False,100,-1.6230815373194751
policy,86496,17143,17093,3440.9,251143,False,False,True,False,100,-1.7755138014550824
policy,86596,17163,17113,3445.0,251144,False,False,True,False,100,-1.4017745221443572
policy,86696,17183,17133,3449.0,251145,False,False,True,False,100,-1.6140579290444363
policy,86776,17199,17149,3452.3,251146,False,False,False,True,80,-1.3243127583274514
policy,86876,17219,17169,3456.6,251147,False,False,True,False,100,-1.569760111520725
policy,86976,17239,17189,3460.9,251148,False,True,True,False,100,-1.6964330142207125
policy,87076,17259,17209,3465.3,251149,False,False,True,False,100,-1.465483105249485
policy,87176,17279,17229,3469.8,251150,False,False,True,False,100,-1.492463666927235
policy,87276,17299,17249,3474.0,251151,False,False,True,False,100,-1.2811364481823113
policy,87376,17319,17269,3478.1,251152,False,False,True,False,100,-1.1233198332201406
policy,87476,17339,17289,3482.3,251153,False,False,True,False,100,-1.1703398178005868
policy,87562,17356,17306,3485.8,251154,False,False,False,True,86,-1.1924312327226065
policy,87662,17376,17326,3490.1,251155,False,True,True,False,100,-1.3418968537314102
policy,87740,17391,17341,3493.3,251156,False,True,False,True,78,-1.2203676038203477
policy,87840,17411,17361,3497.8,251157,False,True,True,False,100,-1.7370959782437523
policy,87940,17431,17381,3502.1,251158,False,False,True,False,100,-1.3453455947198698
policy,88040,17451,17401,3506.3,251159,False,False,True,False,100,-1.328835043998974
policy,88140,17471,17421,3510.5,251160,False,True,True,False,100,-1.6421780156588033
policy,88240,17491,17441,3514.6,251161,False,True,True,False,100,-1.6277554547714193
policy,88340,17511,17461,3518.8,251162,False,False,True,False,100,-1.4927159549143612
policy,88440,17531,17481,3523.0,251163,False,False,True,False,100,-1.3227128096834824
policy,88540,17551,17501,3527.3,251164,False,False,True,False,100,-1.8152083741716525
policy,88640,17571,17521,3531.7,251165,False,False,True,False,100,-1.6134234962696987
policy,88740,17591,17541,3535.9,251166,False,False,True,False,100,-1.6079996450660488
policy,88793,17602,17552,3538.2,251167,False,False,False,True,53,-1.2591940135687416
policy,88872,17618,17568,3541.6,251168,False,False,False,True,79,-1.3559491798834822
policy,88972,17638,17588,3545.7,251169,False,False,True,False,100,-1.2789910917810166
policy,89072,17658,17608,3550.0,251170,False,False,True,False,100,-1.4808753620939765
policy,89097,17663,17613,3551.2,251171,False,False,False,True,25,-0.8557855377274252
policy,89197,17683,17633,3555.6,251172,False,False,True,False,100,-1.2341346606824128
policy,89297,17703,17653,3560.0,251173,False,False,True,False,100,-1.646541551431663
policy,89397,17723,17673,3564.4,251174,False,True,True,False,100,-1.4378559590580964
policy,89469,17737,17687,3567.7,251175,False,False,False,True,72,-1.071463662863219
policy,89569,17757,17707,3572.2,251176,False,False,True,False,100,-1.508427080653345
policy,89669,17777,17727,3576.6,251177,False,True,True,False,100,-1.6803008451740273
policy,89769,17797,17747,3580.9,251178,False,False,True,False,100,-1.1762260511412994
policy,89869,17817,17767,3585.0,251179,False,False,True,False,100,-1.34707607024917
policy,89944,17832,17782,3588.2,251180,False,True,False,True,75,-1.2544056332088624
policy,89993,17842,17792,3590.4,251181,False,False,False,True,49,-0.9264320017512616
policy,90093,17862,17812,3595.0,251182,False,False,True,False,100,-1.1721835718664433
policy,90140,17871,17821,3597.0,251183,False,False,False,True,47,-0.9804280936877404
policy,90214,17886,17836,3600.2,251184,False,False,False,True,74,-1.1601107401606656
policy,90314,17906,17856,3604.4,251185,False,False,True,False,100,-1.3698172943658684
policy,90414,17926,17876,3609.1,251186,False,False,True,False,100,-1.4328279601863545
policy,90514,17946,17896,3613.2,251187,False,False,True,False,100,-1.3517777274215912
policy,90614,17966,17916,3617.3,251188,False,True,True,False,100,-1.6881051142634096
policy,90714,17986,17936,3621.3,251189,False,False,True,False,100,-1.780660909195408
policy,90814,18006,17956,3625.2,251190,False,False,True,False,100,-1.4488929199262768
policy,90886,18021,17971,3628.3,251191,False,False,False,True,72,-1.097964418235869
policy,90971,18038,17988,3631.8,251192,False,False,False,True,85,-1.1311485993142987
policy,91071,18058,18008,3635.8,251193,False,False,True,False,100,-1.398275993252339
policy,91170,18077,18027,3639.8,251194,False,False,False,True,99,-1.1923932808202364
policy,91177,18079,18029,3640.3,251195,False,False,False,True,7,-0.8063807419356586
policy,91277,18099,18049,3644.7,251196,False,False,True,False,100,-1.3909213976427774
policy,91320,18107,18057,3646.6,251197,False,False,False,True,43,-1.0028172559569908
policy,91420,18127,18077,3650.9,251198,False,True,True,False,100,-1.5498087858354783
policy,91469,18137,18087,3652.9,251199,False,False,False,True,49,-0.8913301982257763
policy,91569,18157,18107,3657.1,251200,False,False,True,False,100,-1.1664423342584094
policy,91669,18177,18127,3661.5,251201,False,False,True,False,100,-1.6185733084215648
policy,91762,18196,18146,3665.5,251202,False,False,False,True,93,-1.5582777488761757
policy,91862,18216,18166,3669.9,251203,False,False,True,False,100,-1.2029420161718745
policy,91962,18236,18186,3674.4,251204,False,False,True,False,100,-1.3714724706727934
policy,91969,18237,18187,3674.7,251205,False,False,False,True,7,-0.6323433463289839
policy,92069,18257,18207,3678.9,251206,False,False,True,False,100,-1.5388829286590362
policy,92169,18277,18227,3683.0,251207,False,False,True,False,100,-1.2652589189168997
policy,92269,18297,18247,3687.0,251208,False,False,True,False,100,-1.534727288750903
policy,92315,18306,18256,3688.9,251209,False,False,False,True,46,-1.1120773616855406
policy,92381,18320,18270,3691.9,251210,False,False,False,True,66,-0.9724504791771269
policy,92481,18340,18290,3696.2,251211,False,False,True,False,100,-1.4545378961014124
policy,92581,18360,18310,3700.5,251212,False,False,True,False,100,-1.5723801602701348
policy,92681,18380,18330,3704.7,251213,False,True,True,False,100,-1.5009213837770157
policy,92781,18400,18350,3708.9,251214,False,True,True,False,100,-1.481012876039491
policy,92881,18420,18370,3713.0,251215,False,False,True,False,100,-1.5095265292509021
policy,92963,18436,18386,3716.5,251216,False,True,False,True,82,-1.3724816888234042
policy,93063,18456,18406,3720.7,251217,False,False,True,False,100,-1.6646689003214752
policy,93163,18476,18426,3725.1,251218,False,False,True,False,100,-1.5652741090769493
policy,93190,18481,18431,3726.4,251219,False,True,False,True,27,-0.9541999810749708
policy,93290,18501,18451,3731.3,251220,False,True,True,False,100,-1.626033865564581
policy,93390,18521,18471,3735.6,251221,False,False,True,False,100,-1.3978822081120825
policy,93490,18541,18491,3739.8,251222,False,False,True,False,100,-1.1102716849874117
policy,93590,18561,18511,3743.9,251223,False,False,True,False,100,-1.4992634761115415
policy,93690,18581,18531,3748.1,251224,False,False,True,False,100,-1.6315262856716346
policy,93790,18601,18551,3752.5,251225,False,False,True,False,100,-1.314786259787415
policy,93890,18621,18571,3756.9,251226,False,False,True,False,100,-1.3873940171087518
policy,93990,18641,18591,3761.1,251227,False,False,True,False,100,-1.2197691878159764
policy,94090,18661,18611,3765.3,251228,False,False,True,False,100,-1.2669826690769543
policy,94147,18673,18623,3767.8,251229,False,False,False,True,57,-0.9551876268648347
policy,94247,18693,18643,3772.2,251230,False,False,True,False,100,-1.3968931617613225
policy,94341,18712,18662,3776.4,251231,False,False,False,True,94,-1.6731545684872988
policy,94441,18732,18682,3780.7,251232,False,False,True,False,100,-1.5864251486488516
policy,94541,18752,18702,3785.0,251233,False,True,True,False,100,-1.575435450406911
policy,94576,18759,18709,3786.5,251234,False,False,False,True,35,-0.9009339296065195
policy,94651,18774,18724,3789.7,251235,False,False,False,True,75,-1.295726291924549
policy,94751,18794,18744,3794.0,251236,False,False,True,False,100,-1.4800750156942903
policy,94851,18814,18764,3798.3,251237,False,True,True,False,100,-1.4937680126243895
policy,94945,18832,18782,3802.1,251238,False,False,False,True,94,-1.278869801794319
policy,95045,18852,18802,3806.4,251239,False,False,True,False,100,-1.3399424311855441
policy,95092,18862,18812,3808.4,251240,False,False,False,True,47,-0.9881117300268536
policy,95175,18878,18828,3811.8,251241,True,True,False,False,83,0.5309682277277217
policy,95236,18891,18841,3814.5,251242,False,False,False,True,61,-1.1492910798998968
policy,95336,18911,18861,3818.9,251243,False,True,True,False,100,-1.47083275215868
policy,95436,18931,18881,3823.0,251244,False,True,True,False,100,-1.723815881620944
policy,95536,18951,18901,3827.9,251245,False,False,True,False,100,-1.4802247111040359
policy,95594,18962,18912,3830.7,251246,False,False,False,True,58,-1.107838115111424
policy,95652,18974,18924,3833.7,251247,False,False,False,True,58,-1.054873838685869
policy,95752,18994,18944,3838.6,251248,False,False,True,False,100,-1.4051418181851183
policy,95814,19006,18956,3841.2,251249,False,False,False,True,62,-1.04665509213063
policy,95914,19026,18976,3845.8,251250,False,True,True,False,100,-1.3886254252231827
policy,96014,19046,18996,3850.2,251251,False,False,True,False,100,-1.4119832461752442
policy,96114,19066,19016,3854.4,251252,False,False,True,False,100,-1.656655262817171
policy,96214,19086,19036,3859.1,251253,False,False,True,False,100,-1.613094757783627
policy,96285,19100,19050,3862.3,251254,False,False,False,True,71,-1.2931341049291813
policy,96344,19112,19062,3865.1,251255,False,False,False,True,59,-1.0440440012849665
policy,96444,19132,19082,3869.6,251256,False,False,True,False,100,-1.6228776578943103
policy,96544,19152,19102,3874.1,251257,False,False,True,False,100,-1.266737903378429
policy,96644,19172,19122,3878.7,251258,False,True,True,False,100,-1.344496085214995
policy,96744,19192,19142,3883.1,251259,False,False,True,False,100,-1.5084795083657543
policy,96844,19212,19162,3887.4,251260,False,False,True,False,100,-1.3903760038821065
policy,96944,19232,19182,3891.5,251261,False,True,True,False,100,-1.565523363839682
policy,97044,19252,19202,3895.9,251262,False,True,True,False,100,-1.4140606347209124
policy,97144,19272,19222,3900.6,251263,False,True,True,False,100,-1.390794117073465
policy,97244,19292,19242,3905.2,251264,False,False,True,False,100,-1.5730495210351187
policy,97344,19312,19262,3910.4,251265,False,False,True,False,100,-1.2239333913972732
policy,97366,19317,19267,3911.5,251266,False,False,False,True,22,-0.7382388870013757
policy,97450,19333,19283,3914.9,251267,True,True,False,False,84,0.5560629907334307
policy,97550,19353,19303,3919.2,251268,False,True,True,False,100,-1.8171404381313279
policy,97650,19373,19323,3923.5,251269,False,True,True,False,100,-1.4870575874109329
policy,97750,19393,19343,3927.8,251270,False,False,True,False,100,-1.3498849964789243
policy,97850,19413,19363,3932.0,251271,False,False,True,False,100,-1.5251063481759675
policy,97950,19433,19383,3936.3,251272,False,False,True,False,100,-1.3068310450172005
policy,98050,19453,19403,3940.8,251273,False,False,True,False,100,-1.2250428534386613
policy,98150,19473,19423,3945.5,251274,False,False,True,False,100,-1.2778135910772965
policy,98250,19493,19443,3949.9,251275,False,True,True,False,100,-1.3681045929785485
policy,98350,19513,19463,3953.9,251276,False,True,True,False,100,-1.6644268485697924
policy,98446,19533,19483,3958.0,251277,False,False,False,True,96,-1.2375818636311124
policy,98546,19553,19503,3962.1,251278,False,False,True,False,100,-1.2401330626342282
policy,98646,19573,19523,3966.3,251279,False,False,True,False,100,-1.2313792088095583
policy,98746,19593,19543,3970.7,251280,False,False,True,False,100,-1.379292958975415
policy,98846,19613,19563,3975.2,251281,False,True,True,False,100,-1.3015774593669756
policy,98946,19633,19583,3979.6,251282,False,False,True,False,100,-1.4712440343506752
policy,99043,19652,19602,3983.4,251283,False,False,False,True,97,-1.326727373036137
policy,99055,19654,19604,3983.8,251284,False,False,False,True,12,-0.8031067084540586
policy,99075,19658,19608,3984.6,251285,False,False,False,True,20,-0.8997751024404275
policy,99175,19678,19628,3988.7,251286,False,False,True,False,100,-1.4848966107402035
policy,99249,19693,19643,3991.9,251287,False,False,False,True,74,-1.1982731397672364
policy,99349,19713,19663,3996.1,251288,False,False,True,False,100,-1.276848456676975
policy,99449,19733,19683,4000.7,251289,False,False,True,False,100,-1.4935944917967428
policy,99549,19753,19703,4005.1,251290,False,True,True,False,100,-1.732514501238625
policy,99649,19773,19723,4009.3,251291,False,False,True,False,100,-1.267269162448295
policy,99749,19793,19743,4013.7,251292,False,False,True,False,100,-1.7213575372738625
policy,99849,19813,19763,4017.7,251293,False,True,True,False,100,-1.3539836491948583
policy,99949,19833,19783,4021.8,251294,False,False,True,False,100,-1.4559112235118077
policy,100011,19846,19796,4024.5,251295,False,False,False,True,62,-1.2296712574300637
policy,100111,19866,19816,4028.8,251296,False,True,True,False,100,-1.4136516734648277
policy,100211,19886,19836,4033.0,251297,False,False,True,False,100,-1.2702452718065351
policy,100311,19906,19856,4037.2,251298,False,False,True,False,100,-1.267778788383757
policy,100370,19917,19867,4039.4,251299,False,False,False,True,59,-1.0118959757347934
policy,100433,19930,19880,4041.9,251300,False,False,False,True,63,-1.060392489615052
policy,100483,19940,19890,4043.9,251301,False,False,False,True,50,-1.0704901992723
policy,100583,19960,19910,4048.0,251302,False,False,True,False,100,-1.3476509604379376
policy,100683,19980,19930,4051.9,251303,False,False,True,False,100,-1.3683661472166875
policy,100783,20000,19950,4055.9,251304,False,False,True,False,100,-1.2659724923328861
policy,100883,20020,19970,4059.9,251305,False,False,True,False,100,-1.2779583409690938
policy,100983,20040,19990,4064.0,251306,False,False,True,False,100,-1.5729762985531859
policy,101040,20051,20001,4066.2,251307,False,False,False,True,57,-1.011219115415166
policy,101140,20071,20021,4070.3,251308,False,False,True,False,100,-1.269106044082751
policy,101181,20080,20030,4072.0,251309,False,False,False,True,41,-0.9947026324406247
policy,101281,20100,20050,4076.0,251310,False,True,True,False,100,-1.4268827612736301
policy,101381,20120,20070,4080.1,251311,False,True,True,False,100,-1.6014046337980044
policy,101481,20140,20090,4084.3,251312,False,True,True,False,100,-1.6737643238727256
policy,101581,20160,20110,4088.7,251313,False,False,True,False,100,-1.5315724800188293
policy,101681,20180,20130,4093.2,251314,False,False,True,False,100,-1.8532019099143406
policy,101781,20200,20150,4097.4,251315,False,False,True,False,100,-1.3754256225277555
policy,101881,20220,20170,4101.6,251316,False,True,True,False,100,-1.5712871464645901
policy,101981,20240,20190,4105.8,251317,False,False,True,False,100,-1.414882389912385
policy,102081,20260,20210,4110.0,251318,False,False,True,False,100,-1.515046218908422
policy,102181,20280,20230,4114.1,251319,False,False,True,False,100,-1.4701654424683928
policy,102281,20300,20250,4118.4,251320,False,False,True,False,100,-1.2006355603272558
policy,102381,20320,20270,4122.7,251321,False,False,True,False,100,-1.4797310744555823
policy,102424,20328,20278,4124.5,251322,False,False,False,True,43,-0.9682307673957842
policy,102524,20348,20298,4128.8,251323,False,True,True,False,100,-1.3214187750341129
policy,102619,20367,20317,4132.7,251324,False,False,False,True,95,-1.344254481812082
policy,102676,20379,20329,4135.1,251325,False,False,False,True,57,-1.081440402617273
policy,102761,20396,20346,4138.6,251326,False,False,False,True,85,-1.1456641585244167
policy,102861,20416,20366,4142.6,251327,False,True,True,False,100,-1.5098655464024924
policy,102961,20436,20386,4146.7,251328,False,False,True,False,100,-1.4860062265063214
policy,102978,20439,20389,4147.3,251329,False,False,False,True,17,-1.0764820908071369
policy,103078,20459,20409,4151.5,251330,False,False,True,False,100,-1.4017603969483947
policy,103178,20479,20429,4155.6,251331,False,False,True,False,100,-1.3579105656279165
policy,103272,20498,20448,4159.7,251332,False,True,False,True,94,-1.6246727027173722
policy,103372,20518,20468,4163.8,251333,False,False,True,False,100,-1.5281425052619584
policy,103472,20538,20488,4167.8,251334,False,False,True,False,100,-1.5603759418254795
policy,103566,20557,20507,4171.8,251335,True,True,False,False,94,0.5823632122384801
policy,103666,20577,20527,4176.1,251336,False,False,True,False,100,-1.3769861128712093
policy,103766,20597,20547,4180.4,251337,False,False,True,False,100,-1.5563500570528903
policy,103866,20617,20567,4185.0,251338,False,False,True,False,100,-1.307381775472521
policy,103874,20618,20568,4185.2,251339,False,False,False,True,8,-0.615972140631049
policy,103924,20628,20578,4187.2,251340,False,True,False,True,50,-1.1872456256390966
policy,103997,20643,20593,4190.3,251341,False,True,False,True,73,-1.2390389454024002
policy,104049,20653,20603,4192.5,251342,False,False,False,True,52,-1.009955068053662
policy,104102,20664,20614,4195.1,251343,False,False,False,True,53,-0.9195161673338739
policy,104202,20684,20634,4199.2,251344,False,False,True,False,100,-1.3461059899532644
policy,104275,20698,20648,4202.0,251345,False,False,False,True,73,-1.5439165688140863
policy,104333,20710,20660,4204.5,251346,False,False,False,True,58,-1.3580893705515185
policy,104418,20727,20677,4208.4,251347,False,False,False,True,85,-1.0817375584440772
policy,104518,20747,20697,4212.6,251348,False,True,True,False,100,-1.444727791933094
policy,104611,20766,20716,4216.5,251349,False,False,False,True,93,-1.4307301877884198
policy,104630,20769,20719,4217.2,251350,False,False,False,True,19,-0.9899689507282496
policy,104730,20789,20739,4221.3,251351,False,False,True,False,100,-1.2148393578288568
policy,104830,20809,20759,4225.5,251352,False,False,True,False,100,-1.7371754890219961
policy,104872,20818,20768,4227.4,251353,False,False,False,True,42,-0.8636759736576256
policy,104948,20833,20783,4230.5,251354,False,False,False,True,76,-1.2523601904124289
policy,105048,20853,20803,4234.8,251355,False,False,True,False,100,-1.5852835088575552
policy,105103,20864,20814,4237.0,251356,False,False,False,True,55,-1.0697433814599961
policy,105203,20884,20834,4241.4,251357,False,False,True,False,100,-1.2822293520284145
policy,105303,20904,20854,4245.6,251358,False,False,True,False,100,-1.5691859183396786
policy,105403,20924,20874,4249.8,251359,False,False,True,False,100,-1.4743234758050163
policy,105503,20944,20894,4254.0,251360,False,False,True,False,100,-1.4199631307569263
policy,105564,20956,20906,4256.6,251361,False,False,False,True,61,-1.1800581603575842
policy,105664,20976,20926,4261.0,251362,False,False,True,False,100,-1.6435343845800046
policy,105764,20996,20946,4265.3,251363,False,True,True,False,100,-1.7044169984432083
policy,105864,21016,20966,4269.5,251364,False,False,True,False,100,-1.416083024475029
policy,105959,21035,20985,4273.6,251365,False,False,False,True,95,-1.3475426215262234
policy,106059,21055,21005,4277.7,251366,False,False,True,False,100,-1.3388013345153964
policy,106149,21073,21023,4281.4,251367,False,False,False,True,90,-1.2291767837695429
policy,106160,21075,21025,4281.8,251368,False,False,False,True,11,-0.6239792520575612
policy,106260,21095,21045,4286.1,251369,False,False,True,False,100,-1.5528989502572994
policy,106360,21115,21065,4290.1,251370,False,False,True,False,100,-1.4963285732887632
policy,106460,21135,21085,4294.9,251371,False,False,True,False,100,-1.4088345321337166
policy,106560,21155,21105,4299.9,251372,False,False,True,False,100,-1.1938036492438817
policy,106660,21175,21125,4304.3,251373,False,False,True,False,100,-1.1796018631382488
policy,106760,21195,21145,4308.6,251374,False,False,True,False,100,-1.1625816555831927
policy,106860,21215,21165,4313.0,251375,False,False,True,False,100,-1.2091740469119912
policy,106960,21235,21185,4317.5,251376,False,False,True,False,100,-1.739827097749668
policy,107060,21255,21205,4321.6,251377,False,False,True,False,100,-1.132863127350645
policy,107160,21275,21225,4325.8,251378,False,False,True,False,100,-1.3300421827307158
policy,107260,21295,21245,4330.8,251379,False,False,True,False,100,-1.509823535300551
policy,107313,21306,21256,4333.2,251380,False,True,False,True,53,-1.2019526666078533
policy,107413,21326,21276,4337.8,251381,False,True,True,False,100,-1.405535551805067
policy,107465,21336,21286,4340.1,251382,False,False,False,True,52,-1.358053253141645
policy,107565,21356,21306,4344.3,251383,False,False,True,False,100,-1.4398840567363052
policy,107665,21376,21326,4348.5,251384,False,False,True,False,100,-1.7840636725981804
policy,107765,21396,21346,4352.7,251385,False,False,True,False,100,-1.5787618232873895
policy,107844,21412,21362,4356.4,251386,False,False,False,True,79,-1.2265954182057817
policy,107944,21432,21382,4360.5,251387,False,False,True,False,100,-1.5520550569784606
policy,107955,21434,21384,4360.9,251388,False,False,False,True,11,-0.9208280673922671
policy,108055,21454,21404,4365.1,251389,False,True,True,False,100,-1.2691922089784633
policy,108155,21474,21424,4369.5,251390,False,False,True,False,100,-1.5672128513227825
policy,108157,21475,21425,4369.7,251391,False,False,False,True,2,-0.720828510602917
policy,108229,21489,21439,4372.6,251392,False,False,False,True,72,-1.1531896057718614
policy,108319,21507,21457,4376.4,251393,False,False,False,True,90,-1.1350252225394626
policy,108419,21527,21477,4380.8,251394,False,True,True,False,100,-1.3076919020721336
policy,108519,21547,21497,4384.9,251395,False,True,True,False,100,-1.4777181371269095
policy,108532,21550,21500,4385.6,251396,False,False,False,True,13,-0.6973369061274101
policy,108632,21570,21520,4389.6,251397,False,True,True,False,100,-1.5725569674055713
policy,108726,21589,21539,4393.7,251398,False,False,False,True,94,-1.3096572586955135
policy,108819,21607,21557,4397.4,251399,False,False,False,True,93,-1.4712628616334749
policy,108919,21627,21577,4401.6,251400,False,True,True,False,100,-1.5730711808467914
policy,109019,21647,21597,4405.8,251401,False,False,True,False,100,-1.6547281375105638
policy,109119,21667,21617,4409.9,251402,False,False,True,False,100,-1.3197726312351512
policy,109219,21687,21637,4414.0,251403,False,False,True,False,100,-1.6883745893981834
policy,109319,21707,21657,4418.0,251404,False,False,True,False,100,-1.4519482264362606
policy,109419,21727,21677,4421.9,251405,False,False,True,False,100,-1.312835121593725
policy,109519,21747,21697,4425.9,251406,False,False,True,False,100,-1.661678246429732
policy,109619,21767,21717,4430.0,251407,False,False,True,False,100,-1.1647741687378443
policy,109719,21787,21737,4434.2,251408,False,False,True,False,100,-1.4221434878163777
policy,109819,21807,21757,4438.3,251409,False,False,True,False,100,-1.4091357306416548
policy,109919,21827,21777,4442.4,251410,False,True,True,False,100,-1.450776590753109
policy,110019,21847,21797,4446.3,251411,False,False,True,False,100,-1.660214350782736
policy,110119,21867,21817,4450.4,251412,False,False,True,False,100,-1.556238347673849
policy,110187,21881,21831,4453.3,251413,False,False,False,True,68,-1.1503313727093147
policy,110287,21901,21851,4457.7,251414,False,False,True,False,100,-1.365077847937949
policy,110367,21917,21867,4461.0,251415,False,False,False,True,80,-1.103817568330505
policy,110467,21937,21887,4465.1,251416,False,False,True,False,100,-1.6711833136518635
policy,110531,21950,21900,4468.0,251417,False,False,False,True,64,-1.3412002964099758
policy,110631,21970,21920,4472.4,251418,False,False,True,False,100,-1.5173463380249435
policy,110668,21977,21927,4473.9,251419,False,False,False,True,37,-1.166272704428676
policy,110768,21997,21947,4478.0,251420,False,False,True,False,100,-1.25490485658375
policy,110868,22017,21967,4482.1,251421,False,False,True,False,100,-1.2265701056309861
policy,110968,22037,21987,4486.6,251422,False,False,True,False,100,-1.3042909149061446
policy,111008,22045,21995,4488.3,251423,False,False,False,True,40,-0.9321136238126779
policy,111108,22065,22015,4492.6,251424,False,False,True,False,100,-1.4259766922490578
policy,111155,22074,22024,4494.7,251425,False,False,False,True,47,-1.2067726401648786
policy,111255,22094,22044,4498.8,251426,False,False,True,False,100,-1.3615348778443699
policy,111355,22114,22064,4503.2,251427,False,False,True,False,100,-1.492908834861745
policy,111390,22121,22071,4504.7,251428,False,False,False,True,35,-1.2460792748203735
policy,111490,22141,22091,4509.1,251429,False,False,True,False,100,-1.3603111114997974
policy,111590,22161,22111,4513.4,251430,False,False,True,False,100,-1.2023315299821704
policy,111690,22181,22131,4517.6,251431,False,True,True,False,100,-1.4239306888632663
policy,111790,22201,22151,4521.8,251432,False,False,True,False,100,-1.180194522546245
policy,111890,22221,22171,4525.9,251433,False,True,True,False,100,-1.7411856757052107
policy,111964,22236,22186,4529.0,251434,False,False,False,True,74,-1.3146201543110094
policy,112064,22256,22206,4533.2,251435,False,False,True,False,100,-1.4522411188455988
policy,112164,22276,22226,4537.4,251436,False,False,True,False,100,-1.561497069143472
policy,112264,22296,22246,4541.7,251437,False,False,True,False,100,-1.5605429850803765
policy,112364,22316,22266,4546.0,251438,False,False,True,False,100,-1.4958103715688176
policy,112464,22336,22286,4550.2,251439,False,True,True,False,100,-1.688140143122865
policy,112564,22356,22306,4554.3,251440,False,False,True,False,100,-1.6037498326442132
policy,112664,22376,22326,4558.4,251441,False,False,True,False,100,-1.346927203480184
policy,112764,22396,22346,4562.7,251442,False,False,True,False,100,-1.2534910043648535
policy,112820,22407,22357,4565.0,251443,False,False,False,True,56,-1.073076228436136
policy,112838,22411,22361,4565.8,251444,False,False,False,True,18,-0.9430878821039923
policy,112938,22431,22381,4570.2,251445,False,False,True,False,100,-1.6459689224449203
policy,113038,22451,22401,4574.5,251446,False,False,True,False,100,-1.479571181234832
policy,113138,22471,22421,4578.7,251447,False,False,True,False,100,-1.653139261203946
policy,113238,22491,22441,4582.7,251448,False,False,True,False,100,-1.4568710777144864
policy,113338,22511,22461,4586.8,251449,False,False,True,False,100,-1.55195673705302
policy,113438,22531,22481,4590.9,251450,False,False,True,False,100,-1.3038056576985508
policy,113538,22551,22501,4595.1,251451,False,False,True,False,100,-1.270470077404982
policy,113638,22571,22521,4599.3,251452,False,False,True,False,100,-1.737530734166858
policy,113738,22591,22541,4603.4,251453,False,False,True,False,100,-1.335437959089123
policy,113807,22605,22555,4606.3,251454,False,False,False,True,69,-1.081693328407918
policy,113907,22625,22575,4610.5,251455,False,False,True,False,100,-1.4990891281267043
policy,114007,22645,22595,4614.7,251456,False,False,True,False,100,-1.3504958491911103
policy,114107,22665,22615,4618.8,251457,False,False,True,False,100,-1.4751696202515578
policy,114207,22685,22635,4622.9,251458,False,False,True,False,100,-1.497720751103061
policy,114307,22705,22655,4627.2,251459,False,False,True,False,100,-1.3985630099728983
policy,114407,22725,22675,4631.4,251460,False,False,True,False,100,-1.7727182459050366
policy,114507,22745,22695,4635.6,251461,False,False,True,False,100,-1.2402138032103074
policy,114607,22765,22715,4639.8,251462,False,False,True,False,100,-1.4667157007451626
policy,114707,22785,22735,4644.2,251463,False,False,True,False,100,-1.2448034026886443
policy,114789,22801,22751,4647.5,251464,False,True,False,True,82,-1.3880746648077196
policy,114889,22821,22771,4651.8,251465,False,False,True,False,100,-1.542135571461169
policy,114898,22823,22773,4652.3,251466,False,False,False,True,9,-0.7100777501190731
policy,114998,22843,22793,4656.4,251467,False,True,True,False,100,-1.6242825540225376
policy,115098,22863,22813,4660.5,251468,False,False,True,False,100,-1.5384572670952368
policy,115154,22874,22824,4662.8,251469,False,False,False,True,56,-1.0881542792706882
policy,115254,22894,22844,4667.0,251470,False,True,True,False,100,-1.312050908360274
policy,115332,22910,22860,4670.4,251471,True,True,False,False,78,0.48098017310074503
policy,115426,22929,22879,4674.8,251472,False,False,False,True,94,-1.1694696033207326
policy,115507,22945,22895,4678.5,251473,False,False,False,True,81,-1.1408600979868835
policy,115571,22958,22908,4681.3,251474,False,True,False,True,64,-1.0781865159008255
policy,115671,22978,22928,4685.4,251475,False,False,True,False,100,-1.4829652126467874
policy,115771,22998,22948,4689.5,251476,False,False,True,False,100,-1.3056990065612215
policy,115871,23018,22968,4693.7,251477,False,False,True,False,100,-1.2916679637722013
policy,115971,23038,22988,4697.9,251478,False,True,True,False,100,-1.7023858174229454
policy,116071,23058,23008,4702.1,251479,False,True,True,False,100,-1.7119854151709701
policy,116171,23078,23028,4706.4,251480,False,False,True,False,100,-1.6609459221843004
policy,116210,23085,23035,4707.9,251481,False,False,False,True,39,-1.0932193431165298
policy,116310,23105,23055,4712.0,251482,False,True,True,False,100,-1.4484598710382008
policy,116410,23125,23075,4716.1,251483,False,False,True,False,100,-1.8231676322879786
policy,116510,23145,23095,4720.3,251484,False,False,True,False,100,-1.529045889120928
policy,116610,23165,23115,4724.5,251485,False,False,True,False,100,-1.3208674358029693
policy,116686,23181,23131,4728.1,251486,False,False,False,True,76,-1.280112445349399
policy,116786,23201,23151,4732.9,251487,False,False,True,False,100,-1.5042100535164373
policy,116886,23221,23171,4737.4,251488,False,False,True,False,100,-1.3615854940380259
policy,116986,23241,23191,4741.7,251489,False,False,True,False,100,-1.117404889850832
policy,117086,23261,23211,4746.0,251490,False,False,True,False,100,-1.329078809192008
policy,117186,23281,23231,4750.1,251491,False,False,True,False,100,-1.4561899711555584
policy,117275,23298,23248,4753.6,251492,False,True,False,True,89,-1.219621113554965
policy,117298,23303,23253,4754.6,251493,False,False,False,True,23,-0.7068873720991062
policy,117398,23323,23273,4758.7,251494,False,False,True,False,100,-1.5025658562410142
policy,117466,23337,23287,4761.6,251495,False,False,False,True,68,-1.1869226865918894
policy,117566,23357,23307,4765.7,251496,False,True,True,False,100,-1.4273034906850905
policy,117666,23377,23327,4769.9,251497,False,True,True,False,100,-1.6406943105479357
policy,117766,23397,23347,4774.0,251498,False,False,True,False,100,-1.4450448584125521
policy,117866,23417,23367,4778.4,251499,False,False,True,False,100,-1.305047813771857
policy,117966,23437,23387,4783.0,251500,False,True,True,False,100,-1.7119119017746305
policy,118036,23451,23401,4786.1,251501,False,False,False,True,70,-1.0471319013229679
policy,118100,23463,23413,4788.8,251502,False,True,False,True,64,-1.124629402498965
policy,118200,23483,23433,4793.0,251503,False,False,True,False,100,-1.2497152271644445
policy,118300,23503,23453,4797.2,251504,False,False,True,False,100,-1.297053795470434
policy,118400,23523,23473,4801.7,251505,False,False,True,False,100,-1.717447415989044
policy,118500,23543,23493,4806.0,251506,False,True,True,False,100,-1.4948432579794648
policy,118559,23555,23505,4808.9,251507,True,True,False,False,59,0.6355130259645727
policy,118609,23565,23515,4810.9,251508,False,False,False,True,50,-1.0159242605215002
policy,118709,23585,23535,4815.1,251509,False,False,True,False,100,-1.4983817859975153
policy,118809,23605,23555,4819.4,251510,False,True,True,False,100,-1.4787306375042866
policy,118909,23625,23575,4823.9,251511,False,True,True,False,100,-1.646545150974831
policy,119009,23645,23595,4828.3,251512,False,False,True,False,100,-1.3816912178851182
policy,119109,23665,23615,4832.8,251513,False,False,True,False,100,-1.3247320850484907
policy,119111,23666,23616,4833.1,251514,False,False,False,True,2,-0.8821626063775947
policy,119211,23686,23636,4837.6,251515,False,False,True,False,100,-1.6878752850573342
policy,119311,23706,23656,4841.7,251516,False,False,True,False,100,-1.6238158372203468
policy,119411,23726,23676,4846.0,251517,False,False,True,False,100,-1.2003246411510993
policy,119511,23746,23696,4850.4,251518,False,False,True,False,100,-1.5772609650835279
policy,119577,23759,23709,4853.4,251519,False,False,False,True,66,-1.2312642830468195
policy,119677,23779,23729,4857.7,251520,False,False,True,False,100,-1.2232407010771178
policy,119777,23799,23749,4862.2,251521,False,True,True,False,100,-1.3764731790217974
policy,119877,23819,23769,4866.5,251522,False,False,True,False,100,-1.4465393565827949
policy,119882,23820,23770,4866.8,251523,False,False,False,True,5,-0.8330605505487153
policy,119982,23840,23790,4871.5,251524,False,True,True,False,100,-1.7625502106844682
policy,120082,23860,23810,4876.4,251525,False,False,True,False,100,-1.4320806385412181
policy,120182,23880,23830,4880.7,251526,False,False,True,False,100,-1.5786463163761446
policy,120282,23900,23850,4884.9,251527,False,False,True,False,100,-1.8074573245889782
policy,120382,23920,23870,4889.1,251528,False,True,True,False,100,-1.649975251025852
policy,120457,23935,23885,4892.2,251529,False,True,False,True,75,-1.0438456668344862
policy,120557,23955,23905,4896.5,251530,False,True,True,False,100,-1.6408574096805186
policy,120590,23961,23911,4897.8,251531,False,False,False,True,33,-0.8416660510987418
policy,120690,23981,23931,4902.4,251532,False,False,True,False,100,-1.4103296051734857
policy,120790,24001,23951,4906.9,251533,False,False,True,False,100,-1.5166524963472958
policy,120890,24021,23971,4911.2,251534,False,False,True,False,100,-1.5259525612712967
policy,120990,24041,23991,4915.6,251535,False,False,True,False,100,-1.5045289859751207
policy,121090,24061,24011,4920.0,251536,False,True,True,False,100,-1.5109295217846848
policy,121105,24064,24014,4920.6,251537,False,False,False,True,15,-1.048414895596325
policy,121205,24084,24034,4924.9,251538,False,False,True,False,100,-1.5578419482146448
policy,121305,24104,24054,4929.3,251539,False,False,True,False,100,-1.6397774637042875
policy,121329,24109,24059,4930.9,251540,False,False,False,True,24,-0.7975640995732873
policy,121429,24129,24079,4935.3,251541,False,False,True,False,100,-1.4189055942263307
policy,121475,24138,24088,4937.2,251542,False,False,False,True,46,-0.8155821990596335
policy,121575,24158,24108,4941.5,251543,False,False,True,False,100,-1.7336149934461
policy,121675,24178,24128,4945.9,251544,False,True,True,False,100,-1.4168740280041032
policy,121775,24198,24148,4950.0,251545,False,True,True,False,100,-1.4924552274557763
policy,121875,24218,24168,4954.1,251546,False,False,True,False,100,-1.3016798064811106
policy,121975,24238,24188,4958.4,251547,False,True,True,False,100,-1.9009915984092693
policy,122075,24258,24208,4962.8,251548,False,False,True,False,100,-1.4954775627626529
policy,122175,24278,24228,4967.3,251549,False,False,True,False,100,-1.811904941517361
policy,122275,24298,24248,4972.0,251550,False,False,True,False,100,-1.5477071557712452
policy,122345,24312,24262,4975.3,251551,False,False,False,True,70,-1.0250490038588784
policy,122354,24314,24264,4975.8,251552,False,False,False,True,9,-0.7493268943324574
policy,122378,24319,24269,4976.9,251553,False,False,False,True,24,-0.8136410750088281
policy,122478,24339,24289,4981.0,251554,False,False,True,False,100,-1.6913639144975745
policy,122578,24359,24309,4985.0,251555,False,False,True,False,100,-1.3410155637224752
policy,122589,24361,24311,4985.5,251556,False,False,False,True,11,-0.7710003318101135
policy,122689,24381,24331,4989.6,251557,False,False,True,False,100,-1.5283011989496824
policy,122772,24398,24348,4993.5,251558,False,False,False,True,83,-1.2126486107792789
policy,122872,24418,24368,4997.9,251559,False,False,True,False,100,-1.7290468100829857
policy,122972,24438,24388,5002.3,251560,False,False,True,False,100,-1.204937396553079
policy,123048,24453,24403,5005.8,251561,False,False,False,True,76,-1.0761040737831231
policy,123148,24473,24423,5010.3,251562,False,False,True,False,100,-1.3456168884675552
policy,123248,24493,24443,5014.4,251563,False,False,True,False,100,-1.330991471642332
policy,123348,24513,24463,5018.5,251564,False,True,True,False,100,-1.4004850965799323
policy,123427,24529,24479,5021.8,251565,False,False,False,True,79,-1.0769620067580639
policy,123456,24535,24485,5023.1,251566,False,False,False,True,29,-0.812444537672115
policy,123544,24552,24502,5026.6,251567,False,False,False,True,88,-1.4066940730711452
policy,123644,24572,24522,5030.9,251568,False,False,True,False,100,-1.4123495132672146
policy,123708,24585,24535,5033.8,251569,False,False,False,True,64,-0.9776963587329203
policy,123808,24605,24555,5038.3,251570,False,False,True,False,100,-1.543424718478758
policy,123908,24625,24575,5042.5,251571,False,False,True,False,100,-1.3781774179693116
policy,124008,24645,24595,5046.6,251572,False,False,True,False,100,-1.4903394312895357
policy,124108,24665,24615,5050.7,251573,False,True,True,False,100,-1.6869836287848705
policy,124208,24685,24635,5055.0,251574,False,True,True,False,100,-1.4594254515991336
policy,124308,24705,24655,5059.2,251575,False,True,True,False,100,-1.5946059997622433
policy,124408,24725,24675,5063.6,251576,False,True,True,False,100,-1.3597909064086453
policy,124438,24731,24681,5064.9,251577,False,True,False,True,30,-0.9638271846522872
policy,124538,24751,24701,5069.3,251578,False,False,True,False,100,-1.234868667430037
policy,124638,24771,24721,5073.7,251579,False,False,True,False,100,-1.5556559822121332
policy,124738,24791,24741,5077.8,251580,False,False,True,False,100,-1.4089242792418126
policy,124838,24811,24761,5081.9,251581,False,False,True,False,100,-1.635750658147813
policy,124938,24831,24781,5086.3,251582,False,False,True,False,100,-1.5760294018552086
policy,125038,24851,24801,5090.5,251583,False,False,True,False,100,-1.3314415899501064
policy,125116,24867,24817,5094.1,251584,True,True,False,False,78,0.5595601912665248
policy,125216,24887,24837,5098.5,251585,False,True,True,False,100,-1.6045573569421707
policy,125316,24907,24857,5102.9,251586,False,True,True,False,100,-1.42827600114805
policy,125416,24927,24877,5107.2,251587,False,False,True,False,100,-1.5745269829906356
policy,125516,24947,24897,5111.7,251588,False,False,True,False,100,-1.2348319963270584
policy,125616,24967,24917,5116.0,251589,False,False,True,False,100,-1.6706173636391146
policy,125683,24980,24930,5119.3,251590,False,False,False,True,67,-1.025763706559973
policy,125783,25000,24950,5123.7,251591,False,True,True,False,100,-1.5010717827221869
policy,125883,25020,24970,5128.0,251592,False,True,True,False,100,-1.3152258121567517
policy,125983,25040,24990,5132.5,251593,False,True,True,False,100,-1.7016236483804255
policy,126083,25060,25010,5136.9,251594,False,True,True,False,100,-1.634010865467594
policy,126183,25080,25030,5141.1,251595,False,False,True,False,100,-1.4726646319535117
policy,126283,25100,25050,5145.4,251596,False,False,True,False,100,-1.3654185010211497
policy,126299,25103,25053,5146.1,251597,False,False,False,True,16,-0.8271539294905049
policy,126399,25123,25073,5150.3,251598,False,False,True,False,100,-1.3931894605811321
policy,126453,25134,25084,5152.6,251599,False,False,False,True,54,-0.9954636919955194
policy,126519,25147,25097,5155.3,251600,True,True,False,False,66,0.6572689552541849
policy,126619,25167,25117,5159.6,251601,False,False,True,False,100,-1.4380596927023699
policy,126643,25172,25122,5160.7,251602,False,False,False,True,24,-0.8862249074322138
policy,126679,25179,25129,5162.3,251603,False,False,False,True,36,-0.8419342416591873
policy,126779,25199,25149,5166.8,251604,False,False,True,False,100,-1.2573610922127327
policy,126873,25218,25168,5170.9,251605,False,True,False,True,94,-1.5212896615971363
policy,126932,25230,25180,5173.6,251606,False,False,False,True,59,-1.1003740912881492
policy,127032,25250,25200,5178.2,251607,False,False,True,False,100,-1.2924881553627987
policy,127132,25270,25220,5182.4,251608,False,False,True,False,100,-1.5663865277905669
policy,127232,25290,25240,5186.7,251609,False,True,True,False,100,-1.7271471028455965
policy,127332,25310,25260,5191.1,251610,False,True,True,False,100,-1.6965501052195724
policy,127370,25317,25267,5192.6,251611,False,False,False,True,38,-0.8821616891383707
policy,127470,25337,25287,5196.9,251612,False,False,True,False,100,-1.3793929453265543
policy,127570,25357,25307,5201.1,251613,False,False,True,False,100,-1.4480916167863862
policy,127670,25377,25327,5205.4,251614,False,True,True,False,100,-1.7091592748330722
policy,127770,25397,25347,5209.7,251615,False,True,True,False,100,-1.2831846876303756
policy,127870,25417,25367,5213.9,251616,False,True,True,False,100,-1.260923610823871
policy,127970,25437,25387,5218.1,251617,False,False,True,False,100,-1.323997162615064
policy,127979,25439,25389,5218.5,251618,False,False,False,True,9,-0.6724183434915858
policy,128000,25443,25393,5219.3,251619,False,False,False,True,21,-0.9243264800519716
policy,128080,25459,25409,5222.7,251620,False,False,False,True,80,-1.1483794944341417
policy,128180,25479,25429,5227.0,251621,False,False,True,False,100,-1.164474946829436
policy,128214,25486,25436,5228.5,251622,False,False,False,True,34,-0.8942045088126273
policy,128308,25505,25455,5232.6,251623,False,False,False,True,94,-1.250684721624054
policy,128408,25525,25475,5237.0,251624,False,False,True,False,100,-1.6990329650869382
policy,128508,25545,25495,5241.2,251625,False,True,True,False,100,-1.423624095558719
policy,128608,25565,25515,5245.4,251626,False,False,True,False,100,-1.3180536561174714
policy,128708,25585,25535,5249.9,251627,False,True,True,False,100,-1.561876160260411
policy,128808,25605,25555,5254.5,251628,False,False,True,False,100,-1.5167963031746976
policy,128908,25625,25575,5258.9,251629,False,False,True,False,100,-1.358985276682335
policy,129008,25645,25595,5263.2,251630,False,False,True,False,100,-1.5767631109179554
policy,129108,25665,25615,5267.6,251631,False,False,True,False,100,-1.3130434294455826
policy,129208,25685,25635,5271.8,251632,False,True,True,False,100,-1.7741400548150428
policy,129253,25694,25644,5273.6,251633,False,False,False,True,45,-1.0250211268039182
policy,129290,25701,25651,5275.0,251634,False,False,False,True,37,-0.8447483961777091
policy,129353,25714,25664,5277.7,251635,True,True,False,False,63,0.6764974041099499
policy,129453,25734,25684,5281.9,251636,False,False,True,False,100,-1.6954985575875636
policy,129553,25754,25704,5286.2,251637,False,False,True,False,100,-1.6185726387115134
policy,129653,25774,25724,5290.6,251638,False,False,True,False,100,-1.2100479618293516
policy,129723,25788,25738,5293.7,251639,True,True,False,False,70,0.5560172646215009
policy,129823,25808,25758,5297.9,251640,False,True,True,False,100,-1.6818284228883802
policy,129923,25828,25778,5302.1,251641,False,False,True,False,100,-1.251212208343775
policy,129981,25840,25790,5304.8,251642,False,True,False,True,58,-1.0039229329664858
policy,130081,25860,25810,5309.5,251643,False,False,True,False,100,-1.424074254826487
policy,130181,25880,25830,5313.8,251644,False,False,True,False,100,-1.427496493606863
policy,130277,25899,25849,5318.5,251645,False,False,False,True,96,-1.3582295194532596
policy,130377,25919,25869,5323.1,251646,False,False,True,False,100,-1.3945995636321769
policy,130477,25939,25889,5327.5,251647,False,True,True,False,100,-1.5334889231156428
policy,130577,25959,25909,5331.9,251648,False,False,True,False,100,-1.309788359821169
policy,130677,25979,25929,5336.2,251649,False,False,True,False,100,-1.375691286940048
policy,130777,25999,25949,5340.8,251650,False,False,True,False,100,-1.6562300325943338
policy,130877,26019,25969,5345.2,251651,False,True,True,False,100,-1.4601394839234936
policy,130970,26037,25987,5349.3,251652,False,False,False,True,93,-1.2125376736100038
policy,131070,26057,26007,5353.9,251653,False,False,True,False,100,-1.5400299202369265
policy,131170,26077,26027,5358.3,251654,False,False,True,False,100,-1.5779343795796061
policy,131267,26097,26047,5363.1,251655,False,False,False,True,97,-1.3167117421010486
policy,131329,26109,26059,5365.8,251656,False,False,False,True,62,-1.1243758149811467
policy,131429,26129,26079,5370.2,251657,False,True,True,False,100,-1.6341071581903126
policy,131529,26149,26099,5374.5,251658,False,False,True,False,100,-1.2252330699210112
policy,131629,26169,26119,5378.8,251659,False,True,True,False,100,-1.6064906744907348
policy,131661,26176,26126,5380.3,251660,False,False,False,True,32,-1.031438428771931
policy,131761,26196,26146,5384.6,251661,False,False,True,False,100,-1.5525542460594806
policy,131826,26209,26159,5387.4,251662,False,False,False,True,65,-1.0206732077370841
policy,131862,26216,26166,5389.2,251663,False,False,False,True,36,-0.8486394463414519
policy,131870,26217,26167,5389.5,251664,False,False,False,True,8,-0.583050385582649
policy,131959,26235,26185,5393.3,251665,False,True,False,True,89,-1.3266807517903105
policy,131984,26240,26190,5394.5,251666,False,False,False,True,25,-0.7953021549032968
policy,132084,26260,26210,5399.3,251667,False,False,True,False,100,-1.485671485567238
policy,132184,26280,26230,5403.7,251668,False,False,True,False,100,-1.4960272648078954
policy,132284,26300,26250,5408.7,251669,False,False,True,False,100,-1.690378402817552
policy,132384,26320,26270,5414.0,251670,False,True,True,False,100,-1.7263921544011631
policy,132484,26340,26290,5418.3,251671,False,False,True,False,100,-1.4640782816812725
policy,132584,26360,26310,5423.2,251672,False,True,True,False,100,-1.6376817198891482
policy,132684,26380,26330,5428.0,251673,False,False,True,False,100,-1.2818193410123446
policy,132784,26400,26350,5432.8,251674,False,True,True,False,100,-1.5836052462198638
policy,132859,26415,26365,5436.1,251675,False,False,False,True,75,-1.0961564522333735
policy,132959,26435,26385,5440.7,251676,False,False,True,False,100,-1.4971337941569252
policy,133059,26455,26405,5445.3,251677,False,False,True,False,100,-1.2717872048588736
policy,133118,26467,26417,5448.0,251678,False,False,False,True,59,-1.0573754368693074
policy,133218,26487,26437,5452.4,251679,False,False,True,False,100,-1.3760744756477776
policy,133318,26507,26457,5456.8,251680,False,False,True,False,100,-1.5198651593367676
policy,133367,26517,26467,5459.0,251681,False,False,False,True,49,-1.0968763790348883
policy,133467,26537,26487,5463.6,251682,False,False,True,False,100,-1.396581409844361
policy,133567,26557,26507,5468.1,251683,False,True,True,False,100,-1.5094176089547342
policy,133667,26577,26527,5472.4,251684,False,False,True,False,100,-1.8076951612377132
policy,133767,26597,26547,5476.9,251685,False,False,True,False,100,-1.6264809345984417
policy,133867,26617,26567,5481.8,251686,False,False,True,False,100,-1.4935699757100052
policy,133967,26637,26587,5486.4,251687,False,False,True,False,100,-1.5924426145171329
policy,134067,26657,26607,5491.0,251688,False,False,True,False,100,-1.4443214218517695
policy,134167,26677,26627,5495.7,251689,False,True,True,False,100,-1.3185595467631963
policy,134190,26681,26631,5496.6,251690,False,False,False,True,23,-0.6958394257391551
policy,134194,26682,26632,5496.8,251691,False,False,False,True,4,-0.6951933945886876
policy,134294,26702,26652,5501.6,251692,False,True,True,False,100,-1.7386849842412815
policy,134390,26721,26671,5506.0,251693,False,True,False,True,96,-1.2994577624019032
policy,134490,26741,26691,5510.9,251694,False,False,True,False,100,-1.7486474708866138
policy,134590,26761,26711,5515.4,251695,False,True,True,False,100,-1.51037934056012
policy,134690,26781,26731,5520.0,251696,False,False,True,False,100,-1.2942270902298953
policy,134790,26801,26751,5524.7,251697,False,True,True,False,100,-1.5771383585794847
policy,134890,26821,26771,5529.2,251698,False,False,True,False,100,-1.578068087617495
policy,134990,26841,26791,5534.4,251699,False,True,True,False,100,-1.5184674308566988
policy,135021,26848,26798,5535.9,251700,False,False,False,True,31,-0.880447608000444
policy,135121,26868,26818,5540.2,251701,False,True,True,False,100,-1.57129856631841
policy,135221,26888,26838,5545.2,251702,False,True,True,False,100,-1.699431345622842
policy,135306,26905,26855,5548.9,251703,False,False,False,True,85,-1.2830175740429486
policy,135406,26925,26875,5553.2,251704,False,False,True,False,100,-1.5133576635382795
policy,135473,26938,26888,5556.1,251705,False,False,False,True,67,-1.065270642478036
policy,135573,26958,26908,5560.6,251706,False,True,True,False,100,-1.5837688379243506
policy,135673,26978,26928,5565.0,251707,False,False,True,False,100,-1.166175791330463
policy,135773,26998,26948,5569.8,251708,False,False,True,False,100,-1.4170734031787084
policy,135856,27015,26965,5573.9,251709,False,False,False,True,83,-1.0719453263012122
policy,135956,27035,26985,5579.1,251710,False,True,True,False,100,-1.6229491552821314
policy,136056,27055,27005,5583.8,251711,False,False,True,False,100,-1.350769864289997
policy,136156,27075,27025,5589.2,251712,False,False,True,False,100,-1.4638372086535911
policy,136256,27095,27045,5593.7,251713,False,False,True,False,100,-1.5508690172288229
policy,136356,27115,27065,5598.1,251714,False,False,True,False,100,-1.4332530741513239
policy,136456,27135,27085,5602.9,251715,False,False,True,False,100,-1.4884457141241005
policy,136556,27155,27105,5607.3,251716,False,False,True,False,100,-1.4331346762764723
policy,136656,27175,27125,5610.9,251717,False,False,True,False,100,-1.1926665295368721
policy,136721,27188,27138,5612.8,251718,False,False,False,True,65,-0.9908447165020795
policy,136821,27208,27158,5615.6,251719,False,True,True,False,100,-1.6601861107083595
policy,136921,27228,27178,5618.4,251720,False,False,True,False,100,-1.6664669269583638
policy,137018,27247,27197,5620.9,251721,False,True,False,True,97,-1.5870602066728505
policy,137114,27266,27216,5623.5,251722,True,True,False,False,96,0.26009053238846325
policy,137213,27286,27236,5626.3,251723,True,True,False,False,99,0.5135876187751894
policy,137313,27306,27256,5629.1,251724,False,False,True,False,100,-1.3118542408340863
policy,137362,27316,27266,5630.5,251725,False,False,False,True,49,-1.159984493817876
policy,137365,27316,27266,5630.5,251726,False,False,False,True,3,-0.6808160560803452
policy,137465,27336,27286,5633.4,251727,False,False,True,False,100,-1.2852010015082982
policy,137540,27351,27301,5635.6,251728,False,True,False,True,75,-1.345427838384245
policy,137640,27371,27321,5638.4,251729,False,False,True,False,100,-1.6068790297277418
