phase,env_steps,model_updates,ac_updates,elapsed_seconds,scene,success,pickup,timeout,oob,length,return_
prefill,100,0,0,0.8,260000,False,False,True,False,100,-1.2951948468520302
prefill,140,0,0,0.8,260001,False,False,False,True,40,-0.9006491209350415
prefill,221,0,0,0.8,260002,False,False,False,True,81,-1.2613845627652882
prefill,321,0,0,0.8,260003,False,False,True,False,100,-1.1277146558327111
prefill,420,0,0,0.9,260004,False,False,False,True,99,-1.5690788799078565
prefill,463,0,0,0.9,260005,False,False,False,True,43,-0.9372476372563913
prefill,563,0,0,0.9,260006,False,False,True,False,100,-1.5976643195628475
prefill,663,0,0,0.9,260007,False,False,True,False,100,-1.2760920794341466
prefill,763,0,0,0.9,260008,False,False,True,False,100,-1.369080745617056
prefill,800,0,0,0.9,260009,False,False,False,True,37,-0.8477890845152164
prefill,900,0,0,0.9,260010,False,False,True,False,100,-1.3260065668240024
prefill,1000,0,0,0.9,260011,False,False,True,False,100,-1.8117488469886962
policy,1100,69,19,20.8,260012,False,False,True,False,100,-1.1231001256505424
policy,1200,89,39,23.3,260013,False,False,True,False,100,-1.428876499977765
policy,1251,100,50,24.8,260014,False,False,False,True,51,-1.1984172143335696
policy,1273,104,54,25.3,260015,False,False,False,True,22,-0.8278647237384019
policy,1373,124,74,28.0,260016,False,False,True,False,100,-1.3122036813935885
policy,1457,141,91,30.1,260017,False,False,False,True,84,-1.2880198687428275
policy,1557,161,111,32.6,260018,False,False,True,False,100,-1.1676824433840385
policy,1582,166,116,33.3,260019,False,False,False,True,25,-1.0090338335259637
policy,1682,186,136,35.9,260020,False,False,True,False,100,-1.7997656973962064
policy,1782,206,156,38.4,260021,False,False,True,False,100,-1.303071668861651
policy,1804,210,160,38.9,260022,False,False,False,True,22,-0.7609274241317396
policy,1904,230,180,41.6,260023,False,False,True,False,100,-1.4972091530457499
policy,2004,250,200,44.3,260024,False,False,True,False,100,-1.4898799948193173
policy,2019,253,203,44.7,260025,False,False,False,True,15,-0.6892478448399877
policy,2119,273,223,47.3,260026,False,False,True,False,100,-1.3006844949372562
policy,2164,282,232,48.6,260027,False,False,False,True,45,-0.8902007612383975
policy,2264,302,252,51.3,260028,False,False,True,False,100,-1.3749945595047723
policy,2294,308,258,52.2,260029,False,False,False,True,30,-0.807104562718681
policy,2338,317,267,53.5,260030,False,False,False,True,44,-1.0294914267994648
policy,2438,337,287,56.1,260031,False,False,True,False,100,-1.1344118600316033
policy,2468,343,293,56.9,260032,False,False,False,True,30,-0.7273075287982482
policy,2495,348,298,57.5,260033,False,False,False,True,27,-0.8617530107759095
policy,2595,368,318,60.2,260034,False,False,True,False,100,-1.3178319648811594
policy,2670,383,333,62.1,260035,False,False,False,True,75,-1.1422241703521103
policy,2770,403,353,64.9,260036,False,False,True,False,100,-1.5558139900593644
policy,2870,423,373,67.7,260037,False,False,True,False,100,-1.2907479147121557
policy,2970,443,393,70.5,260038,False,False,True,False,100,-1.174276300273505
policy,3070,463,413,73.3,260039,False,False,True,False,100,-1.241676734051877
policy,3170,483,433,76.2,260040,False,False,True,False,100,-1.4503598665465471
policy,3270,503,453,78.9,260041,False,False,True,False,100,-1.467445215002884
policy,3321,514,464,80.4,260042,False,False,False,True,51,-1.0232348216997207
policy,3421,534,484,83.0,260043,False,False,True,False,100,-1.715962394938927
policy,3508,551,501,85.3,260044,False,False,False,True,87,-1.414687659408649
policy,3608,571,521,87.9,260045,False,False,True,False,100,-1.2944572062773068
policy,3708,591,541,90.6,260046,False,False,True,False,100,-1.2082751007317907
policy,3808,611,561,93.3,260047,False,False,True,False,100,-1.5673487802905401
policy,3908,631,581,96.2,260048,False,False,True,False,100,-1.2991420203552333
policy,4008,651,601,99.0,260049,False,False,True,False,100,-1.4165172256242256
policy,4108,671,621,101.8,260050,False,False,True,False,100,-1.2114724348382808
policy,4208,691,641,104.7,260051,False,False,True,False,100,-1.6683423197260514
policy,4308,711,661,107.6,260052,False,False,True,False,100,-1.1476808972943888
policy,4408,731,681,110.6,260053,False,False,True,False,100,-1.4413262995578902
policy,4464,742,692,112.1,260054,False,False,False,True,56,-1.091470752227344
policy,4544,758,708,114.3,260055,False,False,False,True,80,-1.3453543039205136
policy,4644,778,728,117.0,260056,False,False,True,False,100,-1.3560515719899353
policy,4731,796,746,119.4,260057,False,False,False,True,87,-1.339186300856312
policy,4831,816,766,122.2,260058,False,False,True,False,100,-1.2293042530204468
policy,4931,836,786,125.0,260059,False,False,True,False,100,-1.0775127717667705
policy,5031,856,806,127.8,260060,False,False,True,False,100,-1.172692328592276
policy,5114,872,822,130.2,260061,False,False,False,True,83,-1.2732247926828155
policy,5214,892,842,133.1,260062,False,False,True,False,100,-1.5461165695838417
policy,5314,912,862,136.0,260063,False,False,True,False,100,-1.6209715088786467
policy,5414,932,882,138.7,260064,False,False,True,False,100,-1.5027788767983719
policy,5514,952,902,141.4,260065,False,False,True,False,100,-1.5379788266177683
policy,5532,956,906,141.9,260066,False,False,False,True,18,-0.8146756234865191
policy,5591,968,918,143.6,260067,False,False,False,True,59,-1.0208102972990778
policy,5691,988,938,146.4,260068,False,False,True,False,100,-1.754122230398669
policy,5791,1008,958,149.2,260069,False,False,True,False,100,-1.3602847476682471
policy,5844,1018,968,150.7,260070,False,False,False,True,53,-1.2347307160487226
policy,5944,1038,988,153.7,260071,False,False,True,False,100,-1.0867344426623995
policy,6044,1058,1008,156.8,260072,False,False,True,False,100,-1.2281808563273122
policy,6052,1060,1010,157.1,260073,False,False,False,True,8,-0.6797013372540217
policy,6152,1080,1030,160.1,260074,False,False,True,False,100,-1.5500258125957713
policy,6252,1100,1050,163.0,260075,False,False,True,False,100,-1.210879370388955
policy,6352,1120,1070,166.0,260076,False,False,True,False,100,-1.518376497257497
policy,6452,1140,1090,168.8,260077,False,False,True,False,100,-1.725573554558792
policy,6552,1160,1110,171.6,260078,False,False,True,False,100,-1.0964139034823734
policy,6592,1168,1118,172.8,260079,False,False,False,True,40,-0.8463324481142035
policy,6644,1178,1128,174.1,260080,False,False,False,True,52,-1.0688328143407535
policy,6744,1198,1148,177.0,260081,False,False,True,False,100,-1.3952309577877235
policy,6844,1218,1168,179.9,260082,False,False,True,False,100,-1.059517982281727
policy,6944,1238,1188,182.8,260083,False,False,True,False,100,-1.7502044754766488
policy,7044,1258,1208,185.8,260084,False,False,True,False,100,-1.2612287435546707
policy,7144,1278,1228,188.7,260085,False,False,True,False,100,-1.2523309319022422
policy,7244,1298,1248,191.5,260086,False,False,True,False,100,-1.6315017475741267
policy,7280,1305,1255,192.4,260087,False,False,False,True,36,-0.9277954515390725
policy,7380,1325,1275,195.2,260088,False,False,True,False,100,-1.3009619993366415
policy,7480,1345,1295,197.9,260089,False,False,True,False,100,-1.3065563101984976
policy,7540,1357,1307,199.6,260090,False,False,False,True,60,-1.0938911896686352
policy,7640,1377,1327,202.4,260091,False,False,True,False,100,-1.1843657228550555
policy,7740,1397,1347,205.2,260092,False,False,True,False,100,-1.2492031216186166
policy,7840,1417,1367,208.1,260093,False,False,True,False,100,-1.765279908432198
policy,7940,1437,1387,211.0,260094,False,False,True,False,100,-1.454016499043436
policy,8040,1457,1407,214.0,260095,False,False,True,False,100,-1.1046299381105522
policy,8140,1477,1427,216.9,260096,False,False,True,False,100,-1.4340245961527258
policy,8240,1497,1447,219.8,260097,False,False,True,False,100,-1.5041810676249168
policy,8340,1517,1467,222.6,260098,False,False,True,False,100,-1.5671917099240895
policy,8440,1537,1487,225.4,260099,False,False,True,False,100,-1.4991615612554843
policy,8477,1545,1495,226.5,260100,False,False,False,True,37,-0.8964279693335901
policy,8577,1565,1515,229.2,260101,False,False,True,False,100,-1.137702167307588
policy,8677,1585,1535,232.0,260102,False,False,True,False,100,-1.1660381499463652
policy,8750,1599,1549,234.0,260103,False,False,False,True,73,-1.0717651950958311
policy,8850,1619,1569,236.9,260104,False,False,True,False,100,-1.369778297512123
policy,8950,1639,1589,239.7,260105,False,False,True,False,100,-1.2157952038999598
policy,9050,1659,1609,242.6,260106,False,False,True,False,100,-1.6241998043702535
policy,9150,1679,1629,245.4,260107,False,False,True,False,100,-1.3331903960272218
policy,9250,1699,1649,248.3,260108,False,False,True,False,100,-1.1706513716206164
policy,9282,1706,1656,249.2,260109,False,False,False,True,32,-0.707621771826713
policy,9382,1726,1676,252.0,260110,False,False,True,False,100,-1.1268991839878222
policy,9482,1746,1696,254.9,260111,False,False,True,False,100,-1.197975891719502
policy,9582,1766,1716,257.7,260112,False,False,True,False,100,-1.4723466348042038
policy,9682,1786,1736,260.6,260113,False,False,True,False,100,-1.4469953269501392
policy,9782,1806,1756,263.4,260114,False,False,True,False,100,-1.1964151715577112
policy,9882,1826,1776,266.3,260115,False,False,True,False,100,-1.5311674293563975
policy,9938,1837,1787,267.9,260116,False,False,False,True,56,-1.0408453069267938
policy,10038,1857,1807,270.8,260117,False,False,True,False,100,-1.2231548930067402
policy,10138,1877,1827,273.8,260118,False,False,True,False,100,-1.177065212617058
policy,10170,1883,1833,274.7,260119,False,False,False,True,32,-0.913402812085129
policy,10270,1903,1853,277.7,260120,False,False,True,False,100,-1.4615947081632383
policy,10370,1923,1873,280.7,260121,False,False,True,False,100,-1.3575704577158862
policy,10470,1943,1893,283.6,260122,False,False,True,False,100,-1.5929116434752024
policy,10570,1963,1913,286.6,260123,False,False,True,False,100,-1.4211566770153827
policy,10670,1983,1933,289.6,260124,False,False,True,False,100,-1.6451788491406258
policy,10770,2003,1953,292.7,260125,False,False,True,False,100,-1.1576534411758137
policy,10870,2023,1973,295.7,260126,False,False,True,False,100,-1.1477690707672878
policy,10970,2043,1993,298.5,260127,False,False,True,False,100,-1.7467165951039179
policy,11070,2063,2013,301.7,260128,False,False,True,False,100,-1.602672048093244
policy,11170,2083,2033,304.6,260129,False,False,True,False,100,-1.4368334591015164
policy,11270,2103,2053,307.6,260130,False,False,True,False,100,-1.3233470123161966
policy,11370,2123,2073,310.8,260131,False,False,True,False,100,-1.1572892778387287
policy,11470,2143,2093,314.1,260132,False,False,True,False,100,-1.7078097339036338
policy,11538,2157,2107,316.5,260133,False,False,False,True,68,-0.9189130537654941
policy,11638,2177,2127,319.7,260134,False,False,True,False,100,-1.7290141498089813
policy,11738,2197,2147,322.6,260135,False,False,True,False,100,-1.7102581989754766
policy,11788,2207,2157,324.1,260136,False,False,False,True,50,-0.8308270416943475
policy,11888,2227,2177,327.0,260137,False,False,True,False,100,-1.1788003101923006
policy,11988,2247,2197,329.9,260138,False,False,True,False,100,-1.1765672043760937
policy,12069,2263,2213,332.3,260139,False,False,False,True,81,-1.1094021358685522
policy,12117,2273,2223,333.8,260140,False,False,False,True,48,-1.1376015548653218
policy,12217,2293,2243,336.9,260141,False,False,True,False,100,-1.6004321265449486
policy,12271,2304,2254,338.6,260142,False,False,False,True,54,-0.9910384310503381
policy,12342,2318,2268,340.9,260143,False,False,False,True,71,-1.2040682856279952
policy,12442,2338,2288,344.1,260144,False,False,True,False,100,-1.6151658593951712
policy,12542,2358,2308,347.3,260145,False,False,True,False,100,-1.475626398705487
policy,12611,2372,2322,349.6,260146,False,False,False,True,69,-0.9151016066579911
policy,12647,2379,2329,350.7,260147,False,False,False,True,36,-0.7665550118611922
policy,12706,2391,2341,352.5,260148,False,False,False,True,59,-1.2705720706775354
policy,12806,2411,2361,355.4,260149,False,False,True,False,100,-1.7889927693515197
policy,12906,2431,2381,358.3,260150,False,False,True,False,100,-1.479530284846228
policy,12919,2433,2383,358.6,260151,False,False,False,True,13,-0.8665861625193446
policy,13019,2453,2403,361.6,260152,False,False,True,False,100,-1.2421850686888236
policy,13119,2473,2423,364.6,260153,False,False,True,False,100,-1.1635243839366007
policy,13178,2485,2435,366.4,260154,False,False,False,True,59,-1.2886504789705446
policy,13278,2505,2455,369.5,260155,False,False,True,False,100,-1.7546477637551017
policy,13378,2525,2475,372.6,260156,False,False,True,False,100,-1.3953807277805315
policy,13478,2545,2495,375.8,260157,False,False,True,False,100,-1.5098780860272702
policy,13578,2565,2515,379.0,260158,False,False,True,False,100,-1.367244673067221
policy,13678,2585,2535,382.2,260159,False,False,True,False,100,-1.1994717177649816
policy,13778,2605,2555,385.2,260160,False,False,True,False,100,-1.1004127097207577
policy,13878,2625,2575,388.2,260161,False,False,True,False,100,-1.4037359594903065
policy,13978,2645,2595,391.2,260162,False,False,True,False,100,-1.4576053088317016
policy,14078,2665,2615,394.2,260163,False,False,True,False,100,-1.5783367606808836
policy,14148,2679,2629,396.4,260164,False,False,False,True,70,-1.2985962300003533
policy,14248,2699,2649,399.4,260165,False,False,True,False,100,-1.4226429996950516
policy,14348,2719,2669,402.6,260166,False,False,True,False,100,-1.4180122044708463
policy,14448,2739,2689,405.8,260167,False,False,True,False,100,-1.2891945368685502
policy,14470,2743,2693,406.5,260168,False,False,False,True,22,-0.8650572296011338
policy,14570,2763,2713,409.8,260169,False,False,True,False,100,-1.6321029163027112
policy,14598,2769,2719,410.8,260170,False,False,False,True,28,-0.7951289642988162
policy,14698,2789,2739,414.1,260171,False,False,True,False,100,-1.302124653856806
policy,14734,2796,2746,415.3,260172,False,False,False,True,36,-0.9050984572018561
policy,14834,2816,2766,418.5,260173,False,False,True,False,100,-1.6234520716416156
policy,14934,2836,2786,421.5,260174,False,False,True,False,100,-1.2591725778960976
policy,15034,2856,2806,424.5,260175,False,False,True,False,100,-1.570635765342876
policy,15134,2876,2826,427.5,260176,False,False,True,False,100,-1.2908337355682016
policy,15218,2893,2843,430.1,260177,False,False,False,True,84,-1.5819880401769253
policy,15318,2913,2863,433.1,260178,False,False,True,False,100,-1.0946767507054145
policy,15418,2933,2883,436.2,260179,False,False,True,False,100,-1.6128585610451658
policy,15518,2953,2903,439.4,260180,False,False,True,False,100,-1.5138507021465546
policy,15618,2973,2923,442.5,260181,False,False,True,False,100,-1.1081829731682697
policy,15718,2993,2943,445.7,260182,False,False,True,False,100,-1.3146704074473452
policy,15818,3013,2963,448.7,260183,False,False,True,False,100,-1.3160153406000747
policy,15879,3025,2975,450.5,260184,False,False,False,True,61,-0.892982453281001
policy,15979,3045,2995,453.6,260185,False,False,True,False,100,-1.188705095590156
policy,16079,3065,3015,456.7,260186,False,False,True,False,100,-1.2475944041671843
policy,16179,3085,3035,459.7,260187,False,True,True,False,100,-1.7728282461855378
policy,16279,3105,3055,462.8,260188,False,False,True,False,100,-1.4149517914891576
policy,16379,3125,3075,466.0,260189,False,False,True,False,100,-1.5271271156607962
policy,16479,3145,3095,469.2,260190,False,False,True,False,100,-1.6796973250693936
policy,16579,3165,3115,472.5,260191,False,False,True,False,100,-1.469685598291822
policy,16679,3185,3135,475.8,260192,False,False,True,False,100,-1.787928991418883
policy,16779,3205,3155,478.9,260193,False,False,True,False,100,-1.3582393843346123
policy,16879,3225,3175,482.0,260194,False,False,True,False,100,-1.8157690571770366
policy,16889,3227,3177,482.3,260195,False,False,False,True,10,-0.6834786416725134
policy,16989,3247,3197,485.4,260196,False,False,True,False,100,-1.4469017494015808
policy,17066,3263,3213,487.9,260197,False,False,False,True,77,-1.2205841884205557
policy,17091,3268,3218,488.7,260198,False,False,False,True,25,-0.8247891723177181
policy,17191,3288,3238,491.9,260199,False,False,True,False,100,-1.2336488819058826
policy,17291,3308,3258,495.1,260200,False,False,True,False,100,-1.3940028131071451
policy,17391,3328,3278,498.4,260201,False,False,True,False,100,-1.4140138681192465
policy,17491,3348,3298,501.7,260202,False,False,True,False,100,-1.1617389802066627
policy,17544,3358,3308,503.3,260203,False,False,False,True,53,-1.1025865167835975
policy,17644,3378,3328,506.7,260204,False,False,True,False,100,-1.1263653485788883
policy,17744,3398,3348,509.8,260205,False,False,True,False,100,-1.664014781367456
policy,17844,3418,3368,513.0,260206,False,False,True,False,100,-1.3117861072772818
policy,17944,3438,3388,516.0,260207,False,False,True,False,100,-1.7403064940502255
policy,18044,3458,3408,519.1,260208,False,False,True,False,100,-1.5867057197743177
policy,18116,3473,3423,521.5,260209,False,False,False,True,72,-1.3176948896094176
policy,18216,3493,3443,524.7,260210,False,False,True,False,100,-1.3172356591840826
policy,18316,3513,3463,528.0,260211,False,False,True,False,100,-1.3301417562180708
policy,18416,3533,3483,531.3,260212,False,False,True,False,100,-1.2571543725080754
policy,18432,3536,3486,531.9,260213,False,False,False,True,16,-0.8062866900456316
policy,18532,3556,3506,535.3,260214,False,False,True,False,100,-1.1493666926326385
policy,18632,3576,3526,538.7,260215,False,False,True,False,100,-1.369658321470446
policy,18732,3596,3546,542.0,260216,False,False,True,False,100,-1.4652767528225805
policy,18832,3616,3566,545.4,260217,False,False,True,False,100,-1.4343471878884624
policy,18932,3636,3586,548.7,260218,False,False,True,False,100,-1.4567945336967412
policy,19032,3656,3606,551.9,260219,False,False,True,False,100,-1.4789363130460598
policy,19132,3676,3626,555.0,260220,False,False,True,False,100,-1.4583957752548247
policy,19194,3688,3638,557.0,260221,False,False,False,True,62,-0.926111117663715
policy,19294,3708,3658,560.2,260222,False,False,True,False,100,-1.3981330778071808
policy,19387,3727,3677,563.2,260223,False,False,False,True,93,-1.489116251826999
policy,19487,3747,3697,566.4,260224,False,False,True,False,100,-1.6116615098952471
policy,19587,3767,3717,569.5,260225,False,False,True,False,100,-1.1355855355817621
policy,19620,3773,3723,570.4,260226,False,False,False,True,33,-0.7553346745521301
policy,19720,3793,3743,573.5,260227,False,False,True,False,100,-1.3883290175778609
policy,19820,3813,3763,576.6,260228,False,False,True,False,100,-1.4944967474958446
policy,19920,3833,3783,579.8,260229,False,False,True,False,100,-1.1208107934837894
policy,20020,3853,3803,583.0,260230,False,False,True,False,100,-1.654173822590533
policy,20120,3873,3823,586.2,260231,False,False,True,False,100,-1.3166051159498044
policy,20219,3893,3843,589.2,260232,False,False,False,True,99,-1.3424073014806588
policy,20319,3913,3863,592.3,260233,False,False,True,False,100,-1.572588627767511
policy,20419,3933,3883,595.4,260234,False,False,True,False,100,-1.530809884571584
policy,20519,3953,3903,598.6,260235,False,False,True,False,100,-1.234929731024963
policy,20619,3973,3923,602.1,260236,False,False,True,False,100,-1.2958750991988635
policy,20628,3975,3925,602.4,260237,False,False,False,True,9,-0.5923540358101096
policy,20728,3995,3945,605.6,260238,False,False,True,False,100,-1.5464535394775532
policy,20768,4003,3953,606.9,260239,False,False,False,True,40,-0.7769349175461371
policy,20868,4023,3973,610.2,260240,False,False,True,False,100,-1.2386126461347393
policy,20923,4034,3984,612.0,260241,False,False,False,True,55,-1.300841843506273
policy,21023,4054,4004,615.8,260242,False,False,True,False,100,-1.566817376208541
policy,21123,4074,4024,619.1,260243,False,False,True,False,100,-1.6697243842927818
policy,21223,4094,4044,622.3,260244,False,False,True,False,100,-1.2770802336473919
policy,21323,4114,4064,625.5,260245,False,False,True,False,100,-1.5777196740384491
policy,21423,4134,4084,628.8,260246,False,False,True,False,100,-1.4231082792155307
policy,21483,4146,4096,630.7,260247,False,False,False,True,60,-1.1471580320481987
policy,21540,4157,4107,632.5,260248,False,False,False,True,57,-1.07536264568894
policy,21640,4177,4127,635.8,260249,False,False,True,False,100,-1.215095079604024
policy,21740,4197,4147,639.1,260250,False,False,True,False,100,-1.216807128881817
policy,21797,4209,4159,641.2,260251,False,False,False,True,57,-1.0764256776291015
policy,21859,4221,4171,643.2,260252,False,False,False,True,62,-1.1762561119298645
policy,21959,4241,4191,646.6,260253,False,False,True,False,100,-1.2236232928775765
policy,22059,4261,4211,649.8,260254,False,False,True,False,100,-1.524488594493907
policy,22159,4281,4231,653.0,260255,False,False,True,False,100,-1.4102123175747505
policy,22259,4301,4251,656.2,260256,False,False,True,False,100,-1.2325549471680959
policy,22359,4321,4271,659.4,260257,False,False,True,False,100,-1.225353336607356
policy,22459,4341,4291,662.6,260258,False,False,True,False,100,-1.515085206941674
policy,22559,4361,4311,665.9,260259,False,False,True,False,100,-1.1779768174717107
policy,22636,4377,4327,668.4,260260,False,False,False,True,77,-1.1867220982044722
policy,22687,4387,4337,670.1,260261,False,False,False,True,51,-0.960344335655406
policy,22787,4407,4357,673.3,260262,False,False,True,False,100,-1.4824363040898039
policy,22887,4427,4377,676.6,260263,False,False,True,False,100,-1.1920841988446205
policy,22932,4436,4386,678.0,260264,False,False,False,True,45,-1.1506203514046804
policy,23032,4456,4406,681.3,260265,False,False,True,False,100,-1.4244870240402203
policy,23132,4476,4426,684.4,260266,False,False,True,False,100,-1.2206385412709595
policy,23178,4485,4435,685.9,260267,False,True,False,True,46,-1.2956463585787041
policy,23278,4505,4455,689.1,260268,False,False,True,False,100,-1.1939073385834131
policy,23282,4506,4456,689.2,260269,False,False,False,True,4,-0.7224458601656186
policy,23345,4518,4468,691.2,260270,False,False,False,True,63,-1.0825770362144918
policy,23437,4537,4487,694.2,260271,False,False,False,True,92,-1.36626594564718
policy,23537,4557,4507,697.5,260272,False,False,True,False,100,-1.312270100268238
policy,23637,4577,4527,700.8,260273,False,False,True,False,100,-1.6805764602886666
policy,23737,4597,4547,704.0,260274,False,False,True,False,100,-1.2968964147952828
policy,23837,4617,4567,707.2,260275,False,False,True,False,100,-1.3422043877536165
policy,23937,4637,4587,710.3,260276,False,False,True,False,100,-1.2587827091623884
policy,24037,4657,4607,713.5,260277,False,False,True,False,100,-1.3941859044118738
policy,24106,4671,4621,715.7,260278,False,False,False,True,69,-1.2063245740669772
policy,24206,4691,4641,718.9,260279,False,False,True,False,100,-1.1577721040430746
policy,24306,4711,4661,722.1,260280,False,False,True,False,100,-1.392280109213946
policy,24406,4731,4681,725.6,260281,False,False,True,False,100,-1.1005679913884436
policy,24506,4751,4701,729.0,260282,False,False,True,False,100,-1.6258900853200386
policy,24606,4771,4721,732.4,260283,False,False,True,False,100,-1.5776306723833489
policy,24706,4791,4741,735.8,260284,False,False,True,False,100,-1.2153068786715333
policy,24760,4801,4751,737.5,260285,False,False,False,True,54,-1.0408351034191683
policy,24860,4821,4771,740.8,260286,False,False,True,False,100,-1.6401595243600469
policy,24960,4841,4791,744.0,260287,False,False,True,False,100,-1.3935728541832368
policy,25060,4861,4811,747.1,260288,False,False,True,False,100,-1.6423605126053011
policy,25140,4877,4827,749.7,260289,False,False,False,True,80,-1.300128292488628
policy,25179,4885,4835,750.9,260290,False,False,False,True,39,-0.774222038923962
policy,25257,4901,4851,753.6,260291,False,False,False,True,78,-1.1250858233945746
policy,25351,4920,4870,756.7,260292,False,True,False,True,94,-1.31981570111803
policy,25451,4940,4890,759.9,260293,False,False,True,False,100,-1.346526860101482
policy,25462,4942,4892,760.2,260294,False,False,False,True,11,-0.6045083219240737
policy,25562,4962,4912,763.4,260295,False,False,True,False,100,-1.2456862370929787
policy,25589,4967,4917,764.2,260296,False,False,False,True,27,-0.8250550084784718
policy,25689,4987,4937,767.4,260297,False,False,True,False,100,-1.1669644957590655
policy,25789,5007,4957,770.7,260298,False,False,True,False,100,-1.4017432949576112
policy,25889,5027,4977,774.1,260299,False,False,True,False,100,-1.323245544715752
policy,25989,5047,4997,777.3,260300,False,False,True,False,100,-1.577521467026128
policy,26089,5067,5017,780.6,260301,False,False,True,False,100,-1.3849105831810795
policy,26174,5084,5034,783.4,260302,False,False,False,True,85,-1.1703402150350792
policy,26274,5104,5054,786.6,260303,False,False,True,False,100,-1.4691509771307607
policy,26374,5124,5074,789.9,260304,False,False,True,False,100,-1.2615967432395205
policy,26474,5144,5094,793.2,260305,False,False,True,False,100,-1.2672449465010667
policy,26574,5164,5114,796.5,260306,False,False,True,False,100,-1.5590214983746238
policy,26674,5184,5134,799.8,260307,False,False,True,False,100,-1.1632101198786498
policy,26774,5204,5154,803.1,260308,False,False,True,False,100,-1.6779091874183782
policy,26783,5206,5156,803.5,260309,False,False,False,True,9,-0.6553005762728021
policy,26883,5226,5176,806.9,260310,False,False,True,False,100,-1.631987035370217
policy,26983,5246,5196,810.1,260311,False,False,True,False,100,-1.452011867503163
policy,27083,5266,5216,813.4,260312,False,False,True,False,100,-1.2731906563954385
policy,27183,5286,5236,816.7,260313,False,False,True,False,100,-1.311906479324005
policy,27283,5306,5256,820.0,260314,False,False,True,False,100,-1.3886000604675037
policy,27382,5326,5276,823.4,260315,False,False,False,True,99,-1.06176792967933
policy,27482,5346,5296,826.8,260316,False,False,True,False,100,-1.2725150308419693
policy,27582,5366,5316,830.1,260317,False,False,True,False,100,-1.4899613685287272
policy,27682,5386,5336,833.4,260318,False,True,True,False,100,-1.8209973890155746
policy,27782,5406,5356,836.8,260319,False,False,True,False,100,-1.4828393260389698
policy,27875,5424,5374,839.9,260320,False,False,False,True,93,-1.218312840982092
policy,27975,5444,5394,843.2,260321,False,False,True,False,100,-1.3398252670197548
policy,28075,5464,5414,846.4,260322,False,False,True,False,100,-1.376875229084868
policy,28175,5484,5434,849.6,260323,False,False,True,False,100,-1.251513836655158
policy,28254,5500,5450,852.3,260324,False,False,False,True,79,-1.4656665903207036
policy,28354,5520,5470,855.9,260325,False,False,True,False,100,-1.6953482117541645
policy,28454,5540,5490,859.6,260326,False,False,True,False,100,-1.630273472258548
policy,28554,5560,5510,863.1,260327,False,False,True,False,100,-1.4139196266330696
policy,28603,5570,5520,864.9,260328,False,False,False,True,49,-1.082579954979475
policy,28703,5590,5540,868.5,260329,False,False,True,False,100,-1.622564752219172
policy,28803,5610,5560,871.8,260330,False,False,True,False,100,-1.3678520542277883
policy,28903,5630,5580,875.1,260331,False,False,True,False,100,-1.561397763480795
policy,29003,5650,5600,878.3,260332,False,False,True,False,100,-1.2538673621541425
policy,29103,5670,5620,881.6,260333,False,False,True,False,100,-1.2396431800898644
policy,29143,5678,5628,882.9,260334,False,False,False,True,40,-1.069004200470666
policy,29243,5698,5648,886.3,260335,False,False,True,False,100,-1.1805081844369976
policy,29282,5706,5656,887.8,260336,False,False,False,True,39,-0.8559699592089793
policy,29382,5726,5676,891.4,260337,False,False,True,False,100,-1.7051200522081114
policy,29482,5746,5696,895.2,260338,False,False,True,False,100,-1.460586638734621
policy,29582,5766,5716,898.7,260339,False,False,True,False,100,-1.2831384615198953
policy,29682,5786,5736,902.5,260340,False,False,True,False,100,-1.4383855325372492
policy,29782,5806,5756,905.9,260341,False,False,True,False,100,-1.3787028113847208
policy,29835,5816,5766,907.7,260342,False,False,False,True,53,-0.9086331224810791
policy,29909,5831,5781,910.2,260343,False,False,False,True,74,-1.5304652971316477
policy,30009,5851,5801,913.4,260344,False,False,True,False,100,-1.6112955035337975
policy,30057,5861,5811,915.1,260345,False,False,False,True,48,-0.9296583904494515
policy,30062,5862,5812,915.2,260346,False,False,False,True,5,-0.7848004104473898
policy,30131,5876,5826,917.5,260347,False,False,False,True,69,-1.0664415912333587
policy,30231,5896,5846,920.7,260348,False,False,True,False,100,-1.4426481857079225
policy,30331,5916,5866,924.0,260349,False,False,True,False,100,-1.2483580477694625
policy,30431,5936,5886,927.4,260350,False,False,True,False,100,-1.1084348157609867
policy,30531,5956,5906,930.8,260351,False,False,True,False,100,-1.7499603117834757
policy,30631,5976,5926,934.1,260352,False,False,True,False,100,-1.3015133409684694
policy,30731,5996,5946,937.5,260353,False,False,True,False,100,-1.2662384886060924
policy,30831,6016,5966,940.9,260354,False,False,True,False,100,-1.816847458366746
policy,30931,6036,5986,944.1,260355,False,False,True,False,100,-1.2083406177313178
policy,31031,6056,6006,947.4,260356,False,False,True,False,100,-1.7203183647657951
policy,31131,6076,6026,950.5,260357,False,False,True,False,100,-1.2180594696297988
policy,31231,6096,6046,953.9,260358,False,False,True,False,100,-1.1319348917137193
policy,31331,6116,6066,957.1,260359,False,False,True,False,100,-1.3281125574214139
policy,31422,6134,6084,960.1,260360,False,False,False,True,91,-1.222230037753345
policy,31522,6154,6104,963.4,260361,False,False,True,False,100,-1.4123896504460922
policy,31622,6174,6124,966.7,260362,False,False,True,False,100,-1.2044803934598192
policy,31722,6194,6144,970.1,260363,False,True,True,False,100,-1.2981880859303097
policy,31822,6214,6164,973.8,260364,False,False,True,False,100,-1.583170842630925
policy,31914,6232,6182,976.9,260365,False,False,False,True,92,-1.2984795619693035
policy,32014,6252,6202,980.3,260366,False,False,True,False,100,-1.6390843429063369
policy,32114,6272,6222,983.7,260367,False,False,True,False,100,-1.3032605990626447
policy,32142,6278,6228,984.7,260368,False,False,False,True,28,-1.0166442378285327
policy,32242,6298,6248,988.1,260369,False,False,True,False,100,-1.7931785826538018
policy,32342,6318,6268,991.5,260370,False,False,True,False,100,-1.1899629397859497
policy,32442,6338,6288,995.0,260371,False,False,True,False,100,-1.2908422677627274
policy,32542,6358,6308,998.7,260372,False,False,True,False,100,-1.1171967439237946
policy,32642,6378,6328,1002.3,260373,False,False,True,False,100,-1.6006161184839955
policy,32742,6398,6348,1005.9,260374,False,False,True,False,100,-1.4520390477292837
policy,32842,6418,6368,1009.5,260375,False,False,True,False,100,-1.575053380269797
policy,32927,6435,6385,1012.6,260376,False,False,False,True,85,-1.298057528900842
policy,33027,6455,6405,1016.3,260377,False,False,True,False,100,-1.7295886235733995
policy,33127,6475,6425,1019.7,260378,False,False,True,False,100,-1.5558068745923763
policy,33227,6495,6445,1023.1,260379,False,False,True,False,100,-1.3517800998373475
policy,33245,6498,6448,1023.6,260380,False,False,False,True,18,-0.6662482667266256
policy,33345,6518,6468,1027.0,260381,False,False,True,False,100,-1.1647856748679493
policy,33403,6530,6480,1029.1,260382,False,False,False,True,58,-1.0761371909908652
policy,33503,6550,6500,1032.5,260383,False,False,True,False,100,-1.3263517287163655
policy,33529,6555,6505,1033.3,260384,False,False,False,True,26,-1.0124864927847304
policy,33629,6575,6525,1036.8,260385,False,False,True,False,100,-1.1297356476331823
policy,33729,6595,6545,1040.2,260386,False,False,True,False,100,-1.676760022695031
policy,33829,6615,6565,1043.6,260387,False,False,True,False,100,-1.4742266415256395
policy,33899,6629,6579,1046.0,260388,False,False,False,True,70,-1.0586085906196723
policy,33999,6649,6599,1049.4,260389,False,False,True,False,100,-1.7024910214055735
policy,34099,6669,6619,1052.9,260390,False,False,True,False,100,-1.4577876952523035
policy,34199,6689,6639,1056.3,260391,False,False,True,False,100,-1.409918219347448
policy,34299,6709,6659,1059.6,260392,False,False,True,False,100,-1.2167405206228326
policy,34314,6712,6662,1060.1,260393,False,False,False,True,15,-0.6971337461844056
policy,34414,6732,6682,1063.5,260394,False,False,True,False,100,-1.0934647150223802
policy,34514,6752,6702,1066.9,260395,False,False,True,False,100,-1.2700770205083205
policy,34574,6764,6714,1069.0,260396,False,False,False,True,60,-1.1467509132904872
policy,34634,6776,6726,1071.1,260397,False,False,False,True,60,-0.9643569045824181
policy,34720,6793,6743,1074.1,260398,False,False,False,True,86,-1.2955731102634997
policy,34802,6810,6760,1077.2,260399,False,False,False,True,82,-0.9895016321356385
policy,34902,6830,6780,1080.9,260400,False,False,True,False,100,-1.2460723181939362
policy,35002,6850,6800,1084.3,260401,False,False,True,False,100,-1.493360028136692
policy,35055,6860,6810,1086.1,260402,False,False,False,True,53,-1.2549297275549784
policy,35125,6874,6824,1088.5,260403,False,False,False,True,70,-1.0075101073258483
policy,35142,6878,6828,1089.2,260404,False,False,False,True,17,-0.8293013931288848
policy,35172,6884,6834,1090.2,260405,False,False,False,True,30,-1.0023769940712461
policy,35251,6900,6850,1093.0,260406,False,False,False,True,79,-1.0675884255380197
policy,35307,6911,6861,1094.8,260407,False,False,False,True,56,-1.2629864578390972
policy,35407,6931,6881,1098.3,260408,False,False,True,False,100,-1.560035439445922
policy,35471,6944,6894,1100.5,260409,False,False,False,True,64,-1.097619004493957
policy,35509,6951,6901,1101.8,260410,False,False,False,True,38,-0.9043809058837523
policy,35582,6966,6916,1104.4,260411,False,False,False,True,73,-1.3943576994829872
policy,35601,6970,6920,1105.0,260412,False,False,False,True,19,-0.750596400269844
policy,35653,6980,6930,1106.8,260413,False,False,False,True,52,-1.2705061304383272
policy,35720,6993,6943,1109.0,260414,False,False,False,True,67,-1.2421228545152472
policy,35732,6996,6946,1109.5,260415,False,False,False,True,12,-0.6228264134802786
policy,35772,7004,6954,1110.8,260416,False,False,False,True,40,-1.168191403664072
policy,35803,7010,6960,1111.9,260417,False,False,False,True,31,-0.7875882528534217
policy,35882,7026,6976,1114.6,260418,False,False,False,True,79,-1.314681308443399
policy,35916,7033,6983,1115.8,260419,False,False,False,True,34,-0.9799203629650559
policy,35984,7046,6996,1118.1,260420,False,False,False,True,68,-1.1048266110037144
policy,36064,7062,7012,1120.8,260421,False,False,False,True,80,-1.337810117571061
policy,36122,7074,7024,1122.8,260422,False,False,False,True,58,-1.3709120530515135
policy,36134,7076,7026,1123.2,260423,False,False,False,True,12,-0.9872061690352502
policy,36193,7088,7038,1125.2,260424,False,False,False,True,59,-1.196359396916613
policy,36220,7093,7043,1126.0,260425,False,False,False,True,27,-0.6796143142700503
policy,36262,7102,7052,1127.5,260426,False,False,False,True,42,-0.7854391263535987
policy,36317,7113,7063,1129.4,260427,False,False,False,True,55,-0.9593869524011782
policy,36345,7118,7068,1130.3,260428,False,False,False,True,28,-0.7365161302545009
policy,36416,7133,7083,1132.8,260429,False,True,False,True,71,-1.26691232069322
policy,36448,7139,7089,1133.8,260430,False,False,False,True,32,-1.0095388387820696
policy,36466,7143,7093,1134.5,260431,False,False,False,True,18,-0.9001095553866706
policy,36545,7158,7108,1137.0,260432,False,False,False,True,79,-1.5275952230799952
policy,36641,7178,7128,1140.6,260433,False,False,False,True,96,-1.6241154053565805
policy,36671,7184,7134,1141.7,260434,False,False,False,True,30,-1.0030783621914876
policy,36692,7188,7138,1142.4,260435,False,False,False,True,21,-0.7197096683535277
policy,36709,7191,7141,1142.9,260436,False,False,False,True,17,-0.6394675885186627
policy,36747,7199,7149,1144.4,260437,False,False,False,True,38,-0.8403358567589159
policy,36759,7201,7151,1144.7,260438,False,False,False,True,12,-0.6318913627291103
policy,36797,7209,7159,1146.1,260439,False,False,False,True,38,-0.8261444823949471
policy,36831,7216,7166,1147.4,260440,False,False,False,True,34,-0.7990619412482298
policy,36874,7224,7174,1148.7,260441,False,False,False,True,43,-0.907131553541159
policy,36974,7244,7194,1152.2,260442,False,False,True,False,100,-1.222791458506677
policy,37015,7252,7202,1153.5,260443,False,False,False,True,41,-0.9371772081815449
policy,37034,7256,7206,1154.2,260444,False,False,False,True,19,-0.8561548361402785
policy,37054,7260,7210,1154.9,260445,False,False,False,True,20,-0.7995842734044759
policy,37077,7265,7215,1155.7,260446,False,False,False,True,23,-0.913157497389102
policy,37159,7281,7231,1158.4,260447,False,False,False,True,82,-1.3576388316458052
policy,37202,7290,7240,1159.9,260448,False,False,False,True,43,-0.8585226508444211
policy,37235,7296,7246,1161.0,260449,False,False,False,True,33,-1.023359929360807
policy,37242,7298,7248,1161.3,260450,False,False,False,True,7,-0.6388873722913889
policy,37342,7318,7268,1164.7,260451,False,False,True,False,100,-1.4532456105529996
policy,37372,7324,7274,1165.7,260452,False,False,False,True,30,-0.9291386825102459
policy,37437,7337,7287,1167.9,260453,False,False,False,True,65,-1.0131770133633986
policy,37464,7342,7292,1168.7,260454,False,False,False,True,27,-0.8201148826299189
policy,37528,7355,7305,1171.0,260455,False,False,False,True,64,-0.9880737925657852
policy,37628,7375,7325,1174.5,260456,False,False,True,False,100,-1.5459563814025872
policy,37676,7385,7335,1176.2,260457,False,False,False,True,48,-1.0444494860385731
policy,37776,7405,7355,1179.8,260458,False,False,True,False,100,-1.6885856645379356
policy,37858,7421,7371,1182.5,260459,False,False,False,True,82,-1.5116714028798013
policy,37958,7441,7391,1186.1,260460,False,False,True,False,100,-1.5106731851240862
policy,38045,7458,7408,1189.4,260461,False,False,False,True,87,-1.4179104499958473
policy,38145,7478,7428,1193.1,260462,False,False,True,False,100,-1.1044890406969619
policy,38196,7489,7439,1195.3,260463,False,False,False,True,51,-0.9517700412160717
policy,38219,7493,7443,1196.1,260464,False,False,False,True,23,-0.7270927125110038
policy,38317,7513,7463,1199.7,260465,False,False,False,True,98,-1.4300033774964571
policy,38408,7531,7481,1203.1,260466,False,False,False,True,91,-0.981046357506307
policy,38508,7551,7501,1206.8,260467,False,False,True,False,100,-1.115395212449394
policy,38608,7571,7521,1210.3,260468,False,False,True,False,100,-1.795009100316439
policy,38708,7591,7541,1214.4,260469,False,False,True,False,100,-1.0979354463074977
policy,38768,7603,7553,1216.6,260470,False,False,False,True,60,-0.9450005265351236
policy,38813,7612,7562,1218.2,260471,False,False,False,True,45,-1.0815525051654011
policy,38864,7622,7572,1220.1,260472,False,False,False,True,51,-0.9126248311041416
policy,38964,7642,7592,1223.7,260473,False,False,True,False,100,-1.3663494711995552
policy,39064,7662,7612,1227.6,260474,False,False,True,False,100,-1.2734047674569813
policy,39164,7682,7632,1231.1,260475,False,False,True,False,100,-1.533929286525214
policy,39195,7688,7638,1232.1,260476,False,False,False,True,31,-0.9762562085765107
policy,39201,7690,7640,1232.4,260477,False,False,False,True,6,-0.6467770021929804
policy,39229,7695,7645,1233.3,260478,False,False,False,True,28,-0.6901268146610423
policy,39329,7715,7665,1236.7,260479,False,False,True,False,100,-1.2731364370710754
policy,39359,7721,7671,1237.7,260480,False,False,False,True,30,-0.8803631081117403
policy,39459,7741,7691,1241.2,260481,False,False,True,False,100,-1.3907973726713732
policy,39559,7761,7711,1244.9,260482,False,False,True,False,100,-1.7044520769078182
policy,39593,7768,7718,1246.1,260483,False,False,False,True,34,-0.9529912857734766
policy,39693,7788,7738,1249.6,260484,False,False,True,False,100,-1.4304860438041427
policy,39793,7808,7758,1253.1,260485,False,False,True,False,100,-1.3966602642377013
policy,39893,7828,7778,1256.9,260486,False,False,True,False,100,-1.5751464409968414
policy,39993,7848,7798,1260.7,260487,False,False,True,False,100,-1.5919207800490476
policy,40060,7861,7811,1262.9,260488,False,False,False,True,67,-1.1921943362304739
policy,40160,7881,7831,1266.4,260489,False,False,True,False,100,-1.5694303095853734
policy,40226,7895,7845,1268.8,260490,False,False,False,True,66,-1.2821224577691281
policy,40255,7900,7850,1269.6,260491,False,False,False,True,29,-0.713754243421968
policy,40355,7920,7870,1273.2,260492,False,False,True,False,100,-1.480940838416736
policy,40455,7940,7890,1276.8,260493,False,False,True,False,100,-1.538164444845227
policy,40555,7960,7910,1280.4,260494,False,False,True,False,100,-1.452438322722465
policy,40655,7980,7930,1284.3,260495,False,False,True,False,100,-1.7555909354528947
policy,40691,7988,7938,1285.8,260496,False,False,False,True,36,-1.0243181349617692
policy,40791,8008,7958,1289.5,260497,False,False,True,False,100,-1.1648639102083782
policy,40891,8028,7978,1293.2,260498,False,False,True,False,100,-1.3325882526746837
policy,40991,8048,7998,1296.8,260499,False,False,True,False,100,-1.2542981021906525
policy,41091,8068,8018,1300.4,260500,False,False,True,False,100,-1.4571266473024405
policy,41191,8088,8038,1303.9,260501,False,False,True,False,100,-1.6322333949074532
policy,41291,8108,8058,1307.7,260502,False,False,True,False,100,-1.3702986460104567
policy,41391,8128,8078,1311.2,260503,False,False,True,False,100,-1.488859813424937
policy,41491,8148,8098,1314.7,260504,False,False,True,False,100,-1.212187098650558
policy,41591,8168,8118,1318.5,260505,False,False,True,False,100,-1.3874036575023967
policy,41641,8178,8128,1320.3,260506,False,False,False,True,50,-1.1505899001643076
policy,41668,8183,8133,1321.2,260507,False,False,False,True,27,-0.8568136548727288
policy,41768,8203,8153,1324.7,260508,False,True,True,False,100,-1.5262109345485375
policy,41845,8218,8168,1327.4,260509,False,False,False,True,77,-1.1713616200567842
policy,41936,8237,8187,1330.9,260510,False,False,False,True,91,-1.209624763048128
policy,41966,8243,8193,1332.2,260511,False,False,False,True,30,-0.8799129148702406
policy,41989,8247,8197,1333.0,260512,False,False,False,True,23,-0.7871003575698432
policy,42046,8259,8209,1335.4,260513,False,False,False,True,57,-1.0905644791606315
policy,42146,8279,8229,1339.3,260514,False,False,True,False,100,-1.2541997052005414
policy,42246,8299,8249,1343.1,260515,False,False,True,False,100,-1.441092341525152
policy,42293,8308,8258,1344.7,260516,False,False,False,True,47,-1.012431806324642
policy,42371,8324,8274,1347.5,260517,False,False,False,True,78,-1.1259867781654487
policy,42399,8329,8279,1348.4,260518,False,False,False,True,28,-0.8435517489941364
policy,42499,8349,8299,1351.8,260519,False,False,True,False,100,-1.1111246286579646
policy,42540,8357,8307,1353.3,260520,False,False,False,True,41,-0.8506800350770715
policy,42578,8365,8315,1354.7,260521,False,False,False,True,38,-0.8805151317743009
policy,42662,8382,8332,1357.8,260522,False,False,False,True,84,-1.1881479071987209
policy,42713,8392,8342,1359.7,260523,False,True,False,True,51,-0.9703962246543577
policy,42750,8399,8349,1361.1,260524,False,False,False,True,37,-0.9807078082018483
policy,42850,8419,8369,1365.0,260525,False,False,True,False,100,-1.124831883469048
policy,42891,8428,8378,1366.7,260526,False,False,False,True,41,-1.1292364814102058
policy,42991,8448,8398,1370.8,260527,False,False,True,False,100,-1.210429868382745
policy,43015,8452,8402,1371.5,260528,False,False,False,True,24,-0.8893856922232588
policy,43115,8472,8422,1375.3,260529,False,False,True,False,100,-1.5958081095589942
policy,43215,8492,8442,1379.0,260530,False,False,True,False,100,-1.3099148275025287
policy,43274,8504,8454,1381.1,260531,False,False,False,True,59,-1.086151220159448
policy,43374,8524,8474,1384.6,260532,False,False,True,False,100,-1.1598772588785944
policy,43474,8544,8494,1388.1,260533,False,False,True,False,100,-1.1117614472815018
policy,43574,8564,8514,1391.6,260534,False,False,True,False,100,-1.3534322242538837
policy,43674,8584,8534,1395.2,260535,False,False,True,False,100,-1.4717849769725588
policy,43774,8604,8554,1399.0,260536,False,False,True,False,100,-1.3042884240206543
policy,43874,8624,8574,1403.0,260537,False,False,True,False,100,-1.38569994496565
policy,43974,8644,8594,1407.3,260538,False,False,True,False,100,-1.5059907463211573
policy,44074,8664,8614,1411.5,260539,False,False,True,False,100,-1.436581333497768
policy,44174,8684,8634,1415.3,260540,False,False,True,False,100,-1.3430696943558713
policy,44274,8704,8654,1419.1,260541,False,False,True,False,100,-1.4396954089529117
policy,44374,8724,8674,1423.1,260542,False,False,True,False,100,-1.1128313211185161
policy,44474,8744,8694,1427.3,260543,False,False,True,False,100,-1.4795395226262018
policy,44574,8764,8714,1431.2,260544,False,False,True,False,100,-1.4920503035845527
policy,44624,8774,8724,1433.2,260545,False,False,False,True,50,-1.0146887943736254
policy,44724,8794,8744,1436.9,260546,False,False,True,False,100,-1.5314390519708836
policy,44736,8797,8747,1437.5,260547,False,False,False,True,12,-0.7447378280834831
policy,44836,8817,8767,1441.2,260548,False,False,True,False,100,-1.5839952571064626
policy,44890,8827,8777,1443.0,260549,False,False,False,True,54,-0.8209469712726286
policy,44990,8847,8797,1447.0,260550,False,False,True,False,100,-1.2606069130787607
policy,45090,8867,8817,1450.8,260551,False,False,True,False,100,-1.3075412616828401
policy,45190,8887,8837,1454.5,260552,False,False,True,False,100,-1.6451459569038545
policy,45290,8907,8857,1458.5,260553,False,False,True,False,100,-1.182930894264295
policy,45336,8917,8867,1460.7,260554,False,False,False,True,46,-1.0317064891840428
policy,45408,8931,8881,1463.2,260555,False,False,False,True,72,-1.19473039581842
policy,45508,8951,8901,1466.8,260556,False,False,True,False,100,-1.136726383255073
policy,45608,8971,8921,1470.3,260557,False,False,True,False,100,-1.574155209483714
policy,45708,8991,8941,1474.2,260558,False,False,True,False,100,-1.7638019329055317
policy,45740,8997,8947,1475.6,260559,False,False,False,True,32,-0.7597042345164782
policy,45840,9017,8967,1479.6,260560,False,False,True,False,100,-1.2648470915267604
policy,45903,9030,8980,1482.2,260561,False,False,False,True,63,-0.9320880275036654
policy,45944,9038,8988,1483.9,260562,False,False,False,True,41,-0.8228547405013131
policy,46044,9058,9008,1488.1,260563,False,False,True,False,100,-1.2972383686178945
policy,46095,9068,9018,1490.2,260564,False,False,False,True,51,-0.999307645310012
policy,46195,9088,9038,1494.2,260565,False,False,True,False,100,-1.2418563283415476
policy,46242,9098,9048,1496.5,260566,False,False,False,True,47,-0.9274202474551474
policy,46342,9118,9068,1500.5,260567,False,False,True,False,100,-1.2014090342200185
policy,46409,9131,9081,1503.6,260568,False,False,False,True,67,-1.4106651644054025
policy,46509,9151,9101,1508.1,260569,False,False,True,False,100,-1.1013109243665375
policy,46609,9171,9121,1512.3,260570,False,False,True,False,100,-1.6079599766949964
policy,46656,9181,9131,1514.3,260571,False,False,False,True,47,-0.8674844300131165
policy,46756,9201,9151,1518.4,260572,False,False,True,False,100,-1.5306038906828623
policy,46830,9215,9165,1521.2,260573,False,False,False,True,74,-0.9622021991152956
policy,46861,9222,9172,1522.5,260574,False,False,False,True,31,-1.0353503392384895
policy,46961,9242,9192,1526.7,260575,False,False,True,False,100,-1.1897429124667567
policy,47061,9262,9212,1530.8,260576,False,False,True,False,100,-1.1689464428809204
policy,47161,9282,9232,1535.8,260577,False,False,True,False,100,-1.403139908589474
policy,47224,9294,9244,1538.3,260578,False,False,False,True,63,-1.1635689343961417
policy,47273,9304,9254,1540.4,260579,False,False,False,True,49,-0.9426797190468201
policy,47373,9324,9274,1544.4,260580,False,False,True,False,100,-1.6995829651407452
policy,47473,9344,9294,1548.8,260581,False,False,True,False,100,-1.122619318664619
policy,47573,9364,9314,1552.7,260582,False,False,True,False,100,-1.1202627382541612
policy,47601,9370,9320,1553.9,260583,False,False,False,True,28,-0.8282226452032457
policy,47701,9390,9340,1557.6,260584,False,False,True,False,100,-1.1835258321106918
policy,47723,9394,9344,1558.4,260585,False,False,False,True,22,-0.7801639757080926
policy,47745,9398,9348,1559.2,260586,False,False,False,True,22,-0.7838438123850799
policy,47803,9410,9360,1561.6,260587,False,False,False,True,58,-0.9312636982531359
policy,47822,9414,9364,1562.5,260588,False,False,False,True,19,-0.7381884673324943
policy,47922,9434,9384,1566.5,260589,False,False,True,False,100,-1.6785740397248616
policy,47994,9448,9398,1569.0,260590,False,False,False,True,72,-1.247615095460395
policy,48094,9468,9418,1572.8,260591,False,False,True,False,100,-1.3904938379737386
policy,48181,9486,9436,1576.3,260592,False,False,False,True,87,-1.212346480222552
policy,48197,9489,9439,1576.9,260593,False,False,False,True,16,-0.8596747729262759
policy,48297,9509,9459,1580.7,260594,False,False,True,False,100,-1.2004736232068884
policy,48397,9529,9479,1584.5,260595,False,False,True,False,100,-1.3011330051101087
policy,48497,9549,9499,1588.2,260596,False,False,True,False,100,-1.3983956083551492
policy,48579,9565,9515,1591.1,260597,False,False,False,True,82,-0.95384459706023
policy,48679,9585,9535,1594.8,260598,False,False,True,False,100,-1.3538875281480554
policy,48753,9600,9550,1597.6,260599,False,False,False,True,74,-1.3725953423318311
policy,48782,9606,9556,1598.7,260600,False,False,False,True,29,-1.061834566567656
policy,48804,9610,9560,1599.4,260601,False,False,False,True,22,-0.9605052827564912
policy,48904,9630,9580,1602.9,260602,False,False,True,False,100,-1.4215464467545749
policy,48939,9637,9587,1604.2,260603,False,False,False,True,35,-0.9527382618307523
policy,49039,9657,9607,1607.8,260604,False,False,True,False,100,-1.3003015342406044
policy,49092,9668,9618,1609.9,260605,False,False,False,True,53,-1.0382145551764717
policy,49192,9688,9638,1613.7,260606,False,False,True,False,100,-1.183288816576975
policy,49208,9691,9641,1614.3,260607,False,False,False,True,16,-0.7837352284391483
policy,49308,9711,9661,1618.2,260608,False,False,True,False,100,-1.586043666153445
policy,49408,9731,9681,1622.2,260609,False,False,True,False,100,-1.6111443028679018
policy,49508,9751,9701,1626.3,260610,False,False,True,False,100,-1.5550233646515843
policy,49547,9759,9709,1627.8,260611,False,False,False,True,39,-1.1361473333603997
policy,49604,9770,9720,1629.9,260612,False,False,False,True,57,-1.110779699387248
policy,49704,9790,9740,1633.6,260613,False,False,True,False,100,-1.1423791046587777
policy,49804,9810,9760,1637.2,260614,False,False,True,False,100,-1.3141593843135073
policy,49822,9814,9764,1638.0,260615,False,False,False,True,18,-0.8641741142255709
policy,49902,9830,9780,1640.9,260616,False,False,False,True,80,-1.2864217039349255
policy,49938,9837,9787,1642.1,260617,False,False,False,True,36,-1.1390529641709537
policy,49958,9841,9791,1642.9,260618,False,False,False,True,20,-0.7804959708389487
policy,49965,9842,9792,1643.0,260619,False,False,False,True,7,-0.7397140963616995
policy,50065,9862,9812,1646.7,260620,False,False,True,False,100,-1.2769426402230377
policy,50136,9877,9827,1649.4,260621,False,False,False,True,71,-1.149480686984601
policy,50236,9897,9847,1653.3,260622,False,False,True,False,100,-1.5133335045061558
policy,50284,9906,9856,1655.1,260623,False,False,False,True,48,-0.8997787601301296
policy,50330,9915,9865,1656.8,260624,False,False,False,True,46,-0.9718409934013474
policy,50430,9935,9885,1660.6,260625,False,False,True,False,100,-1.3696324978738281
policy,50519,9953,9903,1664.1,260626,False,False,False,True,89,-1.310388564039907
policy,50619,9973,9923,1667.9,260627,False,False,True,False,100,-1.398184822646234
policy,50719,9993,9943,1671.7,260628,False,False,True,False,100,-1.4193161477970957
policy,50819,10013,9963,1675.2,260629,False,False,True,False,100,-1.3377099193634174
policy,50919,10033,9983,1678.8,260630,False,False,True,False,100,-1.1755300234381176
policy,51019,10053,10003,1682.4,260631,False,False,True,False,100,-1.1303387192144263
policy,51039,10057,10007,1683.2,260632,False,False,False,True,20,-0.7060738410785807
policy,51139,10077,10027,1686.9,260633,False,False,True,False,100,-1.244601050017894
policy,51239,10097,10047,1690.5,260634,False,False,True,False,100,-1.5044134141779595
policy,51270,10103,10053,1691.6,260635,False,False,False,True,31,-0.8805465114540596
policy,51347,10119,10069,1694.6,260636,False,False,False,True,77,-1.077602651824805
policy,51354,10120,10070,1694.8,260637,False,False,False,True,7,-0.6251141965184084
policy,51385,10126,10076,1695.9,260638,False,False,False,True,31,-0.719739631942617
policy,51467,10143,10093,1699.1,260639,False,False,False,True,82,-1.1426478208345427
policy,51540,10157,10107,1701.6,260640,False,False,False,True,73,-1.3985423414670302
policy,51640,10177,10127,1705.2,260641,False,False,True,False,100,-1.8248345586237626
policy,51740,10197,10147,1708.7,260642,False,False,True,False,100,-1.195821132268638
policy,51840,10217,10167,1712.2,260643,False,False,True,False,100,-1.4724688506845123
policy,51940,10237,10187,1715.9,260644,False,False,True,False,100,-1.2230471693843552
policy,52029,10255,10205,1719.2,260645,False,False,False,True,89,-1.2276710912858848
policy,52129,10275,10225,1722.9,260646,False,False,True,False,100,-1.4476642212000863
policy,52229,10295,10245,1726.6,260647,False,False,True,False,100,-1.1488418519680899
policy,52323,10314,10264,1730.2,260648,False,False,False,True,94,-1.2544749739269334
policy,52423,10334,10284,1733.9,260649,False,False,True,False,100,-1.3266687612760402
policy,52523,10354,10304,1737.4,260650,False,False,True,False,100,-1.399677658571746
policy,52623,10374,10324,1740.9,260651,False,False,True,False,100,-1.2473192511977964
policy,52723,10394,10344,1744.4,260652,False,False,False,True,100,-1.4464954148315037
policy,52805,10410,10360,1747.3,260653,False,False,False,True,82,-1.2963401793895586
policy,52826,10415,10365,1748.2,260654,False,False,False,True,21,-0.6536834013214934
policy,52850,10419,10369,1748.9,260655,False,False,False,True,24,-0.8764548025922329
policy,52883,10426,10376,1750.2,260656,False,False,False,True,33,-0.9347394936241511
policy,52983,10446,10396,1754.0,260657,False,False,True,False,100,-1.5127178693067753
policy,53083,10466,10416,1757.9,260658,False,False,True,False,100,-1.3805166385177103
policy,53087,10467,10417,1758.1,260659,False,False,False,True,4,-0.8664789819681371
policy,53187,10487,10437,1761.7,260660,False,False,True,False,100,-1.5229777393542927
policy,53227,10495,10445,1763.1,260661,False,False,False,True,40,-1.1543549025276871
policy,53256,10501,10451,1764.2,260662,False,False,False,True,29,-0.7192903313730016
policy,53356,10521,10471,1767.8,260663,False,False,True,False,100,-1.7017938143459044
policy,53394,10528,10478,1769.0,260664,False,False,False,True,38,-1.0691962223165905
policy,53494,10548,10498,1772.5,260665,False,False,True,False,100,-1.196098956957099
policy,53594,10568,10518,1776.2,260666,False,False,True,False,100,-1.4579813517267106
policy,53694,10588,10538,1780.0,260667,False,False,True,False,100,-1.4313575687726563
policy,53794,10608,10558,1783.9,260668,False,False,True,False,100,-1.3034098540951435
policy,53868,10623,10573,1786.6,260669,False,False,False,True,74,-1.0809143606828566
policy,53916,10633,10583,1788.4,260670,False,False,False,True,48,-1.0033206109397033
policy,53951,10640,10590,1789.8,260671,False,False,False,True,35,-0.9670688837716124
policy,53962,10642,10592,1790.1,260672,False,False,False,True,11,-0.6963658828698951
policy,54052,10660,10610,1793.6,260673,False,False,False,True,90,-1.0984302483952848
policy,54152,10680,10630,1797.2,260674,False,False,True,False,100,-1.371221042454403
policy,54185,10686,10636,1798.3,260675,False,False,False,True,33,-0.7629866695999095
policy,54285,10706,10656,1802.0,260676,False,False,True,False,100,-1.4440339737632728
policy,54385,10726,10676,1805.8,260677,False,False,True,False,100,-1.2665981571065381
policy,54479,10745,10695,1809.1,260678,False,False,False,True,94,-1.3637603609055313
policy,54579,10765,10715,1813.1,260679,False,False,True,False,100,-1.60209855429363
policy,54679,10785,10735,1816.7,260680,False,False,True,False,100,-1.5205434063837524
policy,54779,10805,10755,1820.3,260681,False,False,True,False,100,-1.5771238322669074
policy,54834,10816,10766,1822.2,260682,False,False,False,True,55,-1.2025530192841518
policy,54899,10829,10779,1824.5,260683,False,False,False,True,65,-0.8942382771356869
policy,54999,10849,10799,1828.1,260684,False,False,True,False,100,-1.6474385927901023
policy,55099,10869,10819,1831.7,260685,False,False,True,False,100,-1.5829011791907743
policy,55199,10889,10839,1835.2,260686,False,False,True,False,100,-1.1416661041701917
policy,55273,10904,10854,1838.3,260687,False,False,False,True,74,-0.9401943149493602
policy,55297,10909,10859,1839.4,260688,False,False,False,True,24,-0.7809620456705639
policy,55397,10929,10879,1843.3,260689,False,False,True,False,100,-1.4698885167148923
policy,55444,10938,10888,1845.0,260690,False,False,False,True,47,-1.1327415317634895
policy,55544,10958,10908,1848.6,260691,False,False,True,False,100,-1.5062049347440856
policy,55644,10978,10928,1852.3,260692,False,False,True,False,100,-1.391267577749054
policy,55744,10998,10948,1857.5,260693,False,False,True,False,100,-1.5092241019161925
policy,55792,11008,10958,1859.5,260694,False,False,False,True,48,-1.2312573228500299
policy,55800,11009,10959,1859.7,260695,False,False,False,True,8,-0.8063394872811661
policy,55852,11020,10970,1861.7,260696,False,False,False,True,52,-1.0507511469971647
policy,55952,11040,10990,1865.3,260697,False,False,True,False,100,-1.1447224605885165
policy,55998,11049,10999,1866.9,260698,False,False,False,True,46,-1.2819750651311572
policy,56008,11051,11001,1867.3,260699,False,False,False,True,10,-0.6122464342154694
policy,56108,11071,11021,1870.9,260700,False,False,True,False,100,-1.3083473593672954
policy,56208,11091,11041,1874.6,260701,False,False,True,False,100,-1.5651539413851232
policy,56308,11111,11061,1878.5,260702,False,False,True,False,100,-1.5372604617052776
policy,56408,11131,11081,1882.3,260703,False,False,True,False,100,-1.5619452701675058
policy,56474,11144,11094,1884.8,260704,False,False,False,True,66,-1.022389385574355
policy,56574,11164,11114,1888.7,260705,False,False,True,False,100,-1.662438860098441
policy,56662,11182,11132,1892.0,260706,False,False,False,True,88,-1.3323146663505407
policy,56751,11200,11150,1895.6,260707,False,False,False,True,89,-1.617820893898477
policy,56835,11216,11166,1898.5,260708,False,False,False,True,84,-1.0989723951204398
policy,56862,11222,11172,1900.0,260709,False,False,False,True,27,-0.8375350470804472
policy,56962,11242,11192,1903.8,260710,False,False,True,False,100,-1.3245202688525017
policy,57062,11262,11212,1907.3,260711,False,False,True,False,100,-1.1817887049590166
policy,57162,11282,11232,1911.1,260712,False,False,True,False,100,-1.4562830516275578
policy,57262,11302,11252,1914.6,260713,False,False,True,False,100,-1.3393296370209284
policy,57362,11322,11272,1918.4,260714,False,False,True,False,100,-1.562508835140674
policy,57395,11328,11278,1919.5,260715,False,False,False,True,33,-1.0548414967353907
policy,57495,11348,11298,1923.0,260716,False,False,True,False,100,-1.3514283535957228
policy,57588,11367,11317,1926.3,260717,False,False,False,True,93,-1.499209623561512
policy,57598,11369,11319,1926.7,260718,False,False,False,True,10,-0.7763309863892376
policy,57698,11389,11339,1930.1,260719,False,False,True,False,100,-1.3162846330400626
policy,57735,11396,11346,1931.3,260720,False,False,False,True,37,-1.116910192667146
policy,57787,11407,11357,1933.2,260721,False,False,False,True,52,-0.9401888904251525
policy,57887,11427,11377,1936.7,260722,False,False,True,False,100,-1.51784926195063
policy,57987,11447,11397,1940.3,260723,False,False,True,False,100,-1.2658485768758538
policy,58087,11467,11417,1943.9,260724,False,False,True,False,100,-1.576122296692256
policy,58154,11480,11430,1946.2,260725,False,False,False,True,67,-1.3269782290057395
policy,58240,11497,11447,1949.2,260726,False,False,False,True,86,-1.168402130795144
policy,58340,11517,11467,1952.5,260727,False,False,True,False,100,-1.3527949017563419
policy,58440,11537,11487,1955.9,260728,False,False,True,False,100,-1.4205253268813767
policy,58462,11542,11492,1956.8,260729,False,False,False,True,22,-0.7684743557313429
policy,58535,11556,11506,1959.5,260730,False,False,False,True,73,-1.5045129423339771
policy,58635,11576,11526,1963.0,260731,False,True,True,False,100,-1.7921421599544893
policy,58650,11579,11529,1963.7,260732,False,False,False,True,15,-0.6873143294507454
policy,58687,11587,11537,1965.3,260733,False,False,False,True,37,-0.9018988514569652
policy,58787,11607,11557,1969.0,260734,False,False,True,False,100,-1.49941595966007
policy,58850,11619,11569,1971.0,260735,False,False,False,True,63,-0.9030732979899975
policy,58909,11631,11581,1973.0,260736,False,True,False,True,59,-1.3538283698500624
policy,59005,11650,11600,1976.2,260737,False,False,False,True,96,-1.3696278676984943
policy,59105,11670,11620,1979.6,260738,False,False,True,False,100,-1.1422326829734593
policy,59126,11675,11625,1980.4,260739,False,False,False,True,21,-0.6591044593691986
policy,59226,11695,11645,1983.7,260740,False,False,True,False,100,-1.2412850402045275
policy,59243,11698,11648,1984.2,260741,False,False,False,True,17,-0.7503066235122806
policy,59343,11718,11668,1987.5,260742,False,False,True,False,100,-1.1281417377115877
policy,59431,11736,11686,1990.5,260743,False,False,False,True,88,-1.2202066615530023
policy,59531,11756,11706,1993.9,260744,False,False,True,False,100,-1.2901072073573774
policy,59547,11759,11709,1994.5,260745,False,False,False,True,16,-0.6928162984447618
policy,59647,11779,11729,1998.0,260746,False,False,True,False,100,-1.1041974525875995
policy,59747,11799,11749,2001.4,260747,False,False,True,False,100,-1.2165160066670904
policy,59783,11806,11756,2002.6,260748,False,False,False,True,36,-1.0657689739499463
policy,59803,11810,11760,2003.3,260749,False,False,False,True,20,-0.8730480298473212
policy,59829,11815,11765,2004.1,260750,False,False,False,True,26,-0.9016863279480587
policy,59929,11835,11785,2007.4,260751,False,False,True,False,100,-1.426069702966336
policy,60029,11855,11805,2010.7,260752,False,False,True,False,100,-1.5055608740916304
policy,60129,11875,11825,2014.0,260753,False,False,True,False,100,-1.1036945859007048
policy,60147,11879,11829,2014.7,260754,False,False,False,True,18,-0.8158295700496848
policy,60247,11899,11849,2018.0,260755,False,False,True,False,100,-1.486639247058177
policy,60347,11919,11869,2021.4,260756,False,False,True,False,100,-1.1707735798942618
policy,60447,11939,11889,2024.9,260757,False,False,True,False,100,-1.3966011455748493
policy,60547,11959,11909,2028.5,260758,False,False,True,False,100,-1.2525777695263534
policy,60647,11979,11929,2031.8,260759,False,False,True,False,100,-1.2315804999461797
policy,60660,11981,11931,2032.1,260760,False,False,False,True,13,-0.6796151825807382
policy,60760,12001,11951,2035.4,260761,False,False,True,False,100,-1.4149726883147469
policy,60821,12014,11964,2037.4,260762,False,False,False,True,61,-0.8667381490600214
policy,60921,12034,11984,2040.7,260763,False,False,True,False,100,-1.7110293078433532
policy,61021,12054,12004,2043.9,260764,False,False,True,False,100,-1.5129425269259513
policy,61121,12074,12024,2047.2,260765,False,False,True,False,100,-1.212824300304654
policy,61221,12094,12044,2050.5,260766,False,False,True,False,100,-1.1213565739434808
policy,61321,12114,12064,2054.0,260767,False,False,True,False,100,-1.335385926006085
policy,61355,12120,12070,2055.0,260768,False,False,False,True,34,-0.8026910397012617
policy,61455,12140,12090,2058.6,260769,False,False,True,False,100,-1.2411056842569717
policy,61555,12160,12110,2062.1,260770,False,False,True,False,100,-1.5233907289454662
policy,61606,12171,12121,2063.9,260771,False,False,False,True,51,-0.8595943007228688
policy,61649,12179,12129,2065.3,260772,False,False,False,True,43,-1.0147091758973283
policy,61749,12199,12149,2068.7,260773,False,False,True,False,100,-1.4091074315886642
policy,61792,12208,12158,2070.2,260774,False,False,False,True,43,-1.0109854977583195
policy,61849,12219,12169,2072.0,260775,False,False,False,True,57,-0.9235044555093743
policy,61869,12223,12173,2072.6,260776,False,False,False,True,20,-0.775345124019041
policy,61934,12236,12186,2074.7,260777,False,False,False,True,65,-0.9552000521808278
policy,61948,12239,12189,2075.2,260778,False,False,False,True,14,-0.7134132162791883
policy,62006,12251,12201,2077.1,260779,False,False,False,True,58,-1.1932246983922778
policy,62042,12258,12208,2078.3,260780,False,False,False,True,36,-1.173039975784819
policy,62142,12278,12228,2081.4,260781,False,False,True,False,100,-1.335920415048577
policy,62242,12298,12248,2084.6,260782,False,False,True,False,100,-1.3324329658279916
policy,62342,12318,12268,2087.8,260783,False,False,True,False,100,-1.7569256457897389
policy,62442,12338,12288,2091.1,260784,False,False,True,False,100,-1.5572878642998047
policy,62487,12347,12297,2092.5,260785,False,False,False,True,45,-1.2183212304155404
policy,62587,12367,12317,2095.9,260786,False,False,True,False,100,-1.3706320377513692
policy,62687,12387,12337,2099.2,260787,False,False,True,False,100,-1.3895245403279524
policy,62713,12392,12342,2100.1,260788,False,False,False,True,26,-0.8927949267166485
policy,62810,12411,12361,2103.6,260789,False,False,False,True,97,-1.1685408717882808
policy,62910,12431,12381,2106.7,260790,False,False,True,False,100,-1.382281222486729
policy,63010,12451,12401,2109.8,260791,False,False,True,False,100,-1.714260951507581
policy,63110,12471,12421,2112.8,260792,False,False,True,False,100,-1.5219921037557922
policy,63210,12491,12441,2116.0,260793,False,False,True,False,100,-1.081777118741735
policy,63310,12511,12461,2119.1,260794,False,False,True,False,100,-1.5506724286554845
policy,63410,12531,12481,2122.4,260795,False,False,True,False,100,-1.5122237116558388
policy,63498,12549,12499,2125.4,260796,False,False,False,True,88,-1.0802554390739043
policy,63598,12569,12519,2128.8,260797,False,False,True,False,100,-1.4115505881266956
policy,63698,12589,12539,2132.0,260798,False,False,True,False,100,-1.3160802880709244
policy,63798,12609,12559,2135.2,260799,False,False,True,False,100,-1.4194245405900507
policy,63898,12629,12579,2138.5,260800,False,False,True,False,100,-1.4275174866216753
policy,63998,12649,12599,2141.8,260801,False,False,True,False,100,-1.4571322768805994
policy,64015,12652,12602,2142.3,260802,False,False,False,True,17,-0.8881823853032524
policy,64115,12672,12622,2145.6,260803,False,False,True,False,100,-1.5280666156060687
policy,64215,12692,12642,2148.8,260804,False,False,True,False,100,-1.8037131155264614
policy,64222,12694,12644,2149.1,260805,False,False,False,True,7,-0.7418327687232913
policy,64261,12702,12652,2150.4,260806,False,False,False,True,39,-0.9622720015439169
policy,64361,12722,12672,2153.6,260807,False,False,True,False,100,-1.3777773470817867
policy,64461,12742,12692,2156.7,260808,False,False,True,False,100,-1.198241519420204
policy,64561,12762,12712,2160.0,260809,False,False,True,False,100,-1.4908899584689197
policy,64609,12771,12721,2161.5,260810,False,False,False,True,48,-0.9627206872325015
policy,64660,12781,12731,2163.1,260811,False,False,False,True,51,-1.1253216618225739
policy,64691,12788,12738,2164.3,260812,False,False,False,True,31,-0.8319974908917902
policy,64730,12795,12745,2165.5,260813,False,False,False,True,39,-0.7816931307425701
policy,64759,12801,12751,2166.5,260814,False,False,False,True,29,-0.9965800723411183
policy,64789,12807,12757,2167.6,260815,False,False,False,True,30,-0.7757945647659148
policy,64889,12827,12777,2171.2,260816,False,True,True,False,100,-1.624041923422126
policy,64989,12847,12797,2174.7,260817,False,False,True,False,100,-1.8060142357823634
policy,65045,12858,12808,2176.6,260818,False,False,False,True,56,-1.1545747552042518
policy,65145,12878,12828,2179.8,260819,False,False,True,False,100,-1.5527346979869412
policy,65189,12887,12837,2181.2,260820,False,False,False,True,44,-0.8734005414561211
policy,65289,12907,12857,2184.4,260821,False,False,True,False,100,-1.4372886107545273
policy,65389,12927,12877,2187.5,260822,False,False,True,False,100,-1.6692573538910644
policy,65489,12947,12897,2190.8,260823,False,False,True,False,100,-1.334310742286561
policy,65589,12967,12917,2193.9,260824,False,False,True,False,100,-1.643097037050555
policy,65629,12975,12925,2195.2,260825,False,False,False,True,40,-0.7588737118568682
policy,65697,12989,12939,2197.5,260826,False,False,False,True,68,-0.9162388592362851
policy,65797,13009,12959,2200.7,260827,False,False,True,False,100,-1.5719656694554216
policy,65897,13029,12979,2204.0,260828,False,False,True,False,100,-1.216579049828684
policy,65910,13031,12981,2204.4,260829,False,False,False,True,13,-0.7578078108948766
policy,66010,13051,13001,2207.7,260830,False,False,True,False,100,-1.474080532037201
policy,66110,13071,13021,2211.1,260831,False,False,True,False,100,-1.4121024089783063
policy,66210,13091,13041,2214.3,260832,False,False,True,False,100,-1.4202150983470816
policy,66234,13096,13046,2215.1,260833,False,False,False,True,24,-0.7070236729327489
policy,66305,13110,13060,2217.4,260834,False,False,False,True,71,-1.1746247118093454
policy,66405,13130,13080,2220.6,260835,False,False,True,False,100,-1.4826668015223612
policy,66490,13147,13097,2223.3,260836,False,False,False,True,85,-1.3518138293621713
policy,66590,13167,13117,2226.6,260837,False,False,True,False,100,-1.0894140467699596
policy,66690,13187,13137,2229.8,260838,False,False,True,False,100,-1.27722495726653
policy,66790,13207,13157,2233.0,260839,False,False,True,False,100,-1.3536230741123292
policy,66890,13227,13177,2236.3,260840,False,False,True,False,100,-1.5809572429966101
policy,66963,13242,13192,2238.8,260841,False,False,False,True,73,-0.9744921399718394
policy,67030,13255,13205,2240.9,260842,False,False,False,True,67,-1.2576286628730036
policy,67130,13275,13225,2244.4,260843,False,False,True,False,100,-1.3675562227872056
policy,67230,13295,13245,2247.7,260844,False,False,True,False,100,-1.162923731112416
policy,67283,13306,13256,2249.4,260845,False,False,False,True,53,-0.9379017313389773
policy,67361,13322,13272,2251.9,260846,False,False,False,True,78,-0.9986598841658167
policy,67418,13333,13283,2253.6,260847,False,False,False,True,57,-1.0952698345470515
policy,67470,13343,13293,2255.1,260848,False,False,False,True,52,-1.0254229431148514
policy,67570,13363,13313,2258.2,260849,False,False,True,False,100,-1.3657733126401563
policy,67670,13383,13333,2261.3,260850,False,False,True,False,100,-1.570567078037174
policy,67752,13400,13350,2264.0,260851,False,False,False,True,82,-1.167612049658173
policy,67852,13420,13370,2267.2,260852,False,False,True,False,100,-1.4511775048068833
policy,67928,13435,13385,2269.6,260853,False,False,False,True,76,-1.0094971269475215
policy,68028,13455,13405,2273.1,260854,False,False,True,False,100,-1.6810883549249214
policy,68128,13475,13425,2276.8,260855,False,False,True,False,100,-1.4795850426252406
policy,68228,13495,13445,2280.1,260856,False,False,True,False,100,-1.4859924839902567
policy,68314,13512,13462,2282.8,260857,False,False,False,True,86,-1.1680728627288632
policy,68365,13522,13472,2284.3,260858,False,False,False,True,51,-1.1041818989400762
policy,68410,13531,13481,2285.7,260859,False,False,False,True,45,-1.0884304454087184
policy,68504,13550,13500,2288.8,260860,False,False,False,True,94,-1.390144522531212
policy,68604,13570,13520,2292.0,260861,False,False,True,False,100,-1.1541965081077807
policy,68704,13590,13540,2295.1,260862,False,False,True,False,100,-1.3996412940820337
policy,68804,13610,13560,2298.3,260863,False,False,True,False,100,-1.7347982077519346
policy,68854,13620,13570,2299.9,260864,False,False,False,True,50,-0.9035777255201753
policy,68954,13640,13590,2303.2,260865,False,False,True,False,100,-1.267791004738835
policy,69054,13660,13610,2306.5,260866,False,False,True,False,100,-1.5348425448850278
policy,69154,13680,13630,2309.8,260867,False,False,True,False,100,-1.396489563809722
policy,69254,13700,13650,2313.0,260868,False,False,True,False,100,-1.3047116045984146
policy,69354,13720,13670,2316.2,260869,False,False,True,False,100,-1.0959755179940565
policy,69454,13740,13690,2319.2,260870,False,False,True,False,100,-1.1833192663195817
policy,69554,13760,13710,2322.3,260871,False,False,True,False,100,-1.5095795105233916
policy,69590,13767,13717,2323.4,260872,False,False,False,True,36,-0.7310428340879812
policy,69690,13787,13737,2326.5,260873,False,False,True,False,100,-1.2742075604508787
policy,69728,13795,13745,2327.8,260874,False,False,False,True,38,-0.9621487722485107
policy,69828,13815,13765,2331.0,260875,False,False,True,False,100,-1.1876362286379818
policy,69928,13835,13785,2334.3,260876,False,False,True,False,100,-1.5111012757759812
policy,70028,13855,13805,2337.7,260877,False,False,True,False,100,-1.4323224608387137
policy,70128,13875,13825,2341.1,260878,False,False,True,False,100,-1.6491868330609498
policy,70228,13895,13845,2344.4,260879,False,False,True,False,100,-1.315642614749708
policy,70328,13915,13865,2347.6,260880,False,False,True,False,100,-1.6105562471095924
policy,70364,13922,13872,2348.7,260881,False,False,False,True,36,-0.9685934763857122
policy,70464,13942,13892,2351.9,260882,False,False,True,False,100,-1.2814060857274376
policy,70506,13951,13901,2353.4,260883,False,False,False,True,42,-1.0583365133680744
policy,70545,13958,13908,2354.6,260884,False,False,False,True,39,-0.8352931887768853
policy,70645,13978,13928,2357.8,260885,False,False,True,False,100,-1.4982581149247702
policy,70745,13998,13948,2361.2,260886,False,False,True,False,100,-1.3751621329467925
policy,70835,14016,13966,2364.4,260887,False,False,False,True,90,-1.3485281729531209
policy,70935,14036,13986,2367.9,260888,False,False,True,False,100,-1.2212347336233589
policy,71035,14056,14006,2371.4,260889,False,False,True,False,100,-1.5447143938897003
policy,71135,14076,14026,2374.8,260890,False,False,True,False,100,-1.1603883316985073
policy,71235,14096,14046,2378.2,260891,False,False,True,False,100,-1.2108673009341886
policy,71333,14116,14066,2381.4,260892,False,False,False,True,98,-1.5661241075071302
policy,71422,14134,14084,2384.4,260893,False,False,False,True,89,-1.2174087613190099
policy,71522,14154,14104,2387.6,260894,False,False,True,False,100,-1.236682258324883
policy,71622,14174,14124,2390.8,260895,False,False,True,False,100,-1.4227932742362135
policy,71679,14185,14135,2392.6,260896,False,False,False,True,57,-0.8911108090775162
policy,71779,14205,14155,2395.9,260897,False,False,True,False,100,-1.4823756115489888
policy,71879,14225,14175,2399.1,260898,False,False,True,False,100,-1.4356422705310212
policy,71979,14245,14195,2402.3,260899,False,False,True,False,100,-1.5784250921134275
policy,72079,14265,14215,2405.7,260900,False,False,True,False,100,-1.6547463385293129
policy,72120,14273,14223,2407.0,260901,False,False,False,True,41,-0.9323464828739542
policy,72220,14293,14243,2410.0,260902,False,False,True,False,100,-1.270260679561443
policy,72320,14313,14263,2413.6,260903,False,False,True,False,100,-1.196227881698574
policy,72420,14333,14283,2416.8,260904,False,False,True,False,100,-1.1604588104003717
policy,72520,14353,14303,2420.0,260905,False,False,True,False,100,-1.6198217524000582
policy,72537,14357,14307,2420.7,260906,False,False,False,True,17,-0.7629133139200244
policy,72637,14377,14327,2424.0,260907,False,False,True,False,100,-1.283818234592997
policy,72737,14397,14347,2427.3,260908,False,False,True,False,100,-1.4280428231219795
policy,72837,14417,14367,2430.6,260909,False,False,True,False,100,-1.1656615179395653
policy,72927,14435,14385,2433.6,260910,False,False,False,True,90,-1.5744266435245056
policy,73027,14455,14405,2436.8,260911,False,False,True,False,100,-1.5056251777474525
policy,73127,14475,14425,2440.0,260912,False,False,True,False,100,-1.8105680065282392
policy,73196,14489,14439,2442.2,260913,False,False,False,True,69,-1.3595520462742914
policy,73267,14503,14453,2444.4,260914,False,False,False,True,71,-1.145811303805004
policy,73367,14523,14473,2447.6,260915,False,False,True,False,100,-1.6361736293535174
policy,73467,14543,14493,2450.9,260916,False,False,True,False,100,-1.1310310467345097
policy,73515,14552,14502,2452.4,260917,False,False,False,True,48,-1.18446296349948
policy,73615,14572,14522,2455.7,260918,False,False,True,False,100,-1.3353361798312786
policy,73640,14577,14527,2456.6,260919,False,False,False,True,25,-0.7237692851271499
policy,73740,14597,14547,2460.1,260920,False,False,True,False,100,-1.2616464635732518
policy,73840,14617,14567,2463.5,260921,False,False,True,False,100,-1.5251628201516032
policy,73940,14637,14587,2466.8,260922,False,False,True,False,100,-1.1269236820829138
policy,74040,14657,14607,2470.0,260923,False,False,True,False,100,-1.5556199522807317
policy,74078,14665,14615,2471.3,260924,False,False,False,True,38,-0.9471514835692236
policy,74178,14685,14635,2474.5,260925,False,False,True,False,100,-1.326368833997976
policy,74278,14705,14655,2477.6,260926,False,False,True,False,100,-1.4254711119794683
policy,74378,14725,14675,2480.8,260927,False,False,True,False,100,-1.1167996735142485
policy,74397,14729,14679,2481.4,260928,False,False,False,True,19,-0.8493501070633085
policy,74497,14749,14699,2484.6,260929,False,False,True,False,100,-1.3769650405798612
policy,74542,14758,14708,2486.0,260930,False,False,False,True,45,-0.978539994334696
policy,74642,14778,14728,2489.2,260931,False,False,True,False,100,-1.3276605983011391
policy,74742,14798,14748,2492.3,260932,False,False,True,False,100,-1.6189478345155612
policy,74842,14818,14768,2495.4,260933,False,False,True,False,100,-1.5406886748182889
policy,74942,14838,14788,2498.6,260934,False,False,True,False,100,-1.1959545066383572
policy,75042,14858,14808,2501.7,260935,False,False,True,False,100,-1.3431316692398398
policy,75142,14878,14828,2504.9,260936,False,False,True,False,100,-1.2371002687453656
policy,75242,14898,14848,2508.0,260937,False,False,True,False,100,-1.1875488053115513
policy,75342,14918,14868,2511.2,260938,False,False,True,False,100,-1.4897721710695078
policy,75408,14931,14881,2513.3,260939,False,False,False,True,66,-1.1659427079231655
policy,75508,14951,14901,2516.4,260940,False,False,True,False,100,-1.3954851600375051
policy,75608,14971,14921,2519.5,260941,False,False,True,False,100,-1.0927161219315804
policy,75708,14991,14941,2522.6,260942,False,False,True,False,100,-1.3350417056136261
policy,75808,15011,14961,2525.8,260943,False,False,True,False,100,-1.0877051053265983
policy,75908,15031,14981,2529.0,260944,False,False,True,False,100,-1.4067454941451716
policy,76008,15051,15001,2532.1,260945,False,False,True,False,100,-1.3083357840758982
policy,76031,15056,15006,2533.0,260946,False,False,False,True,23,-0.8378354354955052
policy,76131,15076,15026,2536.2,260947,False,False,True,False,100,-1.5032739862532738
policy,76231,15096,15046,2539.5,260948,False,True,True,False,100,-1.4034009626085844
policy,76331,15116,15066,2542.6,260949,False,False,True,False,100,-1.1570469964440417
policy,76431,15136,15086,2545.8,260950,False,False,True,False,100,-1.1300464501198886
policy,76490,15147,15097,2547.6,260951,False,False,False,True,59,-1.0340289976028798
policy,76590,15167,15117,2550.7,260952,False,False,True,False,100,-1.2333119372598198
policy,76690,15187,15137,2553.9,260953,False,False,True,False,100,-1.6132733189427726
policy,76790,15207,15157,2557.1,260954,False,False,True,False,100,-1.589817882234586
policy,76862,15222,15172,2559.5,260955,False,False,False,True,72,-0.9993016008177608
policy,76962,15242,15192,2562.7,260956,False,False,True,False,100,-1.5376830239853994
policy,77062,15262,15212,2566.0,260957,False,False,True,False,100,-1.2690187745080233
policy,77162,15282,15232,2569.4,260958,False,False,True,False,100,-1.3764185602801802
policy,77262,15302,15252,2572.8,260959,False,False,True,False,100,-1.4510027549366735
policy,77362,15322,15272,2576.0,260960,False,False,True,False,100,-1.3969340323627994
policy,77462,15342,15292,2579.1,260961,False,False,True,False,100,-1.5911208535803298
policy,77562,15362,15312,2582.4,260962,False,False,True,False,100,-1.274540133585354
policy,77662,15382,15332,2585.6,260963,False,False,True,False,100,-1.2159784163718192
policy,77762,15402,15352,2588.8,260964,False,False,True,False,100,-1.4357667068017173
policy,77862,15422,15372,2592.2,260965,False,False,True,False,100,-1.3236391643436485
policy,77962,15442,15392,2595.5,260966,False,False,True,False,100,-1.2861010294800885
policy,77978,15445,15395,2596.0,260967,False,False,False,True,16,-0.7326067972266992
policy,78078,15465,15415,2599.5,260968,False,False,True,False,100,-1.3654697490129237
policy,78178,15485,15435,2603.0,260969,False,False,True,False,100,-1.558816649261742
policy,78278,15505,15455,2606.2,260970,False,False,True,False,100,-1.4654280379170426
policy,78378,15525,15475,2609.4,260971,False,False,True,False,100,-1.1688393920436215
policy,78478,15545,15495,2612.7,260972,False,False,True,False,100,-1.4448769745539343
policy,78522,15554,15504,2614.1,260973,False,False,False,True,44,-1.0464600903637438
policy,78622,15574,15524,2617.3,260974,False,False,True,False,100,-1.513559773389234
policy,78712,15592,15542,2620.1,260975,False,False,False,True,90,-1.4409030702935104
policy,78812,15612,15562,2623.3,260976,False,False,True,False,100,-1.5076584122296097
policy,78912,15632,15582,2626.5,260977,False,False,True,False,100,-1.6564626141447176
policy,79012,15652,15602,2629.8,260978,False,False,True,False,100,-1.5373521424433487
policy,79018,15653,15603,2630.0,260979,False,False,False,True,6,-0.6921847745727504
policy,79118,15673,15623,2633.3,260980,False,False,True,False,100,-1.512854212594912
policy,79218,15693,15643,2636.7,260981,False,False,True,False,100,-1.6092873132619914
policy,79228,15695,15645,2637.0,260982,False,False,False,True,10,-0.7905388964521896
policy,79328,15715,15665,2640.2,260983,False,False,True,False,100,-1.2008608867393673
policy,79414,15732,15682,2642.9,260984,False,False,False,True,86,-1.441678545807438
policy,79513,15752,15702,2646.0,260985,False,True,False,True,99,-1.8850403036326298
policy,79613,15772,15722,2649.1,260986,False,False,True,False,100,-1.5335249119926417
policy,79713,15792,15742,2652.3,260987,False,False,True,False,100,-1.4064966503040965
policy,79813,15812,15762,2655.5,260988,False,False,True,False,100,-1.5522729815677803
policy,79913,15832,15782,2658.8,260989,False,False,True,False,100,-1.3868398616589086
policy,80013,15852,15802,2662.0,260990,False,False,True,False,100,-1.3487918326036248
policy,80113,15872,15822,2665.2,260991,False,False,True,False,100,-1.1704811336346022
policy,80128,15875,15825,2665.8,260992,False,False,False,True,15,-0.7991047558161138
policy,80228,15895,15845,2669.1,260993,False,False,True,False,100,-1.3532846009315675
policy,80328,15915,15865,2672.2,260994,False,False,True,False,100,-1.6964069211674908
policy,80428,15935,15885,2675.5,260995,False,False,True,False,100,-1.550639387063769
policy,80528,15955,15905,2678.7,260996,False,False,True,False,100,-1.4999739812369561
policy,80628,15975,15925,2681.8,260997,False,False,True,False,100,-1.6953873935685115
policy,80728,15995,15945,2685.0,260998,False,False,True,False,100,-1.238917289436104
policy,80828,16015,15965,2688.3,260999,False,False,True,False,100,-1.4072487490416299
policy,80897,16029,15979,2690.6,261000,False,False,False,True,69,-1.1851206714765274
policy,80997,16049,15999,2694.0,261001,False,True,True,False,100,-1.4998755232182093
policy,81097,16069,16019,2697.3,261002,False,False,True,False,100,-1.4831327652648927
policy,81136,16077,16027,2698.7,261003,False,False,False,True,39,-1.075606236085029
policy,81236,16097,16047,2702.1,261004,False,False,True,False,100,-1.5695213516334725
policy,81287,16107,16057,2704.3,261005,False,False,False,True,51,-1.1728148168924981
policy,81370,16123,16073,2707.0,261006,False,False,False,True,83,-1.3089398941120498
policy,81470,16143,16093,2710.5,261007,False,False,True,False,100,-1.1190327431853178
policy,81570,16163,16113,2713.9,261008,False,False,True,False,100,-1.395981269957438
policy,81637,16177,16127,2716.1,261009,False,False,False,True,67,-1.4161365465185272
policy,81737,16197,16147,2719.3,261010,False,False,True,False,100,-1.4581642319869965
policy,81772,16204,16154,2720.4,261011,False,False,False,True,35,-0.9507217825618529
policy,81813,16212,16162,2721.7,261012,False,False,False,True,41,-0.8776735687590604
policy,81913,16232,16182,2725.1,261013,False,False,True,False,100,-1.437746139300977
policy,81949,16239,16189,2726.3,261014,False,False,False,True,36,-1.0159733778969877
policy,82049,16259,16209,2729.7,261015,False,False,True,False,100,-1.1549817858694733
policy,82149,16279,16229,2733.3,261016,False,False,True,False,100,-1.372515869275706
policy,82199,16289,16239,2735.5,261017,False,False,False,True,50,-1.3686295746027486
policy,82299,16309,16259,2739.2,261018,False,False,True,False,100,-1.4694438073920422
policy,82399,16329,16279,2743.1,261019,False,False,True,False,100,-1.2897882676831531
policy,82499,16349,16299,2746.4,261020,False,False,True,False,100,-1.6133035443157875
policy,82599,16369,16319,2749.7,261021,False,False,True,False,100,-1.4355020879279805
policy,82699,16389,16339,2753.1,261022,False,False,True,False,100,-1.7455054987628702
policy,82729,16395,16345,2754.2,261023,False,False,False,True,30,-0.9300366172739779
policy,82795,16408,16358,2756.5,261024,False,False,False,True,66,-1.2322422530169739
policy,82895,16428,16378,2759.8,261025,False,False,True,False,100,-1.6033129132188488
policy,82953,16440,16390,2762.0,261026,False,False,False,True,58,-1.0329415946664806
policy,83053,16460,16410,2765.4,261027,False,False,True,False,100,-1.783039858590529
policy,83140,16477,16427,2768.5,261028,False,False,False,True,87,-1.2106476936206394
policy,83177,16485,16435,2769.9,261029,False,False,False,True,37,-1.1324894186501162
policy,83277,16505,16455,2773.4,261030,False,False,True,False,100,-1.328189970594839
policy,83377,16525,16475,2777.2,261031,False,False,True,False,100,-1.4346893534028933
policy,83477,16545,16495,2780.9,261032,False,False,True,False,100,-1.3180957854328939
policy,83577,16565,16515,2784.3,261033,False,False,True,False,100,-1.1134097292002054
policy,83677,16585,16535,2788.0,261034,False,False,True,False,100,-1.5197070199913694
policy,83777,16605,16555,2791.6,261035,False,False,True,False,100,-1.4678658805264662
policy,83856,16621,16571,2794.5,261036,False,False,False,True,79,-1.0271566355224673
policy,83946,16639,16589,2797.6,261037,False,False,False,True,90,-1.4595935723446916
policy,84046,16659,16609,2801.2,261038,False,False,True,False,100,-1.1593388629243968
policy,84068,16663,16613,2801.9,261039,False,False,False,True,22,-1.027920327046729
policy,84118,16673,16623,2803.7,261040,False,False,False,True,50,-0.9993853268180665
policy,84218,16693,16643,2807.4,261041,False,False,True,False,100,-1.1783799015689334
policy,84318,16713,16663,2811.2,261042,False,False,True,False,100,-1.383140091505163
policy,84367,16723,16673,2812.9,261043,False,False,False,True,49,-0.8737436983311532
policy,84467,16743,16693,2816.5,261044,False,False,True,False,100,-1.5078916154224062
policy,84567,16763,16713,2820.0,261045,False,False,True,False,100,-1.2600826485784902
policy,84661,16782,16732,2823.3,261046,False,False,False,True,94,-1.4896956535788313
policy,84675,16784,16734,2823.6,261047,False,False,False,True,14,-0.7103826880970057
policy,84775,16804,16754,2827.0,261048,False,False,True,False,100,-1.5731446530268856
policy,84808,16811,16761,2828.2,261049,False,False,False,True,33,-0.878931827254792
policy,84908,16831,16781,2831.6,261050,False,False,True,False,100,-1.2621388166107748
policy,85008,16851,16801,2834.8,261051,False,False,True,False,100,-1.4633587960807084
policy,85108,16871,16821,2838.2,261052,False,False,True,False,100,-1.7267713711494275
policy,85149,16879,16829,2839.6,261053,False,False,False,True,41,-0.7857296222298839
policy,85156,16881,16831,2839.9,261054,False,False,False,True,7,-0.8166713505631931
policy,85212,16892,16842,2841.8,261055,False,False,False,True,56,-0.9329151432438755
policy,85312,16912,16862,2845.2,261056,False,False,True,False,100,-1.5655686650797183
policy,85412,16932,16882,2848.7,261057,False,False,True,False,100,-1.5730508566384025
policy,85512,16952,16902,2851.9,261058,False,False,True,False,100,-1.5393858338647788
policy,85612,16972,16922,2855.2,261059,False,False,True,False,100,-1.1938716899292618
policy,85712,16992,16942,2858.6,261060,False,False,True,False,100,-1.601666008834487
policy,85812,17012,16962,2861.9,261061,False,False,True,False,100,-1.2202554343213727
policy,85858,17021,16971,2863.4,261062,False,False,False,True,46,-0.9684038361471412
policy,85903,17030,16980,2864.9,261063,False,False,False,True,45,-0.9537335042928159
policy,85985,17046,16996,2867.5,261064,False,False,False,True,82,-1.0576072538199914
policy,86085,17066,17016,2871.0,261065,False,False,True,False,100,-1.3811191540572685
policy,86116,17073,17023,2872.2,261066,False,False,False,True,31,-0.8418030148373261
policy,86163,17082,17032,2873.7,261067,False,False,False,True,47,-1.0109387311938491
policy,86263,17102,17052,2877.0,261068,False,False,True,False,100,-1.3058957131996838
policy,86351,17120,17070,2880.0,261069,False,False,False,True,88,-1.3005724967845487
policy,86399,17129,17079,2881.6,261070,False,False,False,True,48,-1.0388371971249113
policy,86499,17149,17099,2885.1,261071,False,False,True,False,100,-1.2504016894077057
policy,86599,17169,17119,2888.5,261072,False,False,True,False,100,-1.4476839391816938
policy,86699,17189,17139,2892.0,261073,False,False,True,False,100,-1.5288655148515642
policy,86779,17205,17155,2894.7,261074,False,False,False,True,80,-1.3055926773347584
policy,86866,17223,17173,2897.7,261075,False,False,False,True,87,-1.2691041809025743
policy,86966,17243,17193,2901.4,261076,False,False,True,False,100,-1.65535359053845
policy,87066,17263,17213,2904.9,261077,False,False,True,False,100,-1.5550610519454267
policy,87166,17283,17233,2908.3,261078,False,False,True,False,100,-1.104824778742816
policy,87266,17303,17253,2911.6,261079,False,False,True,False,100,-1.4251005978878146
policy,87366,17323,17273,2915.0,261080,False,False,True,False,100,-1.2786612826975579
policy,87465,17342,17292,2918.2,261081,False,False,False,True,99,-1.6613738166923224
policy,87490,17347,17297,2919.1,261082,False,False,False,True,25,-0.7359000919482518
policy,87550,17359,17309,2921.2,261083,False,False,False,True,60,-1.0923421258280865
policy,87636,17377,17327,2924.3,261084,False,False,False,True,86,-1.3729775367282873
policy,87736,17397,17347,2927.6,261085,False,False,True,False,100,-1.5147521470886494
policy,87836,17417,17367,2931.0,261086,False,False,True,False,100,-1.378164138569561
policy,87936,17437,17387,2934.2,261087,False,False,True,False,100,-1.5666872087217183
policy,88036,17457,17407,2937.5,261088,False,False,True,False,100,-1.2568025319654055
policy,88136,17477,17427,2941.1,261089,False,False,True,False,100,-1.579965487190174
policy,88236,17497,17447,2944.4,261090,False,False,True,False,100,-1.1689337853933237
policy,88301,17510,17460,2946.6,261091,False,True,False,True,65,-1.0732122295013735
policy,88401,17530,17480,2949.9,261092,False,False,True,False,100,-1.4689049785323913
policy,88501,17550,17500,2953.3,261093,False,False,True,False,100,-1.7743543195338816
policy,88601,17570,17520,2956.6,261094,False,False,True,False,100,-1.3233316682198883
policy,88698,17589,17539,2959.9,261095,False,False,False,True,97,-1.3036555292408154
policy,88798,17609,17559,2963.4,261096,False,False,True,False,100,-1.4518393607354336
policy,88898,17629,17579,2966.8,261097,False,False,True,False,100,-1.4054116060832267
policy,88998,17649,17599,2970.2,261098,False,False,True,False,100,-1.0917274175569767
policy,89075,17664,17614,2972.7,261099,False,False,False,True,77,-1.2035922891435926
policy,89175,17684,17634,2976.1,261100,False,False,True,False,100,-1.3941188240002897
policy,89244,17698,17648,2978.7,261101,False,False,False,True,69,-1.1797817087462255
policy,89338,17717,17667,2982.1,261102,False,False,False,True,94,-1.4008113736612318
policy,89438,17737,17687,2985.6,261103,False,True,True,False,100,-1.5003213287367567
policy,89538,17757,17707,2989.1,261104,False,False,True,False,100,-1.411218088253558
policy,89600,17769,17719,2991.2,261105,False,False,False,True,62,-1.1943670168322351
policy,89700,17789,17739,2994.5,261106,False,False,True,False,100,-1.2892924803720578
policy,89800,17809,17759,2997.8,261107,False,False,True,False,100,-1.3560206667646508
policy,89900,17829,17779,3001.1,261108,False,False,True,False,100,-1.3687142894644375
policy,90000,17849,17799,3004.9,261109,False,False,True,False,100,-1.5213579164982485
policy,90100,17869,17819,3008.3,261110,False,False,True,False,100,-1.4539251203600272
policy,90176,17885,17835,3011.0,261111,False,False,False,True,76,-1.471162863316395
policy,90252,17900,17850,3014.3,261112,False,False,False,True,76,-1.5732107899081371
policy,90287,17907,17857,3015.6,261113,False,False,False,True,35,-0.8860955409929007
policy,90387,17927,17877,3019.2,261114,False,False,True,False,100,-1.1952838331844888
policy,90405,17930,17880,3019.7,261115,False,False,False,True,18,-0.6833313864036652
policy,90485,17946,17896,3022.5,261116,False,False,False,True,80,-1.002407311984894
policy,90585,17966,17916,3026.0,261117,False,False,True,False,100,-1.351461634311799
policy,90685,17986,17936,3030.1,261118,False,False,True,False,100,-1.1570656164766433
policy,90700,17989,17939,3030.6,261119,False,False,False,True,15,-0.9573380995029883
policy,90800,18009,17959,3034.0,261120,False,False,True,False,100,-1.121082439188005
policy,90891,18028,17978,3037.2,261121,False,False,False,True,91,-1.1877975017437847
policy,90991,18048,17998,3040.6,261122,False,False,True,False,100,-1.3029335494446266
policy,91078,18065,18015,3043.5,261123,False,False,False,True,87,-1.46588282522622
policy,91108,18071,18021,3044.5,261124,False,False,False,True,30,-0.9895901995116054
policy,91208,18091,18041,3047.9,261125,False,False,True,False,100,-1.6330661806777091
policy,91308,18111,18061,3051.4,261126,False,False,True,False,100,-1.4947924134240678
policy,91386,18127,18077,3054.3,261127,False,False,False,True,78,-1.2860010663243056
policy,91486,18147,18097,3058.0,261128,False,False,True,False,100,-1.3048847365691225
policy,91552,18160,18110,3060.3,261129,False,False,False,True,66,-1.4676380000768106
policy,91582,18166,18116,3061.3,261130,False,False,False,True,30,-0.8764789901781633
policy,91656,18181,18131,3063.9,261131,False,False,False,True,74,-1.1904337704857006
policy,91748,18199,18149,3066.9,261132,False,False,False,True,92,-1.3846384258139104
policy,91803,18210,18160,3068.6,261133,False,False,False,True,55,-1.050720461185924
policy,91903,18230,18180,3072.1,261134,False,False,True,False,100,-1.6476025301931572
policy,92003,18250,18200,3075.5,261135,False,False,True,False,100,-1.2521169947689408
policy,92103,18270,18220,3079.1,261136,False,False,True,False,100,-1.4571684976529313
policy,92144,18278,18228,3080.4,261137,False,False,False,True,41,-0.8564651514791198
policy,92244,18298,18248,3084.0,261138,False,False,True,False,100,-1.192229721972616
policy,92344,18318,18268,3087.4,261139,False,False,True,False,100,-1.2582897333495462
policy,92351,18320,18270,3087.8,261140,False,False,False,True,7,-0.5790072860115236
policy,92451,18340,18290,3091.3,261141,False,False,True,False,100,-1.6493825267724005
policy,92519,18353,18303,3093.6,261142,False,False,False,True,68,-1.0981871475826717
policy,92619,18373,18323,3097.2,261143,False,False,True,False,100,-1.5212132996960834
policy,92713,18392,18342,3100.5,261144,False,False,False,True,94,-1.2546202714445345
policy,92813,18412,18362,3104.0,261145,False,False,True,False,100,-1.1237784438009462
policy,92913,18432,18382,3107.5,261146,False,False,True,False,100,-1.4148582518660193
policy,92966,18443,18393,3109.5,261147,False,False,False,True,53,-1.2328472458678634
policy,92980,18445,18395,3109.9,261148,False,False,False,True,14,-0.6867624316667793
policy,93053,18460,18410,3112.5,261149,False,True,False,True,73,-1.1667472950554834
policy,93153,18480,18430,3115.9,261150,False,False,True,False,100,-1.570058964478993
policy,93253,18500,18450,3119.5,261151,False,False,True,False,100,-1.4069780112547094
policy,93282,18506,18456,3120.6,261152,False,False,False,True,29,-1.0410220335972804
policy,93313,18512,18462,3121.6,261153,False,False,False,True,31,-1.067336184039281
policy,93413,18532,18482,3125.3,261154,False,False,True,False,100,-1.2373420245789672
policy,93513,18552,18502,3128.9,261155,False,False,True,False,100,-1.3951447339133976
policy,93612,18572,18522,3132.3,261156,False,False,False,True,99,-1.3044992739250922
policy,93712,18592,18542,3135.7,261157,False,False,True,False,100,-1.588697429967493
policy,93812,18612,18562,3139.2,261158,False,False,True,False,100,-1.172576093599281
policy,93912,18632,18582,3142.6,261159,False,True,True,False,100,-1.4268484487622426
policy,94005,18650,18600,3145.7,261160,False,False,False,True,93,-1.5877833369608088
policy,94105,18670,18620,3149.3,261161,False,False,True,False,100,-1.652107452889965
policy,94205,18690,18640,3152.9,261162,False,False,True,False,100,-1.1226084846182767
policy,94305,18710,18660,3156.7,261163,False,False,True,False,100,-1.4811633592109237
policy,94331,18716,18666,3157.8,261164,False,False,False,True,26,-0.7608922476943569
policy,94398,18729,18679,3160.1,261165,False,False,False,True,67,-1.1607801824501132
policy,94434,18736,18686,3161.3,261166,False,True,False,True,36,-1.0202070043645044
policy,94534,18756,18706,3164.8,261167,False,False,True,False,100,-1.2315435911214885
policy,94541,18758,18708,3165.1,261168,False,False,False,True,7,-0.7073566483677148
policy,94613,18772,18722,3167.6,261169,False,False,False,True,72,-1.2726745046806043
policy,94713,18792,18742,3171.1,261170,False,False,True,False,100,-1.2673677873146132
policy,94769,18803,18753,3173.1,261171,False,False,False,True,56,-1.0032096979340062
policy,94869,18823,18773,3176.7,261172,False,False,True,False,100,-1.4862555409624785
policy,94969,18843,18793,3180.4,261173,False,False,True,False,100,-1.793665815004331
policy,95069,18863,18813,3183.9,261174,False,False,True,False,100,-1.1502675383207246
policy,95169,18883,18833,3187.4,261175,False,False,True,False,100,-1.5108069584390145
policy,95255,18900,18850,3190.2,261176,False,False,False,True,86,-1.626673514437977
policy,95355,18920,18870,3193.5,261177,False,False,True,False,100,-1.7860273097533692
policy,95455,18940,18890,3196.8,261178,False,False,True,False,100,-1.4860718337877694
policy,95493,18948,18898,3198.1,261179,False,False,False,True,38,-0.9416629350514438
policy,95593,18968,18918,3201.4,261180,False,False,True,False,100,-1.1435415711163337
policy,95614,18972,18922,3202.0,261181,False,False,False,True,21,-0.9066597338525348
policy,95714,18992,18942,3205.3,261182,False,False,True,False,100,-1.680868457053872
policy,95814,19012,18962,3208.7,261183,False,False,True,False,100,-1.208437839950518
policy,95914,19032,18982,3212.1,261184,False,False,True,False,100,-1.8577369846284166
policy,96006,19051,19001,3215.4,261185,False,False,False,True,92,-1.4696913757748598
policy,96106,19071,19021,3218.9,261186,False,False,True,False,100,-1.4838251283366857
policy,96206,19091,19041,3222.4,261187,False,False,True,False,100,-1.2388946550274504
policy,96306,19111,19061,3225.9,261188,False,False,True,False,100,-1.1804801087285866
policy,96406,19131,19081,3229.5,261189,False,False,True,False,100,-1.1969814388654223
policy,96506,19151,19101,3233.0,261190,False,False,True,False,100,-1.1884845260939028
policy,96606,19171,19121,3236.5,261191,False,True,True,False,100,-1.7325774188767888
policy,96636,19177,19127,3237.7,261192,False,False,False,True,30,-0.7683955350219759
policy,96736,19197,19147,3241.4,261193,False,False,True,False,100,-1.5408748019369127
policy,96836,19217,19167,3245.1,261194,False,False,True,False,100,-1.1512974350964233
policy,96847,19219,19169,3245.5,261195,False,False,False,True,11,-0.7110965203476673
policy,96862,19222,19172,3246.0,261196,False,False,False,True,15,-0.8212293447539327
policy,96962,19242,19192,3249.6,261197,False,False,True,False,100,-1.378032507366524
policy,97062,19262,19212,3253.4,261198,False,False,True,False,100,-1.3883487204540377
policy,97162,19282,19232,3257.0,261199,False,False,True,False,100,-1.4427252121823277
policy,97262,19302,19252,3260.5,261200,False,False,True,False,100,-1.1467662015989148
policy,97282,19306,19256,3261.2,261201,False,False,False,True,20,-0.7045882424885129
policy,97382,19326,19276,3264.7,261202,False,False,True,False,100,-1.1279950946238166
policy,97482,19346,19296,3268.2,261203,False,False,True,False,100,-1.2717128941790292
policy,97582,19366,19316,3271.7,261204,False,True,True,False,100,-1.3429437494842509
policy,97682,19386,19336,3275.0,261205,False,False,True,False,100,-1.7723388066079244
policy,97741,19398,19348,3277.1,261206,False,False,False,True,59,-1.0181271570102353
policy,97841,19418,19368,3280.5,261207,False,False,True,False,100,-1.3288372604107
policy,97941,19438,19388,3284.0,261208,False,False,True,False,100,-1.2247071917831271
policy,98041,19458,19408,3287.5,261209,False,False,True,False,100,-1.3874928682328407
policy,98141,19478,19428,3291.1,261210,False,False,True,False,100,-1.280241374926597
policy,98241,19498,19448,3294.8,261211,False,False,True,False,100,-1.259051509596925
policy,98341,19518,19468,3298.6,261212,False,False,True,False,100,-1.7597925515170938
policy,98441,19538,19488,3302.0,261213,False,False,True,False,100,-1.186150827713262
policy,98541,19558,19508,3305.9,261214,False,False,True,False,100,-1.1905803473918082
policy,98641,19578,19528,3309.5,261215,False,False,True,False,100,-1.4699230841439064
policy,98741,19598,19548,3313.0,261216,False,False,True,False,100,-1.1057112770772153
policy,98783,19606,19556,3314.4,261217,False,False,False,True,42,-0.9087533731167698
policy,98879,19625,19575,3317.9,261218,False,False,False,True,96,-1.5915559643629353
policy,98979,19645,19595,3321.6,261219,False,False,True,False,100,-1.5446453496372803
policy,99013,19652,19602,3322.9,261220,False,False,False,True,34,-0.8719176922985918
policy,99064,19662,19612,3324.6,261221,False,False,False,True,51,-1.1505585813225225
policy,99164,19682,19632,3328.0,261222,False,False,True,False,100,-1.2510055916257845
policy,99264,19702,19652,3331.4,261223,False,False,True,False,100,-1.2766931169612774
policy,99364,19722,19672,3334.9,261224,False,False,True,False,100,-1.296964624985173
policy,99464,19742,19692,3338.5,261225,False,False,True,False,100,-1.4390098541144416
policy,99564,19762,19712,3342.1,261226,False,False,True,False,100,-1.603984649096988
policy,99664,19782,19732,3345.7,261227,False,False,True,False,100,-1.2170501818403157
policy,99678,19785,19735,3346.3,261228,False,False,False,True,14,-0.9042127384132972
policy,99778,19805,19755,3350.2,261229,False,False,True,False,100,-1.1016281776812893
policy,99878,19825,19775,3354.1,261230,False,False,True,False,100,-1.5699131670795383
policy,99978,19845,19795,3357.7,261231,False,False,True,False,100,-1.2483713238244376
policy,100078,19865,19815,3361.3,261232,False,False,True,False,100,-1.3558433328947603
policy,100178,19885,19835,3364.7,261233,False,False,True,False,100,-1.3933032066307633
policy,100278,19905,19855,3368.3,261234,False,False,True,False,100,-1.6179029378855265
policy,100378,19925,19875,3371.8,261235,False,False,True,False,100,-1.1728681809431212
policy,100478,19945,19895,3375.5,261236,False,False,True,False,100,-1.4790500365454415
policy,100490,19947,19897,3375.9,261237,False,False,False,True,12,-0.7211301791310889
policy,100590,19967,19917,3379.5,261238,False,False,True,False,100,-1.2932322399141765
policy,100690,19987,19937,3383.1,261239,False,False,True,False,100,-1.1243140893799353
policy,100769,20003,19953,3386.1,261240,False,False,False,True,79,-1.223332504547098
policy,100823,20014,19964,3388.1,261241,False,False,False,True,54,-0.9581882813531266
policy,100906,20031,19981,3391.3,261242,False,False,False,True,83,-1.3395435998979173
policy,100946,20039,19989,3392.7,261243,False,False,False,True,40,-0.9216406585438176
policy,101015,20052,20002,3395.0,261244,False,False,False,True,69,-1.2777594194716158
policy,101067,20063,20013,3396.9,261245,False,False,False,True,52,-0.9636995920771816
policy,101167,20083,20033,3400.3,261246,False,False,True,False,100,-1.3615889823674614
policy,101267,20103,20053,3403.8,261247,False,False,True,False,100,-1.400017419031901
policy,101367,20123,20073,3407.4,261248,False,False,True,False,100,-1.3756126224705225
policy,101467,20143,20093,3411.3,261249,False,False,True,False,100,-1.5105020524110542
policy,101496,20149,20099,3412.5,261250,False,False,False,True,29,-1.0153495231136582
policy,101596,20169,20119,3416.4,261251,False,False,True,False,100,-1.6297750423602808
policy,101696,20189,20139,3419.9,261252,False,False,True,False,100,-1.4087724314970385
policy,101796,20209,20159,3423.6,261253,False,False,True,False,100,-1.4711975044996586
policy,101896,20229,20179,3427.2,261254,False,False,True,False,100,-1.30291334684844
policy,101996,20249,20199,3430.9,261255,False,False,True,False,100,-1.5752159678407915
policy,102074,20264,20214,3433.6,261256,False,False,False,True,78,-1.0482929322455876
policy,102174,20284,20234,3437.1,261257,False,False,True,False,100,-1.4335499641588973
policy,102274,20304,20254,3440.7,261258,False,False,True,False,100,-1.3802423175878036
policy,102374,20324,20274,3444.1,261259,False,False,True,False,100,-1.3549015306660868
policy,102474,20344,20294,3447.6,261260,False,False,True,False,100,-1.196076584088184
policy,102574,20364,20314,3451.1,261261,False,False,True,False,100,-1.1139757538499648
policy,102674,20384,20334,3454.6,261262,False,False,True,False,100,-1.7814017325382883
policy,102774,20404,20354,3458.1,261263,False,False,True,False,100,-1.6460011674949155
policy,102874,20424,20374,3461.7,261264,False,False,True,False,100,-1.1223715487117571
policy,102974,20444,20394,3465.3,261265,False,False,True,False,100,-1.3011464489432598
policy,103019,20453,20403,3467.0,261266,False,False,False,True,45,-1.0310952594809146
policy,103119,20473,20423,3470.6,261267,False,False,True,False,100,-1.4054167519639198
policy,103219,20493,20443,3474.0,261268,False,False,True,False,100,-1.2379458779741366
policy,103289,20507,20457,3476.3,261269,False,False,False,True,70,-1.1173646363913758
policy,103389,20527,20477,3479.8,261270,False,False,True,False,100,-1.4252279217773443
policy,103489,20547,20497,3483.3,261271,False,True,True,False,100,-1.2727343049396609
policy,103589,20567,20517,3486.8,261272,False,False,True,False,100,-1.2898340476304668
policy,103684,20586,20536,3490.3,261273,False,False,False,True,95,-1.1110191095524906
policy,103738,20597,20547,3492.2,261274,False,False,False,True,54,-0.9195299500167549
policy,103838,20617,20567,3495.9,261275,False,False,True,False,100,-1.1315724998120482
policy,103938,20637,20587,3499.6,261276,False,False,True,False,100,-1.5152432140066592
policy,104038,20657,20607,3503.1,261277,False,False,True,False,100,-1.694444384793576
policy,104138,20677,20627,3506.7,261278,False,False,True,False,100,-1.2915974280473366
policy,104238,20697,20647,3510.1,261279,False,False,True,False,100,-1.241282814635134
policy,104338,20717,20667,3513.4,261280,False,False,True,False,100,-1.2790175452471133
policy,104423,20734,20684,3516.3,261281,False,False,False,True,85,-1.457145245717527
policy,104523,20754,20704,3519.7,261282,False,False,True,False,100,-1.1734626284025063
policy,104623,20774,20724,3523.2,261283,False,False,True,False,100,-1.5468746006555176
policy,104723,20794,20744,3526.6,261284,False,False,True,False,100,-1.4167061740596327
policy,104823,20814,20764,3530.1,261285,False,False,True,False,100,-1.2189707808996197
policy,104923,20834,20784,3533.5,261286,False,False,True,False,100,-1.396413799825619
policy,105005,20850,20800,3536.3,261287,False,False,False,True,82,-1.004691166226332
policy,105105,20870,20820,3539.9,261288,False,False,True,False,100,-1.3657839157892044
policy,105205,20890,20840,3543.3,261289,False,False,True,False,100,-1.634997254355032
policy,105305,20910,20860,3546.8,261290,False,False,True,False,100,-1.4489594832735802
policy,105320,20913,20863,3547.3,261291,False,False,False,True,15,-0.9603621436791262
policy,105420,20933,20883,3550.7,261292,False,False,True,False,100,-1.5477758231161998
policy,105475,20944,20894,3552.6,261293,False,False,False,True,55,-0.9012668232430194
policy,105575,20964,20914,3556.2,261294,False,False,True,False,100,-1.5319221871891786
policy,105675,20984,20934,3559.9,261295,False,False,True,False,100,-1.3576528830329981
policy,105775,21004,20954,3563.4,261296,False,False,True,False,100,-1.6470099574255936
policy,105863,21022,20972,3566.6,261297,False,False,False,True,88,-1.5912432224803537
policy,105963,21042,20992,3570.3,261298,False,False,True,False,100,-1.7275751363126473
policy,106063,21062,21012,3573.9,261299,False,False,True,False,100,-1.4900582470993822
policy,106163,21082,21032,3577.5,261300,False,False,True,False,100,-1.0982935765356394
policy,106263,21102,21052,3581.1,261301,False,False,True,False,100,-1.6095827116622505
policy,106363,21122,21072,3584.6,261302,False,False,True,False,100,-1.315824878492636
policy,106463,21142,21092,3587.9,261303,False,False,True,False,100,-1.4874153933173888
policy,106538,21157,21107,3590.4,261304,False,True,False,True,75,-1.3463905757820243
policy,106638,21177,21127,3593.7,261305,False,False,True,False,100,-1.3748632676344403
policy,106732,21196,21146,3597.0,261306,False,False,False,True,94,-1.2727413864580455
policy,106832,21216,21166,3600.5,261307,False,True,True,False,100,-1.613044837801961
policy,106932,21236,21186,3604.1,261308,False,False,True,False,100,-1.565031376407526
policy,107032,21256,21206,3608.0,261309,False,False,True,False,100,-1.2329618737631525
policy,107070,21263,21213,3609.3,261310,False,False,False,True,38,-0.9217879937788833
policy,107170,21283,21233,3613.4,261311,False,False,True,False,100,-1.371867236101541
policy,107270,21303,21253,3617.0,261312,False,False,True,False,100,-1.625226704282487
policy,107370,21323,21273,3620.5,261313,False,False,True,False,100,-1.094196562880298
policy,107470,21343,21293,3624.0,261314,False,False,True,False,100,-1.4765563081050348
policy,107539,21357,21307,3626.5,261315,False,False,False,True,69,-1.226179411090493
policy,107639,21377,21327,3630.1,261316,False,False,True,False,100,-1.1257117459878268
policy,107739,21397,21347,3633.8,261317,False,False,True,False,100,-1.5281205042294
policy,107767,21403,21353,3634.9,261318,False,False,False,True,28,-1.0213609896958151
policy,107819,21413,21363,3636.7,261319,False,False,False,True,52,-1.1350876337114273
policy,107919,21433,21383,3640.3,261320,False,False,True,False,100,-1.4496822723508738
policy,107955,21440,21390,3641.6,261321,False,False,False,True,36,-0.8342484907216474
policy,108055,21460,21410,3645.0,261322,False,True,True,False,100,-1.5347360496578315
policy,108155,21480,21430,3648.5,261323,False,False,True,False,100,-1.3558289563012764
policy,108180,21485,21435,3649.3,261324,False,False,False,True,25,-0.8596008146575445
policy,108265,21502,21452,3652.5,261325,False,False,False,True,85,-1.6000377474532046
policy,108306,21511,21461,3654.1,261326,False,False,False,True,41,-1.147065529040625
policy,108406,21531,21481,3657.7,261327,False,False,True,False,100,-1.3390085036605588
policy,108460,21541,21491,3659.4,261328,False,False,False,True,54,-0.8857462971222858
policy,108527,21555,21505,3662.0,261329,False,False,False,True,67,-1.144239532122398
policy,108627,21575,21525,3665.4,261330,False,False,True,False,100,-1.4510639924598414
policy,108727,21595,21545,3668.9,261331,False,False,True,False,100,-1.2453075493449828
policy,108827,21615,21565,3672.6,261332,False,False,True,False,100,-1.574734629278585
policy,108927,21635,21585,3676.4,261333,False,False,True,False,100,-1.1988470362469594
policy,109027,21655,21605,3680.2,261334,False,False,True,False,100,-1.6902068732632811
policy,109127,21675,21625,3683.7,261335,False,False,True,False,100,-1.473026527857582
policy,109227,21695,21645,3687.2,261336,False,False,True,False,100,-1.3627117615721756
policy,109327,21715,21665,3690.7,261337,False,False,True,False,100,-1.2700388997425707
policy,109427,21735,21685,3694.4,261338,False,False,True,False,100,-1.3598941834373592
policy,109527,21755,21705,3698.2,261339,False,False,True,False,100,-1.0766609437401569
policy,109627,21775,21725,3702.0,261340,False,False,True,False,100,-1.344043666943582
policy,109727,21795,21745,3705.6,261341,False,False,True,False,100,-1.355577680054306
policy,109740,21797,21747,3706.0,261342,False,False,False,True,13,-0.8213233542587454
policy,109821,21814,21764,3709.1,261343,False,False,False,True,81,-1.2161782366764902
policy,109844,21818,21768,3709.9,261344,False,False,False,True,23,-0.7366430026946733
policy,109944,21838,21788,3713.4,261345,False,False,True,False,100,-1.6835815021299416
policy,110044,21858,21808,3716.7,261346,False,False,True,False,100,-1.6904570105068442
policy,110144,21878,21828,3720.1,261347,False,False,True,False,100,-1.2056414622334686
policy,110183,21886,21836,3721.4,261348,False,False,False,True,39,-0.9988247871378066
policy,110283,21906,21856,3724.8,261349,False,False,True,False,100,-1.5117909066530313
policy,110383,21926,21876,3728.3,261350,False,False,True,False,100,-1.7924307288929024
policy,110483,21946,21896,3731.8,261351,False,False,True,False,100,-1.2557925280706206
policy,110583,21966,21916,3735.3,261352,False,False,True,False,100,-1.170017080998769
policy,110683,21986,21936,3738.8,261353,False,False,True,False,100,-1.5104294880808211
policy,110783,22006,21956,3742.4,261354,False,False,True,False,100,-1.6417036901838316
policy,110883,22026,21976,3746.2,261355,False,False,True,False,100,-1.144323293005736
policy,110969,22043,21993,3749.2,261356,False,False,False,True,86,-1.3902556079546087
policy,111069,22063,22013,3752.8,261357,False,False,True,False,100,-1.2912164998403082
policy,111150,22079,22029,3755.7,261358,False,False,False,True,81,-1.2175081269783559
policy,111241,22098,22048,3759.1,261359,False,False,False,True,91,-1.4437516224937714
policy,111341,22118,22068,3762.6,261360,False,False,True,False,100,-1.1781049746415255
policy,111441,22138,22088,3766.2,261361,False,False,True,False,100,-1.7740961883616255
policy,111541,22158,22108,3769.8,261362,False,False,True,False,100,-1.463890813389237
policy,111641,22178,22128,3773.2,261363,False,False,True,False,100,-1.4178644186572575
policy,111741,22198,22148,3776.6,261364,False,False,True,False,100,-1.2134088783073307
policy,111841,22218,22168,3780.0,261365,False,False,True,False,100,-1.2732234854591413
policy,111941,22238,22188,3783.5,261366,False,False,True,False,100,-1.2956233927708116
policy,112041,22258,22208,3787.0,261367,False,False,True,False,100,-1.141757977070918
policy,112141,22278,22228,3790.4,261368,False,False,True,False,100,-1.584239751554616
policy,112219,22293,22243,3793.1,261369,False,False,False,True,78,-1.2439143653988474
policy,112255,22300,22250,3794.3,261370,False,False,False,True,36,-0.8083942796039673
policy,112346,22319,22269,3798.1,261371,False,False,False,True,91,-1.136259485596301
policy,112446,22339,22289,3802.3,261372,False,False,True,False,100,-1.459542508651236
policy,112546,22359,22309,3806.4,261373,False,False,True,False,100,-1.351702659258355
policy,112646,22379,22329,3810.0,261374,False,False,True,False,100,-1.6464971498818577
policy,112746,22399,22349,3813.4,261375,False,False,True,False,100,-1.633573842880232
policy,112846,22419,22369,3816.9,261376,False,False,True,False,100,-1.3687646546382073
policy,112946,22439,22389,3820.5,261377,False,False,True,False,100,-1.1872178773742494
policy,113025,22454,22404,3823.2,261378,False,False,False,True,79,-1.4553731393906282
policy,113095,22468,22418,3825.7,261379,False,False,False,True,70,-1.221753991459925
policy,113195,22488,22438,3829.2,261380,False,False,True,False,100,-1.583346630352107
policy,113295,22508,22458,3832.7,261381,False,False,True,False,100,-1.3227631304041276
policy,113318,22513,22463,3833.5,261382,False,False,False,True,23,-0.7931212274468893
policy,113418,22533,22483,3837.0,261383,False,False,True,False,100,-1.4447260855993873
policy,113518,22553,22503,3840.5,261384,False,False,True,False,100,-1.583946992450702
policy,113618,22573,22523,3844.1,261385,False,False,True,False,100,-1.3575265299371186
policy,113718,22593,22543,3847.6,261386,False,False,True,False,100,-1.2078654481460076
policy,113753,22600,22550,3848.8,261387,False,False,False,True,35,-0.8396984066128201
policy,113853,22620,22570,3852.4,261388,False,False,True,False,100,-1.4435861521283113
policy,113943,22638,22588,3855.6,261389,False,False,False,True,90,-1.5479175096550857
policy,113984,22646,22596,3857.0,261390,False,False,False,True,41,-0.9660425162871878
policy,114084,22666,22616,3860.5,261391,False,False,True,False,100,-1.2125810236778898
policy,114172,22684,22634,3863.8,261392,False,False,False,True,88,-1.7309098705981878
policy,114272,22704,22654,3867.4,261393,False,False,True,False,100,-1.5190742616536035
policy,114372,22724,22674,3871.3,261394,False,False,True,False,100,-1.4583555628724825
policy,114439,22737,22687,3873.6,261395,False,False,False,True,67,-1.5176158584456312
policy,114520,22753,22703,3876.6,261396,False,False,False,True,81,-1.3238643640913317
policy,114620,22773,22723,3880.1,261397,False,False,True,False,100,-1.3977460309297343
policy,114689,22787,22737,3882.6,261398,False,False,False,True,69,-1.1471894861091396
policy,114789,22807,22757,3886.1,261399,False,False,True,False,100,-1.2424828666406666
policy,114889,22827,22777,3889.5,261400,False,False,True,False,100,-1.3241200701082971
policy,114942,22838,22788,3891.5,261401,False,False,False,True,53,-1.131662889617035
policy,115023,22854,22804,3894.3,261402,False,False,False,True,81,-1.4161753971281363
policy,115063,22862,22812,3895.8,261403,False,False,False,True,40,-0.7543566754140136
policy,115163,22882,22832,3899.3,261404,False,False,True,False,100,-1.4984889045395122
policy,115263,22902,22852,3902.8,261405,False,False,True,False,100,-1.424126728448615
policy,115363,22922,22872,3906.8,261406,False,False,True,False,100,-1.248477023211238
policy,115463,22942,22892,3910.5,261407,False,False,True,False,100,-1.2510449597764053
policy,115563,22962,22912,3914.0,261408,False,False,True,False,100,-1.2636493202793897
policy,115663,22982,22932,3917.5,261409,False,False,True,False,100,-1.1635885806136042
policy,115734,22996,22946,3919.9,261410,False,False,False,True,71,-1.182272402942338
policy,115834,23016,22966,3923.4,261411,False,False,True,False,100,-1.3929114719717766
policy,115934,23036,22986,3927.1,261412,False,False,True,False,100,-1.4915977276232337
policy,116008,23051,23001,3929.8,261413,False,False,False,True,74,-1.2054990763290554
policy,116108,23071,23021,3933.7,261414,False,False,True,False,100,-1.2512043043733143
policy,116132,23076,23026,3934.8,261415,False,False,False,True,24,-0.7535061408029496
policy,116232,23096,23046,3938.6,261416,False,False,True,False,100,-1.7808605124620143
policy,116332,23116,23066,3942.1,261417,False,False,True,False,100,-1.6375393864211616
policy,116350,23119,23069,3942.7,261418,False,False,False,True,18,-0.9674606123719602
policy,116450,23139,23089,3946.2,261419,False,False,True,False,100,-1.5948631003395286
policy,116550,23159,23109,3949.7,261420,False,False,True,False,100,-1.1818713317178342
policy,116625,23174,23124,3952.3,261421,False,False,False,True,75,-1.4266691631528996
policy,116725,23194,23144,3955.8,261422,False,False,True,False,100,-1.0836463896560748
policy,116759,23201,23151,3957.0,261423,False,False,False,True,34,-0.776348019657692
policy,116859,23221,23171,3960.5,261424,False,False,True,False,100,-1.467534227744292
policy,116959,23241,23191,3964.0,261425,False,False,True,False,100,-1.427651839661447
policy,117059,23261,23211,3967.5,261426,False,False,True,False,100,-1.199847101955326
policy,117159,23281,23231,3971.0,261427,False,False,True,False,100,-1.109427452834424
policy,117259,23301,23251,3974.4,261428,False,False,True,False,100,-1.108684503024565
policy,117359,23321,23271,3977.9,261429,False,False,True,False,100,-1.2546830526501367
policy,117459,23341,23291,3981.5,261430,False,False,True,False,100,-1.11737446492429
policy,117556,23361,23311,3985.1,261431,False,False,False,True,97,-1.2035781400458399
policy,117656,23381,23331,3988.6,261432,False,False,True,False,100,-1.226754388376545
policy,117756,23401,23351,3992.2,261433,False,False,True,False,100,-1.2913001273878444
policy,117856,23421,23371,3995.8,261434,False,False,True,False,100,-1.7646853566913956
policy,117956,23441,23391,3999.4,261435,False,False,True,False,100,-1.4772499097681815
policy,118056,23461,23411,4002.9,261436,False,False,True,False,100,-1.3963787597584747
policy,118156,23481,23431,4006.3,261437,False,False,True,False,100,-1.227062814185605
policy,118256,23501,23451,4009.8,261438,False,False,True,False,100,-1.693847924481629
policy,118328,23515,23465,4012.3,261439,False,False,False,True,72,-1.4061168952858862
policy,118400,23529,23479,4014.8,261440,False,False,False,True,72,-1.185615615588579
policy,118442,23538,23488,4016.7,261441,False,False,False,True,42,-0.884611168873781
policy,118542,23558,23508,4020.7,261442,False,False,True,False,100,-1.1575534137702728
policy,118567,23563,23513,4021.8,261443,False,False,False,True,25,-0.8728659972302564
policy,118635,23576,23526,4024.3,261444,False,False,False,True,68,-1.1215153422943411
policy,118714,23592,23542,4027.8,261445,False,False,False,True,79,-1.4177404973201835
policy,118814,23612,23562,4031.8,261446,False,False,True,False,100,-1.505064482293575
policy,118914,23632,23582,4035.7,261447,False,False,True,False,100,-1.4797568488786295
policy,119014,23652,23602,4039.4,261448,False,False,True,False,100,-1.351061032144703
policy,119114,23672,23622,4043.1,261449,False,False,True,False,100,-1.434329520037462
policy,119214,23692,23642,4046.9,261450,False,False,True,False,100,-1.1752980133045907
policy,119314,23712,23662,4050.7,261451,False,False,True,False,100,-1.326503678665562
policy,119414,23732,23682,4054.4,261452,False,False,True,False,100,-1.17398284917903
policy,119514,23752,23702,4058.1,261453,False,False,True,False,100,-1.5735805819675919
policy,119614,23772,23722,4061.7,261454,False,False,True,False,100,-1.3991291661477991
policy,119714,23792,23742,4065.2,261455,False,False,True,False,100,-1.3414767751347259
policy,119814,23812,23762,4068.7,261456,False,False,True,False,100,-1.5935420763858907
policy,119822,23814,23764,4069.1,261457,False,False,False,True,8,-0.8481020520215409
policy,119825,23814,23764,4069.1,261458,False,False,False,True,3,-0.8335696412612954
policy,119879,23825,23775,4071.0,261459,False,False,False,True,54,-1.2088600827411358
policy,119979,23845,23795,4074.5,261460,False,False,True,False,100,-1.2260355366915563
policy,119997,23849,23799,4075.2,261461,False,False,False,True,18,-0.6576082578382085
policy,120097,23869,23819,4078.9,261462,False,False,True,False,100,-1.2852901910371908
policy,120164,23882,23832,4081.3,261463,False,False,False,True,67,-1.4269628053106282
policy,120264,23902,23852,4084.9,261464,False,False,True,False,100,-1.2528190860077193
policy,120364,23922,23872,4088.5,261465,False,False,True,False,100,-1.420174778176703
policy,120464,23942,23892,4092.1,261466,False,False,True,False,100,-1.1735854292945582
policy,120480,23945,23895,4092.6,261467,False,False,False,True,16,-0.8141123116590714
policy,120515,23952,23902,4093.9,261468,False,False,False,True,35,-0.8023761059358155
policy,120615,23972,23922,4097.8,261469,False,False,True,False,100,-1.5495784755214408
policy,120699,23989,23939,4100.8,261470,False,False,False,True,84,-1.270881979580066
policy,120760,24001,23951,4102.8,261471,False,False,False,True,61,-1.163146156588785
policy,120860,24021,23971,4106.2,261472,False,False,True,False,100,-1.4453398915311326
policy,120960,24041,23991,4109.6,261473,False,False,True,False,100,-1.8302958988624791
policy,121052,24060,24010,4112.9,261474,False,False,False,True,92,-1.5434150366865802
policy,121152,24080,24030,4116.5,261475,False,False,True,False,100,-1.6940699027750685
policy,121228,24095,24045,4119.2,261476,False,False,False,True,76,-1.1788167597290027
policy,121328,24115,24065,4122.8,261477,False,False,True,False,100,-1.5099151378949938
policy,121361,24122,24072,4124.0,261478,False,False,False,True,33,-1.0395694680044485
policy,121461,24142,24092,4127.6,261479,False,False,True,False,100,-1.2348867414013256
policy,121526,24155,24105,4130.0,261480,False,False,False,True,65,-1.3164400675607966
policy,121626,24175,24125,4133.6,261481,False,False,True,False,100,-1.119027607770529
policy,121726,24195,24145,4137.0,261482,False,False,True,False,100,-1.290713621932237
policy,121826,24215,24165,4140.4,261483,False,False,True,False,100,-1.126379347644506
policy,121852,24220,24170,4141.2,261484,False,False,False,True,26,-0.856286800112259
policy,121952,24240,24190,4144.6,261485,False,False,True,False,100,-1.4497986230622568
policy,121993,24248,24198,4146.0,261486,False,False,False,True,41,-0.9004223626385692
policy,122017,24253,24203,4146.9,261487,False,False,False,True,24,-0.8411429392277174
policy,122117,24273,24223,4150.3,261488,False,False,True,False,100,-1.6043272909719595
policy,122217,24293,24243,4153.7,261489,False,False,True,False,100,-1.1468112267872086
policy,122317,24313,24263,4157.1,261490,False,False,True,False,100,-1.458614500000377
policy,122417,24333,24283,4160.5,261491,False,False,True,False,100,-1.4228972189114693
policy,122479,24345,24295,4162.6,261492,False,False,False,True,62,-1.042102202085301
policy,122579,24365,24315,4166.2,261493,False,False,True,False,100,-1.1534907567692418
policy,122665,24382,24332,4169.2,261494,False,False,False,True,86,-1.1969137631562063
policy,122765,24402,24352,4172.7,261495,False,False,True,False,100,-1.4461944988490647
policy,122865,24422,24372,4176.2,261496,False,False,True,False,100,-1.3847869642220694
policy,122905,24430,24380,4177.6,261497,False,False,False,True,40,-1.192175415099228
policy,123005,24450,24400,4181.2,261498,False,False,True,False,100,-1.2412932118108477
policy,123068,24463,24413,4183.6,261499,False,False,False,True,63,-0.9973216700860363
policy,123168,24483,24433,4187.2,261500,False,False,True,False,100,-1.2217618622211495
policy,123268,24503,24453,4190.8,261501,False,False,True,False,100,-1.1737570105849282
policy,123368,24523,24473,4194.4,261502,False,False,True,False,100,-1.2381325759161892
policy,123468,24543,24493,4197.9,261503,False,False,True,False,100,-1.3646042483463483
policy,123568,24563,24513,4201.5,261504,False,False,True,False,100,-1.454803069344448
policy,123630,24575,24525,4203.6,261505,False,False,False,True,62,-1.1031212294094588
policy,123730,24595,24545,4207.5,261506,False,False,True,False,100,-1.277511830647343
policy,123830,24615,24565,4211.0,261507,False,False,True,False,100,-1.0964420526679137
policy,123919,24633,24583,4214.7,261508,False,False,False,True,89,-1.6571214145402555
policy,124019,24653,24603,4218.4,261509,False,False,True,False,100,-1.0845284155961898
policy,124119,24673,24623,4222.0,261510,False,False,True,False,100,-1.7094512404703002
policy,124219,24693,24643,4225.7,261511,False,False,True,False,100,-1.3887319847158937
policy,124268,24703,24653,4227.6,261512,False,False,False,True,49,-1.3736533660565726
policy,124335,24716,24666,4230.0,261513,False,False,False,True,67,-1.3296494761957167
policy,124435,24736,24686,4233.8,261514,False,False,True,False,100,-1.1253802186886215
policy,124535,24756,24706,4237.6,261515,False,False,True,False,100,-1.091215406581934
policy,124554,24760,24710,4238.4,261516,False,False,False,True,19,-1.0123750583875588
policy,124566,24763,24713,4238.9,261517,False,False,False,True,12,-0.7297149550128598
policy,124610,24771,24721,4240.4,261518,False,False,False,True,44,-0.9426601488698632
policy,124710,24791,24741,4244.2,261519,False,False,True,False,100,-1.6860291663442273
policy,124762,24802,24752,4246.1,261520,False,False,False,True,52,-1.0916517649606647
policy,124862,24822,24772,4249.6,261521,False,False,True,False,100,-1.4312049942139091
policy,124885,24826,24776,4250.3,261522,False,False,False,True,23,-0.8014855469612918
policy,124898,24829,24779,4250.8,261523,False,False,False,True,13,-0.8317120860365139
policy,124936,24837,24787,4252.2,261524,False,False,False,True,38,-1.0187269395461171
policy,124992,24848,24798,4254.2,261525,False,False,False,True,56,-1.175715455810296
policy,125092,24868,24818,4257.8,261526,False,False,True,False,100,-1.6363480519214182
policy,125148,24879,24829,4259.9,261527,False,False,False,True,56,-1.2053717999756364
policy,125176,24885,24835,4261.0,261528,False,False,False,True,28,-0.7221174709730337
policy,125201,24890,24840,4261.8,261529,False,False,False,True,25,-0.7702416842029065
policy,125301,24910,24860,4265.3,261530,False,False,True,False,100,-1.1498997968308402
policy,125313,24912,24862,4265.7,261531,False,False,False,True,12,-0.7435940945176747
policy,125342,24918,24868,4266.7,261532,False,False,False,True,29,-0.9709733762182122
policy,125436,24937,24887,4270.1,261533,False,False,False,True,94,-1.494629535867424
policy,125536,24957,24907,4273.7,261534,False,False,True,False,100,-1.537696176823221
policy,125602,24970,24920,4276.1,261535,False,False,False,True,66,-1.13206977621592
policy,125626,24975,24925,4277.0,261536,False,False,False,True,24,-1.0118499985991491
policy,125726,24995,24945,4280.7,261537,False,False,True,False,100,-1.2902881040048966
policy,125767,25003,24953,4282.3,261538,False,False,False,True,41,-0.8528240607169132
policy,125867,25023,24973,4286.0,261539,False,False,True,False,100,-1.5450721627473905
policy,125896,25029,24979,4287.1,261540,False,False,False,True,29,-0.8605316331444905
policy,125974,25044,24994,4289.6,261541,False,False,False,True,78,-1.1879554025520052
policy,126068,25063,25013,4292.9,261542,False,False,False,True,94,-1.4656046863087442
policy,126114,25072,25022,4294.4,261543,False,False,False,True,46,-1.0151823134862135
policy,126127,25075,25025,4294.9,261544,False,False,False,True,13,-0.9223413787339404
policy,126165,25082,25032,4296.2,261545,False,False,False,True,38,-0.9771938718272165
policy,126265,25102,25052,4299.7,261546,False,False,True,False,100,-1.663877312778694
policy,126365,25122,25072,4303.3,261547,False,False,True,False,100,-1.642253344916708
policy,126386,25127,25077,4304.2,261548,False,False,False,True,21,-0.8752750909043787
policy,126486,25147,25097,4307.7,261549,False,False,True,False,100,-1.0763024646844668
policy,126586,25167,25117,4311.4,261550,False,False,True,False,100,-1.197930688934502
policy,126686,25187,25137,4314.9,261551,False,False,True,False,100,-1.5255219716147423
policy,126786,25207,25157,4318.6,261552,False,False,True,False,100,-1.3255210991114446
policy,126886,25227,25177,4322.2,261553,False,False,True,False,100,-1.4113632386550554
policy,126986,25247,25197,4325.7,261554,False,False,True,False,100,-1.4011010637885835
policy,127086,25267,25217,4329.4,261555,False,False,True,False,100,-1.4401558629357198
policy,127163,25282,25232,4332.2,261556,False,False,False,True,77,-1.1174915407994082
policy,127263,25302,25252,4335.8,261557,False,False,True,False,100,-1.3602576109781346
policy,127363,25322,25272,4339.4,261558,False,False,True,False,100,-1.2834008295226418
policy,127463,25342,25292,4342.9,261559,False,False,True,False,100,-1.1081503963652566
policy,127563,25362,25312,4346.6,261560,False,False,True,False,100,-1.2602952707840664
policy,127663,25382,25332,4350.4,261561,False,False,True,False,100,-1.3619407689621648
policy,127763,25402,25352,4354.0,261562,False,False,True,False,100,-1.089066807880902
policy,127863,25422,25372,4357.8,261563,False,False,True,False,100,-1.119517798519622
policy,127963,25442,25392,4361.3,261564,False,False,True,False,100,-1.3681416365247978
policy,128063,25462,25412,4364.7,261565,False,False,True,False,100,-1.4017014355978117
policy,128163,25482,25432,4368.3,261566,False,False,True,False,100,-1.2806233859772016
policy,128263,25502,25452,4372.0,261567,False,False,True,False,100,-1.3446942922542902
policy,128363,25522,25472,4375.7,261568,False,False,True,False,100,-1.6472377489900163
policy,128382,25526,25476,4376.5,261569,False,False,False,True,19,-0.8957060945743776
policy,128482,25546,25496,4380.3,261570,False,False,True,False,100,-1.2135405515897828
policy,128582,25566,25516,4384.2,261571,False,False,True,False,100,-1.4651389495945861
policy,128682,25586,25536,4388.5,261572,False,False,True,False,100,-1.2974961598370425
policy,128782,25606,25556,4392.5,261573,False,False,True,False,100,-1.3632659459920773
policy,128882,25626,25576,4396.1,261574,False,False,True,False,100,-1.378171177592282
policy,128982,25646,25596,4399.7,261575,False,False,True,False,100,-1.2792138008266307
policy,129011,25652,25602,4400.7,261576,False,False,False,True,29,-0.8779210058223075
policy,129062,25662,25612,4402.4,261577,False,False,False,True,51,-1.0423691223511624
policy,129162,25682,25632,4406.0,261578,False,False,True,False,100,-1.583296300136619
policy,129205,25690,25640,4407.5,261579,False,False,False,True,43,-1.074548987538898
policy,129305,25710,25660,4411.2,261580,False,False,True,False,100,-1.635400719163052
policy,129405,25730,25680,4414.8,261581,False,False,True,False,100,-1.174510129802188
policy,129505,25750,25700,4418.6,261582,False,False,True,False,100,-1.296590925374018
policy,129568,25763,25713,4421.2,261583,False,False,False,True,63,-1.0885252291179512
policy,129668,25783,25733,4425.2,261584,False,False,True,False,100,-1.318809434915512
policy,129768,25803,25753,4429.1,261585,False,False,True,False,100,-1.7565756287962193
policy,129786,25807,25757,4430.0,261586,False,False,False,True,18,-0.7486215156355187
policy,129871,25824,25774,4433.1,261587,False,False,False,True,85,-1.3554563816826761
policy,129917,25833,25783,4434.9,261588,False,False,False,True,46,-0.9213279544605868
policy,129945,25838,25788,4435.9,261589,False,False,False,True,28,-0.9832545526881846
policy,130045,25858,25808,4439.6,261590,False,False,True,False,100,-1.204092289202238
policy,130145,25878,25828,4443.3,261591,False,False,True,False,100,-1.496523628849723
policy,130245,25898,25848,4446.8,261592,False,False,True,False,100,-1.1715427312062412
policy,130345,25918,25868,4450.4,261593,False,False,True,False,100,-1.3509699437013512
policy,130396,25929,25879,4452.4,261594,False,False,False,True,51,-1.1655660077957026
policy,130406,25931,25881,4452.8,261595,False,False,False,True,10,-0.9458015345867432
policy,130506,25951,25901,4456.4,261596,False,False,True,False,100,-1.277014661728836
policy,130599,25969,25919,4459.8,261597,False,False,False,True,93,-1.7860266398635867
policy,130621,25974,25924,4460.7,261598,False,False,False,True,22,-0.901599094993779
policy,130721,25994,25944,4464.8,261599,False,False,True,False,100,-1.3167462607687677
policy,130821,26014,25964,4468.8,261600,False,False,True,False,100,-1.25924952938283
policy,130873,26024,25974,4470.9,261601,False,False,False,True,52,-1.2203698097132167
policy,130973,26044,25994,4474.8,261602,False,False,True,False,100,-1.2333032762375495
policy,131042,26058,26008,4477.4,261603,False,False,False,True,69,-1.2033189873242711
policy,131142,26078,26028,4480.9,261604,False,False,True,False,100,-1.323270213771948
policy,131242,26098,26048,4484.5,261605,False,False,True,False,100,-1.396506458208732
policy,131342,26118,26068,4488.1,261606,False,False,True,False,100,-1.610423252965138
policy,131442,26138,26088,4491.9,261607,False,False,True,False,100,-1.6367607882268915
policy,131542,26158,26108,4495.6,261608,False,False,True,False,100,-1.4045019600792221
policy,131642,26178,26128,4499.4,261609,False,False,True,False,100,-1.4628470265228135
policy,131742,26198,26148,4503.1,261610,False,False,True,False,100,-1.457143437797668
policy,131842,26218,26168,4507.4,261611,False,False,True,False,100,-1.2923878567068834
policy,131942,26238,26188,4511.2,261612,False,False,True,False,100,-1.2715847516830623
policy,132042,26258,26208,4514.9,261613,False,False,True,False,100,-1.4203730568049493
policy,132051,26260,26210,4515.2,261614,False,False,False,True,9,-0.7051605544219248
policy,132151,26280,26230,4518.7,261615,False,False,True,False,100,-1.4781282740979926
policy,132251,26300,26250,4522.3,261616,False,False,True,False,100,-1.649286889490496
policy,132351,26320,26270,4526.2,261617,False,False,True,False,100,-1.6144916915696954
policy,132448,26339,26289,4529.8,261618,False,False,False,True,97,-1.4297573813501654
policy,132548,26359,26309,4533.4,261619,False,False,True,False,100,-1.3587097732669595
policy,132587,26367,26317,4534.8,261620,False,False,False,True,39,-1.0135322982014734
policy,132687,26387,26337,4538.4,261621,False,False,True,False,100,-1.63826725799029
policy,132787,26407,26357,4541.9,261622,False,False,True,False,100,-1.2031400234418521
policy,132887,26427,26377,4545.4,261623,False,False,True,False,100,-1.2229711503342697
policy,132987,26447,26397,4548.9,261624,False,False,True,False,100,-1.7054796603138087
policy,133087,26467,26417,4552.4,261625,False,False,True,False,100,-1.104752500984178
policy,133187,26487,26437,4555.9,261626,False,False,True,False,100,-1.3014442574958776
policy,133287,26507,26457,4559.5,261627,False,False,True,False,100,-1.3514843261210885
policy,133364,26522,26472,4562.3,261628,False,False,False,True,77,-1.1451364669321837
policy,133464,26542,26492,4566.0,261629,False,False,True,False,100,-1.2137365966643368
policy,133564,26562,26512,4569.8,261630,False,False,True,False,100,-1.2901989204642283
policy,133664,26582,26532,4573.5,261631,False,False,True,False,100,-1.3154404030449935
policy,133749,26599,26549,4576.5,261632,False,False,False,True,85,-1.2331251910499548
policy,133770,26603,26553,4577.2,261633,False,False,False,True,21,-0.9337037461069179
policy,133816,26613,26563,4578.9,261634,False,False,False,True,46,-1.1280378757624208
policy,133884,26626,26576,4581.1,261635,False,False,False,True,68,-1.088862408882028
policy,133943,26638,26588,4583.1,261636,False,False,False,True,59,-1.2178272717604777
policy,134043,26658,26608,4586.5,261637,False,False,True,False,100,-1.5039591425511465
policy,134085,26666,26616,4587.9,261638,False,False,False,True,42,-0.9735863685394417
policy,134138,26677,26627,4589.9,261639,False,False,False,True,53,-1.1573093940520178
policy,134238,26697,26647,4593.5,261640,False,False,True,False,100,-1.6329777622001218
policy,134249,26699,26649,4593.8,261641,False,False,False,True,11,-0.8334884863313317
policy,134349,26719,26669,4597.5,261642,False,False,True,False,100,-1.427398419576252
policy,134449,26739,26689,4601.1,261643,False,False,True,False,100,-1.348724304154182
policy,134549,26759,26709,4604.8,261644,False,False,True,False,100,-1.3844797519725067
policy,134584,26766,26716,4606.1,261645,False,False,False,True,35,-1.114508041109865
policy,134684,26786,26736,4609.4,261646,False,False,True,False,100,-1.3412032185396026
policy,134784,26806,26756,4612.8,261647,False,False,True,False,100,-1.1566325314838908
policy,134831,26816,26766,4614.5,261648,False,False,False,True,47,-0.9350381322829244
policy,134931,26836,26786,4617.8,261649,False,False,True,False,100,-1.4634375871930838
policy,135031,26856,26806,4621.1,261650,False,False,True,False,100,-1.3107154220628585
policy,135131,26876,26826,4624.6,261651,False,False,True,False,100,-1.198092624112744
policy,135150,26879,26829,4625.1,261652,False,False,False,True,19,-0.7086040522600869
policy,135250,26899,26849,4628.6,261653,False,False,True,False,100,-1.756015918324307
policy,135307,26911,26861,4630.8,261654,False,False,False,True,57,-0.9955105739456022
policy,135407,26931,26881,4634.3,261655,False,False,True,False,100,-1.2788000682640677
policy,135507,26951,26901,4637.9,261656,False,False,True,False,100,-1.48964907378733
policy,135607,26971,26921,4641.3,261657,False,False,True,False,100,-1.2409338200634674
policy,135707,26991,26941,4644.9,261658,False,False,True,False,100,-1.5409680838236441
policy,135807,27011,26961,4648.5,261659,False,False,True,False,100,-1.4296647797819269
policy,135887,27027,26977,4651.2,261660,False,False,False,True,80,-1.5006808953727975
policy,135987,27047,26997,4654.7,261661,False,False,True,False,100,-1.3262980464979526
policy,136087,27067,27017,4658.1,261662,False,False,True,False,100,-1.1852560758795292
policy,136187,27087,27037,4661.6,261663,False,False,True,False,100,-1.2311755990972504
policy,136287,27107,27057,4665.0,261664,False,False,True,False,100,-1.2210895184303552
policy,136387,27127,27077,4668.5,261665,False,False,True,False,100,-1.201474504069024
policy,136486,27147,27097,4672.1,261666,False,False,False,True,99,-1.3279706367202464
policy,136586,27167,27117,4675.6,261667,False,False,True,False,100,-1.4155448284250205
policy,136627,27175,27125,4677.0,261668,False,False,False,True,41,-0.9282018579806164
policy,136727,27195,27145,4680.5,261669,False,False,True,False,100,-1.4602396727143754
policy,136827,27215,27165,4684.0,261670,False,False,True,False,100,-1.1817735870665298
policy,136927,27235,27185,4687.5,261671,False,False,True,False,100,-1.3078504066722367
policy,137027,27255,27205,4691.1,261672,False,False,True,False,100,-1.2673928382684607
policy,137127,27275,27225,4694.6,261673,False,False,True,False,100,-1.5156425634480335
policy,137172,27284,27234,4696.1,261674,False,False,False,True,45,-1.181863334978173
policy,137272,27304,27254,4699.6,261675,False,False,True,False,100,-1.1790867585710374
policy,137372,27324,27274,4703.1,261676,False,False,True,False,100,-1.1396950310701226
policy,137472,27344,27294,4706.7,261677,False,False,True,False,100,-1.526280074599058
policy,137572,27364,27314,4710.2,261678,False,False,True,False,100,-1.1820016128190733
policy,137672,27384,27334,4713.6,261679,False,False,True,False,100,-1.3965934782741147
