scene,steps,move_share,mean_move_param,mean_abs_turn_param,mean_speed_mps,final_distance_to_active_goal_m
250000,100,0.53,0.04027919843792915,0.42969274520874023,6.091393947601318,1244.2159423828125
250001,100,0.47,-0.05357551947236061,0.5337498784065247,5.417053699493408,692.6467895507812
250002,100,0.51,0.07460442185401917,0.4639407992362976,9.337197303771973,718.9498901367188
250003,100,0.54,-0.008171259425580502,0.5664297342300415,4.64102029800415,1340.1427001953125
250004,47,0.3829787234042553,0.17746202647686005,0.3689597547054291,5.553684711456299,748.0424194335938
250005,100,0.5,0.04701671004295349,0.5062723755836487,6.376219272613525,1244.0728759765625
250006,87,0.5517241379310345,-0.027805641293525696,0.5355512499809265,4.293562412261963,1267.796875
250007,66,0.48484848484848486,0.2710704207420349,0.44920942187309265,17.934249877929688,1997.406005859375
250008,30,0.5,0.018033893778920174,0.42225542664527893,3.382599115371704,1898.2303466796875
250009,100,0.6,0.02523076720535755,0.4766358733177185,13.249411582946777,748.6372680664062
250010,100,0.55,-0.0003215204633306712,0.4764059782028198,7.539223670959473,1333.9072265625
250011,100,0.44,-0.020059429109096527,0.48623064160346985,3.6505773067474365,577.4730834960938
250012,100,0.24,0.38080623745918274,0.5166817307472229,21.3218936920166,1025.6220703125
250013,100,0.32,0.03301961347460747,0.4628262519836426,6.253403663635254,732.3335571289062
250014,100,0.29,-0.11789996176958084,0.5970814824104309,1.810526728630066,1723.5244140625
250015,100,0.29,-0.03963369503617287,0.5633944272994995,3.2745554447174072,1472.62744140625
250016,100,0.32,0.16834524273872375,0.5859127044677734,7.406745433807373,597.975830078125
250017,100,0.41,0.10514076799154282,0.555621325969696,7.978728771209717,659.6531372070312
250018,100,0.49,-0.07914900034666061,0.5091511011123657,2.9295947551727295,660.026123046875
250019,100,0.34,0.15278342366218567,0.6073920130729675,20.61704444885254,1323.4703369140625
250020,85,0.32941176470588235,0.3323284685611725,0.5839826464653015,20.8938045501709,2056.202880859375
250021,100,0.27,0.1328374147415161,0.5635924935340881,7.954949855804443,1092.1944580078125
250022,100,0.31,-0.13416631519794464,0.5590590834617615,2.820629835128784,1686.129150390625
250023,100,0.22,0.021537840366363525,0.5711665749549866,2.4977500438690186,1743.44873046875
250024,100,0.22,-0.07520288974046707,0.5900672078132629,1.9038691520690918,738.488525390625
250025,100,0.31,0.03405305743217468,0.5748425126075745,7.646949768066406,1296.3665771484375
250026,100,0.35,0.06382320076227188,0.634753942489624,4.534925937652588,699.137939453125
250027,100,0.37,-0.06590554118156433,0.5611822605133057,1.9912147521972656,1144.3631591796875
250028,100,0.37,-0.1881682574748993,0.6002605557441711,1.993624210357666,1228.9306640625
250029,100,0.3,0.14185339212417603,0.5601027011871338,5.339595317840576,1435.65283203125
250030,100,0.23,-0.17942127585411072,0.6024826169013977,3.091712474822998,1493.0721435546875
250031,56,0.25,0.3218093514442444,0.5396568179130554,11.699114799499512,687.70166015625
250032,12,0.5,0.1450599879026413,0.9081168174743652,3.8638627529144287,2012.2406005859375
250033,100,0.36,-0.17953643202781677,0.5420022010803223,1.3446062803268433,745.9497680664062
250034,100,0.42,0.01732487417757511,0.5685706734657288,7.241523742675781,1449.83203125
250035,100,0.53,0.07518112659454346,0.600803792476654,12.128820419311523,1165.89013671875
250036,26,0.5,0.0252634696662426,0.4509466588497162,3.8117687702178955,904.2496337890625
250037,100,0.72,0.03188229352235794,0.564608633518219,18.622671127319336,1425.52001953125
250038,16,0.6875,0.1148703545331955,0.4524240493774414,2.6434476375579834,1042.822509765625
250039,100,0.65,-0.09403757005929947,0.48487135767936707,2.9959189891815186,1321.21533203125
250040,11,0.45454545454545453,0.20205779373645782,0.28631624579429626,1.5473127365112305,981.8787841796875
250041,100,0.54,-0.1484411358833313,0.5019985437393188,2.749138832092285,1152.778564453125
250042,100,0.57,-0.009009521454572678,0.5036382675170898,4.3493523597717285,370.32696533203125
250043,60,0.48333333333333334,0.06571485847234726,0.5414327383041382,4.090819835662842,1524.1466064453125
250044,100,0.58,-0.1325465738773346,0.5112277865409851,3.8985753059387207,636.5275268554688
250045,18,0.4444444444444444,0.03448319435119629,0.6112615466117859,2.8029677867889404,975.9142456054688
250046,100,0.54,-0.0776042491197586,0.5762136578559875,4.445895195007324,607.076171875
250047,100,0.54,-0.03096160665154457,0.5687947869300842,4.766129970550537,478.5161437988281
250048,100,0.51,0.02902546525001526,0.5308443307876587,5.610054016113281,559.0191650390625
250049,100,0.44,-0.14518141746520996,0.5590570569038391,2.3020315170288086,1506.494140625
250050,100,0.43,0.011410889215767384,0.48182976245880127,8.66363525390625,616.9376220703125
250051,100,0.4,-0.06293464452028275,0.5063764452934265,7.379855632781982,1275.6932373046875
250052,76,0.40789473684210525,0.1655791997909546,0.5519571304321289,16.42063331604004,1913.5477294921875
250053,100,0.42,-0.1121489629149437,0.5710922479629517,2.298677921295166,227.70431518554688
250054,48,0.4375,-0.1266750544309616,0.5170303583145142,1.039861798286438,660.0123901367188
250055,9,0.5555555555555556,0.5636866092681885,0.4392087757587433,5.2788896560668945,1673.67138671875
250056,30,0.5666666666666667,0.3566139340400696,0.5044931769371033,11.386216163635254,1225.712158203125
250057,100,0.46,0.06182549148797989,0.5107611417770386,8.487064361572266,543.6190185546875
250058,97,0.4329896907216495,-0.027697475627064705,0.5358296036720276,4.579222202301025,1213.8070068359375
250059,19,0.2631578947368421,0.6558476686477661,0.5684908032417297,6.681574821472168,1817.08984375
250060,29,0.4482758620689655,-0.06716565787792206,0.5562706589698792,2.047229766845703,1160.06884765625
250061,100,0.43,-0.09420798718929291,0.5554850101470947,3.7174289226531982,698.2779541015625
250062,25,0.6,0.03495582193136215,0.6597601175308228,1.4242768287658691,1535.5406494140625
250063,100,0.5,-0.011813105084002018,0.49092480540275574,4.930490493774414,1182.368408203125
250064,87,0.41379310344827586,0.09958938509225845,0.5410664677619934,7.178699016571045,1153.83251953125
250065,100,0.56,-0.09094817191362381,0.45085880160331726,3.7276339530944824,787.0065307617188
250066,74,0.4594594594594595,0.2794228494167328,0.5273664593696594,19.495637893676758,745.2682495117188
250067,73,0.6712328767123288,0.011333500035107136,0.4808915853500366,7.466871738433838,1884.9571533203125
250068,100,0.53,0.035239458084106445,0.5661882758140564,7.572816848754883,629.2037963867188
250069,100,0.47,-0.17857664823532104,0.5093749761581421,1.2355924844741821,883.1952514648438
250070,100,0.46,0.021563638001680374,0.4804844260215759,3.3742763996124268,495.53961181640625
250071,100,0.49,-0.13496838510036469,0.4904654622077942,4.3190412521362305,1407.90380859375
250072,100,0.53,0.06935147196054459,0.5641545057296753,7.210630416870117,397.78692626953125
250073,100,0.37,-0.03441737964749336,0.5367498397827148,3.211299419403076,373.0199279785156
250074,100,0.41,0.026454465463757515,0.5445417165756226,5.996011734008789,564.169677734375
250075,100,0.42,-0.14885534346103668,0.6000802516937256,1.4745591878890991,1378.52001953125
250076,70,0.5857142857142857,0.009104174561798573,0.5200148820877075,6.734266757965088,550.929443359375
250077,100,0.5,-0.05974394828081131,0.5082138776779175,8.739128112792969,1119.7392578125
250078,100,0.54,0.04645229130983353,0.5073703527450562,6.512989521026611,1490.865966796875
250079,100,0.47,0.16665545105934143,0.5311470031738281,21.762611389160156,1250.541015625
250080,100,0.53,-0.06285528093576431,0.5404680967330933,4.007960796356201,1306.11962890625
250081,100,0.46,-0.1936999261379242,0.5129874348640442,1.573306679725647,1227.7626953125
250082,100,0.49,-0.04864196851849556,0.4718506336212158,6.680403232574463,1347.11962890625
250083,100,0.42,-0.04524189606308937,0.5758897066116333,6.64224100112915,1421.5657958984375
250084,100,0.42,0.017693039029836655,0.5017452836036682,5.139976501464844,583.7500610351562
250085,100,0.57,-0.07538075000047684,0.5474889278411865,3.7911770343780518,828.9196166992188
250086,100,0.47,0.09172263741493225,0.6331983804702759,8.916360855102539,250.48223876953125
250087,100,0.56,0.0451299287378788,0.5582113265991211,8.010832786560059,1011.3079833984375
250088,83,0.6265060240963856,0.04735950380563736,0.6187664270401001,5.279680252075195,1394.5985107421875
250089,100,0.61,0.02958765998482704,0.4522383213043213,11.816543579101562,1177.70068359375
250090,100,0.51,0.003570311237126589,0.536985456943512,8.951412200927734,1290.483154296875
250091,100,0.43,0.1910352110862732,0.5004686117172241,18.825260162353516,2069.275390625
250092,100,0.5,-0.09276983141899109,0.5972344875335693,2.976947069168091,585.5546264648438
250093,56,0.4642857142857143,0.18667222559452057,0.5456863641738892,15.361209869384766,956.982177734375
250094,100,0.62,-0.07907809317111969,0.6162407994270325,4.425291538238525,1480.3572998046875
250095,100,0.51,0.06666063517332077,0.5064390301704407,8.224388122558594,1091.130859375
250096,100,0.6,0.06854072958230972,0.4439089894294739,13.102564811706543,1399.230712890625
250097,100,0.47,0.08323178440332413,0.5115694999694824,4.121124744415283,777.7544555664062
250098,100,0.56,0.011772001162171364,0.47432443499565125,4.914971828460693,396.76031494140625
250099,100,0.57,-0.08174391090869904,0.4871058762073517,4.277807712554932,1359.115234375
250100,94,0.5,0.09868398308753967,0.5444303154945374,10.662341117858887,1125.8597412109375
250101,100,0.5,-0.1506413072347641,0.4594377279281616,2.0444576740264893,1333.947021484375
250102,100,0.43,0.1216759905219078,0.4828060567378998,10.071314811706543,667.7286376953125
250103,85,0.4588235294117647,0.02477068267762661,0.5170624852180481,11.045350074768066,1186.0281982421875
250104,100,0.49,-0.05591531842947006,0.5601850748062134,5.257142543792725,663.439453125
250105,100,0.46,-0.1367083340883255,0.557316243648529,2.5294137001037598,1719.9146728515625
250106,100,0.42,0.10626829415559769,0.5283814072608948,6.619400501251221,186.4650115966797
250107,24,0.5,0.14959491789340973,0.4967767298221588,8.435401916503906,1778.3367919921875
250108,100,0.54,0.002360075246542692,0.6274261474609375,10.217158317565918,708.31689453125
250109,100,0.66,0.039371903985738754,0.47246673703193665,7.2517194747924805,463.93634033203125
250110,100,0.4,0.00792035460472107,0.5057732462882996,4.476837635040283,1102.2484130859375
250111,100,0.48,0.0021591372787952423,0.53212970495224,4.726963520050049,1316.6104736328125
250112,100,0.37,-0.07273110002279282,0.5160403251647949,4.185426712036133,1514.2314453125
250113,100,0.53,0.1484576165676117,0.5602739453315735,17.16278076171875,1150.2672119140625
250114,100,0.47,0.07478298246860504,0.5414398312568665,5.033912181854248,211.20651245117188
250115,100,0.51,0.07188723236322403,0.5472337603569031,13.139630317687988,804.3802490234375
250116,32,0.53125,0.02153138816356659,0.44424304366111755,3.415315628051758,965.2172241210938
250117,100,0.61,-0.09768591821193695,0.5110403895378113,4.499025821685791,1177.9635009765625
250118,100,0.45,-0.09332948178052902,0.5032540559768677,2.842411994934082,1258.2540283203125
250119,100,0.51,-0.0147850988432765,0.5419599413871765,5.272469997406006,887.5209350585938
250120,100,0.52,-0.08335365355014801,0.5765098929405212,5.662578105926514,2040.73193359375
250121,100,0.51,-0.02621482126414776,0.4617573916912079,4.356774806976318,1165.802978515625
250122,45,0.5333333333333333,0.16195867955684662,0.5271046757698059,12.026684761047363,793.3399658203125
250123,19,0.631578947368421,-0.05570642650127411,0.5858467817306519,2.5087859630584717,1472.8179931640625
250124,100,0.56,-0.027602775022387505,0.5305435657501221,4.458914279937744,1124.1429443359375
250125,100,0.41,0.018930623307824135,0.5405448079109192,4.008581638336182,1531.9471435546875
250126,38,0.4473684210526316,-0.03271741047501564,0.41506481170654297,2.4517478942871094,1281.1949462890625
250127,100,0.6,-0.054271433502435684,0.48845282196998596,4.704888343811035,915.4404296875
250128,100,0.57,0.034871045500040054,0.5436539053916931,8.24875545501709,1361.9307861328125
250129,100,0.53,-0.14976322650909424,0.5659002065658569,2.71085262298584,1212.7159423828125
250130,100,0.47,-0.006820680107921362,0.6131041646003723,4.548605442047119,475.1529541015625
250131,100,0.51,0.0703129768371582,0.4236297309398651,8.407092094421387,628.0257568359375
250132,100,0.43,0.2934861183166504,0.5483622550964355,24.699604034423828,2093.01416015625
250133,100,0.5,0.03622063249349594,0.5697969198226929,10.2161283493042,813.0804443359375
250134,23,0.6086956521739131,0.06255920231342316,0.47087669372558594,6.162644863128662,1930.7589111328125
250135,100,0.49,0.05631941184401512,0.4925403296947479,8.79157543182373,486.6627502441406
250136,81,0.6049382716049383,0.023504624143242836,0.48363521695137024,4.104034423828125,1991.5263671875
250137,100,0.51,0.04733843356370926,0.5298576354980469,14.218493461608887,861.298095703125
250138,100,0.5,0.034795064479112625,0.47487568855285645,10.611748695373535,414.4743957519531
250139,100,0.4,0.13206055760383606,0.5260136723518372,20.254779815673828,660.0790405273438
250140,100,0.42,-0.11459006369113922,0.5099368095397949,1.737701416015625,701.350341796875
250141,90,0.5555555555555556,0.020606372505426407,0.5631390810012817,3.3650858402252197,888.1848754882812
250142,100,0.5,0.058460135012865067,0.4866928458213806,5.061798572540283,681.0907592773438
250143,100,0.42,-0.0364205539226532,0.4950118660926819,6.032264232635498,1042.54296875
250144,100,0.31,-0.04230963811278343,0.5257524251937866,2.09189510345459,245.9269256591797
250145,100,0.59,0.10683458298444748,0.5514875054359436,19.587871551513672,463.09039306640625
250146,100,0.47,-0.012249605730175972,0.510417640209198,7.66694974899292,1641.571044921875
250147,100,0.6,0.09688511490821838,0.5357770919799805,13.960843086242676,1080.7119140625
250148,100,0.47,-0.12203013896942139,0.5826281309127808,2.3715076446533203,237.0208282470703
250149,100,0.49,0.014264892786741257,0.47716447710990906,5.769070148468018,840.0362548828125
250150,100,0.53,-0.023546773940324783,0.5542203783988953,4.219727516174316,448.2790222167969
250151,100,0.45,-0.17175695300102234,0.5280563831329346,0.860718846321106,1244.25244140625
250152,43,0.5813953488372093,-0.12579132616519928,0.5948378443717957,1.485426664352417,933.2042236328125
250153,100,0.58,-0.09607149660587311,0.5127339959144592,6.0462236404418945,1154.60546875
250154,100,0.49,-0.18075302243232727,0.5082755088806152,1.5028526782989502,415.1205749511719
250155,100,0.49,0.04494605213403702,0.5480670928955078,6.106619834899902,1029.6046142578125
250156,100,0.51,-0.019709615036845207,0.5629567503929138,5.105929374694824,1304.26171875
250157,100,0.62,-0.09918450564146042,0.5198196768760681,4.176483631134033,1869.4693603515625
250158,72,0.5694444444444444,0.05573540925979614,0.4700799882411957,6.789719581604004,1562.4161376953125
250159,100,0.55,-0.09167598187923431,0.5391927361488342,1.623183012008667,444.32806396484375
250160,100,0.39,-0.11374592036008835,0.4380505084991455,3.5133678913116455,949.2778930664062
250161,100,0.47,-0.09083526581525803,0.5631283521652222,3.8419699668884277,862.2282104492188
250162,100,0.45,0.11028563976287842,0.49688780307769775,9.671529769897461,629.4950561523438
250163,100,0.49,-0.06807231158018112,0.5793503522872925,2.858323574066162,1266.5054931640625
250164,25,0.56,0.32556432485580444,0.6251418590545654,6.443540096282959,1167.493408203125
250165,14,0.7857142857142857,0.08085297793149948,0.49526500701904297,4.97469425201416,940.6675415039062
250166,55,0.4909090909090909,0.05764658376574516,0.4435312747955322,8.07978630065918,728.3533935546875
250167,78,0.5512820512820513,0.11545026302337646,0.5651248693466187,13.182888984680176,1784.3038330078125
250168,70,0.4857142857142857,-0.20572181046009064,0.487632691860199,1.9747748374938965,1518.317626953125
250169,84,0.5238095238095238,-0.05402125045657158,0.5384426712989807,4.013763427734375,1118.6806640625
250170,100,0.53,-0.07419995218515396,0.4622930884361267,5.096144199371338,468.6795654296875
250171,100,0.47,-0.0850583016872406,0.5696234703063965,2.3431715965270996,976.4450073242188
250172,100,0.5,0.14412321150302887,0.5783083438873291,18.836807250976562,1092.8741455078125
250173,49,0.5510204081632653,0.022696319967508316,0.5243796706199646,4.124171257019043,751.055419921875
250174,70,0.5857142857142857,0.17001183331012726,0.4472523629665375,12.960177421569824,463.8463439941406
250175,100,0.62,-0.030500497668981552,0.541569709777832,6.9525146484375,579.0086669921875
250176,100,0.58,-0.12409466505050659,0.4251818060874939,2.915127992630005,547.1796264648438
250177,100,0.52,0.007056909613311291,0.5552740693092346,6.553211688995361,1236.0965576171875
250178,100,0.53,-0.02004053257405758,0.5667949318885803,3.779689311981201,909.5300903320312
250179,100,0.51,-0.07981473952531815,0.5658435821533203,3.4861040115356445,593.0519409179688
250180,100,0.46,-0.07633250951766968,0.5018879771232605,6.5276312828063965,937.2149658203125
250181,17,0.7647058823529411,0.0314677432179451,0.4734116494655609,2.8818795680999756,1639.96240234375
250182,100,0.55,-0.018952982500195503,0.49170973896980286,5.203545093536377,1062.882080078125
250183,100,0.53,0.03406454622745514,0.47582942247390747,6.197207450866699,161.50845336914062
250184,51,0.6470588235294118,0.03253382444381714,0.6130197048187256,3.456578493118286,1370.2349853515625
250185,100,0.53,-0.06082897633314133,0.5493282675743103,3.628124475479126,1102.8125
250186,100,0.39,0.0033036607783287764,0.591936469078064,7.3939032554626465,1163.458984375
250187,100,0.53,-0.06829941272735596,0.5121033191680908,6.153006553649902,1129.558837890625
250188,100,0.49,-0.029559845104813576,0.47874757647514343,4.810418605804443,809.2066040039062
250189,74,0.5135135135135135,0.027759507298469543,0.5234158635139465,5.544538974761963,1423.78466796875
250190,35,0.4857142857142857,-0.00011789798736572266,0.5749645829200745,2.0223989486694336,1684.06494140625
250191,100,0.53,-0.054466817528009415,0.5161546468734741,2.5649337768554688,996.4503173828125
250192,100,0.45,-0.007817807607352734,0.5592334270477295,5.479990005493164,975.0965576171875
250193,70,0.5428571428571428,-0.011371549218893051,0.5014077425003052,2.7980010509490967,876.129150390625
250194,88,0.5340909090909091,0.148735910654068,0.45810216665267944,9.324562072753906,1602.606201171875
250195,70,0.6142857142857143,0.12488782405853271,0.5768503546714783,15.899417877197266,1169.6173095703125
250196,100,0.53,-0.04222417250275612,0.4601856470108032,4.367213249206543,768.3242797851562
250197,27,0.48148148148148145,0.3812866806983948,0.49837493896484375,10.053902626037598,1396.6746826171875
250198,100,0.52,-0.011120228096842766,0.5094311237335205,4.488979339599609,1313.1788330078125
250199,100,0.5,0.14846552908420563,0.49706190824508667,8.26947021484375,743.2677001953125
250200,100,0.52,0.012200919911265373,0.5056917667388916,8.06409740447998,1504.234375
250201,100,0.39,-0.04667667672038078,0.5252113342285156,3.991987466812134,900.002685546875
250202,69,0.5072463768115942,0.0212006326764822,0.5639190077781677,5.468940258026123,877.7171020507812
250203,100,0.49,-0.03742978349328041,0.4718809425830841,4.1883955001831055,1069.7587890625
250204,100,0.45,-0.22122444212436676,0.48789143562316895,1.495542287826538,1621.279296875
250205,98,0.5204081632653061,-0.002794788219034672,0.6058258414268494,12.056441307067871,1574.770263671875
250206,100,0.48,-0.07190879434347153,0.47488322854042053,3.1612584590911865,1328.3660888671875
250207,17,0.47058823529411764,0.16178643703460693,0.5382562279701233,3.2799432277679443,624.1433715820312
250208,100,0.49,-0.07844948768615723,0.5176503658294678,3.1740143299102783,798.642822265625
250209,100,0.55,0.04773060232400894,0.4445990324020386,9.656328201293945,1555.919677734375
250210,100,0.49,0.04970161244273186,0.5805198550224304,8.113146781921387,926.6765747070312
250211,100,0.51,-0.15686652064323425,0.5259365439414978,3.443563222885132,1481.415771484375
250212,100,0.52,0.07323663681745529,0.4587986469268799,13.521881103515625,1631.03173828125
250213,100,0.46,-0.043061915785074234,0.5453516840934753,6.176758289337158,482.9180908203125
250214,100,0.42,-0.05072086304426193,0.48235875368118286,7.799210071563721,810.6282958984375
250215,100,0.4,-0.09275002777576447,0.5819564461708069,2.6964688301086426,732.9027709960938
250216,59,0.6271186440677966,0.02905813418328762,0.6018190979957581,5.031334400177002,1595.89208984375
250217,100,0.48,0.13430599868297577,0.4440596401691437,11.493937492370605,1575.7484130859375
250218,100,0.51,0.029307132586836815,0.5527949333190918,8.986640930175781,842.5850219726562
250219,100,0.46,-0.07887250185012817,0.5234936475753784,3.3251659870147705,1200.28564453125
250220,100,0.47,-0.15426477789878845,0.549446702003479,1.7856059074401855,446.1558837890625
250221,100,0.49,0.05275753512978554,0.5755881667137146,11.994720458984375,1379.5069580078125
250222,48,0.5,-0.020315421745181084,0.41663622856140137,3.6470866203308105,497.4942932128906
250223,100,0.52,-0.0570179782807827,0.5729862451553345,2.7797961235046387,1210.8719482421875
250224,100,0.51,-0.04202411323785782,0.5442630052566528,4.8276872634887695,1664.8802490234375
250225,82,0.5,0.028019577264785767,0.46578872203826904,5.171743869781494,1553.4578857421875
250226,100,0.49,-0.1131037175655365,0.5192814469337463,4.396960258483887,1072.1505126953125
250227,65,0.5384615384615384,0.09047088772058487,0.5197103023529053,8.660110473632812,1429.4622802734375
250228,100,0.51,0.021255236119031906,0.5545679330825806,7.232048988342285,976.7275390625
250229,100,0.37,-0.07527632266283035,0.546464741230011,3.2538764476776123,1121.515380859375
250230,93,0.5053763440860215,-0.05656727775931358,0.5284173488616943,2.42612624168396,1474.0025634765625
250231,84,0.5476190476190477,0.10460760444402695,0.5486027598381042,9.836654663085938,1163.0804443359375
250232,100,0.64,-0.03763527423143387,0.5872595310211182,9.583341598510742,803.531494140625
250233,100,0.52,-0.032383326441049576,0.5321317315101624,3.4775333404541016,298.38201904296875
250234,100,0.58,0.04317663982510567,0.5498321652412415,6.246018886566162,740.4390258789062
250235,100,0.59,-0.07783793658018112,0.5295027494430542,3.9136643409729004,1107.692626953125
250236,100,0.5,0.04676637798547745,0.5285226106643677,6.2205095291137695,1273.3533935546875
250237,100,0.47,-0.04516437649726868,0.5638320446014404,5.106804847717285,639.0012817382812
250238,100,0.4,0.025944814085960388,0.5227773785591125,4.90614652633667,1081.7088623046875
250239,100,0.58,-0.11588935554027557,0.5189231634140015,2.1480531692504883,1558.7784423828125
250240,100,0.47,-0.12707658112049103,0.5125771164894104,2.317783832550049,1075.2691650390625
250241,100,0.45,0.004767030011862516,0.6179842352867126,5.526933193206787,397.606689453125
250242,9,0.2222222222222222,0.42611104249954224,0.5777620673179626,0.911707878112793,1637.9320068359375
250243,80,0.5875,0.032802410423755646,0.40246379375457764,4.413092136383057,331.5670166015625
250244,68,0.5,0.15348711609840393,0.5233994126319885,13.83613109588623,1278.1407470703125
250245,100,0.44,0.03128296136856079,0.555719792842865,5.046780109405518,476.4153137207031
250246,100,0.5,-0.07507316768169403,0.5694829821586609,3.3736655712127686,1115.105224609375
250247,100,0.58,0.09558779001235962,0.46120792627334595,15.533162117004395,787.3402099609375
250248,60,0.5,-0.06650383770465851,0.5020134449005127,2.250861883163452,904.5015869140625
250249,100,0.56,0.07138204574584961,0.5922168493270874,13.819854736328125,897.779052734375
250250,100,0.48,0.0739724263548851,0.5050065517425537,7.6168622970581055,957.3605346679688
250251,100,0.46,0.07086200267076492,0.49205371737480164,17.002412796020508,615.8394165039062
250252,71,0.4084507042253521,0.10959268361330032,0.5702930092811584,8.21874713897705,1219.2652587890625
250253,42,0.42857142857142855,0.15185672044754028,0.46025100350379944,7.221035480499268,816.0690307617188
250254,33,0.42424242424242425,0.05232662707567215,0.45585280656814575,3.9324512481689453,679.067138671875
250255,100,0.64,0.09148768335580826,0.4899642765522003,9.601848602294922,306.3638000488281
250256,8,0.5,0.3767496943473816,0.2829805910587311,2.384838581085205,1557.420166015625
250257,100,0.49,0.12586748600006104,0.4561708867549896,9.288351058959961,736.3349609375
250258,5,0.8,0.676018476486206,0.9465587735176086,6.535645961761475,1631.5548095703125
250259,100,0.51,-0.06863777339458466,0.5482878684997559,4.437744617462158,1454.2664794921875
250260,69,0.5942028985507246,0.13121658563613892,0.49224790930747986,15.133902549743652,740.7200927734375
250261,100,0.5,-0.03575828671455383,0.5322544574737549,6.818984031677246,1196.971435546875
250262,100,0.55,0.05137072876095772,0.47939789295196533,5.720796585083008,438.0726623535156
250263,100,0.59,-0.016827231273055077,0.41924822330474854,4.847189426422119,1084.3516845703125
250264,100,0.48,0.009277015924453735,0.45140892267227173,4.07860803604126,944.9326171875
250265,100,0.5,-0.09996533393859863,0.6047801971435547,2.9695138931274414,872.8896484375
250266,29,0.6896551724137931,-0.05257434770464897,0.5256443023681641,3.673884868621826,423.770751953125
250267,100,0.56,-0.024876965209841728,0.5102192759513855,6.387816905975342,1347.09228515625
250268,100,0.51,-0.12276638299226761,0.4892050325870514,3.857408046722412,1228.2147216796875
250269,100,0.51,-0.041224878281354904,0.5234893560409546,4.886010646820068,1112.3106689453125
250270,100,0.47,0.020118461921811104,0.5241467952728271,6.588809967041016,1504.92138671875
250271,100,0.54,-0.032518770545721054,0.5930432081222534,17.071063995361328,518.4583129882812
250272,100,0.33,-0.19193582236766815,0.5991756319999695,1.5418425798416138,763.3043823242188
250273,100,0.43,0.10899613797664642,0.550234854221344,9.013374328613281,686.7451782226562
250274,100,0.56,0.0036726188845932484,0.49473848938941956,7.5942769050598145,1592.45556640625
250275,100,0.54,0.058714959770441055,0.5822069048881531,9.96381664276123,1321.004150390625
250276,40,0.5,0.2100715935230255,0.44869107007980347,5.731215000152588,1483.617919921875
250277,28,0.5714285714285714,-0.06162877380847931,0.4193423092365265,4.121572971343994,1433.778076171875
250278,100,0.46,0.012773765251040459,0.4951140880584717,4.901513576507568,647.244873046875
250279,86,0.4418604651162791,-0.0045766327530145645,0.4825954735279083,6.521661281585693,552.8944702148438
250280,100,0.54,-0.0009826432215049863,0.544744074344635,7.088089942932129,790.345703125
250281,55,0.6727272727272727,0.036575186997652054,0.5852933526039124,3.3246285915374756,1422.9190673828125
250282,100,0.56,-0.1052212193608284,0.5154522657394409,3.482410430908203,1190.26318359375
250283,100,0.44,0.13823865354061127,0.5475910305976868,8.932413101196289,847.0160522460938
250284,100,0.3,-0.05739648640155792,0.4885345995426178,1.8506629467010498,293.572265625
250285,100,0.4,0.013551181182265282,0.4722527861595154,3.19154953956604,850.1995239257812
250286,34,0.4411764705882353,0.1964792162179947,0.4185166656970978,8.10683822631836,653.14208984375
250287,80,0.475,-0.14167292416095734,0.5220988392829895,1.885101318359375,941.4987182617188
250288,43,0.4186046511627907,0.1261114478111267,0.4898373484611511,4.131359577178955,833.4979858398438
250289,100,0.51,-0.03973345085978508,0.5592303276062012,4.426766872406006,1057.7547607421875
250290,100,0.5,0.05696434900164604,0.5332558751106262,15.58784008026123,1011.6497192382812
250291,100,0.45,0.019898517057299614,0.5278425812721252,9.19794750213623,1888.4207763671875
250292,100,0.43,-0.12741082906723022,0.5252906680107117,2.203202962875366,1008.6912841796875
250293,100,0.51,0.04114200919866562,0.5484744310379028,13.691679000854492,771.9384155273438
250294,21,0.42857142857142855,0.14985793828964233,0.4757746160030365,5.153865337371826,1490.9754638671875
250295,100,0.47,-0.12962272763252258,0.4612593352794647,3.0156452655792236,899.2669067382812
250296,100,0.5,-0.08368884772062302,0.48734721541404724,2.294058084487915,994.6490478515625
250297,26,0.5384615384615384,0.006779665593057871,0.4579688012599945,2.816774368286133,1341.879638671875
250298,100,0.47,-0.017491616308689117,0.4652790427207947,6.342461585998535,1345.08349609375
250299,68,0.5735294117647058,0.19558121263980865,0.5407376289367676,12.932419776916504,1861.224365234375
250300,28,0.5357142857142857,0.15107084810733795,0.5022788643836975,7.048394203186035,1504.0848388671875
250301,100,0.5,-0.10457933694124222,0.5125411748886108,3.421328067779541,1117.5633544921875
250302,100,0.59,-0.027365809306502342,0.5093767046928406,5.33910608291626,302.7972717285156
250303,100,0.61,-0.07322413474321365,0.4839761555194855,7.025350570678711,1318.452880859375
250304,100,0.52,-0.074915811419487,0.5098081231117249,4.232636451721191,1298.875732421875
250305,100,0.52,-0.0850827768445015,0.5243685841560364,2.543212652206421,1808.531005859375
250306,100,0.48,0.06982051581144333,0.4707249402999878,10.371585845947266,1537.4735107421875
250307,100,0.54,0.13162066042423248,0.5481545925140381,16.874774932861328,930.3302001953125
250308,100,0.45,0.12325389683246613,0.5531876683235168,11.729839324951172,1073.046142578125
250309,100,0.53,-0.0011272059055045247,0.5540798902511597,8.230064392089844,1824.2352294921875
250310,92,0.5217391304347826,0.1089147999882698,0.482420951128006,14.669465065002441,1604.1285400390625
250311,100,0.47,-0.0957399234175682,0.502848744392395,4.1565375328063965,514.8602905273438
250312,27,0.6296296296296297,0.08858957141637802,0.5130289793014526,3.6919169425964355,931.4568481445312
250313,100,0.47,0.00014301690680440515,0.5109097361564636,11.835838317871094,1041.563232421875
250314,8,0.625,0.22043851017951965,0.7245049476623535,2.378046989440918,768.16162109375
250315,100,0.49,0.011645999737083912,0.5231555700302124,7.110433101654053,973.7994384765625
250316,77,0.5714285714285714,0.03545501083135605,0.45435139536857605,8.260613441467285,1059.4315185546875
250317,100,0.38,0.005337238311767578,0.577139675617218,5.303496837615967,1208.019775390625
250318,100,0.4,0.18960769474506378,0.5695615410804749,13.033961296081543,915.566162109375
250319,100,0.46,0.0830695703625679,0.5209882259368896,19.095094680786133,1082.1995849609375
250320,26,0.5384615384615384,0.25266778469085693,0.40131130814552307,5.770956039428711,978.9119873046875
250321,39,0.28205128205128205,0.0846194326877594,0.5022011995315552,4.474007606506348,829.3045043945312
250322,100,0.44,-0.029889581725001335,0.5252314805984497,7.7403244972229,1205.318359375
250323,62,0.5,0.12468257546424866,0.5322269201278687,9.800535202026367,1803.7247314453125
250324,100,0.5,-0.022658875212073326,0.5779216885566711,8.773012161254883,820.9596557617188
250325,100,0.61,-0.02192741446197033,0.6393287181854248,4.8545122146606445,1915.2794189453125
250326,100,0.53,-0.10783736407756805,0.5789428949356079,2.329599618911743,1120.4556884765625
250327,18,0.3888888888888889,-0.05096560716629028,0.576122522354126,4.210911273956299,686.0980834960938
250328,100,0.48,0.03812290355563164,0.4821203052997589,3.1960606575012207,358.5424499511719
250329,84,0.5595238095238095,0.04759417846798897,0.38980644941329956,4.692969799041748,1016.2259521484375
250330,100,0.5,-0.017536478117108345,0.5209348797798157,5.311887741088867,770.883544921875
250331,100,0.45,0.052062954753637314,0.5360972881317139,8.969268798828125,670.1624755859375
250332,100,0.52,-0.10599243640899658,0.5267529487609863,2.939525604248047,1537.5574951171875
250333,100,0.54,-0.029529202729463577,0.4830460250377655,3.3949921131134033,196.193115234375
250334,100,0.48,-0.17207826673984528,0.5622814893722534,2.0153331756591797,741.3506469726562
250335,100,0.45,-0.12772484123706818,0.4980120360851288,3.816020965576172,733.3202514648438
250336,100,0.5,-0.06380221247673035,0.5133482813835144,2.184455156326294,1082.5167236328125
250337,100,0.56,-0.006050195079296827,0.48660165071487427,4.579878330230713,652.9795532226562
250338,100,0.53,-0.10064969211816788,0.531615138053894,2.945909023284912,947.14892578125
250339,100,0.54,0.04182908684015274,0.5153177380561829,10.180407524108887,718.098388671875
250340,100,0.49,0.006208069622516632,0.5283322930335999,4.147484302520752,561.96044921875
250341,24,0.5,-0.019829150289297104,0.5652453899383545,2.29757022857666,428.3487243652344
250342,100,0.45,0.0060744802467525005,0.5256620645523071,3.2730510234832764,336.8222961425781
250343,100,0.54,0.09952624887228012,0.5142696499824524,14.281549453735352,209.0227508544922
250344,79,0.5949367088607594,-0.008088995702564716,0.571721613407135,8.562131881713867,794.2786865234375
250345,100,0.42,0.16937054693698883,0.49135568737983704,14.436318397521973,642.6338500976562
250346,100,0.44,0.01732696034014225,0.5513683557510376,3.6510064601898193,435.86041259765625
250347,100,0.39,-0.06881830841302872,0.5150564908981323,4.813185214996338,448.40869140625
250348,100,0.49,0.12042232602834702,0.4946948289871216,8.908798217773438,1173.33984375
250349,100,0.48,-0.021259726956486702,0.5206010341644287,8.200477600097656,619.8682861328125
250350,45,0.6,0.16878968477249146,0.45291006565093994,9.475931167602539,1607.257080078125
250351,100,0.45,0.0025262730196118355,0.5951240062713623,5.5396623611450195,404.23211669921875
250352,100,0.43,-0.04080512747168541,0.44745004177093506,5.26749849319458,1391.1402587890625
250353,100,0.46,-0.1278562992811203,0.498414546251297,3.179757833480835,1040.67236328125
250354,100,0.51,-0.17660726606845856,0.5259031653404236,1.7257115840911865,816.162109375
250355,100,0.43,0.1925690919160843,0.5175084471702576,20.926856994628906,966.8505859375
250356,100,0.46,0.02240050956606865,0.547292947769165,7.247885704040527,1124.10009765625
250357,28,0.39285714285714285,0.02492324262857437,0.4765567183494568,3.6075997352600098,404.48333740234375
250358,100,0.5,0.08154173195362091,0.4740337133407593,9.770408630371094,598.724609375
250359,100,0.45,0.16116254031658173,0.5704799294471741,20.011274337768555,112.18318176269531
250360,100,0.47,0.02678941749036312,0.6196812391281128,5.967898368835449,981.6879272460938
250361,100,0.45,0.12384194135665894,0.4933461844921112,14.203987121582031,1256.2833251953125
250362,18,0.5555555555555556,0.39528128504753113,0.5790306925773621,9.254251480102539,422.5126037597656
250363,26,0.34615384615384615,0.024989869445562363,0.4237750470638275,1.7897320985794067,1493.4752197265625
250364,33,0.3939393939393939,0.21019235253334045,0.4312845766544342,5.826040744781494,1070.080322265625
250365,25,0.6,-0.1875666230916977,0.5467192530632019,1.0587023496627808,1203.97314453125
250366,39,0.5128205128205128,0.18937347829341888,0.5100226402282715,7.249752998352051,1811.7210693359375
250367,100,0.43,-0.26094526052474976,0.5073794722557068,0.9958891272544861,1429.06494140625
250368,100,0.47,-0.053061649203300476,0.47986283898353577,5.533824920654297,391.2936096191406
250369,98,0.5102040816326531,-0.033470772206783295,0.48777174949645996,3.114727020263672,630.87158203125
250370,100,0.56,0.020809512585401535,0.4828544855117798,5.791341781616211,1132.4228515625
250371,73,0.4657534246575342,0.1913851499557495,0.603271484375,19.21969223022461,1193.1990966796875
250372,100,0.61,0.08876439183950424,0.5140289664268494,15.047806739807129,504.26165771484375
250373,100,0.49,0.03034123405814171,0.49999505281448364,7.517570495605469,922.3319091796875
250374,100,0.55,0.11422105133533478,0.5600316524505615,15.106748580932617,688.095947265625
250375,69,0.42028985507246375,0.18546167016029358,0.48342180252075195,7.522604942321777,1132.224853515625
250376,100,0.53,0.108760304749012,0.4444820284843445,19.14507293701172,1128.38525390625
250377,59,0.5084745762711864,-0.14635883271694183,0.5312026143074036,1.794857382774353,1627.951171875
250378,100,0.55,-0.04169977828860283,0.5584920048713684,13.89807415008545,631.5396728515625
250379,100,0.54,-0.11527250707149506,0.4665661156177521,1.766304850578308,1331.857421875
250380,100,0.53,0.02539077401161194,0.5065041184425354,8.45195484161377,1977.7535400390625
250381,100,0.52,-0.05755062773823738,0.5304856300354004,4.125874996185303,445.75238037109375
250382,92,0.532608695652174,0.0037979362532496452,0.46646079421043396,8.789851188659668,1718.5322265625
250383,100,0.53,0.06566915661096573,0.5078368782997131,8.728086471557617,584.2089233398438
250384,27,0.3333333333333333,0.0969419851899147,0.4389384984970093,3.461822986602783,1395.001708984375
250385,100,0.56,-0.06381367892026901,0.5387902855873108,3.2852165699005127,1031.9324951171875
250386,100,0.41,-0.06368325650691986,0.5345394611358643,2.1569643020629883,578.1400146484375
250387,100,0.56,-0.17604507505893707,0.5002776980400085,2.6725895404815674,623.27392578125
250388,100,0.51,-0.09118758141994476,0.4754108190536499,3.7326321601867676,1305.736083984375
250389,100,0.56,-0.1316910833120346,0.4546142816543579,3.005330801010132,779.0608520507812
250390,96,0.5208333333333334,0.017417194321751595,0.4734453558921814,3.465095043182373,1681.5474853515625
250391,42,0.5,0.22174780070781708,0.6263396143913269,9.223432540893555,1648.216064453125
250392,100,0.52,-0.03856855258345604,0.5487688183784485,5.62571382522583,1733.152587890625
250393,100,0.54,-0.009128564037382603,0.5728402733802795,7.640035629272461,1708.4122314453125
250394,100,0.45,0.16521672904491425,0.5047308206558228,21.36533546447754,1847.69677734375
250395,100,0.46,-0.12560075521469116,0.4996020793914795,2.428654670715332,897.7926635742188
250396,100,0.52,0.05813731253147125,0.5475673079490662,18.61487579345703,693.6200561523438
250397,100,0.54,-0.13934537768363953,0.4871508479118347,2.0358917713165283,634.8595581054688
250398,100,0.47,-0.05692312493920326,0.5482128262519836,5.049705982208252,693.5325927734375
250399,83,0.4578313253012048,0.06070217862725258,0.5014768242835999,4.31959867477417,1059.6593017578125
250400,54,0.5370370370370371,-0.07301809638738632,0.5587171316146851,6.305577278137207,1661.291259765625
250401,23,0.43478260869565216,0.09143070876598358,0.5854135751724243,1.9727672338485718,1633.9310302734375
250402,100,0.41,-0.02143043465912342,0.5707634687423706,4.7574334144592285,1192.71142578125
250403,100,0.52,0.008508405648171902,0.48680368065834045,5.5050225257873535,1154.03662109375
250404,100,0.5,-0.044867172837257385,0.5194199085235596,6.641564846038818,611.8905639648438
250405,100,0.59,-0.05654691159725189,0.48201459646224976,4.191425323486328,903.5347900390625
250406,16,0.375,0.41665926575660706,0.5374939441680908,5.613600254058838,1076.5726318359375
250407,100,0.45,0.05913388356566429,0.4442756175994873,9.198652267456055,676.103515625
250408,100,0.48,-0.04250465705990791,0.4819192588329315,4.623693466186523,1398.560302734375
250409,100,0.48,-0.07519780844449997,0.5096082091331482,2.885114908218384,1049.5648193359375
250410,100,0.45,-0.007506347261369228,0.5825289487838745,5.42595911026001,1082.5291748046875
250411,100,0.56,-0.03136454150080681,0.5487588047981262,9.81443977355957,501.8004150390625
250412,60,0.5166666666666667,0.03031437285244465,0.46967875957489014,3.524174928665161,1196.240234375
250413,100,0.48,-0.058259204030036926,0.43136659264564514,3.443898916244507,243.81716918945312
250414,53,0.6037735849056604,0.2308133989572525,0.42948728799819946,13.87037467956543,1755.8643798828125
250415,92,0.5,-0.026358572766184807,0.45596036314964294,9.098295211791992,618.301513671875
250416,100,0.57,-0.08017737418413162,0.4578268826007843,5.615245819091797,1261.2584228515625
250417,81,0.5061728395061729,0.02653021551668644,0.5261136889457703,4.33338737487793,1887.835205078125
250418,67,0.6716417910447762,0.08360790461301804,0.43811216950416565,7.820027828216553,1338.968505859375
250419,100,0.52,0.12763665616512299,0.5823860764503479,16.826581954956055,652.1177978515625
250420,100,0.57,-0.031048143282532692,0.5290176272392273,4.307704925537109,795.7804565429688
250421,100,0.49,0.15350459516048431,0.6542701125144958,10.320894241333008,1092.712646484375
250422,100,0.44,0.13792404532432556,0.5675682425498962,15.167814254760742,1797.86474609375
250423,100,0.49,-0.10561831295490265,0.47144290804862976,2.4169650077819824,1549.658935546875
250424,100,0.41,-0.004118981771171093,0.5000494122505188,6.910297870635986,782.1273803710938
250425,100,0.52,-0.02872362546622753,0.5198230743408203,6.8208746910095215,199.1306610107422
250426,100,0.46,0.06493908166885376,0.5565565228462219,5.774804592132568,599.8881225585938
250427,100,0.51,-0.09658743441104889,0.5392177104949951,2.9161734580993652,1102.73193359375
250428,100,0.66,-0.14179553091526031,0.4543468952178955,4.195711135864258,1069.9747314453125
250429,48,0.5625,0.09823297709226608,0.41578274965286255,5.062712669372559,1468.55322265625
250430,100,0.47,0.1047896295785904,0.49334096908569336,13.727350234985352,1411.766845703125
250431,100,0.5,0.04007058963179588,0.5325794816017151,11.221001625061035,1357.2021484375
250432,100,0.53,0.06062755361199379,0.5154950022697449,6.310332298278809,1040.206787109375
250433,100,0.51,0.11151953041553497,0.46414390206336975,13.744524002075195,1655.8253173828125
250434,100,0.48,-0.058245331048965454,0.4626501798629761,2.7387967109680176,589.104736328125
250435,100,0.38,0.1699126958847046,0.5339251756668091,15.974369049072266,1259.50439453125
250436,100,0.41,0.07850081473588943,0.5519322156906128,5.994265079498291,1138.408447265625
250437,100,0.54,0.08848721534013748,0.48721811175346375,8.5061674118042,572.8760986328125
250438,100,0.47,0.09423530101776123,0.4814741611480713,16.79510498046875,800.4459838867188
250439,1,1.0,0.33824822306632996,,0.6764966249465942,1465.9227294921875
250440,100,0.5,0.10062213987112045,0.576646089553833,15.54979419708252,1645.3114013671875
250441,100,0.52,-0.0032923503313213587,0.5286040306091309,3.7046823501586914,1059.030517578125
250442,100,0.52,-0.08750658482313156,0.47933492064476013,2.366374969482422,335.3544921875
250443,59,0.4745762711864407,0.1871461421251297,0.44159626960754395,11.395089149475098,1035.6417236328125
250444,100,0.61,-0.09941473603248596,0.46191221475601196,4.473639011383057,1680.2265625
250445,100,0.52,0.07527650892734528,0.4643537104129791,11.819595336914062,1650.51953125
250446,31,0.3870967741935484,0.022857055068016052,0.4496523141860962,3.2602412700653076,1414.5743408203125
250447,65,0.6461538461538462,-0.0411621630191803,0.48637908697128296,6.251474857330322,2010.255126953125
250448,100,0.52,-0.10799895972013474,0.5832427144050598,5.12139368057251,516.0433349609375
250449,47,0.5319148936170213,0.16541768610477448,0.4179736077785492,10.113409996032715,1661.233642578125
250450,100,0.51,-0.08019928634166718,0.48835504055023193,4.29271936416626,1228.3243408203125
250451,89,0.5168539325842697,0.017352154478430748,0.4780462086200714,6.8790459632873535,1719.473388671875
250452,100,0.51,0.07532825320959091,0.5405277013778687,20.36680793762207,903.2257690429688
250453,100,0.41,0.11018626391887665,0.487509161233902,9.427713394165039,886.3226928710938
250454,100,0.48,0.16870231926441193,0.4718279540538788,22.9748592376709,1139.7025146484375
250455,100,0.57,0.17583028972148895,0.5602870583534241,21.23098373413086,1074.0955810546875
250456,100,0.5,-0.10959675908088684,0.47281959652900696,2.489248275756836,1426.74365234375
250457,100,0.59,-0.0556119903922081,0.5106673240661621,5.803396224975586,1382.88134765625
250458,100,0.42,0.08961328864097595,0.49660104513168335,14.324009895324707,476.3418273925781
250459,100,0.36,-0.25685495138168335,0.48216021060943604,1.1222479343414307,779.6530151367188
250460,100,0.54,-0.12191104143857956,0.5807909369468689,3.4157533645629883,1545.9635009765625
250461,100,0.52,-0.07298942655324936,0.5338119268417358,2.9728152751922607,374.82244873046875
250462,18,0.3333333333333333,-0.040654364973306656,0.5694806575775146,0.5183197259902954,1224.4332275390625
250463,100,0.52,-0.060115996748209,0.5130607485771179,7.382984638214111,643.4446411132812
250464,100,0.54,-0.06317582726478577,0.4730907380580902,3.7447919845581055,957.5693969726562
250465,40,0.475,0.14775051176548004,0.6589528322219849,8.349735260009766,1560.530517578125
250466,53,0.4339622641509434,0.16538730263710022,0.46455246210098267,7.81256103515625,749.435302734375
250467,100,0.42,-0.112745501101017,0.5126745104789734,4.975317478179932,714.0869140625
250468,47,0.3829787234042553,0.10883907973766327,0.5563139319419861,3.870164155960083,673.9957275390625
250469,100,0.42,-0.07722300291061401,0.5178695917129517,2.4763453006744385,630.493408203125
250470,100,0.47,-0.14066973328590393,0.5179811120033264,2.035067081451416,1681.330322265625
250471,51,0.5490196078431373,-0.13982026278972626,0.6291478872299194,2.2973806858062744,1305.875244140625
250472,100,0.49,-0.11546553671360016,0.5440101027488708,1.6024622917175293,1429.7757568359375
250473,100,0.46,-0.10673978924751282,0.48087412118911743,2.198418140411377,1733.0233154296875
250474,100,0.55,0.06841477006673813,0.5230932235717773,9.17179012298584,1103.3402099609375
250475,100,0.53,-0.003316761227324605,0.6616621017456055,4.9390435218811035,1545.0535888671875
250476,24,0.4166666666666667,-0.09335394203662872,0.5839478373527527,2.1866893768310547,611.2645874023438
250477,100,0.43,0.05647216737270355,0.5399330854415894,8.46649169921875,1078.669677734375
250478,100,0.49,-0.05770241841673851,0.585975170135498,5.1907453536987305,1137.697998046875
250479,87,0.4367816091954023,0.19260640442371368,0.5379675030708313,16.760997772216797,1241.2991943359375
250480,52,0.4230769230769231,0.12050685286521912,0.49611788988113403,5.111998558044434,1151.1646728515625
250481,100,0.46,0.06951843947172165,0.5020095705986023,11.026006698608398,642.1246948242188
250482,100,0.49,-0.040967803448438644,0.5096497535705566,7.096243858337402,1323.2777099609375
250483,100,0.5,-0.033663440495729446,0.5040799975395203,7.973109245300293,183.4288330078125
250484,100,0.49,0.11133746057748795,0.4526642858982086,15.590901374816895,1479.88037109375
250485,100,0.56,-0.007112677674740553,0.4131087064743042,10.187413215637207,939.498291015625
250486,60,0.55,0.10372303426265717,0.5680891871452332,15.183974266052246,383.4636535644531
250487,100,0.41,0.042969800531864166,0.5323467254638672,5.158644199371338,373.16455078125
250488,100,0.42,-0.12697668373584747,0.5301430225372314,3.1893362998962402,1486.8919677734375
250489,100,0.5,0.13856501877307892,0.5115772485733032,18.60541534423828,601.8155517578125
250490,100,0.64,-0.06155199557542801,0.5669674873352051,3.1110174655914307,773.1753540039062
250491,100,0.59,-0.14811626076698303,0.5409471988677979,1.2429391145706177,1219.5228271484375
250492,100,0.39,0.027697157114744186,0.49722054600715637,5.598452568054199,1159.6697998046875
250493,92,0.43478260869565216,0.1325690746307373,0.5019919872283936,7.437194347381592,507.77996826171875
250494,74,0.5540540540540541,0.05943235009908676,0.5914391875267029,11.737251281738281,670.4207153320312
250495,100,0.48,-0.06744516640901566,0.5613231062889099,5.035355567932129,523.06005859375
250496,100,0.44,-0.14837074279785156,0.46515336632728577,2.241772413253784,904.689697265625
250497,88,0.6136363636363636,0.06036556512117386,0.5693531632423401,9.28191089630127,1683.728271484375
250498,30,0.7666666666666667,0.12457422912120819,0.475018173456192,6.124544143676758,872.6685791015625
250499,100,0.53,-0.05785597860813141,0.535719096660614,2.152350902557373,709.0169677734375
250500,100,0.65,0.04777761176228523,0.5304157733917236,7.5910749435424805,802.5269775390625
250501,100,0.57,-0.16027629375457764,0.49548500776290894,3.16721510887146,1355.7467041015625
250502,100,0.51,0.03153364732861519,0.49369823932647705,10.7730131149292,524.1517944335938
250503,100,0.44,-0.1222057119011879,0.49511027336120605,2.256929874420166,840.7587890625
250504,100,0.44,-0.05384177342057228,0.5317921042442322,3.2730610370635986,864.7373657226562
250505,100,0.5,-0.1491703987121582,0.44527652859687805,1.8688831329345703,1547.43505859375
250506,100,0.51,-0.06800797581672668,0.4902169704437256,3.250253200531006,420.0545959472656
250507,100,0.61,-0.058340467512607574,0.48005661368370056,2.5245938301086426,1039.6826171875
250508,71,0.5211267605633803,-0.14319491386413574,0.4958295226097107,2.0004193782806396,720.958740234375
250509,100,0.47,-0.0014602085575461388,0.48653677105903625,6.030677795410156,889.291259765625
250510,100,0.51,-0.165078803896904,0.5235694050788879,1.8461495637893677,664.4156494140625
250511,100,0.44,-0.004353699274361134,0.5280309915542603,5.72715950012207,823.5695190429688
250512,74,0.5675675675675675,0.007722519803792238,0.5515115261077881,5.7598876953125,1135.3619384765625
250513,100,0.57,-0.030211953446269035,0.5540874600410461,8.687457084655762,903.5355224609375
250514,100,0.51,-0.023709923028945923,0.5510655641555786,3.6881632804870605,875.75830078125
250515,100,0.55,0.06704798340797424,0.5433915853500366,6.5467915534973145,215.25198364257812
250516,100,0.45,0.05631975457072258,0.5323702692985535,13.005921363830566,1326.9837646484375
250517,100,0.49,0.08619073033332825,0.5967603325843811,6.978041172027588,279.7930603027344
250518,100,0.5,0.08273497223854065,0.6080356240272522,15.45691967010498,478.024658203125
250519,77,0.5714285714285714,0.09742584079504013,0.43389245867729187,11.596550941467285,968.8889770507812
250520,100,0.47,-0.009167078882455826,0.4798647463321686,7.823952674865723,985.4468994140625
250521,100,0.47,-0.00423654867336154,0.5424166321754456,7.5828070640563965,1612.549560546875
250522,100,0.51,0.038612399250268936,0.6063183546066284,4.5927886962890625,442.0897216796875
250523,100,0.49,0.014004972763359547,0.4794152081012726,5.330466270446777,1237.5706787109375
250524,51,0.49019607843137253,0.07166150212287903,0.4648568034172058,5.176908016204834,1725.7967529296875
250525,100,0.44,-0.051234256476163864,0.5402700901031494,2.876669406890869,485.5908508300781
250526,100,0.56,-0.01695415936410427,0.5657211542129517,4.557586669921875,1302.35205078125
250527,100,0.53,-0.06102694198489189,0.49546027183532715,4.80075216293335,972.4918212890625
250528,100,0.53,0.04794996604323387,0.4430474638938904,14.40041732788086,1096.1707763671875
250529,100,0.53,0.0326785109937191,0.49770355224609375,5.5659379959106445,929.2810668945312
250530,100,0.53,0.036678798496723175,0.5488988757133484,10.567001342773438,527.8426513671875
250531,73,0.4520547945205479,0.11688018590211868,0.47149085998535156,7.4692277908325195,548.5740356445312
250532,100,0.41,-0.02805800922214985,0.49662697315216064,7.88238000869751,1349.7796630859375
250533,100,0.6,-0.01674916408956051,0.4538288116455078,6.964705944061279,684.3603515625
250534,100,0.45,-0.03718799352645874,0.5406471490859985,3.270500898361206,1064.6268310546875
250535,100,0.43,-0.22924676537513733,0.5724002122879028,0.9449954628944397,1526.1292724609375
250536,100,0.44,0.041383836418390274,0.5445613861083984,6.129789352416992,1435.8499755859375
250537,100,0.49,0.09118566662073135,0.5975498557090759,9.775815963745117,1305.21923828125
250538,16,0.375,0.09151476621627808,0.6827198266983032,1.9440152645111084,2019.6588134765625
250539,100,0.59,-0.0010648717870935798,0.4904557764530182,5.687906265258789,629.7749633789062
250540,100,0.43,-0.15895839035511017,0.502297043800354,1.54961097240448,551.0059204101562
250541,99,0.45454545454545453,-0.04014304652810097,0.47038644552230835,2.983832359313965,1059.8956298828125
250542,79,0.4177215189873418,-0.0055696675553917885,0.44171473383903503,7.4204301834106445,709.8134155273438
250543,100,0.48,-0.0634155198931694,0.5825010538101196,3.542356491088867,1028.0615234375
250544,100,0.53,-0.011231600306928158,0.5376710295677185,4.3584113121032715,1213.3944091796875
250545,100,0.54,-0.044173818081617355,0.4807770252227783,4.837217330932617,279.03765869140625
250546,100,0.52,-0.05336784943938255,0.5588110089302063,4.833723545074463,998.1720581054688
250547,100,0.58,-0.054226383566856384,0.5646950006484985,4.308863639831543,1638.3359375
250548,23,0.43478260869565216,0.3970571458339691,0.6401904821395874,8.074410438537598,1566.7032470703125
250549,100,0.5,-0.0010039579356089234,0.5104353427886963,6.146423816680908,1295.837646484375
250550,41,0.5365853658536586,-0.08945324271917343,0.6273183226585388,2.5368831157684326,1159.809814453125
250551,100,0.48,0.004972259048372507,0.563223123550415,8.32268238067627,371.4091796875
250552,100,0.48,-0.1769915372133255,0.47909730672836304,1.4004594087600708,970.1641235351562
250553,100,0.41,0.04315831512212753,0.5406874418258667,7.008508682250977,1018.9331665039062
250554,43,0.5116279069767442,0.25409135222435,0.5479644536972046,13.672209739685059,1552.1153564453125
250555,100,0.48,0.07132413983345032,0.510770320892334,10.425625801086426,1302.666748046875
250556,100,0.52,-0.016137121245265007,0.5015301704406738,10.191364288330078,281.1336669921875
250557,100,0.42,-0.11696683615446091,0.49450844526290894,3.3984057903289795,306.432373046875
250558,36,0.5,0.10828885436058044,0.5460212230682373,8.140071868896484,1911.3984375
250559,100,0.59,-0.02336093969643116,0.5148114562034607,6.186682224273682,780.5426635742188
250560,100,0.46,-0.05366957560181618,0.49802497029304504,4.912501811981201,1345.44384765625
250561,100,0.41,-0.13864654302597046,0.553730845451355,2.71095871925354,551.56298828125
250562,100,0.5,-0.06906118988990784,0.5616865754127502,4.944113254547119,924.9568481445312
250563,100,0.44,0.023975767195224762,0.604816734790802,10.282442092895508,544.3934326171875
250564,100,0.4,-0.08375953137874603,0.4500740170478821,5.918670177459717,1105.470947265625
250565,97,0.5670103092783505,0.1687464565038681,0.5093122124671936,21.937143325805664,1390.8804931640625
250566,48,0.5416666666666666,0.1622784286737442,0.5124083757400513,8.247591972351074,1330.106689453125
250567,100,0.6,0.06746258586645126,0.5717166066169739,12.385954856872559,586.8655395507812
250568,26,0.6153846153846154,0.15142208337783813,0.4729459881782532,4.600068092346191,1316.3988037109375
250569,100,0.48,0.015923624858260155,0.5047664642333984,5.2248125076293945,736.5030517578125
250570,100,0.52,-0.08905139565467834,0.5709002614021301,4.60883903503418,1440.0191650390625
250571,100,0.46,0.018446946516633034,0.5104458332061768,5.898641586303711,1075.5633544921875
250572,100,0.47,0.02433161996304989,0.5175625085830688,8.51198959350586,686.8854370117188
250573,100,0.61,-0.02331460453569889,0.558756947517395,7.03676176071167,653.9962768554688
250574,100,0.52,-0.06283803284168243,0.48091423511505127,7.742166996002197,536.7258911132812
250575,100,0.53,0.05381264165043831,0.4281727075576782,8.360113143920898,959.1357421875
250576,100,0.53,-0.04604795575141907,0.48878446221351624,6.979434013366699,1149.09375
250577,100,0.46,-0.08929646760225296,0.46193575859069824,5.050976753234863,950.2921142578125
250578,98,0.37755102040816324,-0.010932143777608871,0.4571002125740051,3.670881509780884,813.1767578125
250579,100,0.54,0.1185407042503357,0.5205461978912354,19.11391258239746,1554.3057861328125
250580,84,0.5595238095238095,-0.02282138541340828,0.4620051980018616,3.332160234451294,1194.3446044921875
250581,100,0.46,0.023960625752806664,0.5459050536155701,5.001257419586182,1324.4881591796875
250582,100,0.52,0.12074758112430573,0.5362398028373718,11.943978309631348,999.1580200195312
250583,100,0.57,0.10792800784111023,0.5607406497001648,9.735852241516113,1398.910400390625
250584,100,0.55,0.08129428327083588,0.5084231495857239,8.055122375488281,225.3369903564453
250585,84,0.4880952380952381,0.17146678268909454,0.48269662261009216,18.93837547302246,1902.9833984375
250586,17,0.47058823529411764,-0.14332562685012817,0.43065616488456726,0.8348685503005981,986.8535766601562
250587,100,0.59,0.060655102133750916,0.47568294405937195,6.686901569366455,1281.912353515625
250588,100,0.49,-0.018540633842349052,0.5523784756660461,7.7226715087890625,727.4058837890625
250589,100,0.59,-0.09670635312795639,0.42670050263404846,2.9943950176239014,836.3154296875
250590,100,0.61,-0.13466908037662506,0.5620848536491394,3.1047704219818115,1271.96484375
250591,65,0.5384615384615384,0.02824651263654232,0.5004494190216064,8.337665557861328,899.8646850585938
250592,100,0.46,-0.014366074465215206,0.474606454372406,5.086057186126709,842.5397338867188
250593,100,0.45,-0.003907622303813696,0.5370333790779114,6.613353729248047,462.1052551269531
250594,100,0.52,0.021106448024511337,0.46730533242225647,5.862845420837402,419.9374084472656
250595,100,0.44,0.010979772545397282,0.5230380296707153,5.381856918334961,452.7317199707031
250596,100,0.49,-0.011334513314068317,0.5062839388847351,8.536654472351074,831.8944091796875
250597,74,0.5135135135135135,0.04570530727505684,0.4180145561695099,4.269500255584717,1604.93701171875
250598,100,0.61,-0.09674269706010818,0.4611980617046356,3.7130045890808105,1670.093017578125
250599,100,0.53,0.004760685842484236,0.5164993405342102,7.872267723083496,1217.338623046875
250600,100,0.49,0.0022073679137974977,0.5889558792114258,5.312396049499512,1406.914306640625
250601,98,0.3877551020408163,0.012889919802546501,0.4751242697238922,6.131049156188965,1255.63232421875
250602,100,0.49,0.01495808083564043,0.5859875679016113,6.520050525665283,1317.0826416015625
250603,100,0.49,-0.07284136116504669,0.48973923921585083,1.695786714553833,529.1195068359375
250604,100,0.5,0.07011451572179794,0.5177279114723206,12.125317573547363,941.1480102539062
250605,100,0.45,-0.11947812139987946,0.5665491819381714,1.6167796850204468,825.4508056640625
250606,100,0.46,-0.04013722762465477,0.5948908925056458,2.5870747566223145,789.2412109375
250607,100,0.5,-0.043699607253074646,0.5326069593429565,2.7146189212799072,1211.865234375
250608,100,0.52,-0.04090461507439613,0.5721580982208252,4.342303276062012,1309.6551513671875
250609,86,0.5930232558139535,0.10475917905569077,0.4276815950870514,19.913469314575195,1884.2987060546875
250610,100,0.54,0.07855734974145889,0.5934293866157532,12.732572555541992,483.7293701171875
250611,100,0.48,0.10179398208856583,0.5700699090957642,18.347997665405273,1149.22265625
250612,46,0.5217391304347826,0.11763060092926025,0.5363172292709351,5.190329551696777,1684.1646728515625
250613,100,0.49,0.01531294547021389,0.5271453261375427,9.556534767150879,1274.34130859375
250614,100,0.54,0.047524116933345795,0.5305872559547424,5.388644695281982,1280.696533203125
250615,100,0.4,-0.08420538902282715,0.5596919655799866,5.018237590789795,780.1170654296875
250616,100,0.54,-0.1901123970746994,0.5907683372497559,0.963702917098999,206.6556854248047
250617,79,0.4050632911392405,0.18484807014465332,0.5411264896392822,14.967554092407227,1077.7806396484375
250618,90,0.5111111111111111,-0.036613598465919495,0.43082597851753235,3.7846388816833496,1096.498779296875
250619,87,0.5287356321839081,0.0036454324144870043,0.5247762203216553,5.183133602142334,929.2451171875
250620,100,0.56,-0.07150162756443024,0.4717494249343872,2.404653787612915,566.8006591796875
250621,100,0.52,-0.10049678385257721,0.4888509511947632,4.332188606262207,1308.0294189453125
250622,46,0.5217391304347826,-0.0210743248462677,0.47959697246551514,3.161522388458252,1732.47705078125
250623,95,0.4631578947368421,-0.011359655298292637,0.548812747001648,5.578990936279297,994.3681030273438
250624,64,0.46875,0.15949079394340515,0.6251980066299438,13.332798957824707,1979.8223876953125
250625,100,0.47,-0.13362720608711243,0.5235096216201782,3.430644989013672,1069.9754638671875
250626,100,0.48,-0.06888643652200699,0.498649001121521,4.894400596618652,109.75853729248047
250627,71,0.4507042253521127,0.16278451681137085,0.5464277863502502,14.864251136779785,1677.7705078125
250628,19,0.631578947368421,-0.11017465591430664,0.6689060926437378,1.9901418685913086,1539.5875244140625
250629,100,0.44,-0.035311583429574966,0.47519126534461975,5.653273105621338,1259.9366455078125
250630,41,0.5121951219512195,-0.0732453241944313,0.5092414617538452,1.7370805740356445,1688.825927734375
250631,43,0.4883720930232558,0.25019821524620056,0.5632062554359436,6.905998706817627,1789.2591552734375
250632,100,0.59,-0.044682905077934265,0.4987015724182129,4.26755952835083,647.8549194335938
250633,100,0.5,-0.02266552485525608,0.47574788331985474,4.884042739868164,1081.861328125
250634,100,0.56,0.019258419051766396,0.5237885117530823,9.980175971984863,376.94049072265625
250635,100,0.51,-0.04576243460178375,0.5040047764778137,3.8719868659973145,990.3661499023438
250636,100,0.5,-0.036276523023843765,0.5401667356491089,3.959932804107666,586.2265625
250637,18,0.5555555555555556,0.17118613421916962,0.5250368118286133,2.0196142196655273,1438.2579345703125
250638,100,0.42,-0.01422190386801958,0.5597513914108276,4.711001873016357,222.1981658935547
250639,81,0.5802469135802469,0.006780970375984907,0.5324779748916626,5.670480728149414,946.6845092773438
250640,100,0.54,-0.04485267028212547,0.491969496011734,3.570462703704834,480.1904602050781
250641,4,0.5,0.34633463621139526,0.27364715933799744,1.4050993919372559,1170.5198974609375
250642,43,0.627906976744186,0.16814126074314117,0.5199826955795288,14.921120643615723,1631.38037109375
250643,100,0.55,-0.03859487920999527,0.5163354873657227,4.79258394241333,1016.963134765625
250644,100,0.48,0.08471853286027908,0.539047360420227,14.208749771118164,827.4288330078125
250645,100,0.5,0.06731483340263367,0.5433946251869202,9.14836311340332,1024.4471435546875
250646,100,0.5,-0.03664464130997658,0.5173854231834412,8.837852478027344,938.26220703125
250647,100,0.47,0.010094329714775085,0.3974977433681488,7.238147735595703,943.3689575195312
250648,100,0.58,-0.05690449848771095,0.4478200674057007,6.987159729003906,1299.75
250649,100,0.49,-0.009241219609975815,0.539768636226654,4.30975866317749,1394.8426513671875
250650,100,0.45,-0.031320683658123016,0.5444162487983704,5.614076614379883,1462.3173828125
250651,17,0.4117647058823529,-0.09934592247009277,0.5409132242202759,0.7829909324645996,1722.68994140625
250652,83,0.5542168674698795,0.12601132690906525,0.5367448925971985,17.033512115478516,454.1243591308594
250653,100,0.53,-0.10384326428174973,0.4839306175708771,5.209134101867676,697.8857421875
250654,78,0.44871794871794873,0.02962571196258068,0.46971386671066284,4.1728949546813965,1155.7642822265625
250655,100,0.48,-0.039635252207517624,0.548696756362915,6.862480163574219,460.1228332519531
250656,98,0.5918367346938775,0.08484609425067902,0.47279253602027893,14.485965728759766,1070.497314453125
250657,100,0.47,-0.04082869738340378,0.5421389937400818,3.739797353744507,755.0685424804688
250658,100,0.48,0.04184907674789429,0.4805580973625183,13.609575271606445,2095.702880859375
250659,100,0.52,0.09147027134895325,0.5267510414123535,14.8395414352417,1155.4710693359375
250660,65,0.4307692307692308,-0.13709445297718048,0.5316833853721619,1.6300612688064575,1288.7139892578125
250661,100,0.49,0.02485446073114872,0.5076412558555603,4.568817615509033,317.06170654296875
250662,100,0.4,0.13320504128932953,0.4961758553981781,20.759136199951172,382.384033203125
250663,86,0.5813953488372093,0.10297700017690659,0.5607237219810486,15.932611465454102,1527.935546875
250664,100,0.52,0.02194003015756607,0.524344265460968,4.7034430503845215,450.6805114746094
250665,100,0.52,0.07183777540922165,0.49042442440986633,11.295830726623535,673.2221069335938
250666,100,0.55,-0.03498180955648422,0.5588607788085938,7.538811683654785,1564.585693359375
250667,100,0.59,-0.04180729761719704,0.5132049322128296,5.059299468994141,495.2176818847656
250668,80,0.4375,-0.11362483352422714,0.5197099447250366,3.8449273109436035,1076.2901611328125
250669,100,0.52,-0.0379943810403347,0.4998021125793457,4.311907768249512,1121.623779296875
250670,100,0.38,0.19116543233394623,0.4163288474082947,22.057418823242188,1105.2435302734375
250671,100,0.52,-0.08754188567399979,0.5596385598182678,5.717126846313477,1022.740234375
250672,100,0.53,-0.053445179015398026,0.5240177512168884,5.827573776245117,1388.4012451171875
250673,11,0.5454545454545454,0.1005530133843422,0.4930432438850403,3.7504560947418213,1997.3397216796875
250674,17,0.5294117647058824,0.3713204562664032,0.6645980477333069,9.712230682373047,1338.9454345703125
250675,100,0.56,-0.15705238282680511,0.4989267587661743,2.1033473014831543,1321.430908203125
250676,100,0.49,0.18589146435260773,0.49134331941604614,15.763395309448242,371.0079345703125
250677,100,0.5,-0.028997913002967834,0.5596214532852173,4.826911449432373,1201.9017333984375
250678,26,0.34615384615384615,0.20490147173404694,0.5121608972549438,4.584957599639893,1885.538818359375
250679,100,0.39,0.018607236444950104,0.5939529538154602,11.90400218963623,1005.5614624023438
250680,47,0.46808510638297873,-0.12532489001750946,0.4864481985569,3.005638837814331,598.7957153320312
250681,97,0.4020618556701031,0.08135975897312164,0.4948437213897705,9.592140197753906,1532.3701171875
250682,100,0.45,0.007180819287896156,0.5399156212806702,5.075059413909912,796.1550903320312
250683,100,0.5,-0.03791181743144989,0.5784648060798645,4.2501726150512695,729.56884765625
250684,100,0.49,0.011030140332877636,0.44172629714012146,6.347893714904785,593.3030395507812
250685,100,0.5,-0.14826637506484985,0.48681899905204773,1.344899296760559,1404.2520751953125
250686,100,0.48,-0.0689651295542717,0.4758969843387604,2.7377588748931885,468.19805908203125
250687,100,0.5,0.04169051721692085,0.48723727464675903,12.238241195678711,445.46783447265625
250688,100,0.5,0.013624390587210655,0.4335209131240845,3.8403573036193848,588.2257080078125
250689,100,0.59,-0.05474865064024925,0.43419313430786133,3.484727621078491,1306.7996826171875
250690,100,0.51,-0.05771026015281677,0.5395321846008301,4.246613025665283,756.449462890625
250691,100,0.54,-0.05189869925379753,0.555332362651825,6.578962802886963,957.234375
250692,100,0.53,0.05392417684197426,0.47415539622306824,10.818063735961914,248.33453369140625
250693,75,0.41333333333333333,-0.011684875003993511,0.4928746521472931,4.961592197418213,1344.5887451171875
250694,100,0.49,0.08807896822690964,0.5778775215148926,14.235807418823242,1141.76025390625
250695,100,0.47,-0.009865272790193558,0.51228928565979,4.451478958129883,1719.4058837890625
250696,100,0.58,-0.013497869484126568,0.5535838603973389,4.634066104888916,432.92578125
250697,51,0.5098039215686274,0.06910042464733124,0.6287600994110107,3.8272275924682617,1145.38671875
250698,100,0.53,-0.10188350081443787,0.5397928357124329,2.91797137260437,853.7214965820312
250699,100,0.54,-0.18325988948345184,0.5362199544906616,2.0745809078216553,908.6819458007812
250700,100,0.48,-0.008289341814815998,0.4891433119773865,7.152393817901611,705.4134521484375
250701,100,0.55,-0.027486249804496765,0.4582785665988922,4.264423847198486,399.302734375
250702,100,0.57,0.09600845724344254,0.5163045525550842,9.007750511169434,1138.66015625
250703,100,0.45,-0.059008147567510605,0.4840160310268402,4.67423677444458,822.4896850585938
250704,100,0.53,0.027195429429411888,0.522577166557312,6.499569892883301,1190.6827392578125
250705,100,0.47,-0.07116395235061646,0.5297370553016663,2.7610421180725098,460.1107177734375
250706,100,0.55,0.009025045670568943,0.5336056351661682,4.0684685707092285,1149.2418212890625
250707,94,0.4787234042553192,-0.009672656655311584,0.4733387231826782,5.916239261627197,1313.02099609375
250708,53,0.4716981132075472,0.10086905211210251,0.43426981568336487,5.345486640930176,1106.117919921875
250709,100,0.54,-0.14979895949363708,0.49859389662742615,2.838114023208618,1553.8560791015625
250710,100,0.41,-0.04864910617470741,0.504999577999115,3.8972272872924805,352.9410705566406
250711,100,0.49,-0.03357439488172531,0.5287219882011414,3.2713327407836914,801.049072265625
250712,100,0.47,-0.14514800906181335,0.5733847618103027,4.969135761260986,1058.9488525390625
250713,100,0.47,-0.04786485433578491,0.568876326084137,4.080409526824951,1155.4212646484375
250714,22,0.5909090909090909,-0.14502161741256714,0.5153496265411377,1.4833441972732544,1878.9803466796875
250715,100,0.52,0.016073819249868393,0.5602407455444336,9.643417358398438,1333.5252685546875
250716,100,0.43,0.15322594344615936,0.48388049006462097,15.489275932312012,899.635498046875
250717,71,0.5492957746478874,0.22073765099048615,0.48354893922805786,14.899771690368652,1605.7064208984375
250718,100,0.53,-0.007709210272878408,0.4681636393070221,5.250482082366943,624.044189453125
250719,99,0.5454545454545454,0.03819696605205536,0.463470995426178,7.5328497886657715,1313.6778564453125
250720,18,0.4444444444444444,0.15833774209022522,0.3192499279975891,2.9158525466918945,1741.997314453125
250721,35,0.5714285714285714,0.18804576992988586,0.45118704438209534,8.244304656982422,867.0755615234375
250722,100,0.5,0.10984829068183899,0.5664289593696594,15.367696762084961,1411.672607421875
250723,100,0.55,0.0013080461649224162,0.4748988151550293,4.621228218078613,1242.5372314453125
250724,100,0.48,-0.016721392050385475,0.5071418881416321,10.283767700195312,1134.730224609375
250725,100,0.42,-0.012404623441398144,0.5817335247993469,7.637092590332031,785.0418090820312
250726,100,0.51,-0.08799785375595093,0.42156702280044556,2.3482189178466797,1480.0579833984375
250727,100,0.5,-0.08317646384239197,0.5280422568321228,3.241347551345825,1568.8197021484375
250728,97,0.5567010309278351,0.12120753526687622,0.5296992063522339,7.919348239898682,2061.7119140625
250729,100,0.56,0.027848685160279274,0.4814733564853668,6.400461196899414,353.9978942871094
250730,100,0.37,-0.17721395194530487,0.46687227487564087,1.0472170114517212,1620.1629638671875
250731,100,0.47,-0.010534034110605717,0.5071021914482117,3.8616890907287598,1186.239501953125
250732,100,0.47,-0.020594101399183273,0.47872647643089294,6.184995174407959,1247.764404296875
250733,54,0.48148148148148145,0.1936185359954834,0.48602819442749023,10.587481498718262,1877.2457275390625
250734,100,0.5,0.029818696901202202,0.5816527009010315,6.0220112800598145,1564.67724609375
250735,100,0.44,0.08415322750806808,0.4895826280117035,10.97276782989502,966.1475219726562
250736,54,0.4444444444444444,0.1376841813325882,0.492182195186615,7.272339344024658,1439.1160888671875
250737,17,0.5882352941176471,0.1378624141216278,0.4313258230686188,5.07080078125,662.2859497070312
250738,100,0.5,0.1859164834022522,0.5148358345031738,16.471309661865234,433.0860290527344
250739,100,0.5,0.07890257239341736,0.49685412645339966,12.133562088012695,1188.7742919921875
250740,9,0.6666666666666666,0.15921032428741455,0.5862367153167725,3.073709726333618,863.4337158203125
250741,100,0.55,0.05528911575675011,0.5250371098518372,5.641312122344971,826.882568359375
250742,100,0.5,0.12825952470302582,0.46925145387649536,11.43382453918457,888.1068115234375
250743,35,0.5428571428571428,0.005359869450330734,0.5169113874435425,2.683110475540161,1154.249755859375
250744,100,0.54,-0.1692976951599121,0.5374835729598999,3.576279640197754,776.6161499023438
250745,100,0.54,0.007157883141189814,0.546953558921814,9.39622688293457,1063.4090576171875
250746,100,0.5,-0.032936714589595795,0.4610230624675751,4.090590000152588,803.7473754882812
250747,100,0.57,-0.006941098719835281,0.5461888313293457,4.776122093200684,1407.9173583984375
250748,100,0.48,0.1493353694677353,0.4964108467102051,17.404937744140625,1610.1241455078125
250749,100,0.53,0.002642234554514289,0.5081119537353516,6.727877616882324,1633.5074462890625
250750,100,0.48,0.06677568703889847,0.5634920597076416,9.130494117736816,618.8372192382812
250751,100,0.51,0.0032846045214682817,0.5342459082603455,5.149744510650635,927.8950805664062
250752,100,0.46,-0.04211379215121269,0.5463837385177612,4.894312381744385,1754.1015625
250753,81,0.49382716049382713,0.12229035049676895,0.49238845705986023,11.639972686767578,1159.52685546875
250754,49,0.5306122448979592,0.14316332340240479,0.5068962574005127,11.707280158996582,1292.8983154296875
250755,39,0.46153846153846156,0.07859381288290024,0.4868668019771576,4.954826354980469,1997.8267822265625
250756,100,0.45,-0.05925694480538368,0.5638186931610107,6.184952735900879,1279.478515625
250757,100,0.46,-0.11147356033325195,0.43719246983528137,3.5746514797210693,1463.699462890625
250758,100,0.44,0.015270608477294445,0.5426684617996216,5.9184136390686035,415.2845458984375
250759,100,0.48,-0.03350444138050079,0.510921835899353,6.9730448722839355,1047.479736328125
250760,100,0.59,0.035742197185754776,0.3979392647743225,12.679588317871094,788.6192016601562
250761,100,0.46,0.06068091839551926,0.5157369375228882,10.925825119018555,211.6361846923828
250762,20,0.55,-0.3489838242530823,0.5007341504096985,0.7502817511558533,715.701171875
250763,100,0.51,-0.09161215275526047,0.5087345838546753,3.4869112968444824,960.5187377929688
250764,100,0.53,-0.11170893162488937,0.5052579641342163,1.7680668830871582,1086.591796875
250765,100,0.48,-0.20423205196857452,0.4975692927837372,1.4527148008346558,486.1498718261719
250766,100,0.5,-0.16138878464698792,0.4836537539958954,2.505213737487793,1375.9287109375
250767,100,0.48,-0.06810122728347778,0.5027246475219727,2.9795780181884766,574.908203125
250768,100,0.51,-0.060415152460336685,0.47363659739494324,2.7917098999023438,613.1475219726562
250769,42,0.47619047619047616,0.04276011139154434,0.5698575377464294,3.2883460521698,1575.272705078125
250770,30,0.5,0.2581820487976074,0.6070404052734375,7.125141143798828,1152.159423828125
250771,35,0.6285714285714286,0.3274238705635071,0.4949638247489929,18.494443893432617,1885.4844970703125
250772,100,0.58,-0.008279644884169102,0.5692151188850403,3.4370675086975098,765.9503173828125
250773,45,0.4,0.1480754017829895,0.5125797986984253,7.923016548156738,1784.4384765625
250774,100,0.36,0.014791627414524555,0.4650130271911621,5.7054314613342285,265.1198425292969
250775,100,0.55,0.024435117840766907,0.44690120220184326,9.960927963256836,474.5038146972656
250776,100,0.52,0.034707874059677124,0.46582338213920593,11.286291122436523,865.5889892578125
250777,100,0.55,-0.07446832954883575,0.5092747807502747,3.6074163913726807,972.2019653320312
250778,100,0.52,0.05264250189065933,0.4509405195713043,9.679642677307129,1577.7607421875
250779,98,0.47959183673469385,0.14393366873264313,0.5375826358795166,11.807923316955566,1559.809814453125
250780,82,0.4878048780487805,-0.03769167140126228,0.5073431730270386,2.3436226844787598,901.298828125
250781,100,0.46,-0.15573348104953766,0.5665807127952576,2.6840598583221436,1201.1912841796875
250782,100,0.48,0.05406424030661583,0.470161497592926,8.10062313079834,446.6487121582031
250783,100,0.58,-0.003300632815808058,0.47812217473983765,8.165611267089844,311.7220764160156
250784,100,0.44,-0.015945978462696075,0.5500721335411072,4.054576873779297,828.4694213867188
250785,87,0.5057471264367817,0.06321194767951965,0.5027774572372437,8.061582565307617,823.84619140625
250786,62,0.532258064516129,0.09262416511774063,0.46098747849464417,8.41504955291748,1191.8143310546875
250787,100,0.5,0.02573384717106819,0.4607948064804077,7.210465908050537,1382.87158203125
250788,64,0.46875,-0.05089467763900757,0.518712043762207,2.6165874004364014,1960.671875
250789,95,0.6210526315789474,-0.15527164936065674,0.5153026580810547,2.9330787658691406,1310.6083984375
250790,100,0.48,-0.08463138341903687,0.5572868585586548,2.0099544525146484,1524.975830078125
250791,100,0.62,0.031468428671360016,0.47358235716819763,10.662121772766113,1353.035400390625
250792,100,0.57,0.0701969787478447,0.5684628486633301,11.992826461791992,801.8878784179688
250793,100,0.38,-0.14736595749855042,0.4414019286632538,3.259902000427246,1088.8331298828125
250794,100,0.52,0.029160132631659508,0.5224174857139587,3.5864269733428955,1538.2161865234375
250795,100,0.5,-0.10496927052736282,0.47467556595802307,2.0472469329833984,839.02685546875
250796,100,0.47,-0.011569700203835964,0.4981308579444885,4.0710625648498535,667.6807250976562
250797,100,0.46,-0.02952275238931179,0.5055885910987854,4.852140426635742,666.7778930664062
250798,100,0.47,-0.017468202859163284,0.5649343729019165,7.99818754196167,693.9818115234375
250799,38,0.5,0.07852158695459366,0.4888455271720886,4.890966892242432,1075.878173828125
250800,100,0.48,0.043005943298339844,0.5000694394111633,5.805926322937012,987.5882568359375
250801,100,0.52,-0.021856505423784256,0.5791690349578857,4.189527988433838,1528.4049072265625
250802,49,0.5306122448979592,0.13195672631263733,0.4932519793510437,9.977149963378906,1055.9925537109375
250803,100,0.53,-0.04289054870605469,0.4710736870765686,6.55340051651001,1185.3717041015625
250804,100,0.48,-0.02522643655538559,0.4560866951942444,5.958314418792725,1471.565673828125
250805,100,0.59,0.012899082154035568,0.4936792850494385,7.906111717224121,482.2864685058594
250806,100,0.5,-0.0040632449090480804,0.611731231212616,5.575953483581543,1217.6666259765625
250807,100,0.47,0.0035664490424096584,0.5317060351371765,6.05391263961792,839.4664916992188
250808,36,0.5555555555555556,0.2768590450286865,0.4813695549964905,10.641341209411621,884.4434814453125
250809,100,0.4,-0.18281050026416779,0.4989278018474579,1.811263918876648,1736.7491455078125
250810,46,0.391304347826087,0.199200838804245,0.6367313265800476,7.945016384124756,1079.4056396484375
250811,100,0.49,-0.09483204782009125,0.5032996535301208,2.522392988204956,1189.433837890625
250812,13,0.6153846153846154,0.4681042730808258,0.4456561505794525,8.281426429748535,896.1573486328125
250813,67,0.5522388059701493,0.024022486060857773,0.42220446467399597,4.495079040527344,1815.065185546875
250814,94,0.6063829787234043,0.14840532839298248,0.4615768790245056,14.489221572875977,1490.386474609375
250815,100,0.57,0.024830201640725136,0.49244800209999084,6.17204475402832,1322.3072509765625
250816,75,0.5733333333333334,0.1081351488828659,0.4299078583717346,10.873766899108887,1068.0721435546875
250817,38,0.631578947368421,0.025135278701782227,0.4352005422115326,11.022387504577637,946.017822265625
250818,100,0.53,0.0024144244380295277,0.5619268417358398,11.554100036621094,1098.971923828125
250819,100,0.52,-0.06480639427900314,0.5788673758506775,4.6411542892456055,2086.57275390625
250820,63,0.5396825396825397,0.12985846400260925,0.6577114462852478,10.233222007751465,628.4705810546875
250821,100,0.56,-0.06032196059823036,0.5324724316596985,4.737098217010498,651.8649291992188
250822,100,0.45,-0.06058652698993683,0.5727584362030029,7.178921222686768,934.2339477539062
250823,100,0.47,0.03424292802810669,0.5053088068962097,8.586200714111328,829.4707641601562
250824,87,0.5632183908045977,0.18640580773353577,0.5089637637138367,14.840645790100098,1303.7247314453125
250825,100,0.52,0.05219017714262009,0.5115886330604553,5.782252311706543,779.525634765625
250826,100,0.44,-0.01957870088517666,0.5109573602676392,5.2763848304748535,1446.59765625
250827,100,0.51,0.09203965216875076,0.5432112812995911,9.057753562927246,911.75146484375
250828,100,0.5,-0.10065723210573196,0.4687059819698334,1.9188324213027954,514.9315185546875
250829,100,0.46,-0.02015887200832367,0.47168925404548645,8.611795425415039,1037.7615966796875
250830,52,0.5384615384615384,-0.03734112158417702,0.5254947543144226,2.3672797679901123,705.9854125976562
250831,19,0.7368421052631579,0.05068039521574974,0.3702678680419922,1.8931925296783447,1253.0850830078125
250832,100,0.45,-0.021718094125390053,0.5379475951194763,2.9510419368743896,1104.1546630859375
250833,100,0.43,-0.036736950278282166,0.5400245189666748,5.423912048339844,1846.4564208984375
250834,15,0.5333333333333333,-0.06652092933654785,0.570459246635437,3.024313449859619,529.9698486328125
250835,100,0.5,-0.008559485897421837,0.5392037034034729,5.038206100463867,1366.109130859375
250836,74,0.44594594594594594,0.1630343198776245,0.5421148538589478,8.631516456604004,1419.0899658203125
250837,100,0.52,-0.07359430193901062,0.5067552328109741,4.448698997497559,218.23794555664062
250838,100,0.54,-0.00593256950378418,0.5257717967033386,6.641546726226807,504.3044738769531
250839,100,0.48,-0.03977110981941223,0.4947783648967743,3.1663358211517334,594.4050903320312
250840,50,0.52,0.12864729762077332,0.47856923937797546,5.590390682220459,1445.3822021484375
250841,60,0.5333333333333333,0.09917207807302475,0.48236823081970215,6.701961517333984,820.2731323242188
250842,98,0.6020408163265306,-0.005914357956498861,0.5083892941474915,3.206266164779663,1190.1195068359375
250843,100,0.43,0.025219593197107315,0.5360101461410522,5.92639684677124,1194.87060546875
250844,100,0.52,-0.026309987530112267,0.5115711688995361,3.0386080741882324,938.2530517578125
250845,19,0.6842105263157895,0.0566774420440197,0.4108581840991974,2.9493134021759033,824.08935546875
250846,100,0.49,0.05054285749793053,0.5074881315231323,8.291851997375488,979.1768188476562
250847,100,0.51,0.1438092738389969,0.5693824291229248,16.837865829467773,1412.4478759765625
250848,100,0.52,-0.11428534239530563,0.5092906355857849,2.5970358848571777,1469.89111328125
250849,100,0.48,-0.07400881499052048,0.5474287867546082,6.561118125915527,1389.3837890625
250850,13,0.6153846153846154,0.09637384861707687,0.6302447319030762,1.1928207874298096,1495.623779296875
250851,100,0.46,0.00899587757885456,0.5278869271278381,5.698500156402588,1052.6322021484375
250852,100,0.45,-0.004247112199664116,0.4613931179046631,3.9705350399017334,966.5306396484375
250853,41,0.5365853658536586,0.109328992664814,0.474193274974823,7.530417442321777,666.293701171875
250854,100,0.56,-0.056856680661439896,0.5782226920127869,4.758354663848877,917.8045654296875
250855,100,0.49,0.10818754881620407,0.5835500955581665,9.797246932983398,790.98828125
250856,100,0.55,0.029630381613969803,0.5502447485923767,9.998455047607422,403.7484436035156
250857,33,0.36363636363636365,0.25435030460357666,0.4445033669471741,9.133400917053223,768.6710815429688
250858,100,0.54,-0.018956683576107025,0.526039719581604,6.408713340759277,261.64459228515625
250859,100,0.38,-0.09149037301540375,0.4847199022769928,1.8226662874221802,1282.1717529296875
250860,100,0.53,-0.020128361880779266,0.4817289412021637,5.831575393676758,1192.5478515625
250861,82,0.5,0.07586091756820679,0.4979400038719177,15.975221633911133,1729.9378662109375
250862,100,0.5,-0.08190245926380157,0.5104758739471436,2.1702334880828857,553.572021484375
250863,100,0.49,0.07547751069068909,0.5288491249084473,16.459442138671875,1751.6790771484375
250864,6,0.6666666666666666,0.17046816647052765,0.5290408730506897,1.03839111328125,1636.93359375
250865,100,0.5,-0.14605389535427094,0.487094908952713,2.657026529312134,416.8208923339844
250866,100,0.51,0.1031007394194603,0.5022895336151123,11.246613502502441,952.3466186523438
250867,100,0.59,-0.00022690881451126188,0.5534822940826416,2.9808831214904785,1310.1905517578125
250868,100,0.5,0.02443879097700119,0.4819866120815277,4.454367637634277,887.1895141601562
250869,100,0.44,-0.007810331415385008,0.5413649678230286,3.5111896991729736,559.5764770507812
250870,100,0.57,0.027527572587132454,0.48774266242980957,8.41530990600586,1463.17138671875
250871,100,0.51,0.034024547785520554,0.6244433522224426,8.23621654510498,583.6217651367188
250872,100,0.44,-0.12416074424982071,0.5258069038391113,2.2763633728027344,832.6259155273438
250873,100,0.5,-0.09581706672906876,0.5787874460220337,4.397182464599609,111.18830871582031
250874,68,0.5147058823529411,0.057520776987075806,0.458322674036026,4.5538458824157715,971.18310546875
250875,100,0.46,0.00831652618944645,0.5107695460319519,7.536186218261719,1270.119873046875
250876,100,0.49,0.08814121782779694,0.4874371886253357,13.89939022064209,830.11572265625
250877,100,0.59,0.05812754109501839,0.4893694221973419,17.6165714263916,1783.3917236328125
250878,97,0.4536082474226804,0.08586977422237396,0.5603814125061035,13.65222454071045,1553.19189453125
250879,100,0.53,-0.08106768131256104,0.5134873390197754,4.100404262542725,504.39910888671875
250880,29,0.5862068965517241,0.20263849198818207,0.6375759243965149,7.460447311401367,1771.627685546875
250881,100,0.56,0.03981902822852135,0.4628838300704956,10.32176399230957,124.74585723876953
250882,100,0.44,-0.014379790984094143,0.559474527835846,2.2680182456970215,1029.710205078125
250883,100,0.45,0.10924843698740005,0.5826095342636108,7.964183330535889,776.5820922851562
250884,85,0.5176470588235295,-0.03199010714888573,0.5441819429397583,3.560591697692871,1522.9803466796875
250885,100,0.62,-0.08068803697824478,0.514736533164978,6.134720325469971,1070.32568359375
250886,100,0.51,-0.06163340061903,0.5146068930625916,3.9043476581573486,267.0223388671875
250887,100,0.39,0.055135078728199005,0.49327585101127625,6.881174087524414,506.588623046875
250888,100,0.56,-0.05337654426693916,0.5638841986656189,4.495285987854004,1318.9462890625
250889,100,0.44,0.04326852783560753,0.5333862900733948,8.92237663269043,276.32098388671875
250890,100,0.45,0.08247829228639603,0.5291796326637268,8.746977806091309,286.966552734375
250891,27,0.2962962962962963,0.3682318329811096,0.4838889241218567,7.222851276397705,1959.90966796875
250892,87,0.47126436781609193,0.020252421498298645,0.5371211171150208,5.316483020782471,2001.04931640625
250893,100,0.5,-0.1206524670124054,0.5447748303413391,1.8058574199676514,956.6317749023438
250894,100,0.43,-0.01898302510380745,0.564734160900116,6.9452948570251465,1347.794677734375
250895,100,0.55,-0.11091629415750504,0.5757166743278503,2.0527918338775635,555.5008544921875
250896,100,0.48,0.16478368639945984,0.48873260617256165,19.670927047729492,1208.8953857421875
250897,100,0.54,0.05025490000844002,0.40360331535339355,9.15163516998291,781.75048828125
250898,100,0.49,-0.10604054480791092,0.5155879259109497,4.771547317504883,662.33203125
250899,100,0.46,0.04974324628710747,0.4655361473560333,5.87650728225708,1197.7532958984375
250900,100,0.51,-0.059485338628292084,0.5093367099761963,4.864397048950195,1102.5574951171875
250901,60,0.45,0.07922722399234772,0.6155700087547302,3.908700704574585,998.7159423828125
250902,31,0.6129032258064516,0.010967979207634926,0.568977952003479,1.8840358257293701,647.2032470703125
250903,100,0.52,0.04773717373609543,0.5236745476722717,9.197632789611816,1225.8917236328125
250904,38,0.47368421052631576,0.20993879437446594,0.4228399395942688,7.007144927978516,884.2171630859375
250905,100,0.56,-0.11990172415971756,0.4930914044380188,2.3901760578155518,752.2379150390625
250906,84,0.40476190476190477,-0.012003575451672077,0.5180976986885071,4.267563819885254,1774.116943359375
250907,100,0.54,-0.08115872740745544,0.5237793922424316,3.9168825149536133,671.2503051757812
250908,100,0.45,0.014917138032615185,0.5424463748931885,6.548051357269287,826.0554809570312
250909,100,0.62,-0.025307875126600266,0.5021659731864929,3.8274359703063965,1018.5648193359375
250910,100,0.48,0.07380107045173645,0.49078112840652466,10.62353515625,1345.2890625
250911,100,0.53,-0.15982669591903687,0.4991297125816345,2.29510760307312,1717.6541748046875
250912,100,0.53,-0.13543741405010223,0.514100193977356,2.478351354598999,880.9959106445312
250913,100,0.56,0.03895265609025955,0.5719545483589172,16.80853271484375,759.4815063476562
250914,100,0.48,0.12493631988763809,0.5131229758262634,11.426738739013672,712.4806518554688
250915,100,0.56,0.013876201584935188,0.524152934551239,5.7804670333862305,1296.5855712890625
250916,100,0.51,0.005147010553628206,0.4785754978656769,9.636255264282227,1532.1964111328125
250917,30,0.5,0.13504309952259064,0.5007277727127075,3.4480979442596436,400.17999267578125
250918,100,0.57,-0.018562525510787964,0.4585062563419342,6.37700080871582,553.9602661132812
250919,100,0.55,-0.129323348402977,0.49945712089538574,2.135303497314453,447.3359069824219
250920,100,0.48,-0.013759779743850231,0.5218916535377502,4.916477680206299,462.8740234375
250921,43,0.5116279069767442,-0.057486679404973984,0.6125880479812622,2.422672986984253,1115.51220703125
250922,34,0.3235294117647059,0.2727974057197571,0.42689427733421326,9.73305606842041,1608.462158203125
250923,82,0.43902439024390244,-0.08234107494354248,0.48982176184654236,4.2993927001953125,1174.8515625
250924,100,0.5,0.01491518970578909,0.5365526080131531,6.363039016723633,844.4912109375
250925,100,0.44,-0.1427076905965805,0.4850470721721649,2.0658040046691895,824.4600219726562
250926,100,0.5,-0.02087359130382538,0.49952974915504456,3.6039350032806396,1148.447509765625
250927,100,0.58,-0.030842391774058342,0.5178813338279724,5.184692859649658,1245.0718994140625
250928,100,0.45,0.16608594357967377,0.5851892828941345,8.44063949584961,913.4742431640625
250929,66,0.5909090909090909,0.165108785033226,0.6074286103248596,12.979631423950195,1874.767822265625
250930,84,0.4523809523809524,0.010845059528946877,0.5306312441825867,5.41460657119751,922.2804565429688
250931,62,0.5645161290322581,0.06123838573694229,0.46814143657684326,12.213519096374512,1424.409912109375
250932,100,0.49,0.028755007311701775,0.5234374403953552,9.340605735778809,1293.6038818359375
250933,100,0.53,-0.009448609314858913,0.5054213404655457,6.65563440322876,357.3725891113281
250934,100,0.52,0.07199256122112274,0.4931562840938568,9.640634536743164,592.1849365234375
250935,18,0.5,0.200509175658226,0.6789260506629944,2.1140353679656982,814.6079711914062
250936,100,0.52,-0.025585055351257324,0.5229790806770325,6.259140968322754,288.4922180175781
250937,100,0.43,0.002840240951627493,0.48544421792030334,5.11525297164917,139.30198669433594
250938,100,0.54,-0.06344100087881088,0.5535815358161926,5.7780375480651855,1016.2233276367188
250939,51,0.6078431372549019,-0.028374765068292618,0.6122943162918091,2.3573946952819824,1091.3504638671875
250940,100,0.42,0.10114036500453949,0.5384328961372375,10.741034507751465,1623.732666015625
250941,100,0.49,-0.06985607743263245,0.5383076071739197,2.641231060028076,1032.281494140625
250942,100,0.47,-0.0051414682529866695,0.44972339272499084,5.485442638397217,685.2742919921875
250943,100,0.51,-0.0700877383351326,0.4407656490802765,8.888371467590332,672.3990478515625
250944,100,0.46,-0.07323037832975388,0.5480974912643433,3.5211195945739746,1279.1138916015625
250945,100,0.5,0.036813393235206604,0.4656405746936798,17.22351837158203,1214.4833984375
250946,16,0.5625,0.307563841342926,0.4964030385017395,5.175647258758545,1443.5322265625
250947,100,0.58,-0.11352943629026413,0.5433737635612488,3.5456905364990234,1229.129638671875
250948,34,0.4117647058823529,0.09945140033960342,0.5382968783378601,5.007260799407959,1086.3388671875
250949,100,0.59,-0.0536280982196331,0.5192522406578064,2.4763033390045166,468.8227844238281
250950,95,0.4842105263157895,0.06434705853462219,0.5021082162857056,8.60135269165039,1199.7562255859375
250951,10,0.5,0.29179149866104126,0.3478180468082428,4.056441783905029,897.203369140625
250952,100,0.47,-0.03767771273851395,0.5167961716651917,7.5600905418396,1331.6798095703125
250953,34,0.6470588235294118,0.07230167835950851,0.527084469795227,4.844808578491211,882.5530395507812
250954,31,0.5806451612903226,0.1708165854215622,0.5145683884620667,6.540307521820068,1127.6729736328125
250955,35,0.6285714285714286,0.09840936213731766,0.5802484154701233,3.782928466796875,571.38525390625
250956,100,0.48,0.08267468214035034,0.5148763060569763,14.253129005432129,364.9825134277344
250957,100,0.53,-0.10432647168636322,0.5842794179916382,5.57086181640625,701.8073120117188
250958,100,0.53,0.03315401077270508,0.43225377798080444,4.052090644836426,522.4108276367188
250959,100,0.59,0.028267886489629745,0.5709153413772583,15.07871150970459,1402.5111083984375
250960,100,0.37,-0.037435803562402725,0.4591293931007385,8.425256729125977,1356.1414794921875
250961,100,0.48,-0.02135356329381466,0.5203258991241455,6.06996488571167,830.744140625
250962,100,0.49,0.06379924714565277,0.45954909920692444,10.53178882598877,1605.173095703125
250963,100,0.44,0.10117220133543015,0.46974775195121765,11.618901252746582,961.8517456054688
250964,100,0.53,-0.09348133206367493,0.5628083348274231,3.343613386154175,900.9301147460938
250965,88,0.5340909090909091,0.024928493425250053,0.5425181984901428,4.54829216003418,1187.66552734375
250966,100,0.57,-0.033829640597105026,0.53964763879776,3.3738765716552734,986.0909423828125
250967,100,0.5,-0.01755375973880291,0.5276030898094177,2.578850269317627,591.869384765625
250968,100,0.48,-0.04925760626792908,0.4896180033683777,4.074835300445557,152.92160034179688
250969,100,0.52,-0.027195878326892853,0.537456214427948,4.754225254058838,990.0263671875
250970,100,0.52,-0.06201048940420151,0.4414815604686737,2.5852832794189453,515.4373168945312
250971,100,0.49,-0.07633485645055771,0.46462342143058777,3.7047924995422363,548.2340698242188
250972,7,0.5714285714285714,-0.10595082491636276,0.32423433661460876,0.48253506422042847,1550.67724609375
250973,100,0.47,0.0733649954199791,0.5725359916687012,8.267776489257812,1011.4613647460938
250974,100,0.5,0.017871156334877014,0.5813570022583008,4.540829658508301,441.32952880859375
250975,58,0.603448275862069,0.07848721742630005,0.4953177869319916,7.282236099243164,1273.7742919921875
250976,100,0.5,0.035272397100925446,0.5010288953781128,11.143954277038574,1003.8894653320312
250977,100,0.47,0.023513002321124077,0.5196765661239624,10.03878116607666,1075.726806640625
250978,100,0.58,-0.015828054398298264,0.6405479311943054,3.0364277362823486,753.0228271484375
250979,100,0.49,0.12068046629428864,0.4905662536621094,15.510749816894531,826.8441162109375
250980,100,0.47,-0.066184863448143,0.538134753704071,1.9442884922027588,681.39501953125
250981,100,0.5,-0.006553999613970518,0.5564854145050049,4.298340320587158,259.283447265625
250982,100,0.61,-0.04542860388755798,0.5121379494667053,5.884034633636475,1485.6002197265625
250983,100,0.48,0.1437000036239624,0.5066810250282288,19.913354873657227,1394.5357666015625
250984,100,0.42,0.035466719418764114,0.5135550498962402,6.693429946899414,879.308837890625
250985,57,0.49122807017543857,0.09479863196611404,0.48110899329185486,11.925002098083496,642.5631103515625
250986,53,0.5094339622641509,0.04518245905637741,0.5706067681312561,9.097047805786133,1144.837158203125
250987,100,0.51,0.01882167160511017,0.5094398856163025,9.52490234375,945.2225341796875
250988,100,0.38,-0.025241060182452202,0.5379462838172913,2.555668830871582,1411.237060546875
250989,100,0.53,-0.01232562493532896,0.500946581363678,4.828947067260742,858.7696533203125
250990,100,0.52,0.02258041873574257,0.5325338244438171,6.798668384552002,244.81849670410156
250991,69,0.43478260869565216,0.1659129559993744,0.5716920495033264,9.915468215942383,1196.3046875
250992,100,0.46,0.13026273250579834,0.5194505453109741,14.115862846374512,537.2553100585938
250993,100,0.47,-0.15071994066238403,0.48826518654823303,2.526357412338257,715.0616455078125
250994,49,0.5102040816326531,0.051831331104040146,0.4682961404323578,6.067122936248779,2038.0018310546875
250995,12,0.6666666666666666,0.2399188131093979,0.2741546630859375,2.9642066955566406,797.8624877929688
250996,100,0.48,-0.07520834356546402,0.5742787718772888,3.9645087718963623,1106.2763671875
250997,54,0.6111111111111112,-0.0825314000248909,0.5094077587127686,1.8334437608718872,989.8115234375
250998,100,0.46,-0.12783555686473846,0.4921727776527405,2.426344156265259,1260.0228271484375
250999,100,0.51,-0.15213435888290405,0.5508461594581604,2.127307176589966,862.9644775390625
251000,78,0.5384615384615384,-0.0750163197517395,0.5762732028961182,2.912618398666382,634.211181640625
251001,100,0.61,0.016664478927850723,0.512900173664093,13.664677619934082,946.49267578125
251002,78,0.46153846153846156,0.02857290767133236,0.49293631315231323,6.410019874572754,456.51165771484375
251003,100,0.56,0.1051148995757103,0.4696051776409149,11.768532752990723,1084.7237548828125
251004,100,0.53,-0.026646343991160393,0.48839321732521057,5.811432838439941,1022.1369018554688
251005,100,0.46,0.07486137002706528,0.5194624662399292,4.508920669555664,161.9966278076172
251006,41,0.5365853658536586,0.11150047928094864,0.47320136427879333,7.169547080993652,1138.692626953125
251007,100,0.49,-0.03804824873805046,0.5551406741142273,7.417092323303223,1073.1551513671875
251008,100,0.49,-0.02798403985798359,0.48432692885398865,4.9056901931762695,1020.4007568359375
251009,100,0.48,0.0019436056027188897,0.5312383770942688,11.660475730895996,762.5365600585938
251010,39,0.46153846153846156,0.19052265584468842,0.6219645738601685,7.337954521179199,429.84051513671875
251011,100,0.52,-0.008164527826011181,0.5454644560813904,6.200860023498535,615.1897583007812
251012,90,0.5777777777777777,0.061351899057626724,0.5472606420516968,10.047798156738281,1250.132568359375
251013,100,0.42,-0.050817616283893585,0.4962691068649292,4.6521711349487305,938.4093017578125
251014,100,0.44,-0.06994497030973434,0.47444358468055725,3.6940484046936035,1301.8607177734375
251015,100,0.57,0.015866395086050034,0.5279106497764587,11.984993934631348,1123.2440185546875
251016,100,0.57,-0.12303780764341354,0.5358890295028687,1.9674168825149536,654.0813598632812
251017,97,0.4742268041237113,0.26944294571876526,0.560911238193512,18.29116439819336,1493.3255615234375
251018,96,0.5416666666666666,0.058099664747714996,0.6011525988578796,18.153106689453125,1224.1778564453125
251019,100,0.46,0.06477613747119904,0.44723954796791077,11.799503326416016,857.7581787109375
251020,100,0.43,0.09728243947029114,0.5541385412216187,9.28547477722168,843.8457641601562
251021,80,0.475,-0.006366640329360962,0.5743889212608337,5.676338195800781,1203.6116943359375
251022,100,0.51,0.11310753226280212,0.5668178796768188,10.592711448669434,320.5321044921875
251023,100,0.38,-0.08974490314722061,0.49719980359077454,2.57613205909729,1232.603759765625
251024,14,0.42857142857142855,0.008954674005508423,0.6901227831840515,0.5445708632469177,922.84130859375
251025,100,0.52,0.045884426683187485,0.5665000081062317,4.891951084136963,1402.267578125
251026,16,0.75,0.2001166194677353,0.3957493007183075,5.354222774505615,1403.673828125
251027,100,0.57,0.12462324649095535,0.4691837728023529,16.298198699951172,1759.9874267578125
251028,100,0.55,0.08456610888242722,0.5162791609764099,12.799642562866211,1384.0013427734375
251029,100,0.43,-0.01184380054473877,0.5928731560707092,3.3790407180786133,1111.81787109375
251030,21,0.47619047619047616,0.2642996907234192,0.47118452191352844,5.9760823249816895,1185.1522216796875
251031,61,0.5409836065573771,0.15892376005649567,0.5326968431472778,10.924895286560059,1951.4459228515625
251032,100,0.6,0.01845947653055191,0.504673182964325,9.398110389709473,620.8701782226562
251033,100,0.53,-0.026030365377664566,0.48411062359809875,3.166095495223999,1011.6498413085938
251034,88,0.5454545454545454,0.11614695191383362,0.4679408073425293,15.662851333618164,1334.5579833984375
251035,100,0.52,-0.10469043254852295,0.48317670822143555,2.3935558795928955,1645.640380859375
251036,97,0.5979381443298969,0.0267279464751482,0.5813174843788147,8.686030387878418,1554.431884765625
251037,55,0.509090909090909,0.23623740673065186,0.4970283508300781,16.52393913269043,1153.980712890625
251038,100,0.48,0.1276101917028427,0.47957170009613037,18.886688232421875,1805.6080322265625
251039,100,0.38,0.04873483255505562,0.4908983111381531,11.268243789672852,1034.0975341796875
251040,100,0.5,0.04340745881199837,0.47807201743125916,9.519342422485352,1768.504150390625
251041,100,0.47,0.0005798980128020048,0.5242908596992493,4.756194114685059,881.416259765625
251042,100,0.48,-0.017052562907338142,0.4971296489238739,3.9479334354400635,367.7691345214844
251043,87,0.45977011494252873,-0.057180166244506836,0.605889081954956,4.882516860961914,1142.1947021484375
251044,100,0.52,-0.03462010622024536,0.5163410305976868,6.129758834838867,1102.416015625
251045,100,0.61,0.009462429210543633,0.5347514748573303,6.225592136383057,337.1014404296875
251046,100,0.51,-0.12633560597896576,0.47183671593666077,4.474588394165039,1251.574951171875
251047,100,0.48,0.051972340792417526,0.5339373350143433,8.191716194152832,1107.4921875
251048,100,0.5,-0.009140447713434696,0.4177210330963135,4.586491584777832,1002.2784423828125
251049,100,0.45,0.21871191263198853,0.5104144811630249,24.129119873046875,232.10263061523438
251050,73,0.4657534246575342,0.0860617607831955,0.5737101435661316,5.413173198699951,1360.9046630859375
251051,100,0.42,0.012368728406727314,0.49721935391426086,4.9925055503845215,648.5147094726562
251052,100,0.55,0.09404098242521286,0.47108781337738037,15.0073823928833,1461.348876953125
251053,100,0.45,0.015831897035241127,0.5644871592521667,7.955658435821533,689.0786743164062
251054,100,0.49,-0.08578341454267502,0.525814414024353,2.209627389907837,1859.244384765625
251055,100,0.51,0.012000340968370438,0.5384542346000671,8.404891014099121,998.9415283203125
251056,100,0.52,-0.04951971769332886,0.5089319348335266,4.244574069976807,461.813232421875
251057,100,0.5,-0.10130220651626587,0.535690188407898,4.103967189788818,1034.0615234375
251058,100,0.63,-0.006355356425046921,0.5115527510643005,8.05456256866455,893.8450927734375
251059,100,0.45,0.18206742405891418,0.5644127130508423,12.829648971557617,514.5711669921875
251060,73,0.5205479452054794,0.1357206255197525,0.485528826713562,8.597655296325684,1803.9422607421875
251061,100,0.48,-0.10362694412469864,0.4731620252132416,3.301347255706787,353.5136413574219
251062,50,0.64,0.020348187536001205,0.43664658069610596,2.978065013885498,632.597412109375
251063,100,0.53,-0.029383964836597443,0.5820181369781494,5.65053129196167,590.8357543945312
251064,80,0.4875,0.12171047180891037,0.4121742844581604,16.777542114257812,1112.1929931640625
251065,100,0.47,-0.05027008429169655,0.5267974138259888,6.048319339752197,1028.0257568359375
251066,36,0.6388888888888888,-0.2017001062631607,0.4061880111694336,1.6950055360794067,1544.999755859375
251067,46,0.5434782608695652,0.1407645046710968,0.5651949644088745,14.941618919372559,1815.049560546875
251068,96,0.4791666666666667,-0.09520305693149567,0.4904162585735321,9.326750755310059,1070.52587890625
251069,100,0.47,-0.02982199750840664,0.4973503649234772,8.626237869262695,496.5149841308594
251070,69,0.4492753623188406,-0.058275699615478516,0.49352791905403137,2.9555437564849854,1214.6282958984375
251071,100,0.48,0.0330720879137516,0.5411064624786377,7.761016368865967,538.9077758789062
251072,100,0.59,0.10439907014369965,0.5004257559776306,8.534724235534668,1784.9598388671875
251073,100,0.51,0.04656418040394783,0.544231116771698,7.411670684814453,444.980712890625
251074,94,0.5106382978723404,0.08966531604528427,0.5238397121429443,11.7174072265625,506.35498046875
251075,90,0.5,-0.08827920258045197,0.4899010956287384,4.1573944091796875,1410.9813232421875
251076,56,0.48214285714285715,0.08130291104316711,0.49201837182044983,10.809075355529785,1831.9140625
251077,100,0.61,-0.00889307726174593,0.47365981340408325,9.435504913330078,255.90493774414062
251078,100,0.54,0.0014481053221970797,0.5239862203598022,8.032842636108398,717.5916137695312
251079,100,0.49,0.04612939804792404,0.5342223644256592,5.38224983215332,1104.8843994140625
251080,100,0.49,-0.043480034917593,0.569581151008606,5.099255084991455,567.2136840820312
251081,100,0.56,0.019890477880835533,0.518878698348999,7.879752159118652,1140.7098388671875
251082,100,0.5,0.017584269866347313,0.5052230954170227,7.31820821762085,1156.3895263671875
251083,100,0.4,-0.05399677902460098,0.50157630443573,3.2579123973846436,804.674560546875
251084,100,0.49,0.019616490229964256,0.48779043555259705,7.583040237426758,1336.526611328125
251085,100,0.4,-0.10064800828695297,0.5651586055755615,3.5991122722625732,533.1431884765625
251086,100,0.44,-0.07350152730941772,0.5208524465560913,2.9087278842926025,255.14089965820312
251087,25,0.68,0.013654284179210663,0.3418455123901367,3.0066020488739014,1258.004638671875
251088,31,0.41935483870967744,-0.018448570743203163,0.5740634202957153,4.629286766052246,1361.023193359375
251089,68,0.6029411764705882,0.08700898289680481,0.5140194892883301,10.891080856323242,566.762451171875
251090,100,0.51,0.11901044845581055,0.45918530225753784,18.122600555419922,1152.977783203125
251091,84,0.5238095238095238,0.21078990399837494,0.5150765776634216,24.301273345947266,940.817626953125
251092,100,0.52,0.17897151410579681,0.48246505856513977,18.949604034423828,351.94647216796875
251093,53,0.4528301886792453,0.08202304691076279,0.5243772864341736,5.996683597564697,1717.5023193359375
251094,46,0.41304347826086957,0.14061492681503296,0.5077471137046814,9.315423011779785,1032.0595703125
251095,100,0.61,-0.04226575791835785,0.4702845811843872,4.629737854003906,314.25494384765625
251096,100,0.52,-0.036923643201589584,0.5099666118621826,6.7673821449279785,1617.7249755859375
251097,100,0.52,-0.04957989603281021,0.5327815413475037,2.7232890129089355,758.9865112304688
251098,100,0.56,0.03494183346629143,0.5075711607933044,7.482575416564941,714.799560546875
251099,100,0.48,-0.007813463918864727,0.5134792923927307,5.984424114227295,1163.347900390625
251100,100,0.56,-0.03252411261200905,0.5754499435424805,10.816062927246094,1910.950439453125
251101,100,0.46,0.05131281539797783,0.5421412587165833,6.048552513122559,321.9183349609375
251102,21,0.38095238095238093,-0.0832076445221901,0.587087869644165,0.3904293179512024,1030.241455078125
251103,100,0.54,-0.13213922083377838,0.5552924871444702,2.459885597229004,342.10546875
251104,96,0.5416666666666666,-0.009861171245574951,0.5043395757675171,7.757554531097412,524.2760620117188
251105,100,0.44,0.00802155863493681,0.5726050138473511,4.323209762573242,885.0272216796875
251106,100,0.55,0.09693263471126556,0.43562376499176025,8.135655403137207,966.9354858398438
251107,100,0.39,0.04238104820251465,0.4717237055301666,10.468741416931152,1609.0584716796875
251108,100,0.52,0.019442090764641762,0.5138759016990662,6.098236560821533,1253.378173828125
251109,100,0.51,-0.06688261032104492,0.5389862656593323,5.7238593101501465,1562.11279296875
251110,100,0.6,-0.06097746640443802,0.48440876603126526,4.992832183837891,516.2761840820312
251111,100,0.41,0.10960701107978821,0.5139264464378357,10.351625442504883,1403.102783203125
251112,100,0.47,-0.03397257253527641,0.5396431684494019,2.783954620361328,1125.554443359375
251113,100,0.48,-0.09260179847478867,0.5302352905273438,5.315968036651611,967.0376586914062
251114,100,0.41,0.10089161247015,0.48593971133232117,7.652462005615234,774.1820678710938
251115,100,0.54,-0.08715835958719254,0.5146730542182922,2.8062245845794678,561.3238525390625
251116,100,0.49,0.050989024341106415,0.549757182598114,4.8638787269592285,577.8432006835938
251117,4,1.0,0.41756683588027954,,3.894038677215576,1450.5194091796875
251118,95,0.49473684210526314,0.2658189535140991,0.5472363829612732,26.562185287475586,1980.957275390625
251119,100,0.42,-0.056457214057445526,0.5183977484703064,3.120522975921631,809.5548095703125
251120,100,0.46,0.013000978156924248,0.5178263783454895,5.083688735961914,1131.205078125
251121,100,0.43,-0.0632474273443222,0.5037259459495544,3.018916130065918,543.2655029296875
251122,100,0.54,0.025582144036889076,0.5375098586082458,12.663503646850586,1018.4046020507812
251123,54,0.5,0.17629793286323547,0.5266950726509094,7.964900493621826,565.0932006835938
251124,100,0.42,0.06889016926288605,0.5487263202667236,7.848332405090332,1431.221435546875
251125,100,0.48,-0.02970445342361927,0.5043187737464905,3.5548038482666016,713.1766967773438
251126,67,0.43283582089552236,0.07802297174930573,0.5394361615180969,6.451519012451172,1087.50732421875
251127,39,0.41025641025641024,0.08357283473014832,0.6289722919464111,4.287840366363525,1369.81005859375
251128,95,0.5473684210526316,0.08150259405374527,0.48067790269851685,16.84773826599121,1510.1318359375
251129,93,0.44086021505376344,-0.1018345057964325,0.5765900015830994,2.311018228530884,1021.9436645507812
251130,39,0.5897435897435898,0.2132425457239151,0.5958139896392822,11.544697761535645,2072.29443359375
251131,100,0.47,-0.06989879161119461,0.4822653532028198,4.293113708496094,1242.487548828125
251132,100,0.5,-0.011180533096194267,0.46811747550964355,9.981082916259766,842.98291015625
251133,100,0.5,0.06742234528064728,0.5168935060501099,9.036407470703125,606.354736328125
251134,100,0.54,0.02701069600880146,0.4738002121448517,8.94815731048584,698.5938110351562
251135,56,0.5357142857142857,0.09169827401638031,0.5252789258956909,5.1243486404418945,1450.185546875
251136,60,0.5,0.08763470500707626,0.566018283367157,9.794085502624512,1223.444580078125
251137,59,0.4406779661016949,0.33192506432533264,0.5612534880638123,14.210931777954102,322.2754821777344
251138,100,0.55,0.05578053370118141,0.4644458293914795,7.418708801269531,1650.5426025390625
251139,90,0.5222222222222223,0.05605602264404297,0.5467628836631775,6.183566093444824,1480.1474609375
251140,100,0.58,-0.053694721311330795,0.551182210445404,3.1518568992614746,744.8648681640625
251141,100,0.57,-0.07410993427038193,0.45340782403945923,4.648923397064209,979.4984130859375
251142,79,0.46835443037974683,0.10675063729286194,0.4915096163749695,10.173258781433105,817.91943359375
251143,100,0.51,-0.11743070930242538,0.5090928077697754,3.280991554260254,382.244384765625
251144,100,0.57,0.06548625975847244,0.5633863806724548,12.327066421508789,1505.5794677734375
251145,44,0.4318181818181818,0.27993470430374146,0.44064414501190186,8.214098930358887,714.79052734375
251146,100,0.56,0.16107313334941864,0.49086809158325195,17.006732940673828,800.7733154296875
251147,100,0.52,0.11159870028495789,0.5326728820800781,9.335272789001465,379.1009521484375
251148,100,0.53,0.11925359070301056,0.6052736043930054,11.011887550354004,265.9718017578125
251149,100,0.5,-0.07489680498838425,0.5359882116317749,4.532731056213379,1554.944580078125
251150,100,0.56,0.18852080404758453,0.5403808355331421,22.454254150390625,905.362548828125
251151,100,0.52,-0.14502467215061188,0.5226449370384216,4.951967239379883,681.5362548828125
251152,100,0.47,-0.02703208103775978,0.5444535613059998,4.1667914390563965,1090.5350341796875
251153,100,0.48,0.11014477163553238,0.5243492722511292,12.147116661071777,1390.43994140625
251154,100,0.51,-0.02975558675825596,0.48697054386138916,2.3181324005126953,1158.32373046875
251155,78,0.46153846153846156,0.06262325495481491,0.4775306284427643,5.891443729400635,1213.205078125
251156,90,0.5444444444444444,0.07819131016731262,0.5568404793739319,10.320494651794434,1659.0615234375
251157,100,0.49,0.026257257908582687,0.497631698846817,5.201834201812744,200.97943115234375
251158,100,0.41,0.1265220046043396,0.551686704158783,13.23935604095459,1421.9097900390625
251159,49,0.5714285714285714,-0.006676620803773403,0.47690168023109436,5.06964111328125,1897.4593505859375
251160,100,0.49,0.030349604785442352,0.5630181431770325,5.995458126068115,221.07858276367188
251161,71,0.5211267605633803,0.17836645245552063,0.4589281678199768,15.47890567779541,1397.0621337890625
251162,100,0.56,0.08478424698114395,0.5296784043312073,15.783647537231445,687.1051025390625
251163,100,0.54,-0.05782360956072807,0.5270277261734009,4.406648635864258,1393.576171875
251164,44,0.5681818181818182,0.06721727550029755,0.5410046577453613,5.406286239624023,674.3348388671875
251165,100,0.56,0.05184992030262947,0.45897147059440613,7.100062370300293,616.5958862304688
251166,100,0.57,0.09547954052686691,0.509043276309967,19.96861457824707,268.5290832519531
251167,100,0.46,-0.054913654923439026,0.5712907314300537,3.686640977859497,1028.2723388671875
251168,100,0.44,-0.021418070420622826,0.5122746825218201,5.0068230628967285,550.5169677734375
251169,100,0.54,0.05135953053832054,0.5027490854263306,10.273972511291504,1304.004150390625
251170,99,0.5252525252525253,0.06641531735658646,0.48084357380867004,16.069095611572266,96.75022888183594
251171,100,0.43,-0.07081354409456253,0.6019859313964844,3.458925485610962,1201.943359375
251172,100,0.43,-0.017953967675566673,0.5449780821800232,5.3934149742126465,1320.5238037109375
251173,14,0.35714285714285715,0.46000081300735474,0.513020932674408,3.9585561752319336,1217.8648681640625
251174,67,0.5373134328358209,0.006452037021517754,0.5101835131645203,4.636390686035156,1283.8626708984375
251175,100,0.5,0.07662404328584671,0.5269720554351807,8.458038330078125,1172.3731689453125
251176,100,0.54,0.16482268273830414,0.4858749508857727,25.421239852905273,1111.2928466796875
251177,100,0.46,-0.008378802798688412,0.49358803033828735,4.765903472900391,660.4205932617188
251178,100,0.44,0.04810626804828644,0.5685153603553772,8.174884796142578,1283.2235107421875
251179,100,0.45,-0.013962192460894585,0.5182527899742126,5.399193286895752,500.6141052246094
251180,100,0.57,-0.047143641859292984,0.49868685007095337,4.834604740142822,1471.380615234375
251181,33,0.42424242424242425,0.3795475363731384,0.5192446708679199,9.048529624938965,1792.8375244140625
251182,100,0.61,-0.018972085788846016,0.48940300941467285,7.102230072021484,501.1334533691406
251183,100,0.5,-0.03391839936375618,0.48779982328414917,5.643551826477051,980.8359375
251184,100,0.62,-0.030727988108992577,0.4768684208393097,3.8545982837677,389.55230712890625
251185,100,0.5,-0.11933483928442001,0.4376559555530548,2.0482118129730225,630.3567504882812
251186,25,0.44,0.14012624323368073,0.47957348823547363,4.238795757293701,1373.638427734375
251187,53,0.41509433962264153,0.17558731138706207,0.5174771547317505,6.668882369995117,1800.8353271484375
251188,100,0.51,-0.06662603467702866,0.49513253569602966,2.8028290271759033,982.4304809570312
251189,100,0.47,-0.03961809724569321,0.5208565592765808,3.6775174140930176,344.3518981933594
251190,100,0.53,-0.05847148224711418,0.513090193271637,4.425719738006592,433.90826416015625
251191,100,0.57,-0.019130531698465347,0.46962863206863403,6.301036357879639,1140.89453125
251192,100,0.56,0.10927248001098633,0.4595836400985718,17.306764602661133,612.7500610351562
251193,100,0.54,0.0017265942879021168,0.47362998127937317,6.43518590927124,800.7103881835938
251194,100,0.42,-0.014140716753900051,0.4686819016933441,3.6500632762908936,895.2107543945312
251195,71,0.4084507042253521,-0.1924600750207901,0.46839064359664917,2.910048246383667,1034.5904541015625
251196,100,0.46,0.015437996946275234,0.45148375630378723,4.102519512176514,685.1058349609375
251197,100,0.46,0.028134331107139587,0.4764903783798218,4.345408916473389,689.70166015625
251198,100,0.47,0.09938786178827286,0.5503348112106323,19.150909423828125,633.1338500976562
251199,100,0.49,0.00942575465887785,0.5318136811256409,12.915364265441895,1388.1041259765625
251200,100,0.46,-0.0026313532143831253,0.49388888478279114,8.806533813476562,395.6124267578125
251201,100,0.51,-0.09569321572780609,0.49505385756492615,2.280268907546997,460.0246276855469
251202,70,0.5,0.061532020568847656,0.5280898809432983,7.148243427276611,945.5299682617188
251203,100,0.45,-0.06606727093458176,0.4623754918575287,1.8168059587478638,1214.8916015625
251204,100,0.47,-0.09229476749897003,0.5569197535514832,3.00789737701416,701.825439453125
251205,8,0.625,0.05963665246963501,0.7753252983093262,2.174011468887329,986.0881958007812
251206,100,0.43,-0.02281314507126808,0.5375592708587646,4.647342681884766,363.7147521972656
251207,100,0.49,0.009239941835403442,0.49166586995124817,6.019412040710449,1392.6363525390625
251208,100,0.5,0.010004756040871143,0.6235025525093079,7.089155673980713,582.3997802734375
251209,9,0.7777777777777778,0.16584570705890656,0.5184913873672485,4.0227742195129395,606.4812622070312
251210,99,0.494949494949495,0.0916023775935173,0.5236795544624329,15.903651237487793,532.4013061523438
251211,76,0.5394736842105263,0.03297774866223335,0.5011338591575623,5.504302501678467,1456.68408203125
251212,100,0.45,0.020820917561650276,0.5695475339889526,7.438529968261719,1172.5362548828125
251213,100,0.54,-0.026790203526616096,0.49667730927467346,5.947279453277588,1456.8533935546875
251214,100,0.53,-6.619489431614056e-05,0.5449880361557007,5.4766526222229,1256.6563720703125
251215,100,0.41,-0.023814912885427475,0.5874243974685669,4.857524394989014,1211.003173828125
251216,100,0.55,0.07274314016103745,0.45793721079826355,15.595184326171875,1829.722412109375
251217,100,0.53,-0.08693769574165344,0.5281175374984741,3.5471251010894775,663.2587890625
251218,38,0.5789473684210527,0.21223007142543793,0.5350239276885986,9.206944465637207,1560.9344482421875
251219,100,0.41,-0.02143922634422779,0.52003413438797,10.532881736755371,337.55670166015625
251220,39,0.5641025641025641,0.03152250871062279,0.48086458444595337,2.6568808555603027,1278.2857666015625
251221,100,0.49,-0.040276624262332916,0.5407496690750122,2.856421709060669,717.1053466796875
251222,58,0.41379310344827586,0.19704437255859375,0.5440901517868042,12.900468826293945,298.12176513671875
251223,100,0.51,-0.02093386836349964,0.5249035954475403,3.8977913856506348,1403.1480712890625
251224,86,0.43023255813953487,0.0210187416523695,0.4938547611236572,3.441913366317749,590.7653198242188
251225,100,0.53,-0.22192640602588654,0.4723650813102722,1.1829771995544434,349.70745849609375
251226,100,0.51,0.04188985750079155,0.5212600231170654,7.114819049835205,1220.801025390625
251227,43,0.6046511627906976,0.09578264504671097,0.5268364548683167,10.511567115783691,2265.90673828125
251228,100,0.62,0.04632620885968208,0.5399150848388672,4.367074966430664,1417.4901123046875
251229,100,0.52,0.015388368628919125,0.504501223564148,5.5356221199035645,1382.48681640625
251230,100,0.44,0.10914801806211472,0.50786292552948,13.320252418518066,1473.6595458984375
251231,100,0.42,-0.0884990245103836,0.47745904326438904,2.709594488143921,267.2368469238281
251232,100,0.54,-0.029154358431696892,0.5307741761207581,2.2445645332336426,851.5592041015625
251233,92,0.5978260869565217,0.12875603139400482,0.497722327709198,12.178919792175293,1411.99072265625
251234,100,0.54,-0.010940205305814743,0.4452400505542755,4.729521751403809,1102.011962890625
251235,92,0.532608695652174,0.007738420739769936,0.5291189551353455,9.446537017822266,1899.1513671875
251236,49,0.5306122448979592,0.11561640352010727,0.49103251099586487,10.259001731872559,354.27154541015625
251237,100,0.43,-0.038368672132492065,0.4881720244884491,5.650218486785889,525.2310791015625
251238,43,0.4186046511627907,0.2730602025985718,0.5018237233161926,12.535269737243652,1582.3966064453125
251239,100,0.53,0.08314035832881927,0.5554693341255188,12.838126182556152,1236.493408203125
251240,100,0.57,-0.0770438089966774,0.4749593138694763,3.196197748184204,1732.372314453125
251241,100,0.57,0.03036140836775303,0.5254900455474854,7.9977240562438965,1289.252197265625
251242,100,0.52,-0.03979694843292236,0.49374404549598694,6.483364105224609,1456.5010986328125
251243,39,0.46153846153846156,0.14878760278224945,0.5633572936058044,8.369359970092773,981.1040649414062
251244,100,0.45,0.021209295839071274,0.48785489797592163,10.095928192138672,595.1788940429688
251245,24,0.4166666666666667,0.0811917632818222,0.4545947015285492,2.5441479682922363,1453.90869140625
251246,100,0.4,-0.08662250638008118,0.5566642880439758,1.9780467748641968,1432.853759765625
251247,100,0.45,-0.11672092229127884,0.4341016709804535,1.4631438255310059,753.7823486328125
251248,100,0.44,-0.006572873797267675,0.477230042219162,2.633235216140747,543.2335815429688
251249,62,0.5806451612903226,-0.1370275318622589,0.4914186894893646,1.81867516040802,1841.89306640625
251250,85,0.5411764705882353,0.08834369480609894,0.46016961336135864,12.538786888122559,1053.670654296875
251251,47,0.48936170212765956,0.0460130013525486,0.4873276650905609,8.784003257751465,1065.4119873046875
251252,40,0.6,0.12357431650161743,0.5236996412277222,9.800712585449219,649.0154418945312
251253,90,0.4444444444444444,0.07398820668458939,0.4629409909248352,10.223891258239746,924.9589233398438
251254,100,0.49,0.049050819128751755,0.5395784974098206,7.022961139678955,626.28564453125
251255,100,0.45,-0.14010471105575562,0.49809855222702026,2.1035258769989014,1113.0396728515625
251256,100,0.48,0.02049146592617035,0.5050650835037231,4.246214389801025,575.874755859375
251257,100,0.56,0.019658956676721573,0.48930785059928894,11.741345405578613,1076.00439453125
251258,100,0.54,-0.1541902869939804,0.581131100654602,1.4632710218429565,781.7993774414062
251259,100,0.53,-0.010482629761099815,0.5649652481079102,8.227585792541504,1475.4681396484375
251260,79,0.4430379746835443,-0.026789134368300438,0.545661211013794,4.418948650360107,866.1296997070312
251261,100,0.56,0.05318951606750488,0.5257790088653564,5.2758917808532715,846.5108032226562
251262,100,0.47,-0.0027766264975070953,0.5287812352180481,4.557205677032471,634.4619750976562
251263,100,0.48,-0.19566790759563446,0.5672038197517395,1.098828673362732,1546.366455078125
251264,67,0.47761194029850745,0.09842310845851898,0.5103967785835266,10.98022747039795,974.2886962890625
251265,100,0.51,0.08976278454065323,0.44487085938453674,12.043856620788574,1404.9554443359375
251266,11,0.45454545454545453,0.6506229639053345,0.6481472849845886,8.165772438049316,1518.012939453125
251267,100,0.39,0.07985484600067139,0.5550152063369751,11.868605613708496,545.947265625
251268,100,0.54,0.019669130444526672,0.4440752863883972,8.016226768493652,1047.6541748046875
251269,100,0.59,-0.0024500740692019463,0.6143161058425903,5.234944820404053,1478.64404296875
251270,97,0.5360824742268041,0.020569343119859695,0.5077117681503296,7.241540431976318,1440.47412109375
251271,100,0.54,-0.04505931958556175,0.4559395909309387,5.364958763122559,782.69482421875
251272,100,0.46,0.0799013003706932,0.4930211305618286,5.715757369995117,394.2161865234375
251273,100,0.61,-0.02629542350769043,0.49055421352386475,3.931396484375,995.6328125
251274,100,0.42,0.14493320882320404,0.5407705307006836,13.373123168945312,1381.7386474609375
251275,100,0.62,0.023185275495052338,0.5161175727844238,9.284366607666016,1468.65869140625
251276,78,0.6410256410256411,0.056463614106178284,0.6191280484199524,17.40870475769043,1322.3115234375
251277,75,0.4533333333333333,0.10547241568565369,0.5659411549568176,12.334283828735352,873.1400146484375
251278,100,0.57,-0.07671187818050385,0.5469043254852295,3.2062828540802,2014.0101318359375
251279,100,0.46,-0.0711929202079773,0.568078875541687,5.158426761627197,1477.5107421875
251280,100,0.39,-0.06213279440999031,0.5526250600814819,3.7126896381378174,1006.3956909179688
251281,100,0.46,-0.10711340606212616,0.5164686441421509,2.1377012729644775,1113.6767578125
251282,100,0.54,-0.06361886113882065,0.5256107449531555,2.9898765087127686,1134.231689453125
251283,100,0.43,0.10721179842948914,0.5438920259475708,9.643298149108887,307.3019104003906
251284,93,0.3333333333333333,0.0643058717250824,0.5764321088790894,3.526127576828003,564.2374267578125
251285,72,0.4861111111111111,-0.18280301988124847,0.43498244881629944,2.239326238632202,1385.0157470703125
251286,100,0.51,-0.06419654935598373,0.5614025592803955,5.170332431793213,531.238037109375
251287,100,0.55,-0.08196870982646942,0.5515517592430115,6.192235946655273,1034.0478515625
251288,92,0.45652173913043476,-0.0037670873571187258,0.5345935225486755,3.556729793548584,1348.0875244140625
251289,100,0.54,0.024648772552609444,0.5831980109214783,8.316075325012207,1487.7945556640625
251290,100,0.45,0.01988273300230503,0.5198225975036621,5.77666711807251,509.3701477050781
251291,100,0.43,0.008127223700284958,0.4905526638031006,3.414066791534424,1471.932861328125
251292,66,0.5151515151515151,0.12279815971851349,0.5155717730522156,12.792126655578613,1073.202392578125
251293,100,0.44,0.017930157482624054,0.5206333994865417,5.470789432525635,984.8410034179688
251294,100,0.45,0.0034995980095118284,0.44240090250968933,2.8462419509887695,516.5941772460938
251295,100,0.45,0.04184945300221443,0.5706237554550171,10.742589950561523,1424.156005859375
251296,100,0.57,-0.07137548178434372,0.5103418827056885,2.179276943206787,1296.9541015625
251297,100,0.53,0.06976950913667679,0.4908643960952759,9.983437538146973,1003.4205932617188
251298,52,0.4423076923076923,0.0571545846760273,0.45158830285072327,7.448371887207031,1428.7744140625
251299,100,0.43,-0.1735476404428482,0.4295397698879242,2.9106719493865967,821.4219360351562
251300,100,0.46,-0.04425860941410065,0.5022172331809998,8.45020580291748,1201.9671630859375
251301,100,0.58,-0.1496485322713852,0.5216220021247864,1.9469479322433472,1170.88232421875
251302,100,0.5,0.10137340426445007,0.547214686870575,9.184545516967773,866.7568359375
251303,51,0.5490196078431373,0.06880579888820648,0.477885365486145,5.96898889541626,1869.4742431640625
251304,100,0.55,-0.029161283746361732,0.572791576385498,4.178074836730957,1267.1685791015625
251305,75,0.49333333333333335,0.03559545427560806,0.3971114158630371,7.455228328704834,1607.9488525390625
251306,66,0.48484848484848486,0.04847468435764313,0.48597583174705505,6.6660027503967285,1348.8299560546875
251307,100,0.49,0.047481343150138855,0.48284000158309937,7.225345611572266,1755.7672119140625
251308,100,0.49,0.018809547647833824,0.4454438388347626,6.180113315582275,1424.190673828125
251309,100,0.53,-0.07219073921442032,0.5520508885383606,5.979222297668457,939.460693359375
251310,100,0.48,-0.016849080100655556,0.5091056227684021,6.207211494445801,443.1581726074219
251311,59,0.5084745762711864,0.030358072370290756,0.3753039538860321,3.783811330795288,910.6953735351562
251312,100,0.47,-0.00693839555606246,0.44722023606300354,5.555058002471924,1352.7811279296875
251313,100,0.55,-0.046383511275053024,0.5142040252685547,4.134197235107422,512.107666015625
251314,100,0.52,0.04461820796132088,0.5451738238334656,11.760675430297852,284.7195129394531
251315,100,0.57,-0.07942429184913635,0.46598535776138306,1.796226143836975,1457.5906982421875
251316,100,0.54,-0.24886399507522583,0.5407789349555969,2.0385444164276123,234.8958282470703
251317,100,0.45,0.003710587043315172,0.5385047793388367,5.627573013305664,1389.32080078125
251318,100,0.61,-0.05872638523578644,0.49095115065574646,3.2514662742614746,713.50048828125
251319,79,0.45569620253164556,-0.0677327886223793,0.491077721118927,4.149247646331787,908.8729858398438
251320,100,0.52,0.011407947167754173,0.5322862267494202,4.408239841461182,1582.4056396484375
251321,100,0.53,0.014992660842835903,0.5182999968528748,9.375439643859863,623.8927612304688
251322,100,0.5,-0.03811335936188698,0.45578110218048096,2.947554588317871,941.1488037109375
251323,100,0.46,-0.10583086311817169,0.5373307466506958,2.787226915359497,1129.07763671875
251324,43,0.5581395348837209,0.05562285706400871,0.4912390410900116,4.766932010650635,1702.221923828125
251325,100,0.53,-0.046857576817274094,0.4226982295513153,5.9427080154418945,581.3265991210938
251326,92,0.43478260869565216,0.17835289239883423,0.5453894138336182,16.141193389892578,1114.87744140625
251327,66,0.4090909090909091,-0.0824352577328682,0.5643600821495056,1.9091720581054688,818.932861328125
251328,66,0.45454545454545453,0.0838744193315506,0.5464451313018799,6.8297224044799805,1745.6004638671875
251329,100,0.4,-0.040188439190387726,0.5210391283035278,2.7952804565429688,338.0110168457031
251330,100,0.51,-0.06281238049268723,0.5001505613327026,3.814793586730957,1079.751953125
251331,100,0.44,0.03218269348144531,0.4599292576313019,8.534402847290039,1320.077392578125
251332,100,0.53,-0.034968599677085876,0.5660093426704407,5.74573278427124,503.1690673828125
251333,100,0.49,0.04203764349222183,0.5099545121192932,6.954651355743408,789.5032348632812
251334,100,0.54,0.09340151399374008,0.4703046679496765,11.90295124053955,1426.349853515625
251335,100,0.47,-0.041029397398233414,0.5066094398498535,2.5071651935577393,1086.7530517578125
251336,100,0.63,0.042811326682567596,0.47825947403907776,17.16921615600586,1504.4014892578125
251337,100,0.52,-0.08164817839860916,0.4827742874622345,5.3128461837768555,646.3182983398438
251338,100,0.46,-0.1618698090314865,0.5089555382728577,1.5198482275009155,1177.5435791015625
251339,54,0.5185185185185185,-0.14318068325519562,0.5431269407272339,3.569960117340088,1748.4322509765625
251340,100,0.45,-0.05936034396290779,0.5632469654083252,3.1360607147216797,1227.3226318359375
251341,78,0.5128205128205128,-0.0031114339362829924,0.5068856477737427,4.377052307128906,1418.1273193359375
251342,100,0.5,-0.09871622920036316,0.5743356347084045,1.5450581312179565,1417.41455078125
251343,100,0.51,-0.03645744174718857,0.5314961075782776,6.7214674949646,728.904541015625
251344,89,0.449438202247191,0.009134553372859955,0.4929300546646118,5.837668418884277,1457.6265869140625
251345,100,0.54,-0.051062002778053284,0.5483646988868713,3.8145291805267334,434.0544738769531
251346,94,0.5212765957446809,0.10847552865743637,0.486590713262558,22.846982955932617,1846.7076416015625
251347,100,0.48,-0.1948641538619995,0.5018064379692078,1.6931767463684082,1663.583740234375
251348,100,0.38,0.05003039166331291,0.5398418307304382,8.231406211853027,232.91368103027344
251349,100,0.45,0.05955156311392784,0.43207812309265137,7.134583950042725,1179.837158203125
251350,63,0.4126984126984127,0.044322337955236435,0.5073818564414978,8.760284423828125,1194.99658203125
251351,100,0.48,0.01707655005156994,0.5345162153244019,9.415735244750977,1606.017578125
251352,84,0.5952380952380952,0.0658687949180603,0.5213018655776978,13.347344398498535,842.9266967773438
251353,100,0.52,0.06642406433820724,0.5472946166992188,12.079366683959961,1393.829833984375
251354,100,0.51,0.010854345746338367,0.44885674118995667,8.872302055358887,1150.9654541015625
251355,100,0.55,-0.02856074646115303,0.5151147246360779,6.4043450355529785,1021.4542236328125
251356,100,0.53,-0.0937052071094513,0.5412874221801758,3.86653733253479,134.97055053710938
251357,100,0.46,-0.13589662313461304,0.45828109979629517,2.062382221221924,714.1696166992188
251358,64,0.453125,0.25085124373435974,0.5288156867027283,14.176087379455566,804.2839965820312
251359,100,0.52,-0.030701037496328354,0.548850953578949,4.333143711090088,1023.0294189453125
251360,100,0.56,0.051425039768218994,0.5924912095069885,4.792038440704346,969.4536743164062
251361,100,0.5,-0.053994350135326385,0.5325632691383362,5.1425299644470215,1106.498779296875
251362,100,0.57,0.07898206263780594,0.6078634262084961,9.575372695922852,1163.4434814453125
251363,100,0.5,0.04276265576481819,0.5581775903701782,8.4378662109375,415.05999755859375
251364,100,0.49,0.11171140521764755,0.5497316718101501,16.658710479736328,259.2164001464844
251365,100,0.46,0.041035544127225876,0.5498239994049072,5.440221786499023,1544.374267578125
251366,100,0.55,0.002021713647991419,0.41495653986930847,6.786254405975342,1226.6517333984375
251367,100,0.56,-0.12562371790409088,0.5837743878364563,2.131920337677002,573.2377319335938
251368,67,0.6119402985074627,-0.010198162868618965,0.4725915789604187,3.1465976238250732,948.6112670898438
251369,100,0.56,-0.01984211802482605,0.5100038647651672,5.780198574066162,665.0046997070312
251370,100,0.46,-0.040775116533041,0.4976680874824524,3.4849982261657715,593.534423828125
251371,100,0.49,-0.07306943833827972,0.55657559633255,2.975322723388672,1514.603271484375
251372,55,0.509090909090909,0.14890441298484802,0.37754637002944946,11.903456687927246,1216.9168701171875
251373,100,0.48,-0.00220494088716805,0.5291615724563599,7.95734977722168,1760.8656005859375
251374,100,0.52,-0.11464298516511917,0.4726499319076538,3.647110939025879,1156.9779052734375
251375,100,0.52,-0.07525178790092468,0.5433885455131531,2.9927518367767334,1396.895263671875
251376,100,0.46,-0.09161006659269333,0.5370709300041199,6.461100101470947,136.533935546875
251377,100,0.44,-0.17127616703510284,0.5363048911094666,1.3537412881851196,1001.9136962890625
251378,100,0.55,0.05805082619190216,0.5162415504455566,15.420589447021484,1312.1629638671875
251379,100,0.47,4.47339189122431e-05,0.44522395730018616,5.119175910949707,1056.1707763671875
251380,64,0.453125,0.03565910831093788,0.49677973985671997,6.535897254943848,724.7630004882812
251381,100,0.46,-0.24991841614246368,0.48401352763175964,1.06704843044281,930.9396362304688
251382,100,0.52,0.011830998584628105,0.5070616006851196,6.2032341957092285,243.48196411132812
251383,36,0.6388888888888888,0.12302223592996597,0.6086222529411316,7.454432487487793,1863.4517822265625
251384,100,0.52,-0.01682131178677082,0.49563542008399963,3.371760368347168,471.3192138671875
251385,100,0.49,-0.011355173774063587,0.508273720741272,8.322575569152832,1128.219482421875
251386,100,0.47,-0.011282563209533691,0.4783935248851776,7.037486553192139,1500.340576171875
251387,70,0.5,0.13723117113113403,0.5785476565361023,12.941242218017578,1517.0391845703125
251388,100,0.5,-0.0760040432214737,0.5702099800109863,6.4716997146606445,761.1508178710938
251389,100,0.52,0.002729607978835702,0.5135889053344727,3.711441993713379,1085.26220703125
251390,100,0.49,-0.026751786470413208,0.6052486896514893,8.78302001953125,1067.64306640625
251391,2,1.0,-0.02349969744682312,,1.1692094802856445,604.370361328125
251392,100,0.51,-0.0421813502907753,0.5312989950180054,6.002536296844482,1000.2030029296875
251393,100,0.47,-0.025648711249232292,0.585807740688324,6.002122402191162,1101.3822021484375
251394,100,0.57,-0.14102794229984283,0.4635099768638611,2.739694833755493,1366.9068603515625
251395,52,0.4423076923076923,0.10646407306194305,0.38697919249534607,8.465120315551758,1140.4276123046875
251396,74,0.3783783783783784,0.22456462681293488,0.5378722548484802,11.79828929901123,1252.6494140625
251397,100,0.47,-0.08178183436393738,0.556719183921814,3.7958602905273438,341.2712097167969
251398,100,0.55,-0.03999415785074234,0.5152076482772827,4.322319507598877,1007.4042358398438
251399,100,0.38,-0.06483672559261322,0.5196593403816223,5.757229328155518,362.6944274902344
251400,50,0.4,0.021732261404395103,0.5436611175537109,2.8253588676452637,986.0394897460938
251401,100,0.51,0.022698216140270233,0.5768844485282898,9.802457809448242,133.7591094970703
251402,100,0.48,-0.10108844190835953,0.49393635988235474,2.4929420948028564,952.1705322265625
251403,16,0.5,0.04032415151596069,0.6138615012168884,3.3042449951171875,526.1217651367188
251404,100,0.52,0.027830231934785843,0.4922744035720825,8.806212425231934,291.38134765625
251405,100,0.47,0.01796071045100689,0.5117011666297913,5.120112895965576,1379.558837890625
251406,100,0.51,0.11624804884195328,0.5374041199684143,10.927200317382812,906.8431396484375
251407,100,0.47,0.0784001499414444,0.4934709370136261,11.98840618133545,211.42623901367188
251408,100,0.54,-0.04832978919148445,0.5151554942131042,9.90463924407959,1419.068359375
251409,100,0.37,0.053155530244112015,0.48835188150405884,17.147937774658203,720.6901245117188
251410,100,0.48,0.10173717886209488,0.49658533930778503,10.265027046203613,1334.6707763671875
251411,48,0.5208333333333334,0.2960870563983917,0.4704486131668091,18.847389221191406,1138.6043701171875
251412,100,0.44,0.016326941549777985,0.5698419213294983,7.210174083709717,956.6785278320312
251413,100,0.38,-0.08523553609848022,0.5158317685127258,2.35213565826416,1256.1956787109375
251414,100,0.51,-0.08680735528469086,0.51854407787323,5.143538475036621,1541.083740234375
251415,100,0.52,-0.0813279002904892,0.49107542634010315,3.80861759185791,968.0703125
251416,100,0.42,0.17109009623527527,0.5530917048454285,18.616741180419922,1002.7086791992188
251417,100,0.61,0.09798944741487503,0.5426573753356934,9.424297332763672,393.6362609863281
251418,43,0.5116279069767442,-0.07533128559589386,0.46856221556663513,2.6385767459869385,762.6244506835938
251419,100,0.49,-0.1577204018831253,0.5190438032150269,2.5833775997161865,357.9564208984375
251420,100,0.5,-0.014738695695996284,0.5702877044677734,6.314721584320068,1653.5968017578125
251421,100,0.42,-0.24544093012809753,0.47386759519577026,3.5495777130126953,1002.7767333984375
251422,100,0.53,0.0077898879535496235,0.48192617297172546,10.385783195495605,527.887451171875
251423,100,0.43,-0.020204367116093636,0.48586317896842957,9.309326171875,1133.78955078125
251424,100,0.48,-0.041780587285757065,0.5406238436698914,5.459294319152832,679.9769897460938
251425,87,0.4942528735632184,0.07521636039018631,0.4678179919719696,7.036709785461426,748.4039916992188
251426,100,0.48,-0.10639884322881699,0.5526271462440491,3.221698522567749,1432.7669677734375
251427,25,0.52,0.1664849817752838,0.453664630651474,4.971667766571045,1585.305908203125
251428,100,0.47,0.032913509756326675,0.5369734764099121,3.107105016708374,320.06982421875
251429,100,0.54,-0.0029225775506347418,0.5263996720314026,6.4291887283325195,1008.1282958984375
251430,100,0.43,-0.1674155443906784,0.5718388557434082,2.4945483207702637,1514.8546142578125
251431,100,0.44,0.02116587571799755,0.44134092330932617,10.114213943481445,797.8110961914062
251432,81,0.5308641975308642,-0.08738117665052414,0.4460621476173401,2.563565492630005,1755.2371826171875
251433,100,0.49,-0.0822441503405571,0.4956110119819641,5.01984167098999,568.2335205078125
251434,100,0.56,-0.09977596998214722,0.522565484046936,1.8270915746688843,571.7713012695312
251435,6,0.6666666666666666,0.30001190304756165,0.6511797904968262,2.6669535636901855,1683.866943359375
251436,57,0.3684210526315789,-0.023834489285945892,0.5157700777053833,4.695399761199951,594.8214721679688
251437,40,0.525,-0.03763095661997795,0.5997348427772522,2.7182557582855225,1126.3780517578125
251438,100,0.48,-0.1124330386519432,0.40455836057662964,2.571613311767578,735.8915405273438
251439,100,0.52,-0.12589584290981293,0.5198794007301331,1.3701385259628296,1224.399169921875
251440,100,0.44,-0.008625909686088562,0.5498540997505188,3.5702998638153076,1114.9046630859375
251441,100,0.51,-0.1372355818748474,0.5296004414558411,2.053621768951416,1275.8619384765625
251442,100,0.43,0.04446353018283844,0.5116411447525024,8.57348918914795,573.0889282226562
251443,91,0.46153846153846156,-0.14654035866260529,0.48242050409317017,2.162386417388916,1069.671142578125
251444,100,0.48,0.040089793503284454,0.5153548717498779,11.106441497802734,1083.158203125
251445,100,0.51,-0.032081298530101776,0.5248774886131287,3.4478201866149902,832.2392578125
251446,100,0.55,-0.04902167618274689,0.5050446391105652,2.964491128921509,1048.661865234375
251447,100,0.51,-0.005130650941282511,0.4600389301776886,7.763129711151123,610.88720703125
251448,100,0.56,-0.031777285039424896,0.530623733997345,3.4178059101104736,870.306396484375
251449,100,0.52,0.018772996962070465,0.5013143420219421,7.910435676574707,561.248779296875
251450,100,0.46,-0.21534356474876404,0.5470263361930847,1.3720518350601196,986.7095947265625
251451,100,0.51,-0.030746670439839363,0.4918350279331207,5.709681034088135,1255.889892578125
251452,100,0.57,-0.0978369265794754,0.5367896556854248,1.7547789812088013,774.527587890625
251453,100,0.46,-0.07048575580120087,0.43610039353370667,1.8919421434402466,1692.5025634765625
251454,48,0.5,0.17261670529842377,0.5792186856269836,7.828487396240234,736.5430297851562
251455,11,0.45454545454545453,0.3672981858253479,0.47606369853019714,5.473358631134033,897.4534301757812
251456,100,0.5,-0.062171317636966705,0.5331417918205261,4.522902488708496,863.9559936523438
251457,100,0.4,-0.16931025683879852,0.5621122717857361,1.600134253501892,987.8319091796875
251458,37,0.6486486486486487,0.2244114726781845,0.53458571434021,10.4636812210083,547.573974609375
251459,100,0.56,-0.04490608721971512,0.503322184085846,4.124290943145752,1528.4019775390625
251460,100,0.39,-0.08565104007720947,0.5726274251937866,2.2628140449523926,199.6962127685547
251461,100,0.48,-0.10134605318307877,0.46246808767318726,2.6505329608917236,710.343994140625
251462,40,0.55,0.07982004433870316,0.5098168849945068,7.520359516143799,1717.3035888671875
251463,100,0.55,-0.0337081253528595,0.5048858523368835,3.088474988937378,2178.092529296875
251464,100,0.46,-0.0312457624822855,0.5484519004821777,2.6758525371551514,1104.6832275390625
251465,28,0.7142857142857143,0.23334212601184845,0.53470778465271,8.926300048828125,1753.054443359375
251466,29,0.6206896551724138,-0.08279835432767868,0.543330192565918,1.0254528522491455,1535.8583984375
251467,100,0.43,-0.05369085446000099,0.4819730520248413,2.810614585876465,702.0880737304688
251468,100,0.46,-0.06484566628932953,0.5458709001541138,5.4578094482421875,453.34967041015625
251469,100,0.56,-0.08436094224452972,0.5004815459251404,3.997913360595703,655.7109985351562
251470,100,0.44,-0.07942379266023636,0.5384079217910767,4.271588325500488,1922.431396484375
251471,100,0.47,-0.0928262248635292,0.4476024806499481,2.4960105419158936,523.8236694335938
251472,100,0.52,-0.07722155749797821,0.547931969165802,6.134734153747559,1726.239501953125
251473,100,0.51,-0.03482171893119812,0.5278409123420715,3.356621503829956,1483.823486328125
251474,100,0.42,0.0016045428346842527,0.5546005964279175,9.465882301330566,880.6138305664062
251475,100,0.49,-0.024066930636763573,0.49221333861351013,8.004219055175781,1014.3062133789062
251476,32,0.53125,0.15158456563949585,0.4390805959701538,7.009839057922363,1282.1546630859375
251477,60,0.4666666666666667,-0.09886126220226288,0.5516666173934937,1.521838665008545,1452.693359375
251478,100,0.56,0.14893892407417297,0.5150735378265381,16.049209594726562,1110.815185546875
251479,100,0.5,-0.05490272864699364,0.596118152141571,5.13489294052124,874.2855224609375
251480,100,0.49,-0.22825630009174347,0.5214126706123352,0.9697187542915344,353.19097900390625
251481,100,0.5,-0.127337247133255,0.5198327302932739,2.160074472427368,466.34039306640625
251482,100,0.51,-0.14969108998775482,0.5699925422668457,3.1113529205322266,1170.303955078125
251483,100,0.36,-0.07560495287179947,0.5262086391448975,2.4635672569274902,473.6453857421875
251484,100,0.53,0.010527416132390499,0.5342200994491577,3.48689866065979,1350.3492431640625
251485,100,0.56,-0.05869695171713829,0.5030356049537659,3.0864081382751465,1201.818603515625
251486,100,0.47,-0.2567146122455597,0.552559494972229,2.215069532394409,1686.432861328125
251487,100,0.61,-0.21422336995601654,0.4916800856590271,2.7774341106414795,928.3125610351562
251488,100,0.52,-0.08421547710895538,0.5245437026023865,2.553882598876953,1815.5186767578125
251489,100,0.47,-0.06755641102790833,0.5226026177406311,2.248039722442627,1309.472900390625
251490,100,0.42,-0.15110251307487488,0.4632980525493622,1.2183793783187866,941.8085327148438
251491,100,0.49,-0.16434749960899353,0.5648101568222046,1.3926246166229248,1582.741455078125
251492,88,0.6022727272727273,0.04009992629289627,0.5397264957427979,7.9554901123046875,2254.769775390625
251493,84,0.4642857142857143,0.0215729009360075,0.5020961165428162,3.6642305850982666,941.6210327148438
251494,100,0.39,-0.10065032541751862,0.4625893533229828,2.713921308517456,637.1568603515625
251495,61,0.6065573770491803,-0.19667330384254456,0.34339794516563416,1.6963300704956055,798.30322265625
251496,100,0.46,-0.09620404243469238,0.5692877173423767,2.1419410705566406,1505.7928466796875
251497,100,0.49,-0.19466163218021393,0.5537840723991394,1.7524138689041138,710.0325927734375
251498,100,0.5,-0.2732164263725281,0.606778085231781,1.751340627670288,504.79150390625
251499,100,0.49,-0.006745496764779091,0.47937583923339844,3.795917272567749,1538.2607421875
251500,100,0.51,-0.1168542355298996,0.532845139503479,2.6152963638305664,675.3072509765625
251501,100,0.54,-0.09175638854503632,0.5448339581489563,4.0310187339782715,1860.56884765625
251502,100,0.42,-0.15809091925621033,0.45540115237236023,5.770871639251709,791.0820922851562
251503,100,0.43,-0.0108254449442029,0.5263489484786987,4.034235954284668,442.2156066894531
251504,42,0.5714285714285714,0.08951112627983093,0.49638238549232483,6.484527111053467,1642.47802734375
251505,100,0.58,-0.13685853779315948,0.5409563779830933,2.428607225418091,209.27769470214844
251506,87,0.5517241379310345,-0.08811279386281967,0.5466614365577698,2.8696086406707764,1364.4903564453125
251507,100,0.52,-0.146148219704628,0.4965648651123047,1.5637125968933105,715.680419921875
251508,100,0.49,-0.018375590443611145,0.5083334445953369,2.735691547393799,1410.3106689453125
251509,100,0.48,-0.08297350257635117,0.5393620133399963,6.29303503036499,897.4664306640625
251510,99,0.5555555555555556,-0.2381131649017334,0.4736766517162323,1.7954157590866089,1051.329345703125
251511,100,0.6,-0.06766390055418015,0.43062782287597656,3.4149465560913086,684.9053955078125
251512,100,0.48,-0.0836411714553833,0.5579076409339905,2.396674633026123,1146.601318359375
251513,100,0.47,-0.15714424848556519,0.47288647294044495,1.2534247636795044,862.526611328125
251514,3,0.6666666666666666,0.3147750496864319,0.13071666657924652,0.6480386853218079,327.56573486328125
251515,100,0.52,0.09136954694986343,0.4522947371006012,11.327048301696777,679.3591918945312
251516,100,0.53,-0.25200867652893066,0.47991621494293213,1.7940189838409424,685.5962524414062
251517,100,0.58,0.05555359646677971,0.48433271050453186,10.649323463439941,545.7673950195312
251518,100,0.46,-0.04611791670322418,0.5271946787834167,2.9852190017700195,779.2611083984375
251519,100,0.55,-0.2686014771461487,0.4467451274394989,0.690339207649231,610.5196533203125
251520,100,0.47,-0.19492535293102264,0.5287530422210693,1.8540818691253662,994.72802734375
251521,100,0.53,-0.04666142165660858,0.5042288899421692,2.9907000064849854,1641.0411376953125
251522,100,0.5,-0.04494224861264229,0.5670438408851624,4.705175876617432,1190.15380859375
251523,100,0.42,-0.02713608182966709,0.47535431385040283,5.433635234832764,263.779052734375
251524,100,0.54,-0.08194947987794876,0.5224051475524902,8.894597053527832,943.1495361328125
251525,100,0.46,-0.10195951163768768,0.45475533604621887,3.32133412361145,624.487548828125
251526,22,0.45454545454545453,0.1890089213848114,0.5437296032905579,3.909088373184204,916.216064453125
251527,100,0.55,-0.24594444036483765,0.49994802474975586,0.9698030948638916,560.935302734375
251528,100,0.45,-0.0734843760728836,0.5324310064315796,4.765815258026123,733.289794921875
251529,100,0.46,0.0964742973446846,0.5226740837097168,14.687204360961914,1524.8023681640625
251530,100,0.45,-0.17947323620319366,0.5497666597366333,2.1174564361572266,1107.376220703125
251531,100,0.51,-0.024963248521089554,0.4967271387577057,6.199114799499512,810.7139282226562
251532,100,0.55,-0.07061397284269333,0.46034571528434753,3.5652658939361572,1270.8096923828125
251533,100,0.54,-0.10890854150056839,0.5432230234146118,6.421603679656982,1076.6378173828125
251534,100,0.49,-0.051714781671762466,0.47941866517066956,4.809719085693359,762.8889770507812
251535,100,0.5,-0.2187422513961792,0.5801277160644531,1.8624536991119385,1302.296630859375
251536,100,0.38,-0.05436886474490166,0.5479835271835327,2.6723201274871826,753.1417236328125
251537,100,0.58,-0.07389699667692184,0.6086329221725464,6.371036529541016,318.2168273925781
251538,100,0.41,-0.06786740571260452,0.5634267926216125,2.9970972537994385,555.2124633789062
251539,100,0.52,-0.09155520796775818,0.4877227246761322,2.1425952911376953,508.4577941894531
251540,100,0.46,-0.0911257192492485,0.5156343579292297,2.6115641593933105,1490.6011962890625
251541,100,0.42,0.06285648792982101,0.5558440685272217,15.802823066711426,1133.2286376953125
251542,100,0.41,-0.18284830451011658,0.456781268119812,0.8958824276924133,1212.3209228515625
251543,100,0.57,0.016616463661193848,0.4673042595386505,6.907555103302002,423.9031066894531
251544,53,0.5094339622641509,0.15601252019405365,0.4619305431842804,8.936323165893555,577.6473999023438
251545,100,0.45,-0.20741136372089386,0.4745900332927704,2.769209146499634,336.8994445800781
251546,100,0.48,-0.1738520860671997,0.5710548162460327,4.882164001464844,1023.976318359375
251547,100,0.47,-0.10504747182130814,0.5234909653663635,3.2992801666259766,268.5953063964844
251548,100,0.52,-0.019257890060544014,0.4596899449825287,7.987163066864014,715.044189453125
251549,100,0.55,-0.08554315567016602,0.5731426477432251,8.232293128967285,639.964111328125
251550,100,0.54,-0.12598207592964172,0.4973902106285095,2.5836181640625,1024.3714599609375
251551,100,0.48,-0.07144172489643097,0.5293638110160828,2.610476016998291,585.8394165039062
251552,100,0.49,-0.10296698659658432,0.4998680651187897,2.706833839416504,124.592529296875
251553,100,0.44,-0.029687410220503807,0.43116459250450134,3.009456157684326,523.7845458984375
251554,93,0.5698924731182796,0.02586228959262371,0.4984775483608246,8.157187461853027,1339.205810546875
251555,100,0.49,-0.04589246213436127,0.5090567469596863,4.385303497314453,1260.0667724609375
251556,7,0.42857142857142855,0.4295772612094879,0.49529340863227844,3.1300225257873535,569.44482421875
251557,100,0.45,0.04858693480491638,0.5176010727882385,5.1921515464782715,975.2996215820312
251558,100,0.42,-0.06156636402010918,0.4732750654220581,2.2222049236297607,1114.1490478515625
251559,100,0.38,-0.16544796526432037,0.4819099009037018,0.7939639091491699,515.2424926757812
251560,100,0.47,-0.06958635151386261,0.44104453921318054,3.5452797412872314,1086.347900390625
251561,59,0.6101694915254238,0.03201042115688324,0.47272181510925293,7.136332035064697,2201.67529296875
251562,100,0.5,0.11005956679582596,0.481123149394989,14.27833366394043,1575.3504638671875
251563,100,0.4,-0.1869080662727356,0.457753986120224,0.9631240367889404,889.8150024414062
251564,32,0.59375,-0.02843478135764599,0.5602640509605408,2.605079174041748,1571.308837890625
251565,100,0.48,0.01890142261981964,0.49125322699546814,13.389559745788574,1432.8699951171875
