scene,steps,move_share,mean_move_param,mean_abs_turn_param,mean_speed_mps,final_distance_to_active_goal_m
250000,100,0.53,0.04027919843792915,0.42969274520874023,6.152307510375977,1244.2159423828125
250001,100,0.47,-0.05357551947236061,0.5337498784065247,5.471224308013916,692.6467895507812
250002,100,0.51,0.07460442185401917,0.4639407992362976,9.43056869506836,718.9498901367188
250003,100,0.54,-0.008171259425580502,0.5664297342300415,4.6874308586120605,1340.1427001953125
250004,47,0.3829787234042553,0.17746202647686005,0.3689597547054291,5.671848297119141,748.0424194335938
250005,100,0.5,0.04701671004295349,0.5062723755836487,6.439981460571289,1244.0728759765625
250006,87,0.5517241379310345,-0.027805641293525696,0.5355512499809265,4.34291410446167,1267.796875
250007,66,0.48484848484848486,0.2710704207420349,0.44920942187309265,18.20598030090332,1997.406005859375
250008,30,0.5,0.018033893778920174,0.42225542664527893,3.4953525066375732,1898.2303466796875
250009,100,0.6,0.02523076720535755,0.4766358733177185,13.381904602050781,748.6372680664062
250010,100,0.55,-0.0003215204633306712,0.4764059782028198,7.6146159172058105,1333.9072265625
250011,100,0.44,-0.020059429109096527,0.48623064160346985,3.6870832443237305,577.4730834960938
250012,78,0.6666666666666666,0.3696439564228058,0.5811392664909363,23.64257049560547,438.9561767578125
250013,100,0.8,-0.04532741755247116,0.46028608083724976,7.982316493988037,526.4498291015625
250014,50,0.88,0.11788547039031982,0.47942328453063965,13.968876838684082,1983.1331787109375
250015,100,0.89,0.00395883759483695,0.5537903904914856,6.383793830871582,1228.975341796875
250016,100,0.94,-0.1622372418642044,0.5436016321182251,1.8695560693740845,475.9765319824219
250017,100,0.88,-0.01389403734356165,0.6777836680412292,10.427434921264648,1390.042236328125
250018,62,0.9193548387096774,0.13464102149009705,0.3614485561847687,18.978395462036133,1569.07080078125
250019,100,0.95,-0.08715105801820755,0.38291677832603455,7.0297627449035645,557.369384765625
250020,8,0.875,0.49237802624702454,0.9138227701187134,4.837944507598877,1828.953369140625
250021,52,0.9038461538461539,0.12852433323860168,0.6593254804611206,20.100482940673828,1461.5196533203125
250022,26,0.8846153846153846,0.16147419810295105,0.8380889296531677,11.626394271850586,1614.3753662109375
250023,100,0.93,0.04634982347488403,0.5183284878730774,10.942987442016602,1764.0406494140625
250024,100,0.92,-0.06776570528745651,0.4663867950439453,7.719676494598389,624.0296630859375
250025,31,0.8387096774193549,0.297640860080719,0.7405861616134644,19.154712677001953,1471.5194091796875
250026,100,0.96,-0.03241133317351341,0.5365216732025146,8.575557708740234,1038.670654296875
250027,10,0.8,0.5565040111541748,0.8005424737930298,9.019895553588867,1287.956298828125
250028,82,0.9024390243902439,0.1574615091085434,0.5429118871688843,25.07876205444336,1275.8634033203125
250029,100,0.95,-0.13622210919857025,0.45564380288124084,4.856072425842285,1648.594970703125
250030,100,0.94,-0.09026483446359634,0.5536898970603943,4.771503448486328,1549.957763671875
250031,100,0.94,-0.001676818123087287,0.5896667838096619,13.722604751586914,699.9089965820312
250032,12,0.5833333333333334,0.28479519486427307,0.6972148418426514,3.317042589187622,2010.0850830078125
250033,59,0.8813559322033898,0.05359094962477684,0.5346987843513489,7.55028772354126,1204.582275390625
250034,100,0.95,-0.03094315342605114,0.7694188952445984,10.440948486328125,1778.01171875
250035,65,0.8923076923076924,0.16683940589427948,0.5688060522079468,30.212276458740234,917.6618041992188
250036,100,0.92,-0.12082253396511078,0.4628189504146576,5.595701217651367,1142.210205078125
250037,53,0.9811320754716981,0.058953993022441864,0.7758151888847351,18.506078720092773,262.0902404785156
250038,8,0.875,0.6285098791122437,0.3983140289783478,8.782563209533691,1077.2896728515625
250039,100,0.93,-0.0075271944515407085,0.6640626788139343,9.608306884765625,1646.3553466796875
250040,7,0.7142857142857143,0.6785480380058289,0.7587532997131348,7.070243835449219,1029.4300537109375
250041,51,0.9215686274509803,0.08341972529888153,0.34626391530036926,26.767353057861328,294.5536193847656
250042,100,0.97,-0.013364179991185665,0.7192918658256531,8.723204612731934,1375.6802978515625
250043,11,0.8181818181818182,0.8276147842407227,0.6842178702354431,13.336739540100098,1616.7855224609375
250044,39,0.8974358974358975,0.23797695338726044,0.5273634195327759,23.18623161315918,327.747802734375
250045,11,0.8181818181818182,0.7386224269866943,0.45512819290161133,12.503528594970703,914.627197265625
250046,100,0.9,0.08545715361833572,0.6732725501060486,24.06634521484375,383.9308776855469
250047,38,0.868421052631579,0.06124970316886902,0.4012886583805084,13.286761283874512,1171.97412109375
250048,100,0.95,0.018166694790124893,0.632079541683197,10.528360366821289,827.29248046875
250049,15,0.8666666666666667,0.5157229900360107,0.43267226219177246,16.494503021240234,1437.947265625
250050,59,0.8983050847457628,0.134679913520813,0.41382908821105957,23.0009765625,956.99755859375
250051,100,0.92,-0.040950655937194824,0.511022686958313,11.600800514221191,345.18878173828125
250052,100,0.9,0.023578017950057983,0.5310405492782593,15.634500503540039,1487.78857421875
250053,61,0.8852459016393442,0.11354155838489532,0.4835295081138611,24.795499801635742,1637.866455078125
250054,100,0.93,-0.06819122284650803,0.7153251767158508,6.461212158203125,539.2639770507812
250055,4,0.75,0.7923799157142639,0.8568530082702637,4.658886909484863,1656.028564453125
250056,100,0.97,-0.04259015619754791,0.6208125948905945,16.749130249023438,829.8761596679688
250057,100,0.93,-0.05254736915230751,0.5546697378158569,12.273874282836914,1202.2041015625
250058,88,0.9545454545454546,0.042285237461328506,0.4604148268699646,23.14691925048828,1508.54833984375
250059,100,0.94,0.04603726789355278,0.4415268003940582,16.081592559814453,971.440185546875
250060,100,0.92,0.06688922643661499,0.4841746389865875,17.139047622680664,619.2919311523438
250061,100,0.93,0.015904199331998825,0.5431793928146362,13.98415756225586,956.979736328125
250062,9,0.6666666666666666,0.324401319026947,0.41212567687034607,4.346663475036621,1543.785888671875
250063,100,0.88,0.04764965549111366,0.573692262172699,22.841779708862305,359.0650939941406
250064,100,0.93,-0.049412716180086136,0.45265504717826843,10.18494701385498,261.97357177734375
250065,44,0.8636363636363636,0.17317698895931244,0.5415573716163635,23.66722297668457,634.99609375
250066,100,0.92,0.025060124695301056,0.6536325216293335,18.445669174194336,780.2719116210938
250067,100,0.91,0.006290792021900415,0.538413405418396,18.736183166503906,563.3394165039062
250068,100,0.93,-0.004746949765831232,0.5178707242012024,14.041173934936523,835.1235961914062
250069,100,0.87,-0.08456569164991379,0.7879549264907837,5.235818862915039,849.7843017578125
250070,100,0.91,-0.14109782874584198,0.43824225664138794,6.566894054412842,900.5501098632812
250071,57,0.8596491228070176,0.28006261587142944,0.555279552936554,31.297622680664062,1282.6529541015625
250072,100,0.95,-0.15094397962093353,0.3013537526130676,10.444918632507324,1350.0828857421875
250073,44,0.8409090909090909,0.157634899020195,0.5407466292381287,23.232078552246094,300.0422668457031
250074,100,0.87,0.02399759739637375,0.5354672074317932,12.356049537658691,835.2535400390625
250075,55,0.9272727272727272,0.1363191455602646,0.41601303219795227,25.76198959350586,1888.282470703125
250076,100,0.91,-0.004135370720177889,0.5490291714668274,16.779052734375,1042.06298828125
250077,100,0.82,-0.06431518495082855,0.5584375858306885,5.795087814331055,1178.4884033203125
250078,38,0.8947368421052632,0.005700353533029556,0.5994037389755249,5.4422993659973145,1733.5675048828125
250079,21,0.8095238095238095,0.35786008834838867,0.471858948469162,18.36517333984375,1471.248291015625
250080,100,0.87,-0.0003592776192817837,0.5473313331604004,13.094168663024902,952.3761596679688
250081,51,0.9215686274509803,0.05998380109667778,0.44985637068748474,19.81075668334961,1269.8167724609375
250082,25,0.92,0.17184965312480927,0.7319892644882202,18.201343536376953,1920.8349609375
250083,100,0.88,-0.058089856058359146,0.719702959060669,14.998605728149414,1705.639892578125
250084,29,0.8275862068965517,0.13748963177204132,0.6505588889122009,16.145950317382812,1038.2247314453125
250085,100,0.77,-0.05927782505750656,0.5633346438407898,5.270841598510742,529.0577392578125
250086,63,0.9365079365079365,0.062409207224845886,0.47638747096061707,23.55242156982422,1677.49462890625
250087,100,0.86,-0.012164575047791004,0.5084359049797058,10.23241901397705,1310.0836181640625
250088,100,0.81,0.01257426105439663,0.5959715843200684,20.58880043029785,1755.8792724609375
250089,100,0.87,0.0797211229801178,0.44126251339912415,18.456296920776367,763.2357177734375
250090,70,0.9571428571428572,0.20810334384441376,0.8618990778923035,32.763607025146484,863.9061889648438
250091,15,0.8666666666666667,0.4939972162246704,0.4323643147945404,17.044240951538086,1990.4302978515625
250092,100,0.93,-0.11331214010715485,0.460675984621048,12.913542747497559,2092.91552734375
250093,24,0.875,0.06473616510629654,0.35696038603782654,17.835786819458008,963.0693969726562
250094,100,0.86,0.09088694304227829,0.6322066187858582,20.50101089477539,562.4453125
250095,50,0.9,0.11630193144083023,0.7573424577713013,27.04271697998047,1027.184326171875
250096,100,0.87,0.09943611174821854,0.5825390815734863,24.018098831176758,755.5087890625
250097,100,0.81,-0.01301090233027935,0.5768431425094604,15.363965034484863,921.7452392578125
250098,100,0.86,0.16487568616867065,0.5254722237586975,27.464208602905273,813.1629638671875
250099,100,0.82,0.054208435118198395,0.6557139158248901,16.664241790771484,530.4398193359375
250100,48,0.875,0.3439543545246124,0.682341992855072,29.324525833129883,1728.0882568359375
250101,100,0.92,0.06238409876823425,0.4510687589645386,24.323974609375,967.8466186523438
250102,50,0.92,0.17738771438598633,0.6337084770202637,25.859291076660156,471.96484375
250103,53,0.9056603773584906,0.21363990008831024,0.2514360547065735,28.487911224365234,1079.02685546875
250104,17,0.8823529411764706,0.2181970626115799,0.602476179599762,15.725494384765625,758.3056030273438
250105,100,0.88,0.03872241452336311,0.5947145819664001,22.460668563842773,942.3428344726562
250106,92,0.8804347826086957,0.07543110102415085,0.46921980381011963,25.790464401245117,2120.669677734375
250107,17,0.8235294117647058,0.4535175859928131,0.6279109716415405,16.069290161132812,1758.0379638671875
250108,92,0.8043478260869565,0.10784647613763809,0.6166406869888306,27.43808937072754,1268.5552978515625
250109,46,0.7391304347826086,0.1913510411977768,0.6081684231758118,20.976713180541992,803.6817626953125
250110,37,0.8648648648648649,0.29629582166671753,0.7030273675918579,25.18994903564453,1312.256591796875
250111,100,0.88,0.017969416454434395,0.6447807550430298,21.704599380493164,554.6932373046875
250112,70,0.8714285714285714,0.12347765266895294,0.5073895454406738,17.273155212402344,2066.047119140625
250113,50,0.92,0.23473210632801056,0.6398133039474487,30.510475158691406,709.5991821289062
250114,37,0.8918918918918919,0.24387633800506592,0.376251220703125,26.348037719726562,620.3455810546875
250115,100,0.85,0.06007475033402443,0.6262286305427551,24.2801513671875,1311.306884765625
250116,5,0.6,0.9775738716125488,0.8280954360961914,4.6822004318237305,911.71484375
250117,79,0.8987341772151899,0.12101549655199051,0.47813040018081665,24.2374324798584,530.4019775390625
250118,11,0.9090909090909091,0.5332654118537903,0.1508958637714386,11.189199447631836,1417.7069091796875
250119,52,0.9038461538461539,0.30426767468452454,0.5159394145011902,30.735107421875,895.6578369140625
250120,77,0.8441558441558441,0.09953537583351135,0.5584077835083008,25.441377639770508,1023.2662963867188
250121,71,0.8309859154929577,0.11341844499111176,0.5058130621910095,29.005285263061523,1972.1341552734375
250122,63,0.8412698412698413,0.1332070380449295,0.5623513460159302,25.042978286743164,714.5603637695312
250123,5,0.8,0.9639654159545898,0.18906785547733307,7.788027763366699,1492.5120849609375
250124,32,0.78125,0.19276055693626404,0.5499853491783142,18.696964263916016,1246.2269287109375
250125,65,0.8307692307692308,0.11337564885616302,0.589873194694519,25.21677589416504,1103.3468017578125
250126,100,0.87,0.06617576628923416,0.6355404257774353,22.826444625854492,559.745361328125
250127,100,0.74,0.06780843436717987,0.5676948428153992,21.792009353637695,1837.314453125
250128,100,0.78,0.0805504322052002,0.6316291689872742,18.86267852783203,1422.6099853515625
250129,16,0.875,0.5320322513580322,0.7850967645645142,21.555438995361328,1431.3338623046875
250130,66,0.7878787878787878,0.10694103688001633,0.5626410245895386,15.031797409057617,1460.9090576171875
250131,100,0.77,0.11480896174907684,0.5774481892585754,20.747163772583008,711.58349609375
250132,100,0.87,0.08846074342727661,0.6633705496788025,26.488664627075195,1169.0989990234375
250133,28,0.9285714285714286,0.2075468748807907,0.5217832326889038,23.870344161987305,1538.9786376953125
250134,100,0.78,0.0738159716129303,0.7330438494682312,20.828937530517578,759.1900634765625
250135,100,0.67,0.11905979365110397,0.44500067830085754,18.333398818969727,353.9815979003906
250136,100,0.79,0.0804997906088829,0.5119171142578125,23.1095027923584,822.947998046875
250137,100,0.74,0.14545118808746338,0.5828014612197876,28.0311336517334,1095.329345703125
250138,25,0.72,0.21630991995334625,0.5762515664100647,14.560342788696289,131.18849182128906
250139,54,0.7962962962962963,0.20535263419151306,0.5917026996612549,23.762022018432617,1333.593994140625
250140,58,0.7758620689655172,0.11648155003786087,0.6546818614006042,20.73612403869629,1157.307373046875
250141,100,0.89,0.11330083012580872,0.6228265166282654,27.327224731445312,1127.6634521484375
250142,100,0.83,0.10368789732456207,0.5828602910041809,24.47937774658203,1113.7044677734375
250143,100,0.85,0.09578512609004974,0.44827479124069214,23.275144577026367,531.697509765625
250144,100,0.82,0.03757203742861748,0.5124092698097229,19.958768844604492,1466.5233154296875
250145,79,0.8354430379746836,0.10846907645463943,0.7620646953582764,24.19924545288086,1128.9212646484375
250146,24,0.875,0.37595266103744507,0.47514867782592773,22.64864158630371,1443.1199951171875
250147,77,0.8701298701298701,0.14094962179660797,0.5377323031425476,26.563631057739258,1013.36181640625
250148,95,0.8736842105263158,0.06595660746097565,0.6225163340568542,21.609529495239258,1011.3815307617188
250149,97,0.845360824742268,0.07144170999526978,0.5166539549827576,25.19937515258789,2018.52197265625
250150,100,0.77,0.11600105464458466,0.5717326998710632,20.420106887817383,1137.737548828125
250151,100,0.91,0.1345040500164032,0.6018916964530945,29.016576766967773,1544.6639404296875
250152,7,0.5714285714285714,0.7134930491447449,0.30797386169433594,4.455152988433838,966.2381591796875
250153,57,0.9298245614035088,0.10199073702096939,0.4206029772758484,29.094669342041016,2007.5631103515625
250154,42,0.8095238095238095,0.22536003589630127,0.46756261587142944,15.83544921875,815.216064453125
250155,29,0.8620689655172413,0.15635064244270325,0.6526383757591248,19.799400329589844,566.0005493164062
250156,9,0.7777777777777778,0.5585072636604309,0.2574794888496399,9.573884963989258,1155.2923583984375
250157,98,0.8775510204081632,0.09129609912633896,0.6238201260566711,25.734169006347656,1002.8897705078125
250158,100,0.87,0.12054268270730972,0.7290223836898804,26.66712188720703,872.3598022460938
250159,34,0.9117647058823529,0.28949519991874695,0.6619575619697571,23.64004898071289,1236.7650146484375
250160,33,0.8181818181818182,0.17799490690231323,0.5445419549942017,15.04793643951416,1354.54443359375
250161,100,0.65,0.13218261301517487,0.5606858730316162,19.106321334838867,1004.0345458984375
250162,51,0.9215686274509803,0.18490315973758698,0.4454283118247986,21.859521865844727,449.3633728027344
250163,43,0.9069767441860465,0.2747882306575775,0.5718077421188354,28.022886276245117,933.2077026367188
250164,13,0.9230769230769231,0.6719723343849182,0.5900669693946838,17.626131057739258,1154.9627685546875
250165,84,0.8690476190476191,0.07179319113492966,0.7672662138938904,24.098812103271484,475.0382385253906
250166,82,0.7804878048780488,0.11642228811979294,0.6317757368087769,19.38923454284668,743.7442016601562
250167,59,0.9491525423728814,0.12062140554189682,0.374607652425766,27.14618682861328,1454.5386962890625
250168,21,0.9523809523809523,0.21660096943378448,0.6577444672584534,17.643640518188477,1590.018798828125
250169,100,0.87,0.10146971791982651,0.6210091710090637,25.88315200805664,1003.1908569335938
250170,59,0.864406779661017,0.11818939447402954,0.5688040256500244,25.284345626831055,1412.5196533203125
250171,72,0.9166666666666666,0.09803664684295654,0.5632484555244446,27.228126525878906,875.4916381835938
250172,54,0.9259259259259259,0.19636774063110352,0.6565348505973816,27.000181198120117,731.1472778320312
250173,100,0.92,0.09579899162054062,0.5752989649772644,24.608938217163086,997.758544921875
250174,52,0.9038461538461539,0.1495659053325653,0.7314869165420532,20.924217224121094,795.3934326171875
250175,79,0.9240506329113924,0.06894682347774506,0.25354650616645813,25.527008056640625,2209.17138671875
250176,52,0.9038461538461539,0.1536710411310196,0.5081766843795776,19.07720184326172,90.15139770507812
250177,100,0.79,0.04981694370508194,0.6448308229446411,18.489307403564453,1025.01513671875
250178,100,0.89,0.13308507204055786,0.5211093425750732,24.88373565673828,1588.2889404296875
250179,27,0.8888888888888888,0.28769397735595703,0.6543260216712952,23.74557876586914,327.91326904296875
250180,41,0.9024390243902439,0.3091622591018677,0.860542356967926,27.175203323364258,481.50189208984375
250181,100,0.81,0.10507094115018845,0.5467389225959778,21.896509170532227,1084.484130859375
250182,17,0.9411764705882353,0.46975618600845337,0.20095033943653107,16.92823028564453,727.4060668945312
250183,66,0.9393939393939394,0.15566758811473846,0.5146533250808716,27.08466911315918,1873.841796875
250184,100,0.68,0.10169465839862823,0.6327319145202637,17.272363662719727,922.5838012695312
250185,40,0.925,0.22702379524707794,0.6425149440765381,26.541250228881836,342.02874755859375
250186,100,0.82,0.06187630817294121,0.5641380548477173,21.691190719604492,608.7476806640625
250187,100,0.55,0.03177002817392349,0.5458108186721802,15.215605735778809,825.0421752929688
250188,35,0.8857142857142857,0.2659063935279846,0.6343797445297241,26.59858512878418,592.657958984375
250189,28,0.7857142857142857,0.1762174814939499,0.7451723217964172,12.342971801757812,1370.880126953125
250190,32,0.90625,0.2725227475166321,0.5576662421226501,27.929672241210938,1612.595703125
250191,100,0.69,0.028316237032413483,0.623466432094574,15.024415016174316,943.3696899414062
250192,100,0.51,0.022955337539315224,0.6556062698364258,10.669591903686523,1496.418212890625
250193,68,0.75,0.07421952486038208,0.5783846378326416,20.158838272094727,964.9247436523438
250194,93,0.8602150537634409,0.052095167338848114,0.5470336079597473,19.192232131958008,1000.9808349609375
250195,100,0.79,0.04520269110798836,0.5275715589523315,18.600133895874023,864.372802734375
250196,100,0.64,0.08972562849521637,0.5206135511398315,16.596694946289062,1302.2344970703125
250197,100,0.66,0.024408340454101562,0.5622372627258301,18.712312698364258,1255.3529052734375
250198,35,0.8857142857142857,0.20898675918579102,0.2720993161201477,22.571542739868164,1822.910400390625
250199,86,0.872093023255814,0.05426940321922302,0.6553165912628174,20.976791381835938,308.8438720703125
250200,100,0.61,0.03518903627991676,0.5523927211761475,15.659987449645996,1882.3563232421875
250201,100,0.73,0.04361864551901817,0.6051943898200989,19.889677047729492,1288.2000732421875
250202,85,0.8117647058823529,0.19153158366680145,0.6381033658981323,25.013042449951172,809.7727661132812
250203,25,0.8,0.20297971367835999,0.4614031910896301,10.510275840759277,1367.02783203125
250204,60,0.9666666666666667,0.1416671723127365,0.7471417188644409,24.50490951538086,856.3650512695312
250205,100,0.87,0.09322625398635864,0.5892547369003296,20.119705200195312,603.0957641601562
250206,100,0.88,0.07142060250043869,0.6113165616989136,23.617624282836914,463.38177490234375
250207,100,0.63,0.051295630633831024,0.5768895745277405,17.41775131225586,979.9424438476562
250208,100,0.77,0.08097986876964569,0.6176769137382507,18.10881233215332,389.04998779296875
250209,100,0.75,0.024270448833703995,0.5088320374488831,16.37255859375,445.50128173828125
250210,100,0.89,0.06304413080215454,0.6082829833030701,22.57089614868164,559.6997680664062
250211,17,0.8235294117647058,0.36795714497566223,0.46304264664649963,18.832225799560547,1648.1861572265625
250212,60,0.6666666666666666,0.25714316964149475,0.5984872579574585,15.961624145507812,1180.8824462890625
250213,11,0.8181818181818182,0.8236023187637329,0.5274507403373718,13.3047513961792,834.4140625
250214,100,0.83,0.11573603004217148,0.5767931342124939,20.888267517089844,216.64222717285156
250215,100,0.84,0.047215767204761505,0.5958454608917236,17.26531219482422,1295.86474609375
250216,100,0.77,0.0662023201584816,0.6001933217048645,17.974884033203125,149.132568359375
250217,100,0.58,0.053850602358579636,0.6089564561843872,12.47392463684082,584.0845947265625
250218,50,0.9,0.0955309048295021,0.5810719728469849,20.30780029296875,437.0782775878906
250219,100,0.78,0.04321848228573799,0.42757150530815125,19.085180282592773,345.04888916015625
250220,100,0.67,0.03316086530685425,0.6587318778038025,18.459470748901367,858.3800659179688
250221,90,0.7777777777777778,0.11218888312578201,0.5983395576477051,22.985002517700195,512.1928100585938
250222,100,0.75,0.030764129012823105,0.5232406854629517,17.678224563598633,1320.262939453125
250223,100,0.81,0.07655452191829681,0.6113346219062805,19.791847229003906,574.7936401367188
250224,71,0.8450704225352113,0.13386550545692444,0.7094385623931885,17.895315170288086,1007.2058715820312
250225,100,0.58,0.012692190706729889,0.5868306159973145,13.579851150512695,1141.499755859375
250226,100,0.69,0.030009690672159195,0.6722859144210815,16.67241859436035,641.9832763671875
250227,61,0.639344262295082,0.1792699545621872,0.5407580733299255,13.734132766723633,1477.350830078125
250228,100,0.9,0.09247240424156189,0.6767134070396423,24.409818649291992,355.2722473144531
250229,100,0.8,0.10050724446773529,0.5822370052337646,21.380294799804688,486.81195068359375
250230,11,0.9090909090909091,0.7429657578468323,0.5851848125457764,14.972087860107422,1549.329345703125
250231,10,0.9,0.7812238335609436,0.8106840252876282,15.585424423217773,1017.0055541992188
250232,51,0.8627450980392157,0.11706655472517014,0.6006509065628052,21.236787796020508,1176.0419921875
250233,45,0.9333333333333333,0.13535544276237488,0.2729916572570801,26.741273880004883,1322.370361328125
250234,18,0.6666666666666666,0.4210067093372345,0.541781485080719,12.65001392364502,979.9161376953125
250235,100,0.83,0.05027216672897339,0.5324365496635437,21.2069091796875,1226.4403076171875
250236,100,0.69,0.014968267641961575,0.5806339979171753,15.891888618469238,1026.791015625
250237,100,0.75,0.05403037369251251,0.5838581323623657,21.93896484375,1260.9766845703125
250238,100,0.64,0.05018019303679466,0.5913344621658325,17.229494094848633,781.7362670898438
250239,66,0.8636363636363636,0.1010119765996933,0.5870420932769775,23.215740203857422,1433.4921875
250240,100,0.6,0.031102169305086136,0.5311179161071777,15.764277458190918,994.5253295898438
250241,69,0.9130434782608695,0.10134311765432358,0.6278777122497559,20.307964324951172,801.9531860351562
250242,16,0.75,0.8125868439674377,0.4612446427345276,18.124359130859375,1819.7227783203125
250243,63,0.8095238095238095,0.11447931081056595,0.46341457962989807,18.311044692993164,1000.26513671875
250244,100,0.8,0.060838181525468826,0.6172566413879395,19.35788345336914,1359.5108642578125
250245,100,0.63,0.04441703483462334,0.5519182085990906,14.277680397033691,1075.2891845703125
250246,73,0.547945205479452,0.16997414827346802,0.5614410042762756,12.019119262695312,1690.670654296875
250247,43,0.9767441860465116,0.19442060589790344,0.012242957018315792,25.409000396728516,1640.8583984375
250248,100,0.63,0.039693646132946014,0.49502748250961304,15.437614440917969,438.98150634765625
250249,72,0.6805555555555556,0.13941366970539093,0.6494561433792114,17.1947021484375,605.6686401367188
250250,100,0.89,0.049194589257240295,0.5947363972663879,23.86278533935547,1260.229736328125
250251,100,0.84,0.08112646639347076,0.6154993772506714,18.65512466430664,1492.52001953125
250252,100,0.3,0.12329594790935516,0.5521636605262756,7.978253364562988,534.4480590820312
250253,100,0.87,0.06555299460887909,0.5895175933837891,25.0067138671875,851.2666015625
250254,5,0.4,0.9522313475608826,0.6663594245910645,3.119070053100586,761.2135620117188
250255,50,0.84,0.20443423092365265,0.5049196481704712,21.56631088256836,1746.49462890625
250256,5,0.8,0.5092000365257263,0.4680562913417816,3.3881003856658936,1554.117919921875
250257,100,0.49,0.03330353647470474,0.6013994812965393,14.323639869689941,235.4487762451172
250258,100,0.79,0.12078980356454849,0.6115069389343262,21.13339614868164,1409.2967529296875
250259,100,0.66,0.11867667734622955,0.6320972442626953,16.212505340576172,845.8383178710938
250260,100,0.82,0.028880804777145386,0.6309372782707214,19.336650848388672,894.0859375
250261,100,0.78,0.023633351549506187,0.5875025391578674,19.185461044311523,1147.4990234375
250262,76,0.8947368421052632,0.14319659769535065,0.7094618082046509,22.496091842651367,502.5415344238281
250263,100,0.72,0.034828364849090576,0.6441904902458191,17.73512840270996,1323.7542724609375
250264,100,0.81,0.008661900646984577,0.5661571621894836,17.866430282592773,1318.145263671875
250265,100,0.83,0.03708314150571823,0.6630902886390686,20.665658950805664,211.99844360351562
250266,12,0.8333333333333334,0.46883100271224976,0.542829155921936,10.92690372467041,412.6665954589844
250267,30,0.8333333333333334,0.3274511396884918,0.6725929379463196,18.087329864501953,1474.31494140625
250268,51,0.7450980392156863,0.18506212532520294,0.7131038308143616,19.034393310546875,970.6859130859375
250269,62,0.9193548387096774,0.10549511015415192,0.4532763361930847,25.316553115844727,791.2261352539062
250270,100,0.89,0.09831210225820541,0.5341460704803467,25.51190757751465,450.0303649902344
250271,75,0.8933333333333333,0.16385410726070404,0.7220836281776428,26.627153396606445,1035.8284912109375
250272,39,0.9230769230769231,0.21398407220840454,0.7052770256996155,23.372051239013672,1199.5693359375
250273,66,0.9090909090909091,0.12439348548650742,0.47693488001823425,25.50095558166504,1676.5408935546875
250274,100,0.92,0.09017175436019897,0.6845709085464478,20.697071075439453,459.5792236328125
250275,49,0.7959183673469388,0.11244487762451172,0.5169391632080078,16.881954193115234,1464.6121826171875
250276,100,0.86,0.0392463393509388,0.5640150308609009,24.249120712280273,1137.629150390625
250277,12,0.6666666666666666,0.3563230335712433,0.484762042760849,10.92768383026123,1394.684814453125
250278,59,0.9322033898305084,0.1774318367242813,0.6862465143203735,21.620532989501953,804.9407958984375
250279,100,0.78,0.12833485007286072,0.6294906139373779,21.068376541137695,312.19598388671875
250280,60,0.9166666666666666,0.09492107480764389,0.7787980437278748,19.711809158325195,902.8513793945312
250281,21,0.9047619047619048,0.5893391966819763,0.5998418927192688,23.54354476928711,1319.513671875
250282,100,0.86,0.13908933103084564,0.6562842726707458,23.848594665527344,1259.8876953125
250283,81,0.9135802469135802,0.15446029603481293,0.46971002221107483,26.799219131469727,995.685791015625
250284,58,0.9310344827586207,0.10205525159835815,0.4846137762069702,21.35344123840332,1289.872314453125
250285,85,0.8941176470588236,0.08689654618501663,0.4437355697154999,22.537460327148438,993.3325805664062
250286,44,0.9545454545454546,0.19882631301879883,0.4279431700706482,27.26011848449707,982.4337158203125
250287,26,0.9230769230769231,0.15772776305675507,0.5894327759742737,20.85698699951172,1057.2606201171875
250288,100,0.9,0.14614327251911163,0.5082824230194092,21.896106719970703,1085.7213134765625
250289,93,0.946236559139785,0.06311521679162979,0.5985819101333618,25.861236572265625,1231.9483642578125
250290,35,0.9428571428571428,0.31644952297210693,0.14640381932258606,23.62262535095215,673.3611450195312
250291,93,0.7741935483870968,0.12722712755203247,0.4834616184234619,22.353227615356445,771.2018432617188
250292,84,0.9166666666666666,0.13920028507709503,0.5812754034996033,22.999094009399414,1020.7691040039062
250293,40,0.875,0.22810813784599304,0.6792894005775452,21.375137329101562,498.298828125
250294,80,0.9125,0.12693600356578827,0.6243162155151367,25.74627685546875,1420.2470703125
250295,52,0.75,0.09671518206596375,0.4309196472167969,16.551481246948242,1537.7647705078125
250296,41,0.975609756097561,0.26615920662879944,0.2933795154094696,26.941740036010742,160.6879425048828
250297,100,0.89,0.07202281802892685,0.6491573452949524,22.993854522705078,957.2617797851562
250298,74,0.918918918918919,0.13813284039497375,0.48892977833747864,25.21407127380371,1068.4288330078125
250299,100,0.84,0.09955457597970963,0.5227870941162109,25.354429244995117,1493.394775390625
250300,39,0.717948717948718,0.2840598225593567,0.756609320640564,15.047453880310059,1540.7154541015625
250301,100,0.74,0.1560264378786087,0.6008162498474121,17.230422973632812,613.9222412109375
250302,66,0.9545454545454546,0.09115397930145264,0.499835342168808,25.67245864868164,1248.4488525390625
250303,100,0.74,0.12114083021879196,0.5908839702606201,16.10280990600586,1247.505859375
250304,11,0.7272727272727273,0.9464031457901001,0.642186164855957,12.460516929626465,1314.4720458984375
250305,38,0.9473684210526315,0.34037306904792786,0.8989059925079346,29.56658935546875,1540.989013671875
250306,71,0.8450704225352113,0.14036305248737335,0.5063854455947876,24.021991729736328,1326.27490234375
250307,15,0.8,0.43243470788002014,0.43574774265289307,13.677133560180664,1293.9556884765625
250308,82,0.7926829268292683,0.09030774235725403,0.5631278157234192,17.201555252075195,2021.516357421875
250309,14,0.7142857142857143,0.2325638085603714,0.5909135937690735,10.728005409240723,1540.251708984375
250310,35,0.42857142857142855,0.501940906047821,0.5865416526794434,13.850539207458496,1518.7059326171875
250311,91,0.8021978021978022,0.06174800917506218,0.5002796053886414,22.141510009765625,774.0885009765625
250312,100,0.51,0.1910460740327835,0.5312032699584961,12.65759563446045,273.1205139160156
250313,100,0.91,0.15987882018089294,0.6080451011657715,26.301223754882812,1165.46240234375
250314,88,0.8977272727272727,0.13752223551273346,0.5393288731575012,27.357038497924805,1422.79296875
250315,26,0.8846153846153846,0.13581915199756622,0.8475832939147949,19.910844802856445,1401.3824462890625
250316,20,0.8,0.25265592336654663,0.4231444001197815,17.32363510131836,1085.22998046875
250317,23,0.782608695652174,0.556664764881134,0.4678289294242859,16.72441291809082,1804.9229736328125
250318,100,0.94,0.041230592876672745,0.590221107006073,23.111736297607422,641.050048828125
250319,100,0.82,0.025965115055441856,0.5957235097885132,19.75548553466797,1077.2149658203125
250320,50,0.96,0.24728409945964813,0.6305872201919556,30.081106185913086,688.8094482421875
250321,100,0.92,0.056355081498622894,0.507479190826416,25.529407501220703,1577.5631103515625
250322,35,0.7428571428571429,0.2974715530872345,0.4772164523601532,14.433366775512695,1697.9234619140625
250323,100,0.84,0.165956050157547,0.537541389465332,25.301450729370117,1852.090087890625
250324,100,0.76,0.15364427864551544,0.648554801940918,24.268091201782227,1350.8173828125
250325,30,0.9333333333333333,0.12345973402261734,0.05717509239912033,20.169675827026367,2154.53173828125
250326,100,0.77,0.07577767968177795,0.48835185170173645,22.893508911132812,1214.9598388671875
250327,8,0.625,0.8864459991455078,0.40194573998451233,6.677784442901611,683.1422729492188
250328,100,0.83,0.036241061985492706,0.5809540152549744,19.40929412841797,1228.6610107421875
250329,14,0.7857142857142857,0.1850331872701645,0.3953574597835541,11.740525245666504,856.4094848632812
250330,58,0.8793103448275862,0.18097974359989166,0.5504241585731506,21.759296417236328,1166.0670166015625
250331,100,0.96,0.13333483040332794,0.8688607215881348,26.0054931640625,832.8864135742188
250332,62,0.6129032258064516,0.12737809121608734,0.46582064032554626,14.639975547790527,1884.585205078125
250333,14,0.8571428571428571,0.4656413793563843,0.6168156266212463,13.707771301269531,293.798828125
250334,100,0.73,0.07895299792289734,0.6506500840187073,21.441904067993164,1410.81689453125
250335,34,0.8235294117647058,0.13969065248966217,0.6097705364227295,20.18337631225586,606.8388061523438
250336,38,0.7894736842105263,0.29044073820114136,0.5490446090698242,26.10974884033203,1165.82861328125
250337,36,0.75,0.1421698033809662,0.5361084938049316,15.577163696289062,198.3564453125
250338,77,0.8961038961038961,0.1284123659133911,0.6191940307617188,25.24970054626465,1804.7445068359375
250339,80,0.95,0.17476151883602142,0.5749301314353943,26.000417709350586,1620.741455078125
250340,72,0.75,0.13674922287464142,0.4157044589519501,21.77006721496582,1079.460205078125
250341,100,0.85,0.12000104039907455,0.6547061800956726,22.974199295043945,1334.5556640625
250342,78,0.8846153846153846,0.09142977744340897,0.5773515701293945,25.88740348815918,2240.824951171875
250343,57,0.9122807017543859,0.11643879115581512,0.5467695593833923,24.677658081054688,961.8067626953125
250344,11,0.9090909090909091,0.8055285215377808,0.6032474040985107,17.91842269897461,799.816650390625
250345,100,0.85,0.10012435913085938,0.5384610891342163,23.790769577026367,945.46435546875
250346,100,0.36,0.17512047290802002,0.6592903137207031,6.9516777992248535,535.2155151367188
250347,100,0.84,0.13392598927021027,0.5248687863349915,22.656211853027344,941.2679443359375
250348,100,0.93,0.0733184739947319,0.6102080941200256,21.949840545654297,1625.681396484375
250349,59,0.847457627118644,0.11463125050067902,0.5806005001068115,22.917861938476562,1096.194091796875
250350,100,0.89,0.08657144010066986,0.6207205057144165,25.487932205200195,251.1223602294922
250351,100,0.89,0.1062544584274292,0.6215319633483887,22.4506778717041,1896.251220703125
250352,81,0.9012345679012346,0.1237422451376915,0.7510441541671753,22.05667495727539,1025.3482666015625
250353,76,0.8552631578947368,0.13998036086559296,0.6283056139945984,21.8286075592041,424.8009033203125
250354,23,0.7391304347826086,0.27388787269592285,0.383907288312912,9.958044052124023,884.9111328125
250355,100,0.9,0.11680050194263458,0.5475453734397888,26.366771697998047,1861.6695556640625
250356,58,0.9137931034482759,0.2108292281627655,0.7051981091499329,23.94173812866211,852.7969360351562
250357,8,0.75,0.8415219783782959,0.5429699420928955,9.233461380004883,422.2327575683594
250358,82,0.7682926829268293,0.1432415395975113,0.6561010479927063,19.536714553833008,875.512939453125
250359,42,0.8571428571428571,0.2022753208875656,0.7607009410858154,17.03047752380371,467.44720458984375
250360,100,0.44,0.22972621023654938,0.5999077558517456,13.409261703491211,461.8295593261719
250361,23,0.9565217391304348,0.39535418152809143,0.5369853973388672,24.59463119506836,1634.5113525390625
250362,16,0.75,0.27032992243766785,0.5218170285224915,14.288182258605957,497.2691955566406
250363,100,0.84,0.10767956078052521,0.5379587411880493,24.97287368774414,681.76611328125
250364,24,0.8333333333333334,0.2995818853378296,0.44526341557502747,25.769563674926758,787.1735229492188
250365,81,0.9135802469135802,0.15185938775539398,0.459229975938797,27.44145393371582,1594.382080078125
250366,100,0.94,0.15689969062805176,0.7530483603477478,28.740528106689453,1670.479248046875
250367,70,0.9285714285714286,0.12496763467788696,0.671186089515686,24.332326889038086,1312.484619140625
250368,51,0.6666666666666666,0.2961469888687134,0.580023467540741,19.001752853393555,660.5574951171875
250369,100,0.86,0.01946227252483368,0.5729137063026428,20.42613983154297,981.6737060546875
250370,100,0.73,0.09259947389364243,0.5951586961746216,21.387130737304688,1239.675537109375
250371,11,0.9090909090909091,0.9075466990470886,0.1397365778684616,19.004180908203125,1214.35400390625
250372,14,0.8571428571428571,0.41871699690818787,0.264511376619339,18.09918975830078,1575.8077392578125
250373,48,0.8958333333333334,0.1423671841621399,0.6017014384269714,20.879526138305664,843.652587890625
250374,100,0.9,0.054327383637428284,0.6176817417144775,23.895170211791992,705.9546508789062
250375,19,0.9473684210526315,0.2037266492843628,0.2862129211425781,19.46697425842285,1007.7501831054688
250376,4,0.75,0.9977890849113464,0.6238561272621155,5.988801956176758,965.1187744140625
250377,100,0.88,0.03970900550484657,0.5500301718711853,21.797639846801758,565.4141235351562
250378,53,0.8867924528301887,0.20324136316776276,0.3796030580997467,20.65999984741211,1502.0625
250379,66,0.9545454545454546,0.1832367181777954,0.5032346844673157,26.97433853149414,889.8443603515625
250380,36,0.9166666666666666,0.2692185640335083,0.579026460647583,24.62628173828125,1340.273193359375
250381,49,0.8571428571428571,0.24875986576080322,0.6006918549537659,24.66510581970215,1771.8988037109375
250382,100,0.85,0.10554996132850647,0.684991717338562,23.192493438720703,463.3619689941406
250383,29,0.896551724137931,0.297795832157135,0.6158635020256042,27.4997615814209,815.6622924804688
250384,100,0.69,0.03509676083922386,0.6301845908164978,16.933069229125977,784.5852661132812
250385,51,0.8823529411764706,0.2520725429058075,0.5475367903709412,24.620485305786133,493.99560546875
250386,100,0.89,0.08511311560869217,0.5358771681785583,22.075233459472656,743.8515014648438
250387,100,0.9,0.08802810311317444,0.7439823150634766,25.373065948486328,914.1377563476562
250388,82,0.926829268292683,0.10375390201807022,0.767726719379425,21.29711151123047,1368.084228515625
250389,62,0.9032258064516129,0.1523732841014862,0.32514989376068115,22.84206199645996,1387.5947265625
250390,100,0.78,0.03798089176416397,0.5698977112770081,19.092039108276367,1204.5911865234375
250391,76,0.9605263157894737,0.11673365533351898,0.7414035797119141,26.961389541625977,1047.7861328125
250392,40,0.925,0.22637486457824707,0.4505324065685272,21.08980941772461,1965.3193359375
250393,67,0.8805970149253731,0.19993579387664795,0.6311571598052979,21.44664192199707,1789.3458251953125
250394,100,0.89,0.08914006501436234,0.6488449573516846,24.892202377319336,809.994873046875
250395,63,0.9523809523809523,0.12493719905614853,0.684032142162323,28.843475341796875,1507.6080322265625
250396,53,0.8867924528301887,0.23248252272605896,0.6939776539802551,26.337587356567383,1944.7457275390625
250397,77,0.8831168831168831,0.14655807614326477,0.6222233176231384,25.93781089782715,1421.03271484375
250398,100,0.91,0.08135269582271576,0.5729604363441467,22.343341827392578,954.4038696289062
250399,100,0.91,0.1280425786972046,0.7190048694610596,23.498876571655273,766.3467407226562
250400,100,0.86,0.07378517091274261,0.6831125617027283,21.317949295043945,530.4974975585938
250401,100,0.93,0.14518089592456818,0.6512333750724792,27.008840560913086,1089.1630859375
250402,100,0.89,0.12522219121456146,0.5373085737228394,24.566883087158203,1198.6302490234375
250403,77,0.961038961038961,0.0768137201666832,0.8851831555366516,24.97197723388672,1082.353759765625
250404,18,0.7777777777777778,0.23499992489814758,0.4151463210582733,13.51508617401123,1197.6337890625
250405,35,0.8571428571428571,0.21560707688331604,0.2713877260684967,21.693099975585938,1902.892822265625
250406,42,0.8095238095238095,0.1448160707950592,0.6790317296981812,16.95864486694336,1321.5482177734375
250407,33,0.9090909090909091,0.13157956302165985,0.792522132396698,19.87997055053711,1303.8114013671875
250408,100,0.8,0.16880370676517487,0.4959266185760498,20.48259925842285,940.13623046875
250409,100,0.87,0.04576195031404495,0.6848790645599365,16.80181121826172,1555.703125
250410,11,0.5454545454545454,0.8442935943603516,0.409004271030426,7.069197177886963,1492.39453125
250411,64,0.90625,0.15115058422088623,0.8405778408050537,22.589096069335938,1001.0845947265625
250412,25,0.88,0.4039888381958008,0.7433772683143616,23.089393615722656,548.449951171875
250413,69,0.7246376811594203,0.18468891084194183,0.6020437479019165,17.625228881835938,255.02723693847656
250414,69,0.8985507246376812,0.09582633525133133,0.6595723032951355,26.097139358520508,952.8668212890625
250415,22,0.9545454545454546,0.24749036133289337,0.5303440093994141,19.691560745239258,409.40911865234375
250416,67,0.9104477611940298,0.14294768869876862,0.5688295364379883,23.273645401000977,1432.69384765625
250417,63,0.9365079365079365,0.17811833322048187,0.6047901511192322,23.676671981811523,1621.9439697265625
250418,69,0.782608695652174,0.09850674122571945,0.5020592212677002,20.337255477905273,1034.0048828125
250419,100,0.53,0.16864539682865143,0.6343926191329956,14.24867057800293,360.9709777832031
250420,100,0.86,0.09946053475141525,0.592447817325592,22.5813045501709,1305.8828125
250421,52,0.9230769230769231,0.08560184389352798,0.934133768081665,21.0120849609375,1810.1846923828125
250422,100,0.93,0.13913469016551971,0.6359104514122009,23.918933868408203,1672.7490234375
250423,80,0.9375,0.14614494144916534,0.834185779094696,25.608661651611328,739.3211059570312
250424,51,0.9411764705882353,0.18965955078601837,0.5801348686218262,29.8520450592041,964.2919921875
250425,100,0.83,0.0799643024802208,0.5641979575157166,21.625593185424805,324.9090270996094
250426,100,0.87,0.1266329139471054,0.6650609374046326,27.05203628540039,1534.6842041015625
250427,100,0.87,0.11432570964097977,0.5432584881782532,23.571836471557617,697.8364868164062
250428,26,0.8076923076923077,0.363147109746933,0.6901806592941284,18.176267623901367,959.6895751953125
250429,22,0.7272727272727273,0.27261030673980713,0.5852925181388855,10.81658935546875,1509.1826171875
250430,100,0.91,0.12893320620059967,0.8222830295562744,23.324535369873047,1889.7532958984375
250431,65,0.8769230769230769,0.09206706285476685,0.6333136558532715,24.37882423400879,1944.3524169921875
250432,100,0.87,0.08849184215068817,0.5848872065544128,23.4176025390625,713.1654052734375
250433,85,0.9294117647058824,0.09951604902744293,0.5606246590614319,22.501253128051758,792.1527709960938
250434,100,0.82,0.019489994272589684,0.6998550891876221,17.4781551361084,1161.09130859375
250435,26,0.8846153846153846,0.158723846077919,0.38735464215278625,19.314800262451172,1708.8343505859375
250436,100,0.72,0.08436454087495804,0.640864908695221,19.957849502563477,1466.135986328125
250437,27,0.8888888888888888,0.45417723059654236,0.5800126194953918,26.97725486755371,364.2562255859375
250438,64,0.90625,0.0936523824930191,0.726658284664154,22.66284942626953,1543.9912109375
250439,4,0.25,0.9605283141136169,0.28379055857658386,0.9605282545089722,1462.814453125
250440,40,0.9,0.16600000858306885,0.32867950201034546,19.69675064086914,1356.6734619140625
250441,65,0.9538461538461539,0.1978263407945633,0.7044605612754822,27.078201293945312,1465.976806640625
250442,21,0.8095238095238095,0.358524888753891,0.38703542947769165,16.616737365722656,515.9114990234375
250443,15,0.7333333333333333,0.5258826017379761,0.5428841710090637,10.101181983947754,1016.3572998046875
250444,65,0.9076923076923077,0.11515230685472488,0.6818842887878418,24.582229614257812,920.8972778320312
250445,69,0.7971014492753623,0.16117466986179352,0.6467949748039246,18.02721405029297,1301.859130859375
250446,95,0.9157894736842105,0.09226207435131073,0.6606883406639099,25.614856719970703,264.7806396484375
250447,42,0.9761904761904762,0.21941310167312622,0.8120428919792175,20.972055435180664,1503.106689453125
250448,100,0.74,0.0578906424343586,0.6355327367782593,19.619396209716797,334.2432556152344
250449,100,0.52,0.022785987704992294,0.5464467406272888,13.7387056350708,363.7840881347656
250450,12,0.75,0.8733130097389221,0.6520041823387146,15.33776569366455,1686.5711669921875
250451,64,0.9375,0.12314749509096146,0.5814077258110046,26.16701316833496,1721.8004150390625
250452,52,0.9230769230769231,0.1151244267821312,0.7488851547241211,23.752614974975586,1141.958740234375
250453,100,0.78,0.0721612274646759,0.5225048065185547,20.772136688232422,622.7521362304688
250454,95,0.9263157894736842,0.04192532226443291,0.623612105846405,20.6462459564209,1499.30908203125
250455,100,0.88,0.08243582397699356,0.7842719554901123,22.831193923950195,387.95452880859375
250456,21,0.7619047619047619,0.1870482861995697,0.63202965259552,11.816399574279785,1383.3709716796875
250457,80,0.9625,0.06329802423715591,0.9490677714347839,21.909809112548828,334.4820556640625
250458,70,0.9285714285714286,0.05417393893003464,0.6177758574485779,21.575916290283203,1285.4779052734375
250459,92,0.9456521739130435,0.12985685467720032,0.4811391830444336,23.20049285888672,1394.012451171875
250460,96,0.9166666666666666,0.07300125807523727,0.7064968347549438,25.131418228149414,1808.662109375
250461,36,0.8611111111111112,0.12090222537517548,0.7573578357696533,16.387184143066406,613.4940795898438
250462,90,0.9444444444444444,0.1319279670715332,0.5715974569320679,28.06273078918457,1050.8702392578125
250463,100,0.89,0.089883953332901,0.6429415345191956,22.82146453857422,1204.94580078125
250464,59,0.9830508474576272,0.07944031059741974,0.7771508693695068,24.95778465270996,1760.174560546875
250465,76,0.8947368421052632,0.052483417093753815,0.6307092308998108,21.86533546447754,1713.59912109375
250466,40,0.875,0.1741294264793396,0.7024407982826233,21.23374366760254,713.5480346679688
250467,100,0.9,0.034503187984228134,0.6503985524177551,21.214014053344727,576.3902587890625
250468,29,0.8275862068965517,0.23749303817749023,0.7381603121757507,15.509736061096191,561.8019409179688
250469,100,0.9,0.034620337188243866,0.6012333631515503,19.9962158203125,1180.81787109375
250470,96,0.90625,0.12428269535303116,0.7376607656478882,23.400426864624023,963.151611328125
250471,100,0.87,0.06323442608118057,0.6627520322799683,18.26299476623535,365.58984375
250472,95,0.8947368421052632,0.03765266388654709,0.5469311475753784,22.655696868896484,698.9642333984375
250473,92,0.9565217391304348,0.13889774680137634,0.6516780853271484,24.250242233276367,228.4599151611328
250474,100,0.9,0.026148181408643723,0.6067160367965698,19.713546752929688,497.2143859863281
250475,24,0.8333333333333334,0.400247722864151,0.7320232391357422,15.956969261169434,1654.0330810546875
250476,78,0.9102564102564102,0.11843341588973999,0.700158417224884,26.402950286865234,1803.1129150390625
250477,21,0.9523809523809523,0.3872496485710144,0.17915236949920654,18.6916561126709,703.2848510742188
250478,26,0.8076923076923077,0.34993815422058105,0.6734628677368164,15.375069618225098,1427.9796142578125
250479,100,0.84,0.09186054766178131,0.5108523964881897,21.954282760620117,480.7552795410156
250480,15,0.9333333333333333,0.6883325576782227,0.1638811081647873,20.372661590576172,1249.134521484375
250481,60,0.9666666666666667,0.02001500129699707,0.4651552438735962,20.842317581176758,902.2202758789062
250482,54,0.8888888888888888,0.043364882469177246,0.29929840564727783,23.16153335571289,1372.81298828125
250483,92,0.6956521739130435,0.06136040389537811,0.5572323799133301,15.668545722961426,1475.08642578125
250484,22,0.9090909090909091,0.192581444978714,0.7021890878677368,18.559967041015625,1876.527099609375
250485,47,0.9574468085106383,0.253325879573822,0.5583730936050415,22.15138816833496,82.10741424560547
250486,52,0.9038461538461539,0.0754118338227272,0.7808706164360046,19.688344955444336,1183.52001953125
250487,65,0.9538461538461539,0.10200545191764832,0.4585876762866974,27.114164352416992,1393.407958984375
250488,87,0.9080459770114943,0.12409987300634384,0.5261448621749878,23.928808212280273,1700.735107421875
250489,75,0.88,0.11299528181552887,0.6564173698425293,24.120014190673828,783.9661865234375
250490,100,0.74,0.05715712904930115,0.6408379673957825,19.262727737426758,1364.4259033203125
250491,23,0.8695652173913043,0.13517913222312927,0.5992987751960754,13.846427917480469,1184.0516357421875
250492,61,0.9508196721311475,0.1839902102947235,0.5843437314033508,26.09096908569336,535.7382202148438
250493,46,0.9347826086956522,0.25108402967453003,0.7342066168785095,25.713306427001953,184.07858276367188
250494,100,0.76,0.006170392502099276,0.5657371282577515,14.713493347167969,304.96209716796875
250495,100,0.78,0.12084908038377762,0.5817921757698059,20.177698135375977,955.0175170898438
250496,55,0.9272727272727272,0.03994026407599449,0.5487194061279297,23.202880859375,370.7533874511719
250497,80,0.9125,0.15760929882526398,0.56227046251297,27.552032470703125,864.1314697265625
250498,98,0.9183673469387755,0.09462431073188782,0.6990616917610168,22.98065757751465,1298.666015625
250499,100,0.86,0.03521189093589783,0.6261614561080933,21.264602661132812,1339.5074462890625
250500,100,0.87,0.1345713883638382,0.4971138536930084,21.12784194946289,635.3019409179688
250501,100,0.83,0.05645637586712837,0.5522183179855347,20.604291915893555,144.516845703125
250502,21,0.9047619047619048,0.3902619183063507,0.5715636014938354,18.796850204467773,1350.3507080078125
250503,93,0.8817204301075269,0.06958571076393127,0.42517396807670593,21.29281997680664,1312.005615234375
250504,36,0.8055555555555556,0.10702312737703323,0.40899986028671265,15.47278881072998,1467.834716796875
250505,71,0.9014084507042254,0.09339040517807007,0.47185200452804565,17.965208053588867,1759.525146484375
250506,100,0.78,0.03903450071811676,0.7525746822357178,20.297914505004883,1497.3028564453125
250507,79,0.8860759493670886,0.13887079060077667,0.5790172815322876,22.570796966552734,1213.463623046875
250508,100,0.96,0.06787141412496567,0.817702054977417,23.376222610473633,1837.0506591796875
250509,48,0.8958333333333334,0.18924491107463837,0.6613993048667908,15.288250923156738,1584.09130859375
250510,95,0.8631578947368421,0.03224808722734451,0.49061667919158936,21.234642028808594,280.6480407714844
250511,89,0.7640449438202247,0.046445753425359726,0.6518375873565674,17.526880264282227,1630.3125
250512,100,0.84,0.09531703591346741,0.6907024383544922,22.486427307128906,1121.3023681640625
250513,89,0.7865168539325843,0.15065619349479675,0.581807553768158,19.99176025390625,964.364501953125
250514,100,0.89,0.03486667200922966,0.6696918606758118,22.838394165039062,1175.96337890625
250515,11,0.8181818181818182,0.8891834616661072,0.550609290599823,15.609429359436035,819.0361328125
250516,66,0.9393939393939394,0.1710636168718338,0.5670480728149414,27.595060348510742,813.7520141601562
250517,72,0.8888888888888888,0.13793614506721497,0.7226423025131226,24.76662826538086,727.7594604492188
250518,100,0.79,0.17022362351417542,0.5866020917892456,20.907020568847656,518.4257202148438
250519,43,0.8604651162790697,0.29268959164619446,0.8006053566932678,18.365095138549805,1305.6705322265625
250520,100,0.93,0.11149527132511139,0.8812036514282227,24.545686721801758,506.101318359375
250521,37,0.8918918918918919,0.12746724486351013,0.6288014650344849,17.75554847717285,1919.886474609375
250522,61,0.9508196721311475,0.04655897617340088,0.5249235033988953,23.37274932861328,1797.1712646484375
250523,25,0.72,0.3540181815624237,0.5524545907974243,10.456582069396973,1245.338623046875
250524,92,0.9347826086956522,0.09389977157115936,0.6224279999732971,25.062227249145508,554.0120239257812
250525,98,0.9081632653061225,0.16001302003860474,0.6770265102386475,23.718318939208984,1171.6640625
250526,100,0.7,0.033912573009729385,0.5310512781143188,16.059711456298828,916.5634765625
250527,47,0.8723404255319149,0.10132702440023422,0.6387033462524414,21.855581283569336,1227.627197265625
250528,64,0.890625,0.17976531386375427,0.6003770232200623,24.540252685546875,1605.5625
250529,17,0.8235294117647058,0.5422127842903137,0.8616530299186707,19.1387882232666,1142.546142578125
250530,100,0.86,0.08085839450359344,0.6316112875938416,20.317712783813477,656.477294921875
250531,100,0.83,0.08744905143976212,0.6474817395210266,19.288820266723633,1577.4171142578125
250532,100,0.97,0.08520986884832382,0.935366690158844,24.079591751098633,845.7361450195312
250533,47,0.8723404255319149,0.15477053821086884,0.5929777026176453,19.710289001464844,1123.7442626953125
250534,75,0.9333333333333333,0.04430815577507019,0.3712373971939087,24.817901611328125,898.1407470703125
250535,55,0.9636363636363636,0.16463716328144073,0.3978608250617981,25.992023468017578,1915.90966796875
250536,16,0.8125,0.4747242331504822,0.33595216274261475,18.55475425720215,1761.21142578125
250537,66,0.9242424242424242,0.11724424362182617,0.7003075480461121,22.838499069213867,1573.932373046875
250538,11,0.9090909090909091,0.292210191488266,0.682565450668335,13.927306175231934,2057.40283203125
250539,100,0.82,0.03117227926850319,0.5145629644393921,19.06293487548828,1216.0614013671875
250540,77,0.8961038961038961,0.16827237606048584,0.6925923824310303,24.332515716552734,1643.641845703125
250541,12,0.6666666666666666,0.4154612421989441,0.6196608543395996,10.050796508789062,1068.9739990234375
250542,100,0.81,0.13641494512557983,0.5962055921554565,20.041980743408203,1009.480224609375
250543,28,0.8571428571428571,0.23548321425914764,0.5894864201545715,14.448301315307617,1448.6380615234375
250544,12,0.9166666666666666,0.22030705213546753,0.7878343462944031,13.97159194946289,1402.025390625
250545,56,0.9285714285714286,0.11923139542341232,0.5822697877883911,22.89332389831543,1522.7320556640625
250546,88,0.8863636363636364,0.08211556077003479,0.45725226402282715,22.24567985534668,397.0150451660156
250547,96,0.9166666666666666,0.11615035682916641,0.5275745987892151,25.17506217956543,552.5267944335938
250548,11,0.8181818181818182,0.8979009985923767,0.6223393678665161,14.722384452819824,1501.8052978515625
250549,100,0.93,0.04662548750638962,0.6130784153938293,23.095727920532227,1007.5256958007812
250550,11,0.8181818181818182,0.7923384308815002,0.872909426689148,14.36238956451416,1125.2955322265625
250551,100,0.65,0.0044057248160243034,0.6403266191482544,14.390334129333496,986.600830078125
250552,32,0.875,0.13539424538612366,0.8119486570358276,19.13935089111328,1318.128173828125
250553,100,0.81,0.09758831560611725,0.6287056803703308,17.19171905517578,469.2803955078125
250554,38,0.868421052631579,0.15354610979557037,0.5048747062683105,17.127840042114258,1650.096923828125
250555,47,0.8297872340425532,0.17967188358306885,0.44981062412261963,19.220815658569336,1747.1768798828125
250556,54,0.8703703703703703,0.165871724486351,0.7377592921257019,16.995723724365234,712.8993530273438
250557,61,0.9180327868852459,0.14714911580085754,0.42684823274612427,22.947540283203125,1743.386474609375
250558,100,0.8,0.03362646326422691,0.6648081541061401,17.775114059448242,1197.471435546875
250559,95,0.8631578947368421,0.08683910965919495,0.6476613283157349,17.93694496154785,1307.9127197265625
250560,41,0.926829268292683,0.26370882987976074,0.6632287502288818,22.129526138305664,1114.759521484375
250561,100,0.81,0.0610782764852047,0.6769995093345642,18.804821014404297,874.458251953125
250562,100,0.74,0.1318560689687729,0.49304792284965515,18.104633331298828,1301.8778076171875
250563,100,0.85,0.038253556936979294,0.4840812385082245,19.476381301879883,2027.3499755859375
250564,100,0.89,0.08603081852197647,0.6745555400848389,23.635143280029297,971.2410888671875
250565,59,0.9152542372881356,0.15936937928199768,0.4268112778663635,20.146522521972656,1391.3638916015625
250566,12,0.6666666666666666,0.7805081009864807,0.6963183283805847,8.667983055114746,1202.667236328125
250567,15,0.9333333333333333,0.5044015645980835,0.3915146589279175,22.944278717041016,1351.274169921875
250568,35,0.8857142857142857,0.27286243438720703,0.592714250087738,22.806167602539062,1425.581298828125
250569,32,0.8125,0.19237583875656128,0.47953128814697266,15.049148559570312,1400.2777099609375
250570,100,0.78,0.06312085688114166,0.6987225413322449,20.11700439453125,443.04718017578125
250571,100,0.91,0.039036739617586136,0.5793920755386353,22.016023635864258,1300.9493408203125
250572,5,0.4,0.9703620076179504,0.676415741443634,2.3495254516601562,1170.99609375
250573,100,0.9,0.0777907446026802,0.5649274587631226,22.461711883544922,756.0570678710938
250574,36,0.8611111111111112,0.18280883133411407,0.6039560437202454,21.382190704345703,314.82550048828125
250575,100,0.85,0.0960029810667038,0.5647040605545044,21.26580047607422,628.58154296875
250576,100,0.9,0.04236924648284912,0.7664285898208618,19.1270694732666,2072.76123046875
250577,100,0.83,0.029001740738749504,0.6650774478912354,17.634456634521484,1299.606201171875
250578,100,0.83,0.11024250835180283,0.4592519700527191,18.924299240112305,351.4269104003906
250579,100,0.8,0.12070859968662262,0.6345454454421997,17.537220001220703,1385.846435546875
250580,100,0.89,0.1440531462430954,0.4473079442977905,24.174697875976562,1451.693603515625
250581,65,0.9230769230769231,0.19105395674705505,0.37833645939826965,26.61903190612793,688.6631469726562
250582,100,0.86,0.13696357607841492,0.5089773535728455,21.807729721069336,299.1968078613281
250583,100,0.78,0.05934249982237816,0.6286893486976624,17.489864349365234,184.25823974609375
250584,100,0.69,0.05651363730430603,0.4791054129600525,16.166410446166992,632.5541381835938
250585,31,0.9032258064516129,0.1401580423116684,0.5271697640419006,16.190298080444336,880.7395629882812
250586,12,0.75,0.7161270976066589,0.5287503600120544,11.91660213470459,956.6204223632812
250587,100,0.89,0.024489138275384903,0.7034935355186462,18.311359405517578,1217.175537109375
250588,100,0.92,0.05838809162378311,0.588965892791748,21.805349349975586,947.6830444335938
250589,100,0.85,0.07171238213777542,0.7894725203514099,21.295194625854492,995.624267578125
250590,74,0.8783783783783784,0.04324398562312126,0.7299318909645081,17.052852630615234,1178.19189453125
250591,22,0.8636363636363636,0.33482298254966736,0.8798324465751648,19.896238327026367,1510.116943359375
250592,100,0.9,0.07742615044116974,0.6325948238372803,25.191089630126953,1153.9852294921875
250593,100,0.91,0.1312868893146515,0.5495891571044922,28.663270950317383,623.8222045898438
250594,46,0.9565217391304348,0.21870063245296478,0.48465174436569214,24.941844940185547,1511.4290771484375
250595,100,0.92,0.040097419172525406,0.628381073474884,22.693592071533203,1140.0146484375
250596,36,0.9166666666666666,0.2227732092142105,0.6192101240158081,20.072528839111328,973.9759521484375
250597,100,0.88,0.060156501829624176,0.5535652041435242,24.314477920532227,571.4573364257812
250598,21,0.9047619047619048,0.27661681175231934,0.308093398809433,13.898959159851074,1837.1611328125
250599,73,0.7534246575342466,0.08030575513839722,0.5728192329406738,13.872344970703125,1948.76904296875
250600,12,0.9166666666666666,0.7512632608413696,0.9997121691703796,19.189226150512695,1665.263916015625
250601,100,0.83,0.07458631694316864,0.5974027514457703,16.332298278808594,902.3016967773438
250602,100,0.81,0.09604113548994064,0.4804028570652008,16.264446258544922,729.916259765625
250603,100,0.78,0.019277453422546387,0.6048139333724976,16.21576499938965,1201.624267578125
250604,26,0.8846153846153846,0.2590428292751312,0.724963366985321,24.67368507385254,1310.3909912109375
250605,100,0.86,0.040604010224342346,0.6911388039588928,19.456575393676758,1349.037841796875
250606,83,0.8554216867469879,0.13411863148212433,0.586272656917572,19.851608276367188,1841.01611328125
250607,24,0.875,0.11002258956432343,0.37147775292396545,20.19858741760254,1587.699951171875
250608,100,0.88,0.15976503491401672,0.6747592091560364,23.785205841064453,252.7456817626953
250609,100,0.84,0.055631086230278015,0.7379454374313354,18.946508407592773,1317.897216796875
250610,100,0.87,0.040799934417009354,0.7459682822227478,20.076047897338867,595.0559692382812
250611,76,0.9473684210526315,0.13531909883022308,0.4283609688282013,26.54906463623047,1577.556640625
250612,100,0.94,0.07820727676153183,0.5494937896728516,25.856285095214844,1176.516357421875
250613,80,0.875,0.08413610607385635,0.7442809343338013,21.1539363861084,604.7698974609375
250614,30,0.9,0.31911560893058777,0.6736788749694824,19.146366119384766,1817.438720703125
250615,64,0.84375,0.12017606198787689,0.5175962448120117,20.796470642089844,1582.342041015625
250616,49,0.9387755102040817,0.1390325129032135,0.6883018612861633,21.038070678710938,740.5805053710938
250617,66,0.9393939393939394,0.06488019973039627,0.571395754814148,21.25389862060547,976.7171630859375
250618,93,0.946236559139785,0.12312860786914825,0.6031615138053894,22.9656925201416,1767.2802734375
250619,21,0.8571428571428571,0.2768591046333313,0.731113612651825,23.81831932067871,722.1064453125
250620,100,0.9,0.0584944449365139,0.37931138277053833,23.153478622436523,1331.8251953125
250621,100,0.85,0.09335336834192276,0.641826331615448,18.574752807617188,382.7898254394531
250622,100,0.82,0.13929083943367004,0.6410917639732361,20.512880325317383,780.1447143554688
250623,27,0.9259259259259259,0.027022847905755043,0.6365469098091125,13.321986198425293,1269.6483154296875
250624,74,0.9459459459459459,0.028406500816345215,0.3263392150402069,20.924118041992188,1621.503173828125
250625,100,0.88,0.06685617566108704,0.5431705713272095,18.739707946777344,814.845703125
250626,20,0.85,0.4619689881801605,0.5741711854934692,13.888705253601074,471.6890563964844
250627,86,0.9302325581395349,0.09023384004831314,0.770879328250885,23.281517028808594,256.2109069824219
250628,100,0.93,0.056563783437013626,0.62781822681427,19.220447540283203,117.80522918701172
250629,100,0.84,0.10273155570030212,0.6947605609893799,20.677268981933594,1379.58154296875
250630,100,0.85,0.06201731041073799,0.6299169063568115,14.372807502746582,1066.049560546875
250631,100,0.86,0.08713164180517197,0.5856119990348816,21.071977615356445,1034.4051513671875
250632,46,0.8913043478260869,0.255625456571579,0.6294552683830261,17.93560218811035,536.1185913085938
250633,46,0.9130434782608695,0.27392077445983887,0.6111801862716675,21.930112838745117,1015.52197265625
250634,100,0.69,0.03092133440077305,0.6066960096359253,14.31457233428955,442.5218200683594
250635,83,0.8072289156626506,0.09470368176698685,0.5064806342124939,16.813636779785156,1288.5634765625
250636,100,0.88,0.08633243292570114,0.5979357957839966,20.852712631225586,432.3734130859375
250637,100,0.95,0.0487137995660305,0.6597066521644592,25.170028686523438,529.5211181640625
250638,64,0.9375,0.09071600437164307,0.795091986656189,19.667356491088867,1297.344970703125
250639,100,0.88,0.10782784968614578,0.598078727722168,25.046735763549805,505.27191162109375
250640,100,0.9,0.10453803837299347,0.5609727501869202,20.714069366455078,1326.71728515625
250641,5,0.4,0.9995702505111694,0.6418001055717468,2.3990912437438965,1166.422119140625
250642,82,0.8902439024390244,0.06110889092087746,0.6034839749336243,17.614540100097656,1992.8226318359375
250643,20,0.85,0.4386066794395447,0.5758331418037415,22.061586380004883,1525.42578125
250644,100,0.91,0.04286833852529526,0.6089838147163391,23.320180892944336,503.6248474121094
250645,37,0.8378378378378378,0.13148458302021027,0.5434977412223816,15.106101989746094,1212.2947998046875
250646,86,0.9418604651162791,0.11668795347213745,0.5572203397750854,19.744874954223633,1840.4517822265625
250647,100,0.88,0.06486235558986664,0.7664065361022949,19.528343200683594,513.3306274414062
250648,100,0.82,0.027933955192565918,0.5431679487228394,14.195440292358398,1473.2811279296875
250649,58,0.9137931034482759,0.10735737532377243,0.5052117109298706,22.640413284301758,1421.6544189453125
250650,100,0.88,0.09120664745569229,0.7717187404632568,20.471284866333008,1209.7109375
250651,100,0.83,0.02338407188653946,0.7753508687019348,22.198549270629883,826.5120239257812
250652,100,0.86,0.08770612627267838,0.6888740658760071,21.585071563720703,877.5670166015625
250653,69,0.927536231884058,0.0748065710067749,0.48096299171447754,24.71148109436035,756.0921630859375
250654,100,0.87,0.012916983105242252,0.6709675192832947,17.288671493530273,1047.080078125
250655,25,0.88,0.30815425515174866,0.3965073525905609,19.805173873901367,1948.369384765625
250656,72,0.9027777777777778,0.06312097609043121,0.48052269220352173,18.87739372253418,658.0587158203125
250657,71,0.9436619718309859,0.11204926669597626,0.48651134967803955,25.417612075805664,1286.0167236328125
250658,16,0.8125,0.3706918954849243,0.9424852728843689,16.90298843383789,706.2626342773438
250659,100,0.9,0.05133802443742752,0.8082882165908813,20.7134952545166,886.2518310546875
250660,100,0.85,0.06475206464529037,0.6264055967330933,21.1415958404541,1147.736083984375
250661,33,0.8787878787878788,0.22043104469776154,0.6516770124435425,25.67336082458496,875.68896484375
250662,100,0.84,0.13480256497859955,0.6000049710273743,19.389606475830078,726.4483642578125
250663,100,0.85,0.03866641968488693,0.581363320350647,19.316511154174805,900.8506469726562
250664,15,0.8,0.7469553351402283,0.5370244383811951,16.392927169799805,671.5694580078125
250665,39,0.9230769230769231,0.1115323007106781,0.7122651934623718,18.455184936523438,414.9832458496094
250666,23,0.9130434782608695,0.41719889640808105,0.6477371454238892,20.23391342163086,1669.0528564453125
250667,100,0.73,0.0859074667096138,0.7458623051643372,14.502063751220703,475.94635009765625
250668,32,0.875,0.28850919008255005,0.3798179030418396,27.117290496826172,1398.291015625
250669,70,0.8857142857142857,0.12767833471298218,0.7533902525901794,14.246211051940918,717.6019287109375
250670,11,0.7272727272727273,0.8543142080307007,0.9638204574584961,11.625472068786621,1104.17431640625
250671,28,0.9285714285714286,0.20258480310440063,0.6567708849906921,26.285877227783203,510.7184753417969
250672,100,0.95,0.10814952105283737,0.8193570375442505,20.60125732421875,995.4247436523438
250673,7,0.5714285714285714,0.7951809763908386,0.466582328081131,4.352425575256348,1986.9915771484375
250674,100,0.86,0.04247636720538139,0.5910772085189819,16.780168533325195,1264.0137939453125
250675,100,0.78,0.07069388031959534,0.6360464692115784,15.1879243850708,631.5001220703125
250676,100,0.75,0.07672160118818283,0.6449705362319946,19.783872604370117,1062.4215087890625
250677,100,0.86,0.06576814502477646,0.5910390019416809,19.622394561767578,725.4140625
250678,100,0.86,0.082632876932621,0.6696016192436218,19.80512046813965,807.13671875
250679,100,0.91,0.06696856766939163,0.5754444599151611,20.220136642456055,374.338623046875
250680,46,0.9782608695652174,0.12532146275043488,0.07404810935258865,22.56447410583496,571.7501220703125
250681,100,0.88,0.10352528095245361,0.7852349281311035,21.484455108642578,522.780029296875
250682,100,0.86,0.06473464518785477,0.7517974972724915,18.481246948242188,1139.54931640625
250683,58,0.8793103448275862,0.13131113350391388,0.4579135775566101,17.916732788085938,339.8450012207031
250684,48,0.8958333333333334,0.1621587723493576,0.7075507044792175,23.590600967407227,1488.1917724609375
250685,75,0.9466666666666667,0.11876650154590607,0.7345036268234253,24.215593338012695,1050.9456787109375
250686,100,0.88,0.09156465530395508,0.5464925169944763,16.831649780273438,1670.528564453125
250687,100,0.84,0.055047228932380676,0.6427406668663025,16.998720169067383,968.0118408203125
250688,100,0.86,0.11888043582439423,0.6748782396316528,20.696514129638672,455.6438293457031
250689,100,0.8,0.0915694460272789,0.6987680792808533,20.502296447753906,763.5399169921875
250690,100,0.84,0.06588137149810791,0.6921216249465942,16.291860580444336,166.2648468017578
250691,100,0.92,0.11590471118688583,0.554367184638977,23.634784698486328,1032.5933837890625
250692,53,0.6792452830188679,0.13740213215351105,0.6814303398132324,14.175310134887695,83.7520523071289
250693,100,0.91,0.03457611799240112,0.7351456880569458,18.521623611450195,854.4342651367188
250694,100,0.81,0.0499318428337574,0.7470452785491943,17.640295028686523,813.931884765625
250695,60,0.9333333333333333,0.07982099801301956,0.6082469820976257,21.73586654663086,2183.9169921875
250696,100,0.91,0.0468127503991127,0.6815563440322876,15.294158935546875,1187.9891357421875
250697,12,0.75,0.7433488368988037,0.5639620423316956,13.224934577941895,1337.6883544921875
250698,18,0.6666666666666666,0.5644611716270447,0.5394729971885681,14.364144325256348,1042.3399658203125
250699,100,0.93,0.017801236361265182,0.7380720376968384,18.111045837402344,875.4724731445312
250700,100,0.91,0.0971783995628357,0.71651291847229,19.252941131591797,1372.410400390625
250701,100,0.94,0.04089270904660225,0.8435711860656738,21.024089813232422,1200.613525390625
250702,43,0.9302325581395349,0.1430937498807907,0.44386959075927734,17.412479400634766,1228.531494140625
250703,100,0.89,0.0885772630572319,0.6535321474075317,18.318222045898438,1189.25634765625
250704,69,0.9420289855072463,0.12130755186080933,0.6693458557128906,19.34988021850586,432.97369384765625
250705,45,0.9555555555555556,0.1998365968465805,0.2760854959487915,18.63067054748535,813.5665893554688
250706,100,0.88,0.07706547528505325,0.5621801018714905,17.928571701049805,1862.4769287109375
250707,100,0.87,0.11250286549329758,0.6406583786010742,21.715898513793945,1123.0323486328125
250708,34,0.8823529411764706,0.17004340887069702,0.5405929684638977,21.4815616607666,1566.4852294921875
250709,100,0.9,0.07731592655181885,0.6845824718475342,20.850664138793945,404.3680114746094
250710,58,0.8448275862068966,0.011278321966528893,0.5693025588989258,17.645183563232422,1280.2615966796875
250711,100,0.93,0.02215231955051422,0.6680890321731567,20.733680725097656,1201.9720458984375
250712,100,0.94,0.07167910784482956,0.45808592438697815,23.38665008544922,1271.100341796875
250713,54,0.8888888888888888,0.11853357404470444,0.7523887157440186,24.96881866455078,601.09619140625
250714,5,0.6,0.9136621356010437,0.5348657369613647,4.526998996734619,1884.3753662109375
250715,85,0.8941176470588236,0.06739888340234756,0.5088071227073669,21.222021102905273,907.531494140625
250716,100,0.87,0.012125524692237377,0.7435993552207947,17.221769332885742,901.5363159179688
250717,100,0.87,0.09591137617826462,0.7252354025840759,24.255735397338867,523.0877075195312
250718,100,0.93,0.10636097192764282,0.8636012077331543,22.75751495361328,667.6531372070312
250719,100,0.85,0.11603575199842453,0.6102345585823059,18.608905792236328,405.8601989746094
250720,5,0.8,0.9964208602905273,0.31281667947769165,7.9715576171875,1778.73291015625
250721,100,0.94,0.05882437154650688,0.7481760382652283,25.412338256835938,770.125244140625
250722,100,0.92,0.10988471657037735,0.730682373046875,22.09970474243164,840.7518920898438
250723,66,0.9242424242424242,0.1128242164850235,0.7182115316390991,19.670982360839844,2080.805908203125
250724,76,0.9342105263157895,0.14146088063716888,0.833609938621521,21.032875061035156,1247.5809326171875
250725,100,0.94,0.09725576639175415,0.7786610126495361,22.500438690185547,641.8316650390625
250726,68,0.8970588235294118,0.17365822196006775,0.5364582538604736,25.971542358398438,261.2486267089844
250727,100,0.9,0.11487925797700882,0.6957876682281494,22.542634963989258,337.70947265625
250728,94,0.9468085106382979,0.07849244028329849,0.5839998126029968,21.334434509277344,1000.05029296875
250729,100,0.87,0.028123781085014343,0.5567339658737183,21.034517288208008,546.3917846679688
250730,100,0.9,0.0867631658911705,0.7313889861106873,21.84341812133789,541.9690551757812
250731,100,0.9,0.12728556990623474,0.7960642576217651,21.475095748901367,915.0855102539062
250732,50,0.88,0.12708865106105804,0.53886479139328,21.435510635375977,935.195068359375
250733,76,0.881578947368421,0.11374209821224213,0.5963242053985596,25.599802017211914,437.3700256347656
250734,100,0.86,0.011785700917243958,0.6162682175636292,19.126073837280273,425.5993347167969
250735,28,0.8214285714285714,0.24809573590755463,0.7604362964630127,15.404990196228027,558.8065185546875
250736,100,0.89,0.08791428804397583,0.5638936161994934,21.85810089111328,827.6491088867188
250737,55,0.9090909090909091,0.11344312876462936,0.5270113945007324,19.961336135864258,1501.2022705078125
250738,100,0.88,0.1030767485499382,0.5378143787384033,18.833293914794922,447.8937683105469
250739,100,0.93,0.07532442361116409,0.8021149635314941,19.8281307220459,451.8125
250740,4,1.0,0.9841276407241821,,9.856971740722656,871.4712524414062
250741,100,0.89,0.06150399520993233,0.7560091614723206,19.71126365661621,447.7558288574219
250742,100,0.81,0.07618653029203415,0.5530508160591125,18.662586212158203,153.9198760986328
250743,28,0.8571428571428571,0.22764688730239868,0.7245979309082031,19.94548225402832,991.7783813476562
250744,100,0.88,0.03978923335671425,0.5682094693183899,18.003459930419922,1031.5115966796875
250745,100,0.84,0.048428285866975784,0.6469380855560303,16.687023162841797,641.03466796875
250746,50,0.86,0.19698600471019745,0.7079640626907349,17.653823852539062,1294.3311767578125
250747,100,0.91,0.037622060626745224,0.7377722859382629,19.204832077026367,875.781982421875
250748,100,0.9,0.07142727822065353,0.7158260345458984,17.71450424194336,889.1541748046875
250749,100,0.83,0.1141672134399414,0.7161606550216675,21.085487365722656,1199.0250244140625
250750,100,0.93,0.03638239577412605,0.7645487785339355,17.75983238220215,1147.435791015625
250751,100,0.89,0.05028031766414642,0.5999231338500977,22.029409408569336,1344.5379638671875
250752,22,1.0,0.2994311451911926,,14.22448444366455,1761.1827392578125
250753,22,0.9545454545454546,0.2440020740032196,0.1678849756717682,16.49933624267578,480.9045104980469
250754,74,0.8783783783783784,0.09030647575855255,0.8173508048057556,21.168758392333984,425.7178039550781
250755,100,0.94,0.07391195744276047,0.7444522380828857,25.5588436126709,475.86016845703125
250756,22,0.9090909090909091,0.39493638277053833,0.6228998899459839,14.728926658630371,1053.1312255859375
250757,100,0.89,0.07565398514270782,0.6515592336654663,20.170166015625,1062.1385498046875
250758,100,0.91,0.017229294404387474,0.7153713703155518,17.409446716308594,879.2437744140625
250759,100,0.94,0.08236957341432571,0.7398447394371033,22.661542892456055,468.3673400878906
250760,100,0.89,0.049003906548023224,0.6733555197715759,18.141143798828125,1157.0347900390625
250761,45,0.9777777777777777,0.1940697729587555,0.16760322451591492,22.04189682006836,1705.611328125
250762,14,0.7142857142857143,0.5715917944908142,0.7237838506698608,10.341909408569336,701.1629028320312
250763,30,0.8666666666666667,0.38719606399536133,0.4084486961364746,28.530555725097656,678.0674438476562
250764,84,0.9761904761904762,0.071346215903759,0.739081084728241,25.580684661865234,1076.77197265625
250765,100,0.87,0.041386108845472336,0.6092175841331482,15.977987289428711,1082.18115234375
250766,100,0.89,0.08270696550607681,0.7357249855995178,21.8077392578125,550.8792724609375
250767,82,0.8292682926829268,0.12727034091949463,0.5326919555664062,15.303730010986328,1595.0294189453125
250768,100,0.78,0.06667087972164154,0.524729311466217,16.442298889160156,949.3837890625
250769,9,0.5555555555555556,0.8328363299369812,0.5732851624488831,5.784536361694336,1582.6201171875
250770,7,0.7142857142857143,0.8458598256111145,0.5553329586982727,8.138970375061035,1164.469970703125
250771,100,0.85,0.07206128537654877,0.7124952077865601,20.344072341918945,731.9951782226562
250772,100,0.84,0.06192054599523544,0.5723062753677368,16.20008087158203,816.9990844726562
250773,100,0.83,0.06314082443714142,0.7798235416412354,17.80231285095215,1043.5887451171875
250774,100,0.84,0.038910143077373505,0.6742765307426453,18.09369468688965,1086.4918212890625
250775,100,0.85,0.008438533172011375,0.6246674656867981,16.840572357177734,533.5778198242188
250776,77,0.974025974025974,0.14157603681087494,0.663215696811676,22.089942932128906,968.0036010742188
250777,19,0.8947368421052632,0.5086511969566345,0.5241310596466064,25.30225944519043,997.6819458007812
250778,45,0.9333333333333333,0.0970420390367508,0.759734570980072,22.699968338012695,295.18157958984375
250779,100,0.86,0.012748423032462597,0.5779514312744141,15.459811210632324,702.5828247070312
250780,8,0.75,0.7987563610076904,0.5082745552062988,8.669414520263672,858.3477172851562
250781,61,0.9180327868852459,0.11735184490680695,0.6114832162857056,22.41309356689453,866.395263671875
250782,61,0.8688524590163934,0.14844702184200287,0.6622216105461121,21.288774490356445,1165.0535888671875
250783,100,0.88,0.11299454420804977,0.6307072043418884,22.87468719482422,528.8824462890625
250784,44,0.9545454545454546,0.2008299082517624,0.19712691009044647,23.901777267456055,471.74072265625
250785,100,0.86,0.03343364968895912,0.6578635573387146,16.665952682495117,735.6185302734375
250786,100,0.95,0.12085077166557312,0.6088646650314331,23.437641143798828,847.6146240234375
250787,89,0.8202247191011236,0.10784906148910522,0.7139558792114258,20.894065856933594,571.831787109375
250788,100,0.93,0.06841941922903061,0.5137354135513306,22.395553588867188,335.8293762207031
250789,12,0.75,0.7841475605964661,0.5931801199913025,14.239102363586426,1357.3597412109375
250790,43,0.9069767441860465,0.24931862950325012,0.6655276417732239,23.84309196472168,1107.8543701171875
250791,100,0.79,0.03934096544981003,0.6456341743469238,19.105266571044922,297.11749267578125
250792,42,0.9285714285714286,0.15287333726882935,0.39900660514831543,22.2808895111084,791.0313110351562
250793,100,0.87,0.07791344821453094,0.6182680726051331,17.68198013305664,692.375
250794,100,0.92,0.06949512660503387,0.7816044092178345,16.056705474853516,788.0840454101562
250795,100,0.66,-0.002956590848043561,0.5705307722091675,12.14272689819336,1462.6298828125
250796,100,0.84,0.06280608475208282,0.6694672703742981,16.793556213378906,399.9479064941406
250797,100,0.8,0.0684037134051323,0.6433208584785461,15.602577209472656,838.2542114257812
250798,100,0.78,0.04659124091267586,0.6854656338691711,14.189547538757324,1158.796142578125
250799,53,0.9433962264150944,0.12824136018753052,0.3667949140071869,22.906980514526367,646.8366088867188
250800,87,0.9080459770114943,0.07775603234767914,0.7798664569854736,22.756284713745117,557.2777709960938
250801,100,0.86,0.05132986232638359,0.615226149559021,17.894954681396484,462.5483703613281
250802,39,0.9230769230769231,0.1758672147989273,0.3851417601108551,17.124452590942383,1296.5047607421875
250803,100,0.91,0.1609274297952652,0.5755360722541809,22.893564224243164,548.0878295898438
250804,100,0.83,0.08758289366960526,0.7019597887992859,15.782967567443848,746.2273559570312
250805,100,0.91,0.050394222140312195,0.6022942066192627,20.954858779907227,618.726806640625
250806,13,0.7692307692307693,0.25010865926742554,0.49582910537719727,10.15561294555664,1383.5379638671875
250807,100,0.89,0.05032215267419815,0.7401552200317383,20.085037231445312,1873.968505859375
250808,19,0.8421052631578947,0.14215286076068878,0.7928361892700195,16.09955596923828,898.2535400390625
250809,100,0.71,0.023245086893439293,0.6727285981178284,14.930129051208496,623.4879760742188
250810,71,0.9014084507042254,0.032337773591279984,0.5998855829238892,21.878826141357422,988.9151611328125
250811,100,0.89,0.07360862195491791,0.7152711749076843,23.232070922851562,458.18731689453125
250812,100,0.9,0.049051180481910706,0.6420994997024536,20.59943389892578,269.1728515625
250813,100,0.91,0.0773124098777771,0.8420957326889038,22.351238250732422,279.65216064453125
250814,100,0.91,0.044180043041706085,0.633390486240387,17.420063018798828,1344.1365966796875
250815,74,0.9459459459459459,0.12098894268274307,0.6166313290596008,25.5252742767334,279.36529541015625
250816,100,0.93,0.006302086170762777,0.5482949018478394,16.465900421142578,844.5874633789062
250817,100,0.89,0.004969089757651091,0.7805871963500977,18.17891502380371,391.8316345214844
250818,100,0.84,0.00880204513669014,0.535558819770813,19.53645896911621,489.5700378417969
250819,94,0.9574468085106383,0.10140785574913025,0.6295236349105835,24.047901153564453,442.9260559082031
250820,19,0.7894736842105263,0.25074535608291626,0.3913193941116333,14.196281433105469,731.652099609375
250821,37,0.972972972972973,0.1925431340932846,0.5058417320251465,22.0098819732666,374.9657287597656
250822,27,0.8888888888888888,0.21645934879779816,0.6198082566261292,20.92406463623047,1096.5780029296875
250823,66,0.9393939393939394,0.10087046027183533,0.7036709785461426,24.558637619018555,1072.6171875
250824,100,0.88,0.049013543874025345,0.40972328186035156,14.338447570800781,401.6653137207031
250825,100,0.85,0.013288967311382294,0.6058073043823242,13.924905776977539,807.1989135742188
250826,38,0.8421052631578947,0.10736590623855591,0.6492790579795837,16.339183807373047,1918.13916015625
250827,100,0.86,0.023990033194422722,0.545579731464386,18.331789016723633,744.261474609375
250828,100,0.9,0.026378724724054337,0.7563719153404236,19.270444869995117,575.9024047851562
250829,59,0.9491525423728814,0.13565494120121002,0.38978561758995056,21.723295211791992,714.8704833984375
250830,100,0.88,0.023410743102431297,0.5781117081642151,17.644872665405273,791.451171875
250831,94,0.8723404255319149,0.09563400596380234,0.7164722084999084,22.039716720581055,75.5946273803711
250832,16,0.8125,0.4895499646663666,0.7822021842002869,16.252262115478516,951.5030517578125
250833,99,0.898989898989899,0.1590936779975891,0.5645017027854919,23.212438583374023,320.60504150390625
250834,100,0.73,0.06329342722892761,0.6657420992851257,15.859282493591309,615.2735595703125
250835,100,0.87,0.09064079821109772,0.6929509043693542,18.060773849487305,654.1281127929688
250836,100,0.89,0.07409302890300751,0.6289981603622437,18.012487411499023,348.5790710449219
250837,100,0.92,0.05423387885093689,0.7313668131828308,13.809462547302246,1699.8570556640625
250838,39,0.8717948717948718,0.2653833031654358,0.6863588094711304,13.793840408325195,911.4691162109375
250839,100,0.85,0.10839158296585083,0.6246921420097351,21.26022720336914,540.0044555664062
250840,100,0.87,0.08663103729486465,0.49913421273231506,22.596967697143555,515.1630859375
250841,100,0.71,0.059320222586393356,0.4613815248012543,13.35870361328125,858.7601318359375
250842,100,0.91,0.06209704279899597,0.657459020614624,17.61566734313965,336.140869140625
250843,100,0.93,0.08331039547920227,0.5905028581619263,17.467796325683594,321.71551513671875
250844,100,0.95,0.024347657337784767,0.6309366822242737,20.03064727783203,586.4755859375
250845,100,0.9,0.11417554318904877,0.7165012955665588,25.62384033203125,453.9638366699219
250846,100,0.92,0.09608014672994614,0.6275622248649597,23.652414321899414,943.5687255859375
250847,100,0.71,0.027809884399175644,0.6039035320281982,13.557016372680664,795.2921752929688
250848,96,0.9479166666666666,0.07133085280656815,0.6632441878318787,20.33526611328125,346.9079284667969
250849,100,0.89,0.03315000981092453,0.564954400062561,18.611291885375977,649.1182250976562
250850,15,0.6666666666666666,0.010981196537613869,0.6281272768974304,6.156378269195557,1501.8668212890625
250851,100,0.88,0.043275702744722366,0.8040604591369629,16.93499183654785,376.92803955078125
250852,54,0.8148148148148148,0.10397651791572571,0.4702177047729492,11.710846900939941,1377.988037109375
250853,100,0.89,0.07185185700654984,0.6267669200897217,21.14422035217285,527.6271362304688
250854,100,0.82,0.06826556473970413,0.571460485458374,12.428458213806152,1563.827392578125
250855,100,0.87,-0.017324533313512802,0.6782048344612122,14.836782455444336,713.2280883789062
250856,55,0.8,0.17336247861385345,0.6483638286590576,12.484330177307129,814.8896484375
250857,100,0.92,0.02188837341964245,0.42627501487731934,20.03864860534668,1585.2828369140625
250858,48,0.8958333333333334,0.11568864434957504,0.42916131019592285,15.4843111038208,753.9039306640625
250859,100,0.91,0.06002316251397133,0.6375390887260437,20.29932975769043,212.978759765625
250860,65,1.0,0.08537984639406204,,21.51202392578125,1161.6201171875
250861,63,0.9206349206349206,0.10641282051801682,0.44063615798950195,18.124746322631836,1096.47216796875
250862,79,0.8734177215189873,0.14526547491550446,0.6302341222763062,21.154088973999023,431.9549255371094
250863,75,0.9333333333333333,0.13430742919445038,0.49391478300094604,23.503528594970703,606.881103515625
250864,5,0.4,0.9882407784461975,0.3836193382740021,2.3795292377471924,1636.83203125
250865,82,0.975609756097561,-0.004354936070740223,0.5238159894943237,13.884977340698242,1129.599853515625
250866,100,0.94,0.02081562951207161,0.8280580639839172,13.238454818725586,1194.296142578125
250867,62,0.9354838709677419,0.1779739409685135,0.6764845252037048,26.592945098876953,926.5440673828125
250868,100,0.84,0.010936629958450794,0.622809112071991,16.827072143554688,710.6443481445312
250869,100,0.86,0.007823174819350243,0.7247061729431152,13.268280982971191,703.8902587890625
250870,100,0.9,0.05657115578651428,0.6490706205368042,21.30916976928711,896.794921875
250871,100,0.91,0.03780831769108772,0.7402861714363098,20.60479164123535,490.1425476074219
250872,100,0.93,0.0678001344203949,0.6421023011207581,19.242504119873047,486.9056091308594
250873,100,0.92,0.10047414153814316,0.7190074920654297,22.264455795288086,688.8499145507812
250874,16,0.875,0.6171234846115112,0.9959588646888733,20.689592361450195,561.875
250875,100,0.9,0.039256226271390915,0.7217919230461121,22.008947372436523,441.6619873046875
250876,100,0.92,0.02731267176568508,0.7484013438224792,19.466026306152344,583.4081420898438
250877,100,0.94,0.05195707455277443,0.8040557503700256,20.598676681518555,450.3271789550781
250878,100,0.88,0.05957160145044327,0.714245080947876,18.218280792236328,751.43798828125
250879,100,0.95,0.03969389945268631,0.5881447792053223,18.236051559448242,1503.999755859375
250880,32,0.6875,0.17696869373321533,0.5817297101020813,11.164958000183105,1771.9195556640625
250881,100,0.89,0.029918109998106956,0.6218342185020447,15.523188591003418,452.2401428222656
250882,100,0.93,0.08571041375398636,0.5925854444503784,23.466381072998047,428.42767333984375
250883,83,0.9397590361445783,0.0748724564909935,0.8027387857437134,22.199195861816406,492.3651123046875
250884,94,0.9148936170212766,0.1140972301363945,0.6370992064476013,24.634321212768555,1030.11962890625
250885,100,0.91,0.058326270431280136,0.6506986021995544,19.994386672973633,641.6063232421875
250886,24,0.7916666666666666,0.3210880756378174,0.602935254573822,14.059539794921875,531.5316162109375
250887,100,0.91,0.019273094832897186,0.5885198712348938,19.797481536865234,447.77972412109375
250888,100,0.88,0.11874557286500931,0.642682671546936,18.484296798706055,236.67262268066406
250889,100,0.96,0.10528252273797989,0.7231090068817139,20.141508102416992,228.26173400878906
250890,27,0.9629629629629629,0.38694852590560913,0.9994169473648071,22.38859748840332,715.6736450195312
250891,93,0.9247311827956989,0.14574097096920013,0.6188960671424866,23.90616798400879,492.32562255859375
250892,41,0.9024390243902439,0.17151674628257751,0.7529767155647278,25.887718200683594,1256.534423828125
250893,100,0.92,0.11016645282506943,0.6213967800140381,20.343236923217773,797.9784545898438
250894,58,0.9655172413793104,0.08157960325479507,0.12731406092643738,21.03876495361328,1457.5999755859375
250895,99,0.9090909090909091,0.07581130415201187,0.5247536301612854,22.228086471557617,966.519775390625
250896,100,0.93,0.09591050446033478,0.5652263760566711,20.372371673583984,355.45538330078125
250897,100,0.9,0.024017689749598503,0.7843014001846313,20.32378387451172,650.5441284179688
250898,100,0.93,0.02273036539554596,0.7794870734214783,16.3769474029541,1090.98681640625
250899,100,0.92,0.0750674232840538,0.794753909111023,22.470895767211914,748.5712890625
250900,100,0.92,0.08274071663618088,0.734901487827301,19.382238388061523,1347.998046875
250901,34,0.7941176470588235,0.3822351396083832,0.8250756859779358,16.854692459106445,946.9652709960938
250902,100,0.79,0.032366249710321426,0.7141119241714478,13.743095397949219,754.1652221679688
250903,42,0.9047619047619048,0.09222842752933502,0.6810280680656433,27.989757537841797,204.09963989257812
250904,44,0.9090909090909091,0.10276981443166733,0.9855033755302429,16.370338439941406,182.8492431640625
250905,48,0.9166666666666666,0.16125430166721344,0.48124316334724426,23.56555938720703,442.6026611328125
250906,100,0.87,0.09716443717479706,0.8506383895874023,17.016014099121094,900.73779296875
250907,100,0.88,0.05451947823166847,0.6053069233894348,18.968103408813477,392.0018310546875
250908,100,0.68,0.05456198751926422,0.618577241897583,13.480134010314941,714.4457397460938
250909,90,0.9111111111111111,0.03463960438966751,0.5636547803878784,18.066585540771484,1343.71435546875
250910,67,0.9104477611940298,0.012630615383386612,0.6304144263267517,19.83526611328125,520.028564453125
250911,18,0.7222222222222222,0.3566773235797882,0.6618526577949524,8.88712215423584,1798.5743408203125
250912,100,0.89,0.06299648433923721,0.5972551703453064,15.254124641418457,211.5205078125
250913,100,0.83,0.013233018107712269,0.655630886554718,16.540359497070312,1024.756591796875
250914,100,0.81,0.05631205439567566,0.6460832357406616,15.867276191711426,717.173828125
250915,100,0.81,0.08567027747631073,0.5508418083190918,14.864340782165527,1013.2982788085938
250916,100,0.85,0.005417123436927795,0.48600485920906067,13.872485160827637,864.8229370117188
250917,15,1.0,0.3417235016822815,,12.001786231994629,303.65899658203125
250918,47,0.9574468085106383,0.1722167432308197,0.7178215980529785,20.749269485473633,506.00494384765625
250919,51,0.8823529411764706,0.04514668136835098,0.5921317338943481,14.57283878326416,613.37353515625
250920,100,0.86,0.025454986840486526,0.6825088262557983,15.686153411865234,644.4754028320312
250921,11,0.5454545454545454,0.926572322845459,0.5843642354011536,8.105010032653809,1062.717041015625
250922,100,0.87,0.0496370755136013,0.6898476481437683,20.908018112182617,286.8619079589844
250923,8,0.875,0.6749220490455627,0.7459505200386047,12.677932739257812,1151.580078125
250924,100,0.87,0.019494840875267982,0.6724711060523987,16.182239532470703,207.66197204589844
250925,45,0.8666666666666667,0.16561830043792725,0.6287336945533752,14.877525329589844,680.9553833007812
250926,100,0.85,0.08138952404260635,0.7391653656959534,22.892776489257812,260.8755187988281
250927,100,0.8,0.028710778802633286,0.6634809970855713,11.505078315734863,488.6004943847656
250928,89,0.9213483146067416,0.023367881774902344,0.7046961188316345,18.39615821838379,431.30462646484375
250929,100,0.92,0.07986633479595184,0.73990797996521,23.893718719482422,1439.135498046875
250930,100,0.78,-0.005457235500216484,0.6218650341033936,13.884090423583984,774.7156982421875
250931,78,0.8974358974358975,0.06720118969678879,0.6100102663040161,23.194637298583984,910.4517211914062
250932,79,0.8987341772151899,0.07168693095445633,0.5571284890174866,20.470497131347656,527.3574829101562
250933,100,0.88,0.04708142206072807,0.5299146771430969,20.894817352294922,324.1263732910156
250934,100,0.85,0.07459738105535507,0.6551101803779602,15.573555946350098,537.8372802734375
250935,96,0.9583333333333334,0.030503200367093086,0.5462884902954102,17.696788787841797,1110.051513671875
250936,100,0.8,0.02439308725297451,0.690919816493988,13.7996187210083,1300.1923828125
250937,100,0.95,0.09900746494531631,0.7111896276473999,22.817665100097656,790.9619750976562
250938,100,0.87,0.064604252576828,0.47633761167526245,17.690452575683594,269.19427490234375
250939,100,0.85,0.08645626157522202,0.6936050653457642,18.009849548339844,369.76043701171875
250940,100,0.82,0.1073613315820694,0.754643976688385,21.49077606201172,343.3522644042969
250941,100,0.87,0.030203739181160927,0.6757476329803467,16.014305114746094,594.4624633789062
250942,35,0.8857142857142857,0.19869664311408997,0.607569694519043,16.98439598083496,702.72021484375
250943,100,0.83,0.09225586801767349,0.5506004691123962,15.735443115234375,501.2936096191406
250944,100,0.91,0.10082539170980453,0.5190072655677795,22.345458984375,716.8939208984375
250945,60,0.9,0.12207359820604324,0.45778247714042664,22.367704391479492,716.2206420898438
250946,100,0.89,0.001849647960625589,0.5872301459312439,20.34140396118164,579.9096069335938
250947,93,0.9354838709677419,0.06238231435418129,0.6434996128082275,17.63081169128418,574.97216796875
250948,100,0.92,0.07519108057022095,0.6444768309593201,19.670345306396484,904.138427734375
250949,100,0.89,0.036465201526880264,0.6133113503456116,17.003398895263672,782.8847045898438
250950,100,0.86,0.04453442618250847,0.7315381169319153,17.524864196777344,496.4226379394531
250951,100,0.62,0.0019861075561493635,0.5814612507820129,11.42414665222168,119.49030303955078
250952,100,0.86,0.049355242401361465,0.49765533208847046,18.295787811279297,952.1820068359375
250953,100,0.65,0.03042435273528099,0.6191261410713196,14.510936737060547,753.759521484375
250954,100,0.93,0.06594327092170715,0.6077759861946106,23.730131149291992,322.8645324707031
250955,12,0.75,0.8632755279541016,0.835399329662323,14.04515552520752,571.9398803710938
250956,100,0.9,0.04295765981078148,0.685488760471344,17.028135299682617,430.5173645019531
250957,33,0.8181818181818182,0.11864080280065536,0.7131855487823486,12.14397144317627,806.2296142578125
250958,70,0.9285714285714286,0.17655815184116364,0.609643280506134,23.902149200439453,298.207763671875
250959,100,0.77,0.051491837948560715,0.6497002243995667,13.494192123413086,608.2999267578125
250960,100,0.9,0.0330812893807888,0.678013026714325,20.482633590698242,548.7191772460938
250961,100,0.82,0.04441950470209122,0.6232476234436035,15.41572380065918,163.77142333984375
250962,100,0.87,0.0081113176420331,0.5845604538917542,20.837923049926758,1054.001220703125
250963,100,0.83,0.05639689043164253,0.5931290984153748,14.85245132446289,125.05648803710938
250964,100,0.94,0.12653300166130066,0.7522915005683899,25.074289321899414,529.442626953125
250965,100,0.76,0.024838730692863464,0.6380330920219421,16.690542221069336,553.7943115234375
250966,100,0.91,0.08196170628070831,0.7686387896537781,18.4577579498291,1243.3482666015625
250967,100,0.9,0.01884309947490692,0.5186782479286194,18.88182258605957,605.3895263671875
250968,64,0.875,0.07866422086954117,0.5356351137161255,20.508617401123047,1176.107177734375
250969,100,0.9,0.04109824076294899,0.6823906302452087,15.331153869628906,296.0389404296875
250970,100,0.87,0.0324111245572567,0.6251162886619568,17.24547004699707,1036.8763427734375
250971,100,0.93,0.060550007969141006,0.6037172675132751,21.60089874267578,1263.902587890625
250972,100,0.75,0.03858884423971176,0.6787822842597961,16.667409896850586,630.2562255859375
250973,100,0.84,-0.039036668837070465,0.6455314755439758,13.7863130569458,655.6038208007812
250974,100,0.86,0.024383727461099625,0.564880907535553,16.249189376831055,837.0929565429688
250975,100,0.87,0.00374429184012115,0.7575697302818298,17.877126693725586,249.3916473388672
250976,47,0.9361702127659575,0.10624239593744278,0.7054665088653564,22.670713424682617,788.74951171875
250977,100,0.87,0.0035801283083856106,0.6940269470214844,17.911361694335938,1065.4925537109375
250978,91,0.8681318681318682,0.04367951676249504,0.6345896124839783,17.247461318969727,911.7046508789062
250979,100,0.87,0.07099137455224991,0.6912088990211487,16.69306182861328,488.671142578125
250980,61,0.9508196721311475,0.09288577735424042,0.9650112986564636,19.256135940551758,690.5349731445312
250981,47,0.9148936170212766,0.1800592839717865,0.5478658080101013,19.992860794067383,1025.6356201171875
250982,100,0.87,0.035216111689805984,0.7685014009475708,17.692848205566406,875.3370971679688
250983,61,0.8852459016393442,0.12376605719327927,0.6581672430038452,19.341203689575195,910.90087890625
250984,100,0.88,0.08034365624189377,0.6386421918869019,19.130746841430664,468.3631286621094
250985,100,0.82,0.04023239389061928,0.6519434452056885,19.743576049804688,440.68359375
250986,81,0.8765432098765432,0.12494771927595139,0.7264256477355957,18.407222747802734,799.5894775390625
250987,100,0.93,0.07937603443861008,0.7523031234741211,24.801942825317383,187.3204803466797
250988,100,0.88,0.09049423784017563,0.634370744228363,15.775557518005371,1064.3358154296875
250989,100,0.8,0.05369582027196884,0.6309748888015747,15.003569602966309,378.8053283691406
250990,100,0.82,0.06944392621517181,0.6103594303131104,13.965798377990723,160.16587829589844
250991,100,0.89,0.07012335956096649,0.6493907570838928,18.02521514892578,407.2109375
250992,100,0.88,0.03364300727844238,0.7549459338188171,18.73332977294922,584.5625610351562
250993,100,0.85,-0.02109021320939064,0.7554500102996826,14.34713363647461,399.53424072265625
250994,100,0.86,0.04511938616633415,0.7538735270500183,16.01831817626953,535.0188598632812
250995,48,0.9166666666666666,0.15814684331417084,0.5387963652610779,20.198774337768555,318.8630676269531
250996,100,0.91,0.03188386186957359,0.8294963836669922,19.919780731201172,493.66461181640625
250997,61,0.9508196721311475,0.12201008200645447,0.598768413066864,21.12346839904785,510.9955139160156
250998,100,0.9,0.017112959176301956,0.6782051920890808,19.04207992553711,553.4265747070312
250999,100,0.87,0.06720531731843948,0.7823273539543152,19.007055282592773,363.5575256347656
251000,13,0.7692307692307693,0.7505891919136047,0.602457582950592,15.140303611755371,684.0371704101562
251001,100,0.92,0.09448859095573425,0.8781185150146484,19.283422470092773,734.4793090820312
251002,100,0.87,0.0297226682305336,0.6254363656044006,20.550064086914062,996.203369140625
251003,100,0.92,0.06119614467024803,0.6714687347412109,17.727270126342773,439.09735107421875
251004,100,0.75,0.07710862159729004,0.5797590017318726,11.266490936279297,320.8470764160156
251005,100,0.94,0.08021637052297592,0.6788894534111023,18.880531311035156,849.9097290039062
251006,100,0.7,0.02136971987783909,0.680462121963501,12.213457107543945,1216.2501220703125
251007,100,0.93,0.17353641986846924,0.8808034658432007,27.02874755859375,478.5368347167969
251008,96,0.9479166666666666,0.04620707780122757,0.7713793516159058,18.417116165161133,439.35235595703125
251009,100,0.87,0.14775672554969788,0.6183038353919983,24.058673858642578,1092.4429931640625
251010,100,0.9,0.041339751332998276,0.7162885665893555,21.54901695251465,355.68072509765625
251011,100,0.91,0.04895690083503723,0.7314991354942322,19.841876983642578,476.8097229003906
251012,82,0.9390243902439024,0.12955506145954132,0.5304039716720581,23.873390197753906,1166.2171630859375
251013,100,0.85,0.06717617809772491,0.5970624685287476,16.870033264160156,733.954345703125
251014,100,0.92,0.04516611248254776,0.5948050618171692,16.859148025512695,428.7926025390625
251015,100,0.76,0.053270239382982254,0.5314403176307678,21.542552947998047,477.9539794921875
251016,100,0.88,0.07682806998491287,0.7564862370491028,17.25320816040039,532.3966064453125
251017,100,0.9,0.09633289277553558,0.5932595133781433,19.388154983520508,1346.5228271484375
251018,100,0.87,0.06470987200737,0.5489780902862549,19.069801330566406,280.6497497558594
251019,100,0.84,0.03284267336130142,0.8930336833000183,15.538555145263672,682.27490234375
251020,99,0.9090909090909091,0.08555310219526291,0.7727189660072327,19.725685119628906,426.2221984863281
251021,15,0.9333333333333333,0.6559911370277405,0.2089501917362213,24.354732513427734,805.9801025390625
251022,100,0.9,0.041010238230228424,0.7126175761222839,15.697361946105957,320.3544616699219
251023,100,0.84,0.047508351504802704,0.6547632813453674,16.899810791015625,901.0737915039062
251024,100,0.88,0.022770393639802933,0.6240844130516052,19.469661712646484,160.9520721435547
251025,100,0.82,0.016196493059396744,0.7664144039154053,20.17266273498535,546.8218383789062
251026,100,0.86,0.02079753763973713,0.6419997811317444,19.009695053100586,605.5094604492188
251027,100,0.9,0.07556712627410889,0.7753215432167053,17.930967330932617,1037.2034912109375
251028,100,0.89,0.11351203173398972,0.7505336403846741,21.366926193237305,317.4033203125
251029,100,0.89,0.07255919277667999,0.800463080406189,20.471221923828125,515.6118774414062
251030,100,0.86,0.026395292952656746,0.5881498456001282,20.102153778076172,234.64346313476562
251031,100,0.93,0.034033261239528656,0.6317668557167053,21.198143005371094,236.04103088378906
251032,89,0.898876404494382,0.07099208235740662,0.7574659585952759,19.624305725097656,757.4954833984375
251033,56,0.8928571428571429,0.18793146312236786,0.6171545386314392,21.50607681274414,481.6328430175781
251034,100,0.91,0.0842190682888031,0.6306208372116089,23.38825035095215,873.5277099609375
251035,100,0.81,0.07881926000118256,0.6312441229820251,20.386207580566406,665.3048095703125
251036,100,0.9,0.0778818130493164,0.870344340801239,19.225496292114258,622.9581909179688
251037,100,0.91,0.0372343435883522,0.7443639636039734,18.727540969848633,537.44287109375
251038,100,0.82,0.04332983121275902,0.6933996081352234,15.498591423034668,859.8783569335938
251039,100,0.89,0.04069489613175392,0.826083779335022,18.98450469970703,612.6973266601562
251040,61,0.9180327868852459,0.1581866294145584,0.7789722084999084,25.746501922607422,983.8031616210938
251041,96,0.875,0.0946088433265686,0.6135863065719604,20.633577346801758,1064.3909912109375
251042,100,0.89,0.0884016901254654,0.568075954914093,16.198261260986328,239.4065704345703
251043,100,0.91,0.1036132425069809,0.7259803414344788,22.465431213378906,837.0167846679688
251044,100,0.86,0.027341684326529503,0.6888707280158997,18.187692642211914,472.3498229980469
251045,100,0.85,0.05694548785686493,0.7185172438621521,16.03953742980957,1318.5535888671875
251046,69,0.9130434782608695,0.08113542199134827,0.6153409481048584,21.75640106201172,391.5376281738281
251047,100,0.88,-0.011412533931434155,0.6144635081291199,13.119515419006348,394.2313537597656
251048,100,0.87,0.10404758155345917,0.581875205039978,20.644102096557617,392.18939208984375
251049,89,0.9213483146067416,0.07540040463209152,0.5377998948097229,23.696863174438477,744.55859375
251050,100,0.66,0.0020078925881534815,0.6691222190856934,9.28006362915039,681.9776000976562
251051,100,0.93,0.0210280604660511,0.573872447013855,19.135866165161133,805.3683471679688
251052,34,0.8529411764705882,0.2673870921134949,0.8793982267379761,19.664884567260742,855.7218017578125
251053,100,0.84,0.0769963189959526,0.692791223526001,18.79938316345215,451.9187316894531
251054,100,0.86,0.062080301344394684,0.6959685683250427,19.113357543945312,591.8191528320312
251055,100,0.91,0.056511569768190384,0.6395242214202881,13.910650253295898,666.2855834960938
251056,100,0.89,0.08427319675683975,0.5861937999725342,17.523460388183594,894.580810546875
251057,100,0.93,0.05524532124400139,0.5107698440551758,17.44316864013672,1502.2474365234375
251058,71,0.9295774647887324,0.10093438625335693,0.6708094477653503,24.751007080078125,1283.878173828125
251059,100,0.89,0.022834263741970062,0.457380473613739,16.014806747436523,529.6083984375
251060,100,0.95,0.05496133491396904,0.8203139305114746,24.29515838623047,189.41163635253906
251061,100,0.91,0.05953091382980347,0.6541684865951538,16.2022647857666,1519.419189453125
251062,100,0.91,0.09047363698482513,0.7092772722244263,22.338512420654297,970.3133544921875
251063,100,0.84,-0.01618875004351139,0.7344812750816345,12.307900428771973,544.9951782226562
251064,100,0.94,0.030761992558836937,0.8004150986671448,23.13774871826172,1019.7078247070312
251065,100,0.88,0.04137552157044411,0.6257598400115967,19.30612564086914,397.9346008300781
251066,100,0.93,0.01047100592404604,0.6567649245262146,19.406261444091797,899.791748046875
251067,100,0.83,0.05244017764925957,0.6979208588600159,15.5189208984375,614.2154541015625
251068,100,0.93,0.018309414386749268,0.6437419652938843,16.886734008789062,558.0311889648438
251069,100,0.79,0.01674814708530903,0.6352168321609497,15.878515243530273,433.7632751464844
251070,100,0.96,0.0674545019865036,0.6527396440505981,24.162609100341797,723.0399780273438
251071,66,0.8939393939393939,0.0862291008234024,0.6381077766418457,20.71368980407715,371.9442443847656
251072,70,0.9285714285714286,0.09509126096963882,0.9573490023612976,23.03152847290039,1425.63623046875
251073,100,0.92,0.058767106384038925,0.8010121583938599,14.442041397094727,1219.001953125
251074,100,0.86,0.03298967704176903,0.5528674125671387,13.558833122253418,1022.4594116210938
251075,100,0.88,0.05283689871430397,0.6244072318077087,17.72941017150879,383.4505920410156
251076,100,0.9,0.04508552700281143,0.7674143314361572,12.1859712600708,730.8134155273438
251077,100,0.89,0.08443907648324966,0.6569127440452576,17.330585479736328,321.8508605957031
251078,100,0.89,0.08430404216051102,0.5955469608306885,20.299640655517578,610.4948120117188
251079,25,0.96,0.47137582302093506,0.32907363772392273,27.422710418701172,840.5299682617188
251080,100,0.89,0.003695976221933961,0.5987531542778015,18.941564559936523,952.9485473632812
251081,80,0.8875,0.07708488404750824,0.595862627029419,20.99911117553711,168.8660888671875
251082,100,0.9,0.034635040909051895,0.683792769908905,18.605554580688477,488.9935302734375
251083,100,0.85,0.026569370180368423,0.5484577417373657,15.60854721069336,547.1175537109375
251084,100,0.9,0.026630399748682976,0.6966491937637329,16.996030807495117,215.35940551757812
251085,100,0.9,0.1022089347243309,0.8267875909805298,24.9246826171875,159.7423095703125
251086,40,0.85,0.1314927488565445,0.6098847985267639,13.86578369140625,488.1468505859375
251087,80,0.95,0.09764358401298523,0.8162834644317627,24.62750244140625,224.86843872070312
251088,100,0.89,0.03534512221813202,0.5807702541351318,19.690305709838867,136.93582153320312
251089,100,0.83,-0.015156704001128674,0.7347531318664551,11.64964485168457,611.4191284179688
251090,100,0.9,0.07709749788045883,0.561177134513855,18.901784896850586,1196.4993896484375
251091,68,0.9264705882352942,0.08264685422182083,0.5929157733917236,18.16075325012207,185.62632751464844
251092,100,0.87,0.10904335975646973,0.6563734412193298,21.56301498413086,120.93292999267578
251093,100,0.87,0.0868099182844162,0.5271295309066772,20.60976791381836,1068.17041015625
251094,100,0.89,0.042563777416944504,0.5552334189414978,16.426067352294922,734.7553100585938
251095,100,0.85,0.04078560322523117,0.674713134765625,13.835834503173828,222.648193359375
251096,100,0.9,0.046211306005716324,0.7412850856781006,16.366466522216797,653.8955078125
251097,100,0.87,0.07459422200918198,0.6871349811553955,19.089025497436523,502.9488830566406
251098,100,0.9,0.09469454735517502,0.6112522482872009,21.317222595214844,824.361083984375
251099,49,0.9591836734693877,0.11458348482847214,0.6890591979026794,22.119338989257812,393.1328125
251100,100,0.87,0.035833362489938736,0.7401654124259949,15.515053749084473,737.846923828125
251101,97,0.9072164948453608,0.08755199611186981,0.6561446189880371,19.52919578552246,641.34423828125
251102,7,1.0,0.46043887734413147,,7.632218360900879,1069.0870361328125
251103,28,0.8928571428571429,0.1439102292060852,0.5758664608001709,13.137133598327637,222.79751586914062
251104,100,0.9,0.020086513832211494,0.7395540475845337,20.16738510131836,597.7590942382812
251105,100,0.78,-0.0027727133128792048,0.6406788229942322,14.647497177124023,332.0981140136719
251106,100,0.93,0.10418110340833664,0.750663697719574,25.964426040649414,570.0747680664062
251107,100,0.9,0.03427471965551376,0.5734326243400574,18.892200469970703,640.9722290039062
251108,100,0.92,0.0945882499217987,0.8675010204315186,22.852428436279297,1418.228515625
251109,97,0.845360824742268,0.06240957975387573,0.5307484269142151,14.885794639587402,401.7821044921875
251110,41,0.975609756097561,0.25234559178352356,0.3899482786655426,29.231653213500977,486.67755126953125
251111,67,0.8805970149253731,0.06577692180871964,0.7333658337593079,20.659238815307617,566.8684692382812
251112,49,0.9183673469387755,0.15033966302871704,0.6939048767089844,24.887800216674805,402.47265625
251113,100,0.91,0.006445617415010929,0.6030937433242798,18.359004974365234,254.81668090820312
251114,100,0.92,0.04002398997545242,0.885036826133728,18.908632278442383,654.5706787109375
251115,100,0.92,0.05590641126036644,0.6352381706237793,16.710351943969727,929.6185913085938
251116,100,0.66,0.009338052943348885,0.711860179901123,9.064976692199707,450.0255126953125
251117,100,0.87,0.1318603754043579,0.6293042898178101,23.633516311645508,332.58868408203125
251118,100,0.84,0.056688353419303894,0.6433602571487427,19.43964195251465,404.21551513671875
251119,100,0.84,0.05496696010231972,0.596768856048584,12.910981178283691,963.7688598632812
251120,100,0.86,0.013754690997302532,0.6792988777160645,16.007015228271484,473.5169677734375
251121,77,0.935064935064935,0.03168835863471031,0.5203735828399658,16.580516815185547,582.93017578125
251122,100,0.77,0.0268064234405756,0.7096988558769226,14.68655776977539,289.4599609375
251123,19,0.9473684210526315,0.26938512921333313,0.0815366879105568,12.655896186828613,583.308837890625
251124,55,0.9090909090909091,0.22921696305274963,0.7241711020469666,25.003772735595703,774.7999877929688
251125,100,0.78,0.06882090121507645,0.7319421172142029,11.224801063537598,341.0018310546875
251126,100,0.9,0.06284600496292114,0.8435074687004089,18.972780227661133,472.3153991699219
251127,100,0.89,0.03414718434214592,0.5010621547698975,17.797693252563477,219.29791259765625
251128,100,0.89,0.06641921401023865,0.671323835849762,16.27155113220215,433.4785461425781
251129,100,0.9,0.07381266355514526,0.7875505685806274,14.206255912780762,463.3285827636719
251130,100,0.8,0.06911425292491913,0.744263768196106,19.37044906616211,153.83688354492188
251131,100,0.88,0.07700211554765701,0.6581405997276306,21.93450355529785,871.0233154296875
251132,100,0.85,0.06404683738946915,0.5636025071144104,20.07866859436035,300.83428955078125
251133,100,0.85,0.06446341425180435,0.7021406888961792,18.041824340820312,489.6578369140625
251134,43,0.9767441860465116,0.09923989325761795,0.9212203025817871,21.309537887573242,390.408203125
251135,86,0.9418604651162791,0.09222348779439926,0.5950517654418945,18.599273681640625,317.13275146484375
251136,100,0.81,0.03082870878279209,0.6756154894828796,16.690519332885742,491.5231018066406
251137,100,0.91,0.029675468802452087,0.855026364326477,18.152755737304688,657.5962524414062
251138,100,0.92,0.05473964288830757,0.7308626770973206,20.000194549560547,472.1093444824219
251139,97,0.9278350515463918,0.09295649826526642,0.6912956237792969,22.124174118041992,391.7111511230469
251140,100,0.86,0.08894168585538864,0.6996127963066101,17.477218627929688,556.5200805664062
251141,43,0.9302325581395349,0.18701335787773132,0.6495857238769531,23.904155731201172,318.5137939453125
251142,100,0.87,0.04285774379968643,0.7114819884300232,16.27387046813965,270.0159606933594
251143,61,0.8688524590163934,0.17137466371059418,0.8723567724227905,20.2163143157959,219.29177856445312
251144,100,0.93,0.0298932958394289,0.7142840027809143,17.97687339782715,206.88296508789062
251145,100,0.91,0.037483591586351395,0.730266273021698,16.605066299438477,398.4828796386719
251146,100,0.88,0.0502806156873703,0.6397678256034851,19.270803451538086,212.2080078125
251147,100,0.81,-0.0031273916829377413,0.5991055369377136,13.486164093017578,463.64862060546875
251148,100,0.81,0.05299372225999832,0.6913684010505676,12.42374038696289,266.0417785644531
251149,45,0.9333333333333333,0.06065445765852928,0.6894903779029846,15.595442771911621,1369.310791015625
251150,100,0.92,0.06460269540548325,0.7250535488128662,18.27985191345215,109.98439025878906
251151,100,0.95,0.04326237738132477,0.4643312096595764,18.79071617126465,1253.0196533203125
251152,62,0.9193548387096774,0.038425419479608536,0.7280068397521973,20.720579147338867,372.6095886230469
251153,100,0.95,0.126226544380188,0.8606926798820496,25.174026489257812,581.81396484375
251154,77,0.8571428571428571,0.1060609519481659,0.6544870734214783,24.637834548950195,183.79751586914062
251155,100,0.94,0.0858386754989624,0.6783444285392761,26.603130340576172,1060.9249267578125
251156,100,0.89,0.06256615370512009,0.6990532279014587,20.515382766723633,221.24977111816406
251157,100,0.86,0.04669388383626938,0.6517167687416077,16.136581420898438,379.9431457519531
251158,100,0.9,0.04393908753991127,0.6369976997375488,16.714696884155273,666.7052612304688
251159,9,0.5555555555555556,0.9878948926925659,0.6039881110191345,8.372565269470215,1790.7772216796875
251160,100,0.77,0.06289605051279068,0.6896748542785645,14.425795555114746,557.1521606445312
251161,100,0.89,0.034164056181907654,0.7003879547119141,14.450074195861816,449.7430114746094
251162,100,0.88,0.030271261930465698,0.6394594311714172,15.541695594787598,580.0372314453125
251163,100,0.93,0.040267832577228546,0.6883183121681213,14.450186729431152,600.5624389648438
251164,100,0.79,0.006162537261843681,0.703773021697998,12.886545181274414,375.992431640625
251165,83,0.8674698795180723,0.09667645394802094,0.7591395974159241,18.691808700561523,236.9251251220703
251166,100,0.85,0.022042755037546158,0.6542713046073914,16.284095764160156,535.9911499023438
251167,29,0.9310344827586207,0.21132385730743408,0.8682883977890015,22.212169647216797,675.07177734375
251168,100,0.87,-0.008140496909618378,0.8028646111488342,11.844683647155762,703.4564819335938
251169,100,0.89,0.09295736998319626,0.8850895166397095,19.9400634765625,652.0740356445312
251170,100,0.89,0.06373854726552963,0.5682877898216248,17.818687438964844,761.9232177734375
251171,10,0.6,0.41360577940940857,0.5456341505050659,3.804232358932495,1312.256591796875
251172,100,0.89,0.002559800399467349,0.593149721622467,16.465757369995117,505.07568359375
251173,100,0.91,0.0018346564611420035,0.6855523586273193,18.895891189575195,576.6307373046875
251174,100,0.92,0.10175956040620804,0.7120445966720581,22.151670455932617,704.4818115234375
251175,71,0.9577464788732394,0.14459042251110077,0.6116695404052734,24.261709213256836,185.46998596191406
251176,100,0.91,0.011694801971316338,0.6267306208610535,16.237812042236328,540.6596069335938
251177,100,0.78,0.022076493129134178,0.6574426293373108,16.21543312072754,142.62094116210938
251178,100,0.9,0.07556100189685822,0.8218156099319458,20.83710479736328,194.43919372558594
251179,100,0.92,0.02388625219464302,0.5836111307144165,12.894392967224121,701.6261596679688
251180,100,0.91,0.13969793915748596,0.8981268405914307,25.76799774169922,484.53204345703125
251181,100,0.91,0.003210807219147682,0.6382524371147156,16.024513244628906,996.2666015625
251182,100,0.9,0.07469853013753891,0.6869403123855591,17.49383544921875,794.5680541992188
251183,54,0.8518518518518519,0.038732241839170456,0.7267023324966431,16.34322166442871,1474.0435791015625
251184,100,0.9,0.07480957359075546,0.7520416975021362,15.967504501342773,756.9595947265625
251185,100,0.88,0.080660380423069,0.807507336139679,18.68058967590332,365.5390930175781
251186,100,0.84,-0.0016396407736465335,0.4944412410259247,14.530679702758789,442.6254577636719
251187,100,0.84,0.1445462852716446,0.6204181909561157,20.576372146606445,744.2759399414062
251188,100,0.63,0.010248640552163124,0.6472163200378418,11.919822692871094,516.8348999023438
251189,100,0.84,0.045216143131256104,0.6034625172615051,15.724315643310547,373.48980712890625
251190,100,0.9,0.033199843019247055,0.5754270553588867,13.546364784240723,211.9886932373047
251191,76,0.9078947368421053,0.07341036945581436,0.49819040298461914,20.7640438079834,479.3976135253906
251192,100,0.9,0.030609402805566788,0.7842718362808228,14.274100303649902,642.615234375
251193,100,0.89,0.02065468393266201,0.594101071357727,15.601655006408691,369.34521484375
251194,100,0.93,0.06765814125537872,0.7665812373161316,21.410120010375977,474.1627197265625
251195,8,0.875,0.3358597457408905,0.5296412706375122,8.110523223876953,1118.3641357421875
251196,100,0.87,0.08661575615406036,0.670268714427948,15.477058410644531,288.2359924316406
251197,47,0.8936170212765957,0.2369978129863739,0.5368685126304626,21.259679794311523,230.4639434814453
251198,100,0.86,0.04277066886425018,0.7247209548950195,17.407943725585938,570.900390625
251199,66,0.9242424242424242,0.19705542922019958,0.6375624537467957,28.47054672241211,138.2847900390625
251200,45,0.8888888888888888,0.12299778312444687,0.6090006828308105,21.431562423706055,321.5840148925781
251201,67,0.8955223880597015,0.10511855781078339,0.6391037702560425,20.975555419921875,711.4401245117188
251202,100,0.87,0.11402437090873718,0.6797925233840942,18.323740005493164,231.5638885498047
251203,100,0.89,0.12753145396709442,0.670894980430603,23.971118927001953,1011.2389526367188
251204,100,0.89,0.03467502072453499,0.7503875494003296,18.9341983795166,268.5061950683594
251205,100,0.91,0.03954914212226868,0.8389802575111389,18.093154907226562,268.0806884765625
251206,100,0.87,0.015570503659546375,0.7203457355499268,17.30925178527832,736.9495239257812
251207,100,0.79,0.06942559778690338,0.6445374488830566,20.411212921142578,434.1910705566406
251208,12,0.9166666666666666,0.6465299129486084,0.9635670185089111,18.599365234375,458.3764343261719
251209,6,0.8333333333333334,0.535149335861206,0.6761299967765808,5.6450018882751465,594.7203369140625
251210,65,0.9230769230769231,0.0710122138261795,0.6905034780502319,19.029869079589844,447.26068115234375
251211,100,0.89,0.022396771237254143,0.6956875920295715,19.98638343811035,155.39268493652344
251212,100,0.86,0.061247486621141434,0.6494251489639282,17.548608779907227,680.7615356445312
251213,100,0.9,0.001105023780837655,0.6296840310096741,17.748146057128906,167.17123413085938
251214,100,0.86,0.04034285619854927,0.7011361718177795,15.515419006347656,192.8852996826172
251215,100,0.87,0.06623814254999161,0.643060564994812,23.986875534057617,417.3549499511719
251216,100,0.9,0.08435463905334473,0.49442458152770996,18.915552139282227,610.4851684570312
251217,100,0.89,0.037778809666633606,0.595550537109375,19.82588768005371,298.5406188964844
251218,100,0.87,0.08094616234302521,0.6714428663253784,20.524198532104492,204.98582458496094
251219,100,0.87,0.03056591935455799,0.6882362365722656,18.76888656616211,182.63604736328125
251220,100,0.84,0.0978272408246994,0.7413504123687744,17.125171661376953,436.9649658203125
251221,100,0.83,0.03079911507666111,0.6843730807304382,20.300546646118164,1332.591552734375
251222,78,0.8974358974358975,-0.016618238762021065,0.5964059829711914,10.760133743286133,441.1128845214844
251223,77,0.9090909090909091,0.08372576534748077,0.527976930141449,19.684701919555664,826.6565551757812
251224,100,0.91,0.03090669773519039,0.6974831819534302,13.601204872131348,703.9754638671875
251225,62,0.9516129032258065,0.09760967642068863,0.8342891335487366,20.78752899169922,1488.667724609375
251226,100,0.89,-0.0077635785564780235,0.7833203673362732,14.012002944946289,292.39276123046875
251227,99,0.9090909090909091,0.066148541867733,0.7402887940406799,20.98234748840332,475.62713623046875
251228,100,0.87,0.018687961623072624,0.6199874877929688,19.034923553466797,1087.722900390625
251229,100,0.76,0.05855505168437958,0.5617746710777283,15.207225799560547,338.4023742675781
251230,100,0.91,0.03853582963347435,0.782882034778595,11.928979873657227,592.8021240234375
251231,100,0.87,0.039060577750205994,0.6238129138946533,16.637964248657227,185.99501037597656
251232,100,0.88,0.04359129071235657,0.657127320766449,19.20677947998047,444.58599853515625
251233,100,0.75,0.10522818565368652,0.6402935981750488,14.76220703125,773.0557861328125
251234,100,0.79,-0.012695691548287868,0.6211217641830444,13.585173606872559,436.1697082519531
251235,100,0.87,0.05622440576553345,0.7239351868629456,14.188277244567871,457.3432312011719
251236,100,0.84,0.05524613335728645,0.6528083086013794,10.381628036499023,641.3472900390625
251237,100,0.92,0.06290999799966812,0.7550904750823975,17.762388229370117,1223.8118896484375
251238,80,0.9375,0.10551320761442184,0.6163347959518433,17.79750633239746,552.1292114257812
251239,100,0.87,0.05846508592367172,0.6851855516433716,18.999900817871094,639.0907592773438
251240,41,0.9512195121951219,0.07834216952323914,0.7836722135543823,27.092878341674805,641.7770385742188
251241,100,0.89,0.008830149658024311,0.606788694858551,21.458740234375,186.69142150878906
251242,100,0.89,0.10312148183584213,0.5942084193229675,18.917917251586914,949.3212890625
251243,100,0.81,0.0445425845682621,0.6614748239517212,12.851190567016602,430.27655029296875
251244,54,0.8518518518518519,0.056351978331804276,0.5640335083007812,11.751310348510742,841.3539428710938
251245,8,0.25,0.96217942237854,0.5469114184379578,2.394965171813965,1475.8843994140625
251246,100,0.9,0.03852242976427078,0.6374295949935913,17.615842819213867,797.771484375
251247,100,0.87,0.08639515936374664,0.6229473948478699,21.163240432739258,654.9520263671875
251248,100,0.91,0.04297930374741554,0.90180903673172,15.164767265319824,425.7242431640625
251249,100,0.85,0.12122607231140137,0.7953004240989685,20.343481063842773,241.60989379882812
251250,100,0.85,0.017259953543543816,0.7774765491485596,18.29874610900879,1257.546630859375
251251,100,0.87,0.09674128144979477,0.6442953944206238,20.91360855102539,454.3981628417969
251252,100,0.89,0.02223861962556839,0.6677427291870117,13.017991065979004,193.24465942382812
251253,80,0.9,0.11038165539503098,0.7444585561752319,19.36613655090332,1099.818359375
251254,100,0.82,0.057675570249557495,0.588616132736206,14.257518768310547,933.6782836914062
251255,100,0.88,0.000670806912239641,0.7835310101509094,14.186141014099121,415.6472473144531
251256,100,0.86,0.03255366161465645,0.737658679485321,17.583892822265625,638.7776489257812
251257,100,0.92,-0.009521999396383762,0.7297181487083435,13.040007591247559,609.783203125
251258,100,0.77,0.0178340096026659,0.651542067527771,15.8516845703125,213.4855194091797
251259,48,0.9791666666666666,0.1795673966407776,0.8963204622268677,24.828237533569336,576.203857421875
251260,100,0.9,0.04008894041180611,0.5975449681282043,17.488197326660156,1105.0399169921875
251261,100,0.87,0.04824860394001007,0.6906635761260986,18.099855422973633,488.45758056640625
251262,100,0.89,0.051955051720142365,0.8278968334197998,14.614520072937012,1002.4124145507812
251263,100,0.89,0.04308876767754555,0.6881405115127563,18.147605895996094,589.1824951171875
251264,100,0.94,0.06634636968374252,0.5955703854560852,22.360090255737305,197.88592529296875
251265,100,0.9,0.05506462603807449,0.6908369064331055,18.742189407348633,1005.8330078125
251266,100,0.95,0.1424601972103119,0.6213354468345642,25.694381713867188,288.2585754394531
251267,100,0.81,0.04710707068443298,0.6724435687065125,18.155738830566406,219.9993438720703
251268,100,0.78,0.007809317205101252,0.6051093339920044,13.9260835647583,516.622314453125
251269,100,0.85,-0.0036777222994714975,0.7054561376571655,18.483179092407227,421.6702575683594
251270,100,0.89,0.1216125562787056,0.753052294254303,18.509422302246094,369.97479248046875
251271,100,0.83,0.02718406729400158,0.7030150294303894,12.289009094238281,484.0337219238281
251272,100,0.89,0.026931030675768852,0.7062413692474365,21.438154220581055,942.3985595703125
251273,100,0.88,0.028973616659641266,0.603443443775177,19.466064453125,1529.5919189453125
251274,100,0.85,0.11029678583145142,0.580707848072052,23.187101364135742,586.6220703125
251275,100,0.86,0.015346597880125046,0.5494791269302368,17.095985412597656,200.49130249023438
251276,100,0.85,0.041700027883052826,0.7141521573066711,15.208415985107422,270.506103515625
251277,80,0.9125,0.038693834096193314,0.3992965817451477,16.490549087524414,450.25823974609375
251278,100,0.91,0.0790119618177414,0.9286973476409912,21.483409881591797,108.27647399902344
251279,100,0.92,0.1587965488433838,0.8411296010017395,25.739839553833008,472.059326171875
251280,100,0.84,0.07912933081388474,0.5517780780792236,21.009143829345703,285.7225036621094
251281,100,0.92,0.10557959228754044,0.752932071685791,22.06365394592285,894.5314331054688
251282,100,0.91,0.08225134760141373,0.7755939960479736,17.009675979614258,353.9190979003906
251283,84,0.8928571428571429,0.06851448863744736,0.7695823311805725,16.705602645874023,356.87847900390625
251284,100,0.89,0.07777784764766693,0.7655597925186157,15.833049774169922,326.9684143066406
251285,30,0.9,0.24905996024608612,0.9812825322151184,18.101356506347656,928.79296875
251286,91,0.9010989010989011,0.035861723124980927,0.7166649699211121,20.461328506469727,99.43682098388672
251287,100,0.95,0.06938894838094711,0.5977597236633301,21.815855026245117,318.5961608886719
251288,19,0.7894736842105263,0.28639447689056396,0.9097714424133301,6.635256767272949,1282.6976318359375
251289,100,0.95,0.01776629313826561,0.7511305212974548,18.6778507232666,220.56695556640625
251290,100,0.84,0.04562468081712723,0.6421278715133667,13.402264595031738,469.6709899902344
251291,100,0.92,0.09597304463386536,0.7349395751953125,18.790884017944336,451.271240234375
251292,100,0.96,0.027915509417653084,0.8685839176177979,19.939281463623047,312.8325500488281
251293,100,0.84,0.08569097518920898,0.6596128940582275,22.918432235717773,609.277587890625
251294,100,0.89,0.059574294835329056,0.5257764458656311,19.366073608398438,113.15609741210938
251295,100,0.82,0.11988527327775955,0.6753851771354675,19.15259552001953,449.4969787597656
251296,100,0.84,0.011457226239144802,0.6667183637619019,18.370912551879883,287.9080505371094
251297,100,0.89,0.06253843009471893,0.7565416097640991,17.27077865600586,757.8076171875
251298,100,0.94,0.09312640875577927,0.8150708675384521,21.542316436767578,129.5746612548828
251299,40,0.925,0.17611481249332428,0.9199051856994629,20.654151916503906,1589.9508056640625
251300,100,0.93,0.03417620807886124,0.7219802141189575,17.211076736450195,367.08941650390625
251301,54,0.9074074074074074,0.17158998548984528,0.6778067946434021,22.89632225036621,429.0482482910156
251302,100,0.92,0.020415185019373894,0.675459623336792,18.259143829345703,468.31878662109375
251303,100,0.87,0.07052761316299438,0.8197664618492126,19.853849411010742,597.6104125976562
251304,100,0.86,0.037025220692157745,0.5684888958930969,21.468706130981445,1117.1318359375
251305,100,0.92,0.039327360689640045,0.8138771057128906,18.382036209106445,358.6556701660156
251306,100,0.86,0.05920248106122017,0.6800035238265991,16.703340530395508,183.61727905273438
251307,100,0.9,0.07571850717067719,0.8549448847770691,15.860162734985352,396.575927734375
251308,99,0.9090909090909091,0.041273001581430435,0.7580337524414062,18.390914916992188,593.3502807617188
251309,100,0.87,0.04520014673471451,0.7951713800430298,20.864267349243164,557.7871704101562
251310,100,0.91,0.06157930567860603,0.7293717265129089,19.82984733581543,517.055419921875
251311,100,0.86,0.019229548051953316,0.6411839723587036,18.282489776611328,295.2176208496094
251312,100,0.91,0.045889995992183685,0.8575448989868164,17.301315307617188,434.4949035644531
251313,100,0.86,0.07135885953903198,0.6281189918518066,16.0256290435791,586.8279418945312
251314,100,0.8,0.01176307164132595,0.6692007780075073,11.329436302185059,289.89898681640625
251315,100,0.88,0.051680490374565125,0.6253767609596252,20.308380126953125,396.66253662109375
251316,100,0.76,0.01851918175816536,0.6656345129013062,11.452481269836426,266.89459228515625
251317,100,0.88,0.05834311619400978,0.7742806077003479,15.505231857299805,180.02182006835938
251318,100,0.86,0.03872692212462425,0.7128468751907349,17.01671600341797,445.7912902832031
251319,100,0.85,0.02811097539961338,0.6408860683441162,14.684353828430176,693.6746826171875
251320,100,0.89,0.05385204777121544,0.791594922542572,20.765380859375,382.9813232421875
251321,78,0.9230769230769231,0.10250300168991089,0.6123103499412537,23.74631118774414,98.56375885009766
251322,100,0.86,0.04078954830765724,0.6945602297782898,21.26514434814453,368.5600891113281
251323,100,0.88,0.059433113783597946,0.6969693303108215,17.003406524658203,956.786865234375
251324,100,0.89,0.11227705329656601,0.6959913372993469,25.315963745117188,367.6700134277344
251325,57,0.9473684210526315,0.11307954788208008,0.8624894022941589,18.027616500854492,329.2991027832031
251326,42,0.9523809523809523,0.2329954206943512,0.9351614713668823,27.91562843322754,535.64501953125
251327,100,0.84,0.0009740569512359798,0.8246452808380127,12.391053199768066,198.01568603515625
251328,100,0.87,0.004217319190502167,0.816294252872467,19.584871292114258,379.6485900878906
251329,19,0.9473684210526315,0.2224922478199005,0.9155154228210449,10.041326522827148,341.9903564453125
251330,100,0.86,0.025348931550979614,0.5297229290008545,18.25623321533203,244.6977996826172
251331,73,0.958904109589041,0.17323055863380432,0.7406617999076843,23.13690948486328,228.6182861328125
251332,100,0.83,0.07607082277536392,0.7154061794281006,12.197562217712402,173.3625030517578
251333,100,0.88,0.11009491235017776,0.9105303883552551,18.760141372680664,544.1839599609375
251334,29,0.9310344827586207,0.2206064909696579,0.761801540851593,16.752239227294922,777.581787109375
251335,100,0.86,0.08768364042043686,0.8610871434211731,23.822708129882812,294.85052490234375
251336,100,0.91,0.11247506737709045,0.8825900554656982,22.329347610473633,349.88934326171875
251337,40,0.9,0.11646746098995209,0.6510872840881348,15.964612007141113,452.3362731933594
251338,33,0.8181818181818182,0.1628565490245819,0.5475014448165894,19.595794677734375,800.0375366210938
251339,100,0.89,0.12294968962669373,0.7978094220161438,22.758432388305664,779.2701416015625
251340,100,0.9,0.05144970864057541,0.5931483507156372,20.725845336914062,523.693115234375
251341,100,0.94,0.04014822095632553,0.9411389231681824,20.051898956298828,726.6300048828125
251342,59,0.9322033898305084,0.12732531130313873,0.746701717376709,18.266992568969727,938.687255859375
251343,76,0.9605263157894737,0.05390412360429764,0.7935839295387268,12.700905799865723,520.9949340820312
251344,100,0.92,0.09699082374572754,0.8599033355712891,19.567893981933594,273.5283203125
251345,23,0.8695652173913043,0.4051941931247711,0.48154106736183167,22.970739364624023,171.42221069335938
251346,100,0.86,0.0782935693860054,0.8024471998214722,16.994186401367188,492.4147644042969
251347,100,0.86,0.00016825490456540138,0.7331181764602661,13.222171783447266,809.66259765625
251348,100,0.89,0.07727877795696259,0.6895700097084045,15.97765827178955,723.7446899414062
251349,100,0.85,0.02721123956143856,0.5879188776016235,16.434829711914062,321.9454040527344
251350,100,0.87,0.08619443327188492,0.7790561318397522,15.047377586364746,439.457763671875
251351,100,0.9,0.04020935669541359,0.6358245611190796,17.299823760986328,170.40687561035156
251352,100,0.86,0.014203052036464214,0.6693069338798523,13.206974029541016,509.0966796875
251353,100,0.88,-0.004326817579567432,0.7279319763183594,19.879873275756836,383.56396484375
251354,100,0.92,0.07557453215122223,0.8593366146087646,21.549057006835938,390.05206298828125
251355,100,0.86,0.10024461150169373,0.5324570536613464,21.93598175048828,337.3035888671875
251356,100,0.91,0.026039721444249153,0.5195951461791992,12.053868293762207,671.3865356445312
251357,100,0.92,0.053638800978660583,0.5123093128204346,14.911598205566406,164.9434814453125
251358,100,0.82,-0.005148699972778559,0.5745581388473511,10.584466934204102,468.043212890625
251359,51,0.8823529411764706,0.11357470601797104,0.7624802589416504,20.96772575378418,407.7324523925781
251360,100,0.89,0.10373292118310928,0.5748298168182373,18.34186553955078,863.4334106445312
251361,100,0.9,0.10868293792009354,0.7021353244781494,17.540849685668945,845.9427490234375
251362,100,0.79,0.025040153414011,0.6318482160568237,12.943126678466797,452.2656555175781
251363,80,0.8625,0.13122129440307617,0.6767380833625793,22.1387996673584,90.98497009277344
251364,100,0.77,0.008484930731356144,0.7312178611755371,11.004634857177734,201.73098754882812
251365,16,0.75,0.5299111008644104,0.846962571144104,13.885555267333984,1411.3193359375
251366,100,0.84,-0.016444016247987747,0.7296178936958313,10.931987762451172,341.51611328125
251367,100,0.91,0.026078667491674423,0.6680939197540283,15.220087051391602,425.2503356933594
251368,26,0.9615384615384616,0.21245335042476654,0.9996836185455322,8.242969512939453,875.7998657226562
251369,100,0.81,0.031494732946157455,0.7063419222831726,12.073552131652832,1080.4959716796875
251370,100,0.71,0.006913594901561737,0.5589458346366882,13.102137565612793,353.1517028808594
251371,54,0.9074074074074074,0.11060114204883575,0.5980363488197327,20.150930404663086,531.3240966796875
251372,100,0.69,0.11120752990245819,0.6380701661109924,15.724518775939941,256.64141845703125
251373,100,0.92,0.015064353123307228,0.6497913599014282,17.465129852294922,377.7698669433594
251374,100,0.92,0.06468124687671661,0.675513744354248,17.657155990600586,403.8676452636719
251375,100,0.84,0.07838106155395508,0.5689746737480164,17.897010803222656,545.2493896484375
251376,37,0.8108108108108109,0.19468076527118683,0.9084317088127136,15.075945854187012,239.2912139892578
251377,100,0.91,0.02392425574362278,0.7253985404968262,14.680339813232422,468.7819519042969
251378,100,0.82,0.009511143900454044,0.5820968151092529,15.331085205078125,342.426025390625
251379,100,0.88,0.05104615539312363,0.7208278775215149,14.370813369750977,126.43219757080078
251380,100,0.87,0.044406138360500336,0.6086724996566772,16.541645050048828,527.5634765625
251381,100,0.83,0.019068298861384392,0.612086832523346,13.370443344116211,520.8775634765625
251382,50,0.86,0.09197188913822174,0.7180926203727722,16.235021591186523,562.0681762695312
251383,100,0.85,0.07168728113174438,0.5969651937484741,18.459087371826172,348.8259582519531
251384,100,0.91,0.02023491822183132,0.5965308547019958,14.220364570617676,463.7249450683594
251385,100,0.89,0.005479352083057165,0.6987046003341675,14.441720008850098,544.5660400390625
251386,100,0.9,0.04791831597685814,0.8166660070419312,19.0,223.09478759765625
251387,100,0.9,0.03802128881216049,0.7031784653663635,17.114465713500977,459.8305969238281
251388,100,0.86,0.04033565893769264,0.8301287889480591,15.593884468078613,371.0188293457031
251389,100,0.79,-0.024737488478422165,0.6350489258766174,14.928060531616211,332.6572570800781
251390,24,0.9166666666666666,0.5847936272621155,0.5412428975105286,28.32460594177246,786.3370361328125
251391,69,0.8840579710144928,0.08064332604408264,0.8349783420562744,15.455663681030273,163.04876708984375
251392,100,0.91,0.025691218674182892,0.6887538433074951,15.161661148071289,345.6145935058594
251393,100,0.95,-0.018621886149048805,0.710798978805542,9.279550552368164,533.6337280273438
251394,100,0.88,0.022139407694339752,0.7419576048851013,21.349733352661133,181.83628845214844
251395,100,0.94,0.04106132686138153,0.6947064399719238,22.801023483276367,279.3656311035156
251396,100,0.89,0.09037980437278748,0.6073599457740784,19.115182876586914,456.9922180175781
251397,100,0.8,-0.01973543129861355,0.7266625165939331,7.658113956451416,377.28125
251398,100,0.92,0.027290675789117813,0.6290057897567749,14.847807884216309,342.3360900878906
251399,100,0.88,0.04730915650725365,0.7310280203819275,15.112874984741211,479.0569152832031
251400,100,0.88,0.01450015977025032,0.7303399443626404,13.436190605163574,803.712646484375
251401,100,0.88,0.052989792078733444,0.4958731234073639,16.2462215423584,459.8744812011719
251402,100,0.84,0.0813375785946846,0.5593081712722778,18.050586700439453,1043.3116455078125
251403,43,0.813953488372093,0.07994545251131058,0.6120760440826416,15.05670166015625,628.1747436523438
251404,83,0.9036144578313253,0.11698305606842041,0.7611178755760193,24.174449920654297,73.00263214111328
251405,7,1.0,0.7093026041984558,,10.715632438659668,1520.905517578125
251406,100,0.83,0.055129535496234894,0.6875473856925964,21.747682571411133,310.4514465332031
251407,100,0.91,0.043240737169981,0.7028682827949524,13.75407600402832,360.27008056640625
251408,88,0.9545454545454546,0.07778964936733246,0.7103598713874817,23.241899490356445,699.9654541015625
251409,100,0.86,0.012016183696687222,0.7307038307189941,16.610363006591797,294.97296142578125
251410,100,0.94,0.054444167762994766,0.85117107629776,19.117170333862305,972.3421630859375
251411,100,0.89,0.016399525105953217,0.5742948055267334,16.40120506286621,364.4725341796875
251412,100,0.86,0.053584009408950806,0.7606687545776367,18.833477020263672,471.64031982421875
251413,100,0.96,0.06658529490232468,0.46892279386520386,17.245506286621094,281.8957824707031
251414,18,0.8333333333333334,0.3505859375,0.5026586651802063,15.745256423950195,1444.8214111328125
251415,100,0.91,0.033247485756874084,0.6709175705909729,14.486298561096191,674.5612182617188
251416,100,0.83,0.0731658935546875,0.6101336479187012,16.145463943481445,345.7898254394531
251417,59,0.9152542372881356,0.12640179693698883,0.7009605765342712,17.873117446899414,497.2776794433594
251418,100,0.85,0.11601176857948303,0.6251967549324036,21.511133193969727,232.40310668945312
251419,100,0.89,0.030748866498470306,0.6429982781410217,16.174165725708008,776.8632202148438
251420,70,0.8714285714285714,0.13128124177455902,0.829494833946228,25.623512268066406,580.0643920898438
251421,100,0.91,0.10915987938642502,0.7897536754608154,19.913087844848633,1273.09375
251422,100,0.85,-0.00476125068962574,0.5695886015892029,12.784309387207031,436.93218994140625
251423,69,0.8840579710144928,0.1338546872138977,0.708658754825592,19.778915405273438,995.2566528320312
251424,100,0.83,0.07332511991262436,0.6928576231002808,16.855274200439453,466.2393493652344
251425,100,0.91,-0.01115766167640686,0.4616049528121948,13.465484619140625,423.3792724609375
251426,100,0.88,-0.004781816620379686,0.5887259244918823,17.993900299072266,330.6517639160156
251427,100,0.89,0.055903028696775436,0.6743019223213196,22.71328353881836,818.6925048828125
251428,91,0.8241758241758241,0.08793102204799652,0.7366955280303955,17.63932991027832,91.368408203125
251429,100,0.88,0.060239169746637344,0.659490704536438,23.050291061401367,394.68365478515625
251430,100,0.94,0.04819244518876076,0.813258945941925,20.296428680419922,478.8486633300781
251431,100,0.9,0.06298127770423889,0.7461254000663757,9.79776382446289,226.40908813476562
251432,100,0.94,0.035608671605587006,0.7329425811767578,19.718902587890625,272.6698303222656
251433,100,0.94,0.03592826426029205,0.8644115328788757,12.866471290588379,393.36004638671875
251434,100,0.85,0.06346055120229721,0.7104037404060364,14.759835243225098,1015.382080078125
251435,100,0.89,0.06867852061986923,0.5633302927017212,22.866613388061523,111.05631256103516
251436,22,0.9090909090909091,0.27811139822006226,0.8680509328842163,9.37657356262207,598.7418212890625
251437,100,0.84,0.04105651378631592,0.6135932207107544,15.505414962768555,287.10931396484375
251438,93,0.7741935483870968,0.09011971950531006,0.5646445751190186,16.680557250976562,79.48138427734375
251439,100,0.87,0.04355812445282936,0.6229762434959412,15.282143592834473,297.5374755859375
251440,100,0.79,0.011075880378484726,0.6702364683151245,16.01239585876465,361.7558288574219
251441,100,0.84,0.10324512422084808,0.6057472229003906,20.066247940063477,957.4669799804688
251442,100,0.95,0.09112982451915741,0.8383710980415344,15.773711204528809,148.55284118652344
251443,100,0.92,0.07088696211576462,0.6375573873519897,16.642213821411133,619.7363891601562
251444,100,0.71,-0.00655597448348999,0.6087654829025269,10.129549980163574,190.48960876464844
251445,52,0.8846153846153846,0.14920364320278168,0.7549237608909607,17.054222106933594,495.7919616699219
251446,100,0.91,-0.05344993621110916,0.5907241106033325,13.970781326293945,311.1540832519531
251447,100,0.75,0.004935607314109802,0.6126392483711243,10.269632339477539,284.09637451171875
251448,100,0.94,0.014684071764349937,0.5744528770446777,16.069150924682617,369.5083312988281
251449,100,0.85,0.097019724547863,0.6370853185653687,13.828317642211914,247.5257568359375
251450,100,0.88,0.07602546364068985,0.6544494032859802,12.726618766784668,643.22900390625
251451,100,0.96,0.02117956429719925,0.4164837598800659,15.833213806152344,536.8236083984375
251452,100,0.82,0.11912312358617783,0.7684059739112854,19.111488342285156,445.94818115234375
251453,100,0.92,0.06474962085485458,0.5066708922386169,18.470748901367188,288.81243896484375
251454,89,0.9550561797752809,0.02421013079583645,0.9213541746139526,11.990471839904785,641.8753051757812
251455,100,0.9,0.08832112699747086,0.6887588500976562,23.569957733154297,132.26705932617188
251456,100,0.92,0.050644002854824066,0.7601155638694763,19.96571159362793,358.79644775390625
251457,100,0.89,0.043373044580221176,0.6768715977668762,16.3095760345459,336.4300842285156
251458,100,0.92,0.037420932203531265,0.5358514189720154,15.052752494812012,379.7700500488281
251459,100,0.89,0.042307499796152115,0.6708335280418396,21.193195343017578,454.7947692871094
251460,62,0.9032258064516129,0.11595453321933746,0.6109980940818787,13.91976261138916,276.24139404296875
251461,100,0.94,0.0029564194846898317,0.7777543663978577,9.8944673538208,533.9766845703125
251462,100,0.88,0.05199092626571655,0.8215442299842834,20.770950317382812,109.98680114746094
251463,100,0.94,0.06114943325519562,0.6977813839912415,26.241243362426758,713.9564819335938
251464,100,0.93,0.009998082183301449,0.5809763669967651,18.557456970214844,202.0748291015625
251465,90,0.9444444444444444,0.05139920860528946,0.3010063171386719,24.56281280517578,364.02105712890625
251466,100,0.93,0.028768260031938553,0.771209716796875,20.275638580322266,223.8963623046875
251467,100,0.87,0.025261757895350456,0.7002044320106506,8.320438385009766,614.2838745117188
251468,100,0.92,0.02725606970489025,0.7511665225028992,16.41156768798828,461.2461242675781
251469,29,0.9310344827586207,0.13138817250728607,0.42139142751693726,21.350421905517578,191.1332244873047
251470,100,0.89,0.016046302393078804,0.7748116850852966,16.503572463989258,712.7210693359375
251471,37,0.8918918918918919,0.23513752222061157,0.635416567325592,18.731109619140625,189.23989868164062
251472,100,0.93,0.11208488047122955,0.6801450848579407,23.87622833251953,493.05926513671875
251473,100,0.94,0.05449113994836807,0.7667665481567383,18.809974670410156,821.5282592773438
251474,29,0.9655172413793104,0.341781884431839,0.7898085117340088,24.416044235229492,809.4837036132812
251475,100,0.96,-0.022369593381881714,0.6242278814315796,12.223847389221191,455.2470397949219
251476,20,0.85,0.6166595220565796,0.778270423412323,23.845035552978516,657.5602416992188
251477,100,0.9,0.09103253483772278,0.8339558839797974,17.30668830871582,338.9535217285156
251478,100,0.78,0.05563574656844139,0.6524490714073181,19.693138122558594,180.8712615966797
251479,100,0.87,0.08333989977836609,0.6327319741249084,20.014524459838867,428.7064208984375
251480,100,0.89,-0.00869979802519083,0.6702573299407959,13.352230072021484,225.30563354492188
251481,100,0.91,0.06886451691389084,0.5690789222717285,23.276216506958008,515.0390014648438
251482,100,0.77,-0.04720719903707504,0.6092016100883484,11.560447692871094,210.46578979492188
251483,100,0.86,0.035423483699560165,0.5941497087478638,12.736101150512695,322.6393737792969
251484,77,0.948051948051948,0.0465284138917923,0.9397246837615967,21.328413009643555,304.54620361328125
251485,100,0.93,0.03577693924307823,0.7494877576828003,17.43475914001465,409.9593505859375
251486,50,0.96,0.21574001014232635,0.6502899527549744,24.057483673095703,739.687744140625
251487,100,0.79,0.0374600812792778,0.5746474266052246,16.86579704284668,361.1913146972656
251488,100,0.92,0.05989190936088562,0.8004850745201111,19.707508087158203,620.2957153320312
251489,100,0.93,0.07722869515419006,0.769307553768158,22.181795120239258,1197.671142578125
251490,91,0.945054945054945,0.1425977498292923,0.5312331914901733,25.12659454345703,421.5067443847656
251491,100,0.9,0.04403180629014969,0.5297948718070984,19.320642471313477,468.4862365722656
251492,100,0.9,0.0636432096362114,0.7206293344497681,16.43471336364746,483.9873352050781
251493,100,0.89,0.030554916709661484,0.6134078502655029,14.866443634033203,537.0023193359375
251494,100,0.85,0.046279191970825195,0.6943767666816711,13.794085502624512,526.8949584960938
251495,29,0.9310344827586207,0.3291564881801605,0.9179571866989136,30.084440231323242,181.94061279296875
251496,81,0.9259259259259259,0.11725044250488281,0.8377596735954285,22.744422912597656,260.5570983886719
251497,59,0.9322033898305084,0.22881653904914856,0.6762961149215698,26.871875762939453,98.7127914428711
251498,100,0.85,0.006090345326811075,0.4849763810634613,11.292028427124023,619.4909057617188
251499,100,0.92,0.05088210105895996,0.6916415691375732,18.84673309326172,477.5206604003906
251500,100,0.88,-0.021433575078845024,0.744269073009491,10.82196044921875,241.62689208984375
251501,100,0.93,0.07354287058115005,0.7285980582237244,22.00525665283203,389.12127685546875
251502,100,0.71,0.031995005905628204,0.5845057368278503,11.754399299621582,227.9972686767578
251503,85,0.8588235294117647,0.005271455273032188,0.6695488095283508,14.291196823120117,738.4993286132812
251504,51,0.8627450980392157,0.12167894840240479,0.631611704826355,19.930585861206055,925.838134765625
251505,81,0.8888888888888888,0.0440770760178566,0.7787253856658936,18.958629608154297,342.709716796875
251506,100,0.83,0.061366304755210876,0.5276851058006287,19.02837562561035,226.87832641601562
251507,100,0.89,0.026220690459012985,0.5254034996032715,14.186480522155762,194.030517578125
251508,100,0.94,0.03660415858030319,0.7447198033332825,15.67386245727539,377.51055908203125
251509,100,0.88,0.11736781150102615,0.5746056437492371,16.600046157836914,191.97975158691406
251510,80,0.95,0.15155944228172302,0.5548335313796997,26.178634643554688,201.62277221679688
251511,100,0.83,0.055694568902254105,0.6402163505554199,17.724706649780273,392.5713806152344
251512,100,0.87,0.08528990298509598,0.7528865337371826,22.618757247924805,517.7719116210938
251513,100,0.83,0.07240903377532959,0.6458563804626465,18.838626861572266,1049.54345703125
251514,100,0.83,0.03337319567799568,0.5798752307891846,16.23908233642578,527.9161987304688
251515,100,0.92,0.023294229060411453,0.6642563939094543,14.402276992797852,210.20413208007812
251516,100,0.87,0.07246020436286926,0.7119671106338501,17.300201416015625,471.3869934082031
251517,53,0.8867924528301887,0.08078587055206299,0.8356318473815918,15.520373344421387,303.6381530761719
251518,100,0.92,0.07702796906232834,0.7648810744285583,15.281150817871094,262.0665588378906
251519,100,0.81,0.019552934914827347,0.6572713255882263,13.132362365722656,155.29615783691406
251520,100,0.8,-0.006820919923484325,0.6327003240585327,11.924495697021484,424.7992858886719
251521,100,0.89,0.0636659562587738,0.5725038051605225,19.945634841918945,111.3583755493164
251522,100,0.89,-0.0013340456644073129,0.7390293478965759,19.47505760192871,428.82818603515625
251523,7,0.7142857142857143,0.503646731376648,0.3969571590423584,5.365676403045654,392.8667297363281
251524,100,0.86,0.05209996923804283,0.755366861820221,21.570558547973633,285.52294921875
251525,100,0.88,0.028013717383146286,0.70476895570755,14.991947174072266,935.4600830078125
251526,100,0.86,0.07664164155721664,0.6373497843742371,19.37916374206543,604.8615112304688
251527,85,0.8470588235294118,0.0833372175693512,0.7006755471229553,18.161170959472656,89.51996612548828
251528,100,0.95,0.019920874387025833,0.8373565673828125,15.259944915771484,214.77671813964844
251529,100,0.95,0.05865044519305229,0.9027471542358398,22.457944869995117,549.9200439453125
251530,100,0.91,0.0289362333714962,0.6270145773887634,14.983285903930664,353.6106262207031
251531,100,0.92,0.05480140075087547,0.517381489276886,15.878152847290039,637.9498901367188
251532,100,0.93,5.0803668273147196e-05,0.7294826507568359,15.608420372009277,398.9170227050781
251533,53,0.9056603773584906,0.20512723922729492,0.45314377546310425,19.796823501586914,758.114013671875
251534,100,0.88,0.05432843789458275,0.8049268126487732,21.63079071044922,176.38645935058594
251535,77,0.948051948051948,0.033170249313116074,0.6159302592277527,17.382509231567383,200.45013427734375
251536,100,0.88,0.04472943767905235,0.7736473083496094,18.232709884643555,927.4447021484375
251537,100,0.77,0.041205015033483505,0.7284244894981384,8.6206636428833,158.48779296875
251538,100,0.91,0.03152693808078766,0.7331886887550354,15.236939430236816,414.4857482910156
251539,100,0.91,-0.0072923265397548676,0.5287001132965088,12.121674537658691,446.3018798828125
251540,100,0.9,0.025001393631100655,0.38098400831222534,19.991426467895508,204.30792236328125
251541,74,0.9459459459459459,0.1756807565689087,0.6458152532577515,30.84231185913086,85.07264709472656
251542,100,0.92,0.06705639511346817,0.6770315170288086,16.983335494995117,623.7238159179688
251543,100,0.87,0.08093791455030441,0.774128794670105,18.751394271850586,195.18032836914062
251544,100,0.87,0.046401847153902054,0.6856873035430908,11.898165702819824,176.33506774902344
251545,100,0.9,0.019280513748526573,0.7153959274291992,12.606034278869629,639.4258422851562
251546,100,0.9,0.1045687347650528,0.7666239142417908,24.581401824951172,479.3058166503906
251547,36,0.8888888888888888,0.23149049282073975,0.5757889151573181,15.020404815673828,83.87739562988281
251548,100,0.88,0.08911945670843124,0.7688247561454773,15.113919258117676,492.0151062011719
251549,100,0.84,-0.03031541407108307,0.6863417625427246,10.500629425048828,298.1512145996094
251550,100,0.89,0.08761627972126007,0.687650203704834,20.38214683532715,520.0272827148438
251551,100,0.88,0.029865222051739693,0.5211482644081116,12.809521675109863,743.0509033203125
251552,100,0.81,0.023378269746899605,0.6131726503372192,12.407441139221191,524.0935668945312
251553,100,0.92,0.07380790263414383,0.6690875291824341,22.9021053314209,160.35975646972656
251554,100,0.84,0.06058618053793907,0.49209660291671753,11.792952537536621,232.40354919433594
251555,100,0.82,-0.0008560091955587268,0.728812575340271,16.648822784423828,376.4377746582031
251556,4,0.75,0.9883956909179688,0.8001886010169983,5.962093353271484,568.2551879882812
251557,100,0.88,0.11617804318666458,0.8578732013702393,18.769775390625,200.76622009277344
251558,92,0.9565217391304348,0.11433061957359314,0.7800734043121338,18.610055923461914,324.9835510253906
251559,32,0.96875,0.2374763786792755,0.8959124684333801,15.260061264038086,295.5427551269531
251560,100,0.86,0.038866691291332245,0.7230371832847595,21.90230941772461,804.2509765625
251561,100,0.85,0.033501967787742615,0.7081571817398071,22.4444522857666,365.13726806640625
251562,100,0.93,-0.02979501523077488,0.7756863236427307,13.757285118103027,447.83074951171875
251563,65,0.9692307692307692,-5.1160652219550684e-05,0.8799161911010742,15.212931632995605,540.7813110351562
251564,80,0.9125,0.09807274490594864,0.7526870965957642,26.033748626708984,406.66668701171875
251565,100,0.96,0.016574794426560402,0.41356486082077026,16.668132781982422,445.14971923828125
251566,100,0.89,0.00526961637660861,0.7059306502342224,14.477752685546875,484.1688537597656
251567,63,0.9206349206349206,0.24076241254806519,0.7805364727973938,27.48491668701172,71.20899200439453
251568,100,0.82,0.0032877034973353148,0.6147864460945129,15.729063987731934,268.909423828125
251569,29,0.9310344827586207,0.19111034274101257,0.4281773269176483,16.102426528930664,1013.711669921875
251570,100,0.86,0.0032236457336694,0.7265335917472839,16.953845977783203,180.33282470703125
251571,100,0.91,-0.019527610391378403,0.7425867915153503,15.61303424835205,677.6895751953125
251572,14,0.6428571428571429,0.12224563956260681,0.7386314272880554,3.777430295944214,630.5280151367188
251573,100,0.78,0.00282357819378376,0.6591891646385193,11.041665077209473,365.7846374511719
251574,53,0.9433962264150944,0.05285557731986046,0.5557094216346741,12.654903411865234,679.7045288085938
251575,100,0.87,0.04037773981690407,0.6999687552452087,19.062030792236328,206.66024780273438
251576,100,0.93,0.07232585549354553,0.7564080357551575,22.985620498657227,551.3333129882812
251577,100,0.89,0.017351584509015083,0.6081348061561584,16.445907592773438,685.7689819335938
251578,78,0.8717948717948718,0.04938926547765732,0.48385781049728394,23.89957618713379,291.29656982421875
251579,100,0.9,0.0474964901804924,0.8315500020980835,15.685233116149902,462.0239562988281
251580,100,0.86,0.07459411770105362,0.7394884824752808,17.83100128173828,998.13671875
251581,100,0.84,0.02048037387430668,0.827275276184082,12.583491325378418,266.1316223144531
251582,100,0.84,0.07009671628475189,0.48834317922592163,14.473525047302246,427.2408142089844
251583,100,0.88,-0.02029842883348465,0.6317144632339478,16.52512550354004,293.1944580078125
251584,100,0.92,0.03653110936284065,0.7816396951675415,13.100113868713379,241.11367797851562
251585,100,0.87,0.004957818426191807,0.65528804063797,12.571521759033203,214.50045776367188
251586,39,0.8717948717948718,0.07260352373123169,0.5374879240989685,15.282966613769531,789.110595703125
251587,100,0.9,0.055912699550390244,0.8134134411811829,19.254220962524414,278.25897216796875
251588,34,0.8235294117647058,0.24948124587535858,0.5806478261947632,25.414203643798828,400.1476745605469
251589,100,0.82,-0.0004884549998678267,0.5372697114944458,8.804398536682129,432.81842041015625
251590,100,0.83,0.04562704265117645,0.7645483016967773,20.554838180541992,284.0934753417969
251591,100,0.84,0.05938352271914482,0.5251747369766235,14.379683494567871,832.7958984375
251592,100,0.93,0.11054001748561859,0.7957710027694702,23.73424530029297,212.99391174316406
251593,100,0.75,0.0816350057721138,0.688973069190979,16.469335556030273,455.68341064453125
251594,91,0.945054945054945,0.005354035645723343,0.8847658038139343,12.799293518066406,171.31468200683594
251595,100,0.89,0.0007915878668427467,0.6514922380447388,10.348388671875,1366.9415283203125
251596,23,0.9130434782608695,-0.003346281358972192,0.872938334941864,6.309817790985107,951.8419799804688
251597,85,0.8823529411764706,0.04291520267724991,0.7246354818344116,22.749404907226562,99.01695251464844
251598,100,0.95,-0.00040567800169810653,0.7092205882072449,14.304764747619629,285.86993408203125
251599,56,0.9642857142857143,0.15031376481056213,0.7320129871368408,21.558454513549805,288.3846740722656
251600,100,0.88,0.054678961634635925,0.8341005444526672,17.68636703491211,424.8832092285156
251601,100,0.69,0.051900047808885574,0.5441707372665405,11.087447166442871,146.8643035888672
251602,18,0.8888888888888888,0.26787811517715454,0.5371221303939819,15.401840209960938,1038.33203125
251603,47,0.8936170212765957,0.10953949391841888,0.6772748827934265,15.296080589294434,847.0252685546875
251604,44,0.9318181818181818,0.0584733821451664,0.2764061987400055,9.65939998626709,116.44963073730469
251605,100,0.86,0.021902060136198997,0.6767061352729797,16.042835235595703,403.4766540527344
251606,100,0.91,0.037877049297094345,0.4885750412940979,22.846940994262695,528.7069091796875
251607,100,0.85,0.05055121332406998,0.8003854155540466,16.130224227905273,822.3060913085938
251608,100,0.89,0.0052508884109556675,0.6652981638908386,15.564257621765137,164.4674072265625
251609,62,0.9193548387096774,0.04908757284283638,0.5631541013717651,11.175362586975098,567.166748046875
251610,100,0.88,0.04950636625289917,0.6831943988800049,10.107499122619629,552.7191162109375
251611,40,0.95,0.106118343770504,0.7395291328430176,24.44937515258789,157.7068634033203
251612,100,0.93,0.06736479699611664,0.7671079635620117,13.918878555297852,454.1878967285156
251613,100,0.86,0.10049619525671005,0.6813569664955139,19.861982345581055,631.6781616210938
251614,100,0.87,0.07520139217376709,0.8043205738067627,20.008474349975586,175.81707763671875
251615,100,0.93,0.0135881332680583,0.8115066885948181,18.267656326293945,344.3892517089844
251616,100,0.78,0.0347895510494709,0.6623895168304443,11.038946151733398,360.041015625
251617,100,0.92,-0.0046708290465176105,0.8068581819534302,14.551619529724121,188.49395751953125
251618,12,0.6666666666666666,0.808947741985321,0.9416342973709106,12.26817798614502,1152.148681640625
251619,100,0.91,0.007455975282937288,0.6142055988311768,13.412160873413086,328.33514404296875
251620,100,0.85,0.024879343807697296,0.7397956848144531,12.82678508758545,495.86865234375
251621,100,0.91,0.07598580420017242,0.6827126145362854,19.694189071655273,957.556396484375
251622,32,0.90625,0.08090594410896301,0.5751625299453735,11.282309532165527,475.5222473144531
251623,38,0.9210526315789473,0.18892201781272888,0.8049724102020264,20.029170989990234,970.92529296875
251624,3,1.0,0.9762067198753357,,7.816407680511475,1078.2442626953125
251625,100,0.94,0.004078080412000418,0.7576408982276917,11.990339279174805,807.7055053710938
251626,100,0.93,0.008318682201206684,0.74274742603302,19.874671936035156,1260.397216796875
251627,100,0.85,0.011992543004453182,0.7244732975959778,15.514457702636719,163.3475799560547
251628,100,0.89,-0.03152156248688698,0.7578244805335999,7.74837589263916,996.6044921875
251629,100,0.93,0.010240603238344193,0.5163850784301758,19.437637329101562,357.62371826171875
251630,100,0.85,0.0011483122361823916,0.6566836833953857,10.016549110412598,452.99560546875
251631,14,0.7857142857142857,0.39754655957221985,0.5382183194160461,16.617650985717773,541.70947265625
251632,57,0.8421052631578947,0.10219737887382507,0.6371641159057617,17.983797073364258,763.6390991210938
251633,100,0.83,0.05928315222263336,0.6738834977149963,16.441186904907227,1542.9189453125
251634,38,0.9736842105263158,0.049886953085660934,0.6523147821426392,9.937777519226074,678.5980224609375
251635,98,0.8469387755102041,0.09125635027885437,0.5460139513015747,13.669611930847168,470.2926940917969
251636,100,0.86,-0.037459928542375565,0.6727155447006226,10.598193168640137,273.51934814453125
251637,100,0.82,0.07314632833003998,0.5901820659637451,14.373688697814941,363.7247619628906
251638,100,0.93,0.05846307426691055,0.8537004590034485,20.297855377197266,363.54925537109375
251639,100,0.86,-0.010281596332788467,0.4208391606807709,9.264947891235352,503.87762451171875
251640,53,0.8679245283018868,0.14672636985778809,0.7142124772071838,18.481197357177734,483.8139343261719
251641,100,0.89,0.04071285203099251,0.5774987936019897,18.261676788330078,1137.252197265625
251642,36,0.9722222222222222,0.06174812838435173,0.9905714392662048,24.56131935119629,713.0886840820312
251643,100,0.81,-0.003317423164844513,0.7158603668212891,13.918460845947266,140.6845245361328
251644,100,0.94,0.07728932052850723,0.8071295619010925,20.825422286987305,179.02508544921875
251645,45,0.9555555555555556,0.34327009320259094,0.9752947092056274,31.145313262939453,130.093017578125
251646,8,0.875,0.6395595669746399,0.6125199794769287,11.786174774169922,430.349609375
251647,100,0.92,0.034408532083034515,0.772597074508667,19.77936363220215,224.60287475585938
251648,86,0.9767441860465116,0.04429524391889572,0.5278163552284241,23.672935485839844,661.228759765625
251649,93,0.967741935483871,0.06367319077253342,0.665334165096283,23.371580123901367,92.06527709960938
251650,100,0.93,-0.026858191937208176,0.4768419563770294,8.99366283416748,368.5381774902344
251651,100,0.91,0.05232412740588188,0.8239008784294128,24.828641891479492,751.0770874023438
251652,100,0.91,0.0011736835585907102,0.827764093875885,16.787334442138672,216.35992431640625
251653,100,0.9,0.0826706811785698,0.7503844499588013,18.152284622192383,502.80804443359375
251654,100,0.8,0.04162823408842087,0.634807288646698,17.794523239135742,140.5702362060547
251655,100,0.91,0.04431358352303505,0.7917422652244568,10.140707015991211,336.508544921875
251656,100,0.85,-0.002667416585609317,0.7677920460700989,16.23686981201172,583.2025146484375
251657,100,0.9,0.044526953250169754,0.4771333336830139,13.058826446533203,114.8793716430664
251658,100,0.85,0.03610583022236824,0.7328693866729736,14.908443450927734,565.3211669921875
251659,62,0.9032258064516129,0.07011569291353226,0.6441407799720764,12.568044662475586,172.22840881347656
251660,100,0.85,-0.010807289741933346,0.5926849842071533,11.144371032714844,229.67233276367188
251661,100,0.74,0.046048425137996674,0.710524320602417,12.731494903564453,216.38160705566406
251662,100,0.93,0.05611330643296242,0.8859561085700989,20.872709274291992,256.9228210449219
251663,99,0.9090909090909091,0.02842618152499199,0.5355231761932373,16.90250015258789,422.42218017578125
251664,53,0.9056603773584906,0.032826293259859085,0.8931590914726257,18.56739044189453,266.9727783203125
251665,100,0.87,0.05401657894253731,0.7100247740745544,17.998384475708008,301.22930908203125
251666,47,0.9361702127659575,0.06797759234905243,0.5349233746528625,11.543874740600586,746.6069946289062
251667,100,0.88,0.05489230155944824,0.708946168422699,23.269338607788086,324.39459228515625
251668,73,0.9726027397260274,0.07339125126600266,0.6992397308349609,23.37415885925293,143.3782196044922
251669,100,0.83,-0.007590565364807844,0.6088899374008179,11.482369422912598,306.7979736328125
251670,100,0.68,-0.011000958271324635,0.7054095268249512,12.287572860717773,343.0627136230469
251671,100,0.91,0.022470317780971527,0.6507168412208557,19.163883209228516,109.238037109375
251672,100,0.95,-0.01490181963890791,0.4753205180168152,10.895439147949219,362.81695556640625
251673,100,0.9,-0.02665848657488823,0.6802887916564941,15.193737983703613,365.5086364746094
251674,100,0.7,0.005117958411574364,0.6928707361221313,10.0768404006958,314.444091796875
251675,100,0.9,0.05865084379911423,0.7487215995788574,20.001256942749023,440.1050109863281
251676,100,0.89,0.03460864722728729,0.7535768747329712,23.648841857910156,212.69610595703125
251677,100,0.89,0.0881877988576889,0.6554195880889893,18.633136749267578,1230.1842041015625
251678,100,0.94,0.030044063925743103,0.5654324889183044,11.577576637268066,589.9306030273438
251679,100,0.88,-0.02957875095307827,0.7251160144805908,6.3816375732421875,585.1771850585938
251680,100,0.89,0.05113958567380905,0.5450460314750671,17.421899795532227,446.4169921875
251681,100,0.95,0.03112075664103031,0.9631535410881042,18.99225425720215,279.2951354980469
251682,100,0.87,-0.0036503577139228582,0.6454499959945679,10.5917329788208,469.3907165527344
251683,100,0.9,0.016313064843416214,0.8286773562431335,17.055076599121094,328.3486328125
251684,100,0.94,0.04002654552459717,0.5490093231201172,11.891897201538086,337.8451232910156
251685,100,0.96,0.016402188688516617,0.6919242143630981,16.838808059692383,284.28497314453125
251686,98,0.8367346938775511,0.0856735035777092,0.6800854206085205,20.985069274902344,82.14297485351562
251687,100,0.93,0.06849687546491623,0.7777917981147766,15.255367279052734,252.77224731445312
251688,100,0.85,0.024113133549690247,0.7425755262374878,14.017958641052246,303.9498596191406
251689,100,0.88,0.04332099109888077,0.7107428908348083,18.568349838256836,109.41922760009766
251690,100,0.93,0.04208110645413399,0.7920157313346863,21.825183868408203,452.11029052734375
251691,100,0.86,0.0916079580783844,0.6226462125778198,22.196971893310547,524.9458618164062
251692,100,0.83,0.023540569469332695,0.7172156572341919,14.853754043579102,309.2689208984375
251693,23,0.9130434782608695,0.27358517050743103,0.5265856981277466,8.677735328674316,1481.5428466796875
251694,99,0.8686868686868687,0.042885247617959976,0.683279275894165,19.647064208984375,89.3397445678711
251695,11,1.0,0.4629526138305664,,18.302278518676758,792.0494995117188
251696,100,0.87,0.11245907098054886,0.7306928038597107,21.296646118164062,777.607666015625
251697,100,0.93,0.020389307290315628,0.7417704463005066,15.32006549835205,288.3850402832031
251698,99,0.8888888888888888,0.028365856036543846,0.7380257248878479,20.24952507019043,98.99458312988281
251699,100,0.92,0.04853595420718193,0.8337427973747253,19.568511962890625,194.62022399902344
251700,100,0.89,0.04296766594052315,0.7809693813323975,20.54150390625,737.4822387695312
251701,100,0.72,0.035259660333395004,0.5832947492599487,9.93848705291748,348.8761291503906
251702,100,0.84,0.0755513459444046,0.7089880704879761,18.832368850708008,268.3293151855469
251703,93,0.9032258064516129,0.06105570122599602,0.7275797128677368,23.79445457458496,274.4006652832031
251704,77,0.922077922077922,0.1416468471288681,0.7509021162986755,22.235076904296875,361.89483642578125
251705,100,0.92,0.040251538157463074,0.7492378354072571,19.41400718688965,163.09078979492188
251706,82,0.9146341463414634,0.15463684499263763,0.6862439513206482,26.148479461669922,87.83370971679688
251707,100,0.9,0.054736580699682236,0.7247651815414429,21.217145919799805,367.7586364746094
251708,100,0.98,0.016559863463044167,0.8429346084594727,16.649200439453125,577.8032836914062
251709,31,0.8064516129032258,0.11630747467279434,0.5301411747932434,17.336477279663086,505.17486572265625
251710,100,0.85,0.0846184715628624,0.5963379740715027,18.262672424316406,416.4794921875
251711,100,0.78,-0.01572340540587902,0.6129907965660095,13.885751724243164,591.650634765625
251712,100,0.91,0.032717444002628326,0.7911320924758911,18.792009353637695,227.4195098876953
251713,100,0.91,0.06649800390005112,0.7535535097122192,22.046110153198242,209.08291625976562
251714,83,0.963855421686747,0.009497737511992455,0.3706551492214203,16.98002052307129,266.180908203125
251715,100,0.9,0.03675751015543938,0.7749413251876831,15.821435928344727,425.04962158203125
251716,100,0.9,0.06193606182932854,0.6892660856246948,17.68891143798828,302.0816345214844
251717,100,0.85,0.143468976020813,0.6004735231399536,20.82266616821289,1000.9835815429688
251718,87,0.9195402298850575,0.07331600785255432,0.6804757118225098,20.105371475219727,298.3916320800781
