phase,env_steps,model_updates,ac_updates,elapsed_seconds,scene,success,pickup,timeout,oob,length,return_
prefill,100,0,0,0.9,250000,False,False,True,False,100,-1.3223818269350471
prefill,200,0,0,0.9,250001,False,False,True,False,100,-1.368535746512731
prefill,300,0,0,1.0,250002,False,False,True,False,100,-1.4904921352155056
prefill,400,0,0,1.0,250003,False,False,True,False,100,-1.3299339761661386
prefill,447,0,0,1.0,250004,False,False,False,True,47,-1.0192066226570602
prefill,547,0,0,1.0,250005,False,False,True,False,100,-1.4341195075107982
prefill,634,0,0,1.0,250006,False,False,False,True,87,-1.3149747365225353
prefill,700,0,0,1.0,250007,False,False,False,True,66,-1.1528117191358294
prefill,730,0,0,1.0,250008,False,False,False,True,30,-0.8601759190055405
prefill,830,0,0,1.0,250009,False,False,True,False,100,-1.3735628921569283
prefill,930,0,0,1.0,250010,False,False,True,False,100,-1.4084738776262942
prefill,1030,0,0,1.0,250011,False,False,True,False,100,-1.7784313976084947
policy,1130,69,19,20.3,250012,False,False,True,False,100,-1.18155275090548
policy,1230,89,39,22.9,250013,False,False,True,False,100,-1.4414962129929394
policy,1330,109,59,25.5,250014,False,False,True,False,100,-1.1049257134452506
policy,1381,120,70,27.1,250015,False,False,False,True,51,-0.8798817233428143
policy,1481,140,90,29.8,250016,False,False,True,False,100,-1.5239082298813316
policy,1581,160,110,32.5,250017,False,False,True,False,100,-1.4009539507331048
policy,1681,180,130,35.3,250018,False,False,True,False,100,-1.7160187695384836
policy,1781,200,150,38.2,250019,False,False,True,False,100,-1.5066599668484038
policy,1839,211,161,39.7,250020,False,False,False,True,58,-0.8908478469483738
policy,1939,231,181,42.6,250021,False,False,True,False,100,-1.4656833723997624
policy,2039,251,201,45.5,250022,False,False,True,False,100,-1.1227905396904707
policy,2139,271,221,48.4,250023,False,False,True,False,100,-1.212699210616194
policy,2239,291,241,51.5,250024,False,False,True,False,100,-1.5852459970024992
policy,2339,311,261,54.3,250025,False,False,True,False,100,-1.1435073700479566
policy,2439,331,281,57.0,250026,False,False,True,False,100,-1.2574000671905772
policy,2539,351,301,59.7,250027,False,False,True,False,100,-1.456619974586539
policy,2639,371,321,62.5,250028,False,False,True,False,100,-1.4577734112335294
policy,2739,391,341,65.3,250029,False,False,True,False,100,-1.093897768833209
policy,2839,411,361,68.3,250030,False,False,True,False,100,-1.5592144547662747
policy,2939,431,381,71.3,250031,False,False,True,False,100,-1.772739317441113
policy,2948,433,383,71.6,250032,False,False,False,True,9,-0.6400646101387548
policy,3019,447,397,74.0,250033,False,False,False,True,71,-1.4403426344426427
policy,3119,467,417,77.2,250034,False,False,True,False,100,-1.4920897781745106
policy,3187,481,431,79.2,250035,False,False,False,True,68,-1.2827620154439112
policy,3210,485,435,79.8,250036,False,False,False,True,23,-1.0051411375369792
policy,3272,498,448,81.5,250037,False,True,False,True,62,-0.9933857050389927
policy,3281,500,450,81.8,250038,False,False,False,True,9,-0.6304695716277537
policy,3381,520,470,84.6,250039,False,False,True,False,100,-1.420698311034656
policy,3481,540,490,87.4,250040,False,False,True,False,100,-1.3962401117592778
policy,3581,560,510,90.4,250041,False,False,True,False,100,-1.181969112406379
policy,3681,580,530,93.4,250042,False,False,True,False,100,-1.6993732587687886
policy,3738,591,541,95.1,250043,False,False,False,True,57,-1.046934723955282
policy,3838,611,561,98.4,250044,False,False,True,False,100,-1.4902001119079011
policy,3893,622,572,100.2,250045,False,False,False,True,55,-1.153389782030323
policy,3993,642,592,103.4,250046,False,False,True,False,100,-1.6737526756841394
policy,4069,657,607,105.9,250047,False,False,False,True,76,-1.11242995002368
policy,4169,677,627,109.0,250048,False,False,True,False,100,-1.1635038052691424
policy,4269,697,647,111.8,250049,False,False,True,False,100,-1.2120768997875935
policy,4369,717,667,114.8,250050,False,False,True,False,100,-1.6147201229030468
policy,4469,737,687,117.6,250051,False,False,True,False,100,-1.46232607577636
policy,4569,757,707,120.5,250052,False,False,True,False,100,-1.3382586691191631
policy,4669,777,727,123.5,250053,False,False,True,False,100,-1.4957707113169345
policy,4760,795,745,126.2,250054,False,False,False,True,91,-1.2690558994252685
policy,4770,797,747,126.5,250055,False,False,False,True,10,-0.7741114973633605
policy,4870,817,767,129.9,250056,False,False,True,False,100,-1.326979928504945
policy,4970,837,787,132.9,250057,False,False,True,False,100,-1.2272181114982013
policy,4990,841,791,133.5,250058,False,False,False,True,20,-0.8001595505620047
policy,5034,850,800,134.9,250059,False,False,False,True,44,-0.8364155871217356
policy,5105,864,814,137.0,250060,False,False,False,True,71,-1.2412859036215682
policy,5205,884,834,140.0,250061,False,False,True,False,100,-1.5986796822170002
policy,5262,896,846,141.8,250062,False,False,False,True,57,-0.8693114944380487
policy,5322,908,858,143.7,250063,False,False,False,True,60,-0.9095210080513659
policy,5422,928,878,146.7,250064,False,False,True,False,100,-1.507805330613852
policy,5522,948,898,149.6,250065,False,False,True,False,100,-1.4874628982778915
policy,5622,968,918,152.5,250066,False,False,True,False,100,-1.517633865363002
policy,5722,988,938,155.5,250067,False,False,True,False,100,-1.3463720026806012
policy,5801,1004,954,157.9,250068,False,False,False,True,79,-1.452669468070381
policy,5901,1024,974,161.0,250069,False,False,True,False,100,-1.2935252158889141
policy,6001,1044,994,164.0,250070,False,False,True,False,100,-1.2566318136267007
policy,6101,1064,1014,167.2,250071,False,False,True,False,100,-1.1112004557611872
policy,6201,1084,1034,170.6,250072,False,False,True,False,100,-1.769903381352914
policy,6301,1104,1054,173.7,250073,False,False,True,False,100,-1.752685753373856
policy,6401,1124,1074,176.7,250074,False,False,True,False,100,-1.4727694599727639
policy,6501,1144,1094,179.7,250075,False,False,True,False,100,-1.411941357899334
policy,6601,1164,1114,182.7,250076,False,False,True,False,100,-1.6331432553006742
policy,6701,1184,1134,185.6,250077,False,False,True,False,100,-1.2753806922055384
policy,6748,1193,1143,186.9,250078,False,False,False,True,47,-0.9132810291216303
policy,6848,1213,1163,190.0,250079,False,False,True,False,100,-1.3366885911431732
policy,6948,1233,1183,193.0,250080,False,False,True,False,100,-1.332591429670405
policy,7048,1253,1203,196.0,250081,False,False,True,False,100,-1.1769102089971892
policy,7148,1273,1223,199.1,250082,False,False,True,False,100,-1.4143292484685122
policy,7248,1293,1243,202.3,250083,False,False,True,False,100,-1.0718739300957814
policy,7348,1313,1263,205.6,250084,False,False,True,False,100,-1.3068275715504298
policy,7448,1333,1283,208.9,250085,False,False,True,False,100,-1.719285468833844
policy,7548,1353,1303,212.7,250086,False,False,True,False,100,-1.766274199388431
policy,7648,1373,1323,216.0,250087,False,False,True,False,100,-1.2842191747980476
policy,7748,1393,1343,219.1,250088,False,False,True,False,100,-1.3319644849273096
policy,7848,1413,1363,222.3,250089,False,False,True,False,100,-1.5054680603383757
policy,7948,1433,1383,225.5,250090,False,False,True,False,100,-1.1165544044811986
policy,8048,1453,1403,228.7,250091,False,False,True,False,100,-1.1220361074876128
policy,8148,1473,1423,232.2,250092,False,False,True,False,100,-1.2112490877770448
policy,8248,1493,1443,236.0,250093,False,False,True,False,100,-1.4706598242191808
policy,8315,1506,1456,238.4,250094,False,False,False,True,67,-1.153730427429629
policy,8415,1526,1476,241.7,250095,False,False,True,False,100,-1.4258242316284142
policy,8515,1546,1496,244.6,250096,False,False,True,False,100,-1.2920218257991092
policy,8615,1566,1516,247.6,250097,False,False,True,False,100,-1.4197155584154642
policy,8715,1586,1536,250.8,250098,False,False,True,False,100,-1.6118082897950612
policy,8810,1605,1555,253.9,250099,False,False,False,True,95,-1.2288350242802824
policy,8910,1625,1575,257.2,250100,False,False,True,False,100,-1.6943558006148107
policy,9010,1645,1595,260.6,250101,False,False,True,False,100,-1.3170683654083177
policy,9110,1665,1615,263.7,250102,False,False,True,False,100,-1.4350886402106795
policy,9210,1685,1635,266.6,250103,False,False,True,False,100,-1.565222204659811
policy,9310,1705,1655,269.6,250104,False,False,True,False,100,-1.465562747391027
policy,9410,1725,1675,272.6,250105,False,False,True,False,100,-1.110953382060776
policy,9509,1745,1695,275.5,250106,False,False,False,True,99,-1.5992319505104866
policy,9569,1757,1707,277.3,250107,False,False,False,True,60,-0.8950932578686625
policy,9669,1777,1727,280.4,250108,False,False,True,False,100,-1.3658523342182438
policy,9769,1797,1747,283.6,250109,False,False,True,False,100,-1.619159803788903
policy,9869,1817,1767,287.5,250110,False,False,True,False,100,-1.241115528681825
policy,9969,1837,1787,291.3,250111,False,False,True,False,100,-1.5318767056820142
policy,10069,1857,1807,294.5,250112,False,False,True,False,100,-1.1208361587384874
policy,10169,1877,1827,297.7,250113,False,False,True,False,100,-1.1172250199949518
policy,10269,1897,1847,301.0,250114,False,False,True,False,100,-1.6142480708088534
policy,10369,1917,1867,304.0,250115,False,False,True,False,100,-1.4910641769516642
policy,10469,1937,1887,307.0,250116,False,False,True,False,100,-1.204311498454473
policy,10569,1957,1907,310.1,250117,False,False,True,False,100,-1.146814701467809
policy,10586,1961,1911,310.7,250118,False,False,False,True,17,-0.7656609142598414
policy,10686,1981,1931,314.3,250119,False,False,True,False,100,-1.1809703182515732
policy,10767,1997,1947,316.9,250120,False,False,False,True,81,-0.982925908287928
policy,10867,2017,1967,320.0,250121,False,False,True,False,100,-1.2297912072692099
policy,10967,2037,1987,323.1,250122,False,False,True,False,100,-1.5973005265246014
policy,11014,2046,1996,324.7,250123,False,False,False,True,47,-0.8190440771626379
policy,11114,2066,2016,327.8,250124,False,False,True,False,100,-1.5396400842091715
policy,11214,2086,2036,331.1,250125,False,False,True,False,100,-1.2192716709330873
policy,11314,2106,2056,334.2,250126,False,False,True,False,100,-1.243745478865601
policy,11414,2126,2076,337.2,250127,False,False,True,False,100,-1.2194411450159022
policy,11514,2146,2096,340.2,250128,False,False,True,False,100,-1.1223635380861678
policy,11538,2151,2101,340.9,250129,False,False,False,True,24,-0.8009086412790659
policy,11627,2169,2119,343.5,250130,False,False,False,True,89,-1.2471148849450513
policy,11717,2187,2137,346.0,250131,False,False,False,True,90,-1.1588698820084122
policy,11817,2207,2157,349.0,250132,False,False,True,False,100,-1.3981086372206217
policy,11917,2227,2177,352.0,250133,False,False,True,False,100,-1.3800066358636003
policy,11979,2239,2189,353.9,250134,False,False,False,True,62,-0.9825839972514506
policy,12079,2259,2209,357.1,250135,False,False,True,False,100,-1.3595016695269757
policy,12179,2279,2229,360.1,250136,False,False,True,False,100,-1.2072527749057578
policy,12279,2299,2249,363.1,250137,False,False,True,False,100,-1.4038528191468012
policy,12379,2319,2269,366.2,250138,False,False,True,False,100,-1.6783313176831867
policy,12479,2339,2289,369.5,250139,False,False,True,False,100,-1.533783070759282
policy,12579,2359,2309,372.5,250140,False,False,True,False,100,-1.6541811133884101
policy,12679,2379,2329,375.3,250141,False,False,True,False,100,-1.472278385555986
policy,12740,2391,2341,377.0,250142,False,False,False,True,61,-1.3512280754482997
policy,12840,2411,2361,379.9,250143,False,False,True,False,100,-1.5709746244404128
policy,12940,2431,2381,382.8,250144,False,False,True,False,100,-1.382822250562191
policy,13027,2449,2399,385.6,250145,False,False,False,True,87,-1.2947810973165876
policy,13127,2469,2419,388.5,250146,False,False,True,False,100,-1.5165667367761393
policy,13227,2489,2439,391.5,250147,False,False,True,False,100,-1.4290993096093625
policy,13327,2509,2459,394.6,250148,False,False,True,False,100,-1.4192562692771413
policy,13427,2529,2479,397.7,250149,False,False,True,False,100,-1.5145331509848265
policy,13527,2549,2499,400.9,250150,False,False,True,False,100,-1.50611931942979
policy,13627,2569,2519,404.0,250151,False,False,True,False,100,-1.4557504689443435
policy,13696,2583,2533,406.0,250152,False,False,False,True,69,-1.1117614800026516
policy,13796,2603,2553,408.8,250153,False,False,True,False,100,-1.1535272221416517
policy,13896,2623,2573,411.7,250154,False,False,True,False,100,-1.3746129940104201
policy,13996,2643,2593,414.6,250155,False,False,True,False,100,-1.4013066344555098
policy,14049,2653,2603,416.1,250156,False,False,False,True,53,-0.9194832349598157
policy,14149,2673,2623,419.1,250157,False,False,True,False,100,-1.3280189372539608
policy,14249,2693,2643,422.0,250158,False,False,True,False,100,-1.1853181106457407
policy,14349,2713,2663,425.1,250159,False,False,True,False,100,-1.466169869547409
policy,14449,2733,2683,428.2,250160,False,False,True,False,100,-1.4882313168146482
policy,14549,2753,2703,431.2,250161,False,False,True,False,100,-1.6381881564613159
policy,14630,2769,2719,433.5,250162,False,False,False,True,81,-1.3216727405386417
policy,14698,2783,2733,435.5,250163,False,False,False,True,68,-1.2106356254120734
policy,14798,2803,2753,438.4,250164,False,False,True,False,100,-1.5885358902278433
policy,14816,2807,2757,439.0,250165,False,False,False,True,18,-0.8340487360310527
policy,14916,2827,2777,441.9,250166,False,False,True,False,100,-1.4802587807551681
policy,15016,2847,2797,444.9,250167,False,False,True,False,100,-1.3502744714464288
policy,15102,2864,2814,447.8,250168,False,False,False,True,86,-1.2089645178312245
policy,15155,2874,2824,449.3,250169,False,False,False,True,53,-1.0074133475051732
policy,15255,2894,2844,452.3,250170,False,False,True,False,100,-1.5191021343558175
policy,15337,2911,2861,454.9,250171,False,False,False,True,82,-1.3940154625644476
policy,15437,2931,2881,457.9,250172,False,False,True,False,100,-1.5230651716360857
policy,15509,2945,2895,460.0,250173,False,False,False,True,72,-1.136215187793831
policy,15609,2965,2915,463.1,250174,False,False,True,False,100,-1.2571388043119158
policy,15709,2985,2935,466.2,250175,False,False,True,False,100,-1.6703003238773866
policy,15809,3005,2955,469.3,250176,False,False,True,False,100,-1.6867036282400665
policy,15909,3025,2975,472.5,250177,False,False,True,False,100,-1.4810227416793813
policy,16009,3045,2995,475.5,250178,False,False,True,False,100,-1.5675319229537314
policy,16109,3065,3015,478.6,250179,False,False,True,False,100,-1.6280980910358012
policy,16209,3085,3035,481.7,250180,False,False,True,False,100,-1.2945656204336569
policy,16255,3094,3044,483.0,250181,False,False,False,True,46,-0.8040247540814196
policy,16355,3114,3064,486.1,250182,False,False,True,False,100,-1.430118482716256
policy,16455,3134,3084,489.2,250183,False,False,True,False,100,-1.4052439617535781
policy,16502,3144,3094,490.7,250184,False,False,False,True,47,-1.1048107070356998
policy,16602,3164,3114,493.7,250185,False,False,True,False,100,-1.0909521428811053
policy,16702,3184,3134,496.9,250186,False,False,True,False,100,-1.4726946461202401
policy,16802,3204,3154,500.2,250187,False,False,True,False,100,-1.4048550530778732
policy,16902,3224,3174,503.1,250188,False,False,True,False,100,-1.1824737589985186
policy,16961,3236,3186,504.9,250189,False,False,False,True,59,-1.1243953288699324
policy,17061,3256,3206,508.4,250190,False,False,True,False,100,-1.1837098177378276
policy,17161,3276,3226,511.3,250191,False,False,True,False,100,-1.3986964228614651
policy,17261,3296,3246,514.3,250192,False,False,True,False,100,-1.1668754825860739
policy,17361,3316,3266,517.2,250193,False,False,True,False,100,-1.3681732816734105
policy,17461,3336,3286,520.3,250194,False,False,True,False,100,-1.5496294202042624
policy,17561,3356,3306,523.4,250195,False,False,True,False,100,-1.4417202785331882
policy,17661,3376,3326,526.9,250196,False,False,True,False,100,-1.3026982520457335
policy,17761,3396,3346,529.9,250197,False,False,True,False,100,-1.0823083808326874
policy,17861,3416,3366,532.9,250198,False,False,True,False,100,-1.1134644987938223
policy,17961,3436,3386,536.0,250199,False,False,True,False,100,-1.6089729911560298
policy,18061,3456,3406,539.0,250200,False,False,True,False,100,-1.1213376725182886
policy,18109,3465,3415,540.4,250201,False,False,False,True,48,-1.026413847908875
policy,18209,3485,3435,543.6,250202,False,False,True,False,100,-1.6239129703714545
policy,18278,3499,3449,545.7,250203,False,False,False,True,69,-1.238649680578976
policy,18378,3519,3469,548.8,250204,False,False,True,False,100,-1.3588396132356793
policy,18478,3539,3489,551.8,250205,False,False,True,False,100,-1.412484782828983
policy,18555,3554,3504,554.1,250206,False,False,False,True,77,-1.1566149417986695
policy,18655,3574,3524,557.3,250207,False,False,True,False,100,-1.2927231971562279
policy,18755,3594,3544,560.3,250208,False,False,True,False,100,-1.3743462122008792
policy,18855,3614,3564,563.3,250209,False,False,True,False,100,-1.548696764097968
policy,18933,3630,3580,566.0,250210,False,False,False,True,78,-1.244173527543709
policy,18996,3643,3593,568.0,250211,False,False,False,True,63,-1.0466178569232991
policy,19096,3663,3613,571.4,250212,False,False,True,False,100,-1.3848226512871722
policy,19111,3666,3616,571.9,250213,False,False,False,True,15,-0.8396464557493246
policy,19211,3686,3636,575.2,250214,False,False,True,False,100,-1.6108403731902328
policy,19311,3706,3656,578.4,250215,False,False,True,False,100,-1.571133838752983
policy,19380,3719,3669,580.5,250216,False,False,False,True,69,-1.1554332838712131
policy,19480,3739,3689,583.7,250217,False,False,True,False,100,-1.6805260535749635
policy,19580,3759,3709,586.9,250218,False,False,True,False,100,-1.1657618707592383
policy,19680,3779,3729,590.1,250219,False,False,True,False,100,-1.3985314003490203
policy,19780,3799,3749,593.2,250220,False,False,True,False,100,-1.7082152220301228
policy,19880,3819,3769,596.5,250221,False,False,True,False,100,-1.320299810597977
policy,19942,3832,3782,598.6,250222,False,False,False,True,62,-0.9957634969670138
policy,20042,3852,3802,602.3,250223,False,False,True,False,100,-1.348609172397094
policy,20142,3872,3822,605.7,250224,False,False,True,False,100,-1.3465755472777146
policy,20242,3892,3842,608.9,250225,False,False,True,False,100,-1.455209992109199
policy,20342,3912,3862,612.1,250226,False,False,True,False,100,-1.5630178638451777
policy,20442,3932,3882,615.3,250227,False,False,True,False,100,-1.4410985656098951
policy,20542,3952,3902,618.6,250228,False,False,True,False,100,-1.577241860274503
policy,20591,3962,3912,620.3,250229,False,False,False,True,49,-0.9256425435077287
policy,20627,3969,3919,621.4,250230,False,False,False,True,36,-0.8649758575459383
policy,20727,3989,3939,625.1,250231,False,False,True,False,100,-1.237088917338028
policy,20827,4009,3959,628.3,250232,False,False,True,False,100,-1.5784550440781506
policy,20927,4029,3979,631.5,250233,False,False,True,False,100,-1.3148879990158688
policy,21027,4049,3999,634.6,250234,False,False,True,False,100,-1.4601199254929962
policy,21127,4069,4019,637.8,250235,False,False,True,False,100,-1.1529572904722913
policy,21227,4089,4039,641.1,250236,False,False,True,False,100,-1.1932542812444447
policy,21327,4109,4059,644.5,250237,False,False,True,False,100,-1.5058123280432012
policy,21427,4129,4079,647.9,250238,False,False,True,False,100,-1.3224295463926639
policy,21527,4149,4099,651.1,250239,False,False,True,False,100,-1.081930248748742
policy,21627,4169,4119,654.3,250240,False,False,True,False,100,-1.5128250457888872
policy,21704,4184,4134,656.7,250241,False,False,False,True,77,-1.6237613962729145
policy,21708,4185,4135,656.9,250242,False,False,False,True,4,-0.6672639555144072
policy,21794,4202,4152,659.6,250243,False,False,False,True,86,-1.5008019843223992
policy,21894,4222,4172,663.0,250244,False,False,True,False,100,-1.3625018427531295
policy,21994,4242,4192,666.2,250245,False,False,True,False,100,-1.4855126035606512
policy,22094,4262,4212,669.5,250246,False,False,True,False,100,-1.150568976789216
policy,22194,4282,4232,673.0,250247,False,False,True,False,100,-1.4107067428885212
policy,22212,4286,4236,673.7,250248,False,False,False,True,18,-0.7422319743135488
policy,22312,4306,4256,677.1,250249,False,False,True,False,100,-1.5891185309051088
policy,22412,4326,4276,680.5,250250,False,False,True,False,100,-1.3165616271995844
policy,22504,4344,4294,683.4,250251,False,False,False,True,92,-1.5311153604854155
policy,22604,4364,4314,686.8,250252,False,False,True,False,100,-1.3797472321397461
policy,22704,4384,4334,690.1,250253,False,False,True,False,100,-1.3200867083903731
policy,22715,4386,4336,690.4,250254,False,False,False,True,11,-0.6860775354174113
policy,22814,4406,4356,693.7,250255,False,False,False,True,99,-1.1504690773456947
policy,22837,4411,4361,694.5,250256,False,False,False,True,23,-0.7020187640981408
policy,22937,4431,4381,697.7,250257,False,False,True,False,100,-1.4253615031993574
policy,22949,4433,4383,698.1,250258,False,False,False,True,12,-0.6809903524869506
policy,23049,4453,4403,701.6,250259,False,False,True,False,100,-1.5107809604825702
policy,23149,4473,4423,705.0,250260,False,False,True,False,100,-1.392095586669677
policy,23249,4493,4443,708.4,250261,False,False,True,False,100,-1.4322822897805139
policy,23303,4504,4454,710.3,250262,False,False,False,True,54,-1.1124892148562773
policy,23403,4524,4474,714.0,250263,False,False,True,False,100,-1.445172499624019
policy,23503,4544,4494,717.5,250264,False,False,True,False,100,-1.2421131308023718
policy,23603,4564,4514,720.8,250265,False,False,True,False,100,-1.6227579372962522
policy,23632,4570,4520,721.8,250266,False,False,False,True,29,-1.1329207437318756
policy,23730,4589,4539,725.0,250267,False,False,False,True,98,-1.4438685487938905
policy,23830,4609,4559,728.2,250268,False,False,True,False,100,-1.4219031418589214
policy,23930,4629,4579,731.5,250269,False,False,True,False,100,-1.5342549397540788
policy,24030,4649,4599,735.1,250270,False,False,True,False,100,-1.2891490253932907
policy,24130,4669,4619,738.3,250271,False,False,True,False,100,-1.1938198584497735
policy,24230,4689,4639,741.6,250272,False,False,True,False,100,-1.5295196823857269
policy,24330,4709,4659,745.1,250273,False,True,True,False,100,-1.439633437184439
policy,24430,4729,4679,748.6,250274,False,False,True,False,100,-1.0979027538400459
policy,24530,4749,4699,752.2,250275,False,False,True,False,100,-1.2938416763843559
policy,24619,4767,4717,755.4,250276,False,False,False,True,89,-1.1632412485822492
policy,24718,4787,4737,759.6,250277,False,False,False,True,99,-1.1875123630263151
policy,24818,4807,4757,763.1,250278,False,False,True,False,100,-1.7497409997603646
policy,24918,4827,4777,766.4,250279,False,False,True,False,100,-1.248958267661218
policy,25018,4847,4797,769.8,250280,False,False,True,False,100,-1.4471330302665013
policy,25044,4852,4802,770.6,250281,False,False,False,True,26,-0.8552620464119602
policy,25144,4872,4822,774.2,250282,False,False,True,False,100,-1.2043189616161023
policy,25192,4882,4832,776.1,250283,False,False,False,True,48,-0.9859894035562815
policy,25292,4902,4852,779.7,250284,False,False,True,False,100,-1.6747917664880112
policy,25392,4922,4872,782.9,250285,False,False,True,False,100,-1.6275797854120744
policy,25492,4942,4892,786.2,250286,False,False,True,False,100,-1.6473882113779945
policy,25592,4962,4912,790.0,250287,False,False,True,False,100,-1.556568913890038
policy,25635,4970,4920,791.8,250288,False,False,False,True,43,-0.8320944847259657
policy,25735,4990,4940,795.8,250289,False,False,True,False,100,-1.4271864991258196
policy,25835,5010,4960,800.4,250290,False,False,True,False,100,-1.429176229212847
policy,25935,5030,4980,804.6,250291,False,False,True,False,100,-1.1184827791687522
policy,25997,5043,4993,807.3,250292,False,False,False,True,62,-1.065493395721232
policy,26097,5063,5013,811.1,250293,False,False,True,False,100,-1.173969493173168
policy,26146,5073,5023,813.1,250294,False,False,False,True,49,-0.8090072181935337
policy,26246,5093,5043,817.0,250295,False,False,True,False,100,-1.6234221643997564
policy,26346,5113,5063,820.4,250296,False,False,True,False,100,-1.5642437236405742
policy,26446,5133,5083,823.8,250297,False,False,True,False,100,-1.3706441867793853
policy,26546,5153,5103,827.2,250298,False,False,True,False,100,-1.6174265044881873
policy,26646,5173,5123,830.6,250299,False,False,True,False,100,-1.322016877036617
policy,26686,5181,5131,831.9,250300,False,False,False,True,40,-0.9165752395150749
policy,26780,5199,5149,835.6,250301,False,False,False,True,94,-1.3470230179118765
policy,26880,5219,5169,839.8,250302,False,False,True,False,100,-1.7215952377039825
policy,26980,5239,5189,843.8,250303,False,False,True,False,100,-1.1882574813311753
policy,26999,5243,5193,844.7,250304,False,False,False,True,19,-0.7421485443260195
policy,27091,5262,5212,848.7,250305,False,False,False,True,92,-1.1925086260315392
policy,27191,5282,5232,853.1,250306,False,False,True,False,100,-1.2751514161549333
policy,27291,5302,5252,858.1,250307,False,False,True,False,100,-1.4377072751322542
policy,27391,5322,5272,863.3,250308,False,False,True,False,100,-1.151847760780154
policy,27491,5342,5292,868.4,250309,False,False,True,False,100,-1.3250996253394351
policy,27591,5362,5312,873.3,250310,False,False,True,False,100,-1.4339658143409744
policy,27691,5382,5332,878.3,250311,False,False,True,False,100,-1.3453323410802742
policy,27698,5383,5333,878.6,250312,False,False,False,True,7,-0.6462084338991744
policy,27798,5403,5353,883.6,250313,False,False,True,False,100,-1.1294897473010335
policy,27804,5404,5354,883.9,250314,False,False,False,True,6,-0.8166684988711499
policy,27893,5422,5372,888.3,250315,False,False,False,True,89,-1.1758296909825656
policy,27993,5442,5392,893.0,250316,False,False,True,False,100,-1.53572128318214
policy,28093,5462,5412,897.8,250317,False,False,True,False,100,-1.441517292081732
policy,28193,5482,5432,903.2,250318,False,False,True,False,100,-1.1460168414759326
policy,28293,5502,5452,907.9,250319,False,False,True,False,100,-1.5141260451206788
policy,28393,5522,5472,912.3,250320,False,False,True,False,100,-1.594495599673365
policy,28432,5530,5480,913.8,250321,False,False,False,True,39,-0.810598943736428
policy,28482,5540,5490,915.5,250322,False,False,False,True,50,-0.9662784487845351
policy,28582,5560,5510,918.9,250323,False,False,True,False,100,-1.2860853105802854
policy,28682,5580,5530,922.6,250324,False,False,True,False,100,-1.2390084853438041
policy,28782,5600,5550,926.2,250325,False,False,True,False,100,-1.1528525599909623
policy,28882,5620,5570,930.0,250326,False,False,True,False,100,-1.1231921587767277
policy,28908,5625,5575,930.9,250327,False,False,False,True,26,-0.9640367044349817
policy,29008,5645,5595,934.8,250328,False,False,True,False,100,-1.7776633346967303
policy,29039,5651,5601,935.8,250329,False,False,False,True,31,-0.8238982465969691
policy,29139,5671,5621,939.5,250330,False,False,True,False,100,-1.4459696269485673
policy,29239,5691,5641,943.3,250331,False,False,True,False,100,-1.3877121865678643
policy,29339,5711,5661,946.9,250332,False,False,True,False,100,-1.2169793047866695
policy,29434,5730,5680,950.4,250333,False,True,False,True,95,-1.5758633687497126
policy,29534,5750,5700,954.1,250334,False,False,True,False,100,-1.2622476453032958
policy,29634,5770,5720,957.8,250335,False,False,True,False,100,-1.2419758743370135
policy,29705,5784,5734,960.4,250336,False,False,False,True,71,-1.109886460506051
policy,29805,5804,5754,964.2,250337,False,False,True,False,100,-1.3950843376548123
policy,29905,5824,5774,967.8,250338,False,False,True,False,100,-1.1313692734000402
policy,30005,5844,5794,971.5,250339,False,False,True,False,100,-1.339057176055049
policy,30105,5864,5814,975.2,250340,False,False,True,False,100,-1.550984722587661
policy,30171,5878,5828,977.9,250341,False,False,False,True,66,-1.397308586314961
policy,30267,5897,5847,981.3,250342,False,True,False,True,96,-1.1354480022856805
policy,30367,5917,5867,985.0,250343,False,False,True,False,100,-1.399325745361167
policy,30417,5927,5877,986.9,250344,False,False,False,True,50,-1.1033151264611316
policy,30517,5947,5897,990.5,250345,False,False,True,False,100,-1.3771854380899993
policy,30617,5967,5917,994.1,250346,False,False,True,False,100,-1.6726934307023802
policy,30717,5987,5937,997.7,250347,False,False,True,False,100,-1.5961207735742189
policy,30817,6007,5957,1001.3,250348,False,False,True,False,100,-1.2572632619460067
policy,30917,6027,5977,1005.3,250349,False,False,True,False,100,-1.4554727468109665
policy,31017,6047,5997,1009.4,250350,False,False,True,False,100,-1.3081668821652124
policy,31117,6067,6017,1013.3,250351,False,False,True,False,100,-1.358708402179401
policy,31172,6078,6028,1015.2,250352,False,False,False,True,55,-0.9270445206077643
policy,31272,6098,6048,1018.7,250353,False,False,True,False,100,-1.2269864614133998
policy,31372,6118,6068,1022.1,250354,False,False,True,False,100,-1.5485777402109187
policy,31472,6138,6088,1025.6,250355,False,False,True,False,100,-1.2862875274100571
policy,31572,6158,6108,1029.2,250356,False,False,True,False,100,-1.6461330452671337
policy,31672,6178,6128,1033.5,250357,False,False,True,False,100,-1.443353135433634
policy,31772,6198,6148,1037.9,250358,False,False,True,False,100,-1.3542668379161
policy,31872,6218,6168,1042.4,250359,False,False,True,False,100,-1.3205515962216432
policy,31965,6236,6186,1046.4,250360,False,False,False,True,93,-1.3239347850455887
policy,32065,6256,6206,1050.9,250361,False,False,True,False,100,-1.2188483712382179
policy,32165,6276,6226,1055.4,250362,False,True,True,False,100,-1.6236606553563975
policy,32194,6282,6232,1056.8,250363,False,False,False,True,29,-0.8851732904628709
policy,32215,6286,6236,1057.7,250364,False,False,False,True,21,-0.8041786537541238
policy,32238,6291,6241,1058.7,250365,False,False,False,True,23,-0.7141406511085808
policy,32338,6311,6261,1063.5,250366,False,False,True,False,100,-1.2475321533933175
policy,32438,6331,6281,1067.4,250367,False,False,True,False,100,-1.1840028618218725
policy,32538,6351,6301,1071.0,250368,False,False,True,False,100,-1.4596709888075232
policy,32550,6353,6303,1071.3,250369,False,False,False,True,12,-0.9154967481742008
policy,32650,6373,6323,1074.7,250370,False,False,True,False,100,-1.4177833932898651
policy,32750,6393,6343,1078.1,250371,False,False,True,False,100,-1.439919735493421
policy,32850,6413,6363,1081.6,250372,False,False,True,False,100,-1.471030335451592
policy,32891,6422,6372,1083.2,250373,False,False,False,True,41,-1.0493523989938107
policy,32991,6442,6392,1086.6,250374,False,False,True,False,100,-1.243596357408267
policy,33091,6462,6412,1090.2,250375,False,False,True,False,100,-1.335962696389368
policy,33114,6466,6416,1091.0,250376,False,False,False,True,23,-0.7737730563418325
policy,33139,6471,6421,1091.9,250377,False,False,False,True,25,-0.7300876219852672
policy,33239,6491,6441,1095.6,250378,False,False,True,False,100,-1.699032006755268
policy,33339,6511,6461,1099.3,250379,False,False,True,False,100,-1.2963600003498812
policy,33439,6531,6481,1102.8,250380,False,False,True,False,100,-1.125657297492503
policy,33539,6551,6501,1107.2,250381,False,False,True,False,100,-1.698954413935115
policy,33639,6571,6521,1111.1,250382,False,False,True,False,100,-1.0935582872300915
policy,33739,6591,6541,1115.1,250383,False,False,True,False,100,-1.4307099485794508
policy,33767,6597,6547,1116.1,250384,False,False,False,True,28,-0.823650093497986
policy,33867,6617,6567,1119.8,250385,False,False,True,False,100,-1.1338620444798404
policy,33967,6637,6587,1123.5,250386,False,False,True,False,100,-1.159152168650806
policy,34067,6657,6607,1127.2,250387,False,False,True,False,100,-1.5634721073920756
policy,34167,6677,6627,1130.9,250388,False,False,True,False,100,-1.2011609180291116
policy,34267,6697,6647,1134.8,250389,False,False,True,False,100,-1.6698481285189695
policy,34290,6701,6651,1135.5,250390,False,False,False,True,23,-0.7211238523575257
policy,34390,6721,6671,1139.6,250391,False,False,True,False,100,-1.4264069401182726
policy,34490,6741,6691,1143.6,250392,False,False,True,False,100,-1.2405446076067663
policy,34590,6761,6711,1147.0,250393,False,False,True,False,100,-1.4753094480657987
policy,34690,6781,6731,1150.5,250394,False,False,True,False,100,-1.3853606992769878
policy,34790,6801,6751,1153.9,250395,False,False,True,False,100,-1.4449728927968464
policy,34890,6821,6771,1157.4,250396,False,False,True,False,100,-1.268461362435258
policy,34990,6841,6791,1160.9,250397,False,False,True,False,100,-1.519058591387892
policy,35090,6861,6811,1164.5,250398,False,False,True,False,100,-1.3958900466441717
policy,35140,6871,6821,1166.4,250399,False,False,False,True,50,-1.0647385191722607
policy,35240,6891,6841,1170.0,250400,False,False,True,False,100,-1.312359331606805
policy,35284,6900,6850,1171.6,250401,False,False,False,True,44,-0.9465382227970074
policy,35384,6920,6870,1175.0,250402,False,False,True,False,100,-1.0974433890666746
policy,35484,6940,6890,1178.4,250403,False,False,True,False,100,-1.2401783299409936
policy,35584,6960,6910,1181.9,250404,False,False,True,False,100,-1.3111723619830495
policy,35684,6980,6930,1185.5,250405,False,False,True,False,100,-1.2906032717991747
policy,35754,6994,6944,1188.0,250406,False,False,False,True,70,-1.124303130745027
policy,35825,7008,6958,1190.5,250407,False,False,False,True,71,-1.0408241142619152
policy,35925,7028,6978,1194.1,250408,False,False,True,False,100,-1.234958106252481
policy,36025,7048,6998,1197.6,250409,False,False,True,False,100,-1.4310924250931059
policy,36063,7056,7006,1199.0,250410,False,False,False,True,38,-0.8833492704781134
policy,36137,7071,7021,1201.7,250411,False,False,False,True,74,-1.3807693879092997
policy,36237,7091,7041,1205.6,250412,False,False,True,False,100,-1.468270645102833
policy,36337,7111,7061,1209.1,250413,False,False,True,False,100,-1.309280459357454
policy,36437,7131,7081,1212.7,250414,False,False,True,False,100,-1.1489487239678813
policy,36537,7151,7101,1216.0,250415,False,False,True,False,100,-1.330038734970151
policy,36637,7171,7121,1219.7,250416,False,False,True,False,100,-1.309664505325339
policy,36691,7182,7132,1221.8,250417,False,True,False,True,54,-1.016745485455148
policy,36791,7202,7152,1225.5,250418,False,False,True,False,100,-1.5873698030525443
policy,36891,7222,7172,1228.8,250419,False,False,True,False,100,-1.6546378434510136
policy,36991,7242,7192,1232.1,250420,False,False,True,False,100,-1.499671412990159
policy,37091,7262,7212,1235.6,250421,False,False,True,False,100,-1.1035708262453987
policy,37191,7282,7232,1239.1,250422,False,False,True,False,100,-1.3240365991177585
policy,37271,7298,7248,1242.1,250423,False,False,False,True,80,-1.03021483771906
policy,37371,7318,7268,1245.8,250424,False,False,True,False,100,-1.467944914836273
policy,37471,7338,7288,1249.5,250425,False,False,True,False,100,-1.385656619461975
policy,37563,7356,7306,1252.7,250426,False,False,False,True,92,-1.585477982353467
policy,37663,7376,7326,1256.2,250427,False,False,True,False,100,-1.326812995371334
policy,37718,7387,7337,1258.2,250428,False,False,False,True,55,-1.0144455304913562
policy,37818,7407,7357,1262.0,250429,False,False,True,False,100,-1.4866943182748726
policy,37918,7427,7377,1265.8,250430,False,False,True,False,100,-1.271453433486123
policy,38018,7447,7397,1269.2,250431,False,False,True,False,100,-1.2515033771155961
policy,38118,7467,7417,1272.7,250432,False,False,True,False,100,-1.3003480123555216
policy,38218,7487,7437,1276.4,250433,False,False,True,False,100,-1.211607031776807
policy,38318,7507,7457,1280.1,250434,False,False,True,False,100,-1.3257926798623099
policy,38418,7527,7477,1284.0,250435,False,False,True,False,100,-1.0992619711194473
policy,38518,7547,7497,1287.7,250436,False,False,True,False,100,-1.2796580372955584
policy,38618,7567,7517,1291.3,250437,False,False,True,False,100,-1.1464272662729025
policy,38718,7587,7537,1294.9,250438,False,False,True,False,100,-1.5609290354714547
policy,38720,7587,7537,1294.9,250439,False,False,False,True,2,-0.6154954727874927
policy,38820,7607,7557,1298.6,250440,False,False,True,False,100,-1.3937270035910112
policy,38920,7627,7577,1302.3,250441,False,False,True,False,100,-1.224741018021036
policy,39020,7647,7597,1305.9,250442,False,False,True,False,100,-1.385941699990031
policy,39086,7661,7611,1308.6,250443,False,False,False,True,66,-1.251934421277806
policy,39131,7670,7620,1310.2,250444,False,False,False,True,45,-0.8114271012450824
policy,39231,7690,7640,1313.8,250445,False,False,True,False,100,-1.4428621325518578
policy,39307,7705,7655,1316.4,250446,False,False,False,True,76,-1.1124900238892197
policy,39402,7724,7674,1319.6,250447,False,False,False,True,95,-1.0843822787433552
policy,39502,7744,7694,1323.0,250448,False,False,True,False,100,-1.5716145398660233
policy,39558,7755,7705,1324.9,250449,False,False,False,True,56,-1.0617267182865682
policy,39655,7774,7724,1328.2,250450,False,False,False,True,97,-1.3019843602211858
policy,39755,7794,7744,1331.8,250451,False,False,False,True,100,-1.2871884262908386
policy,39855,7814,7764,1335.4,250452,False,False,True,False,100,-1.741654491231639
policy,39955,7834,7784,1339.1,250453,False,False,True,False,100,-1.4541855157553938
policy,40055,7854,7804,1342.5,250454,False,False,True,False,100,-1.42626982300051
policy,40155,7874,7824,1345.8,250455,False,False,True,False,100,-1.6962246869610746
policy,40255,7894,7844,1349.2,250456,False,False,True,False,100,-1.3807612013179362
policy,40335,7910,7860,1352.0,250457,False,False,False,True,80,-0.9619424711794978
policy,40435,7930,7880,1355.4,250458,False,False,True,False,100,-1.5357973648658154
policy,40535,7950,7900,1358.9,250459,False,False,True,False,100,-1.5395270891152284
policy,40635,7970,7920,1362.4,250460,False,False,True,False,100,-1.3392770114273795
policy,40735,7990,7940,1366.1,250461,False,False,True,False,100,-1.574769254404949
policy,40760,7995,7945,1367.0,250462,False,False,False,True,25,-0.9338656707215782
policy,40860,8015,7965,1370.6,250463,False,False,True,False,100,-1.3008667665026388
policy,40960,8035,7985,1374.1,250464,False,False,True,False,100,-1.5166983438104888
policy,41060,8055,8005,1377.6,250465,False,False,True,False,100,-1.2038036050039937
policy,41160,8075,8025,1380.9,250466,False,False,True,False,100,-1.3971531905802594
policy,41260,8095,8045,1384.2,250467,False,False,True,False,100,-1.5150650650369495
policy,41292,8102,8052,1385.4,250468,False,False,False,True,32,-0.9448181440890688
policy,41392,8122,8072,1388.7,250469,False,False,True,False,100,-1.6427036948770493
policy,41492,8142,8092,1392.1,250470,False,False,True,False,100,-1.380375645562272
policy,41510,8145,8095,1392.5,250471,False,False,False,True,18,-0.8757500491138915
policy,41601,8164,8114,1395.7,250472,False,False,False,True,91,-1.0983351560443408
policy,41692,8182,8132,1398.8,250473,False,False,False,True,91,-1.1777466062640631
policy,41792,8202,8152,1402.2,250474,False,False,True,False,100,-1.3392439640902059
policy,41892,8222,8172,1405.6,250475,False,False,True,False,100,-1.2069333181402793
policy,41905,8224,8174,1406.0,250476,False,False,False,True,13,-0.8681289282585394
policy,42005,8244,8194,1409.4,250477,False,False,True,False,100,-1.2780182431182574
policy,42105,8264,8214,1413.1,250478,False,False,True,False,100,-1.327366915931733
policy,42205,8284,8234,1416.6,250479,False,False,True,False,100,-1.3837107114157015
policy,42305,8304,8254,1420.2,250480,False,False,True,False,100,-1.406756457666633
policy,42405,8324,8274,1423.7,250481,False,False,True,False,100,-1.4483910181796777
policy,42505,8344,8294,1427.0,250482,False,False,True,False,100,-1.5927936473508546
policy,42605,8364,8314,1430.3,250483,False,False,True,False,100,-1.5524035382352306
policy,42705,8384,8334,1433.8,250484,False,False,True,False,100,-1.2967736986554856
policy,42805,8404,8354,1437.4,250485,False,False,True,False,100,-1.6559217373393524
policy,42905,8424,8374,1440.9,250486,False,False,True,False,100,-1.3795324429522693
policy,43005,8444,8394,1444.5,250487,False,False,True,False,100,-1.5141306884760684
policy,43105,8464,8414,1448.0,250488,False,False,True,False,100,-1.1896764328197227
policy,43205,8484,8434,1451.5,250489,False,False,True,False,100,-1.5220026498278918
policy,43305,8504,8454,1455.0,250490,False,False,True,False,100,-1.3159806015625806
policy,43390,8521,8471,1457.9,250491,False,False,False,True,85,-1.1673934634047152
policy,43490,8541,8491,1461.2,250492,False,False,True,False,100,-1.270032124039874
policy,43527,8549,8499,1462.5,250493,False,False,False,True,37,-1.1446693562076278
policy,43627,8569,8519,1465.9,250494,False,False,True,False,100,-1.7434081876918808
policy,43727,8589,8539,1469.2,250495,False,False,True,False,100,-1.480506633140521
policy,43827,8609,8559,1472.6,250496,False,False,True,False,100,-1.3919415815187643
policy,43927,8629,8579,1475.9,250497,False,False,True,False,100,-1.2513959485885857
policy,43989,8641,8591,1477.9,250498,False,False,False,True,62,-1.1649921412976991
policy,44089,8661,8611,1481.2,250499,False,False,True,False,100,-1.6200152880849705
policy,44189,8681,8631,1484.7,250500,False,False,True,False,100,-1.674978414528196
policy,44238,8691,8641,1486.5,250501,False,False,False,True,49,-0.9838930154835994
policy,44338,8711,8661,1490.0,250502,False,False,True,False,100,-1.541637288894796
policy,44428,8729,8679,1493.2,250503,False,False,False,True,90,-1.4142759451550595
policy,44478,8739,8689,1495.0,250504,False,False,False,True,50,-1.026811790877936
policy,44578,8759,8709,1498.6,250505,False,False,True,False,100,-1.1362570149103484
policy,44678,8779,8729,1502.2,250506,False,False,True,False,100,-1.773305933765191
policy,44778,8799,8749,1505.9,250507,False,False,True,False,100,-1.3374481170050954
policy,44818,8807,8757,1507.3,250508,False,False,False,True,40,-1.1415155863861761
policy,44869,8817,8767,1509.0,250509,False,False,False,True,51,-0.8510787325828291
policy,44927,8829,8779,1511.1,250510,False,True,False,True,58,-1.410529589151461
policy,45027,8849,8799,1514.7,250511,False,False,True,False,100,-1.3100273822192248
policy,45096,8863,8813,1517.2,250512,False,False,False,True,69,-1.180762406918973
policy,45196,8883,8833,1520.8,250513,False,True,True,False,100,-1.4791186796812468
policy,45296,8903,8853,1524.3,250514,False,False,True,False,100,-1.3737082121168838
policy,45396,8923,8873,1527.9,250515,False,False,True,False,100,-1.6817617664538616
policy,45496,8943,8893,1531.5,250516,False,False,True,False,100,-1.3128170415802642
policy,45596,8963,8913,1535.1,250517,False,False,True,False,100,-1.5005734001093125
policy,45696,8983,8933,1538.5,250518,False,False,True,False,100,-1.586419983185046
policy,45796,9003,8953,1541.9,250519,False,False,True,False,100,-1.73414028840647
policy,45896,9023,8973,1545.4,250520,False,False,True,False,100,-1.5012384790512003
policy,45996,9043,8993,1549.0,250521,False,False,True,False,100,-1.1451363077365602
policy,46096,9063,9013,1552.9,250522,False,False,True,False,100,-1.4606415939092412
policy,46196,9083,9033,1556.6,250523,False,False,True,False,100,-1.5225259585320465
policy,46280,9099,9049,1559.7,250524,False,False,False,True,84,-1.0870629034104302
policy,46327,9109,9059,1561.5,250525,False,False,False,True,47,-0.9152648006558031
policy,46427,9129,9079,1565.3,250526,False,False,True,False,100,-1.1621442708835947
policy,46527,9149,9099,1569.0,250527,False,False,True,False,100,-1.2991857733425913
policy,46627,9169,9119,1572.7,250528,False,False,True,False,100,-1.767705081793368
policy,46727,9189,9139,1576.2,250529,False,False,True,False,100,-1.3044587786421715
policy,46827,9209,9159,1579.6,250530,False,False,True,False,100,-1.6450219521629381
policy,46867,9217,9167,1581.0,250531,False,False,False,True,40,-1.2230590853117354
policy,46967,9237,9187,1584.6,250532,False,False,True,False,100,-1.132680562011612
policy,47067,9257,9207,1588.1,250533,False,False,True,False,100,-1.611732180490027
policy,47167,9277,9227,1591.8,250534,False,False,True,False,100,-1.5804522413189575
policy,47267,9297,9247,1596.0,250535,False,False,True,False,100,-1.4550584646265254
policy,47367,9317,9267,1599.5,250536,False,False,True,False,100,-1.101844895940139
policy,47467,9337,9287,1603.3,250537,False,False,True,False,100,-1.5214110507132215
policy,47477,9339,9289,1603.6,250538,False,False,False,True,10,-0.6406600060059384
policy,47577,9359,9309,1608.3,250539,False,False,True,False,100,-1.5672365068045915
policy,47677,9379,9329,1612.2,250540,False,False,True,False,100,-1.3356344368803135
policy,47690,9381,9331,1612.7,250541,False,False,False,True,13,-0.8009259867089117
policy,47790,9401,9351,1616.5,250542,False,False,True,False,100,-1.6941657987914194
policy,47890,9421,9371,1620.2,250543,False,False,True,False,100,-1.3743939848511904
policy,47990,9441,9391,1623.8,250544,False,False,True,False,100,-1.1087983925757854
policy,48090,9461,9411,1627.4,250545,False,False,True,False,100,-1.5092608232177536
policy,48190,9481,9431,1631.1,250546,False,False,True,False,100,-1.1911323613231901
policy,48290,9501,9451,1634.7,250547,False,False,True,False,100,-1.1601890638803538
policy,48307,9505,9455,1635.4,250548,False,False,False,True,17,-0.6269995437364053
policy,48407,9525,9475,1639.0,250549,False,False,True,False,100,-1.2350165996584064
policy,48428,9529,9479,1639.8,250550,False,False,False,True,21,-0.7682623641749353
policy,48518,9547,9497,1643.0,250551,False,False,False,True,90,-1.3644908443552168
policy,48618,9567,9517,1646.5,250552,False,False,True,False,100,-1.4823649922155506
policy,48718,9587,9537,1649.9,250553,False,False,True,False,100,-1.281206871209874
policy,48818,9607,9557,1653.6,250554,False,False,True,False,100,-1.4040300864988495
policy,48918,9627,9577,1657.2,250555,False,False,True,False,100,-1.593181322020783
policy,49018,9647,9597,1660.9,250556,False,False,True,False,100,-1.1012957688723193
policy,49118,9667,9617,1664.7,250557,False,False,True,False,100,-1.616984897847738
policy,49218,9687,9637,1668.3,250558,False,False,True,False,100,-1.1653866541312756
policy,49318,9707,9657,1671.9,250559,False,False,True,False,100,-1.6139006628468695
policy,49360,9715,9665,1673.3,250560,False,False,False,True,42,-0.8163762168671435
policy,49435,9730,9680,1675.9,250561,False,False,False,True,75,-1.2082699591030512
policy,49535,9750,9700,1679.5,250562,False,True,True,False,100,-1.6630823519370286
policy,49635,9770,9720,1682.8,250563,False,False,True,False,100,-1.2058679294832197
policy,49735,9790,9740,1686.2,250564,False,False,True,False,100,-1.3089836097029592
policy,49835,9810,9760,1689.5,250565,False,False,True,False,100,-1.32184672266995
policy,49871,9818,9768,1690.8,250566,False,False,False,True,36,-0.7911351467032475
policy,49957,9835,9785,1693.8,250567,False,False,False,True,86,-1.0651735422837385
policy,50000,9843,9793,1695.2,250568,False,False,False,True,43,-1.0137518191752788
policy,50100,9863,9813,1698.6,250569,False,False,True,False,100,-1.5159272034909472
policy,50153,9874,9824,1700.6,250570,False,False,False,True,53,-0.9594442905602469
policy,50253,9894,9844,1704.3,250571,False,False,True,False,100,-1.4936822981807065
policy,50257,9895,9845,1704.4,250572,False,False,False,True,4,-0.7367859556930128
policy,50357,9915,9865,1708.7,250573,False,False,True,False,100,-1.3587876502310505
policy,50457,9935,9885,1712.4,250574,False,False,True,False,100,-1.5470237848003887
policy,50557,9955,9905,1716.0,250575,False,False,True,False,100,-1.3335051865094258
policy,50657,9975,9925,1719.4,250576,False,False,True,False,100,-1.1782620276367293
policy,50757,9995,9945,1722.7,250577,False,False,True,False,100,-1.3186748750931858
policy,50857,10015,9965,1726.2,250578,False,False,True,False,100,-1.4109201540291523
policy,50957,10035,9985,1729.8,250579,False,False,True,False,100,-1.3014266382789694
policy,51057,10055,10005,1733.4,250580,False,False,True,False,100,-1.203816396390443
policy,51157,10075,10025,1737.0,250581,False,False,True,False,100,-1.1647087997175884
policy,51199,10083,10033,1738.5,250582,False,False,False,True,42,-1.0268561330645367
policy,51299,10103,10053,1742.1,250583,False,False,True,False,100,-1.4880711996828646
policy,51399,10123,10073,1745.7,250584,False,False,True,False,100,-1.4024671206450736
policy,51499,10143,10093,1749.4,250585,False,False,True,False,100,-1.171503947689728
policy,51520,10147,10097,1750.2,250586,False,False,False,True,21,-0.8220372086561818
policy,51620,10167,10117,1754.0,250587,False,False,True,False,100,-1.5491839641876126
policy,51720,10187,10137,1757.5,250588,False,True,True,False,100,-1.2732829161165684
policy,51820,10207,10157,1760.9,250589,False,False,True,False,100,-1.575809351446284
policy,51920,10227,10177,1764.3,250590,False,False,True,False,100,-1.3166148135282931
policy,51962,10236,10186,1765.8,250591,False,False,False,True,42,-0.9589629768129702
policy,52062,10256,10206,1769.2,250592,False,False,True,False,100,-1.5209540838190476
policy,52162,10276,10226,1772.7,250593,False,False,True,False,100,-1.5515676747065341
policy,52262,10296,10246,1776.5,250594,False,False,True,False,100,-1.262828420298049
policy,52362,10316,10266,1780.1,250595,False,False,True,False,100,-1.446741360425996
policy,52462,10336,10286,1783.7,250596,False,False,True,False,100,-1.6045682624021338
policy,52562,10356,10306,1787.5,250597,False,False,True,False,100,-1.3694184243600684
policy,52599,10363,10313,1788.7,250598,False,False,False,True,37,-0.8470862942186925
policy,52699,10383,10333,1792.1,250599,False,False,True,False,100,-1.1869755034048532
policy,52799,10403,10353,1795.5,250600,False,False,True,False,100,-1.336978537184344
policy,52899,10423,10373,1798.9,250601,False,False,True,False,100,-1.577917549054988
policy,52999,10443,10393,1802.2,250602,False,False,True,False,100,-1.3216834840009526
policy,53099,10463,10413,1806.0,250603,False,False,True,False,100,-1.6289312714084554
policy,53199,10483,10433,1809.7,250604,False,False,True,False,100,-1.115941719588188
policy,53299,10503,10453,1813.4,250605,False,False,True,False,100,-1.2387793202102175
policy,53386,10521,10471,1816.8,250606,False,False,False,True,87,-1.2808581512001371
policy,53470,10537,10487,1819.9,250607,False,False,False,True,84,-1.150535623634085
policy,53563,10556,10506,1823.3,250608,False,False,False,True,93,-1.2428125616332637
policy,53663,10576,10526,1826.9,250609,False,False,True,False,100,-1.1344362680335913
policy,53763,10596,10546,1830.4,250610,False,False,True,False,100,-1.4932986141497264
policy,53863,10616,10566,1833.8,250611,False,False,True,False,100,-1.3729924963192675
policy,53876,10619,10569,1834.3,250612,False,False,False,True,13,-0.612802173369472
policy,53976,10639,10589,1837.9,250613,False,False,True,False,100,-1.505922862300671
policy,54076,10659,10609,1841.6,250614,False,False,True,False,100,-1.4263671313206636
policy,54131,10670,10620,1843.7,250615,False,False,False,True,55,-1.1216396786201854
policy,54213,10686,10636,1846.7,250616,False,True,False,True,82,-1.4941433566584257
policy,54313,10706,10656,1850.5,250617,False,False,True,False,100,-1.6082860849749545
policy,54413,10726,10676,1854.2,250618,False,False,True,False,100,-1.2950597006153135
policy,54513,10746,10696,1858.0,250619,False,False,True,False,100,-1.5174884772667658
policy,54613,10766,10716,1861.7,250620,False,False,True,False,100,-1.5133414765589492
policy,54713,10786,10736,1865.4,250621,False,False,True,False,100,-1.2560311617196316
policy,54780,10799,10749,1867.8,250622,False,False,False,True,67,-1.10110528132501
policy,54880,10819,10769,1871.4,250623,False,False,True,False,100,-1.3752413446914598
policy,54955,10834,10784,1874.1,250624,False,False,False,True,75,-1.004032236471523
policy,55055,10854,10804,1878.0,250625,False,False,True,False,100,-1.5451879213798447
policy,55155,10874,10824,1882.1,250626,False,True,True,False,100,-1.6921355639645328
policy,55255,10894,10844,1886.1,250627,False,False,True,False,100,-1.4360499604897974
policy,55283,10900,10850,1887.3,250628,False,False,False,True,28,-0.789778134256777
policy,55383,10920,10870,1891.1,250629,False,False,True,False,100,-1.4678261338229661
policy,55436,10931,10881,1893.2,250630,False,False,False,True,53,-0.8870487143119675
policy,55536,10951,10901,1897.3,250631,False,False,True,False,100,-1.2836744244208211
policy,55636,10971,10921,1901.5,250632,False,False,True,False,100,-1.6027037271481537
policy,55736,10991,10941,1905.7,250633,False,False,True,False,100,-1.3676733122080873
policy,55836,11011,10961,1909.5,250634,False,False,True,False,100,-1.559918394747904
policy,55936,11031,10981,1913.1,250635,False,False,True,False,100,-1.5197651056046184
policy,56036,11051,11001,1916.5,250636,False,False,True,False,100,-1.4752128906743587
policy,56056,11055,11005,1917.2,250637,False,False,False,True,20,-0.7372197728005498
policy,56156,11075,11025,1920.7,250638,False,False,True,False,100,-1.4233475649336076
policy,56248,11093,11043,1924.1,250639,False,False,False,True,92,-1.259993571294873
policy,56348,11113,11063,1928.0,250640,False,False,True,False,100,-1.7176504289559253
policy,56448,11133,11083,1931.8,250641,False,False,True,False,100,-1.1273056867676579
policy,56507,11145,11095,1933.9,250642,False,False,False,True,59,-1.009248533246699
policy,56607,11165,11115,1937.8,250643,False,False,True,False,100,-1.3823148432907821
policy,56707,11185,11135,1941.2,250644,False,False,True,False,100,-1.596028886053593
policy,56807,11205,11155,1944.9,250645,False,False,True,False,100,-1.340346588766371
policy,56907,11225,11175,1948.8,250646,False,False,True,False,100,-1.2875594322530732
policy,57007,11245,11195,1952.9,250647,False,False,True,False,100,-1.5411318281739013
policy,57107,11265,11215,1956.6,250648,False,False,True,False,100,-1.6366149873208187
policy,57139,11271,11221,1957.7,250649,False,False,False,True,32,-0.8035106171970503
policy,57212,11286,11236,1960.4,250650,False,False,False,True,73,-0.9166722937167384
policy,57218,11287,11237,1960.6,250651,False,False,False,True,6,-0.6981957712167299
policy,57318,11307,11257,1964.2,250652,False,False,True,False,100,-1.3132156530674104
policy,57418,11327,11277,1967.9,250653,False,False,True,False,100,-1.6349602697334489
policy,57491,11342,11292,1970.9,250654,False,False,False,True,73,-1.2186265463037995
policy,57591,11362,11312,1975.0,250655,False,False,True,False,100,-1.2418638124349877
policy,57691,11382,11332,1978.6,250656,False,False,True,False,100,-1.1949690749631687
policy,57791,11402,11352,1982.3,250657,False,False,True,False,100,-1.5553647156596235
policy,57882,11420,11370,1985.8,250658,False,True,False,True,91,-1.3114565046836395
policy,57982,11440,11390,1989.6,250659,False,False,True,False,100,-1.4247450430276793
policy,57989,11441,11391,1989.7,250660,False,False,False,True,7,-0.7143163753460695
policy,58089,11461,11411,1993.4,250661,False,False,True,False,100,-1.413712085570628
policy,58189,11481,11431,1996.8,250662,False,False,True,False,100,-1.143244373713248
policy,58289,11501,11451,2000.3,250663,False,False,True,False,100,-1.562795791736225
policy,58389,11521,11471,2003.8,250664,False,True,True,False,100,-1.8286621202880071
policy,58489,11541,11491,2007.5,250665,False,False,True,False,100,-1.6194464104779458
policy,58557,11555,11505,2010.1,250666,False,False,False,True,68,-1.0224809277252118
policy,58657,11575,11525,2014.2,250667,False,False,True,False,100,-1.6177969038055435
policy,58757,11595,11545,2018.0,250668,False,False,True,False,100,-1.1934812484299968
policy,58857,11615,11565,2021.8,250669,False,False,True,False,100,-1.2675731096051048
policy,58957,11635,11585,2025.4,250670,False,False,True,False,100,-1.4581242644205241
policy,59057,11655,11605,2029.1,250671,False,False,True,False,100,-1.4026631856264293
policy,59117,11667,11617,2031.5,250672,False,False,False,True,60,-1.0770920303440836
policy,59127,11669,11619,2031.8,250673,False,False,False,True,10,-0.6834048413404286
policy,59227,11689,11639,2035.6,250674,False,False,True,False,100,-1.150401825597926
policy,59286,11701,11651,2037.7,250675,False,False,False,True,59,-1.2001626729598314
policy,59386,11721,11671,2041.2,250676,False,False,True,False,100,-1.5679872698983803
policy,59486,11741,11691,2044.7,250677,False,False,True,False,100,-1.4064572669940971
policy,59586,11761,11711,2048.2,250678,False,False,True,False,100,-1.0975904977253932
policy,59686,11781,11731,2051.6,250679,False,False,True,False,100,-1.396950315423457
policy,59786,11801,11751,2055.2,250680,False,False,True,False,100,-1.6521781785656184
policy,59886,11821,11771,2058.9,250681,False,False,True,False,100,-1.5572822527942156
policy,59986,11841,11791,2062.6,250682,False,False,True,False,100,-1.297832797195491
policy,60086,11861,11811,2066.3,250683,False,False,True,False,100,-1.4543576216357859
policy,60186,11881,11831,2069.9,250684,False,False,True,False,100,-1.6453104074869354
policy,60286,11901,11851,2073.5,250685,False,False,True,False,100,-1.1183299684258081
policy,60385,11920,11870,2077.2,250686,False,False,False,True,99,-1.3143215065807397
policy,60485,11940,11890,2081.0,250687,False,False,True,False,100,-1.1441964472030821
policy,60585,11960,11910,2084.5,250688,False,False,True,False,100,-1.4096144240002135
policy,60685,11980,11930,2088.2,250689,False,False,True,False,100,-1.206965364958474
policy,60785,12000,11950,2091.8,250690,False,False,True,False,100,-1.677765652839387
policy,60885,12020,11970,2095.4,250691,False,False,True,False,100,-1.3775531600507187
policy,60985,12040,11990,2098.9,250692,False,False,True,False,100,-1.815380987432666
policy,61029,12049,11999,2100.7,250693,False,False,False,True,44,-0.8298858410780596
policy,61129,12069,12019,2104.9,250694,False,False,True,False,100,-1.208632003751599
policy,61229,12089,12039,2108.5,250695,False,False,True,False,100,-1.2065526930129242
policy,61329,12109,12059,2112.1,250696,False,False,True,False,100,-1.4984474526487002
policy,61429,12129,12079,2115.8,250697,False,False,True,False,100,-1.543442003865652
policy,61529,12149,12099,2119.5,250698,False,False,True,False,100,-1.29268370238973
policy,61629,12169,12119,2123.2,250699,False,False,True,False,100,-1.3595536632819454
policy,61729,12189,12139,2126.9,250700,False,False,True,False,100,-1.1856907824402458
policy,61829,12209,12159,2130.4,250701,False,False,True,False,100,-1.4271742997643506
policy,61929,12229,12179,2133.9,250702,False,False,True,False,100,-1.2604263604574215
policy,62029,12249,12199,2137.4,250703,False,False,True,False,100,-1.4392329072132095
policy,62129,12269,12219,2141.2,250704,False,False,True,False,100,-1.1618864971435885
policy,62229,12289,12239,2145.0,250705,False,False,True,False,100,-1.4706428614680984
policy,62329,12309,12259,2148.9,250706,False,False,True,False,100,-1.2363847055125978
policy,62429,12329,12279,2152.6,250707,False,False,True,False,100,-1.289844162523448
policy,62529,12349,12299,2156.2,250708,False,False,True,False,100,-1.232819693574824
policy,62626,12369,12319,2159.8,250709,False,False,False,True,97,-1.083359907821933
policy,62726,12389,12339,2163.3,250710,False,False,True,False,100,-1.6971290618441808
policy,62822,12408,12358,2166.8,250711,False,False,False,True,96,-1.4024526720208337
policy,62842,12412,12362,2167.6,250712,False,False,False,True,20,-0.7351970083778081
policy,62942,12432,12382,2171.3,250713,False,False,True,False,100,-1.091467511793351
policy,62963,12436,12386,2172.0,250714,False,False,False,True,21,-0.7006823352976734
policy,63063,12456,12406,2175.7,250715,False,False,True,False,100,-1.425330949121384
policy,63163,12476,12426,2179.8,250716,False,False,True,False,100,-1.57322337403388
policy,63263,12496,12446,2183.5,250717,False,False,True,False,100,-1.207013465180835
policy,63363,12516,12466,2187.1,250718,False,False,True,False,100,-1.762958640202425
policy,63463,12536,12486,2190.6,250719,False,False,True,False,100,-1.2692582823298781
policy,63563,12556,12506,2194.3,250720,False,False,True,False,100,-1.2857309752139239
policy,63663,12576,12526,2197.8,250721,False,False,True,False,100,-1.227841869858628
policy,63755,12594,12544,2201.1,250722,False,False,False,True,92,-1.3968200875484182
policy,63855,12614,12564,2204.6,250723,False,False,True,False,100,-1.2612894997540858
policy,63955,12634,12584,2208.3,250724,False,False,True,False,100,-1.5012941304782725
policy,64055,12654,12604,2212.0,250725,False,False,True,False,100,-1.4173141754060194
policy,64155,12674,12624,2215.9,250726,False,False,True,False,100,-1.1286753314336346
policy,64255,12694,12644,2219.6,250727,False,False,True,False,100,-1.2530808522209043
policy,64355,12714,12664,2223.0,250728,False,False,True,False,100,-1.1828804214643336
policy,64455,12734,12684,2226.4,250729,False,True,True,False,100,-1.602324657016974
policy,64514,12746,12696,2228.4,250730,False,False,False,True,59,-1.0139371593958062
policy,64526,12749,12699,2228.9,250731,False,False,False,True,12,-0.8133632864887891
policy,64625,12768,12718,2232.2,250732,False,False,False,True,99,-1.4681818677877936
policy,64725,12788,12738,2235.7,250733,False,False,True,False,100,-1.308521897761479
policy,64825,12808,12758,2239.3,250734,False,False,True,False,100,-1.1818514782189349
policy,64925,12828,12778,2243.0,250735,False,False,True,False,100,-1.3285444357060592
policy,65025,12848,12798,2246.8,250736,False,False,True,False,100,-1.1582105331213484
policy,65125,12868,12818,2250.4,250737,False,False,False,True,100,-1.236414274716502
policy,65225,12888,12838,2254.0,250738,False,False,True,False,100,-1.641258772082352
policy,65325,12908,12858,2257.6,250739,False,False,True,False,100,-1.3823787635384082
policy,65342,12912,12862,2258.3,250740,False,False,False,True,17,-0.743284164004721
policy,65442,12932,12882,2261.7,250741,False,False,True,False,100,-1.483587073711194
policy,65542,12952,12902,2265.1,250742,False,False,True,False,100,-1.679775291748952
policy,65565,12956,12906,2265.8,250743,False,False,False,True,23,-0.8790843104001318
policy,65662,12976,12926,2269.4,250744,False,True,False,True,97,-1.5757762345490292
policy,65762,12996,12946,2273.0,250745,False,False,True,False,100,-1.247245749467704
policy,65862,13016,12966,2276.8,250746,False,False,True,False,100,-1.648121598587176
policy,65925,13028,12978,2279.2,250747,False,False,False,True,63,-1.084034896486729
policy,66012,13046,12996,2282.5,250748,False,False,False,True,87,-1.4007708628748015
policy,66112,13066,13016,2286.2,250749,False,False,True,False,100,-1.1284020436612257
policy,66212,13086,13036,2289.8,250750,False,False,True,False,100,-1.2553743077925499
policy,66312,13106,13056,2293.6,250751,False,False,True,False,100,-1.2356144661240895
policy,66344,13112,13062,2294.7,250752,False,False,False,True,32,-0.7578640194371968
policy,66444,13132,13082,2298.6,250753,False,False,True,False,100,-1.7227085127066921
policy,66544,13152,13102,2302.4,250754,False,False,True,False,100,-1.2628492858607916
policy,66644,13172,13122,2306.6,250755,False,False,True,False,100,-1.203934642779405
policy,66744,13192,13142,2310.3,250756,False,False,True,False,100,-1.4132877303298537
policy,66764,13196,13146,2311.0,250757,False,False,False,True,20,-0.7712745568435342
policy,66864,13216,13166,2314.8,250758,False,False,True,False,100,-1.4576631358184011
policy,66964,13236,13186,2318.5,250759,False,False,True,False,100,-1.5297825545322166
policy,67064,13256,13206,2322.1,250760,False,False,True,False,100,-1.484348854705994
policy,67164,13276,13226,2326.0,250761,False,False,True,False,100,-1.436456165476859
policy,67264,13296,13246,2329.8,250762,False,False,True,False,100,-1.6237154865046453
policy,67341,13312,13262,2332.6,250763,False,False,False,True,77,-1.1261908704397583
policy,67390,13321,13271,2334.4,250764,False,False,False,True,49,-0.9007050517276789
policy,67490,13341,13291,2338.5,250765,False,False,True,False,100,-1.2190451753067073
policy,67590,13361,13311,2342.3,250766,False,False,True,False,100,-1.4513961604990393
policy,67690,13381,13331,2345.9,250767,False,False,True,False,100,-1.620940578945194
policy,67762,13396,13346,2348.6,250768,False,False,False,True,72,-1.2143333036087844
policy,67862,13416,13366,2352.1,250769,False,False,True,False,100,-1.2667242549745914
policy,67941,13432,13382,2354.9,250770,False,False,False,True,79,-0.9893620148996176
policy,67996,13443,13393,2356.9,250771,False,False,False,True,55,-0.9337687116293203
policy,68096,13463,13413,2360.4,250772,False,False,True,False,100,-1.388004188026543
policy,68196,13483,13433,2364.0,250773,False,False,True,False,100,-1.2739083408622327
policy,68296,13503,13453,2367.6,250774,False,False,True,False,100,-1.3383737452019506
policy,68332,13510,13460,2368.9,250775,False,False,False,True,36,-0.943590863044727
policy,68432,13530,13480,2372.5,250776,False,False,True,False,100,-1.501594630090309
policy,68517,13547,13497,2375.5,250777,False,False,False,True,85,-1.3984545337650314
policy,68617,13567,13517,2378.9,250778,False,False,True,False,100,-1.164862080617056
policy,68717,13587,13537,2382.5,250779,False,False,True,False,100,-1.5298195159022265
policy,68754,13594,13544,2383.8,250780,False,False,False,True,37,-0.910788338938226
policy,68854,13614,13564,2387.6,250781,False,False,True,False,100,-1.0999065727081585
policy,68954,13634,13584,2391.3,250782,False,False,True,False,100,-1.3688803988126064
policy,69034,13650,13600,2394.2,250783,False,False,False,True,80,-1.5978018190126866
policy,69134,13670,13620,2397.8,250784,False,False,True,False,100,-1.547451468037244
policy,69234,13690,13640,2401.6,250785,True,True,False,False,100,0.25177185318033
policy,69331,13710,13660,2405.5,250786,False,False,False,True,97,-1.255304589965133
policy,69431,13730,13680,2409.0,250787,False,False,True,False,100,-1.3965686121460006
policy,69503,13744,13694,2411.4,250788,False,False,False,True,72,-1.0889149912734768
policy,69518,13747,13697,2411.8,250789,False,False,False,True,15,-0.79178481826815
policy,69618,13767,13717,2415.3,250790,False,False,True,False,100,-1.3052286282026766
policy,69718,13787,13737,2418.9,250791,False,False,True,False,100,-1.3373822618597178
policy,69818,13807,13757,2422.8,250792,False,False,True,False,100,-1.7018383183428982
policy,69918,13827,13777,2426.6,250793,False,False,True,False,100,-1.254448613563384
policy,70018,13847,13797,2430.4,250794,False,False,True,False,100,-1.1728553305375982
policy,70118,13867,13817,2434.1,250795,False,False,True,False,100,-1.5683624719064428
policy,70218,13887,13837,2437.8,250796,False,False,True,False,100,-1.6715486435058193
policy,70318,13907,13857,2441.5,250797,False,False,True,False,100,-1.3633253254933453
policy,70418,13927,13877,2445.2,250798,False,False,True,False,100,-1.7529966130184325
policy,70518,13947,13897,2448.7,250799,False,False,True,False,100,-1.4299482912333894
policy,70618,13967,13917,2452.3,250800,False,False,True,False,100,-1.175744511919633
policy,70691,13982,13932,2454.9,250801,False,False,False,True,73,-1.2500139107110533
policy,70747,13993,13943,2457.0,250802,False,False,False,True,56,-1.2721305078076828
policy,70847,14013,13963,2460.6,250803,False,False,True,False,100,-1.3090177190597934
policy,70947,14033,13983,2464.4,250804,False,False,True,False,100,-1.182198594430319
policy,71008,14045,13995,2466.6,250805,False,False,False,True,61,-1.2848416610736721
policy,71083,14060,14010,2469.5,250806,False,False,False,True,75,-1.1905559626314588
policy,71183,14080,14030,2473.3,250807,False,False,True,False,100,-1.0838588672811018
policy,71269,14097,14047,2476.9,250808,False,False,False,True,86,-1.3151108096906508
policy,71353,14114,14064,2480.1,250809,False,False,False,True,84,-1.2905842700438288
policy,71453,14134,14084,2483.8,250810,False,False,True,False,100,-1.4332138353139765
policy,71553,14154,14104,2487.5,250811,False,False,True,False,100,-1.3561907181985982
policy,71597,14163,14113,2489.1,250812,False,False,False,True,44,-1.1778795182335606
policy,71697,14183,14133,2493.0,250813,False,False,True,False,100,-1.3349293459188276
policy,71797,14203,14153,2497.0,250814,False,False,True,False,100,-1.667139811091987
policy,71897,14223,14173,2500.6,250815,False,False,True,False,100,-1.1465718633301119
policy,71997,14243,14193,2504.2,250816,False,False,False,True,100,-1.38571353095169
policy,72097,14263,14213,2507.9,250817,False,False,True,False,100,-1.2065597442278841
policy,72197,14283,14233,2511.5,250818,False,False,True,False,100,-1.5273454879642865
policy,72297,14303,14253,2515.0,250819,False,False,True,False,100,-1.209983902018337
policy,72397,14323,14273,2518.6,250820,False,False,True,False,100,-1.4353618492730047
policy,72497,14343,14293,2522.4,250821,False,False,True,False,100,-1.0751562597623314
policy,72597,14363,14313,2526.3,250822,False,False,True,False,100,-1.350844307843681
policy,72697,14383,14333,2530.4,250823,False,False,True,False,100,-1.5580245587350998
policy,72797,14403,14353,2534.3,250824,False,False,True,False,100,-1.3441432041779027
policy,72897,14423,14373,2538.0,250825,False,False,True,False,100,-1.6046272520753995
policy,72997,14443,14393,2541.8,250826,False,False,True,False,100,-1.4018649063779332
policy,73097,14463,14413,2545.5,250827,False,False,True,False,100,-1.2738196305531229
policy,73148,14473,14423,2547.3,250828,False,False,False,True,51,-1.031897899277919
policy,73248,14493,14443,2551.2,250829,False,False,True,False,100,-1.0935380388320817
policy,73348,14513,14463,2555.0,250830,False,True,True,False,100,-1.596699926070405
policy,73448,14533,14483,2558.8,250831,False,False,True,False,100,-1.3793896610283265
policy,73548,14553,14503,2562.6,250832,False,False,True,False,100,-1.1804444175094913
policy,73648,14573,14523,2566.5,250833,False,False,True,False,100,-1.2331222248133162
policy,73665,14576,14526,2567.0,250834,False,False,False,True,17,-0.9121066018917492
policy,73708,14585,14535,2568.8,250835,False,False,False,True,43,-0.9625115586844333
policy,73808,14605,14555,2572.6,250836,False,False,True,False,100,-1.2136444999334994
policy,73908,14625,14575,2576.3,250837,False,False,True,False,100,-1.3263681446508644
policy,74008,14645,14595,2579.9,250838,False,False,True,False,100,-1.3425754160772831
policy,74096,14663,14613,2583.3,250839,False,False,False,True,88,-1.6429649788726488
policy,74161,14676,14626,2585.7,250840,False,False,False,True,65,-1.056312434831651
policy,74220,14687,14637,2587.7,250841,False,True,False,True,59,-1.4529289423475293
policy,74245,14692,14642,2588.6,250842,False,False,False,True,25,-0.8752027335287643
policy,74345,14712,14662,2592.3,250843,False,False,True,False,100,-1.3345192988655163
policy,74368,14717,14667,2593.2,250844,False,False,False,True,23,-0.9147510632305691
policy,74468,14737,14687,2596.9,250845,False,False,True,False,100,-1.2458795643768974
policy,74568,14757,14707,2601.0,250846,False,False,True,False,100,-1.3565654892703085
policy,74668,14777,14727,2604.9,250847,False,False,True,False,100,-1.3490454467936015
policy,74768,14797,14747,2608.9,250848,False,False,True,False,100,-1.4314327256263488
policy,74868,14817,14767,2612.6,250849,False,False,True,False,100,-1.37036008287136
policy,74968,14837,14787,2616.1,250850,False,False,True,False,100,-1.469891883391664
policy,75068,14857,14807,2619.6,250851,False,False,True,False,100,-1.1436968428575938
policy,75168,14877,14827,2623.0,250852,False,False,True,False,100,-1.2815898341183922
policy,75240,14891,14841,2625.6,250853,False,False,False,True,72,-1.4724692190775714
policy,75340,14911,14861,2629.2,250854,False,False,True,False,100,-1.0952189641255874
policy,75440,14931,14881,2633.0,250855,False,False,True,False,100,-1.30818245678118
policy,75523,14948,14898,2636.2,250856,False,False,False,True,83,-1.3772585488427147
policy,75623,14968,14918,2639.9,250857,False,False,True,False,100,-1.4169310079268134
policy,75723,14988,14938,2643.6,250858,False,False,True,False,100,-1.45704133493295
policy,75823,15008,14958,2647.4,250859,False,False,True,False,100,-1.5320215139724844
policy,75885,15020,14970,2649.6,250860,False,False,False,True,62,-1.0122847500337802
policy,75985,15040,14990,2653.1,250861,False,False,True,False,100,-1.4885852524805294
policy,76085,15060,15010,2656.6,250862,False,False,True,False,100,-1.7347075265617797
policy,76185,15080,15030,2660.4,250863,False,False,True,False,100,-1.3363212468182155
policy,76191,15082,15032,2660.7,250864,False,False,False,True,6,-0.7014213400162863
policy,76291,15102,15052,2664.2,250865,False,False,True,False,100,-1.462618935493231
policy,76391,15122,15072,2667.8,250866,False,False,True,False,100,-1.14024048352618
policy,76491,15142,15092,2671.4,250867,False,False,True,False,100,-1.335960978524283
policy,76591,15162,15112,2675.0,250868,False,False,True,False,100,-1.1445138597722297
policy,76687,15181,15131,2678.6,250869,False,False,False,True,96,-1.5976292195492896
policy,76787,15201,15151,2682.5,250870,False,False,True,False,100,-1.1956512542234534
policy,76852,15214,15164,2685.0,250871,False,False,False,True,65,-1.163276293119696
policy,76952,15234,15184,2688.9,250872,False,False,True,False,100,-1.6794729290978534
policy,77052,15254,15204,2692.9,250873,False,False,True,False,100,-1.360720561025437
policy,77091,15262,15212,2694.5,250874,False,False,False,True,39,-0.9872014159107951
policy,77191,15282,15232,2698.4,250875,False,False,True,False,100,-1.0971769961680204
policy,77291,15302,15252,2702.3,250876,False,False,True,False,100,-1.4384949330242636
policy,77391,15322,15272,2706.7,250877,False,False,True,False,100,-1.3094274692913948
policy,77491,15342,15292,2710.7,250878,False,False,True,False,100,-1.234740722059938
policy,77591,15362,15312,2714.6,250879,False,False,True,False,100,-1.4968511384820493
policy,77691,15382,15332,2718.3,250880,False,False,True,False,100,-1.2311216614891656
policy,77791,15402,15352,2722.1,250881,False,True,True,False,100,-1.6935456788841292
policy,77891,15422,15372,2725.9,250882,False,False,True,False,100,-1.1467421367059916
policy,77991,15442,15392,2730.2,250883,False,False,True,False,100,-1.5703680318372655
policy,78063,15456,15406,2732.8,250884,False,False,False,True,72,-1.0918013112014422
policy,78163,15476,15426,2737.1,250885,False,False,True,False,100,-1.1114015234992816
policy,78193,15482,15432,2738.3,250886,False,False,False,True,30,-1.1118351455000333
policy,78270,15497,15447,2741.4,250887,False,False,False,True,77,-1.3720518074099464
policy,78309,15505,15455,2743.0,250888,False,False,False,True,39,-1.0047979933394329
policy,78349,15513,15463,2744.6,250889,False,False,False,True,40,-1.0367147659722873
policy,78449,15533,15483,2748.5,250890,False,False,True,False,100,-1.381203421427682
policy,78479,15539,15489,2749.8,250891,False,False,False,True,30,-0.7874352110487844
policy,78534,15550,15500,2752.1,250892,False,False,False,True,55,-0.943192066133024
policy,78634,15570,15520,2755.9,250893,False,False,False,True,100,-1.251599802954921
policy,78734,15590,15540,2759.5,250894,False,False,True,False,100,-1.4053064740132368
policy,78776,15599,15549,2761.1,250895,False,False,False,True,42,-1.1029093056710417
policy,78803,15604,15554,2762.0,250896,False,False,False,True,27,-1.1171626562293486
policy,78861,15616,15566,2764.3,250897,False,False,False,True,58,-1.0442052978246292
policy,78918,15627,15577,2766.3,250898,False,False,False,True,57,-1.140667019206891
policy,79017,15647,15597,2769.8,250899,False,False,False,True,99,-1.0922301357765134
policy,79117,15667,15617,2773.4,250900,False,False,True,False,100,-1.2008361574232933
policy,79151,15674,15624,2774.7,250901,False,False,False,True,34,-0.7179691167800275
policy,79251,15694,15644,2778.4,250902,False,False,True,False,100,-1.4844028072037168
policy,79339,15711,15661,2781.5,250903,False,False,False,True,88,-1.2339030780019056
policy,79402,15724,15674,2783.9,250904,False,False,False,True,63,-1.068921195325639
policy,79502,15744,15694,2787.4,250905,False,False,True,False,100,-1.297682124949924
policy,79545,15752,15702,2788.8,250906,False,False,False,True,43,-0.9162604477457862
policy,79645,15772,15722,2792.3,250907,False,False,True,False,100,-1.5759220013811406
policy,79745,15792,15742,2795.7,250908,False,False,True,False,100,-1.531285987888292
policy,79845,15812,15762,2799.2,250909,False,False,True,False,100,-1.5210811379147984
policy,79880,15819,15769,2800.5,250910,False,False,False,True,35,-0.7586723633607824
policy,79955,15834,15784,2803.2,250911,False,False,False,True,75,-1.1471238962951904
policy,79990,15841,15791,2804.5,250912,False,False,False,True,35,-0.9119048526210474
policy,80090,15861,15811,2808.2,250913,False,False,True,False,100,-1.4399420465919146
policy,80171,15878,15828,2811.3,250914,False,False,False,True,81,-1.524212572967662
policy,80271,15898,15848,2815.0,250915,False,False,True,False,100,-1.1140558677664691
policy,80371,15918,15868,2818.8,250916,False,False,True,False,100,-1.4327263663476693
policy,80403,15924,15874,2820.0,250917,False,False,False,True,32,-0.9717634985688738
policy,80503,15944,15894,2823.7,250918,False,False,True,False,100,-1.213124123233867
policy,80603,15964,15914,2827.2,250919,False,False,True,False,100,-1.6355458587749565
policy,80703,15984,15934,2830.7,250920,False,False,True,False,100,-1.8636129706069178
policy,80714,15986,15936,2831.0,250921,False,False,False,True,11,-0.7416001798462056
policy,80814,16006,15956,2834.6,250922,False,False,True,False,100,-1.1759519798286315
policy,80914,16026,15976,2838.1,250923,False,False,True,False,100,-1.4412393657553029
policy,81014,16046,15996,2841.6,250924,False,False,True,False,100,-1.4243917601321883
policy,81114,16066,16016,2845.2,250925,False,True,True,False,100,-1.5998296375073293
policy,81167,16077,16027,2847.1,250926,False,False,False,True,53,-1.018622899097604
policy,81267,16097,16047,2850.7,250927,False,False,True,False,100,-1.3194679666243392
policy,81367,16117,16067,2854.2,250928,False,False,True,False,100,-1.2849370821778383
policy,81467,16137,16087,2857.8,250929,False,False,True,False,100,-1.3336524521567257
policy,81567,16157,16107,2861.5,250930,False,False,True,False,100,-1.4464032771541597
policy,81667,16177,16127,2864.9,250931,False,False,True,False,100,-1.096922385073579
policy,81767,16197,16147,2868.4,250932,False,False,True,False,100,-1.5053899366702366
policy,81867,16217,16167,2872.2,250933,False,False,True,False,100,-1.5566601826814392
policy,81967,16237,16187,2875.8,250934,False,False,True,False,100,-1.3956610098527962
policy,82067,16257,16207,2879.3,250935,False,False,True,False,100,-1.3913663565828671
policy,82167,16277,16227,2882.9,250936,False,False,True,False,100,-1.5197885209640303
policy,82267,16297,16247,2886.8,250937,False,False,True,False,100,-1.4580866707264035
policy,82367,16317,16267,2890.6,250938,False,False,True,False,100,-1.5522754148368414
policy,82421,16328,16278,2892.8,250939,False,False,False,True,54,-0.9571795407039152
policy,82486,16341,16291,2895.3,250940,False,False,False,True,65,-0.9238784316782462
policy,82586,16361,16311,2898.9,250941,False,False,True,False,100,-1.226783915285244
policy,82686,16381,16331,2902.3,250942,False,False,True,False,100,-1.140284626988916
policy,82786,16401,16351,2906.4,250943,False,False,True,False,100,-1.5797680397112674
policy,82886,16421,16371,2910.0,250944,False,False,True,False,100,-1.5268132182332232
policy,82986,16441,16391,2913.5,250945,False,False,True,False,100,-1.5226683784111887
policy,83041,16452,16402,2915.5,250946,False,False,False,True,55,-1.090161610526474
policy,83116,16467,16417,2918.1,250947,False,False,False,True,75,-1.1859369403639979
policy,83122,16468,16418,2918.3,250948,False,False,False,True,6,-0.5918709425556659
policy,83222,16488,16438,2921.9,250949,False,False,True,False,100,-1.2927409916770518
policy,83322,16508,16458,2925.6,250950,False,False,True,False,100,-1.3989294181927479
policy,83344,16512,16462,2926.4,250951,False,False,False,True,22,-0.9183917508910178
policy,83371,16518,16468,2927.5,250952,False,False,False,True,27,-0.727780849902782
policy,83471,16538,16488,2931.2,250953,False,False,True,False,100,-1.4344364245678776
policy,83571,16558,16508,2934.9,250954,False,False,True,False,100,-1.347161370291551
policy,83671,16578,16528,2938.5,250955,False,False,True,False,100,-1.6194038320187325
policy,83771,16598,16548,2942.2,250956,False,False,True,False,100,-1.2904492480362149
policy,83794,16602,16552,2943.0,250957,False,False,False,True,23,-0.7763400379201039
policy,83894,16622,16572,2946.6,250958,False,False,True,False,100,-1.472830614308169
policy,83994,16642,16592,2950.2,250959,False,False,True,False,100,-1.35899925988725
policy,84094,16662,16612,2953.8,250960,False,False,True,False,100,-1.3620866058515313
policy,84194,16682,16632,2957.3,250961,False,False,True,False,100,-1.5388967753216498
policy,84294,16702,16652,2960.9,250962,False,False,True,False,100,-1.275653037614874
policy,84332,16710,16660,2962.4,250963,False,False,False,True,38,-1.0467440117504685
policy,84411,16726,16676,2965.3,250964,False,False,False,True,79,-1.3982321399220508
policy,84463,16736,16686,2967.3,250965,False,False,False,True,52,-1.0083448537619621
policy,84563,16756,16706,2971.1,250966,False,False,True,False,100,-1.1218527036083696
policy,84663,16776,16726,2974.9,250967,False,False,True,False,100,-1.4486887592164168
policy,84763,16796,16746,2978.7,250968,False,False,True,False,100,-1.581099564393739
policy,84804,16804,16754,2980.4,250969,False,False,False,True,41,-0.9115595044077411
policy,84904,16824,16774,2984.5,250970,False,False,True,False,100,-1.5614057257150589
policy,84963,16836,16786,2986.8,250971,False,False,False,True,59,-1.0916255656343505
policy,84968,16837,16787,2987.0,250972,False,False,False,True,5,-0.6661898300407416
policy,85068,16857,16807,2990.8,250973,False,False,True,False,100,-1.4107923623028613
policy,85168,16877,16827,2994.5,250974,False,False,True,False,100,-1.5852771899322866
policy,85253,16894,16844,2997.7,250975,False,False,False,True,85,-1.3267329383855517
policy,85330,16909,16859,3000.4,250976,False,False,False,True,77,-1.2097004905276312
policy,85430,16929,16879,3004.0,250977,False,False,True,False,100,-1.4077177853905707
policy,85530,16949,16899,3008.2,250978,False,False,True,False,100,-1.387196748062743
policy,85630,16969,16919,3012.0,250979,False,False,True,False,100,-1.5886066311168232
policy,85710,16985,16935,3015.1,250980,False,True,False,True,80,-1.2037852994639022
policy,85810,17005,16955,3018.8,250981,False,False,True,False,100,-1.641539523205208
policy,85874,17018,16968,3021.3,250982,False,False,False,True,64,-1.0078601413515937
policy,85974,17038,16988,3025.2,250983,False,False,True,False,100,-1.5828061442918595
policy,86074,17058,17008,3029.3,250984,False,False,True,False,100,-1.5722629587318928
policy,86105,17064,17014,3030.4,250985,False,False,False,True,31,-1.0173203751400735
policy,86174,17078,17028,3032.9,250986,False,False,False,True,69,-1.1284578321448124
policy,86274,17098,17048,3036.4,250987,False,False,True,False,100,-1.3055188034148055
policy,86374,17118,17068,3039.8,250988,False,False,True,False,100,-1.4068138271745805
policy,86434,17130,17080,3041.8,250989,False,False,False,True,60,-1.1107715955472395
policy,86534,17150,17100,3045.3,250990,False,True,True,False,100,-1.8953094788167122
policy,86634,17170,17120,3048.8,250991,False,False,True,False,100,-1.2404117925695595
policy,86684,17180,17130,3050.6,250992,False,False,False,True,50,-0.9889736415833716
policy,86784,17200,17150,3054.1,250993,False,False,True,False,100,-1.5186821257566185
policy,86829,17209,17159,3055.7,250994,False,False,False,True,45,-0.78332126677973
policy,86929,17229,17179,3059.1,250995,False,False,True,False,100,-1.4178968261715532
policy,87029,17249,17199,3062.7,250996,False,False,True,False,100,-1.2867392150641654
policy,87129,17269,17219,3066.4,250997,False,False,True,False,100,-1.4526280225451433
policy,87229,17289,17239,3070.0,250998,False,False,True,False,100,-1.299370796631881
policy,87329,17309,17259,3073.5,250999,False,False,True,False,100,-1.6340774484384704
policy,87399,17323,17273,3076.0,251000,False,False,False,True,70,-1.2358895257947327
policy,87499,17343,17293,3079.5,251001,False,False,True,False,100,-1.4790911328112606
policy,87599,17363,17313,3083.1,251002,False,False,True,False,100,-1.4905779592544819
policy,87699,17383,17333,3086.6,251003,False,False,True,False,100,-1.7370059011629215
policy,87799,17403,17353,3090.0,251004,False,False,True,False,100,-1.4936421052196314
policy,87899,17423,17373,3093.4,251005,False,False,True,False,100,-1.2733520709758053
policy,87982,17440,17390,3096.3,251006,False,False,False,True,83,-1.2497863482891967
policy,88082,17460,17410,3099.8,251007,False,False,True,False,100,-1.1639778437813941
policy,88182,17480,17430,3103.3,251008,False,False,True,False,100,-1.098013017764257
policy,88282,17500,17450,3106.7,251009,False,False,True,False,100,-1.5045372803265513
policy,88373,17518,17468,3109.7,251010,False,False,False,True,91,-1.2752098416713191
policy,88473,17538,17488,3112.9,251011,False,False,True,False,100,-1.7089387004545276
policy,88573,17558,17508,3116.2,251012,False,False,True,False,100,-1.5363806148314096
policy,88616,17567,17517,3117.6,251013,False,False,False,True,43,-0.9996350097479183
policy,88716,17587,17537,3120.9,251014,False,False,True,False,100,-1.17170692097788
policy,88809,17605,17555,3124.0,251015,False,False,False,True,93,-1.4570688307098119
policy,88909,17625,17575,3127.4,251016,False,False,True,False,100,-1.1890544575474702
policy,88987,17641,17591,3130.1,251017,False,False,False,True,78,-0.9946134019518766
policy,89068,17657,17607,3132.7,251018,False,False,False,True,81,-1.2413114240022218
policy,89084,17660,17610,3133.2,251019,False,False,False,True,16,-0.8689210828290836
policy,89184,17680,17630,3136.4,251020,False,False,True,False,100,-1.3578828183816969
policy,89284,17700,17650,3139.7,251021,False,False,True,False,100,-1.2880910397458778
policy,89384,17720,17670,3142.8,251022,False,False,True,False,100,-1.4236409046794813
policy,89484,17740,17690,3146.0,251023,False,False,True,False,100,-1.4168973862595922
policy,89494,17742,17692,3146.4,251024,False,False,False,True,10,-0.805441982164147
policy,89594,17762,17712,3149.7,251025,False,False,True,False,100,-1.2882175564659384
policy,89694,17782,17732,3153.1,251026,False,False,True,False,100,-1.4735003289987834
policy,89794,17802,17752,3156.5,251027,False,False,True,False,100,-1.5470031357847822
policy,89856,17815,17765,3158.6,251028,False,False,False,True,62,-1.0705578941818814
policy,89956,17835,17785,3162.0,251029,False,False,True,False,100,-1.3128808088314585
policy,89968,17837,17787,3162.3,251030,False,False,False,True,12,-0.693582862779702
policy,90066,17857,17807,3165.8,251031,False,False,False,True,98,-1.1518232491929603
policy,90166,17877,17827,3169.4,251032,False,False,True,False,100,-1.5373876801804813
policy,90266,17897,17847,3173.0,251033,False,False,True,False,100,-1.3000393458306365
policy,90294,17902,17852,3173.8,251034,False,False,False,True,28,-0.9385889586623589
policy,90394,17922,17872,3177.1,251035,False,False,True,False,100,-1.2544694997342498
policy,90494,17942,17892,3180.5,251036,False,False,True,False,100,-1.4432965240025055
policy,90594,17962,17912,3184.0,251037,False,False,True,False,100,-1.5064849062379086
policy,90694,17982,17932,3187.3,251038,False,False,True,False,100,-1.3682123587747548
policy,90794,18002,17952,3190.5,251039,False,False,True,False,100,-1.229827507830583
policy,90894,18022,17972,3193.6,251040,False,False,True,False,100,-1.085066453659579
policy,90994,18042,17992,3196.7,251041,False,False,True,False,100,-1.5121937559687062
policy,91094,18062,18012,3199.9,251042,False,False,True,False,100,-1.8106863489445808
policy,91146,18073,18023,3201.6,251043,False,False,False,True,52,-1.0090238230103692
policy,91179,18079,18029,3202.6,251044,False,False,False,True,33,-0.9064289608844304
policy,91273,18098,18048,3205.7,251045,False,False,False,True,94,-1.3938292612980339
policy,91373,18118,18068,3209.1,251046,False,False,True,False,100,-1.4933901500914564
policy,91431,18130,18080,3211.1,251047,False,False,False,True,58,-1.1341393334655698
policy,91488,18141,18091,3213.0,251048,False,False,False,True,57,-1.2401817848746557
policy,91544,18152,18102,3214.9,251049,False,False,False,True,56,-0.8637388661243766
policy,91613,18166,18116,3217.3,251050,False,False,False,True,69,-1.1219412641866064
policy,91713,18186,18136,3220.5,251051,False,False,True,False,100,-1.411540715972587
policy,91813,18206,18156,3223.6,251052,False,False,True,False,100,-1.3375141345338517
policy,91913,18226,18176,3226.7,251053,False,True,True,False,100,-1.6404518643961605
policy,91994,18242,18192,3229.2,251054,False,False,False,True,81,-1.1095041419775944
policy,92094,18262,18212,3232.4,251055,False,False,True,False,100,-1.1824247034116258
policy,92194,18282,18232,3235.5,251056,False,False,True,False,100,-1.6173110842982994
policy,92294,18302,18252,3238.8,251057,False,False,True,False,100,-1.1740227976479218
policy,92394,18322,18272,3242.3,251058,False,False,True,False,100,-1.3195669459287958
policy,92471,18338,18288,3244.9,251059,False,False,False,True,77,-1.4271188387148266
policy,92571,18358,18308,3248.2,251060,False,False,True,False,100,-1.144941890272142
policy,92671,18378,18328,3251.4,251061,False,False,True,False,100,-1.4203654300730864
policy,92771,18398,18348,3254.7,251062,False,False,True,False,100,-1.2020236043786523
policy,92803,18404,18354,3255.6,251063,False,False,False,True,32,-0.9320502652508318
policy,92882,18420,18370,3258.2,251064,False,False,False,True,79,-1.110520174013
policy,92982,18440,18390,3261.4,251065,False,False,True,False,100,-1.4484654568240969
policy,92999,18443,18393,3261.9,251066,False,False,False,True,17,-0.8118431545775979
policy,93099,18463,18413,3265.0,251067,False,False,True,False,100,-1.1323411600356932
policy,93199,18483,18433,3268.0,251068,False,False,True,False,100,-1.549510668700493
policy,93299,18503,18453,3271.0,251069,False,False,True,False,100,-1.612608416410733
policy,93399,18523,18473,3274.1,251070,False,False,True,False,100,-1.1898477549440636
policy,93499,18543,18493,3277.2,251071,False,False,True,False,100,-1.25362723123328
policy,93599,18563,18513,3280.4,251072,False,False,True,False,100,-1.151685426818547
policy,93699,18583,18533,3283.7,251073,False,False,True,False,100,-1.3612096787494832
policy,93799,18603,18553,3286.8,251074,False,False,True,False,100,-1.4609943985020655
policy,93868,18617,18567,3288.9,251075,False,False,False,True,69,-1.176380901038146
policy,93936,18631,18581,3291.0,251076,False,False,False,True,68,-1.0108240636587231
policy,94036,18651,18601,3294.1,251077,False,False,True,False,100,-1.3560240898709952
policy,94136,18671,18621,3297.1,251078,False,False,True,False,100,-1.4351076883203913
policy,94236,18691,18641,3300.3,251079,False,False,True,False,100,-1.539698251499642
policy,94336,18711,18661,3303.5,251080,False,False,True,False,100,-1.4951458072365775
policy,94436,18731,18681,3306.9,251081,False,False,True,False,100,-1.5491824628696653
policy,94536,18751,18701,3310.1,251082,False,False,True,False,100,-1.4046005084473254
policy,94590,18761,18711,3311.7,251083,False,False,False,True,54,-1.0003886836862743
policy,94690,18781,18731,3314.9,251084,False,False,True,False,100,-1.3208524386730045
policy,94790,18801,18751,3317.9,251085,False,False,True,False,100,-1.395942365921169
policy,94890,18821,18771,3320.9,251086,False,False,True,False,100,-1.4974881918871359
policy,94901,18824,18774,3321.3,251087,False,False,False,True,11,-0.6469274284485989
policy,94940,18831,18781,3322.4,251088,False,False,False,True,39,-0.9983122554569942
policy,95020,18847,18797,3324.8,251089,False,False,False,True,80,-1.2251081043157128
policy,95120,18867,18817,3328.1,251090,False,False,True,False,100,-1.4421403363868792
policy,95220,18887,18837,3331.3,251091,False,False,True,False,100,-1.3079644907598227
policy,95320,18907,18857,3334.5,251092,False,False,True,False,100,-1.6340847939395855
policy,95359,18915,18865,3335.8,251093,False,False,False,True,39,-0.7837191045298146
policy,95401,18924,18874,3337.2,251094,False,False,False,True,42,-1.0039458878121477
policy,95501,18944,18894,3340.4,251095,False,False,True,False,100,-1.3529345517850602
policy,95601,18964,18914,3343.5,251096,False,False,True,False,100,-1.2207682373604543
policy,95701,18984,18934,3346.7,251097,False,False,True,False,100,-1.3761817401729703
policy,95801,19004,18954,3349.7,251098,False,False,True,False,100,-1.7495399826254632
policy,95857,19015,18965,3351.4,251099,False,False,False,True,56,-1.1318556503470796
policy,95957,19035,18985,3354.5,251100,False,False,True,False,100,-1.1334108485074945
policy,96057,19055,19005,3357.6,251101,False,False,True,False,100,-1.321561222642509
policy,96073,19058,19008,3358.2,251102,False,False,False,True,16,-0.8278714633345783
policy,96173,19078,19028,3361.3,251103,False,False,True,False,100,-1.4047562682018873
policy,96225,19088,19038,3362.8,251104,False,False,False,True,52,-1.0952430180523143
policy,96325,19108,19058,3365.7,251105,False,False,True,False,100,-1.4377218939521055
policy,96425,19128,19078,3368.7,251106,False,False,True,False,100,-1.2876884890861433
policy,96513,19146,19096,3371.4,251107,False,False,False,True,88,-1.2373674946778475
policy,96613,19166,19116,3374.6,251108,False,False,True,False,100,-1.2146875970212292
policy,96713,19186,19136,3377.7,251109,False,False,True,False,100,-1.2452327994747456
policy,96813,19206,19156,3380.8,251110,False,False,True,False,100,-1.2045848389879925
policy,96913,19226,19176,3384.0,251111,False,False,True,False,100,-1.4049846182896022
policy,97013,19246,19196,3387.3,251112,False,False,True,False,100,-1.425948139964314
policy,97113,19266,19216,3390.6,251113,False,False,True,False,100,-1.3864459080391551
policy,97213,19286,19236,3393.8,251114,False,False,True,False,100,-1.5974399711194647
policy,97297,19303,19253,3396.4,251115,False,False,False,True,84,-1.527379074686288
policy,97397,19323,19273,3399.5,251116,False,False,True,False,100,-1.480087642809183
policy,97401,19324,19274,3399.7,251117,False,False,False,True,4,-0.6763150305332151
policy,97501,19344,19294,3402.9,251118,False,False,True,False,100,-1.135308112158273
policy,97601,19364,19314,3406.0,251119,False,False,True,False,100,-1.3902390646307885
policy,97701,19384,19334,3409.3,251120,False,False,True,False,100,-1.3825640798730505
policy,97801,19404,19354,3412.6,251121,False,False,True,False,100,-1.6800939908691945
policy,97901,19424,19374,3415.7,251122,False,False,True,False,100,-1.657575227394701
policy,97933,19430,19380,3416.7,251123,False,False,False,True,32,-0.8282667160622406
policy,98033,19450,19400,3419.9,251124,False,False,True,False,100,-1.144107503407175
policy,98053,19454,19404,3420.6,251125,False,False,False,True,20,-0.9251741863974727
policy,98087,19461,19411,3421.6,251126,False,False,False,True,34,-0.928982325238233
policy,98187,19481,19431,3424.6,251127,False,False,True,False,100,-1.1740205940893
policy,98287,19501,19451,3427.8,251128,False,False,True,False,100,-1.370126688756711
policy,98316,19507,19457,3428.8,251129,False,False,False,True,29,-0.8931543652985291
policy,98395,19522,19472,3431.3,251130,False,False,False,True,79,-1.0469903471698359
policy,98461,19536,19486,3433.7,251131,False,False,False,True,66,-1.032619377188227
policy,98552,19554,19504,3436.8,251132,False,False,False,True,91,-1.13420981570443
policy,98616,19567,19517,3438.9,251133,False,False,False,True,64,-1.3414722400688086
policy,98716,19587,19537,3442.1,251134,False,False,True,False,100,-1.6586901647230636
policy,98816,19607,19557,3445.4,251135,False,False,True,False,100,-1.4631080981019864
policy,98916,19627,19577,3448.7,251136,False,False,True,False,100,-1.5892366561808875
policy,99016,19647,19597,3452.0,251137,False,False,True,False,100,-1.2030549790588818
policy,99116,19667,19617,3455.3,251138,False,False,True,False,100,-1.1390635961299118
policy,99156,19675,19625,3456.6,251139,False,False,False,True,40,-0.8207842914687858
policy,99192,19682,19632,3457.7,251140,False,False,False,True,36,-0.9398559730617686
policy,99292,19702,19652,3461.0,251141,False,False,True,False,100,-1.2646539101720888
policy,99392,19722,19672,3464.2,251142,False,False,True,False,100,-1.6369216352746554
policy,99492,19742,19692,3467.5,251143,False,False,True,False,100,-1.8206581144647511
policy,99592,19762,19712,3471.1,251144,False,False,True,False,100,-1.3792823286365918
policy,99692,19782,19732,3474.3,251145,False,False,True,False,100,-1.5717106532117537
policy,99778,19799,19749,3477.1,251146,False,False,False,True,86,-1.3212494062759026
policy,99866,19817,19767,3480.0,251147,False,False,False,True,88,-1.468899281623482
policy,99944,19832,19782,3482.5,251148,False,False,False,True,78,-1.469231990141799
policy,100044,19852,19802,3485.9,251149,False,False,False,True,100,-1.395919085863257
policy,100144,19872,19822,3489.2,251150,False,False,True,False,100,-1.414265161305878
policy,100154,19874,19824,3489.5,251151,False,False,False,True,10,-0.7083135870006931
policy,100254,19894,19844,3493.0,251152,False,False,True,False,100,-1.1173961543803705
policy,100315,19906,19856,3495.2,251153,False,False,False,True,61,-0.9395648349423265
policy,100415,19926,19876,3498.6,251154,False,False,True,False,100,-1.1693501177623207
policy,100450,19933,19883,3499.8,251155,False,False,False,True,35,-0.7695739642099427
policy,100550,19953,19903,3503.1,251156,False,False,True,False,100,-1.2731204201357338
policy,100647,19973,19923,3507.0,251157,False,False,False,True,97,-1.6628343004085795
policy,100747,19993,19943,3510.5,251158,False,False,True,False,100,-1.2138664064761442
policy,100792,20002,19952,3512.1,251159,False,False,False,True,45,-0.8573716591243653
policy,100892,20022,19972,3515.6,251160,False,False,True,False,100,-1.5924467013453043
policy,100992,20042,19992,3519.2,251161,False,False,True,False,100,-1.5231647842896638
policy,101092,20062,20012,3522.7,251162,False,False,True,False,100,-1.3765814104428995
policy,101192,20082,20032,3526.1,251163,False,False,True,False,100,-1.1778939775644788
policy,101292,20102,20052,3529.5,251164,False,False,True,False,100,-1.743476921392834
policy,101392,20122,20072,3532.8,251165,False,False,True,False,100,-1.5716613877133256
policy,101492,20142,20092,3536.0,251166,False,False,True,False,100,-1.5822776810753363
policy,101592,20162,20112,3539.2,251167,False,False,True,False,100,-1.5768118195924514
policy,101692,20182,20132,3542.4,251168,False,False,True,False,100,-1.5428429273740623
policy,101792,20202,20152,3545.6,251169,False,False,True,False,100,-1.1735842402813852
policy,101892,20222,20172,3548.9,251170,False,False,True,False,100,-1.4622277327342164
policy,101904,20224,20174,3549.2,251171,False,False,False,True,12,-0.7652482856756803
policy,102004,20244,20194,3552.5,251172,False,False,True,False,100,-1.186365704188548
policy,102014,20246,20196,3552.8,251173,False,False,False,True,10,-0.830811914042962
policy,102054,20254,20204,3554.2,251174,False,False,False,True,40,-0.898697198391872
policy,102134,20270,20220,3556.8,251175,False,False,False,True,80,-0.997838992497574
policy,102234,20290,20240,3560.2,251176,False,False,True,False,100,-1.503745542295919
policy,102334,20310,20260,3563.7,251177,False,False,True,False,100,-1.5636633052958242
policy,102434,20330,20280,3567.3,251178,False,False,True,False,100,-1.0856166444733943
policy,102510,20345,20295,3569.9,251179,False,False,False,True,76,-1.2157403627100112
policy,102591,20362,20312,3572.9,251180,False,False,False,True,81,-1.18993820923447
policy,102616,20367,20317,3573.8,251181,False,False,False,True,25,-0.7376731684600412
policy,102716,20387,20337,3577.1,251182,False,False,True,False,100,-1.1722708861100872
policy,102816,20407,20357,3580.4,251183,False,False,True,False,100,-1.2998313229049618
policy,102909,20425,20375,3583.3,251184,False,False,False,True,93,-1.2927367837447832
policy,102953,20434,20384,3584.8,251185,False,False,False,True,44,-1.0095170149722694
policy,103037,20451,20401,3587.5,251186,False,False,False,True,84,-1.2362814021298782
policy,103073,20458,20408,3588.7,251187,False,False,False,True,36,-0.8492255101790097
policy,103173,20478,20428,3592.1,251188,False,False,True,False,100,-1.6119926586415738
policy,103218,20487,20437,3593.6,251189,False,False,False,True,45,-1.2704371720262082
policy,103318,20507,20457,3597.1,251190,False,False,True,False,100,-1.4527580822978772
policy,103418,20527,20477,3600.7,251191,False,False,True,False,100,-1.2433723241289028
policy,103518,20547,20497,3604.2,251192,False,False,True,False,100,-1.183112995623846
policy,103574,20558,20508,3606.6,251193,False,False,False,True,56,-1.0702521083551588
policy,103674,20578,20528,3610.0,251194,False,False,True,False,100,-1.10401726573347
policy,103739,20591,20541,3612.1,251195,False,False,False,True,65,-1.2469906245912932
policy,103839,20611,20561,3615.4,251196,False,False,True,False,100,-1.461420329239242
policy,103939,20631,20581,3618.7,251197,False,False,True,False,100,-1.3772458589488554
policy,104039,20651,20601,3622.2,251198,False,False,True,False,100,-1.485316921124325
policy,104139,20671,20621,3625.6,251199,False,False,True,False,100,-1.1402871248876418
policy,104239,20691,20641,3629.1,251200,False,False,True,False,100,-1.2089246921836785
policy,104339,20711,20661,3632.6,251201,False,False,True,False,100,-1.5920070116109593
policy,104439,20731,20681,3636.2,251202,False,False,True,False,100,-1.523267803595457
policy,104539,20751,20701,3640.1,251203,False,False,True,False,100,-1.082989656464541
policy,104639,20771,20721,3643.8,251204,False,False,True,False,100,-1.288107692404052
policy,104739,20791,20741,3647.5,251205,False,False,True,False,100,-1.1752317343439909
policy,104839,20811,20761,3651.0,251206,False,False,True,False,100,-1.5704736772760997
policy,104939,20831,20781,3654.4,251207,False,False,True,False,100,-1.1896858670242414
policy,105024,20848,20798,3657.4,251208,False,False,False,True,85,-1.4587822468467795
policy,105046,20853,20803,3658.2,251209,False,False,False,True,22,-0.9438423348712475
policy,105146,20873,20823,3661.6,251210,False,False,True,False,100,-1.1462346611364578
policy,105232,20890,20840,3664.6,251211,False,False,False,True,86,-1.2555695376775624
policy,105332,20910,20860,3668.2,251212,False,False,True,False,100,-1.4841986293114304
policy,105432,20930,20880,3672.0,251213,False,False,True,False,100,-1.3557986463917973
policy,105531,20950,20900,3675.5,251214,False,False,False,True,99,-1.3372701868997283
policy,105589,20961,20911,3677.5,251215,False,False,False,True,58,-1.1476335200292938
policy,105689,20981,20931,3681.0,251216,False,False,True,False,100,-1.404966939001634
policy,105789,21001,20951,3684.8,251217,False,False,True,False,100,-1.5759025697553377
policy,105889,21021,20971,3688.5,251218,False,False,True,False,100,-1.4528187778597785
policy,105989,21041,20991,3692.0,251219,False,False,True,False,100,-1.4559486339042262
policy,106025,21048,20998,3693.3,251220,False,False,False,True,36,-1.0225348397341385
policy,106125,21068,21018,3697.0,251221,False,False,True,False,100,-1.3850103957658197
policy,106225,21088,21038,3700.6,251222,False,False,True,False,100,-1.182738082075557
policy,106325,21108,21058,3704.2,251223,False,False,True,False,100,-1.3657088118045186
policy,106425,21128,21078,3707.7,251224,False,False,True,False,100,-1.6519964785654486
policy,106461,21136,21086,3709.1,251225,False,False,False,True,36,-0.9330321222361126
policy,106520,21147,21097,3711.0,251226,False,False,False,True,59,-1.1377484562840634
policy,106620,21167,21117,3714.5,251227,False,False,True,False,100,-1.140756046219519
policy,106720,21187,21137,3718.3,251228,False,False,True,False,100,-1.1459088956958243
policy,106749,21193,21143,3719.4,251229,False,False,False,True,29,-0.7644328332955008
policy,106849,21213,21163,3723.2,251230,False,False,True,False,100,-1.396924831483234
policy,106949,21233,21183,3727.1,251231,False,False,True,False,100,-1.7935964288566755
policy,107011,21246,21196,3729.6,251232,False,False,False,True,62,-1.2422951187740912
policy,107111,21266,21216,3733.2,251233,False,False,True,False,100,-1.4829120364602963
policy,107211,21286,21236,3737.3,251234,False,False,True,False,100,-1.3395314884071774
policy,107305,21304,21254,3740.8,251235,False,False,False,True,94,-1.3507233445119184
policy,107360,21315,21265,3742.7,251236,False,False,False,True,55,-1.1830067348474165
policy,107460,21335,21285,3746.2,251237,False,False,True,False,100,-1.4086947243611452
policy,107560,21355,21305,3749.9,251238,False,False,True,False,100,-1.2029920325180958
policy,107581,21360,21310,3750.9,251239,False,False,False,True,21,-0.7411261211829665
policy,107681,21380,21330,3754.8,251240,False,False,True,False,100,-1.318465608127413
policy,107781,21400,21350,3758.4,251241,False,False,True,False,100,-1.4812540626815893
policy,107881,21420,21370,3762.2,251242,False,False,True,False,100,-1.3429824557472767
policy,107981,21440,21390,3765.8,251243,False,False,True,False,100,-1.4141652534490303
policy,108047,21453,21403,3768.1,251244,False,False,False,True,66,-1.381404198191462
policy,108147,21473,21423,3771.6,251245,False,False,True,False,100,-1.4273278048715652
policy,108209,21485,21435,3773.8,251246,False,False,False,True,62,-1.0835831938325309
policy,108309,21505,21455,3777.6,251247,False,False,True,False,100,-1.28798240192126
policy,108409,21525,21475,3781.3,251248,False,False,True,False,100,-1.4162359690898505
policy,108452,21534,21484,3782.9,251249,False,False,False,True,43,-0.8744696601269497
policy,108552,21554,21504,3786.6,251250,False,False,True,False,100,-1.2787676794157679
policy,108556,21555,21505,3786.8,251251,False,False,False,True,4,-0.6892468030766539
policy,108656,21575,21525,3790.5,251252,False,False,True,False,100,-1.6945457566363809
policy,108756,21595,21545,3794.2,251253,False,True,True,False,100,-1.6443991305684822
policy,108853,21614,21564,3797.7,251254,False,False,False,True,97,-1.5128246041631703
policy,108953,21634,21584,3801.6,251255,False,False,True,False,100,-1.3230525043810655
policy,109053,21654,21604,3805.3,251256,False,False,True,False,100,-1.5955491319161772
policy,109153,21674,21624,3808.7,251257,False,False,True,False,100,-1.1740087907059014
policy,109243,21692,21642,3811.8,251258,False,False,False,True,90,-1.1133617384666616
policy,109343,21712,21662,3815.3,251259,False,False,True,False,100,-1.4086579926476266
policy,109404,21724,21674,3817.4,251260,False,False,False,True,61,-1.128490675214544
policy,109504,21744,21694,3821.0,251261,False,False,True,False,100,-1.4624031738936645
policy,109604,21764,21714,3824.7,251262,False,False,True,False,100,-1.3963402508371079
policy,109661,21776,21726,3826.9,251263,False,False,False,True,57,-0.9453513414653436
policy,109761,21796,21746,3830.5,251264,False,False,True,False,100,-1.4892959854282046
policy,109861,21816,21766,3834.2,251265,False,False,True,False,100,-1.212550086677253
policy,109891,21822,21772,3835.3,251266,False,False,False,True,30,-0.7784817629128706
policy,109991,21842,21792,3839.0,251267,False,False,True,False,100,-1.4106340059247953
policy,110091,21862,21812,3842.5,251268,False,False,True,False,100,-1.7572058297576267
policy,110191,21882,21832,3846.0,251269,False,False,True,False,100,-1.3082271165798995
policy,110291,21902,21852,3849.5,251270,False,False,True,False,100,-1.2646290250542895
policy,110391,21922,21872,3853.1,251271,False,False,True,False,100,-1.3843387437497938
policy,110439,21931,21881,3854.7,251272,False,False,False,True,48,-0.9675221482500925
policy,110474,21938,21888,3856.0,251273,False,False,False,True,35,-0.7876574156667187
policy,110533,21950,21900,3858.2,251274,False,False,False,True,59,-0.931947621437929
policy,110613,21966,21916,3861.1,251275,False,False,False,True,80,-1.1089022144143628
policy,110713,21986,21936,3864.8,251276,False,False,True,False,100,-1.5649042092907859
policy,110813,22006,21956,3868.7,251277,False,False,True,False,100,-1.2672898004585158
policy,110913,22026,21976,3872.8,251278,False,False,True,False,100,-1.2150258138682302
policy,110984,22040,21990,3875.8,251279,False,False,False,True,71,-0.9558977193780309
policy,111084,22060,22010,3879.7,251280,False,False,True,False,100,-1.3120310433434843
policy,111170,22077,22027,3882.5,251281,False,False,False,True,86,-1.125393162604144
policy,111247,22093,22043,3885.2,251282,False,False,False,True,77,-1.261096421974686
policy,111347,22113,22063,3888.5,251283,False,True,True,False,100,-1.4018038272999411
policy,111378,22119,22069,3889.5,251284,False,False,False,True,31,-0.9396890146137846
policy,111399,22123,22073,3890.2,251285,False,False,False,True,21,-0.9047415627753925
policy,111427,22129,22079,3891.2,251286,False,False,False,True,28,-0.9515546937162683
policy,111527,22149,22099,3894.6,251287,False,False,True,False,100,-1.3047827266837233
policy,111627,22169,22119,3898.0,251288,False,False,True,False,100,-1.1486672437652388
policy,111727,22189,22139,3901.4,251289,False,False,True,False,100,-1.37207379687549
policy,111827,22209,22159,3904.9,251290,False,False,True,False,100,-1.7324103722636313
policy,111927,22229,22179,3908.8,251291,False,False,True,False,100,-1.3006120280909967
policy,112027,22249,22199,3912.5,251292,False,False,True,False,100,-1.6525709115047433
policy,112127,22269,22219,3916.4,251293,False,False,True,False,100,-1.3022159449287183
policy,112227,22289,22239,3920.2,251294,False,False,True,False,100,-1.4817806765618338
policy,112327,22309,22259,3924.0,251295,False,False,True,False,100,-1.4672449915504595
policy,112424,22328,22278,3927.6,251296,False,False,False,True,97,-1.1952455126417545
policy,112524,22348,22298,3931.2,251297,False,False,True,False,100,-1.2666732241908156
policy,112624,22368,22318,3934.9,251298,False,False,True,False,100,-1.2576468237848433
policy,112724,22388,22338,3938.9,251299,False,False,True,False,100,-1.2492840441072373
policy,112824,22408,22358,3942.7,251300,False,False,True,False,100,-1.2539422404744855
policy,112924,22428,22378,3946.4,251301,False,False,True,False,100,-1.363871471720247
policy,113024,22448,22398,3950.6,251302,False,False,True,False,100,-1.4064412768169463
policy,113124,22468,22418,3954.6,251303,False,False,True,False,100,-1.2099278486789178
policy,113224,22488,22438,3958.7,251304,False,False,True,False,100,-1.157932501596385
policy,113324,22508,22458,3962.6,251305,False,False,True,False,100,-1.1600799321081596
policy,113424,22528,22478,3966.4,251306,False,False,True,False,100,-1.5285802154026618
policy,113524,22548,22498,3970.2,251307,False,False,True,False,100,-1.248007676014118
policy,113624,22568,22518,3974.1,251308,False,False,True,False,100,-1.193061254342801
policy,113724,22588,22538,3977.9,251309,False,False,True,False,100,-1.408444566023928
policy,113785,22600,22550,3980.3,251310,False,False,False,True,61,-1.0253234474434616
policy,113877,22619,22569,3984.0,251311,False,False,False,True,92,-1.3642065827623968
policy,113977,22639,22589,3987.9,251312,False,False,True,False,100,-1.5548733851788232
policy,114077,22659,22609,3992.0,251313,False,False,True,False,100,-1.5193757040063476
policy,114177,22679,22629,3995.7,251314,False,False,True,False,100,-1.8923117539650534
policy,114187,22681,22631,3996.1,251315,False,False,False,True,10,-0.6923115013764125
policy,114287,22701,22651,3999.9,251316,False,False,True,False,100,-1.4718350895080035
policy,114387,22721,22671,4003.6,251317,False,False,True,False,100,-1.3222785979335105
policy,114438,22731,22681,4005.5,251318,False,False,False,True,51,-1.1181175674974746
policy,114538,22751,22701,4009.4,251319,False,False,True,False,100,-1.520496469819019
policy,114638,22771,22721,4013.1,251320,False,False,True,False,100,-1.0981724090801044
policy,114738,22791,22741,4017.1,251321,False,False,True,False,100,-1.4654840956262465
policy,114838,22811,22761,4021.3,251322,False,False,True,False,100,-1.3554570162569823
policy,114938,22831,22781,4025.6,251323,False,False,True,False,100,-1.2734511056308757
policy,115038,22851,22801,4029.7,251324,False,False,True,False,100,-1.2197569534962258
policy,115138,22871,22821,4033.9,251325,False,False,True,False,100,-1.3474892176920925
policy,115238,22891,22841,4038.0,251326,False,False,True,False,100,-1.1401691931232172
policy,115270,22897,22847,4039.2,251327,False,False,False,True,32,-0.8670886006921477
policy,115338,22911,22861,4042.1,251328,False,False,False,True,68,-1.129854228040129
policy,115438,22931,22881,4046.1,251329,False,True,True,False,100,-1.873501903111709
policy,115538,22951,22901,4050.0,251330,False,False,True,False,100,-1.353570542631007
policy,115638,22971,22921,4053.8,251331,False,False,True,False,100,-1.2011405774879749
policy,115660,22975,22925,4054.6,251332,False,False,False,True,22,-1.02470582691322
policy,115760,22995,22945,4058.5,251333,False,False,True,False,100,-1.5072330444934074
policy,115860,23015,22965,4062.3,251334,False,True,True,False,100,-1.6231505798320738
policy,115960,23035,22985,4066.0,251335,False,False,True,False,100,-1.3235522465096596
policy,116060,23055,23005,4069.8,251336,False,False,True,False,100,-1.2628729908128848
policy,116160,23075,23025,4074.0,251337,False,False,True,False,100,-1.5861052137830103
policy,116260,23095,23045,4077.9,251338,False,False,True,False,100,-1.300762650164955
policy,116360,23115,23065,4081.7,251339,False,False,True,False,100,-1.1578963080138291
policy,116378,23119,23069,4082.5,251340,False,False,False,True,18,-0.8932428227793613
policy,116478,23139,23089,4087.6,251341,False,False,True,False,100,-1.310084428201219
policy,116578,23159,23109,4092.9,251342,False,False,True,False,100,-1.28400066158247
policy,116678,23179,23129,4097.7,251343,False,False,True,False,100,-1.1696124365105742
policy,116778,23199,23149,4101.8,251344,False,False,True,False,100,-1.2959301621615205
policy,116878,23219,23169,4105.6,251345,False,False,True,False,100,-1.7947128762965057
policy,116978,23239,23189,4109.9,251346,False,False,True,False,100,-1.6947614106637028
policy,117078,23259,23209,4113.5,251347,False,False,True,False,100,-1.1151768105824185
policy,117178,23279,23229,4117.1,251348,False,False,True,False,100,-1.4223114593404393
policy,117278,23299,23249,4120.7,251349,False,False,True,False,100,-1.3420110419115976
policy,117378,23319,23269,4124.4,251350,False,False,True,False,100,-1.6443856109249517
policy,117478,23339,23289,4128.2,251351,False,False,True,False,100,-1.249023399148579
policy,117578,23359,23309,4132.1,251352,False,False,True,False,100,-1.8046148361156877
policy,117678,23379,23329,4135.9,251353,False,False,True,False,100,-1.2246398555502878
policy,117778,23399,23349,4139.6,251354,False,False,True,False,100,-1.359624966092941
policy,117878,23419,23369,4143.1,251355,False,False,True,False,100,-1.5428340953367417
policy,117978,23439,23389,4146.6,251356,False,False,True,False,100,-1.3814696230268473
policy,118078,23459,23409,4150.4,251357,False,False,True,False,100,-1.2532651266584767
policy,118178,23479,23429,4154.1,251358,False,False,True,False,100,-1.5677982736111273
policy,118278,23499,23449,4157.6,251359,False,False,True,False,100,-1.4250598368546572
policy,118343,23512,23462,4160.1,251360,False,False,False,True,65,-1.0729373199452092
policy,118443,23532,23482,4163.8,251361,False,False,True,False,100,-1.3928617946345747
policy,118543,23552,23502,4167.7,251362,False,False,True,False,100,-1.6709696914667884
policy,118643,23572,23522,4171.5,251363,False,False,True,False,100,-1.6131332426711733
policy,118743,23592,23542,4175.2,251364,False,False,True,False,100,-1.3795593888823734
policy,118843,23612,23562,4178.8,251365,False,False,True,False,100,-1.2807505024907488
policy,118943,23632,23582,4182.5,251366,False,False,True,False,100,-1.316205540088816
policy,119043,23652,23602,4186.1,251367,False,False,True,False,100,-1.3122759027496276
policy,119143,23672,23622,4189.5,251368,False,False,True,False,100,-1.1068132717490329
policy,119243,23692,23642,4193.0,251369,False,False,True,False,100,-1.555523330960952
policy,119332,23710,23660,4196.3,251370,False,False,False,True,89,-1.4741968838533819
policy,119432,23730,23680,4200.1,251371,False,False,True,False,100,-1.322403053301786
policy,119457,23735,23685,4201.1,251372,False,False,False,True,25,-0.7453838040837972
policy,119503,23744,23694,4202.7,251373,False,False,False,True,46,-0.814288970284982
policy,119603,23764,23714,4207.3,251374,False,False,True,False,100,-1.1777530018184417
policy,119703,23784,23734,4211.3,251375,False,False,True,False,100,-1.099324634703152
policy,119803,23804,23754,4215.5,251376,False,False,True,False,100,-1.7423595710258954
policy,119903,23824,23774,4219.4,251377,False,False,True,False,100,-1.0707553329373989
policy,120003,23844,23794,4223.3,251378,False,False,True,False,100,-1.3104882904439052
policy,120103,23864,23814,4227.0,251379,False,False,True,False,100,-1.4293440771421189
policy,120172,23878,23828,4229.8,251380,False,False,False,True,69,-1.2683146794546725
policy,120272,23898,23848,4233.6,251381,False,False,True,False,100,-1.2764134890081023
policy,120372,23918,23868,4237.4,251382,False,False,True,False,100,-1.786387644996728
policy,120422,23928,23878,4239.3,251383,False,False,False,True,50,-1.0061843305592386
policy,120522,23948,23898,4242.9,251384,False,False,True,False,100,-1.7872180736994234
policy,120608,23965,23915,4246.1,251385,False,False,False,True,86,-1.379826361470095
policy,120708,23985,23935,4249.9,251386,False,False,True,False,100,-1.2343326222045146
policy,120784,24000,23950,4252.8,251387,False,False,False,True,76,-1.2842062803096561
policy,120819,24007,23957,4254.1,251388,False,False,False,True,35,-1.1211488729210677
policy,120910,24025,23975,4257.6,251389,False,False,False,True,91,-1.082980670005143
policy,120968,24037,23987,4260.1,251390,False,False,False,True,58,-1.1422835046554907
policy,120973,24038,23988,4260.3,251391,False,False,False,True,5,-0.7422414140954368
policy,121073,24058,24008,4264.2,251392,False,False,True,False,100,-1.3169352882918925
policy,121173,24078,24028,4267.7,251393,False,False,True,False,100,-1.1488052352176878
policy,121271,24098,24048,4271.3,251394,False,False,False,True,98,-1.1233866062311035
policy,121330,24109,24059,4273.5,251395,False,False,False,True,59,-1.0727479232947683
policy,121430,24129,24079,4277.4,251396,False,False,True,False,100,-1.257258156849975
policy,121530,24149,24099,4281.2,251397,False,True,True,False,100,-1.5013691424277271
policy,121630,24169,24119,4284.9,251398,False,False,True,False,100,-1.37549021518283
policy,121730,24189,24139,4288.8,251399,False,False,True,False,100,-1.530951656967237
policy,121754,24194,24144,4289.9,251400,False,False,False,True,24,-0.9008997705894479
policy,121854,24214,24164,4293.9,251401,False,False,True,False,100,-1.6365106568097092
policy,121954,24234,24184,4297.7,251402,False,False,True,False,100,-1.272653357742872
policy,122054,24254,24204,4301.6,251403,False,False,True,False,100,-1.6783524019509837
policy,122154,24274,24224,4305.5,251404,False,False,True,False,100,-1.4392559286445732
policy,122219,24287,24237,4307.9,251405,False,False,False,True,65,-1.0067494211382957
policy,122319,24307,24257,4311.6,251406,False,False,True,False,100,-1.673330877415113
policy,122419,24327,24277,4315.5,251407,False,False,True,False,100,-1.1294284669431798
policy,122509,24345,24295,4319.0,251408,False,False,False,True,90,-1.2362690013420365
policy,122587,24361,24311,4322.1,251409,False,False,False,True,78,-1.2050525601371977
policy,122687,24381,24331,4326.1,251410,False,False,True,False,100,-1.303811861067276
policy,122769,24397,24347,4329.2,251411,False,False,False,True,82,-1.4669918590158768
policy,122869,24417,24367,4332.9,251412,False,False,True,False,100,-1.4989049697042331
policy,122969,24437,24387,4336.8,251413,False,False,True,False,100,-1.338974152940525
policy,122999,24443,24393,4338.0,251414,False,False,False,True,30,-0.8193054333278403
policy,123099,24463,24413,4342.0,251415,False,False,True,False,100,-1.1969000554453797
policy,123199,24483,24433,4345.7,251416,False,False,True,False,100,-1.6009925100177378
policy,123299,24503,24453,4349.4,251417,False,False,True,False,100,-1.6221757692031702
policy,123345,24512,24462,4351.1,251418,False,False,False,True,46,-1.0828144991491988
policy,123445,24532,24482,4355.0,251419,False,False,False,True,100,-1.7024803420280485
policy,123490,24541,24491,4356.8,251420,False,False,False,True,45,-0.8071756363970448
policy,123590,24561,24511,4360.7,251421,False,False,True,False,100,-1.1390200184734445
policy,123666,24577,24527,4363.7,251422,False,False,False,True,76,-1.085726278979306
policy,123766,24597,24547,4367.8,251423,False,False,True,False,100,-1.302920530721449
policy,123817,24607,24557,4369.8,251424,False,False,False,True,51,-1.0969510493369847
policy,123917,24627,24577,4374.0,251425,False,True,True,False,100,-1.6264260197229516
policy,124017,24647,24597,4378.0,251426,False,False,True,False,100,-1.2712223341021598
policy,124044,24652,24602,4379.1,251427,False,False,False,True,27,-0.8568107304613827
policy,124144,24672,24622,4383.1,251428,False,False,True,False,100,-1.8498490568635222
policy,124191,24682,24632,4385.0,251429,False,False,False,True,47,-0.9627324529576637
policy,124264,24696,24646,4387.8,251430,False,False,False,True,73,-0.9849295371308616
policy,124327,24709,24659,4390.1,251431,False,False,False,True,63,-1.1208530861130535
policy,124427,24729,24679,4393.7,251432,False,False,True,False,100,-1.1024444227084271
policy,124527,24749,24699,4397.4,251433,False,False,True,False,100,-1.7283862511040011
policy,124627,24769,24719,4401.1,251434,False,False,True,False,100,-1.499013874544309
policy,124633,24770,24720,4401.3,251435,False,False,False,True,6,-0.6815612935074248
policy,124667,24777,24727,4402.8,251436,False,False,False,True,34,-1.0177654729498933
policy,124707,24785,24735,4404.4,251437,False,False,False,True,40,-1.0131930689694966
policy,124807,24805,24755,4408.0,251438,False,False,True,False,100,-1.5002240267150277
policy,124907,24825,24775,4411.8,251439,False,False,True,False,100,-1.5505333434619708
policy,125007,24845,24795,4415.6,251440,False,False,True,False,100,-1.5481626743243733
policy,125107,24865,24815,4419.7,251441,False,False,True,False,100,-1.2622396599253543
policy,125207,24885,24835,4424.1,251442,False,False,True,False,100,-1.2749334719285543
policy,125276,24899,24849,4426.9,251443,False,False,False,True,69,-1.1259999541778976
policy,125376,24919,24869,4431.1,251444,False,False,True,False,100,-1.6172511730184418
policy,125476,24939,24889,4435.2,251445,False,False,True,False,100,-1.6372511522029032
policy,125576,24959,24909,4439.3,251446,False,False,True,False,100,-1.4288341385242456
policy,125676,24979,24929,4443.4,251447,False,True,False,True,100,-1.7161150229331352
policy,125696,24983,24933,4444.2,251448,False,False,False,True,20,-0.8496018772604113
policy,125796,25003,24953,4448.5,251449,False,False,True,False,100,-1.46465615468006
policy,125864,25016,24966,4451.1,251450,False,False,False,True,68,-1.0408216574638736
policy,125897,25023,24973,4452.5,251451,False,False,False,True,33,-0.7725869738639851
policy,125997,25043,24993,4456.4,251452,False,False,True,False,100,-1.6588100745436134
policy,126049,25053,25003,4458.3,251453,False,False,False,True,52,-0.8810410780842404
policy,126113,25066,25016,4461.0,251454,False,False,False,True,64,-1.0539978450338372
policy,126135,25070,25020,4461.9,251455,False,False,False,True,22,-0.8757837947637597
policy,126235,25090,25040,4466.3,251456,False,False,True,False,100,-1.3338266020716056
policy,126335,25110,25060,4470.2,251457,False,False,True,False,100,-1.40279186512045
policy,126435,25130,25080,4474.3,251458,False,False,True,False,100,-1.5331171131668695
policy,126515,25146,25096,4477.4,251459,False,False,False,True,80,-1.100289346639792
policy,126567,25157,25107,4479.5,251460,False,False,False,True,52,-1.3724723086250616
policy,126667,25177,25127,4483.3,251461,False,False,True,False,100,-1.241241088688655
policy,126720,25187,25137,4485.3,251462,False,False,False,True,53,-0.9944573209272417
policy,126807,25205,25155,4488.7,251463,False,False,False,True,87,-1.019927474295365
policy,126907,25225,25175,4492.7,251464,False,False,True,False,100,-1.431299248216015
policy,126960,25235,25185,4494.8,251465,False,False,False,True,53,-1.0586120087193633
policy,127060,25255,25205,4499.2,251466,False,False,True,False,100,-1.3236515150831094
policy,127160,25275,25225,4503.6,251467,False,False,True,False,100,-1.5397408794021659
policy,127260,25295,25245,4508.0,251468,False,False,True,False,100,-1.4969954802035346
policy,127360,25315,25265,4512.8,251469,False,False,True,False,100,-1.3210693793053714
policy,127437,25331,25281,4516.0,251470,False,False,False,True,77,-1.014022982239975
policy,127537,25351,25301,4520.6,251471,False,False,True,False,100,-1.6493849420767908
policy,127612,25366,25316,4523.9,251472,False,False,False,True,75,-0.9695368614394723
policy,127663,25376,25326,4526.2,251473,False,False,False,True,51,-0.8991716237391498
policy,127763,25396,25346,4530.2,251474,False,False,True,False,100,-1.2348564260970507
policy,127816,25407,25357,4532.4,251475,False,False,False,True,53,-1.1326026947998997
policy,127916,25427,25377,4536.5,251476,False,False,True,False,100,-1.2018651914631184
policy,127965,25436,25386,4538.5,251477,False,False,False,True,49,-0.8946496111307922
policy,128065,25456,25406,4542.7,251478,False,False,True,False,100,-1.6116754707117567
policy,128100,25463,25413,4544.0,251479,False,False,False,True,35,-1.0676199046032813
policy,128200,25483,25433,4547.6,251480,False,False,True,False,100,-1.624570283287833
policy,128300,25503,25453,4551.5,251481,False,False,True,False,100,-1.5717639040622309
policy,128331,25510,25460,4552.8,251482,False,False,False,True,31,-0.8539562142183503
policy,128367,25517,25467,4554.1,251483,False,False,False,True,36,-1.2375894983018503
policy,128467,25537,25487,4557.9,251484,False,False,True,False,100,-1.4579967331010653
policy,128509,25545,25495,4559.5,251485,False,False,False,True,42,-0.8515192631271761
policy,128549,25553,25503,4561.0,251486,False,False,False,True,40,-0.9297057486510445
policy,128649,25573,25523,4565.0,251487,False,False,True,False,100,-1.422319694497464
policy,128727,25589,25539,4568.2,251488,False,False,False,True,78,-1.1128595087127389
policy,128827,25609,25559,4572.2,251489,False,False,True,False,100,-1.1319519513553495
policy,128927,25629,25579,4576.2,251490,False,False,True,False,100,-1.2888867642614645
policy,128977,25639,25589,4578.1,251491,False,False,False,True,50,-1.0214991179086277
policy,129077,25659,25609,4582.0,251492,False,False,True,False,100,-1.1134574482262374
policy,129177,25679,25629,4585.8,251493,False,False,True,False,100,-1.1897280186741208
policy,129277,25699,25649,4589.7,251494,False,False,True,False,100,-1.4323914876929156
policy,129317,25707,25657,4591.3,251495,False,False,False,True,40,-0.9502384186169573
policy,129412,25726,25676,4595.0,251496,False,False,False,True,95,-1.217685282639941
policy,129512,25746,25696,4598.9,251497,False,False,True,False,100,-1.5064539991783934
policy,129604,25764,25714,4602.4,251498,False,False,False,True,92,-1.4141962822756358
policy,129704,25784,25734,4606.3,251499,False,False,True,False,100,-1.1578031166787592
policy,129804,25804,25754,4610.3,251500,False,False,True,False,100,-1.6723487187630275
policy,129904,25824,25774,4614.3,251501,False,False,True,False,100,-1.1430428269172146
policy,130004,25844,25794,4618.1,251502,False,False,True,False,100,-1.3101103875309204
policy,130104,25864,25814,4621.9,251503,False,False,True,False,100,-1.2527873043437778
policy,130126,25869,25819,4622.9,251504,False,False,False,True,22,-0.713604494639797
policy,130226,25889,25839,4626.8,251505,False,False,True,False,100,-1.722140319483565
policy,130326,25909,25859,4630.7,251506,False,False,True,False,100,-1.336681494180338
policy,130426,25929,25879,4634.7,251507,False,False,True,False,100,-1.6708205898623056
policy,130472,25938,25888,4636.5,251508,False,False,False,True,46,-0.9714142840331763
policy,130572,25958,25908,4640.3,251509,False,False,True,False,100,-1.4364792041715717
policy,130589,25961,25911,4640.9,251510,False,False,False,True,17,-0.7896950641794135
policy,130689,25981,25931,4644.4,251511,False,False,True,False,100,-1.5490560074884412
policy,130789,26001,25951,4647.9,251512,False,False,True,False,100,-1.307526550558018
policy,130889,26021,25971,4651.4,251513,False,False,True,False,100,-1.2559314435438325
policy,130893,26022,25972,4651.6,251514,False,False,False,True,4,-0.8996311790984814
policy,130993,26042,25992,4655.2,251515,False,False,True,False,100,-1.7354969534345706
policy,131093,26062,26012,4658.8,251516,False,False,True,False,100,-1.5578888171286283
policy,131193,26082,26032,4662.4,251517,False,False,True,False,100,-1.2366090047014868
policy,131252,26094,26044,4664.6,251518,False,False,False,True,59,-1.2357703850282795
policy,131352,26114,26064,4668.1,251519,False,False,True,False,100,-1.4531453971348718
policy,131452,26134,26084,4671.8,251520,False,False,True,False,100,-1.159009922969646
policy,131463,26136,26086,4672.2,251521,False,False,False,True,11,-0.655405083090975
policy,131517,26147,26097,4674.3,251522,False,False,False,True,54,-1.0827885243029267
policy,131559,26155,26105,4675.8,251523,False,False,False,True,42,-1.1322022554736055
policy,131659,26175,26125,4679.5,251524,False,False,True,False,100,-1.6855880862629002
policy,131759,26195,26145,4683.0,251525,False,False,True,False,100,-1.4334691538820472
policy,131791,26202,26152,4684.2,251526,False,False,False,True,32,-1.034360971845938
policy,131876,26219,26169,4687.2,251527,False,False,False,True,85,-1.6684279893815668
policy,131976,26239,26189,4690.7,251528,False,False,True,False,100,-1.537035602590449
policy,132076,26259,26209,4694.4,251529,False,False,True,False,100,-1.0702742568050727
policy,132170,26277,26227,4697.8,251530,False,False,False,True,94,-1.47422967106624
policy,132270,26297,26247,4701.4,251531,False,False,True,False,100,-1.2622105875822185
policy,132326,26309,26259,4703.5,251532,False,False,False,True,56,-1.0107168551008554
policy,132392,26322,26272,4706.3,251533,False,False,False,True,66,-1.2247731231240482
policy,132492,26342,26292,4710.1,251534,False,False,True,False,100,-1.4676598962944294
policy,132592,26362,26312,4713.8,251535,False,False,True,False,100,-1.373098842218494
policy,132692,26382,26332,4717.3,251536,False,False,True,False,100,-1.359994321382283
policy,132792,26402,26352,4720.7,251537,False,False,True,False,100,-1.8242496765703506
policy,132892,26422,26372,4724.1,251538,False,False,True,False,100,-1.5951926187243721
policy,132980,26439,26389,4727.1,251539,False,False,False,True,88,-1.5231577934657614
policy,133080,26459,26409,4730.5,251540,False,False,True,False,100,-1.2708934424847873
policy,133180,26479,26429,4734.0,251541,False,False,True,False,100,-1.3263343880058325
policy,133280,26499,26449,4737.5,251542,False,False,True,False,100,-1.0912512829504493
policy,133380,26519,26469,4741.1,251543,False,False,True,False,100,-1.6979487253381382
policy,133480,26539,26489,4744.7,251544,False,False,True,False,100,-1.3017803214683696
policy,133528,26549,26499,4746.6,251545,False,False,False,True,48,-1.0074541939251846
policy,133628,26569,26519,4750.4,251546,False,False,True,False,100,-1.1984739197054215
policy,133728,26589,26539,4754.0,251547,False,True,True,False,100,-1.8849173422614203
policy,133828,26609,26559,4757.6,251548,False,False,True,False,100,-1.4080190624467472
policy,133928,26629,26579,4761.2,251549,False,False,True,False,100,-1.832803991812026
policy,134028,26649,26599,4764.8,251550,False,False,True,False,100,-1.4598904005264755
policy,134128,26669,26619,4768.6,251551,False,False,True,False,100,-1.1902339820282175
policy,134155,26674,26624,4769.7,251552,False,False,False,True,27,-0.8722335930929722
policy,134206,26685,26635,4772.0,251553,False,False,False,True,51,-0.994563184958124
policy,134306,26705,26655,4776.1,251554,False,False,True,False,100,-1.658000081060734
policy,134391,26722,26672,4779.5,251555,False,False,False,True,85,-1.1719286958491584
policy,134400,26723,26673,4779.6,251556,False,False,False,True,9,-0.7567009467615222
policy,134500,26743,26693,4783.4,251557,False,False,True,False,100,-1.5211834225032408
policy,134600,26763,26713,4787.6,251558,False,False,True,False,100,-1.2666432086214399
policy,134700,26783,26733,4791.6,251559,False,False,True,False,100,-1.7117352708197635
policy,134800,26803,26753,4795.9,251560,False,False,True,False,100,-1.1202659477265593
policy,134900,26823,26773,4800.1,251561,False,False,True,False,100,-1.1085435130362638
policy,135000,26843,26793,4804.5,251562,False,False,True,False,100,-1.2313125152588387
policy,135100,26863,26813,4809.0,251563,False,False,True,False,100,-1.3224013142351514
policy,135200,26883,26833,4813.5,251564,False,False,True,False,100,-1.2279099091413617
policy,135300,26903,26853,4817.8,251565,False,False,True,False,100,-1.1090266112462555
policy,135386,26921,26871,4821.5,251566,False,False,False,True,86,-1.1505905571267343
policy,135486,26941,26891,4825.8,251567,False,False,True,False,100,-1.490902692346836
policy,135586,26961,26911,4830.5,251568,False,False,True,False,100,-1.3267424047813874
policy,135686,26981,26931,4834.6,251569,False,False,True,False,100,-1.0835051797758646
policy,135786,27001,26951,4838.3,251570,False,False,True,False,100,-1.4416552803512506
policy,135880,27019,26969,4841.9,251571,False,False,False,True,94,-1.2479865451199457
policy,135947,27033,26983,4844.7,251572,False,False,False,True,67,-1.225928917299712
policy,136047,27053,27003,4848.6,251573,False,False,True,False,100,-1.5968446741414586
policy,136147,27073,27023,4852.5,251574,False,False,True,False,100,-1.3590183607041255
policy,136247,27093,27043,4856.3,251575,False,False,True,False,100,-1.516811892086876
policy,136347,27113,27063,4860.1,251576,False,False,True,False,100,-1.150953829494985
policy,136399,27123,27073,4862.0,251577,False,False,False,True,52,-1.1140548268796526
policy,136499,27143,27093,4866.1,251578,False,False,True,False,100,-1.132808638151582
policy,136599,27163,27113,4869.9,251579,False,False,True,False,100,-1.5374138225556306
policy,136699,27183,27133,4873.7,251580,False,False,True,False,100,-1.3434964781182874
policy,136799,27203,27153,4877.3,251581,False,True,False,True,100,-1.652145998576869
policy,136899,27223,27173,4880.9,251582,False,False,True,False,100,-1.5320109009509595
policy,136911,27226,27176,4881.4,251583,False,False,False,True,12,-0.6943624316057787
policy,136916,27227,27177,4881.6,251584,False,False,False,True,5,-0.7840177081615987
policy,137011,27246,27196,4885.1,251585,False,False,False,True,95,-1.5260645377878892
policy,137111,27266,27216,4888.7,251586,False,False,True,False,100,-1.3634633023798435
policy,137207,27285,27235,4892.2,251587,False,False,False,True,96,-1.4801169961031055
policy,137307,27305,27255,4895.8,251588,False,False,True,False,100,-1.1824529037398381
policy,137407,27325,27275,4899.5,251589,False,False,True,False,100,-1.6597124366011309
policy,137507,27345,27295,4903.3,251590,False,False,True,False,100,-1.1358417367385563
policy,137607,27365,27315,4907.0,251591,False,False,True,False,100,-1.4038278992055893
