phase,env_steps,model_updates,ac_updates,elapsed_seconds,scene,success,pickup,timeout,oob,length,return_
prefill,100,0,0,0.9,250000,False,False,True,False,100,-1.3223818269350471
prefill,200,0,0,0.9,250001,False,False,True,False,100,-1.368535746512731
prefill,300,0,0,1.0,250002,False,False,True,False,100,-1.4904921352155056
prefill,400,0,0,1.0,250003,False,False,True,False,100,-1.3299339761661386
prefill,447,0,0,1.0,250004,False,False,False,True,47,-1.0192066226570602
prefill,547,0,0,1.0,250005,False,False,True,False,100,-1.4341195075107982
prefill,634,0,0,1.0,250006,False,False,False,True,87,-1.3149747365225353
prefill,700,0,0,1.0,250007,False,False,False,True,66,-1.1528117191358294
prefill,730,0,0,1.0,250008,False,False,False,True,30,-0.8601759190055405
prefill,830,0,0,1.0,250009,False,False,True,False,100,-1.3735628921569283
prefill,930,0,0,1.0,250010,False,False,True,False,100,-1.4084738776262942
prefill,1030,0,0,1.0,250011,False,False,True,False,100,-1.7784313976084947
policy,1130,69,19,23.7,250012,False,False,True,False,100,-1.1792347844530755
policy,1230,89,39,27.1,250013,False,False,True,False,100,-1.42569607952971
policy,1330,109,59,30.4,250014,False,False,True,False,100,-1.1177379980412356
policy,1430,129,79,33.9,250015,False,False,True,False,100,-1.1672236654566421
policy,1530,149,99,37.3,250016,False,False,True,False,100,-1.5429947154254129
policy,1630,169,119,40.5,250017,False,False,True,False,100,-1.375197544014101
policy,1730,189,139,43.6,250018,False,False,True,False,100,-1.6639348966488852
policy,1801,204,154,46.1,250019,False,False,False,True,71,-1.277795089656116
policy,1817,207,157,46.6,250020,False,False,False,True,16,-0.6525882628839104
policy,1917,227,177,49.9,250021,False,False,True,False,100,-1.4612150653204496
policy,1967,237,187,51.5,250022,False,False,False,True,50,-0.8375456329170226
policy,2067,257,207,54.7,250023,False,False,True,False,100,-1.238003247104448
policy,2167,277,227,57.7,250024,False,False,True,False,100,-1.5705118479437181
policy,2267,297,247,60.9,250025,False,False,True,False,100,-1.1219958721234369
policy,2367,317,267,64.1,250026,False,False,True,False,100,-1.2380213325127054
policy,2393,322,272,64.9,250027,False,False,False,True,26,-0.9088331667572624
policy,2493,342,292,68.1,250028,False,False,True,False,100,-1.460271434039933
policy,2593,362,312,71.3,250029,False,False,True,False,100,-1.0583812317406496
policy,2693,382,332,74.4,250030,False,False,True,False,100,-1.5121341685519765
policy,2720,387,337,75.2,250031,False,False,False,True,27,-1.1133925853211053
policy,2732,390,340,75.7,250032,False,False,False,True,12,-0.6577819869975686
policy,2832,410,360,78.8,250033,False,False,True,False,100,-1.68930608937259
policy,2932,430,380,82.0,250034,False,False,True,False,100,-1.491960844909256
policy,3032,450,400,85.2,250035,False,True,True,False,100,-1.5774768028980841
policy,3087,461,411,87.0,250036,False,False,False,True,55,-1.2669075506271201
policy,3187,481,431,90.4,250037,False,False,True,False,100,-1.1994646471287531
policy,3202,484,434,90.8,250038,False,False,False,True,15,-0.6650928366946223
policy,3302,504,454,94.1,250039,False,False,True,False,100,-1.4813390145437968
policy,3332,510,460,95.1,250040,False,False,False,True,30,-0.904218999493283
policy,3432,530,480,98.3,250041,False,False,True,False,100,-1.1732126091431463
policy,3532,550,500,101.7,250042,False,False,True,False,100,-1.692541662849433
policy,3632,570,520,105.0,250043,False,False,True,False,100,-1.340279205275113
policy,3732,590,540,108.2,250044,False,False,True,False,100,-1.50649651298097
policy,3749,593,543,108.7,250045,False,False,False,True,17,-0.8679046822186182
policy,3849,613,563,111.9,250046,False,False,True,False,100,-1.6922015797804413
policy,3949,633,583,115.1,250047,False,False,True,False,100,-1.2665637930074085
policy,4049,653,603,118.6,250048,False,False,True,False,100,-1.1642764542975037
policy,4107,665,615,120.6,250049,False,False,False,True,58,-0.9448842509141995
policy,4207,685,635,123.8,250050,False,False,True,False,100,-1.6269172769828733
policy,4307,705,655,127.1,250051,False,False,True,False,100,-1.4632042351578485
policy,4349,713,663,128.3,250052,False,False,False,True,42,-0.9401259734762464
policy,4433,730,680,131.1,250053,False,True,False,True,84,-1.3765142073397287
policy,4495,742,692,133.0,250054,False,False,False,True,62,-1.082474395135334
policy,4542,752,702,134.5,250055,False,False,False,True,47,-1.03662659451335
policy,4642,772,722,137.7,250056,False,False,True,False,100,-1.320565553531535
policy,4742,792,742,140.9,250057,False,False,True,False,100,-1.234035339024165
policy,4842,812,762,143.9,250058,False,False,True,False,100,-1.4142834763166792
policy,4942,832,782,147.2,250059,False,False,True,False,100,-1.155199485441826
policy,4971,838,788,148.1,250060,False,False,False,True,29,-0.9349130944464104
policy,5024,848,798,149.6,250061,False,False,False,True,53,-1.2131635056819823
policy,5104,864,814,152.1,250062,False,False,False,True,80,-0.9946318200084032
policy,5204,884,834,155.2,250063,False,False,True,False,100,-1.138630821769549
policy,5304,904,854,158.3,250064,False,False,True,False,100,-1.5289994668961036
policy,5404,924,874,161.5,250065,False,False,True,False,100,-1.414746306060017
policy,5504,944,894,164.5,250066,False,False,True,False,100,-1.5136912320666769
policy,5557,955,905,166.2,250067,False,False,False,True,53,-1.0367793753844516
policy,5657,975,925,169.3,250068,False,False,True,False,100,-1.6141942599784893
policy,5757,995,945,172.4,250069,False,False,True,False,100,-1.2976990788535394
policy,5857,1015,965,175.6,250070,False,False,True,False,100,-1.244877849263415
policy,5957,1035,985,179.1,250071,False,False,True,False,100,-1.1084500822801209
policy,6057,1055,1005,182.4,250072,False,False,True,False,100,-1.7762876915024557
policy,6157,1075,1025,185.4,250073,False,False,True,False,100,-1.754544891133829
policy,6257,1095,1045,188.6,250074,False,False,True,False,100,-1.4607298779215234
policy,6357,1115,1065,191.8,250075,False,False,True,False,100,-1.4038749932714083
policy,6457,1135,1085,195.0,250076,False,False,True,False,100,-1.634379143591384
policy,6557,1155,1105,198.4,250077,False,False,True,False,100,-1.2594223179207855
policy,6657,1175,1125,201.8,250078,False,False,True,False,100,-1.250910315579461
policy,6687,1181,1131,202.7,250079,False,False,False,True,30,-0.8679787228142153
policy,6787,1201,1151,206.1,250080,False,False,True,False,100,-1.2961731001029555
policy,6887,1221,1171,209.5,250081,False,False,True,False,100,-1.2007937767642975
policy,6987,1241,1191,212.8,250082,False,False,True,False,100,-1.4228699028983167
policy,7087,1261,1211,216.1,250083,False,False,True,False,100,-1.0926535263223136
policy,7187,1281,1231,219.5,250084,False,False,True,False,100,-1.279503869113892
policy,7287,1301,1251,222.7,250085,False,False,True,False,100,-1.6964001557418815
policy,7387,1321,1271,226.2,250086,False,False,True,False,100,-1.758143724508142
policy,7487,1341,1291,229.6,250087,False,False,True,False,100,-1.2986352485908654
policy,7587,1361,1311,233.1,250088,False,False,True,False,100,-1.3375341493371682
policy,7687,1381,1331,236.4,250089,False,False,True,False,100,-1.4817576947822262
policy,7787,1401,1351,239.9,250090,False,False,True,False,100,-1.1281171887975123
policy,7887,1421,1371,243.5,250091,False,False,True,False,100,-1.145942713194162
policy,7925,1428,1378,244.6,250092,False,False,False,True,38,-0.8304417354713107
policy,8025,1448,1398,248.1,250093,False,False,True,False,100,-1.4754637980251368
policy,8107,1465,1415,251.5,250094,False,False,False,True,82,-1.2731288478949487
policy,8207,1485,1435,255.3,250095,False,False,True,False,100,-1.4465182924915372
policy,8307,1505,1455,258.8,250096,False,False,True,False,100,-1.2763062189802175
policy,8407,1525,1475,262.4,250097,False,False,True,False,100,-1.4141158624676322
policy,8507,1545,1495,265.9,250098,False,False,True,False,100,-1.6379938936117697
policy,8607,1565,1515,269.5,250099,False,False,True,False,100,-1.2777450537469401
policy,8707,1585,1535,273.0,250100,False,False,True,False,100,-1.7011314215271955
policy,8739,1591,1541,274.1,250101,False,False,False,True,32,-0.870758368251003
policy,8839,1611,1561,278.0,250102,False,False,True,False,100,-1.460862866994868
policy,8939,1631,1581,281.9,250103,False,False,True,False,100,-1.5679423351268775
policy,8968,1637,1587,283.0,250104,False,False,False,True,29,-0.9416612847062151
policy,9065,1656,1606,286.7,250105,False,False,False,True,97,-1.0876887081583262
policy,9165,1676,1626,290.3,250106,False,False,True,False,100,-1.6597757642033757
policy,9265,1696,1646,293.9,250107,False,False,True,False,100,-1.1248060376458677
policy,9357,1715,1665,297.4,250108,False,False,False,True,92,-1.328337682587168
policy,9447,1733,1683,300.9,250109,False,False,False,True,90,-1.5369406995148094
policy,9547,1753,1703,304.3,250110,False,False,True,False,100,-1.2591822833509903
policy,9647,1773,1723,307.7,250111,False,False,True,False,100,-1.5635653398085212
policy,9747,1793,1743,311.2,250112,False,False,True,False,100,-1.1429757495267174
policy,9847,1813,1763,314.9,250113,False,False,True,False,100,-1.1267457928726605
policy,9947,1833,1783,318.5,250114,False,False,True,False,100,-1.5783306520987341
policy,10047,1853,1803,322.1,250115,False,False,True,False,100,-1.4951652948603695
policy,10073,1858,1808,323.0,250116,False,False,False,True,26,-0.7526654587549293
policy,10173,1878,1828,326.5,250117,False,False,True,False,100,-1.077903421073601
policy,10195,1882,1832,327.2,250118,False,False,False,True,22,-0.7996482709107002
policy,10295,1902,1852,330.8,250119,False,False,True,False,100,-1.1982136550799238
policy,10395,1922,1872,334.2,250120,False,False,True,False,100,-1.097072890512035
policy,10495,1942,1892,338.0,250121,False,False,True,False,100,-1.195769049391628
policy,10595,1962,1912,341.5,250122,False,False,True,False,100,-1.5630178539726993
policy,10644,1972,1922,343.3,250123,False,False,False,True,49,-0.8333025820070138
policy,10744,1992,1942,346.9,250124,False,False,True,False,100,-1.4796721929749634
policy,10844,2012,1962,350.3,250125,False,False,True,False,100,-1.1997322368090861
policy,10944,2032,1982,353.9,250126,False,False,True,False,100,-1.2499082780729327
policy,11038,2051,2001,357.4,250127,False,False,False,True,94,-1.1692640726831953
policy,11138,2071,2021,361.0,250128,False,False,True,False,100,-1.139548891856354
policy,11183,2080,2030,362.7,250129,False,False,False,True,45,-0.9366750490863949
policy,11283,2100,2050,366.3,250130,False,False,True,False,100,-1.349258213256038
policy,11383,2120,2070,370.0,250131,False,False,True,False,100,-1.2341343916978544
policy,11483,2140,2090,373.6,250132,False,False,True,False,100,-1.4302096299628912
policy,11553,2154,2104,376.1,250133,False,False,False,True,70,-1.1458064926688842
policy,11583,2160,2110,377.1,250134,False,False,False,True,30,-0.7878333268080704
policy,11683,2180,2130,380.6,250135,False,False,True,False,100,-1.3421908632143087
policy,11783,2200,2150,384.2,250136,False,False,True,False,100,-1.216720271145863
policy,11883,2220,2170,387.9,250137,False,False,True,False,100,-1.4265164164021795
policy,11983,2240,2190,391.4,250138,False,True,True,False,100,-1.679865606848209
policy,12083,2260,2210,395.0,250139,False,False,True,False,100,-1.5364695396376327
policy,12183,2280,2230,398.7,250140,False,False,True,False,100,-1.6357932014599266
policy,12283,2300,2250,402.4,250141,False,False,True,False,100,-1.4421824974776531
policy,12383,2320,2270,406.4,250142,False,False,True,False,100,-1.6762403925408407
policy,12483,2340,2290,410.1,250143,False,False,True,False,100,-1.5307737984533762
policy,12583,2360,2310,413.8,250144,False,False,True,False,100,-1.382190257152636
policy,12683,2380,2330,417.5,250145,False,False,True,False,100,-1.3702817415771258
policy,12783,2400,2350,421.3,250146,False,False,True,False,100,-1.5394409215895517
policy,12883,2420,2370,424.9,250147,False,False,True,False,100,-1.4593068808210505
policy,12983,2440,2390,428.6,250148,False,False,True,False,100,-1.4166155157703892
policy,13083,2460,2410,432.1,250149,False,False,True,False,100,-1.510339416071098
policy,13183,2480,2430,435.6,250150,False,False,True,False,100,-1.5245535452016334
policy,13283,2500,2450,439.1,250151,False,False,True,False,100,-1.4479382741164977
policy,13383,2520,2470,442.6,250152,False,False,True,False,100,-1.3191549220062146
policy,13483,2540,2490,446.1,250153,False,False,True,False,100,-1.1550333003507123
policy,13583,2560,2510,449.5,250154,False,False,True,False,100,-1.3789863842289674
policy,13683,2580,2530,452.8,250155,False,False,True,False,100,-1.4233774302578976
policy,13719,2587,2537,454.0,250156,False,False,False,True,36,-0.8248222758967811
policy,13819,2607,2557,457.4,250157,False,False,True,False,100,-1.3296633981461201
policy,13919,2627,2577,460.8,250158,False,False,True,False,100,-1.1871879234134521
policy,14019,2647,2597,464.3,250159,False,False,True,False,100,-1.454535352131123
policy,14119,2667,2617,467.6,250160,False,False,True,False,100,-1.4621684388483704
policy,14219,2687,2637,471.0,250161,False,False,True,False,100,-1.641852427909282
policy,14319,2707,2657,474.5,250162,False,False,True,False,100,-1.511519378879069
policy,14353,2714,2664,475.8,250163,False,False,False,True,34,-0.9547197399803827
policy,14420,2727,2677,478.0,250164,False,False,False,True,67,-1.3329223651839925
policy,14518,2747,2697,481.4,250165,False,False,False,True,98,-1.407972763433968
policy,14618,2767,2717,485.0,250166,False,False,True,False,100,-1.4664971106807076
policy,14718,2787,2737,488.3,250167,False,False,True,False,100,-1.3537551327181294
policy,14818,2807,2757,491.9,250168,False,False,True,False,100,-1.3043524352245517
policy,14859,2815,2765,493.3,250169,False,False,False,True,41,-0.9291828347406608
policy,14959,2835,2785,496.7,250170,False,False,True,False,100,-1.5003704376647002
policy,15059,2855,2805,500.3,250171,False,False,True,False,100,-1.542374042403115
policy,15159,2875,2825,503.7,250172,False,False,True,False,100,-1.5100944199608093
policy,15225,2888,2838,506.1,250173,False,False,False,True,66,-1.0898763948868715
policy,15325,2908,2858,509.7,250174,False,False,True,False,100,-1.296202653122469
policy,15425,2928,2878,513.2,250175,False,False,True,False,100,-1.6794198562486915
policy,15525,2948,2898,516.9,250176,False,False,True,False,100,-1.6978651350686451
policy,15625,2968,2918,520.4,250177,False,False,True,False,100,-1.5174227454464377
policy,15725,2988,2938,524.0,250178,False,False,True,False,100,-1.5573534818583403
policy,15825,3008,2958,527.6,250179,False,False,True,False,100,-1.6183103921456388
policy,15925,3028,2978,531.2,250180,False,False,True,False,100,-1.30857270876124
policy,15956,3035,2985,532.3,250181,False,False,False,True,31,-0.7213235638641946
policy,16056,3055,3005,535.8,250182,False,False,True,False,100,-1.4202483284599643
policy,16156,3075,3025,539.4,250183,False,False,True,False,100,-1.4033617591880767
policy,16230,3089,3039,541.8,250184,False,False,False,True,74,-1.3048179784841452
policy,16330,3109,3059,545.4,250185,False,False,True,False,100,-1.1255140781584516
policy,16430,3129,3079,548.8,250186,False,False,True,False,100,-1.4763062443925514
policy,16530,3149,3099,552.3,250187,False,False,True,False,100,-1.379981276543179
policy,16630,3169,3119,555.8,250188,False,False,True,False,100,-1.1857940663068645
policy,16690,3181,3131,557.8,250189,False,False,False,True,60,-1.1301719332565499
policy,16744,3192,3142,559.8,250190,False,False,False,True,54,-0.838429499140378
policy,16844,3212,3162,563.3,250191,False,False,True,False,100,-1.3851460322277047
policy,16944,3232,3182,566.8,250192,False,False,True,False,100,-1.1889556160261203
policy,17044,3252,3202,570.3,250193,False,False,True,False,100,-1.3850230715957248
policy,17144,3272,3222,574.0,250194,False,False,True,False,100,-1.5067983375550542
policy,17244,3292,3242,577.6,250195,False,False,True,False,100,-1.466921558064608
policy,17344,3312,3262,581.3,250196,False,False,True,False,100,-1.3090793021736333
policy,17414,3326,3276,583.8,250197,False,False,False,True,70,-0.9163987309099337
policy,17514,3346,3296,587.5,250198,False,False,True,False,100,-1.1153360064987325
policy,17614,3366,3316,591.1,250199,False,False,True,False,100,-1.6182464755125259
policy,17714,3386,3336,594.6,250200,False,False,True,False,100,-1.1287268401963892
policy,17814,3406,3356,598.1,250201,False,False,True,False,100,-1.3972237680069024
policy,17914,3426,3376,602.0,250202,False,False,True,False,100,-1.6224755434308555
policy,17953,3434,3384,603.4,250203,False,False,False,True,39,-1.0139006667825152
policy,18053,3454,3404,607.1,250204,False,False,True,False,100,-1.3517901092890292
policy,18153,3474,3424,610.7,250205,False,False,True,False,100,-1.410418958542351
policy,18253,3494,3444,614.4,250206,False,False,True,False,100,-1.322549887904837
policy,18353,3514,3464,618.0,250207,False,True,True,False,100,-1.325703407172627
policy,18412,3526,3476,620.3,250208,False,False,False,True,59,-1.1064912459845364
policy,18512,3546,3496,623.9,250209,False,False,True,False,100,-1.5199747279795919
policy,18524,3548,3498,624.2,250210,False,False,False,True,12,-0.7803976178499366
policy,18624,3568,3518,627.8,250211,False,False,True,False,100,-1.3471349910308819
policy,18724,3588,3538,631.4,250212,False,False,True,False,100,-1.3948935801283104
policy,18824,3608,3558,635.0,250213,False,False,True,False,100,-1.464963266424562
policy,18924,3628,3578,638.6,250214,False,False,True,False,100,-1.608722533029966
policy,18995,3642,3592,641.1,250215,False,False,False,True,71,-1.327036155914294
policy,19046,3653,3603,643.1,250216,False,False,False,True,51,-1.0326118864748053
policy,19146,3673,3623,646.8,250217,False,False,True,False,100,-1.7006178339498175
policy,19246,3693,3643,650.3,250218,False,False,True,False,100,-1.1484285477523775
policy,19346,3713,3663,653.9,250219,False,False,True,False,100,-1.3879584198668584
policy,19446,3733,3683,657.5,250220,False,False,True,False,100,-1.6991637515187754
policy,19546,3753,3703,661.1,250221,False,False,True,False,100,-1.3054588615059912
policy,19583,3760,3710,662.5,250222,False,False,False,True,37,-0.8342403091914566
policy,19683,3780,3730,666.0,250223,False,False,True,False,100,-1.3659533513531712
policy,19783,3800,3750,669.7,250224,False,False,True,False,100,-1.3554826413250844
policy,19883,3820,3770,673.7,250225,False,False,True,False,100,-1.4648409578077008
policy,19983,3840,3790,677.2,250226,False,False,True,False,100,-1.5030634876554352
policy,20083,3860,3810,680.8,250227,False,False,True,False,100,-1.4084198045548673
policy,20183,3880,3830,684.4,250228,False,False,True,False,100,-1.5921770603475087
policy,20283,3900,3850,687.9,250229,False,False,True,False,100,-1.2533100857605124
policy,20322,3908,3858,689.4,250230,False,False,False,True,39,-0.8852497738147068
policy,20412,3926,3876,692.7,250231,False,False,False,True,90,-1.142608346804507
policy,20512,3946,3896,696.3,250232,False,False,True,False,100,-1.603122015940141
policy,20612,3966,3916,699.7,250233,False,False,True,False,100,-1.314018260965836
policy,20652,3974,3924,701.1,250234,False,False,False,True,40,-1.0109257603585782
policy,20752,3994,3944,704.6,250235,False,False,True,False,100,-1.1543086697595957
policy,20852,4014,3964,708.2,250236,False,False,True,False,100,-1.1914313943597692
policy,20952,4034,3984,711.8,250237,False,False,True,False,100,-1.4520484909431124
policy,21052,4054,4004,715.4,250238,False,False,True,False,100,-1.3468674515221575
policy,21152,4074,4024,718.9,250239,False,False,True,False,100,-1.1039137190863086
policy,21252,4094,4044,722.5,250240,False,False,True,False,100,-1.4988190571366449
policy,21352,4114,4064,726.2,250241,False,False,True,False,100,-1.8428859293290734
policy,21372,4118,4068,726.9,250242,False,False,False,True,20,-0.7707696270785203
policy,21472,4138,4088,730.5,250243,False,True,True,False,100,-1.6910363113464493
policy,21572,4158,4108,734.0,250244,False,False,True,False,100,-1.3592284476789829
policy,21672,4178,4128,737.6,250245,False,False,True,False,100,-1.5378136102702822
policy,21772,4198,4148,741.3,250246,False,False,True,False,100,-1.1174721185114274
policy,21872,4218,4168,744.8,250247,False,False,True,False,100,-1.4146065776449035
policy,21972,4238,4188,748.9,250248,False,False,True,False,100,-1.2855655120005447
policy,22072,4258,4208,752.4,250249,False,False,True,False,100,-1.5763389441713742
policy,22172,4278,4228,756.0,250250,False,False,True,False,100,-1.2921584594891464
policy,22272,4298,4248,759.7,250251,False,False,True,False,100,-1.6067459630097864
policy,22372,4318,4268,763.6,250252,False,False,True,False,100,-1.3372761227969927
policy,22419,4327,4277,765.4,250253,False,False,False,True,47,-0.9333158211309174
policy,22436,4331,4281,766.1,250254,False,False,False,True,17,-0.7238751523256302
policy,22512,4346,4296,768.9,250255,False,False,False,True,76,-1.035451946247571
policy,22612,4366,4316,772.6,250256,False,False,True,False,100,-1.1540404165192797
policy,22712,4386,4336,776.5,250257,False,False,True,False,100,-1.4700064410344975
policy,22758,4395,4345,778.8,250258,False,False,False,True,46,-0.8894151461426282
policy,22858,4415,4365,783.3,250259,False,False,True,False,100,-1.4810853284411822
policy,22958,4435,4385,787.3,250260,False,False,True,False,100,-1.3927380597413856
policy,23058,4455,4405,791.2,250261,False,False,True,False,100,-1.4771412897463922
policy,23158,4475,4425,795.5,250262,False,False,True,False,100,-1.4600206450779671
policy,23216,4487,4437,797.9,250263,False,False,False,True,58,-1.1300581958334828
policy,23316,4507,4457,801.9,250264,False,False,True,False,100,-1.2655886186748055
policy,23416,4527,4477,806.3,250265,False,False,True,False,100,-1.60134788593247
policy,23437,4531,4481,807.1,250266,False,False,False,True,21,-1.0618411929219411
policy,23537,4551,4501,810.9,250267,False,False,True,False,100,-1.4593481380136528
policy,23599,4563,4513,813.1,250268,False,False,False,True,62,-1.1524925511975397
policy,23699,4583,4533,817.0,250269,False,False,True,False,100,-1.5345976390296856
policy,23799,4603,4553,820.7,250270,False,False,True,False,100,-1.3073227253235857
policy,23899,4623,4573,824.3,250271,False,False,True,False,100,-1.1901575498446064
policy,23999,4643,4593,828.9,250272,False,False,True,False,100,-1.5585561078292312
policy,24099,4663,4613,832.5,250273,False,True,True,False,100,-1.4519876983288205
policy,24199,4683,4633,836.2,250274,False,False,True,False,100,-1.2027089174223404
policy,24299,4703,4653,840.2,250275,False,False,True,False,100,-1.3004145445478743
policy,24399,4723,4673,844.4,250276,False,False,True,False,100,-1.2688097098471238
policy,24453,4734,4684,846.6,250277,False,False,False,True,54,-0.9122646091052291
policy,24553,4754,4704,850.5,250278,False,False,True,False,100,-1.7533262617145877
policy,24595,4762,4712,852.0,250279,False,False,False,True,42,-0.8821148213675163
policy,24695,4782,4732,855.9,250280,False,False,True,False,100,-1.4325720880042565
policy,24724,4788,4738,857.0,250281,False,False,False,True,29,-0.8776480394718816
policy,24824,4808,4758,861.0,250282,False,False,True,False,100,-1.1728161459719055
policy,24924,4828,4778,864.8,250283,False,False,True,False,100,-1.3354653383832389
policy,25007,4845,4795,868.1,250284,False,False,False,True,83,-1.5719562454036282
policy,25076,4859,4809,870.8,250285,False,False,False,True,69,-1.3754753834050892
policy,25135,4870,4820,872.8,250286,False,False,False,True,59,-1.2935281909065806
policy,25224,4888,4838,876.0,250287,False,False,False,True,89,-1.4216617233877913
policy,25303,4904,4854,878.9,250288,False,False,False,True,79,-1.0456012126142527
policy,25403,4924,4874,882.5,250289,False,False,True,False,100,-1.458944162480237
policy,25503,4944,4894,886.6,250290,False,False,True,False,100,-1.4387836655598836
policy,25603,4964,4914,890.6,250291,False,False,True,False,100,-1.1629506219616474
policy,25703,4984,4934,894.4,250292,False,False,True,False,100,-1.3462140031143837
policy,25803,5004,4954,898.1,250293,False,False,True,False,100,-1.1763343353909472
policy,25903,5024,4974,902.3,250294,False,False,True,False,100,-1.165458602213893
policy,25960,5035,4985,904.2,250295,False,False,False,True,57,-1.2578232594191159
policy,25999,5043,4993,905.7,250296,False,False,False,True,39,-1.0834009955236614
policy,26099,5063,5013,909.0,250297,False,False,True,False,100,-1.3667577109960023
policy,26199,5083,5033,912.4,250298,False,False,True,False,100,-1.6246792748762386
policy,26299,5103,5053,916.0,250299,False,False,True,False,100,-1.3208551052130728
policy,26399,5123,5073,919.5,250300,False,False,True,False,100,-1.3116127318933513
policy,26499,5143,5093,923.0,250301,False,False,True,False,100,-1.3931455554335366
policy,26599,5163,5113,926.5,250302,False,False,True,False,100,-1.7142214883545912
policy,26699,5183,5133,930.2,250303,False,False,True,False,100,-1.154366747226702
policy,26793,5202,5152,933.7,250304,False,False,False,True,94,-1.2026055063310859
policy,26818,5207,5157,934.6,250305,False,False,False,True,25,-0.768943655354024
policy,26918,5227,5177,938.6,250306,False,False,True,False,100,-1.279754830412636
policy,26937,5231,5181,939.4,250307,False,False,False,True,19,-0.843102704497629
policy,27037,5251,5201,943.0,250308,False,False,True,False,100,-1.0965112767558787
policy,27137,5271,5221,946.5,250309,False,False,True,False,100,-1.3475607602478477
policy,27237,5291,5241,950.3,250310,False,False,True,False,100,-1.4609047608813666
policy,27337,5311,5261,954.0,250311,False,False,True,False,100,-1.3098257044375303
policy,27343,5312,5262,954.1,250312,False,False,False,True,6,-0.6400950241601417
policy,27443,5332,5282,957.9,250313,False,False,True,False,100,-1.1596080290721962
policy,27473,5338,5288,959.0,250314,False,False,False,True,30,-1.0039331418192223
policy,27573,5358,5308,962.7,250315,False,False,True,False,100,-1.2661699426440616
policy,27673,5378,5328,966.2,250316,False,False,True,False,100,-1.5502247374936784
policy,27728,5389,5339,968.2,250317,False,False,False,True,55,-1.1031438055364224
policy,27801,5404,5354,970.9,250318,False,False,False,True,73,-0.9861598756324557
policy,27901,5424,5374,974.7,250319,False,False,True,False,100,-1.5411707396549894
policy,27938,5431,5381,975.9,250320,False,False,False,True,37,-1.066423779691103
policy,27969,5437,5387,977.0,250321,False,False,False,True,31,-0.7635374981814698
policy,28069,5457,5407,980.7,250322,False,False,True,False,100,-1.324877610469274
policy,28169,5477,5427,984.3,250323,False,False,True,False,100,-1.2604806009293872
policy,28269,5497,5447,988.1,250324,False,False,True,False,100,-1.2027474902720454
policy,28369,5517,5467,991.9,250325,False,False,True,False,100,-1.1244683853103852
policy,28469,5537,5487,995.8,250326,False,False,True,False,100,-1.1240463976300497
policy,28490,5541,5491,996.6,250327,False,False,False,True,21,-0.9254863519899932
policy,28590,5561,5511,1000.4,250328,False,False,True,False,100,-1.7662863900642765
policy,28626,5569,5519,1002.0,250329,False,False,False,True,36,-0.8561215513675986
policy,28726,5589,5539,1005.6,250330,False,False,True,False,100,-1.4199637526151319
policy,28826,5609,5559,1009.3,250331,False,False,True,False,100,-1.3878992872854325
policy,28926,5629,5579,1012.9,250332,False,False,True,False,100,-1.1959044517732877
policy,29026,5649,5599,1016.5,250333,False,False,True,False,100,-1.6199695512420826
policy,29126,5669,5619,1020.2,250334,False,False,True,False,100,-1.2446356165297923
policy,29226,5689,5639,1023.9,250335,False,False,True,False,100,-1.2289918250275735
policy,29326,5709,5659,1027.5,250336,False,False,True,False,100,-1.3071920214860846
policy,29426,5729,5679,1031.1,250337,False,False,True,False,100,-1.387166122341871
policy,29526,5749,5699,1034.9,250338,False,False,True,False,100,-1.1060170567385388
policy,29614,5766,5716,1038.1,250339,False,False,False,True,88,-1.182024025039339
policy,29714,5786,5736,1041.6,250340,False,False,True,False,100,-1.5598737770825457
policy,29731,5790,5740,1042.3,250341,False,False,False,True,17,-0.9831314274328516
policy,29831,5810,5760,1046.0,250342,False,False,True,False,100,-1.1542388602822504
policy,29931,5830,5780,1049.5,250343,False,False,True,False,100,-1.396526428828664
policy,30031,5850,5800,1052.9,250344,False,False,True,False,100,-1.467550190300084
policy,30131,5870,5820,1056.3,250345,False,False,True,False,100,-1.3752281675770544
policy,30231,5890,5840,1059.6,250346,False,False,True,False,100,-1.6541294002168114
policy,30331,5910,5860,1063.0,250347,False,False,True,False,100,-1.5709467767161072
policy,30431,5930,5880,1066.4,250348,False,False,True,False,100,-1.2500697702304768
policy,30531,5950,5900,1069.7,250349,False,False,True,False,100,-1.4850154638819413
policy,30571,5958,5908,1071.1,250350,False,False,False,True,40,-0.9170830635884696
policy,30671,5978,5928,1074.5,250351,False,False,True,False,100,-1.3642978385188338
policy,30771,5998,5948,1077.9,250352,False,False,True,False,100,-1.2152587089641926
policy,30871,6018,5968,1081.3,250353,False,False,True,False,100,-1.2410693729599536
policy,30971,6038,5988,1084.8,250354,False,False,True,False,100,-1.5477662319231
policy,31071,6058,6008,1088.3,250355,False,False,True,False,100,-1.2824315937281985
policy,31171,6078,6028,1091.9,250356,False,False,True,False,100,-1.6767510722419243
policy,31185,6080,6030,1092.2,250357,False,False,False,True,14,-0.8177097949804226
policy,31285,6100,6050,1095.7,250358,False,False,True,False,100,-1.3518721707810581
policy,31385,6120,6070,1099.2,250359,False,False,True,False,100,-1.3181783094208352
policy,31440,6131,6081,1101.2,250360,False,False,False,True,55,-1.0652219942755197
policy,31540,6151,6101,1104.8,250361,False,False,True,False,100,-1.2015696145490389
policy,31640,6171,6121,1108.4,250362,False,True,True,False,100,-1.6360123647754699
policy,31687,6181,6131,1110.2,250363,False,False,False,True,47,-1.0100894442243344
policy,31787,6201,6151,1113.8,250364,False,False,True,False,100,-1.3473952758329184
policy,31846,6213,6163,1115.9,250365,False,False,False,True,59,-0.9258870564316386
policy,31883,6220,6170,1117.2,250366,False,False,False,True,37,-0.845363747961449
policy,31983,6240,6190,1120.7,250367,False,False,True,False,100,-1.2175862905086459
policy,32083,6260,6210,1124.3,250368,False,True,True,False,100,-1.462600625513078
policy,32174,6278,6228,1127.6,250369,False,False,False,True,91,-1.5943758450111427
policy,32274,6298,6248,1131.3,250370,False,False,True,False,100,-1.3500820674280016
policy,32374,6318,6268,1135.0,250371,False,False,True,False,100,-1.4272109820075836
policy,32408,6325,6275,1136.3,250372,False,False,False,True,34,-0.981256003095096
policy,32425,6328,6278,1136.8,250373,False,False,False,True,17,-0.8709163401575326
policy,32525,6348,6298,1140.8,250374,False,False,True,False,100,-1.2485641993480885
policy,32625,6368,6318,1144.7,250375,False,False,True,False,100,-1.285259604050959
policy,32672,6378,6328,1146.6,250376,False,False,False,True,47,-0.9271553262570085
policy,32685,6380,6330,1147.0,250377,False,False,False,True,13,-0.6593349645498204
policy,32785,6400,6350,1150.6,250378,False,False,True,False,100,-1.6798613944831202
policy,32843,6412,6362,1152.9,250379,False,False,False,True,58,-1.011947997971734
policy,32919,6427,6377,1155.7,250380,False,False,False,True,76,-0.9929124793290844
policy,33019,6447,6397,1159.3,250381,False,False,True,False,100,-1.7197750054368746
policy,33119,6467,6417,1162.8,250382,False,False,True,False,100,-1.1042996062982766
policy,33219,6487,6437,1166.5,250383,False,False,True,False,100,-1.4118814768977734
policy,33319,6507,6457,1170.1,250384,False,False,True,False,100,-1.298415558878044
policy,33419,6527,6477,1173.9,250385,False,False,True,False,100,-1.196864084344236
policy,33519,6547,6497,1177.7,250386,False,False,True,False,100,-1.1920649132020134
policy,33619,6567,6517,1181.3,250387,False,False,True,False,100,-1.5570274600569713
policy,33719,6587,6537,1185.0,250388,False,False,True,False,100,-1.207819278289769
policy,33819,6607,6557,1188.7,250389,False,False,True,False,100,-1.6599892637377498
policy,33919,6627,6577,1192.6,250390,False,False,True,False,100,-1.1974794730014104
policy,34019,6647,6597,1196.1,250391,False,False,True,False,100,-1.42900936173391
policy,34091,6662,6612,1198.7,250392,False,False,False,True,72,-1.0629904012037223
policy,34191,6682,6632,1202.7,250393,False,False,True,False,100,-1.4795519417986587
policy,34275,6698,6648,1205.6,250394,False,False,False,True,84,-1.2630273964326126
policy,34375,6718,6668,1209.1,250395,False,False,True,False,100,-1.4565796458923816
policy,34475,6738,6688,1212.7,250396,False,False,True,False,100,-1.2819567393069065
policy,34575,6758,6708,1216.4,250397,False,False,True,False,100,-1.5266954786314544
policy,34648,6773,6723,1219.0,250398,False,False,False,True,73,-1.187008613900049
policy,34748,6793,6743,1222.8,250399,False,False,True,False,100,-1.4322020183359476
policy,34848,6813,6763,1226.3,250400,False,False,True,False,100,-1.3144774152881906
policy,34948,6833,6783,1230.1,250401,False,False,True,False,100,-1.3333958692641228
policy,35048,6853,6803,1234.0,250402,False,False,True,False,100,-1.0963853844295772
policy,35079,6859,6809,1235.1,250403,False,False,False,True,31,-0.811604268487879
policy,35179,6879,6829,1238.7,250404,False,False,True,False,100,-1.2996761059748354
policy,35279,6899,6849,1242.3,250405,False,False,True,False,100,-1.298728280455748
policy,35379,6919,6869,1246.2,250406,False,False,True,False,100,-1.3221012971876709
policy,35479,6939,6889,1250.0,250407,False,False,True,False,100,-1.2248227478949165
policy,35520,6947,6897,1251.5,250408,False,False,False,True,41,-0.8659430638846222
policy,35620,6967,6917,1255.1,250409,False,False,True,False,100,-1.453320174410649
policy,35649,6973,6923,1256.2,250410,False,False,False,True,29,-0.8264225169179975
policy,35749,6993,6943,1259.7,250411,False,False,True,False,100,-1.5945331941767047
policy,35779,6999,6949,1260.8,250412,False,False,False,True,30,-0.9374476417547499
policy,35879,7019,6969,1264.4,250413,False,False,True,False,100,-1.2842610119582591
policy,35979,7039,6989,1268.1,250414,False,False,True,False,100,-1.1498685363581995
policy,36079,7059,7009,1271.7,250415,False,False,True,False,100,-1.3691293958119573
policy,36108,7065,7015,1272.8,250416,False,False,False,True,29,-0.8310506008253234
policy,36208,7085,7035,1276.3,250417,False,False,True,False,100,-1.2369174300250148
policy,36308,7105,7055,1280.0,250418,False,False,True,False,100,-1.61914815307825
policy,36408,7125,7075,1283.6,250419,False,False,True,False,100,-1.651592314928962
policy,36508,7145,7095,1287.2,250420,False,False,True,False,100,-1.514093157253693
policy,36608,7165,7115,1290.7,250421,False,False,True,False,100,-1.1234567823978847
policy,36708,7185,7135,1294.4,250422,False,False,True,False,100,-1.3512673298144218
policy,36808,7205,7155,1298.0,250423,False,False,True,False,100,-1.171789237266153
policy,36908,7225,7175,1302.0,250424,False,False,True,False,100,-1.4822794257781133
policy,37008,7245,7195,1306.1,250425,False,True,True,False,100,-1.4095703049624198
policy,37108,7265,7215,1309.8,250426,False,False,True,False,100,-1.6539146681062826
policy,37208,7285,7235,1313.3,250427,False,False,True,False,100,-1.3568618305731195
policy,37229,7289,7239,1314.1,250428,False,False,False,True,21,-0.7908791685290146
policy,37257,7295,7245,1315.2,250429,False,False,False,True,28,-0.924001542083129
policy,37357,7315,7265,1318.9,250430,False,False,True,False,100,-1.2642687780158546
policy,37457,7335,7285,1322.5,250431,False,False,True,False,100,-1.258113043186787
policy,37557,7355,7305,1326.2,250432,False,False,True,False,100,-1.3385895076107361
policy,37657,7375,7325,1329.9,250433,False,False,True,False,100,-1.1911722843286432
policy,37757,7395,7345,1333.6,250434,False,False,True,False,100,-1.3348074174193354
policy,37857,7415,7365,1337.3,250435,False,False,True,False,100,-1.092034397668441
policy,37957,7435,7385,1341.2,250436,False,False,True,False,100,-1.3251400169369214
policy,38057,7455,7405,1344.6,250437,False,False,True,False,100,-1.1592572870180113
policy,38157,7475,7425,1348.4,250438,False,False,True,False,100,-1.5247794278172757
policy,38164,7476,7426,1348.6,250439,False,False,False,True,7,-0.6459662537108717
policy,38264,7496,7446,1352.5,250440,False,False,True,False,100,-1.3858889648821107
policy,38364,7516,7466,1356.2,250441,False,False,True,False,100,-1.2314735752931723
policy,38464,7536,7486,1360.2,250442,False,False,True,False,100,-1.365333101336875
policy,38564,7556,7506,1364.0,250443,False,False,True,False,100,-1.4998246437719658
policy,38664,7576,7526,1367.7,250444,False,False,True,False,100,-1.1230493190205662
policy,38764,7596,7546,1371.6,250445,False,False,True,False,100,-1.4777768411322074
policy,38864,7616,7566,1375.3,250446,False,False,True,False,100,-1.2600175480572624
policy,38958,7635,7585,1379.5,250447,False,False,False,True,94,-1.087766186277437
policy,39014,7646,7596,1381.5,250448,False,False,False,True,56,-1.2120132922178402
policy,39047,7653,7603,1382.7,250449,False,False,False,True,33,-0.90437162304445
policy,39081,7660,7610,1384.0,250450,False,False,False,True,34,-0.8769022386326868
policy,39181,7680,7630,1387.7,250451,False,False,True,False,100,-1.2858459292124638
policy,39263,7696,7646,1391.0,250452,False,False,False,True,82,-1.5958291663212805
policy,39363,7716,7666,1394.6,250453,False,False,True,False,100,-1.495464347210321
policy,39463,7736,7686,1398.4,250454,False,False,True,False,100,-1.4290784584777014
policy,39563,7756,7706,1402.4,250455,False,False,True,False,100,-1.6590350173856856
policy,39663,7776,7726,1406.3,250456,False,False,True,False,100,-1.3784697912373725
policy,39735,7790,7740,1409.0,250457,False,False,False,True,72,-0.9204707227484394
policy,39835,7810,7760,1413.0,250458,False,False,True,False,100,-1.4831373952411866
policy,39935,7830,7780,1416.8,250459,False,False,True,False,100,-1.537578984038036
policy,40035,7850,7800,1420.5,250460,False,False,True,False,100,-1.3404242652058715
policy,40108,7865,7815,1423.3,250461,False,False,False,True,73,-1.3513539070598548
policy,40116,7867,7817,1423.6,250462,False,False,False,True,8,-0.805462525166889
policy,40216,7887,7837,1427.4,250463,False,False,True,False,100,-1.3428501649224565
policy,40316,7907,7857,1431.3,250464,False,False,True,False,100,-1.5119335234961975
policy,40371,7918,7868,1433.5,250465,False,False,False,True,55,-0.9310508320871915
policy,40467,7937,7887,1437.1,250466,False,False,False,True,96,-1.3883939105510428
policy,40567,7957,7907,1441.2,250467,False,False,True,False,100,-1.5208335920078393
policy,40667,7977,7927,1445.2,250468,False,False,True,False,100,-1.4417234624342514
policy,40767,7997,7947,1449.1,250469,False,False,True,False,100,-1.6585490138619279
policy,40814,8006,7956,1450.8,250470,False,False,False,True,47,-0.9870014729003412
policy,40881,8020,7970,1453.5,250471,False,False,False,True,67,-1.24192034766121
policy,40944,8032,7982,1455.7,250472,False,False,False,True,63,-0.9714978380391275
policy,41003,8044,7994,1457.8,250473,False,False,False,True,59,-0.9787650795272775
policy,41073,8058,8008,1460.7,250474,False,False,False,True,70,-1.1340436805154712
policy,41128,8069,8019,1462.8,250475,False,False,False,True,55,-0.9279130038820543
policy,41165,8076,8026,1464.3,250476,False,False,False,True,37,-1.0531615943055432
policy,41263,8096,8046,1468.3,250477,False,False,False,True,98,-1.284121214781352
policy,41363,8116,8066,1472.0,250478,False,False,True,False,100,-1.3291399355823663
policy,41460,8135,8085,1475.7,250479,False,False,False,True,97,-1.3433573501903184
policy,41491,8142,8092,1477.0,250480,False,False,False,True,31,-0.9206386199353322
policy,41591,8162,8112,1480.6,250481,False,False,True,False,100,-1.456926923030548
policy,41691,8182,8132,1484.9,250482,False,False,True,False,100,-1.5693190379401272
policy,41791,8202,8152,1489.8,250483,False,False,True,False,100,-1.512562241616835
policy,41891,8222,8172,1493.6,250484,False,False,True,False,100,-1.279122797890806
policy,41941,8232,8182,1495.5,250485,False,False,False,True,50,-1.2318606891541237
policy,42041,8252,8202,1499.6,250486,False,False,True,False,100,-1.3549638446669707
policy,42090,8261,8211,1501.5,250487,False,False,False,True,49,-1.140256334495152
policy,42190,8281,8231,1506.1,250488,False,False,True,False,100,-1.2105064388889406
policy,42290,8301,8251,1510.0,250489,False,False,True,False,100,-1.5007785482557692
policy,42390,8321,8271,1513.6,250490,False,False,True,False,100,-1.3094343850969608
policy,42434,8330,8280,1515.3,250491,False,False,False,True,44,-0.8972836693315138
policy,42499,8343,8293,1517.8,250492,False,False,False,True,65,-1.0327145668613016
policy,42599,8363,8313,1521.8,250493,False,False,True,False,100,-1.687871705016356
policy,42680,8379,8329,1524.8,250494,False,False,False,True,81,-1.5488486144106681
policy,42701,8384,8334,1525.7,250495,False,False,False,True,21,-0.8818742155969421
policy,42795,8402,8352,1529.0,250496,False,False,False,True,94,-1.2873586752669057
policy,42895,8422,8372,1532.7,250497,False,False,True,False,100,-1.2901876631421438
policy,42995,8442,8392,1536.5,250498,False,False,True,False,100,-1.4735577269912579
policy,43095,8462,8412,1540.4,250499,False,False,True,False,100,-1.623862011230579
policy,43195,8482,8432,1544.2,250500,False,False,True,False,100,-1.6842584845826531
policy,43295,8502,8452,1547.9,250501,False,False,True,False,100,-1.353916912310435
policy,43395,8522,8472,1551.7,250502,False,False,True,False,100,-1.5891363400458316
policy,43482,8540,8490,1555.0,250503,False,False,False,True,87,-1.391460951610795
policy,43582,8560,8510,1558.9,250504,False,False,True,False,100,-1.380832049347576
policy,43682,8580,8530,1562.6,250505,False,False,True,False,100,-1.0780664839801246
policy,43782,8600,8550,1566.2,250506,False,False,True,False,100,-1.767267652047218
policy,43882,8620,8570,1569.8,250507,False,False,True,False,100,-1.3153699837398392
policy,43916,8627,8577,1571.0,250508,False,False,False,True,34,-1.0891459131254777
policy,44016,8647,8597,1574.7,250509,False,False,True,False,100,-1.1585294804022355
policy,44116,8667,8617,1578.4,250510,False,False,True,False,100,-1.762528847006668
policy,44216,8687,8637,1582.2,250511,False,False,True,False,100,-1.2867803707806424
policy,44316,8707,8657,1585.9,250512,False,False,True,False,100,-1.4367478159500706
policy,44416,8727,8677,1589.6,250513,False,False,True,False,100,-1.4023472937425487
policy,44516,8747,8697,1593.6,250514,False,False,True,False,100,-1.3708165165438375
policy,44616,8767,8717,1597.3,250515,False,False,True,False,100,-1.6701054139219864
policy,44716,8787,8737,1601.0,250516,False,False,True,False,100,-1.2924513834580456
policy,44816,8807,8757,1604.7,250517,False,False,True,False,100,-1.5200855279847427
policy,44916,8827,8777,1608.6,250518,False,False,True,False,100,-1.5567642356302627
policy,45016,8847,8797,1612.4,250519,False,False,True,False,100,-1.7514170873239598
policy,45098,8863,8813,1615.4,250520,False,False,False,True,82,-1.4074737893216813
policy,45198,8883,8833,1619.5,250521,False,False,True,False,100,-1.148373731008238
policy,45298,8903,8853,1623.3,250522,False,False,True,False,100,-1.495739030508716
policy,45370,8917,8867,1625.8,250523,False,False,False,True,72,-1.2999678687501108
policy,45470,8937,8887,1629.6,250524,False,False,True,False,100,-1.1651992245469065
policy,45512,8946,8896,1631.2,250525,False,False,False,True,42,-0.8875253788752049
policy,45612,8966,8916,1636.1,250526,False,False,True,False,100,-1.222901193201341
policy,45712,8986,8936,1639.8,250527,False,False,True,False,100,-1.3388452613231
policy,45812,9006,8956,1643.7,250528,False,False,True,False,100,-1.7691159938481111
policy,45878,9019,8969,1646.2,250529,False,False,False,True,66,-1.0663978398567744
policy,45978,9039,8989,1649.8,250530,False,False,True,False,100,-1.6714736721252343
policy,46026,9049,8999,1651.7,250531,False,False,False,True,48,-1.291852045266866
policy,46126,9069,9019,1655.3,250532,False,False,True,False,100,-1.0691401629855337
policy,46203,9084,9034,1658.1,250533,False,False,False,True,77,-1.4329693392425615
policy,46303,9104,9054,1662.0,250534,False,False,True,False,100,-1.5766280728469098
policy,46403,9124,9074,1665.7,250535,False,False,True,False,100,-1.4675694500476675
policy,46467,9137,9087,1668.1,250536,False,False,False,True,64,-0.8976606603591869
policy,46567,9157,9107,1671.8,250537,False,False,True,False,100,-1.5415400013176357
policy,46574,9158,9108,1672.0,250538,False,False,False,True,7,-0.6230994926770728
policy,46674,9178,9128,1675.8,250539,False,False,True,False,100,-1.5863734001413348
policy,46774,9198,9148,1679.5,250540,False,False,True,False,100,-1.3462437657756936
policy,46797,9203,9153,1680.5,250541,False,False,False,True,23,-0.8725613188576029
policy,46837,9211,9161,1682.0,250542,False,False,False,True,40,-1.1787393061644542
policy,46882,9220,9170,1683.7,250543,False,False,False,True,45,-0.9767112326244085
policy,46933,9230,9180,1685.6,250544,False,False,False,True,51,-0.8338792376480828
policy,47033,9250,9200,1689.3,250545,False,False,True,False,100,-1.487873660303598
policy,47093,9262,9212,1691.4,250546,False,False,False,True,60,-0.9387405300864993
policy,47193,9282,9232,1695.2,250547,False,False,True,False,100,-1.1736413970725024
policy,47221,9288,9238,1696.3,250548,False,False,False,True,28,-0.6849982854673318
policy,47263,9296,9246,1697.7,250549,False,False,False,True,42,-0.8432274841519543
policy,47278,9299,9249,1698.2,250550,False,False,False,True,15,-0.7300185500050136
policy,47378,9319,9269,1701.9,250551,False,True,True,False,100,-1.4562497275777788
policy,47478,9339,9289,1705.5,250552,False,False,True,False,100,-1.4574036524134018
policy,47578,9359,9309,1709.1,250553,False,False,True,False,100,-1.350660479393945
policy,47591,9362,9312,1709.6,250554,False,False,False,True,13,-0.785928263101122
policy,47691,9382,9332,1713.2,250555,False,False,True,False,100,-1.5851324588683293
policy,47791,9402,9352,1717.0,250556,False,False,True,False,100,-1.1028876730085344
policy,47891,9422,9372,1720.5,250557,False,False,True,False,100,-1.574552899377755
policy,47991,9442,9392,1723.9,250558,False,False,True,False,100,-1.1729731548376736
policy,48033,9450,9400,1725.4,250559,False,False,False,True,42,-1.1145845063275184
policy,48133,9470,9420,1729.0,250560,False,False,True,False,100,-1.179158998889787
policy,48233,9490,9440,1732.6,250561,False,False,True,False,100,-1.3840631963128789
policy,48333,9510,9460,1736.1,250562,False,False,True,False,100,-1.64365536899009
policy,48433,9530,9480,1739.7,250563,False,False,True,False,100,-1.2043179341231405
policy,48533,9550,9500,1743.3,250564,False,False,True,False,100,-1.222694987027373
policy,48587,9561,9511,1745.3,250565,False,False,False,True,54,-1.0051604979227862
policy,48611,9566,9516,1746.2,250566,False,False,False,True,24,-0.7185294549649204
policy,48711,9586,9536,1749.6,250567,False,False,True,False,100,-1.1433672034135145
policy,48811,9606,9556,1753.1,250568,False,False,True,False,100,-1.4230546364870287
policy,48911,9626,9576,1756.7,250569,False,False,True,False,100,-1.4939136308356753
policy,49004,9644,9594,1759.8,250570,False,False,False,True,93,-1.17696760314147
policy,49104,9664,9614,1763.3,250571,False,False,True,False,100,-1.4735449585326945
policy,49108,9665,9615,1763.4,250572,False,False,False,True,4,-0.7367827999527882
policy,49208,9685,9635,1766.9,250573,False,False,True,False,100,-1.3610253113325919
policy,49272,9698,9648,1769.2,250574,False,False,False,True,64,-1.3080562059056264
policy,49297,9703,9653,1770.1,250575,False,False,False,True,25,-0.8283601349319443
policy,49397,9723,9673,1773.8,250576,False,False,True,False,100,-1.169875000398386
policy,49497,9743,9693,1777.2,250577,False,False,True,False,100,-1.31381632353258
policy,49532,9750,9700,1778.5,250578,False,False,False,True,35,-0.9461953944548673
policy,49586,9761,9711,1780.6,250579,False,False,False,True,54,-1.038376625874558
policy,49600,9763,9713,1781.0,250580,False,False,False,True,14,-0.6644497448911353
policy,49700,9783,9733,1784.4,250581,False,False,True,False,100,-1.0990284305900189
policy,49800,9803,9753,1788.1,250582,False,False,True,False,100,-1.4456791043654833
policy,49900,9823,9773,1791.7,250583,False,False,True,False,100,-1.4491164446651386
policy,50000,9843,9793,1795.2,250584,False,False,True,False,100,-1.361876830695918
policy,50100,9863,9813,1798.8,250585,False,False,True,False,100,-1.1652339565711658
policy,50109,9865,9815,1799.2,250586,False,False,False,True,9,-0.739925795630582
policy,50178,9879,9829,1801.7,250587,False,False,False,True,69,-1.2748663726099148
policy,50205,9884,9834,1803.0,250588,False,False,False,True,27,-0.7899658973449173
policy,50305,9904,9854,1806.4,250589,False,False,True,False,100,-1.5468322998395125
policy,50405,9924,9874,1809.9,250590,False,False,True,False,100,-1.3161116376116575
policy,50505,9944,9894,1813.5,250591,False,False,True,False,100,-1.3666384240586695
policy,50605,9964,9914,1817.0,250592,False,False,True,False,100,-1.5101300116998564
policy,50705,9984,9934,1820.5,250593,False,False,True,False,100,-1.5603871652412673
policy,50728,9989,9939,1821.4,250594,False,False,False,True,23,-0.7759521683361743
policy,50776,9999,9949,1823.1,250595,False,False,False,True,48,-1.075237068179971
policy,50848,10013,9963,1825.7,250596,False,False,False,True,72,-1.377659318139474
policy,50880,10019,9969,1826.7,250597,False,False,False,True,32,-0.9015189956148303
policy,50952,10034,9984,1829.3,250598,False,False,False,True,72,-1.0561420776385195
policy,51002,10044,9994,1831.0,250599,False,False,False,True,50,-0.8842766967913418
policy,51033,10050,10000,1832.1,250600,False,False,False,True,31,-0.8790489639289814
policy,51099,10063,10013,1834.5,250601,False,False,False,True,66,-1.2844594379124425
policy,51141,10072,10022,1836.2,250602,False,False,False,True,42,-0.9301252893106957
policy,51178,10079,10029,1837.4,250603,False,False,False,True,37,-1.1111069571933097
policy,51215,10086,10036,1838.6,250604,False,False,False,True,37,-0.7587872636862067
policy,51315,10106,10056,1842.4,250605,False,False,True,False,100,-1.2349586568454232
policy,51336,10111,10061,1843.3,250606,False,False,False,True,21,-0.8348390098676026
policy,51436,10131,10081,1847.0,250607,False,False,True,False,100,-1.2479893251818661
policy,51536,10151,10101,1850.6,250608,False,False,True,False,100,-1.3177764904034168
policy,51636,10171,10121,1854.2,250609,False,False,True,False,100,-1.1421456691660392
policy,51670,10177,10127,1855.3,250610,False,False,False,True,34,-0.9806184504015831
policy,51737,10191,10141,1857.8,250611,False,False,False,True,67,-1.1611156815064774
policy,51777,10199,10149,1859.3,250612,False,False,False,True,40,-0.7610408105023283
policy,51848,10213,10163,1861.8,250613,False,False,False,True,71,-1.2782186143140053
policy,51884,10220,10170,1863.0,250614,False,False,False,True,36,-0.9600165968137907
policy,51952,10234,10184,1865.5,250615,False,False,False,True,68,-1.218262046426526
policy,52017,10247,10197,1868.0,250616,False,False,False,True,65,-1.3428171786458658
policy,52103,10264,10214,1871.0,250617,False,False,False,True,86,-1.4986768844113092
policy,52145,10272,10222,1872.4,250618,False,False,False,True,42,-0.9050672850034196
policy,52179,10279,10229,1873.7,250619,False,False,False,True,34,-1.0085485233644649
policy,52231,10290,10240,1876.0,250620,False,False,False,True,52,-1.1390870356432532
policy,52296,10303,10253,1878.4,250621,False,False,False,True,65,-1.0354454910216317
policy,52318,10307,10257,1879.1,250622,False,False,False,True,22,-0.8043041393153159
policy,52338,10311,10261,1879.8,250623,False,False,False,True,20,-0.8063162769546897
policy,52398,10323,10273,1881.8,250624,False,False,False,True,60,-0.9142265352350836
policy,52449,10333,10283,1883.7,250625,False,False,False,True,51,-1.1290746688272975
policy,52520,10347,10297,1886.3,250626,False,False,False,True,71,-1.431630986782272
policy,52584,10360,10310,1888.9,250627,False,False,False,True,64,-1.1703980021005704
policy,52684,10380,10330,1892.4,250628,False,False,True,False,100,-1.2328981609994027
policy,52784,10400,10350,1896.2,250629,False,False,True,False,100,-1.4856793575870149
policy,52815,10406,10356,1897.4,250630,False,False,False,True,31,-0.7584755236224658
policy,52915,10426,10376,1900.8,250631,False,False,True,False,100,-1.281001250263443
policy,53015,10446,10396,1904.7,250632,False,False,True,False,100,-1.5936347200412089
policy,53115,10466,10416,1908.1,250633,False,False,True,False,100,-1.3561627877181124
policy,53215,10486,10436,1911.8,250634,False,False,True,False,100,-1.5713077943472893
policy,53315,10506,10456,1915.5,250635,False,False,True,False,100,-1.523661822006718
policy,53415,10526,10476,1919.1,250636,False,False,True,False,100,-1.4743144020808066
policy,53515,10546,10496,1922.9,250637,False,False,True,False,100,-1.2533741892154313
policy,53615,10566,10516,1926.4,250638,False,False,True,False,100,-1.4262904907630345
policy,53679,10579,10529,1928.7,250639,False,False,False,True,64,-1.0751196728071108
policy,53779,10599,10549,1932.4,250640,False,False,True,False,100,-1.7163361749055783
policy,53782,10600,10550,1932.6,250641,False,False,False,True,3,-0.5709477786993467
policy,53882,10620,10570,1936.2,250642,False,False,True,False,100,-1.3069728097522417
policy,53982,10640,10590,1939.8,250643,False,False,True,False,100,-1.356376645440007
policy,54082,10660,10610,1943.5,250644,False,False,True,False,100,-1.5755135636496054
policy,54182,10680,10630,1946.9,250645,False,False,True,False,100,-1.3537319971328698
policy,54255,10694,10644,1949.4,250646,False,False,False,True,73,-1.0764059464171793
policy,54355,10714,10664,1953.1,250647,False,False,True,False,100,-1.4570673310281892
policy,54455,10734,10684,1956.6,250648,False,False,True,False,100,-1.653608257631392
policy,54477,10739,10689,1957.5,250649,False,False,False,True,22,-0.7418361927311332
policy,54569,10757,10707,1960.9,250650,False,False,False,True,92,-1.0208506103247545
policy,54593,10762,10712,1961.7,250651,False,False,False,True,24,-0.8173993494929614
policy,54655,10774,10724,1963.8,250652,False,False,False,True,62,-1.0615376662863987
policy,54698,10783,10733,1965.4,250653,False,False,False,True,43,-1.1360631084033077
policy,54798,10803,10753,1969.1,250654,False,False,True,False,100,-1.419759955541537
policy,54843,10812,10762,1970.8,250655,False,False,False,True,45,-0.9348377961550624
policy,54943,10832,10782,1974.2,250656,False,False,True,False,100,-1.2362277241602924
policy,55043,10852,10802,1977.8,250657,False,False,True,False,100,-1.5552360132916636
policy,55143,10872,10822,1981.9,250658,False,False,True,False,100,-1.3496723400163892
policy,55243,10892,10842,1986.0,250659,False,False,True,False,100,-1.4077245149677573
policy,55264,10896,10846,1986.8,250660,False,False,False,True,21,-0.8081705371737069
policy,55364,10916,10866,1990.3,250661,False,False,True,False,100,-1.3997031641451043
policy,55399,10923,10873,1991.5,250662,False,False,False,True,35,-0.7574203560112311
policy,55497,10943,10893,1995.1,250663,False,False,False,True,98,-1.501083136956682
policy,55558,10955,10905,1997.2,250664,False,False,False,True,61,-1.4404112134492237
policy,55658,10975,10925,2001.3,250665,False,False,True,False,100,-1.635045519766066
policy,55736,10991,10941,2004.1,250666,False,False,False,True,78,-1.0895453340524455
policy,55836,11011,10961,2007.7,250667,False,False,True,False,100,-1.61534837960673
policy,55936,11031,10981,2011.3,250668,False,False,True,False,100,-1.221748152748214
policy,55979,11039,10989,2012.7,250669,False,False,False,True,43,-0.9104254537516858
policy,56017,11047,10997,2014.1,250670,False,False,False,True,38,-0.9953510111345678
policy,56086,11061,11011,2016.6,250671,False,False,False,True,69,-1.1779453122118806
policy,56186,11081,11031,2020.2,250672,False,False,True,False,100,-1.3966539664060873
policy,56195,11082,11032,2020.4,250673,False,False,False,True,9,-0.6770809347838402
policy,56295,11102,11052,2024.0,250674,False,False,True,False,100,-1.1673041973619886
policy,56338,11111,11061,2025.5,250675,False,False,False,True,43,-1.067272828010148
policy,56438,11131,11081,2029.2,250676,False,False,True,False,100,-1.5554036350171143
policy,56468,11137,11087,2030.4,250677,False,False,False,True,30,-0.8853274376073854
policy,56472,11138,11088,2030.6,250678,False,False,False,True,4,-0.5628762878303419
policy,56515,11146,11096,2032.0,250679,False,False,False,True,43,-1.0041071063481617
policy,56539,11151,11101,2032.8,250680,False,False,False,True,24,-1.0184814940674443
policy,56639,11171,11121,2036.3,250681,False,False,True,False,100,-1.5583789989763073
policy,56739,11191,11141,2039.8,250682,False,False,True,False,100,-1.331028743752627
policy,56839,11211,11161,2043.4,250683,False,False,True,False,100,-1.4816267405182657
policy,56937,11231,11181,2047.0,250684,False,False,False,True,98,-1.6427809290729867
policy,57037,11251,11201,2050.6,250685,False,False,True,False,100,-1.1149543518283924
policy,57137,11271,11221,2054.1,250686,False,False,True,False,100,-1.349158938964104
policy,57237,11291,11241,2057.6,250687,False,False,True,False,100,-1.136255861394937
policy,57337,11311,11261,2061.0,250688,False,False,True,False,100,-1.475373726541407
policy,57360,11315,11265,2061.8,250689,False,False,False,True,23,-0.7423750988198524
policy,57460,11335,11285,2065.4,250690,False,False,True,False,100,-1.6760719533148851
policy,57516,11347,11297,2067.6,250691,False,False,False,True,56,-1.0683400683564672
policy,57616,11367,11317,2071.2,250692,False,False,True,False,100,-1.815006889307885
policy,57716,11387,11337,2074.7,250693,False,False,True,False,100,-1.1654975886287058
policy,57739,11391,11341,2075.4,250694,False,False,False,True,23,-0.7426824263562184
policy,57839,11411,11361,2078.9,250695,False,False,True,False,100,-1.2160677286323351
policy,57924,11428,11378,2082.0,250696,False,False,False,True,85,-1.3690132399222987
policy,58024,11448,11398,2085.5,250697,False,False,True,False,100,-1.55004019639131
policy,58124,11468,11418,2089.1,250698,False,False,True,False,100,-1.2968259523857046
policy,58224,11488,11438,2092.6,250699,False,False,True,False,100,-1.3684847298633227
policy,58324,11508,11458,2096.4,250700,False,False,True,False,100,-1.2118640766258435
policy,58380,11519,11469,2098.5,250701,False,False,False,True,56,-1.108008355250246
policy,58480,11539,11489,2102.3,250702,False,False,True,False,100,-1.257780485049846
policy,58580,11559,11509,2106.5,250703,False,False,True,False,100,-1.4072825907086566
policy,58662,11576,11526,2109.6,250704,False,False,False,True,82,-1.0015117978715107
policy,58762,11596,11546,2113.1,250705,False,False,True,False,100,-1.4687711610071048
policy,58862,11616,11566,2116.9,250706,False,False,True,False,100,-1.216839102762362
policy,58962,11636,11586,2120.5,250707,False,False,True,False,100,-1.3110864486601905
policy,59062,11656,11606,2124.2,250708,False,False,True,False,100,-1.22613078355203
policy,59080,11659,11609,2124.8,250709,False,False,False,True,18,-0.645720952552943
policy,59180,11679,11629,2128.3,250710,False,False,True,False,100,-1.6987417434461092
policy,59280,11699,11649,2131.7,250711,False,False,True,False,100,-1.4199341833033314
policy,59322,11708,11658,2133.3,250712,False,False,False,True,42,-0.868445972005599
policy,59422,11728,11678,2136.8,250713,False,False,True,False,100,-1.1085002875521195
policy,59438,11731,11681,2137.3,250714,False,False,False,True,16,-0.6714678623478065
policy,59538,11751,11701,2140.8,250715,False,False,True,False,100,-1.4312331654102195
policy,59638,11771,11721,2144.2,250716,False,False,True,False,100,-1.5208304608139398
policy,59738,11791,11741,2147.7,250717,False,False,True,False,100,-1.1837581109050896
policy,59838,11811,11761,2151.1,250718,False,False,True,False,100,-1.795553187295526
policy,59938,11831,11781,2154.7,250719,False,False,True,False,100,-1.2795698482316962
policy,60038,11851,11801,2158.2,250720,False,False,True,False,100,-1.2809661190781827
policy,60071,11858,11808,2159.4,250721,False,False,False,True,33,-0.8107204642121209
policy,60111,11866,11816,2160.9,250722,False,False,False,True,40,-1.0332631052929289
policy,60211,11886,11836,2164.7,250723,False,False,True,False,100,-1.2669278766093988
policy,60311,11906,11856,2168.3,250724,False,False,True,False,100,-1.5070957248549801
policy,60411,11926,11876,2171.7,250725,False,False,True,False,100,-1.4086436717823916
policy,60511,11946,11896,2175.4,250726,False,False,True,False,100,-1.1203885358478325
policy,60611,11966,11916,2179.0,250727,False,False,True,False,100,-1.254981947687818
policy,60670,11977,11927,2181.0,250728,False,False,False,True,59,-0.9378985582428394
policy,60770,11997,11947,2184.7,250729,False,False,True,False,100,-1.5373426106199855
policy,60870,12017,11967,2188.1,250730,False,False,True,False,100,-1.2765714582555632
policy,60970,12037,11987,2191.7,250731,False,False,True,False,100,-1.455488619759187
policy,61070,12057,12007,2195.3,250732,False,False,True,False,100,-1.5184422698624875
policy,61170,12077,12027,2198.9,250733,False,False,True,False,100,-1.2969075758741961
policy,61270,12097,12047,2202.6,250734,False,False,True,False,100,-1.1868025331701482
policy,61355,12114,12064,2205.7,250735,False,False,False,True,85,-1.1914916471863308
policy,61455,12134,12084,2209.4,250736,False,False,True,False,100,-1.1519438972425884
policy,61472,12138,12088,2210.2,250737,False,False,False,True,17,-0.7500594249762758
policy,61572,12158,12108,2213.8,250738,False,False,True,False,100,-1.6624988084270644
policy,61672,12178,12128,2217.3,250739,False,False,True,False,100,-1.3566279164000772
policy,61685,12180,12130,2217.7,250740,False,False,False,True,13,-0.7174393597836677
policy,61785,12200,12150,2221.3,250741,False,False,True,False,100,-1.5066629549722976
policy,61885,12220,12170,2224.8,250742,False,False,True,False,100,-1.6861480578429684
policy,61902,12224,12174,2225.5,250743,False,False,False,True,17,-0.8355106557772871
policy,62002,12244,12194,2229.0,250744,False,False,True,False,100,-1.5813966024615065
policy,62102,12264,12214,2232.6,250745,False,False,True,False,100,-1.2566839318935763
policy,62202,12284,12234,2236.2,250746,False,False,True,False,100,-1.6599037509785382
policy,62302,12304,12254,2239.9,250747,False,False,True,False,100,-1.34506686262662
policy,62402,12324,12274,2243.9,250748,False,False,True,False,100,-1.5196462538115805
policy,62502,12344,12294,2247.7,250749,False,False,True,False,100,-1.1393149485514102
policy,62602,12364,12314,2251.3,250750,False,False,True,False,100,-1.2610050894216127
policy,62702,12384,12334,2254.8,250751,False,False,True,False,100,-1.2298109147309644
policy,62802,12404,12354,2258.5,250752,False,False,True,False,100,-1.168571914143474
policy,62842,12412,12362,2260.0,250753,False,False,False,True,40,-1.1918777182458733
policy,62942,12432,12382,2263.6,250754,False,False,True,False,100,-1.3321325652644205
policy,63042,12452,12402,2267.4,250755,False,False,True,False,100,-1.226909556106127
policy,63086,12461,12411,2269.0,250756,False,False,False,True,44,-1.02459792386217
policy,63105,12464,12414,2269.6,250757,False,False,False,True,19,-0.765048698503455
policy,63205,12484,12434,2273.2,250758,False,False,True,False,100,-1.4581672656969216
policy,63305,12504,12454,2277.1,250759,False,False,True,False,100,-1.5336584378482494
policy,63405,12524,12474,2280.7,250760,False,False,True,False,100,-1.4837930412193603
policy,63505,12544,12494,2284.4,250761,False,False,True,False,100,-1.4151697087955024
policy,63605,12564,12514,2288.1,250762,False,False,True,False,100,-1.612558391756525
policy,63705,12584,12534,2291.7,250763,False,False,True,False,100,-1.2725020386611914
policy,63805,12604,12554,2295.4,250764,False,False,True,False,100,-1.2362539972513635
policy,63882,12620,12570,2298.3,250765,False,False,False,True,77,-1.0843898000148964
policy,63916,12627,12577,2299.5,250766,False,False,False,True,34,-0.9525548916664324
policy,64016,12647,12597,2303.2,250767,False,False,True,False,100,-1.6137291608060624
policy,64116,12667,12617,2306.7,250768,False,False,True,False,100,-1.4210327965166336
policy,64149,12673,12623,2307.8,250769,False,False,False,True,33,-0.8269382661736246
policy,64249,12693,12643,2311.6,250770,False,False,True,False,100,-1.1080623949324202
policy,64349,12713,12663,2315.2,250771,False,False,True,False,100,-1.2204360364669449
policy,64449,12733,12683,2318.9,250772,False,False,True,False,100,-1.3956458128725913
policy,64549,12753,12703,2322.6,250773,False,False,True,False,100,-1.2610798950740452
policy,64627,12769,12719,2325.5,250774,False,False,False,True,78,-1.2000570414072012
policy,64666,12777,12727,2326.9,250775,False,False,False,True,39,-0.9628309145569947
policy,64766,12797,12747,2330.5,250776,False,False,True,False,100,-1.5011940924989295
policy,64866,12817,12767,2334.2,250777,False,False,True,False,100,-1.4929489249440486
policy,64966,12837,12787,2338.0,250778,False,False,True,False,100,-1.141043935332638
policy,65066,12857,12807,2341.6,250779,False,False,True,False,100,-1.5100025358928542
policy,65166,12877,12827,2345.2,250780,False,False,True,False,100,-1.3461712998465498
policy,65266,12897,12847,2348.7,250781,False,False,True,False,100,-1.1238213651264581
policy,65366,12917,12867,2352.4,250782,False,False,True,False,100,-1.3623413098443713
policy,65466,12937,12887,2356.0,250783,False,True,True,False,100,-1.827844288462369
policy,65566,12957,12907,2359.5,250784,False,False,True,False,100,-1.537037027356233
policy,65666,12977,12927,2363.1,250785,False,False,True,False,100,-1.7225075661087565
policy,65766,12997,12947,2366.8,250786,False,False,True,False,100,-1.304833174289985
policy,65866,13017,12967,2370.4,250787,False,False,True,False,100,-1.4208324841579612
policy,65966,13037,12987,2374.0,250788,False,False,True,False,100,-1.3066469572935386
policy,65997,13043,12993,2375.0,250789,False,False,False,True,31,-0.9028444120093125
policy,66097,13063,13013,2378.6,250790,False,False,True,False,100,-1.3058657314556836
policy,66197,13083,13033,2382.4,250791,False,False,True,False,100,-1.3339750680072031
policy,66297,13103,13053,2385.8,250792,False,False,True,False,100,-1.7386714346836039
policy,66397,13123,13073,2389.5,250793,False,False,True,False,100,-1.2549521604262357
policy,66497,13143,13093,2393.2,250794,False,False,True,False,100,-1.1739980828977994
policy,66597,13163,13113,2396.8,250795,False,False,True,False,100,-1.5931181096244194
policy,66697,13183,13133,2400.4,250796,False,False,True,False,100,-1.6860804816495762
policy,66789,13201,13151,2404.2,250797,False,False,False,True,92,-1.293923300176093
policy,66889,13221,13171,2407.8,250798,False,False,True,False,100,-1.7374820018631518
policy,66989,13241,13191,2411.6,250799,False,False,True,False,100,-1.4262277442882814
policy,67089,13261,13211,2415.3,250800,False,False,True,False,100,-1.1728781249559193
policy,67189,13281,13231,2418.8,250801,False,False,True,False,100,-1.4664185459339976
policy,67289,13301,13251,2422.5,250802,False,False,True,False,100,-1.602512084227632
policy,67328,13309,13259,2424.0,250803,False,False,False,True,39,-0.9004139003554971
policy,67390,13321,13271,2426.0,250804,False,False,False,True,62,-0.9552649516842688
policy,67490,13341,13291,2429.6,250805,False,False,True,False,100,-1.6039523567076515
policy,67590,13361,13311,2433.3,250806,False,False,True,False,100,-1.3482489622590679
policy,67690,13381,13331,2436.9,250807,False,False,True,False,100,-1.061114851788742
policy,67790,13401,13351,2440.5,250808,False,False,True,False,100,-1.4234146811666415
policy,67890,13421,13371,2444.3,250809,False,False,True,False,100,-1.366628628348831
policy,67990,13441,13391,2447.9,250810,False,False,True,False,100,-1.4267478144420824
policy,68090,13461,13411,2451.4,250811,False,False,True,False,100,-1.3729249161337254
policy,68136,13471,13421,2453.2,250812,False,False,False,True,46,-1.1908429371985003
policy,68147,13473,13423,2453.6,250813,False,False,False,True,11,-0.729106181129044
policy,68218,13487,13437,2456.2,250814,False,False,False,True,71,-1.4330455661927775
policy,68318,13507,13457,2460.0,250815,False,False,True,False,100,-1.1535053472124634
policy,68400,13523,13473,2463.6,250816,False,False,False,True,82,-1.2517319013013504
policy,68500,13543,13493,2467.7,250817,False,False,True,False,100,-1.2633764179112514
policy,68600,13563,13513,2471.3,250818,False,False,True,False,100,-1.5409045236517167
policy,68700,13583,13533,2475.0,250819,False,False,True,False,100,-1.2420238983848464
policy,68736,13591,13541,2476.5,250820,False,False,False,True,36,-0.9845382381420246
policy,68836,13611,13561,2480.2,250821,False,False,True,False,100,-1.1053150849405566
policy,68936,13631,13581,2483.8,250822,False,False,True,False,100,-1.344439261120984
policy,69036,13651,13601,2487.6,250823,False,False,True,False,100,-1.5690307194821203
policy,69136,13671,13621,2491.3,250824,False,False,True,False,100,-1.3386268170530244
policy,69236,13691,13641,2495.1,250825,False,False,True,False,100,-1.6124648093526492
policy,69288,13701,13651,2497.1,250826,False,False,False,True,52,-1.0623956655571445
policy,69388,13721,13671,2500.7,250827,False,False,True,False,100,-1.2676314475329924
policy,69488,13741,13691,2504.6,250828,False,False,True,False,100,-1.3812460277510203
policy,69588,13761,13711,2508.3,250829,False,False,True,False,100,-1.1315655013581989
policy,69636,13771,13721,2510.1,250830,False,False,False,True,48,-1.1547381412925977
policy,69657,13775,13725,2510.8,250831,False,False,False,True,21,-0.8372317581813872
policy,69757,13795,13745,2514.5,250832,False,False,True,False,100,-1.1962382965692204
policy,69817,13807,13757,2516.6,250833,False,False,False,True,60,-0.9852156097827433
policy,69838,13811,13761,2517.4,250834,False,False,False,True,21,-0.9439762796842045
policy,69938,13831,13781,2521.0,250835,False,False,True,False,100,-1.374569500135144
policy,70038,13851,13801,2524.8,250836,False,False,True,False,100,-1.2131671818164915
policy,70138,13871,13821,2528.6,250837,False,False,True,False,100,-1.327471965515282
policy,70176,13879,13829,2530.0,250838,False,False,False,True,38,-0.9314139718800231
policy,70224,13888,13838,2531.6,250839,False,False,False,True,48,-1.2926718970392248
policy,70324,13908,13858,2535.5,250840,False,False,True,False,100,-1.3129116025462975
policy,70424,13928,13878,2539.0,250841,False,False,True,False,100,-1.8180933029973634
policy,70480,13939,13889,2541.0,250842,False,False,False,True,56,-1.09804454851167
policy,70580,13959,13909,2544.6,250843,False,False,True,False,100,-1.3408047125207294
policy,70680,13979,13929,2548.1,250844,False,False,True,False,100,-1.5016480899891538
policy,70717,13987,13937,2549.7,250845,False,False,False,True,37,-0.8534387135136092
policy,70817,14007,13957,2553.4,250846,False,False,True,False,100,-1.2908659952650705
policy,70917,14027,13977,2557.1,250847,False,False,True,False,100,-1.3798948999151868
policy,71017,14047,13997,2560.8,250848,False,False,True,False,100,-1.4309587144117661
policy,71117,14067,14017,2564.4,250849,False,False,True,False,100,-1.4024552540886082
policy,71140,14071,14021,2565.1,250850,False,False,False,True,23,-0.888009857780889
policy,71240,14091,14041,2568.8,250851,False,False,True,False,100,-1.16108595615359
policy,71340,14111,14061,2572.3,250852,False,False,True,False,100,-1.3011979899668984
policy,71440,14131,14081,2576.0,250853,False,False,True,False,100,-1.7477719765751114
policy,71540,14151,14101,2580.2,250854,False,False,True,False,100,-1.1203001261367893
policy,71640,14171,14121,2583.7,250855,False,False,True,False,100,-1.3210116136035603
policy,71740,14191,14141,2587.3,250856,False,False,True,False,100,-1.5005159200080342
policy,71835,14210,14160,2590.8,250857,False,False,False,True,95,-1.37722793299801
policy,71935,14230,14180,2594.3,250858,False,False,True,False,100,-1.4619900754354949
policy,71975,14238,14188,2595.7,250859,False,False,False,True,40,-1.0648622837112782
policy,72075,14258,14208,2599.2,250860,False,False,True,False,100,-1.3266711106020679
policy,72175,14278,14228,2602.8,250861,False,False,True,False,100,-1.5063552586476356
policy,72275,14298,14248,2606.3,250862,False,False,True,False,100,-1.7471619690117626
policy,72375,14318,14268,2610.2,250863,False,False,True,False,100,-1.3471964638750793
policy,72384,14320,14270,2610.6,250864,False,False,False,True,9,-0.7214659076744351
policy,72484,14340,14290,2614.0,250865,False,False,True,False,100,-1.4676006558170709
policy,72584,14360,14310,2617.7,250866,False,False,True,False,100,-1.1479707487647755
policy,72684,14380,14330,2621.3,250867,False,False,True,False,100,-1.3042726290272453
policy,72733,14390,14340,2623.0,250868,False,False,False,True,49,-0.8442800360702128
policy,72833,14410,14360,2626.5,250869,False,False,True,False,100,-1.6461994398921722
policy,72933,14430,14380,2630.1,250870,False,False,True,False,100,-1.2091984924617631
policy,72998,14443,14393,2632.3,250871,False,False,False,True,65,-1.1583418176732159
policy,73098,14463,14413,2635.7,250872,False,False,True,False,100,-1.6866195160779514
policy,73198,14483,14433,2639.4,250873,False,False,True,False,100,-1.3893811899812651
policy,73230,14489,14439,2640.4,250874,False,False,False,True,32,-0.93879416961447
policy,73330,14509,14459,2643.9,250875,False,False,True,False,100,-1.1247488277699518
policy,73370,14517,14467,2645.5,250876,False,False,False,True,40,-0.9776270088309185
policy,73470,14537,14487,2649.1,250877,False,False,True,False,100,-1.3464023955620514
policy,73570,14557,14507,2652.7,250878,False,False,True,False,100,-1.2457005707438822
policy,73670,14577,14527,2656.3,250879,False,False,True,False,100,-1.4851596107973215
policy,73770,14597,14547,2659.8,250880,False,False,True,False,100,-1.1933224508654645
policy,73870,14617,14567,2663.3,250881,False,False,True,False,100,-1.6574977630786025
policy,73907,14625,14575,2664.8,250882,False,False,False,True,37,-0.7915345981627813
policy,74007,14645,14595,2668.5,250883,False,False,True,False,100,-1.5687043567296062
policy,74081,14660,14610,2671.0,250884,False,False,False,True,74,-1.0804226266982448
policy,74181,14680,14630,2674.4,250885,False,False,True,False,100,-1.1354552717438722
policy,74223,14688,14638,2675.8,250886,False,False,False,True,42,-1.2167416533684248
policy,74323,14708,14658,2679.6,250887,False,False,True,False,100,-1.5691146255090576
policy,74423,14728,14678,2682.9,250888,False,False,True,False,100,-1.4887449263218748
policy,74523,14748,14698,2686.7,250889,False,False,True,False,100,-1.499418850407885
policy,74623,14768,14718,2690.3,250890,False,False,True,False,100,-1.41424612859831
policy,74632,14770,14720,2690.6,250891,False,False,False,True,9,-0.6592091477404505
policy,74732,14790,14740,2694.1,250892,False,False,True,False,100,-1.2555964512746611
policy,74832,14810,14760,2697.7,250893,False,False,True,False,100,-1.2973042793296776
policy,74932,14830,14780,2701.1,250894,False,False,True,False,100,-1.4262505414040008
policy,75032,14850,14800,2705.1,250895,False,False,True,False,100,-1.5515398919355794
policy,75053,14854,14804,2705.7,250896,False,False,False,True,21,-1.0637319539006782
policy,75153,14874,14824,2709.3,250897,False,False,True,False,100,-1.3442874756051886
policy,75180,14879,14829,2710.1,250898,False,False,False,True,27,-0.9108540090165275
policy,75280,14899,14849,2713.8,250899,False,False,True,False,100,-1.0899048140070189
policy,75367,14917,14867,2717.0,250900,False,False,False,True,87,-1.1322957215727598
policy,75420,14927,14877,2718.8,250901,False,False,False,True,53,-0.8249686538197918
policy,75450,14933,14883,2719.9,250902,False,False,False,True,30,-0.9520435779586294
policy,75550,14953,14903,2723.5,250903,False,False,True,False,100,-1.3535711983145868
policy,75650,14973,14923,2727.0,250904,False,False,True,False,100,-1.3386831747668668
policy,75750,14993,14943,2730.6,250905,False,False,True,False,100,-1.3087708842409762
policy,75758,14995,14945,2731.0,250906,False,False,False,True,8,-0.6863914181634717
policy,75858,15015,14965,2734.6,250907,False,False,True,False,100,-1.5473481117724546
policy,75913,15026,14976,2736.5,250908,False,False,False,True,55,-1.1808227180118933
policy,76013,15046,14996,2740.0,250909,False,False,True,False,100,-1.514712073946006
policy,76113,15066,15016,2743.5,250910,False,False,True,False,100,-1.142086300778052
policy,76191,15082,15032,2746.2,250911,False,False,False,True,78,-1.1922368851812848
policy,76238,15091,15041,2747.8,250912,False,False,False,True,47,-0.9915638104213883
policy,76338,15111,15061,2751.2,250913,False,False,True,False,100,-1.4450397600600164
policy,76426,15129,15079,2754.5,250914,False,False,False,True,88,-1.6060739538275615
policy,76501,15144,15094,2757.2,250915,False,False,False,True,75,-0.9429243078624552
policy,76601,15164,15114,2760.6,250916,False,True,True,False,100,-1.4688924630223539
policy,76646,15173,15123,2762.2,250917,False,False,False,True,45,-1.0651525099709607
policy,76746,15193,15143,2765.6,250918,False,False,True,False,100,-1.1848278161007602
policy,76777,15199,15149,2766.7,250919,False,False,False,True,31,-1.064250437524299
policy,76877,15219,15169,2770.1,250920,False,False,True,False,100,-1.8075753790850255
policy,76909,15225,15175,2771.1,250921,False,False,False,True,32,-0.8826946138363583
policy,77009,15245,15195,2774.6,250922,False,False,True,False,100,-1.1977820575404934
policy,77027,15249,15199,2775.4,250923,False,False,False,True,18,-0.843803744935369
policy,77127,15269,15219,2778.9,250924,False,False,True,False,100,-1.4454138694599226
policy,77159,15275,15225,2780.0,250925,False,False,False,True,32,-1.0394495496575653
policy,77186,15281,15231,2781.1,250926,False,False,False,True,27,-0.8456001388600612
policy,77286,15301,15251,2784.8,250927,False,False,True,False,100,-1.3322741980427364
policy,77386,15321,15271,2788.1,250928,False,False,True,False,100,-1.2916773883200339
policy,77486,15341,15291,2791.6,250929,False,False,True,False,100,-1.3536398091220736
policy,77586,15361,15311,2795.1,250930,False,False,True,False,100,-1.4642505957738408
policy,77686,15381,15331,2798.6,250931,False,False,True,False,100,-1.1028899217755526
policy,77786,15401,15351,2802.1,250932,False,False,True,False,100,-1.4987189800989742
policy,77886,15421,15371,2805.7,250933,False,True,True,False,100,-1.5846372201001522
policy,77986,15441,15391,2809.7,250934,False,False,True,False,100,-1.3902620657237685
policy,78002,15444,15394,2810.2,250935,False,False,False,True,16,-0.8164485191596156
policy,78102,15464,15414,2813.7,250936,False,False,True,False,100,-1.5340747299720638
policy,78202,15484,15434,2817.2,250937,False,False,True,False,100,-1.4566932414271876
policy,78302,15504,15454,2820.8,250938,False,False,True,False,100,-1.4978062733031665
policy,78402,15524,15474,2824.2,250939,False,False,True,False,100,-1.2928514228399584
policy,78502,15544,15494,2827.6,250940,False,False,True,False,100,-1.1255855982718543
policy,78602,15564,15514,2831.1,250941,False,False,True,False,100,-1.252595423782466
policy,78702,15584,15534,2834.7,250942,False,False,True,False,100,-1.1487618366684669
policy,78802,15604,15554,2838.2,250943,False,False,True,False,100,-1.5938021351459484
policy,78902,15624,15574,2841.7,250944,False,False,True,False,100,-1.5142526205361273
policy,79002,15644,15594,2845.3,250945,False,False,True,False,100,-1.5298311369414987
policy,79034,15650,15600,2846.3,250946,False,False,False,True,32,-0.9259508195137943
policy,79134,15670,15620,2849.7,250947,False,False,True,False,100,-1.3776882256891745
policy,79138,15671,15621,2849.9,250948,False,False,False,True,4,-0.580594843336653
policy,79238,15691,15641,2853.3,250949,False,False,True,False,100,-1.3507708800762503
policy,79330,15709,15659,2856.4,250950,False,False,False,True,92,-1.3475197555652332
policy,79356,15715,15665,2857.4,250951,False,False,False,True,26,-0.9491884092484528
policy,79417,15727,15677,2859.5,250952,False,False,False,True,61,-0.922603203603324
policy,79512,15746,15696,2862.8,250953,False,False,False,True,95,-1.3910108770213154
policy,79612,15766,15716,2866.3,250954,False,False,True,False,100,-1.3566889168758829
policy,79663,15776,15726,2867.9,250955,False,False,False,True,51,-1.2179695111092825
policy,79763,15796,15746,2871.3,250956,False,False,True,False,100,-1.2845507384042336
policy,79806,15805,15755,2872.8,250957,False,False,False,True,43,-0.9048569491152019
policy,79906,15825,15775,2876.2,250958,False,True,True,False,100,-1.5096377221995505
policy,80006,15845,15795,2879.6,250959,False,False,True,False,100,-1.3919321628512598
policy,80106,15865,15815,2883.1,250960,False,False,True,False,100,-1.367739036583596
policy,80192,15882,15832,2886.0,250961,False,False,False,True,86,-1.4221355750166238
policy,80292,15902,15852,2889.7,250962,False,False,True,False,100,-1.296922394193627
policy,80392,15922,15872,2893.3,250963,False,False,True,False,100,-1.5332646499026987
policy,80492,15942,15892,2897.1,250964,False,False,True,False,100,-1.6100936109315565
policy,80517,15947,15897,2898.0,250965,False,False,False,True,25,-0.8273845934294835
policy,80617,15967,15917,2901.5,250966,False,False,True,False,100,-1.1324145115746482
policy,80717,15987,15937,2905.0,250967,False,False,True,False,100,-1.4396164781153047
policy,80817,16007,15957,2908.6,250968,False,True,True,False,100,-1.6177317268939961
policy,80917,16027,15977,2912.0,250969,False,False,True,False,100,-1.3140709127241477
policy,81017,16047,15997,2915.6,250970,False,False,True,False,100,-1.5457472910624555
policy,81117,16067,16017,2919.2,250971,False,False,True,False,100,-1.3785183278987794
policy,81120,16067,16017,2919.2,250972,False,False,False,True,3,-0.653377418985614
policy,81220,16087,16037,2922.6,250973,False,False,True,False,100,-1.422002850324087
policy,81320,16107,16057,2926.1,250974,False,False,True,False,100,-1.5243145490222902
policy,81420,16127,16077,2929.6,250975,False,False,True,False,100,-1.4236644402349614
policy,81520,16147,16097,2933.2,250976,False,False,True,False,100,-1.4188028444985243
policy,81620,16167,16117,2936.7,250977,False,False,True,False,100,-1.4085529829855723
policy,81720,16187,16137,2940.2,250978,False,False,True,False,100,-1.3836086477981278
policy,81820,16207,16157,2943.6,250979,False,False,True,False,100,-1.586849974423786
policy,81920,16227,16177,2947.3,250980,False,False,True,False,100,-1.3379411175261073
policy,82020,16247,16197,2950.8,250981,False,False,True,False,100,-1.631656923180111
policy,82120,16267,16217,2954.3,250982,False,False,True,False,100,-1.2680381405333554
policy,82220,16287,16237,2957.9,250983,False,False,True,False,100,-1.5779171925128799
policy,82320,16307,16257,2961.5,250984,False,False,True,False,100,-1.534735298648195
policy,82371,16318,16268,2963.3,250985,False,False,False,True,51,-1.1737674876942126
policy,82424,16328,16278,2965.1,250986,False,False,False,True,53,-1.020725815847802
policy,82471,16338,16288,2967.0,250987,False,False,False,True,47,-0.9556111522524415
policy,82489,16341,16291,2967.6,250988,False,False,False,True,18,-0.8307931998916025
policy,82588,16361,16311,2971.1,250989,False,False,False,True,99,-1.4075832439079976
policy,82688,16381,16331,2974.7,250990,False,False,True,False,100,-1.88719103658519
policy,82788,16401,16351,2978.1,250991,False,False,True,False,100,-1.2620496230357838
policy,82888,16421,16371,2981.6,250992,False,False,True,False,100,-1.3226495663749342
policy,82988,16441,16391,2985.0,250993,False,False,True,False,100,-1.4961557070117881
policy,83056,16455,16405,2987.5,250994,False,False,False,True,68,-0.9135897224583679
policy,83069,16457,16407,2987.8,250995,False,False,False,True,13,-0.796211712509868
policy,83169,16477,16427,2991.3,250996,False,False,True,False,100,-1.2841397245494215
policy,83269,16497,16447,2994.9,250997,False,False,True,False,100,-1.4614547401652067
policy,83369,16517,16467,2998.4,250998,False,False,True,False,100,-1.2761679290876196
policy,83381,16520,16470,2998.9,250999,False,False,False,True,12,-0.9132120051990796
policy,83422,16528,16478,3000.3,251000,False,False,False,True,41,-1.021436616631355
policy,83522,16548,16498,3003.7,251001,False,False,True,False,100,-1.508138968141698
policy,83569,16557,16507,3005.5,251002,False,False,False,True,47,-1.1036817295333692
policy,83669,16577,16527,3009.0,251003,False,False,True,False,100,-1.7873449917923516
policy,83769,16597,16547,3012.4,251004,False,False,True,False,100,-1.495972780787836
policy,83801,16604,16554,3013.6,251005,False,False,False,True,32,-0.836457846043456
policy,83901,16624,16574,3017.3,251006,False,False,True,False,100,-1.3581133153826705
policy,84001,16644,16594,3020.7,251007,False,False,True,False,100,-1.1713211202984504
policy,84101,16664,16614,3024.4,251008,False,False,True,False,100,-1.097421245152928
policy,84201,16684,16634,3027.9,251009,False,False,True,False,100,-1.5042557579365983
policy,84242,16692,16642,3029.3,251010,False,False,False,True,41,-0.9346054437923912
policy,84342,16712,16662,3033.0,251011,False,False,True,False,100,-1.7323853781709397
policy,84442,16732,16682,3036.5,251012,False,False,True,False,100,-1.5641560565232844
policy,84542,16752,16702,3040.1,251013,False,False,True,False,100,-1.4220817197689097
policy,84642,16772,16722,3043.7,251014,False,False,True,False,100,-1.1652420131604218
policy,84742,16792,16742,3047.3,251015,False,False,True,False,100,-1.5538694614086355
policy,84842,16812,16762,3051.0,251016,False,False,True,False,100,-1.1799131694450096
policy,84942,16832,16782,3054.4,251017,False,False,True,False,100,-1.1234205218119544
policy,85016,16847,16797,3057.1,251018,False,False,False,True,74,-1.1901083454567332
policy,85116,16867,16817,3060.6,251019,False,False,True,False,100,-1.5130736795565818
policy,85216,16887,16837,3064.3,251020,False,False,True,False,100,-1.400480511987365
policy,85307,16905,16855,3067.4,251021,False,False,False,True,91,-1.228521322781501
policy,85407,16925,16875,3071.0,251022,False,False,True,False,100,-1.423378047314734
policy,85507,16945,16895,3074.6,251023,False,False,True,False,100,-1.4438860634377777
policy,85515,16946,16896,3074.8,251024,False,False,False,True,8,-0.7906600481498077
policy,85615,16966,16916,3078.4,251025,False,False,True,False,100,-1.3095761848442318
policy,85666,16977,16927,3080.4,251026,False,False,False,True,51,-1.1027913511635734
policy,85766,16997,16947,3084.0,251027,False,True,True,False,100,-1.6068251686043853
policy,85866,17017,16967,3087.6,251028,False,False,True,False,100,-1.3236679275649395
policy,85966,17037,16987,3091.1,251029,False,False,True,False,100,-1.3304966492445582
policy,86033,17050,17000,3093.5,251030,False,False,False,True,67,-1.0476372076371194
policy,86133,17070,17020,3097.0,251031,False,False,True,False,100,-1.1935898238907656
policy,86233,17090,17040,3100.8,251032,False,True,True,False,100,-1.5646932556688267
policy,86333,17110,17060,3104.4,251033,False,False,True,False,100,-1.2589158683336703
policy,86389,17121,17071,3106.4,251034,False,False,False,True,56,-1.1499687467507038
policy,86489,17141,17091,3110.3,251035,False,False,True,False,100,-1.259070419114313
policy,86589,17161,17111,3113.8,251036,False,False,True,False,100,-1.4604430004946125
policy,86689,17181,17131,3117.4,251037,False,False,True,False,100,-1.5351969671076144
policy,86789,17201,17151,3121.1,251038,False,False,True,False,100,-1.3618735065301428
policy,86889,17221,17171,3124.6,251039,False,False,True,False,100,-1.2370141771784262
policy,86989,17241,17191,3128.2,251040,False,False,True,False,100,-1.094407821928667
policy,87089,17261,17211,3131.8,251041,False,False,True,False,100,-1.526721270398772
policy,87189,17281,17231,3135.3,251042,False,False,True,False,100,-1.7996213062583832
policy,87276,17299,17249,3138.5,251043,False,False,False,True,87,-1.2544076581764336
policy,87376,17319,17269,3142.1,251044,False,False,True,False,100,-1.3706946980442476
policy,87476,17339,17289,3145.7,251045,False,False,True,False,100,-1.42986694115319
policy,87576,17359,17309,3149.1,251046,False,False,True,False,100,-1.518676830655851
policy,87656,17375,17325,3151.8,251047,False,False,False,True,80,-1.3195753794013845
policy,87756,17395,17345,3155.2,251048,False,False,True,False,100,-1.5803340022669174
policy,87856,17415,17365,3158.6,251049,False,False,True,False,100,-1.1205726384611323
policy,87956,17435,17385,3162.1,251050,False,False,True,False,100,-1.3565427160535375
policy,88056,17455,17405,3165.6,251051,False,False,True,False,100,-1.3912888895693705
policy,88156,17475,17425,3169.1,251052,False,False,True,False,100,-1.310638647417559
policy,88230,17489,17439,3171.5,251053,False,False,False,True,74,-1.3839279029205929
policy,88330,17509,17459,3174.8,251054,False,False,True,False,100,-1.2444284547215525
policy,88430,17529,17479,3178.8,251055,False,False,True,False,100,-1.1849585183198226
policy,88530,17549,17499,3182.4,251056,False,False,True,False,100,-1.6206744339913932
policy,88630,17569,17519,3186.0,251057,False,False,True,False,100,-1.1812906599794877
policy,88680,17579,17529,3187.7,251058,False,False,False,True,50,-0.9940642545280722
policy,88780,17599,17549,3191.4,251059,False,False,True,False,100,-1.6226356026225228
policy,88880,17619,17569,3195.0,251060,False,False,True,False,100,-1.166172018479454
policy,88980,17639,17589,3198.5,251061,False,False,True,False,100,-1.4254287492311968
policy,89080,17659,17609,3202.2,251062,False,False,True,False,100,-1.2218222926827456
policy,89142,17672,17622,3204.5,251063,False,False,False,True,62,-1.1493958778457132
policy,89242,17692,17642,3208.1,251064,False,False,True,False,100,-1.2491200703432541
policy,89342,17712,17662,3211.7,251065,False,False,True,False,100,-1.472057611596942
policy,89357,17715,17665,3212.3,251066,False,False,False,True,15,-0.7978104479742447
policy,89457,17735,17685,3215.7,251067,False,False,True,False,100,-1.1751137378420071
policy,89557,17755,17705,3219.2,251068,False,False,True,False,100,-1.538311972409904
policy,89657,17775,17725,3222.7,251069,False,False,True,False,100,-1.6142838403064486
policy,89757,17795,17745,3226.0,251070,False,False,True,False,100,-1.1892255137083392
policy,89857,17815,17765,3229.6,251071,False,False,True,False,100,-1.2697045937994247
policy,89957,17835,17785,3233.1,251072,False,False,True,False,100,-1.1855496315791108
policy,90057,17855,17805,3236.6,251073,False,False,True,False,100,-1.408696157003332
policy,90157,17875,17825,3240.1,251074,False,False,True,False,100,-1.463799996142312
policy,90257,17895,17845,3243.7,251075,False,False,True,False,100,-1.3993403101791047
policy,90357,17915,17865,3247.1,251076,False,False,True,False,100,-1.2355104406347817
policy,90457,17935,17885,3250.5,251077,False,False,True,False,100,-1.3585294293163528
policy,90557,17955,17905,3254.1,251078,False,False,True,False,100,-1.426926809477745
policy,90657,17975,17925,3257.5,251079,False,False,True,False,100,-1.5510742895365248
policy,90757,17995,17945,3261.1,251080,False,False,True,False,100,-1.5306752150190959
policy,90857,18015,17965,3264.6,251081,False,False,True,False,100,-1.5540476684803053
policy,90957,18035,17985,3268.4,251082,False,False,True,False,100,-1.423788052828111
policy,91057,18055,18005,3272.0,251083,False,False,True,False,100,-1.2826112641923966
policy,91157,18075,18025,3275.5,251084,False,False,True,False,100,-1.32154089650548
policy,91220,18087,18037,3277.6,251085,False,False,False,True,63,-1.1215688438821874
policy,91320,18107,18057,3281.3,251086,False,False,True,False,100,-1.4746301742541492
policy,91375,18118,18068,3283.2,251087,False,False,False,True,55,-0.9045628125345853
policy,91475,18138,18088,3286.9,251088,False,False,True,False,100,-1.430528625365364
policy,91575,18158,18108,3290.5,251089,False,False,True,False,100,-1.359554965370056
policy,91675,18178,18128,3294.2,251090,False,False,True,False,100,-1.499094598423492
policy,91775,18198,18148,3297.7,251091,False,False,True,False,100,-1.3663586166475858
policy,91875,18218,18168,3301.3,251092,False,False,True,False,100,-1.6148942801009016
policy,91975,18238,18188,3305.1,251093,False,False,True,False,100,-1.1350364509170427
policy,92055,18254,18204,3307.9,251094,False,False,False,True,80,-1.266377075377189
policy,92155,18274,18224,3311.2,251095,False,False,True,False,100,-1.391540945040763
policy,92255,18294,18244,3314.9,251096,False,False,True,False,100,-1.2337832029545104
policy,92355,18314,18264,3318.4,251097,False,False,True,False,100,-1.40040862696992
policy,92455,18334,18284,3321.8,251098,False,False,True,False,100,-1.7612995015252864
policy,92520,18347,18297,3324.2,251099,False,False,False,True,65,-1.2021516244311963
policy,92620,18367,18317,3327.7,251100,False,False,True,False,100,-1.1793497681769451
policy,92720,18387,18337,3331.2,251101,False,False,True,False,100,-1.3245030177495403
policy,92736,18391,18341,3332.0,251102,False,False,False,True,16,-0.8276659768264776
policy,92836,18411,18361,3335.7,251103,False,False,True,False,100,-1.3999164991651556
policy,92884,18420,18370,3337.3,251104,False,False,False,True,48,-1.0674905367664311
policy,92984,18440,18390,3340.8,251105,False,False,True,False,100,-1.4458676705256022
policy,93084,18460,18410,3344.4,251106,False,False,True,False,100,-1.2698584366209076
policy,93118,18467,18417,3345.7,251107,False,False,False,True,34,-0.8746820999654019
policy,93218,18487,18437,3349.4,251108,False,False,True,False,100,-1.2334044270555382
policy,93318,18507,18457,3352.8,251109,False,False,True,False,100,-1.259787667465749
policy,93418,18527,18477,3356.4,251110,False,False,True,False,100,-1.2030825043361946
policy,93518,18547,18497,3359.9,251111,False,False,True,False,100,-1.4108906806368364
policy,93618,18567,18517,3363.5,251112,False,False,True,False,100,-1.432997417329507
policy,93718,18587,18537,3366.9,251113,False,False,True,False,100,-1.3769739423179552
policy,93818,18607,18557,3370.5,251114,False,False,True,False,100,-1.5920628978195794
policy,93918,18627,18577,3374.0,251115,False,False,True,False,100,-1.663912966962512
policy,94018,18647,18597,3377.8,251116,False,False,True,False,100,-1.499447522025529
policy,94030,18649,18599,3378.1,251117,False,False,False,True,12,-0.728712982459683
policy,94130,18669,18619,3382.1,251118,False,False,True,False,100,-1.146896591243462
policy,94230,18689,18639,3386.1,251119,False,False,True,False,100,-1.3679424945402754
policy,94330,18709,18659,3390.1,251120,False,False,True,False,100,-1.3831867471898103
policy,94430,18729,18679,3394.1,251121,False,False,True,False,100,-1.7054834573065325
policy,94530,18749,18699,3397.7,251122,False,False,True,False,100,-1.68483499277882
policy,94577,18759,18709,3399.6,251123,False,False,False,True,47,-0.9250844826516129
policy,94677,18779,18729,3403.3,251124,False,False,True,False,100,-1.1701223736179054
policy,94716,18787,18737,3404.8,251125,False,False,False,True,39,-1.0728696363289254
policy,94816,18807,18757,3408.8,251126,False,False,True,False,100,-1.3990535186913038
policy,94916,18827,18777,3412.7,251127,False,False,True,False,100,-1.16645397126628
policy,95016,18847,18797,3416.5,251128,False,False,True,False,100,-1.4015170019597911
policy,95055,18854,18804,3417.9,251129,False,False,False,True,39,-0.9622257439682853
policy,95155,18874,18824,3421.6,251130,False,False,True,False,100,-1.2291547659037987
policy,95255,18894,18844,3425.5,251131,False,False,True,False,100,-1.2691599210533215
policy,95355,18914,18864,3429.2,251132,False,False,True,False,100,-1.2082836246183297
policy,95455,18934,18884,3433.1,251133,False,False,True,False,100,-1.6437093258575974
policy,95555,18954,18904,3436.8,251134,False,False,True,False,100,-1.6969721861759401
policy,95655,18974,18924,3440.4,251135,False,False,True,False,100,-1.483263061255771
policy,95755,18994,18944,3443.9,251136,False,False,True,False,100,-1.5843851884198135
policy,95855,19014,18964,3447.5,251137,False,True,True,False,100,-1.228546389983197
policy,95955,19034,18984,3451.3,251138,False,False,True,False,100,-1.186339240661157
policy,96055,19054,19004,3454.9,251139,False,False,True,False,100,-1.172847913123844
policy,96066,19057,19007,3455.4,251140,False,False,False,True,11,-0.7669493917138912
policy,96166,19077,19027,3458.9,251141,False,False,True,False,100,-1.2524827876582894
policy,96266,19097,19047,3462.7,251142,False,False,True,False,100,-1.5904845032251376
policy,96366,19117,19067,3466.3,251143,False,False,True,False,100,-1.8119787104517298
policy,96466,19137,19087,3470.0,251144,False,False,True,False,100,-1.4066028788125484
policy,96566,19157,19107,3473.7,251145,False,False,True,False,100,-1.6245552857532588
policy,96666,19177,19127,3477.4,251146,False,False,True,False,100,-1.4278359491800874
policy,96766,19197,19147,3481.1,251147,False,False,True,False,100,-1.5676881211973612
policy,96866,19217,19167,3484.9,251148,False,False,True,False,100,-1.6605578329512263
policy,96966,19237,19187,3488.5,251149,False,False,True,False,100,-1.3752403026325473
policy,97066,19257,19207,3492.3,251150,False,False,True,False,100,-1.4592165833088306
policy,97129,19269,19219,3494.5,251151,False,False,False,True,63,-1.053631857929255
policy,97229,19289,19239,3498.5,251152,False,False,True,False,100,-1.1503643399615813
policy,97329,19309,19259,3502.2,251153,False,False,True,False,100,-1.1788572586363735
policy,97429,19329,19279,3505.7,251154,False,False,True,False,100,-1.1961316412244611
policy,97529,19349,19299,3509.4,251155,False,False,True,False,100,-1.1597594293995133
policy,97629,19369,19319,3513.1,251156,False,False,True,False,100,-1.2963109142823872
policy,97729,19389,19339,3516.7,251157,False,False,True,False,100,-1.7279531921681168
policy,97829,19409,19359,3520.4,251158,False,False,True,False,100,-1.2325615544991915
policy,97929,19429,19379,3524.3,251159,False,False,True,False,100,-1.1660971314734883
policy,98029,19449,19399,3528.0,251160,False,False,True,False,100,-1.6072024320721299
policy,98129,19469,19419,3531.7,251161,False,False,True,False,100,-1.509635129743527
policy,98229,19489,19439,3535.4,251162,False,False,True,False,100,-1.4103880667501105
policy,98329,19509,19459,3538.9,251163,False,False,True,False,100,-1.193142544756551
policy,98391,19522,19472,3541.2,251164,False,False,False,True,62,-1.4576018936125534
policy,98491,19542,19492,3544.8,251165,False,False,True,False,100,-1.6397992064070108
policy,98591,19562,19512,3548.4,251166,False,False,True,False,100,-1.5770989260015047
policy,98691,19582,19532,3552.0,251167,False,False,True,False,100,-1.5998021772508033
policy,98791,19602,19552,3555.7,251168,False,True,True,False,100,-1.5629606687375177
policy,98891,19622,19572,3559.3,251169,False,False,True,False,100,-1.1799547277212112
policy,98991,19642,19592,3562.9,251170,False,False,True,False,100,-1.4771263611573193
policy,99091,19662,19612,3566.4,251171,False,False,True,False,100,-1.3869658456967524
policy,99191,19682,19632,3570.1,251172,False,False,True,False,100,-1.2212522451331538
policy,99210,19685,19635,3570.7,251173,False,False,False,True,19,-0.8994975265574314
policy,99310,19705,19655,3574.3,251174,False,False,True,False,100,-1.2956404859680763
policy,99410,19725,19675,3578.2,251175,False,False,True,False,100,-1.1568842993047281
policy,99510,19745,19695,3581.8,251176,False,False,True,False,100,-1.481786545615014
policy,99610,19765,19715,3585.5,251177,False,False,False,True,100,-1.5594419318680024
policy,99710,19785,19735,3589.2,251178,False,False,True,False,100,-1.0906698183927932
policy,99810,19805,19755,3593.0,251179,False,False,True,False,100,-1.395063308090253
policy,99910,19825,19775,3596.7,251180,False,False,True,False,100,-1.372281259821277
policy,100010,19845,19795,3600.3,251181,False,False,True,False,100,-1.1892426458560357
policy,100110,19865,19815,3604.0,251182,False,False,True,False,100,-1.163592552370765
policy,100210,19885,19835,3608.1,251183,False,False,True,False,100,-1.3117280544104475
policy,100310,19905,19855,3611.7,251184,False,False,True,False,100,-1.3611780070584716
policy,100410,19925,19875,3615.6,251185,False,False,True,False,100,-1.4187160229077076
policy,100510,19945,19895,3619.2,251186,False,False,True,False,100,-1.3605025626892475
policy,100610,19965,19915,3623.5,251187,False,False,True,False,100,-1.2729798320597805
policy,100710,19985,19935,3627.4,251188,False,False,True,False,100,-1.549560478372056
policy,100810,20005,19955,3631.4,251189,False,False,True,False,100,-1.7802830074692775
policy,100910,20025,19975,3635.3,251190,False,False,True,False,100,-1.464598386766383
policy,101010,20045,19995,3638.8,251191,False,False,True,False,100,-1.2592929087265745
policy,101110,20065,20015,3642.8,251192,False,False,True,False,100,-1.2011768341896514
policy,101210,20085,20035,3646.8,251193,False,False,True,False,100,-1.3844830942647983
policy,101310,20105,20055,3650.6,251194,False,False,True,False,100,-1.1133139511680565
policy,101410,20125,20075,3654.3,251195,False,False,True,False,100,-1.4957264753064625
policy,101510,20145,20095,3657.9,251196,False,False,True,False,100,-1.4675050799279514
policy,101610,20165,20115,3661.5,251197,False,False,True,False,100,-1.3801523811493204
policy,101710,20185,20135,3665.3,251198,False,False,True,False,100,-1.4906226574102053
policy,101810,20205,20155,3669.1,251199,False,False,True,False,100,-1.135883491169562
policy,101910,20225,20175,3672.9,251200,False,False,True,False,100,-1.2153922196064735
policy,102010,20245,20195,3676.7,251201,False,False,True,False,100,-1.5851964454719538
policy,102110,20265,20215,3680.5,251202,False,False,True,False,100,-1.5443051963280372
policy,102210,20285,20235,3684.0,251203,False,False,True,False,100,-1.0733746716641397
policy,102310,20305,20255,3687.6,251204,False,False,True,False,100,-1.3244247180491875
policy,102352,20314,20264,3689.3,251205,False,False,False,True,42,-0.840584423101874
policy,102452,20334,20284,3693.1,251206,False,False,True,False,100,-1.582549866367109
policy,102552,20354,20304,3696.8,251207,False,False,True,False,100,-1.1635496743115217
policy,102603,20364,20314,3698.7,251208,False,False,False,True,51,-1.1909194603781326
policy,102623,20368,20318,3699.4,251209,False,False,False,True,20,-0.927566737369597
policy,102723,20388,20338,3703.3,251210,False,False,True,False,100,-1.1474327509465676
policy,102823,20408,20358,3707.5,251211,False,False,True,False,100,-1.37029098383478
policy,102923,20428,20378,3711.2,251212,False,False,True,False,100,-1.4992760478758203
policy,103023,20448,20398,3715.0,251213,False,False,True,False,100,-1.3537551000256611
policy,103084,20460,20410,3717.2,251214,False,False,False,True,61,-1.0929198891262404
policy,103184,20480,20430,3721.3,251215,False,False,True,False,100,-1.4810746963760235
policy,103284,20500,20450,3724.9,251216,False,False,True,False,100,-1.4496979589628194
policy,103384,20520,20470,3729.0,251217,False,False,True,False,100,-1.5544361132035012
policy,103415,20526,20476,3730.1,251218,False,False,False,True,31,-0.9437703665811411
policy,103515,20546,20496,3733.6,251219,False,False,True,False,100,-1.4968976410893418
policy,103615,20566,20516,3737.4,251220,False,False,True,False,100,-1.5297755110318159
policy,103715,20586,20536,3741.1,251221,False,False,True,False,100,-1.3712670710748658
policy,103815,20606,20556,3744.7,251222,False,False,True,False,100,-1.1864285846430762
policy,103915,20626,20576,3748.3,251223,False,False,True,False,100,-1.3777202082013935
policy,104015,20646,20596,3751.9,251224,False,False,True,False,100,-1.622087170782142
policy,104056,20655,20605,3753.5,251225,False,False,False,True,41,-0.9620726891698543
policy,104156,20675,20625,3757.1,251226,False,False,True,False,100,-1.4568173984632113
policy,104256,20695,20645,3760.8,251227,False,False,True,False,100,-1.1548919553847954
policy,104356,20715,20665,3764.5,251228,False,False,True,False,100,-1.1600368656626179
policy,104456,20735,20685,3768.5,251229,False,False,True,False,100,-1.2034618303965257
policy,104556,20755,20705,3772.1,251230,False,False,True,False,100,-1.3867831045143237
policy,104656,20775,20725,3775.8,251231,False,False,True,False,100,-1.7772559866062148
policy,104756,20795,20745,3780.4,251232,False,False,True,False,100,-1.5591689937323632
policy,104856,20815,20765,3784.0,251233,False,False,True,False,100,-1.4869500721490814
policy,104956,20835,20785,3787.6,251234,False,False,True,False,100,-1.339826430461591
policy,105056,20855,20805,3791.4,251235,False,False,True,False,100,-1.3976644585839142
policy,105156,20875,20825,3795.2,251236,False,False,True,False,100,-1.5593764536031163
policy,105256,20895,20845,3798.8,251237,False,False,True,False,100,-1.3970834073755727
policy,105356,20915,20865,3802.4,251238,False,False,True,False,100,-1.2139403797114605
policy,105456,20935,20885,3806.0,251239,False,False,True,False,100,-1.233895882560748
policy,105556,20955,20905,3809.5,251240,False,False,True,False,100,-1.3067363806329164
policy,105603,20964,20914,3811.1,251241,False,False,False,True,47,-1.0897386836995033
policy,105703,20984,20934,3814.7,251242,False,False,True,False,100,-1.3521473949617608
policy,105787,21001,20951,3818.1,251243,False,False,False,True,84,-1.265057344458623
policy,105887,21021,20971,3821.8,251244,False,False,True,False,100,-1.6939380071191001
policy,105914,21026,20976,3822.7,251245,False,False,False,True,27,-0.8845184464161029
policy,106014,21046,20996,3826.6,251246,False,False,True,False,100,-1.3536541304728402
policy,106114,21066,21016,3830.3,251247,False,False,True,False,100,-1.284391550202479
policy,106214,21086,21036,3833.9,251248,False,False,True,False,100,-1.4455854922362783
policy,106243,21092,21042,3835.0,251249,False,False,False,True,29,-0.7879917885979064
policy,106343,21112,21062,3838.7,251250,False,False,True,False,100,-1.3029802300802085
policy,106358,21115,21065,3839.3,251251,False,False,False,True,15,-0.7628232202720571
policy,106458,21135,21085,3843.5,251252,False,False,True,False,100,-1.7027514784634652
policy,106558,21155,21105,3847.5,251253,False,False,True,False,100,-1.6312543298205617
policy,106658,21175,21125,3851.3,251254,False,False,True,False,100,-1.5276352268452666
policy,106706,21185,21135,3853.0,251255,False,False,False,True,48,-0.9641874574429233
policy,106806,21205,21155,3856.6,251256,False,False,True,False,100,-1.5908532090888639
policy,106906,21225,21175,3860.6,251257,False,False,True,False,100,-1.1915078357145341
policy,107006,21245,21195,3864.3,251258,False,False,True,False,100,-1.2238305237392126
policy,107106,21265,21215,3868.4,251259,False,False,True,False,100,-1.4383044587785316
policy,107128,21269,21219,3869.2,251260,False,False,False,True,22,-0.8518827007051147
policy,107228,21289,21239,3872.9,251261,False,False,True,False,100,-1.4885047580690194
policy,107328,21309,21259,3876.8,251262,False,False,True,False,100,-1.3409030491970135
policy,107364,21316,21266,3878.0,251263,False,False,False,True,36,-0.8279045922921832
policy,107464,21336,21286,3882.1,251264,False,False,True,False,100,-1.4821649774338592
policy,107564,21356,21306,3885.9,251265,False,False,True,False,100,-1.2377136863596516
policy,107646,21373,21323,3889.1,251266,False,False,False,True,82,-1.1150862693412393
policy,107746,21393,21343,3893.1,251267,False,False,True,False,100,-1.4425139879843447
policy,107846,21413,21363,3896.9,251268,False,False,True,False,100,-1.7559294138666082
policy,107946,21433,21383,3900.9,251269,False,False,True,False,100,-1.320822622711105
policy,108046,21453,21403,3904.7,251270,False,False,True,False,100,-1.268593484456892
policy,108146,21473,21423,3908.7,251271,False,False,True,False,100,-1.4189840467612718
policy,108246,21493,21443,3912.5,251272,False,False,True,False,100,-1.32788584818806
policy,108346,21513,21463,3916.2,251273,False,False,True,False,100,-1.181492412425167
policy,108403,21524,21474,3918.2,251274,False,False,False,True,57,-0.918304253097934
policy,108503,21544,21494,3922.0,251275,False,False,True,False,100,-1.2943845131193301
policy,108603,21564,21514,3925.7,251276,False,False,True,False,100,-1.5609557789618163
policy,108703,21584,21534,3929.4,251277,False,False,True,False,100,-1.2641719298718517
policy,108803,21604,21554,3933.2,251278,False,False,True,False,100,-1.1918156811513745
policy,108876,21619,21569,3936.0,251279,False,False,False,True,73,-0.9533834377387166
policy,108976,21639,21589,3939.7,251280,False,False,True,False,100,-1.3219326574641
policy,109076,21659,21609,3943.4,251281,False,False,True,False,100,-1.225400380960125
policy,109176,21679,21629,3947.1,251282,False,False,True,False,100,-1.4757359880103822
policy,109276,21699,21649,3951.0,251283,False,False,True,False,100,-1.342707804817661
policy,109321,21708,21658,3952.8,251284,False,False,False,True,45,-1.0407502244176645
policy,109334,21710,21660,3953.2,251285,False,False,False,True,13,-0.8443273058334886
policy,109434,21730,21680,3956.9,251286,False,False,True,False,100,-1.4910623507051162
policy,109534,21750,21700,3960.8,251287,False,False,True,False,100,-1.3252264588419531
policy,109579,21759,21709,3962.7,251288,False,False,False,True,45,-0.8257897688172824
policy,109679,21779,21729,3966.4,251289,False,False,True,False,100,-1.3807788581635496
policy,109779,21799,21749,3970.1,251290,False,False,True,False,100,-1.7262426197158964
policy,109879,21819,21769,3973.9,251291,False,False,True,False,100,-1.2894564365490033
policy,109979,21839,21789,3977.4,251292,False,False,True,False,100,-1.6594855027014734
policy,110079,21859,21809,3981.0,251293,False,False,True,False,100,-1.308317759197259
policy,110179,21879,21829,3984.5,251294,False,False,True,False,100,-1.4664011417267075
policy,110279,21899,21849,3988.3,251295,False,False,True,False,100,-1.4512224969790213
policy,110379,21919,21869,3991.9,251296,False,False,True,False,100,-1.2719527752129127
policy,110392,21922,21872,3992.4,251297,False,False,False,True,13,-0.7107635828537398
policy,110492,21942,21892,3996.0,251298,False,False,True,False,100,-1.276036540650428
policy,110592,21962,21912,3999.8,251299,False,False,True,False,100,-1.247957242164586
policy,110692,21982,21932,4003.6,251300,False,False,True,False,100,-1.2464320012603332
policy,110792,22002,21952,4007.2,251301,False,False,True,False,100,-1.3921523403615919
policy,110852,22014,21964,4009.4,251302,False,False,False,True,60,-1.1124196576279795
policy,110904,22024,21974,4011.2,251303,False,False,False,True,52,-0.920255378169492
policy,111004,22044,21994,4015.1,251304,False,False,True,False,100,-1.1879429515255437
policy,111104,22064,22014,4018.7,251305,False,False,True,False,100,-1.1373319493902687
policy,111204,22084,22034,4022.4,251306,False,False,True,False,100,-1.5979066587358057
policy,111242,22092,22042,4023.9,251307,False,False,False,True,38,-0.8602950781336101
policy,111342,22112,22062,4027.5,251308,False,False,True,False,100,-1.2123262931426504
policy,111442,22132,22082,4031.1,251309,False,False,True,False,100,-1.4065810850211022
policy,111542,22152,22102,4034.9,251310,False,False,True,False,100,-1.280818548247238
policy,111580,22159,22109,4036.1,251311,False,False,False,True,38,-0.9779686684162123
policy,111680,22179,22129,4039.7,251312,False,False,True,False,100,-1.5596265745274178
policy,111780,22199,22149,4043.3,251313,False,False,True,False,100,-1.5197414554636577
policy,111880,22219,22169,4047.0,251314,False,False,True,False,100,-1.890123039475512
policy,111980,22239,22189,4050.6,251315,False,False,True,False,100,-1.2846540917558325
policy,112080,22259,22209,4054.2,251316,False,False,True,False,100,-1.488869716086619
policy,112180,22279,22229,4057.8,251317,False,False,True,False,100,-1.3591222983661457
policy,112280,22299,22249,4061.4,251318,False,False,True,False,100,-1.4861223242287167
policy,112380,22319,22269,4065.1,251319,False,False,True,False,100,-1.520547137586931
policy,112480,22339,22289,4068.7,251320,False,False,True,False,100,-1.0893840898959715
policy,112580,22359,22309,4072.4,251321,False,False,True,False,100,-1.4762994511567642
policy,112680,22379,22329,4076.0,251322,False,False,True,False,100,-1.3579777870864569
policy,112780,22399,22349,4079.9,251323,False,False,True,False,100,-1.2835830324662125
policy,112880,22419,22369,4083.4,251324,False,False,True,False,100,-1.2184681745656107
policy,112980,22439,22389,4087.1,251325,False,False,True,False,100,-1.3514796243400513
policy,113080,22459,22409,4090.9,251326,False,False,True,False,100,-1.1388250243052696
policy,113127,22469,22419,4092.7,251327,False,False,False,True,47,-0.9650424816681809
policy,113157,22475,22425,4093.9,251328,False,False,False,True,30,-0.87273357521676
policy,113211,22486,22436,4096.0,251329,False,False,False,True,54,-1.41775743702555
policy,113311,22506,22456,4099.9,251330,False,False,True,False,100,-1.392997060204193
policy,113337,22511,22461,4100.7,251331,False,False,False,True,26,-0.7528794658047946
policy,113375,22518,22468,4102.0,251332,False,False,False,True,38,-1.1633444238831345
policy,113475,22538,22488,4105.5,251333,False,False,True,False,100,-1.5075435997365845
policy,113575,22558,22508,4109.1,251334,False,True,True,False,100,-1.6318141880289787
policy,113675,22578,22528,4112.7,251335,False,False,True,False,100,-1.327806219182849
policy,113775,22598,22548,4116.5,251336,False,False,True,False,100,-1.29901347195477
policy,113875,22618,22568,4120.1,251337,False,False,True,False,100,-1.5416546989284674
policy,113975,22638,22588,4123.9,251338,False,False,True,False,100,-1.2856580658864465
policy,114075,22658,22608,4127.5,251339,False,False,True,False,100,-1.1603762882466604
policy,114106,22665,22615,4128.8,251340,False,False,False,True,31,-0.9923677646583176
policy,114178,22679,22629,4131.6,251341,False,False,False,True,72,-1.1233729602424336
policy,114278,22699,22649,4135.2,251342,False,False,True,False,100,-1.2759964512694484
policy,114378,22719,22669,4138.9,251343,False,False,True,False,100,-1.1886960662651225
policy,114478,22739,22689,4142.8,251344,False,False,True,False,100,-1.2462777029561736
policy,114508,22745,22695,4143.8,251345,False,False,False,True,30,-1.1633787380060057
policy,114608,22765,22715,4147.4,251346,False,False,True,False,100,-1.6975822474175155
policy,114708,22785,22735,4151.1,251347,False,False,True,False,100,-1.1150993190765455
policy,114808,22805,22755,4154.6,251348,False,False,True,False,100,-1.4079028176352226
policy,114908,22825,22775,4158.5,251349,False,False,True,False,100,-1.3687336662791076
policy,114963,22836,22786,4160.7,251350,False,False,False,True,55,-1.2858276477502042
policy,115063,22856,22806,4164.4,251351,False,False,True,False,100,-1.239962121598321
policy,115143,22872,22822,4167.6,251352,False,False,False,True,80,-1.6132259367167336
policy,115228,22889,22839,4170.6,251353,False,False,False,True,85,-1.0911575066732015
policy,115328,22909,22859,4174.3,251354,False,False,True,False,100,-1.321775477367487
policy,115428,22929,22879,4178.1,251355,False,False,True,False,100,-1.5349961061520747
policy,115528,22949,22899,4181.9,251356,False,True,True,False,100,-1.4164680212353564
policy,115628,22969,22919,4185.6,251357,False,False,True,False,100,-1.2410710068280544
policy,115728,22989,22939,4189.3,251358,False,False,True,False,100,-1.5760475698578016
policy,115828,23009,22959,4193.0,251359,False,False,True,False,100,-1.4696679413383102
policy,115928,23029,22979,4196.8,251360,False,False,True,False,100,-1.333693402223557
policy,116028,23049,22999,4200.4,251361,False,False,True,False,100,-1.3780785469923709
policy,116128,23069,23019,4204.0,251362,False,False,True,False,100,-1.7019870331404636
policy,116228,23089,23039,4208.1,251363,False,False,True,False,100,-1.6212912248101543
policy,116328,23109,23059,4211.6,251364,False,False,True,False,100,-1.3931095561715536
policy,116428,23129,23079,4215.5,251365,False,False,True,False,100,-1.3043395663688233
policy,116528,23149,23099,4219.2,251366,False,False,True,False,100,-1.33968401376538
policy,116567,23157,23107,4220.7,251367,False,False,False,True,39,-0.9122053423708283
policy,116667,23177,23127,4224.2,251368,False,False,True,False,100,-1.1303575403650454
policy,116740,23191,23141,4226.9,251369,False,False,False,True,73,-1.3237713597194702
policy,116840,23211,23161,4230.6,251370,False,False,True,False,100,-1.5581527223247207
policy,116940,23231,23181,4234.2,251371,False,False,True,False,100,-1.3136719237091343
policy,116983,23240,23190,4235.9,251372,False,False,False,True,43,-0.8502656153304274
policy,117083,23260,23210,4239.5,251373,False,False,True,False,100,-1.1465915938276472
policy,117183,23280,23230,4243.1,251374,False,False,True,False,100,-1.1514943869283916
policy,117283,23300,23250,4246.9,251375,False,False,True,False,100,-1.1147016036651158
policy,117383,23320,23270,4250.4,251376,False,False,True,False,100,-1.7217086027191293
policy,117483,23340,23290,4254.2,251377,False,False,True,False,100,-1.0872900664679839
policy,117583,23360,23310,4257.9,251378,False,False,True,False,100,-1.3712294682635395
policy,117683,23380,23330,4261.4,251379,False,False,True,False,100,-1.4408849256759395
policy,117783,23400,23350,4265.0,251380,False,False,False,True,100,-1.495421537341307
policy,117883,23420,23370,4268.6,251381,False,False,True,False,100,-1.256406336915556
policy,117983,23440,23390,4272.4,251382,False,False,True,False,100,-1.7687925202789216
policy,118072,23458,23408,4275.8,251383,False,False,False,True,89,-1.2796676124919515
policy,118111,23466,23416,4277.2,251384,False,False,False,True,39,-1.2310671203711538
policy,118187,23481,23431,4279.9,251385,False,False,False,True,76,-1.2985983029123338
policy,118287,23501,23451,4283.5,251386,False,False,True,False,100,-1.2415787179344084
policy,118387,23521,23471,4287.1,251387,False,False,True,False,100,-1.516720474668828
policy,118487,23541,23491,4291.0,251388,False,True,True,False,100,-1.6949134918548132
policy,118587,23561,23511,4294.5,251389,False,False,True,False,100,-1.1626483068387068
policy,118637,23571,23521,4296.3,251390,False,False,False,True,50,-1.0683372353176437
policy,118641,23572,23522,4296.5,251391,False,False,False,True,4,-0.7351011249983452
policy,118741,23592,23542,4300.2,251392,False,False,True,False,100,-1.377433416821489
policy,118841,23612,23562,4303.9,251393,False,False,True,False,100,-1.153960800866189
policy,118941,23632,23582,4307.7,251394,False,False,True,False,100,-1.1347349363819195
policy,118967,23637,23587,4308.6,251395,False,False,False,True,26,-0.8470070162517618
policy,119031,23650,23600,4310.9,251396,False,False,False,True,64,-1.010758737840567
policy,119075,23658,23608,4312.4,251397,False,False,False,True,44,-1.0593564346304731
policy,119175,23678,23628,4316.0,251398,False,False,True,False,100,-1.373840964898137
policy,119227,23689,23639,4318.0,251399,False,False,False,True,52,-1.1748012681325979
policy,119327,23709,23659,4321.7,251400,False,False,True,False,100,-1.4729626078257474
policy,119427,23729,23679,4325.5,251401,False,False,True,False,100,-1.6024344897890401
policy,119527,23749,23699,4329.0,251402,False,False,True,False,100,-1.298887439471653
policy,119545,23752,23702,4329.6,251403,False,False,False,True,18,-0.9885556305416396
policy,119645,23772,23722,4333.5,251404,False,False,True,False,100,-1.4331798792772628
policy,119681,23780,23730,4335.1,251405,False,False,False,True,36,-0.8293112122467445
policy,119781,23800,23750,4338.7,251406,False,False,True,False,100,-1.6641937524771957
policy,119881,23820,23770,4342.5,251407,False,False,True,False,100,-1.1942944601248444
policy,119981,23840,23790,4346.1,251408,False,False,True,False,100,-1.3163155476522919
policy,120081,23860,23810,4349.7,251409,False,False,True,False,100,-1.3805679393110557
policy,120181,23880,23830,4353.4,251410,False,False,True,False,100,-1.2803971891686046
policy,120281,23900,23850,4357.4,251411,False,False,True,False,100,-1.6287295972412745
policy,120381,23920,23870,4360.9,251412,False,False,True,False,100,-1.4957015746516487
policy,120481,23940,23890,4364.6,251413,False,False,True,False,100,-1.3502176451405525
policy,120581,23960,23910,4368.3,251414,False,False,True,False,100,-1.2636125084531415
policy,120681,23980,23930,4371.9,251415,False,False,True,False,100,-1.2048092459109692
policy,120781,24000,23950,4375.8,251416,False,False,True,False,100,-1.6179646399546304
policy,120881,24020,23970,4380.1,251417,False,False,True,False,100,-1.6301077092023732
policy,120898,24023,23973,4380.7,251418,False,False,False,True,17,-0.8670332341799034
policy,120998,24043,23993,4384.4,251419,False,False,True,False,100,-1.6966934574814128
policy,121098,24063,24013,4388.1,251420,False,False,True,False,100,-1.1485832767770994
policy,121190,24081,24031,4391.7,251421,False,False,False,True,92,-1.0800733925357089
policy,121290,24101,24051,4395.3,251422,False,False,True,False,100,-1.3310624577787658
policy,121390,24121,24071,4399.0,251423,False,False,True,False,100,-1.3036207116627487
policy,121490,24141,24091,4402.7,251424,False,False,True,False,100,-1.480392896801524
policy,121590,24161,24111,4406.5,251425,False,False,True,False,100,-1.6297771804800214
policy,121690,24181,24131,4410.4,251426,False,False,True,False,100,-1.2655322448844675
policy,121790,24201,24151,4414.0,251427,False,False,True,False,100,-1.3539217359599276
policy,121880,24219,24169,4417.5,251428,False,False,False,True,90,-1.7611669215677628
policy,121980,24239,24189,4421.4,251429,False,False,True,False,100,-1.3210000997588962
policy,122080,24259,24209,4425.6,251430,False,False,True,False,100,-1.1003830035969158
policy,122180,24279,24229,4429.4,251431,False,False,True,False,100,-1.4087834954156653
policy,122280,24299,24249,4433.4,251432,False,False,True,False,100,-1.10085388194521
policy,122380,24319,24269,4437.2,251433,False,True,True,False,100,-1.771615150087797
policy,122480,24339,24289,4441.1,251434,False,False,True,False,100,-1.4880726848703711
policy,122494,24342,24292,4441.7,251435,False,False,False,True,14,-0.7332664074581544
policy,122544,24352,24302,4443.5,251436,False,False,False,True,50,-1.1389550861421043
policy,122644,24372,24322,4447.1,251437,False,False,True,False,100,-1.4702502315156396
policy,122744,24392,24342,4450.6,251438,False,False,True,False,100,-1.480735533065907
policy,122788,24401,24351,4452.3,251439,False,False,False,True,44,-1.1286196355721847
policy,122888,24421,24371,4456.0,251440,False,False,True,False,100,-1.5448889021539447
policy,122988,24441,24391,4459.7,251441,False,False,True,False,100,-1.2446391404109378
policy,123088,24461,24411,4463.4,251442,False,False,True,False,100,-1.3003900491501819
policy,123188,24481,24431,4466.9,251443,False,False,True,False,100,-1.3465417702403513
policy,123265,24496,24446,4469.7,251444,False,False,False,True,77,-1.4191442541971258
policy,123365,24516,24466,4473.3,251445,False,False,True,False,100,-1.658159661949734
policy,123465,24536,24486,4476.8,251446,False,False,True,False,100,-1.3951526937200027
policy,123565,24556,24506,4480.5,251447,False,False,True,False,100,-1.71550870055535
policy,123597,24563,24513,4481.8,251448,False,False,False,True,32,-0.9353080711430594
policy,123697,24583,24533,4485.3,251449,False,False,True,False,100,-1.4860224491722316
policy,123797,24603,24553,4489.4,251450,False,False,True,False,100,-1.2588175506470713
policy,123854,24614,24564,4491.4,251451,False,False,False,True,57,-0.9143454874715687
policy,123954,24634,24584,4495.0,251452,False,False,True,False,100,-1.7006622293765297
policy,124054,24654,24604,4498.9,251453,False,False,True,False,100,-1.1648242245739766
policy,124107,24665,24615,4501.2,251454,False,False,False,True,53,-0.9868526087901375
policy,124118,24667,24617,4501.7,251455,False,False,False,True,11,-0.7961768182050163
policy,124184,24680,24630,4504.4,251456,False,False,False,True,66,-1.0905771439002538
policy,124255,24694,24644,4509.1,251457,False,False,False,True,71,-1.2139577667431403
policy,124308,24705,24655,4516.2,251458,False,False,False,True,53,-1.1609960599480849
policy,124408,24725,24675,4529.2,251459,False,False,True,False,100,-1.272111996376875
policy,124483,24740,24690,4534.4,251460,False,False,False,True,75,-1.5982202496211
policy,124583,24760,24710,4542.1,251461,False,False,True,False,100,-1.246716912337828
policy,124641,24772,24722,4546.0,251462,False,False,False,True,58,-1.0275480640540064
policy,124741,24792,24742,4552.5,251463,False,False,True,False,100,-1.0941152846587894
policy,124841,24812,24762,4559.2,251464,False,False,True,False,100,-1.4113409339224225
policy,124882,24820,24770,4562.3,251465,False,False,False,True,41,-0.9769965681542792
policy,124982,24840,24790,4568.2,251466,False,False,True,False,100,-1.3189300458438291
policy,125082,24860,24810,4577.9,251467,False,False,True,False,100,-1.5710267785826864
policy,125112,24866,24816,4580.4,251468,False,False,False,True,30,-0.9637714957044055
policy,125184,24880,24830,4585.5,251469,False,False,False,True,72,-1.1994938076322397
policy,125207,24885,24835,4591.1,251470,False,False,False,True,23,-0.6961143434954105
policy,125274,24898,24848,4598.6,251471,False,False,False,True,67,-1.3714907632648106
policy,125374,24918,24868,4608.1,251472,False,False,True,False,100,-1.1452658749983122
policy,125474,24938,24888,4614.9,251473,False,False,True,False,100,-1.204802087555348
policy,125574,24958,24908,4624.4,251474,False,False,True,False,100,-1.2834680272710526
policy,125674,24978,24928,4630.9,251475,False,False,True,False,100,-1.4496371757894213
policy,125695,24982,24932,4632.2,251476,False,False,False,True,21,-0.7230001882923945
policy,125795,25002,24952,4639.3,251477,False,False,True,False,100,-1.1997627845211998
policy,125895,25022,24972,4650.2,251478,False,False,True,False,100,-1.5973582807894426
policy,125995,25042,24992,4659.0,251479,False,False,True,False,100,-1.6201145750546773
policy,126047,25053,25003,4664.3,251480,False,False,False,True,52,-1.2548746303328069
policy,126147,25073,25023,4673.8,251481,False,False,True,False,100,-1.5995897008935536
policy,126247,25093,25043,4681.8,251482,False,False,True,False,100,-1.3196618771936675
policy,126347,25113,25063,4691.1,251483,False,False,True,False,100,-1.8108474178803302
policy,126447,25133,25083,4700.3,251484,False,False,True,False,100,-1.4779534044632978
policy,126547,25153,25103,4707.5,251485,False,False,True,False,100,-1.2107919009909611
policy,126647,25173,25123,4715.4,251486,False,False,True,False,100,-1.3520117970187235
policy,126747,25193,25143,4723.3,251487,False,False,True,False,100,-1.4426278092374412
policy,126847,25213,25163,4729.5,251488,False,False,True,False,100,-1.2973269506926892
policy,126947,25233,25183,4735.6,251489,False,False,True,False,100,-1.121692995510065
policy,127047,25253,25203,4743.1,251490,False,False,True,False,100,-1.2863838734063928
policy,127147,25273,25223,4747.8,251491,False,False,True,False,100,-1.4107874533076852
policy,127247,25293,25243,4753.2,251492,False,False,True,False,100,-1.1258510310046057
policy,127266,25297,25247,4754.3,251493,False,False,False,True,19,-0.6849629265447089
policy,127366,25317,25267,4763.0,251494,False,False,True,False,100,-1.4595484617013983
policy,127466,25337,25287,4771.0,251495,False,False,True,False,100,-1.3688348145075926
policy,127566,25357,25307,4776.6,251496,False,False,True,False,100,-1.2941336106238692
policy,127666,25377,25327,4780.7,251497,False,False,True,False,100,-1.5049019983566234
policy,127766,25397,25347,4784.4,251498,False,False,True,False,100,-1.4598493555651713
policy,127866,25417,25367,4787.8,251499,False,False,True,False,100,-1.154478812365606
policy,127966,25437,25387,4791.3,251500,False,False,True,False,100,-1.6777266858728148
policy,128066,25457,25407,4795.1,251501,False,False,True,False,100,-1.1600358853201778
policy,128166,25477,25427,4798.4,251502,False,False,True,False,100,-1.3110371515482524
policy,128266,25497,25447,4801.6,251503,False,False,True,False,100,-1.3212931952553535
policy,128321,25508,25458,4803.5,251504,False,False,False,True,55,-0.9066509881109441
policy,128421,25528,25478,4806.9,251505,False,False,True,False,100,-1.7064430832418798
policy,128508,25545,25495,4810.3,251506,False,False,False,True,87,-1.2548567478043906
policy,128579,25559,25509,4812.5,251507,False,False,False,True,71,-1.4094166239242178
policy,128679,25579,25529,4815.6,251508,False,False,True,False,100,-1.3516300304063542
policy,128779,25599,25549,4818.8,251509,False,False,True,False,100,-1.4266620335075313
policy,128804,25604,25554,4819.6,251510,False,False,False,True,25,-0.8447847159948162
policy,128891,25622,25572,4822.4,251511,False,False,False,True,87,-1.438274828634154
policy,128991,25642,25592,4825.7,251512,False,False,True,False,100,-1.309711500369667
policy,129091,25662,25612,4829.1,251513,False,False,True,False,100,-1.2533424883115956
policy,129094,25662,25612,4829.1,251514,False,False,False,True,3,-0.8909043751051434
policy,129159,25675,25625,4831.3,251515,False,False,False,True,65,-1.4330379652866585
policy,129259,25695,25645,4834.5,251516,False,False,True,False,100,-1.5756101359576584
policy,129359,25715,25665,4837.8,251517,False,False,True,False,100,-1.2452170077182148
policy,129431,25730,25680,4840.1,251518,False,False,False,True,72,-1.343415248378399
policy,129531,25750,25700,4843.3,251519,False,False,True,False,100,-1.4778044235943635
policy,129631,25770,25720,4846.8,251520,False,False,True,False,100,-1.161508335711949
policy,129676,25779,25729,4848.3,251521,False,False,False,True,45,-0.8589532855256643
policy,129761,25796,25746,4850.9,251522,False,False,False,True,85,-1.2952207219845742
policy,129791,25802,25752,4851.9,251523,False,False,False,True,30,-1.0336007800991605
policy,129891,25822,25772,4855.3,251524,False,False,True,False,100,-1.68868589079568
policy,129991,25842,25792,4858.6,251525,False,False,True,False,100,-1.4306793801513193
policy,130033,25850,25800,4860.0,251526,False,False,False,True,42,-1.114235606812168
policy,130133,25870,25820,4863.2,251527,False,False,True,False,100,-1.8356966500595524
policy,130233,25890,25840,4866.3,251528,False,False,True,False,100,-1.525263514354005
policy,130333,25910,25860,4869.7,251529,False,False,True,False,100,-1.0775259560023072
policy,130433,25930,25880,4872.7,251530,False,False,True,False,100,-1.5329873506134808
policy,130533,25950,25900,4876.2,251531,False,False,True,False,100,-1.293355754753612
policy,130633,25970,25920,4879.3,251532,False,False,True,False,100,-1.307615886339847
policy,130733,25990,25940,4882.7,251533,False,False,True,False,100,-1.5140827825203331
policy,130833,26010,25960,4885.8,251534,False,False,True,False,100,-1.4641915883516936
policy,130904,26024,25974,4888.1,251535,False,False,False,True,71,-1.1790375796389374
policy,131004,26044,25994,4891.4,251536,False,False,True,False,100,-1.3630676995707658
policy,131104,26064,26014,4894.8,251537,False,False,True,False,100,-1.8342845198597346
policy,131204,26084,26034,4898.2,251538,False,False,True,False,100,-1.5908028731548913
policy,131304,26104,26054,4901.4,251539,False,False,True,False,100,-1.6398399836245583
policy,131404,26124,26074,4904.7,251540,False,False,True,False,100,-1.2720678541009947
policy,131504,26144,26094,4908.1,251541,False,False,True,False,100,-1.2901938190366598
policy,131604,26164,26114,4911.3,251542,False,False,True,False,100,-1.094928883430294
policy,131654,26174,26124,4913.0,251543,False,False,False,True,50,-1.2641515043967468
policy,131754,26194,26144,4916.3,251544,False,True,True,False,100,-1.3620847893830523
policy,131854,26214,26164,4919.5,251545,False,False,True,False,100,-1.396341658204674
policy,131954,26234,26184,4922.8,251546,False,False,True,False,100,-1.1653606361061883
policy,132054,26254,26204,4926.2,251547,False,False,True,False,100,-1.8644628180148786
policy,132154,26274,26224,4929.3,251548,False,False,True,False,100,-1.396641125765146
policy,132254,26294,26244,4932.6,251549,False,False,True,False,100,-1.845150861532085
policy,132354,26314,26264,4935.9,251550,False,False,True,False,100,-1.4672768486876056
policy,132454,26334,26284,4939.1,251551,False,False,True,False,100,-1.207488096527288
policy,132504,26344,26294,4940.7,251552,False,True,False,True,50,-1.0361576129022867
policy,132604,26364,26314,4943.7,251553,False,False,True,False,100,-1.3233381000043014
policy,132704,26384,26334,4946.9,251554,False,False,True,False,100,-1.6436176269930105
policy,132804,26404,26354,4950.1,251555,False,False,True,False,100,-1.2431143888686869
policy,132847,26413,26363,4951.4,251556,False,False,False,True,43,-0.995507793000072
policy,132897,26423,26373,4953.0,251557,False,False,False,True,50,-1.10669642291621
policy,132950,26433,26383,4954.5,251558,False,False,False,True,53,-0.9651175185569287
policy,133050,26453,26403,4957.7,251559,False,False,True,False,100,-1.71150903786603
policy,133150,26473,26423,4960.7,251560,False,False,True,False,100,-1.1406583218526505
policy,133250,26493,26443,4963.8,251561,False,False,True,False,100,-1.1213405517212385
policy,133350,26513,26463,4966.8,251562,False,False,True,False,100,-1.2534035013033284
policy,133450,26533,26483,4969.9,251563,False,False,True,False,100,-1.3244263820202538
policy,133482,26540,26490,4971.0,251564,False,False,False,True,32,-0.8129861274075182
policy,133582,26560,26510,4974.1,251565,False,False,True,False,100,-1.1051739144423618
policy,133682,26580,26530,4977.4,251566,False,False,True,False,100,-1.2528405342084954
policy,133762,26596,26546,4980.2,251567,False,False,False,True,80,-1.334229017108995
policy,133785,26600,26550,4980.8,251568,False,False,False,True,23,-0.8131342239383943
policy,133885,26620,26570,4984.0,251569,False,False,True,False,100,-1.1137092467974152
policy,133950,26633,26583,4986.1,251570,False,False,False,True,65,-1.2418139355087705
policy,134032,26650,26600,4988.7,251571,False,False,False,True,82,-1.1826888561289395
policy,134087,26661,26611,4990.5,251572,False,False,False,True,55,-1.1362782482832294
policy,134187,26681,26631,4993.7,251573,False,False,True,False,100,-1.6282005385471017
policy,134287,26701,26651,4997.2,251574,False,False,True,False,100,-1.3863888164171805
policy,134319,26707,26657,4998.2,251575,False,False,False,True,32,-0.9725972051499889
policy,134419,26727,26677,5001.4,251576,False,False,True,False,100,-1.1513325230693623
policy,134454,26734,26684,5002.5,251577,False,False,False,True,35,-0.9928272555183065
policy,134554,26754,26704,5005.9,251578,False,False,True,False,100,-1.1400517758065973
policy,134654,26774,26724,5009.1,251579,False,False,True,False,100,-1.5232170453028577
policy,134754,26794,26744,5012.5,251580,False,False,True,False,100,-1.3378202465146452
policy,134854,26814,26764,5015.8,251581,False,False,True,False,100,-1.5725168847411135
policy,134954,26834,26784,5019.1,251582,False,False,True,False,100,-1.4650519292594613
policy,135054,26854,26804,5022.3,251583,False,False,True,False,100,-1.2576457098672393
policy,135095,26862,26812,5023.7,251584,False,False,False,True,41,-1.056358042515729
policy,135195,26882,26832,5026.9,251585,False,False,True,False,100,-1.5564442866974895
policy,135295,26902,26852,5030.0,251586,False,False,True,False,100,-1.3316433852304712
policy,135382,26920,26870,5032.9,251587,False,False,False,True,87,-1.43019096587553
policy,135427,26929,26879,5034.2,251588,False,False,False,True,45,-0.8625833773765434
policy,135527,26949,26899,5037.4,251589,False,False,True,False,100,-1.6532225979179966
policy,135627,26969,26919,5040.5,251590,False,False,True,False,100,-1.1445241388018983
policy,135727,26989,26939,5043.6,251591,False,False,True,False,100,-1.3660405001923503
policy,135827,27009,26959,5046.7,251592,False,False,True,False,100,-1.0831822659168227
policy,135927,27029,26979,5049.7,251593,False,False,True,False,100,-1.6037811557504407
policy,136027,27049,26999,5052.8,251594,False,False,True,False,100,-1.5939863871951152
policy,136127,27069,27019,5056.0,251595,False,True,True,False,100,-1.5504316531238609
policy,136227,27089,27039,5059.1,251596,False,False,True,False,100,-1.3290611446857816
policy,136327,27109,27059,5062.3,251597,False,False,True,False,100,-1.445212935189097
policy,136427,27129,27079,5065.4,251598,False,False,True,False,100,-1.3049887476003756
policy,136527,27149,27099,5068.5,251599,False,False,True,False,100,-1.2389747467173926
policy,136627,27169,27119,5071.9,251600,False,False,True,False,100,-1.5226369707145484
policy,136719,27187,27137,5074.9,251601,False,False,False,True,92,-1.3683735394162992
policy,136819,27207,27157,5078.0,251602,False,False,True,False,100,-1.4108725486175362
policy,136919,27227,27177,5081.4,251603,False,False,True,False,100,-1.2081449557952177
policy,137019,27247,27197,5084.6,251604,False,False,True,False,100,-1.2912223756369836
policy,137119,27267,27217,5087.8,251605,False,False,True,False,100,-1.4387640803981698
policy,137219,27287,27237,5091.2,251606,False,False,True,False,100,-1.3487514717564792
policy,137319,27307,27257,5094.3,251607,False,False,True,False,100,-1.3058965954107742
policy,137408,27325,27275,5097.2,251608,False,False,False,True,89,-1.4193947504411177
policy,137508,27345,27295,5100.5,251609,False,False,True,False,100,-1.6792633592681985
policy,137608,27365,27315,5103.6,251610,False,True,True,False,100,-1.646131604937362
