phase,env_steps,model_updates,ac_updates,elapsed_seconds,scene,success,pickup,timeout,oob,length,return_
prefill,100,0,0,0.9,260000,False,False,True,False,100,-1.2951948468520302
prefill,140,0,0,0.9,260001,False,False,False,True,40,-0.9006491209350415
prefill,221,0,0,0.9,260002,False,False,False,True,81,-1.2613845627652882
prefill,321,0,0,0.9,260003,False,False,True,False,100,-1.1277146558327111
prefill,420,0,0,1.0,260004,False,False,False,True,99,-1.5690788799078565
prefill,463,0,0,1.0,260005,False,False,False,True,43,-0.9372476372563913
prefill,563,0,0,1.0,260006,False,False,True,False,100,-1.5976643195628475
prefill,663,0,0,1.0,260007,False,False,True,False,100,-1.2760920794341466
prefill,763,0,0,1.0,260008,False,False,True,False,100,-1.369080745617056
prefill,800,0,0,1.0,260009,False,False,False,True,37,-0.8477890845152164
prefill,900,0,0,1.0,260010,False,False,True,False,100,-1.3260065668240024
prefill,1000,0,0,1.0,260011,False,False,True,False,100,-1.8117488469886962
policy,1032,56,6,19.9,260012,False,False,False,True,32,-0.7828559523756469
policy,1043,58,8,20.2,260013,False,False,False,True,11,-0.7890030600081073
policy,1128,75,25,22.4,260014,False,False,False,True,85,-1.513625898829541
policy,1178,85,35,23.7,260015,False,False,False,True,50,-1.0181819439521003
policy,1278,105,55,26.4,260016,False,False,True,False,100,-1.317767063212134
policy,1365,122,72,28.8,260017,False,False,False,True,87,-1.300186224206217
policy,1415,132,82,30.1,260018,False,False,False,True,50,-0.8526076675715051
policy,1437,137,87,30.8,260019,False,False,False,True,22,-0.9847697608199031
policy,1492,148,98,32.3,260020,False,False,False,True,55,-1.3515276251831656
policy,1583,166,116,34.8,260021,False,False,False,True,91,-1.227225485622689
policy,1598,169,119,35.2,260022,False,False,False,True,15,-0.7154447777835242
policy,1641,178,128,36.5,260023,False,False,False,True,43,-1.0798886273701223
policy,1691,188,138,37.9,260024,False,False,False,True,50,-1.1382035188999329
policy,1697,189,139,38.0,260025,False,False,False,True,6,-0.6349626288393894
policy,1797,209,159,40.8,260026,False,False,True,False,100,-1.2586315687563716
policy,1843,218,168,42.0,260027,False,False,False,True,46,-0.9073081777871694
policy,1899,229,179,43.6,260028,False,False,False,True,56,-1.0544363387213311
policy,1927,235,185,44.4,260029,False,False,False,True,28,-0.7982070649304078
policy,1963,242,192,45.4,260030,False,False,False,True,36,-0.9811380461420822
policy,2051,260,210,47.9,260031,False,False,False,True,88,-1.0645339999403984
policy,2120,273,223,49.8,260032,False,False,False,True,69,-1.0404042983597412
policy,2201,290,240,52.2,260033,False,False,False,True,81,-1.3310598369515085
policy,2254,300,250,53.7,260034,False,False,False,True,53,-0.9902461334148986
policy,2321,314,264,55.7,260035,False,False,False,True,67,-1.1434897772621477
policy,2368,323,273,57.0,260036,False,False,False,True,47,-1.1590055771097543
policy,2388,327,277,57.6,260037,False,False,False,True,20,-0.7573526896864055
policy,2411,332,282,58.4,260038,False,False,False,True,23,-0.7119615147297582
policy,2511,352,302,61.4,260039,False,False,True,False,100,-1.2947176875578355
policy,2611,372,322,64.4,260040,False,False,True,False,100,-1.4036566940674124
policy,2711,392,342,67.4,260041,False,False,True,False,100,-1.4412030772243263
policy,2776,405,355,69.4,260042,False,False,False,True,65,-1.175223027430463
policy,2876,425,375,72.3,260043,False,False,True,False,100,-1.6255765652584888
policy,2976,445,395,75.3,260044,False,False,True,False,100,-1.6200689534716184
policy,3054,460,410,77.6,260045,False,False,False,True,78,-1.1054004866725855
policy,3111,472,422,79.4,260046,False,False,False,True,57,-0.9730584268762366
policy,3128,475,425,79.8,260047,False,False,False,True,17,-0.8968621633375228
policy,3219,493,443,82.6,260048,False,False,False,True,91,-1.2311218390628718
policy,3319,513,463,85.7,260049,False,False,True,False,100,-1.4087523198571228
policy,3340,517,467,86.4,260050,False,False,False,True,21,-0.735590680931214
policy,3440,537,487,89.6,260051,False,False,True,False,100,-1.6779914297439888
policy,3523,554,504,92.3,260052,False,False,False,True,83,-0.940577180019265
policy,3555,560,510,93.3,260053,False,False,False,True,32,-0.96082068114993
policy,3655,580,530,96.3,260054,False,False,True,False,100,-1.3919731770082755
policy,3692,588,538,97.5,260055,False,False,False,True,37,-1.0398160513280694
policy,3698,589,539,97.7,260056,False,False,False,True,6,-0.7048322521784152
policy,3745,598,548,99.0,260057,False,False,False,True,47,-1.045484934489011
policy,3845,618,568,101.9,260058,False,False,True,False,100,-1.170592774742492
policy,3856,621,571,102.4,260059,False,False,False,True,11,-0.5948123205497993
policy,3956,641,591,105.4,260060,False,False,True,False,100,-1.1140004183205852
policy,4002,650,600,106.8,260061,False,False,False,True,46,-1.0448864686588686
policy,4102,670,620,109.9,260062,False,False,True,False,100,-1.5116803328517023
policy,4125,674,624,110.5,260063,False,False,False,True,23,-0.9993850620803508
policy,4225,694,644,113.5,260064,False,False,True,False,100,-1.4704039575397752
policy,4325,714,664,116.4,260065,False,False,True,False,100,-1.487319751342011
policy,4425,734,684,119.4,260066,False,False,True,False,100,-1.3691290884703942
policy,4525,754,704,122.4,260067,False,False,True,False,100,-1.311949115480568
policy,4599,769,719,124.6,260068,False,False,False,True,74,-1.5469923190432464
policy,4699,789,739,127.6,260069,False,False,True,False,100,-1.4270909881361034
policy,4799,809,759,130.7,260070,False,True,True,False,100,-1.697767234817921
policy,4843,818,768,132.2,260071,False,False,False,True,44,-0.7665364043649617
policy,4943,838,788,135.3,260072,False,False,True,False,100,-1.2502027238060593
policy,4950,839,789,135.4,260073,False,False,False,True,7,-0.6733742259185074
policy,5050,859,809,138.6,260074,False,False,True,False,100,-1.4847149837990679
policy,5114,872,822,140.6,260075,False,False,False,True,64,-0.9272867527170083
policy,5214,892,842,143.7,260076,False,False,True,False,100,-1.4574529723992757
policy,5314,912,862,146.8,260077,False,False,True,False,100,-1.7164304032014785
policy,5370,923,873,148.4,260078,False,False,False,True,56,-0.9239328524213173
policy,5386,927,877,149.0,260079,False,False,False,True,16,-0.6992743838945318
policy,5450,939,889,150.9,260080,False,False,False,True,64,-1.13686575797625
policy,5481,946,896,152.0,260081,False,True,False,True,31,-0.9115166742422255
policy,5531,956,906,153.5,260082,False,True,False,True,50,-0.858613007042942
policy,5609,971,921,155.7,260083,False,False,False,True,78,-1.481546654112956
policy,5654,980,930,157.0,260084,False,False,False,True,45,-0.8800565298430573
policy,5754,1000,950,160.0,260085,False,False,True,False,100,-1.2961282392401654
policy,5854,1020,970,163.1,260086,False,False,True,False,100,-1.5586217825726105
policy,5866,1023,973,163.6,260087,False,False,False,True,12,-0.7621296963942115
policy,5966,1043,993,166.9,260088,False,False,True,False,100,-1.2679728947842017
policy,6022,1054,1004,168.6,260089,False,False,False,True,56,-0.9668124237182423
policy,6122,1074,1024,171.8,260090,False,False,True,False,100,-1.417390855102898
policy,6222,1094,1044,175.1,260091,False,False,True,False,100,-1.1729614450000492
policy,6322,1114,1064,178.1,260092,False,False,True,False,100,-1.2118956603007498
policy,6422,1134,1084,181.1,260093,False,False,True,False,100,-1.6955686719788141
policy,6494,1148,1098,183.2,260094,False,False,False,True,72,-1.237495319595201
policy,6498,1149,1099,183.4,260095,False,False,False,True,4,-0.5695801132789056
policy,6553,1160,1110,185.1,260096,False,False,False,True,55,-1.181160766649135
policy,6600,1169,1119,186.5,260097,False,False,False,True,47,-1.0482343974363055
policy,6647,1179,1129,188.0,260098,False,False,False,True,47,-1.1351148477501467
policy,6739,1197,1147,190.7,260099,False,False,False,True,92,-1.4883034430939286
policy,6766,1203,1153,191.6,260100,False,False,False,True,27,-0.8433740445531115
policy,6866,1223,1173,194.6,260101,False,False,True,False,100,-1.2690924453110415
policy,6966,1243,1193,197.6,260102,False,False,True,False,100,-1.1183008985642795
policy,6979,1245,1195,198.0,260103,False,False,False,True,13,-0.6994926009281096
policy,7005,1250,1200,198.7,260104,False,False,False,True,26,-0.8181952170836648
policy,7040,1257,1207,199.8,260105,False,False,False,True,35,-0.797750807361979
policy,7140,1277,1227,203.0,260106,False,True,True,False,100,-1.7012859255754114
policy,7240,1297,1247,206.0,260107,False,False,True,False,100,-1.2282018762891331
policy,7340,1317,1267,209.0,260108,False,False,True,False,100,-1.1902682715712587
policy,7417,1333,1283,211.4,260109,False,False,False,True,77,-0.8972007206416124
policy,7501,1350,1300,214.1,260110,False,False,False,True,84,-1.0538421340993431
policy,7520,1353,1303,214.5,260111,False,False,False,True,19,-0.7142391035469785
policy,7620,1373,1323,217.5,260112,False,False,True,False,100,-1.423713924762132
policy,7720,1393,1343,220.5,260113,False,True,True,False,100,-1.568743871578234
policy,7820,1413,1363,223.5,260114,False,False,True,False,100,-1.2278987683468836
policy,7849,1419,1369,224.4,260115,False,False,False,True,29,-0.9941561698861343
policy,7929,1435,1385,226.8,260116,False,False,False,True,80,-1.2961546749871968
policy,7962,1442,1392,227.9,260117,False,False,False,True,33,-0.8095386334558243
policy,8057,1461,1411,230.7,260118,False,False,False,True,95,-1.1761009736862493
policy,8117,1473,1423,232.5,260119,False,False,False,True,60,-1.108488624978596
policy,8217,1493,1443,235.5,260120,False,True,True,False,100,-1.5371900543765724
policy,8317,1513,1463,238.5,260121,False,False,True,False,100,-1.4448905850863007
policy,8338,1517,1467,239.1,260122,False,False,False,True,21,-0.9498224340019464
policy,8438,1537,1487,242.2,260123,False,False,True,False,100,-1.4012670029848666
policy,8451,1540,1490,242.7,260124,False,False,False,True,13,-0.9255711455484265
policy,8551,1560,1510,245.7,260125,False,True,True,False,100,-1.2904898257541835
policy,8651,1580,1530,248.8,260126,False,False,True,False,100,-1.1895979433843724
policy,8729,1595,1545,251.1,260127,False,False,False,True,78,-1.5095428280620968
policy,8829,1615,1565,254.3,260128,False,False,True,False,100,-1.4884053947629412
policy,8849,1619,1569,254.9,260129,False,False,False,True,20,-0.8392398183281431
policy,8854,1620,1570,255.1,260130,False,False,False,True,5,-0.690961854345523
policy,8954,1640,1590,258.3,260131,False,False,True,False,100,-1.1190878130533144
policy,9054,1660,1610,261.7,260132,False,False,True,False,100,-1.5603069539486847
policy,9066,1663,1613,262.2,260133,False,False,False,True,12,-0.6131463475799166
policy,9166,1683,1633,265.7,260134,False,True,True,False,100,-1.7116767072949695
policy,9188,1687,1637,266.5,260135,False,False,False,True,22,-1.0497400974601887
policy,9288,1707,1657,269.8,260136,False,False,True,False,100,-1.1646007562377134
policy,9388,1727,1677,273.2,260137,False,False,True,False,100,-1.2493555952946678
policy,9488,1747,1697,276.5,260138,False,False,True,False,100,-1.1730918930162955
policy,9588,1767,1717,279.7,260139,False,False,True,False,100,-1.2781498062389627
policy,9632,1776,1726,281.2,260140,False,False,False,True,44,-1.1114241269066012
policy,9732,1796,1746,284.5,260141,False,False,True,False,100,-1.5559693580977436
policy,9832,1816,1766,287.9,260142,False,True,True,False,100,-1.4467174224726371
policy,9932,1836,1786,291.3,260143,False,False,True,False,100,-1.3980288518472306
policy,9987,1847,1797,293.2,260144,False,False,False,True,55,-1.2228780988252343
policy,10077,1865,1815,296.3,260145,False,False,False,True,90,-1.378132005516964
policy,10082,1866,1816,296.5,260146,False,False,False,True,5,-0.5667769477234219
policy,10094,1868,1818,296.9,260147,False,False,False,True,12,-0.6310059969783108
policy,10194,1888,1838,300.8,260148,False,True,True,False,100,-1.7108489765974937
policy,10294,1908,1858,304.1,260149,False,False,True,False,100,-1.7365879709630645
policy,10343,1918,1868,305.8,260150,False,False,False,True,49,-1.1222103078214154
policy,10443,1938,1888,309.1,260151,False,False,True,False,100,-1.5715057498272194
policy,10455,1940,1890,309.4,260152,False,False,False,True,12,-0.6973667010470489
policy,10498,1949,1899,311.0,260153,False,False,False,True,43,-0.8792242478068243
policy,10598,1969,1919,314.4,260154,False,True,True,False,100,-1.651488393168106
policy,10698,1989,1939,317.8,260155,False,False,True,False,100,-1.7102785737196227
policy,10712,1992,1942,318.3,260156,False,False,False,True,14,-0.793586660048697
policy,10753,2000,1950,319.7,260157,False,False,False,True,41,-1.0553067382969432
policy,10853,2020,1970,322.9,260158,False,False,True,False,100,-1.3878210461186224
policy,10953,2040,1990,326.1,260159,False,False,True,False,100,-1.2373685622308643
policy,11037,2057,2007,328.9,260160,False,False,False,True,84,-1.0632634432198604
policy,11137,2077,2027,332.1,260161,False,False,True,False,100,-1.5206557612771818
policy,11183,2086,2036,333.5,260162,False,False,False,True,46,-1.0473175248838966
policy,11199,2089,2039,334.0,260163,False,False,False,True,16,-0.9026409364272664
policy,11239,2097,2047,335.3,260164,False,False,False,True,40,-1.0434336714958132
policy,11268,2103,2053,336.3,260165,False,False,False,True,29,-0.9020163411513129
policy,11368,2123,2073,339.5,260166,False,False,True,False,100,-1.5228529714654488
policy,11468,2143,2093,342.7,260167,False,False,True,False,100,-1.2610287694497457
policy,11489,2147,2097,343.4,260168,False,False,False,True,21,-0.8563635845633117
policy,11520,2153,2103,344.3,260169,False,True,False,True,31,-1.0834598386403211
policy,11620,2173,2123,347.7,260170,False,False,True,False,100,-1.2061994376308955
policy,11720,2193,2143,351.4,260171,False,False,True,False,100,-1.3671626712955907
policy,11740,2197,2147,352.1,260172,False,False,False,True,20,-0.7962920678074601
policy,11840,2217,2167,355.4,260173,False,True,True,False,100,-1.709980226698868
policy,11940,2237,2187,358.7,260174,False,False,True,False,100,-1.3120183130261336
policy,12040,2257,2207,362.0,260175,False,False,True,False,100,-1.6001173765237193
policy,12140,2277,2227,365.3,260176,False,False,True,False,100,-1.2464948966044997
policy,12158,2281,2231,366.0,260177,False,False,False,True,18,-1.015655833756703
policy,12221,2294,2244,368.2,260178,False,False,False,True,63,-0.8182179169718007
policy,12298,2309,2259,370.8,260179,False,False,False,True,77,-1.442324555091378
policy,12346,2319,2269,372.5,260180,False,True,False,True,48,-1.1494272448432996
policy,12446,2339,2289,375.9,260181,False,False,True,False,100,-1.0764267316664453
policy,12546,2359,2309,379.2,260182,False,False,True,False,100,-1.3429356324732724
policy,12624,2374,2324,381.8,260183,False,False,False,True,78,-1.0848979980581475
policy,12641,2378,2328,382.5,260184,False,False,False,True,17,-0.6442699115168562
policy,12741,2398,2348,386.1,260185,False,False,True,False,100,-1.1505638110556702
policy,12752,2400,2350,386.5,260186,False,False,False,True,11,-0.6853844827287681
policy,12852,2420,2370,390.1,260187,False,False,True,False,100,-1.730819085939523
policy,12894,2428,2378,391.5,260188,False,False,False,True,42,-0.9995949709675753
policy,12925,2434,2384,392.5,260189,False,False,False,True,31,-1.0016170889037306
policy,13025,2454,2404,396.1,260190,False,True,True,False,100,-1.731483984115265
policy,13123,2474,2424,399.6,260191,False,False,False,True,98,-1.5074389424575347
policy,13190,2487,2437,401.8,260192,False,True,False,True,67,-1.4536970367179127
policy,13290,2507,2457,405.2,260193,False,False,True,False,100,-1.3140409512106341
policy,13364,2522,2472,407.9,260194,False,True,False,True,74,-1.5847552811788481
policy,13383,2526,2476,408.6,260195,False,False,False,True,19,-0.7363240360901931
policy,13483,2546,2496,412.3,260196,False,False,False,True,100,-1.4003638072154811
policy,13583,2566,2516,415.9,260197,False,True,True,False,100,-1.4984273887257604
policy,13589,2567,2517,416.1,260198,False,False,False,True,6,-0.6991678379306943
policy,13633,2576,2526,417.7,260199,False,False,False,True,44,-0.8823392661670766
policy,13652,2580,2530,418.4,260200,False,False,False,True,19,-0.819445204711374
policy,13726,2595,2545,421.1,260201,False,False,False,True,74,-1.263771997456265
policy,13749,2599,2549,421.8,260202,False,False,False,True,23,-0.7126055818020209
policy,13849,2619,2569,425.1,260203,False,True,True,False,100,-1.573274872924157
policy,13933,2636,2586,427.9,260204,False,False,False,True,84,-1.0818905911263972
policy,14033,2656,2606,431.1,260205,False,False,True,False,100,-1.5716425514572765
policy,14086,2667,2617,433.0,260206,False,False,False,True,53,-0.9676122214054989
policy,14107,2671,2621,433.7,260207,False,False,False,True,21,-1.0524051903175864
policy,14207,2691,2641,437.0,260208,False,False,True,False,100,-1.5192358942916493
policy,14307,2711,2661,440.4,260209,False,False,True,False,100,-1.5943612180681455
policy,14407,2731,2681,443.8,260210,False,False,True,False,100,-1.266831677459428
policy,14481,2746,2696,446.4,260211,False,False,False,True,74,-1.1705945991962674
policy,14558,2761,2711,449.0,260212,False,False,False,True,77,-1.0633148942404047
policy,14584,2766,2716,449.8,260213,False,False,False,True,26,-0.8783832862597882
policy,14684,2786,2736,453.3,260214,False,False,True,False,100,-1.1319127953820782
policy,14696,2789,2739,453.8,260215,False,False,False,True,12,-0.7548739082648339
policy,14736,2797,2747,455.2,260216,False,False,False,True,40,-1.0273959551281064
policy,14836,2817,2767,458.5,260217,False,False,True,False,100,-1.464772115293699
policy,14936,2837,2787,461.8,260218,False,False,True,False,100,-1.5284076223181875
policy,14971,2844,2794,463.0,260219,False,False,False,True,35,-0.9970860602568712
policy,15045,2858,2808,465.5,260220,False,False,False,True,74,-1.289762856722038
policy,15141,2878,2828,468.9,260221,False,False,False,True,96,-1.1108882867083314
policy,15172,2884,2834,470.0,260222,False,False,False,True,31,-0.9233425472386785
policy,15235,2896,2846,472.0,260223,False,False,False,True,63,-1.2248078074506397
policy,15335,2916,2866,475.5,260224,False,False,True,False,100,-1.5283670491318477
policy,15367,2923,2873,476.7,260225,False,False,False,True,32,-0.7645855984061304
policy,15377,2925,2875,477.1,260226,False,False,False,True,10,-0.6246038319350602
policy,15398,2929,2879,477.8,260227,False,False,False,True,21,-0.837275875101724
policy,15498,2949,2899,481.2,260228,False,False,True,False,100,-1.5498389262674206
policy,15545,2958,2908,482.7,260229,False,False,False,True,47,-0.8348461043073744
policy,15631,2976,2926,485.8,260230,False,False,False,True,86,-1.526567201904147
policy,15731,2996,2946,489.3,260231,False,False,True,False,100,-1.3653243368424077
policy,15757,3001,2951,490.2,260232,False,False,False,True,26,-0.831580572041677
policy,15791,3008,2958,491.4,260233,False,False,False,True,34,-1.0605699678295437
policy,15822,3014,2964,492.4,260234,False,False,False,True,31,-0.9878726533162588
policy,15840,3017,2967,492.9,260235,False,False,False,True,18,-0.7306061983020011
policy,15940,3037,2987,496.4,260236,False,False,True,False,100,-1.3545721566460014
policy,15965,3042,2992,497.3,260237,False,False,False,True,25,-0.6785954635510908
policy,16007,3051,3001,498.9,260238,False,False,False,True,42,-1.1013917021803488
policy,16028,3055,3005,499.6,260239,False,False,False,True,21,-0.6691572610463536
policy,16057,3061,3011,500.7,260240,False,False,False,True,29,-0.7956759718075519
policy,16066,3063,3013,501.0,260241,False,False,False,True,9,-0.9109968316791361
policy,16166,3083,3033,504.7,260242,False,False,True,False,100,-1.5697684388748234
policy,16237,3097,3047,507.2,260243,False,False,False,True,71,-1.4399148959630703
policy,16337,3117,3067,510.7,260244,False,False,True,False,100,-1.2502023525361565
policy,16397,3129,3079,512.9,260245,False,False,False,True,60,-1.2444154449054734
policy,16497,3149,3099,516.4,260246,False,False,True,False,100,-1.3538770678532208
policy,16593,3168,3118,519.8,260247,False,False,False,True,96,-1.353602794495199
policy,16603,3170,3120,520.1,260248,False,False,False,True,10,-0.753303668763524
policy,16696,3189,3139,523.5,260249,False,False,False,True,93,-1.2072734164586576
policy,16721,3194,3144,524.4,260250,False,False,False,True,25,-0.7578391048459205
policy,16821,3214,3164,528.0,260251,False,False,True,False,100,-1.3813142595200967
policy,16826,3215,3165,528.2,260252,False,False,False,True,5,-0.7602217130488913
policy,16873,3224,3174,529.9,260253,False,False,False,True,47,-0.918525454191421
policy,16941,3238,3188,532.3,260254,False,False,False,True,68,-1.263658271729685
policy,16996,3249,3199,534.3,260255,False,False,False,True,55,-1.0757095186977814
policy,17064,3262,3212,536.6,260256,False,False,False,True,68,-1.0167891953603685
policy,17128,3275,3225,539.0,260257,False,False,False,True,64,-0.9147715281725872
policy,17228,3295,3245,542.5,260258,False,False,True,False,100,-1.474159033448999
policy,17328,3315,3265,546.0,260259,False,False,True,False,100,-1.2605292059968154
policy,17428,3335,3285,549.6,260260,False,False,True,False,100,-1.3671312739030117
policy,17453,3340,3290,550.5,260261,False,False,False,True,25,-0.8031119065356547
policy,17497,3349,3299,552.1,260262,False,False,False,True,44,-1.0725486132509756
policy,17519,3353,3303,552.9,260263,False,False,False,True,22,-0.7192781780652087
policy,17532,3356,3306,553.5,260264,False,False,False,True,13,-0.9008200376253711
policy,17546,3359,3309,554.1,260265,False,False,False,True,14,-0.8060590555186282
policy,17583,3366,3316,555.4,260266,False,False,False,True,37,-0.8102882732552843
policy,17683,3386,3336,559.3,260267,False,False,True,False,100,-1.6662863334984137
policy,17693,3388,3338,559.7,260268,False,False,False,True,10,-0.6451382285056276
policy,17696,3389,3339,559.8,260269,False,False,False,True,3,-0.7154318226882825
policy,17738,3397,3347,561.3,260270,False,False,False,True,42,-0.9348416029586497
policy,17770,3403,3353,562.4,260271,False,False,False,True,32,-0.9352247390685331
policy,17815,3412,3362,564.0,260272,False,False,False,True,45,-0.9647525870882598
policy,17915,3432,3382,567.7,260273,False,False,True,False,100,-1.6734535687658205
policy,17956,3441,3391,569.3,260274,False,False,False,True,41,-0.8857585635618052
policy,18034,3456,3406,571.9,260275,False,False,False,True,78,-1.199780543488045
policy,18134,3476,3426,575.3,260276,False,False,True,False,100,-1.2507921360320282
policy,18193,3488,3438,577.4,260277,False,False,False,True,59,-1.1205827065573808
policy,18271,3504,3454,580.1,260278,False,False,False,True,78,-1.2410312622262567
policy,18313,3512,3462,581.5,260279,False,False,False,True,42,-0.8015593620157746
policy,18394,3528,3478,584.3,260280,False,False,False,True,81,-1.3213152591966373
policy,18494,3548,3498,588.0,260281,False,False,True,False,100,-1.2119784998842928
policy,18565,3562,3512,590.5,260282,False,False,False,True,71,-1.3425378071496792
policy,18665,3582,3532,593.9,260283,False,False,True,False,100,-1.550827232128399
policy,18752,3600,3550,597.0,260284,False,False,False,True,87,-1.161620159130746
policy,18852,3620,3570,600.4,260285,False,False,True,False,100,-1.3013037485885652
policy,18878,3625,3575,601.5,260286,False,False,False,True,26,-0.9862908772235517
policy,18978,3645,3595,605.0,260287,False,True,True,False,100,-1.4485530950252772
policy,19039,3657,3607,607.1,260288,False,False,False,True,61,-1.2805984106666402
policy,19059,3661,3611,607.8,260289,False,False,False,True,20,-0.8649600520457391
policy,19085,3666,3616,608.8,260290,False,False,False,True,26,-0.7029251904412456
policy,19115,3672,3622,609.9,260291,False,False,False,True,30,-0.818246760814923
policy,19215,3692,3642,613.6,260292,False,False,True,False,100,-1.2903978009090111
policy,19304,3710,3660,616.8,260293,False,False,False,True,89,-1.2481570567172673
policy,19309,3711,3661,617.0,260294,False,False,False,True,5,-0.5713777854262639
policy,19348,3719,3669,618.5,260295,False,False,False,True,39,-0.8431979352248195
policy,19360,3721,3671,618.8,260296,False,False,False,True,12,-0.7249189553636681
policy,19426,3735,3685,621.2,260297,False,False,False,True,66,-0.997738808067677
policy,19488,3747,3697,623.3,260298,False,False,False,True,62,-1.0788855380886506
policy,19526,3755,3705,624.8,260299,False,False,False,True,38,-0.9208317191451378
policy,19626,3775,3725,628.4,260300,False,False,True,False,100,-1.6835488659032434
policy,19696,3789,3739,631.1,260301,False,False,False,True,70,-1.1083251399008427
policy,19796,3809,3759,634.6,260302,False,False,True,False,100,-1.3273683951310153
policy,19850,3819,3769,636.4,260303,False,False,False,True,54,-1.1165366997740889
policy,19864,3822,3772,636.9,260304,False,False,False,True,14,-0.7187486381886833
policy,19897,3829,3779,638.2,260305,False,False,False,True,33,-0.8335947611294076
policy,19925,3834,3784,639.1,260306,False,False,False,True,28,-0.997761138706128
policy,19984,3846,3796,641.3,260307,False,False,False,True,59,-0.9647060985432121
policy,20084,3866,3816,644.7,260308,False,True,True,False,100,-1.7361291222559374
policy,20087,3867,3817,644.9,260309,False,False,False,True,3,-0.6188985416731784
policy,20174,3884,3834,647.8,260310,False,False,False,True,87,-1.4129462042813938
policy,20214,3892,3842,649.2,260311,False,False,False,True,40,-0.9949343654948423
policy,20314,3912,3862,653.0,260312,False,False,True,False,100,-1.3227814494880004
policy,20382,3926,3876,655.6,260313,False,False,False,True,68,-1.136078825397893
policy,20444,3938,3888,657.7,260314,False,False,False,True,62,-1.076561568792111
policy,20491,3948,3898,659.6,260315,False,False,False,True,47,-0.7684685287675121
policy,20546,3959,3909,661.6,260316,False,False,False,True,55,-0.9572066853808825
policy,20556,3961,3911,662.0,260317,False,False,False,True,10,-0.8128118553521744
policy,20656,3981,3931,665.6,260318,False,False,True,False,100,-1.6659127095223065
policy,20742,3998,3948,668.6,260319,False,False,False,True,86,-1.4364705131724071
policy,20779,4005,3955,669.9,260320,False,False,False,True,37,-0.8723793011531746
policy,20831,4016,3966,671.8,260321,False,False,False,True,52,-1.0045965569541582
policy,20931,4036,3986,675.4,260322,False,False,True,False,100,-1.3160348400924207
policy,21031,4056,4006,678.9,260323,False,False,True,False,100,-1.292061926617057
policy,21048,4059,4009,679.5,260324,False,False,False,True,17,-0.958002459431496
policy,21088,4067,4017,681.1,260325,False,False,False,True,40,-1.1762981853529242
policy,21128,4075,4025,682.5,260326,False,False,False,True,40,-1.1262580045429178
policy,21146,4079,4029,683.2,260327,False,False,False,True,18,-0.8340533506321763
policy,21154,4080,4030,683.4,260328,False,False,False,True,8,-0.7839227099010186
policy,21254,4100,4050,687.1,260329,False,False,True,False,100,-1.5521760677151537
policy,21272,4104,4054,687.8,260330,False,False,False,True,18,-0.8019506683475046
policy,21320,4113,4063,689.4,260331,False,True,False,True,48,-1.200820986205236
policy,21326,4115,4065,689.8,260332,False,False,False,True,6,-0.6673695952938157
policy,21426,4135,4085,693.5,260333,False,False,True,False,100,-1.3589251030670055
policy,21450,4139,4089,694.2,260334,False,False,False,True,24,-0.9502559417386269
policy,21550,4159,4109,697.9,260335,False,False,True,False,100,-1.2743927281049254
policy,21582,4166,4116,699.1,260336,False,False,False,True,32,-0.8225313741037334
policy,21632,4176,4126,701.0,260337,False,False,False,True,50,-1.2873635937523844
policy,21732,4196,4146,704.6,260338,False,False,True,False,100,-1.4764712276308756
policy,21832,4216,4166,708.3,260339,False,True,True,False,100,-1.3559828255302881
policy,21932,4236,4186,711.8,260340,False,False,True,False,100,-1.3866950216470337
policy,21974,4244,4194,713.2,260341,False,False,False,True,42,-0.9506219303432443
policy,21985,4246,4196,713.6,260342,False,False,False,True,11,-0.6584308167016188
policy,22047,4259,4209,715.9,260343,False,False,False,True,62,-1.4934857662230647
policy,22147,4279,4229,719.4,260344,False,False,True,False,100,-1.6627979199579341
policy,22226,4295,4245,722.2,260345,False,False,False,True,79,-1.0553682668585949
policy,22272,4304,4254,723.7,260346,False,False,False,True,46,-1.1103521483487495
policy,22331,4316,4266,725.8,260347,False,False,False,True,59,-1.073899118511663
policy,22362,4322,4272,726.9,260348,False,False,False,True,31,-0.9293260147750396
policy,22435,4336,4286,729.3,260349,False,False,False,True,73,-1.1152237115803953
policy,22497,4349,4299,731.6,260350,False,False,False,True,62,-0.8670935513578639
policy,22562,4362,4312,733.9,260351,False,True,False,True,65,-1.477539579034284
policy,22598,4369,4319,735.1,260352,False,False,False,True,36,-0.873246523553046
policy,22611,4372,4322,735.6,260353,False,False,False,True,13,-0.7062547461780434
policy,22628,4375,4325,736.2,260354,False,False,False,True,17,-1.0561932407240087
policy,22650,4379,4329,736.9,260355,False,False,False,True,22,-0.7312854791640815
policy,22732,4396,4346,740.0,260356,False,False,False,True,82,-1.5656520070346742
policy,22753,4400,4350,740.7,260357,False,False,False,True,21,-0.7378458403522725
policy,22826,4415,4365,743.3,260358,False,False,False,True,73,-0.93286270672744
policy,22851,4420,4370,744.2,260359,False,False,False,True,25,-0.8294296706500797
policy,22939,4437,4387,747.3,260360,False,False,False,True,88,-1.2067730091388649
policy,23002,4450,4400,749.6,260361,False,False,False,True,63,-1.1341092036471787
policy,23102,4470,4420,753.1,260362,False,False,True,False,100,-1.2982051561996886
policy,23145,4478,4428,754.6,260363,False,False,False,True,43,-0.8602207325622088
policy,23190,4487,4437,756.2,260364,False,False,False,True,45,-1.141508876458826
policy,23241,4498,4448,758.1,260365,False,False,False,True,51,-0.9779797454774137
policy,23289,4507,4457,759.7,260366,False,False,False,True,48,-1.2011877175734027
policy,23317,4513,4463,760.7,260367,False,False,False,True,28,-0.8458142887666964
policy,23417,4533,4483,764.3,260368,False,False,True,False,100,-1.539048085340072
policy,23490,4547,4497,766.8,260369,False,False,False,True,73,-1.5534126634644454
policy,23566,4563,4513,769.7,260370,False,True,False,True,76,-1.0933787062716767
policy,23575,4564,4514,769.9,260371,False,False,False,True,9,-0.7048350181522507
policy,23675,4584,4534,773.6,260372,False,False,True,False,100,-1.2765191660604447
policy,23775,4604,4554,777.5,260373,False,False,True,False,100,-1.6030458445679723
policy,23852,4620,4570,780.4,260374,False,False,False,True,77,-1.3397176267691284
policy,23927,4635,4585,783.1,260375,False,False,False,True,75,-1.4082513994410657
policy,24001,4650,4600,785.7,260376,False,False,False,True,74,-1.2194551887109712
policy,24046,4659,4609,787.4,260377,False,False,False,True,45,-1.2087283846735692
policy,24076,4665,4615,788.5,260378,False,False,False,True,30,-1.0091702698871188
policy,24104,4670,4620,789.4,260379,False,False,False,True,28,-0.8622873928960879
policy,24204,4690,4640,793.1,260380,False,True,True,False,100,-1.271176707124304
policy,24216,4693,4643,793.6,260381,False,False,False,True,12,-0.6459012371454549
policy,24264,4702,4652,795.3,260382,False,False,False,True,48,-0.9619070272840031
policy,24364,4722,4672,799.1,260383,False,False,True,False,100,-1.3394572137376008
policy,24384,4726,4676,799.8,260384,False,False,False,True,20,-0.9636257960331119
policy,24484,4746,4696,803.7,260385,False,True,True,False,100,-1.2374848818817052
policy,24511,4752,4702,804.8,260386,False,False,False,True,27,-1.0742117914544271
policy,24611,4772,4722,808.5,260387,False,True,True,False,100,-1.4900439390737632
policy,24651,4780,4730,810.0,260388,False,False,False,True,40,-0.8696408527697832
policy,24701,4790,4740,811.9,260389,False,False,False,True,50,-1.293745445196397
policy,24732,4796,4746,812.9,260390,False,False,False,True,31,-0.9565854006891653
policy,24783,4806,4756,814.8,260391,False,False,False,True,51,-1.0653040396268851
policy,24809,4811,4761,815.7,260392,False,False,False,True,26,-0.7707450140895933
policy,24815,4812,4762,815.9,260393,False,False,False,True,6,-0.6422503335565715
policy,24915,4832,4782,819.5,260394,False,False,True,False,100,-1.1596537022834585
policy,24999,4849,4799,823.0,260395,False,False,False,True,84,-1.1548512513877003
policy,25028,4855,4805,824.2,260396,False,False,False,True,29,-0.888697694040231
policy,25128,4875,4825,828.3,260397,False,True,True,False,100,-1.3558891721174016
policy,25164,4882,4832,829.7,260398,False,False,False,True,36,-0.9859776488572333
policy,25264,4902,4852,833.4,260399,False,False,True,False,100,-1.1207945068086174
policy,25290,4907,4857,834.4,260400,False,False,False,True,26,-0.7758974646746373
policy,25330,4915,4865,835.9,260401,False,False,False,True,40,-1.0147063195606494
policy,25400,4929,4879,838.5,260402,False,False,False,True,70,-1.4235868642778102
policy,25432,4936,4886,839.8,260403,False,False,False,True,32,-0.7920598648955888
policy,25447,4939,4889,840.3,260404,False,False,False,True,15,-0.8147578162262834
policy,25464,4942,4892,840.9,260405,False,False,False,True,17,-0.9029181220506757
policy,25482,4946,4896,841.6,260406,False,False,False,True,18,-0.7100387989552798
policy,25500,4949,4899,842.2,260407,False,False,False,True,18,-0.9591935662194297
policy,25545,4958,4908,843.8,260408,False,False,False,True,45,-1.1221281619984942
policy,25645,4978,4928,847.6,260409,False,False,True,False,100,-1.503619110301139
policy,25745,4998,4948,851.1,260410,False,False,True,False,100,-1.3411978211534907
policy,25792,5008,4958,852.9,260411,False,False,False,True,47,-1.1698620754092375
policy,25892,5028,4978,856.7,260412,False,False,True,False,100,-1.1846789682675105
policy,25928,5035,4985,858.1,260413,True,True,False,False,36,0.8097919380425476
policy,26028,5055,5005,861.6,260414,False,False,True,False,100,-1.493946516113159
policy,26035,5056,5006,861.8,260415,False,False,False,True,7,-0.5946236619126452
policy,26135,5076,5026,865.5,260416,False,False,True,False,100,-1.658902200082665
policy,26162,5082,5032,866.5,260417,False,False,False,True,27,-0.7649692107274874
policy,26262,5102,5052,870.1,260418,False,False,True,False,100,-1.5550799051950854
policy,26298,5109,5059,871.4,260419,False,False,False,True,36,-1.0071714553555688
policy,26371,5124,5074,874.4,260420,False,False,False,True,73,-1.1424376531305307
policy,26471,5144,5094,878.0,260421,False,False,False,True,100,-1.4545771887248806
policy,26571,5164,5114,881.6,260422,False,False,True,False,100,-1.7343272843570883
policy,26595,5168,5118,882.3,260423,False,False,False,True,24,-1.0974346215187603
policy,26669,5183,5133,885.1,260424,False,False,False,True,74,-1.2690035741705543
policy,26706,5191,5141,886.6,260425,False,False,False,True,37,-0.7299368538508804
policy,26806,5211,5161,890.4,260426,False,False,True,False,100,-1.0770065991485134
policy,26844,5218,5168,891.8,260427,False,False,False,True,38,-0.8760302174070533
policy,26869,5223,5173,892.8,260428,False,False,False,True,25,-0.7210751701496172
policy,26902,5230,5180,894.1,260429,False,False,False,True,33,-0.9515856175663775
policy,26948,5239,5189,895.8,260430,False,False,False,True,46,-1.1235241391548083
policy,26965,5242,5192,896.4,260431,False,False,False,True,17,-0.8928675697879149
policy,27031,5256,5206,899.2,260432,False,False,False,True,66,-1.4329621767318126
policy,27110,5271,5221,902.3,260433,False,False,False,True,79,-1.494565163605408
policy,27210,5291,5241,906.0,260434,False,False,False,True,100,-1.5518394597043987
policy,27227,5295,5245,906.7,260435,False,False,False,True,17,-0.6957220328995799
policy,27237,5297,5247,907.1,260436,False,False,False,True,10,-0.6016290487308329
policy,27337,5317,5267,910.8,260437,False,False,True,False,100,-1.2111762661150132
policy,27351,5320,5270,911.4,260438,False,False,False,True,14,-0.6430228770831539
policy,27440,5337,5287,914.7,260439,False,False,False,True,89,-1.1612807330991441
policy,27455,5340,5290,915.3,260440,False,False,False,True,15,-0.6820463772413576
policy,27532,5356,5306,918.4,260441,False,False,False,True,77,-1.133573187697229
policy,27600,5369,5319,921.0,260442,False,True,False,True,68,-1.0946741704272958
policy,27647,5379,5329,923.0,260443,False,False,False,True,47,-0.9719205419996706
policy,27664,5382,5332,923.7,260444,False,False,False,True,17,-0.8411026716926662
policy,27677,5385,5335,924.2,260445,False,False,False,True,13,-0.7524921434358137
policy,27691,5388,5338,924.8,260446,False,False,False,True,14,-0.8464464644306542
policy,27791,5408,5358,928.8,260447,False,False,True,False,100,-1.5454205937246548
policy,27891,5428,5378,933.7,260448,False,False,True,False,100,-1.2880980687342767
policy,27991,5448,5398,938.1,260449,False,False,True,False,100,-1.5064666338460002
policy,27996,5449,5399,938.4,260450,False,False,False,True,5,-0.6268746692696644
policy,28042,5458,5408,941.0,260451,False,False,False,True,46,-1.0636758214025543
policy,28056,5461,5411,942.0,260452,False,False,False,True,14,-0.8095016477606783
policy,28072,5464,5414,942.8,260453,False,False,False,True,16,-0.7052649588596343
policy,28172,5484,5434,946.8,260454,False,False,False,True,100,-1.2173622259394612
policy,28200,5489,5439,947.7,260455,False,False,False,True,28,-0.788794633379295
policy,28222,5494,5444,948.6,260456,False,False,False,True,22,-0.9350413410980126
policy,28262,5502,5452,950.3,260457,False,False,False,True,40,-1.0074405640050565
policy,28303,5510,5460,952.1,260458,True,True,False,False,41,0.7573950220595645
policy,28365,5522,5472,954.5,260459,False,True,False,True,62,-1.3614546673583128
policy,28465,5542,5492,958.4,260460,False,False,True,False,100,-1.5182675901785807
policy,28565,5562,5512,962.4,260461,False,True,True,False,100,-1.5707619792664906
policy,28600,5569,5519,963.8,260462,False,False,False,True,35,-0.7545388257455403
policy,28687,5587,5537,967.5,260463,False,False,False,True,87,-1.189942483870843
policy,28701,5590,5540,968.1,260464,False,False,False,True,14,-0.6732220609506059
policy,28762,5602,5552,970.5,260465,False,False,False,True,61,-1.1914970085817693
policy,28777,5605,5555,971.1,260466,False,False,False,True,15,-0.6276474389512314
policy,28808,5611,5561,972.3,260467,False,False,False,True,31,-0.7289665252171555
policy,28908,5631,5581,976.3,260468,False,True,True,False,100,-1.8132649335165305
policy,29008,5651,5601,980.6,260469,False,False,True,False,100,-1.2158708754711967
policy,29085,5666,5616,983.6,260470,False,False,False,True,77,-0.9623839470154377
policy,29171,5684,5634,987.1,260471,False,False,False,True,86,-1.4331669831420373
policy,29207,5691,5641,988.5,260472,False,False,False,True,36,-0.8374266034915057
policy,29307,5711,5661,992.3,260473,False,False,True,False,100,-1.3138805375808296
policy,29380,5725,5675,995.0,260474,False,False,False,True,73,-1.0468299153981824
policy,29438,5737,5687,997.2,260475,False,False,False,True,58,-1.1744331303023385
policy,29538,5757,5707,1000.8,260476,False,False,True,False,100,-1.5695456361755395
policy,29634,5776,5726,1004.4,260477,False,False,False,True,96,-1.277096581057753
policy,29640,5777,5727,1004.5,260478,False,False,False,True,6,-0.5706919530280619
policy,29701,5790,5740,1006.9,260479,False,False,False,True,61,-1.074525090982651
policy,29796,5809,5759,1010.4,260480,False,False,False,True,95,-1.287737431747166
policy,29896,5829,5779,1014.2,260481,False,False,True,False,100,-1.377113796485777
policy,29996,5849,5799,1018.1,260482,False,False,True,False,100,-1.6925068698100239
policy,30051,5860,5810,1020.2,260483,False,False,False,True,55,-1.0731582720148847
policy,30151,5880,5830,1024.2,260484,False,False,True,False,100,-1.3262828112686402
policy,30251,5900,5850,1027.9,260485,False,False,True,False,100,-1.46231867376475
policy,30287,5907,5857,1029.3,260486,False,False,False,True,36,-1.0558644054229152
policy,30387,5927,5877,1032.8,260487,False,True,True,False,100,-1.701073840947831
policy,30487,5947,5897,1036.4,260488,False,False,True,False,100,-1.5055561508393034
policy,30578,5965,5915,1039.7,260489,False,False,False,True,91,-1.5301015654487062
policy,30678,5985,5935,1043.5,260490,False,False,True,False,100,-1.563605099486506
policy,30772,6004,5954,1047.1,260491,False,False,False,True,94,-1.0672119553055512
policy,30864,6022,5972,1050.5,260492,False,False,False,True,92,-1.4706665698524182
policy,30898,6029,5979,1051.9,260493,False,False,False,True,34,-1.0176638553741033
policy,30954,6040,5990,1054.1,260494,False,False,False,True,56,-1.1078728045116792
policy,30984,6046,5996,1055.2,260495,False,False,False,True,30,-1.1338000430364432
policy,31013,6052,6002,1056.4,260496,False,False,False,True,29,-0.9705224780386399
policy,31110,6071,6021,1059.9,260497,False,False,False,True,97,-1.0606725732996298
policy,31135,6076,6026,1060.8,260498,False,False,False,True,25,-0.8512297123732608
policy,31188,6087,6037,1062.8,260499,False,False,False,True,53,-0.9310820623438609
policy,31288,6107,6057,1066.6,260500,False,False,True,False,100,-1.4981256627955322
policy,31306,6111,6061,1067.3,260501,False,False,False,True,18,-0.9600784970956748
policy,31336,6117,6067,1068.5,260502,False,False,False,True,30,-0.8876491513394626
policy,31388,6127,6077,1070.4,260503,False,False,False,True,52,-1.1218389681177545
policy,31401,6130,6080,1071.0,260504,False,False,False,True,13,-0.6873874714506893
policy,31499,6149,6099,1074.6,260505,False,False,False,True,98,-1.2859915299125233
policy,31512,6152,6102,1075.1,260506,False,False,False,True,13,-0.8607794314330972
policy,31612,6172,6122,1079.1,260507,False,False,True,False,100,-1.3573423365833392
policy,31712,6192,6142,1083.0,260508,False,False,True,False,100,-1.3776918218605942
policy,31812,6212,6162,1086.8,260509,False,False,True,False,100,-1.44471679673069
policy,31879,6225,6175,1089.4,260510,False,False,False,True,67,-1.0489942160709973
policy,31979,6245,6195,1093.4,260511,False,False,True,False,100,-1.2524911320599446
policy,32079,6265,6215,1097.3,260512,False,False,True,False,100,-1.3690829391143828
policy,32117,6273,6223,1098.8,260513,False,False,False,True,38,-0.9849950440605787
policy,32171,6284,6234,1101.0,260514,False,False,False,True,54,-0.9118144415969094
policy,32232,6296,6246,1103.4,260515,False,False,False,True,61,-1.1245237439161346
policy,32293,6308,6258,1105.7,260516,False,False,False,True,61,-1.0581487333862682
policy,32393,6328,6278,1109.5,260517,False,False,True,False,100,-1.3207219092492781
policy,32467,6343,6293,1112.1,260518,False,False,False,True,74,-1.1761927409571442
policy,32567,6363,6313,1115.8,260519,False,False,True,False,100,-1.157048868222673
policy,32665,6382,6332,1119.4,260520,False,False,False,True,98,-1.2028661502210054
policy,32765,6402,6352,1123.1,260521,False,False,True,False,100,-1.2835071586440505
policy,32865,6422,6372,1127.0,260522,False,False,True,False,100,-1.3200709369991994
policy,32965,6442,6392,1130.8,260523,False,False,True,False,100,-1.1911369620057388
policy,33025,6454,6404,1133.2,260524,False,False,False,True,60,-1.151778928144314
policy,33086,6467,6417,1135.8,260525,False,False,False,True,61,-0.9061617732958896
policy,33132,6476,6426,1137.6,260526,False,False,False,True,46,-1.189712347245411
policy,33232,6496,6446,1141.5,260527,False,False,True,False,100,-1.2746497217033945
policy,33306,6511,6461,1144.4,260528,False,False,False,True,74,-1.2621552206102817
policy,33377,6525,6475,1147.0,260529,False,False,False,True,71,-1.4080735096271635
policy,33388,6527,6477,1147.4,260530,False,False,False,True,11,-0.7275051056767486
policy,33488,6547,6497,1151.2,260531,False,False,True,False,100,-1.4100497294912504
policy,33588,6567,6517,1155.2,260532,False,False,True,False,100,-1.2370307669602452
policy,33600,6569,6519,1155.6,260533,False,False,False,True,12,-0.6263352655853484
policy,33607,6571,6521,1156.1,260534,False,False,False,True,7,-0.7239099684831631
policy,33707,6591,6541,1160.0,260535,False,False,True,False,100,-1.5792266059740736
policy,33719,6593,6543,1160.4,260536,False,False,False,True,12,-0.7329595327559051
policy,33819,6613,6563,1164.3,260537,False,False,True,False,100,-1.319968524338285
policy,33903,6630,6580,1167.6,260538,False,False,False,True,84,-1.3707595117372033
policy,33987,6647,6597,1171.1,260539,False,True,False,True,84,-1.4085837213493742
policy,34071,6664,6614,1174.8,260540,False,False,False,True,84,-1.2810508285652418
policy,34171,6684,6634,1178.7,260541,False,False,True,False,100,-1.4892203190359727
policy,34271,6704,6654,1182.8,260542,False,False,True,False,100,-1.006854977328734
policy,34371,6724,6674,1186.7,260543,False,False,True,False,100,-1.4832842923159826
policy,34471,6744,6694,1190.6,260544,False,False,True,False,100,-1.5684249836805708
policy,34528,6755,6705,1192.8,260545,False,False,False,True,57,-1.087913107102687
policy,34628,6775,6725,1196.7,260546,False,False,True,False,100,-1.5933912635519236
policy,34678,6785,6735,1198.6,260547,False,False,False,True,50,-1.0347546010146713
policy,34742,6798,6748,1201.1,260548,True,True,False,False,64,0.6355568658358399
policy,34842,6818,6768,1205.2,260549,False,True,True,False,100,-1.2017439980181506
policy,34942,6838,6788,1209.5,260550,False,False,True,False,100,-1.3604136687952089
policy,35042,6858,6808,1213.9,260551,False,False,True,False,100,-1.2784159396209247
policy,35142,6878,6828,1217.7,260552,False,False,True,False,100,-1.6929209800622975
policy,35187,6887,6837,1219.4,260553,False,False,False,True,45,-0.8425118498234327
policy,35287,6907,6857,1223.1,260554,False,False,True,False,100,-1.4989746983675247
policy,35387,6927,6877,1226.9,260555,False,False,True,False,100,-1.4004616673154329
policy,35487,6947,6897,1230.6,260556,False,False,True,False,100,-1.0929706656989606
policy,35587,6967,6917,1234.5,260557,False,False,True,False,100,-1.5492557698475997
policy,35649,6979,6929,1236.9,260558,False,False,False,True,62,-1.367654308670189
policy,35749,6999,6949,1240.6,260559,False,False,True,False,100,-1.1814444172934435
policy,35849,7019,6969,1244.4,260560,False,False,True,False,100,-1.3330627394405854
policy,35949,7039,6989,1248.1,260561,False,False,True,False,100,-1.147746952209086
policy,36049,7059,7009,1251.8,260562,False,False,True,False,100,-1.2933008451110743
policy,36083,7066,7016,1253.1,260563,False,False,False,True,34,-0.8589829241864398
policy,36183,7086,7036,1256.7,260564,False,True,True,False,100,-1.4722647737153822
policy,36283,7106,7056,1260.4,260565,False,False,True,False,100,-1.3093835882855145
policy,36383,7126,7076,1264.2,260566,False,False,True,False,100,-1.2439111958502123
policy,36483,7146,7096,1268.2,260567,False,False,True,False,100,-1.1970852214270402
policy,36583,7166,7116,1272.4,260568,False,True,True,False,100,-1.7119747369263534
policy,36599,7169,7119,1273.0,260569,False,False,False,True,16,-0.634117549728887
policy,36699,7189,7139,1276.9,260570,False,False,True,False,100,-1.6107830315733827
policy,36785,7206,7156,1280.0,260571,False,False,False,True,86,-1.2270085281997287
policy,36885,7226,7176,1283.7,260572,False,False,True,False,100,-1.604756610666418
policy,36985,7246,7196,1287.3,260573,False,False,True,False,100,-1.1088861839352406
policy,37085,7266,7216,1291.1,260574,False,False,True,False,100,-1.5365839272904243
policy,37184,7286,7236,1294.8,260575,False,False,False,True,99,-1.1639250375674997
policy,37284,7306,7256,1298.5,260576,False,False,True,False,100,-1.1563419916374573
policy,37384,7326,7276,1302.3,260577,False,False,True,False,100,-1.3332269899036868
policy,37427,7335,7285,1304.1,260578,False,False,False,True,43,-0.9925470416567146
policy,37505,7350,7300,1307.0,260579,False,False,False,True,78,-1.2029993068056264
policy,37605,7370,7320,1311.2,260580,False,False,True,False,100,-1.6692025624485205
policy,37641,7378,7328,1312.8,260581,False,False,False,True,36,-0.7654973970520985
policy,37741,7398,7348,1316.7,260582,False,False,True,False,100,-1.2284538162579306
policy,37841,7418,7368,1320.4,260583,False,False,True,False,100,-1.2902591794791873
policy,37904,7430,7380,1322.7,260584,False,False,False,True,63,-0.9973188789261667
policy,37946,7439,7389,1324.3,260585,False,False,False,True,42,-0.9082454426579856
policy,38046,7459,7409,1328.2,260586,False,False,True,False,100,-1.3563518320190548
policy,38146,7479,7429,1332.3,260587,False,False,True,False,100,-1.2981189320286481
policy,38246,7499,7449,1336.2,260588,False,False,True,False,100,-1.3644194311652629
policy,38346,7519,7469,1340.5,260589,False,False,True,False,100,-1.6138958228511435
policy,38436,7537,7487,1344.7,260590,False,False,False,True,90,-1.3909232454699327
policy,38536,7557,7507,1348.7,260591,False,False,True,False,100,-1.326888046864648
policy,38613,7572,7522,1351.5,260592,False,True,False,True,77,-1.189733071584158
policy,38713,7592,7542,1355.2,260593,False,False,True,False,100,-1.5662126636110902
policy,38757,7601,7551,1356.8,260594,False,False,False,True,44,-0.8519773586179115
policy,38857,7621,7571,1360.6,260595,False,False,True,False,100,-1.3291294790638901
policy,38894,7628,7578,1361.9,260596,False,False,False,True,37,-0.9564396462476235
policy,38994,7648,7598,1365.8,260597,False,False,True,False,100,-1.18387791725344
policy,39059,7661,7611,1368.3,260598,False,False,False,True,65,-1.1270308030170806
policy,39159,7681,7631,1372.2,260599,False,False,True,False,100,-1.6245836630308004
policy,39259,7701,7651,1376.0,260600,False,False,True,False,100,-1.5739167238139724
policy,39359,7721,7671,1379.7,260601,False,True,True,False,100,-1.59998050918504
policy,39459,7741,7691,1383.4,260602,False,False,True,False,100,-1.4343685301354328
policy,39559,7761,7711,1387.1,260603,False,False,True,False,100,-1.4388653214171556
policy,39564,7762,7712,1387.3,260604,False,False,False,True,5,-0.6644536960171741
policy,39577,7765,7715,1387.8,260605,False,False,False,True,13,-0.7721102741553545
policy,39677,7785,7735,1391.5,260606,False,False,True,False,100,-1.1114820122462543
policy,39777,7805,7755,1395.2,260607,False,False,True,False,100,-1.4379702192183572
policy,39815,7812,7762,1396.5,260608,False,True,False,True,38,-1.0999197383080879
policy,39914,7832,7782,1400.2,260609,False,False,False,True,99,-1.4892404138415678
policy,39999,7849,7799,1403.4,260610,False,True,False,True,85,-1.526614387072039
policy,40009,7851,7801,1403.8,260611,False,False,False,True,10,-0.8961639261235544
policy,40109,7871,7821,1407.6,260612,False,False,True,False,100,-1.359359754115265
policy,40162,7882,7832,1409.7,260613,False,False,False,True,53,-0.8908191991629544
policy,40172,7884,7834,1410.0,260614,False,False,False,True,10,-0.7199971662618359
policy,40272,7904,7854,1413.7,260615,False,False,True,False,100,-1.5038828962452528
policy,40350,7919,7869,1416.5,260616,False,True,False,True,78,-1.2921875116939356
policy,40450,7939,7889,1420.2,260617,False,False,True,False,100,-1.7191837009320465
policy,40462,7942,7892,1420.8,260618,False,False,False,True,12,-0.7275178778063287
policy,40477,7945,7895,1421.4,260619,False,False,False,True,15,-0.7949704739347316
policy,40577,7965,7915,1425.2,260620,False,False,True,False,100,-1.3185394829616393
policy,40677,7985,7935,1428.9,260621,False,False,True,False,100,-1.3643965062737857
policy,40769,8003,7953,1432.4,260622,False,False,False,True,92,-1.444311216548528
policy,40781,8006,7956,1433.0,260623,False,False,False,True,12,-0.6863716636693127
policy,40881,8026,7976,1436.8,260624,False,False,True,False,100,-1.4062345590544159
policy,40981,8046,7996,1440.6,260625,False,False,True,False,100,-1.3661391877462052
policy,41081,8066,8016,1444.8,260626,False,False,True,False,100,-1.459676009798675
policy,41181,8086,8036,1448.4,260627,False,True,True,False,100,-1.504842435472731
policy,41281,8106,8056,1452.5,260628,False,True,True,False,100,-1.5649110669404438
policy,41381,8126,8076,1456.2,260629,False,True,True,False,100,-1.4694501972319116
policy,41455,8140,8090,1458.9,260630,False,False,False,True,74,-1.0839172288796552
policy,41555,8160,8110,1462.9,260631,False,False,True,False,100,-1.1180681183774843
policy,41655,8180,8130,1466.6,260632,False,False,True,False,100,-1.2438216162775246
policy,41667,8183,8133,1467.2,260633,False,False,False,True,12,-0.7019638897094642
policy,41767,8203,8153,1470.8,260634,False,True,True,False,100,-1.6212073111091185
policy,41867,8223,8173,1474.6,260635,False,False,True,False,100,-1.3021749419389326
policy,41967,8243,8193,1478.3,260636,False,False,True,False,100,-1.2542350697107558
policy,42067,8263,8213,1482.1,260637,False,False,True,False,100,-1.2215643910860592
policy,42085,8266,8216,1482.7,260638,False,False,False,True,18,-0.6474454792400215
policy,42177,8285,8235,1486.2,260639,False,False,False,True,92,-1.3268322704736448
policy,42277,8305,8255,1489.9,260640,False,False,True,False,100,-1.6726322132208806
policy,42377,8325,8275,1493.7,260641,False,False,True,False,100,-1.724184726913188
policy,42477,8345,8295,1497.5,260642,False,False,True,False,100,-1.2449492352621732
policy,42503,8350,8300,1498.4,260643,False,False,False,True,26,-0.9205673933939855
policy,42603,8370,8320,1502.7,260644,False,False,True,False,100,-1.2774919856722238
policy,42703,8390,8340,1506.3,260645,False,False,True,False,100,-1.3416899483648272
policy,42803,8410,8360,1510.0,260646,False,False,True,False,100,-1.4436500294333556
policy,42872,8424,8374,1512.7,260647,False,False,False,True,69,-0.9997453962004513
policy,42972,8444,8394,1516.5,260648,False,False,True,False,100,-1.307235344400256
policy,42988,8447,8397,1517.1,260649,False,False,False,True,16,-0.7742662602827366
policy,43016,8453,8403,1518.3,260650,False,False,False,True,28,-0.8709461003653451
policy,43086,8467,8417,1521.2,260651,False,False,False,True,70,-1.074980440890461
policy,43186,8487,8437,1525.3,260652,False,False,True,False,100,-1.4608797592629335
policy,43250,8499,8449,1527.7,260653,False,True,False,True,64,-1.244459636459555
policy,43350,8519,8469,1531.7,260654,False,False,True,False,100,-1.1412394763173974
policy,43448,8539,8489,1535.3,260655,False,True,False,True,98,-1.5074139514263902
policy,43548,8559,8509,1539.0,260656,False,False,True,False,100,-1.2798274648212775
policy,43648,8579,8529,1542.8,260657,False,False,True,False,100,-1.5647601724832043
policy,43713,8592,8542,1545.3,260658,False,False,False,True,65,-1.1315719385558693
policy,43719,8593,8543,1545.5,260659,False,False,False,True,6,-0.8833211810390971
policy,43790,8607,8557,1548.3,260660,False,False,False,True,71,-1.2575832870331516
policy,43847,8619,8569,1551.1,260661,False,False,False,True,57,-1.3286241955600797
policy,43947,8639,8589,1555.1,260662,False,False,True,False,100,-1.140616027132764
policy,43968,8643,8593,1555.9,260663,False,False,False,True,21,-1.0240178275819531
policy,44068,8663,8613,1559.8,260664,False,False,True,False,100,-1.4897712878334075
policy,44085,8666,8616,1560.4,260665,False,False,False,True,17,-0.6795633047162204
policy,44185,8686,8636,1564.1,260666,False,False,True,False,100,-1.578942765682784
policy,44285,8706,8656,1567.7,260667,False,False,True,False,100,-1.433501107801844
policy,44385,8726,8676,1571.4,260668,False,False,True,False,100,-1.3338960922848868
policy,44485,8746,8696,1575.1,260669,False,False,True,False,100,-1.3008668299993948
policy,44585,8766,8716,1578.8,260670,False,False,True,False,100,-1.324269094459292
policy,44685,8786,8736,1582.7,260671,False,False,True,False,100,-1.467454912797165
policy,44690,8787,8737,1582.9,260672,False,False,False,True,5,-0.658419580188117
policy,44762,8802,8752,1585.9,260673,False,False,False,True,72,-1.0078153804208805
policy,44862,8822,8772,1589.5,260674,False,False,False,True,100,-1.2983694354170559
policy,44962,8842,8792,1593.3,260675,False,False,True,False,100,-1.2620063686355292
policy,44975,8844,8794,1593.6,260676,False,False,False,True,13,-0.8070338019334091
policy,44985,8846,8796,1594.0,260677,False,False,False,True,10,-0.6799660094334591
policy,45034,8856,8806,1595.9,260678,False,True,False,True,49,-1.1110751301088704
policy,45134,8876,8826,1599.7,260679,False,True,True,False,100,-1.6714907611550194
policy,45229,8895,8845,1603.3,260680,False,False,False,True,95,-1.4581484498204265
policy,45329,8915,8865,1607.1,260681,False,False,True,False,100,-1.5652004379502433
policy,45373,8924,8874,1608.8,260682,False,False,False,True,44,-1.0969350828251043
policy,45392,8928,8878,1609.6,260683,False,False,False,True,19,-0.6455162299505974
policy,45434,8936,8886,1611.1,260684,False,False,False,True,42,-1.1530839153716594
policy,45453,8940,8890,1611.9,260685,False,False,False,True,19,-0.9334227386991392
policy,45553,8960,8910,1615.7,260686,False,False,True,False,100,-1.144833064924395
policy,45562,8962,8912,1616.1,260687,False,False,False,True,9,-0.6072871206912605
policy,45662,8982,8932,1620.0,260688,False,False,True,False,100,-1.374560160177722
policy,45762,9002,8952,1623.6,260689,False,False,True,False,100,-1.4159185358046837
policy,45835,9016,8966,1626.2,260690,False,False,False,True,73,-1.331008458843772
policy,45876,9025,8975,1627.9,260691,False,False,False,True,41,-1.0540526347452215
policy,45967,9043,8993,1631.5,260692,True,True,False,False,91,0.5290828018721875
policy,46015,9052,9002,1633.2,260693,False,False,False,True,48,-1.0713765767581447
policy,46115,9072,9022,1637.2,260694,False,False,True,False,100,-1.6916761743076623
policy,46215,9092,9042,1641.1,260695,False,False,True,False,100,-1.566928689204901
policy,46315,9112,9062,1644.9,260696,False,False,True,False,100,-1.3332386967202252
policy,46415,9132,9082,1648.7,260697,False,True,True,False,100,-1.2235932091719204
policy,46424,9134,9084,1649.1,260698,False,False,False,True,9,-0.9534743630417215
policy,46524,9154,9104,1652.8,260699,False,False,True,False,100,-1.2027488298000433
policy,46624,9174,9124,1656.6,260700,False,False,True,False,100,-1.3701187130894037
policy,46644,9178,9128,1657.3,260701,False,False,False,True,20,-0.9364574288615652
policy,46744,9198,9148,1661.2,260702,False,False,True,False,100,-1.6000903957971768
policy,46844,9218,9168,1665.2,260703,False,True,True,False,100,-1.6241929384800438
policy,46891,9228,9178,1667.2,260704,False,False,False,True,47,-0.8897685633711103
policy,46991,9248,9198,1671.0,260705,False,True,True,False,100,-1.7635345888907488
policy,47047,9259,9209,1673.1,260706,False,False,False,True,56,-1.064636263434338
policy,47147,9279,9229,1676.9,260707,False,False,True,False,100,-1.7316503926993148
policy,47247,9299,9249,1680.7,260708,False,False,True,False,100,-1.26381530069192
policy,47347,9319,9269,1684.5,260709,False,True,True,False,100,-1.4047480706196214
policy,47447,9339,9289,1688.4,260710,False,False,True,False,100,-1.2905252566743433
policy,47493,9348,9298,1690.2,260711,False,False,False,True,46,-0.8577191367357283
policy,47521,9354,9304,1691.5,260712,False,False,False,True,28,-0.9294951359225937
policy,47542,9358,9308,1692.3,260713,False,False,False,True,21,-0.7960567622110322
policy,47642,9378,9328,1696.2,260714,False,False,True,False,100,-1.560485084144502
policy,47711,9392,9342,1699.1,260715,False,False,False,True,69,-1.3826661411455943
policy,47798,9409,9359,1702.3,260716,False,False,False,True,87,-1.286740428482548
policy,47897,9429,9379,1705.9,260717,False,False,False,True,99,-1.6697956164024124
policy,47902,9430,9380,1706.1,260718,False,False,False,True,5,-0.7407269032797961
policy,48002,9450,9400,1709.7,260719,False,False,True,False,100,-1.3493947485989348
policy,48079,9465,9415,1712.6,260720,False,False,False,True,77,-1.4852484434555944
policy,48161,9482,9432,1715.9,260721,False,False,False,True,82,-1.1257233100120507
policy,48261,9502,9452,1719.8,260722,False,False,True,False,100,-1.4772226764033134
policy,48333,9516,9466,1722.8,260723,False,False,False,True,72,-1.1148692689089739
policy,48433,9536,9486,1727.3,260724,False,False,True,False,100,-1.5020628162732526
policy,48533,9556,9506,1731.4,260725,False,False,True,False,100,-1.5486033927655096
policy,48633,9576,9526,1735.6,260726,False,False,True,False,100,-1.1964772209977699
policy,48733,9596,9546,1739.5,260727,False,False,True,False,100,-1.4072877401499162
policy,48833,9616,9566,1743.6,260728,False,False,True,False,100,-1.4055614288641187
policy,48845,9618,9568,1744.0,260729,False,False,False,True,12,-0.7040931844255801
policy,48945,9638,9588,1748.2,260730,False,False,True,False,100,-1.7534190965075493
policy,49045,9658,9608,1752.5,260731,False,True,True,False,100,-1.7661450628607271
policy,49054,9660,9610,1753.0,260732,False,False,False,True,9,-0.6512695241482285
policy,49154,9680,9630,1757.3,260733,False,False,True,False,100,-1.3582593328898276
policy,49240,9697,9647,1761.1,260734,False,False,False,True,86,-1.3531366043614486
policy,49340,9717,9667,1765.3,260735,False,False,True,False,100,-1.2322133429552786
policy,49415,9732,9682,1768.5,260736,False,False,False,True,75,-1.4294024906681455
policy,49515,9752,9702,1772.5,260737,False,False,True,False,100,-1.415829316928097
policy,49584,9766,9716,1775.4,260738,False,False,False,True,69,-1.0411786543826718
policy,49684,9786,9736,1779.8,260739,False,False,True,False,100,-1.2702659185293532
policy,49784,9806,9756,1783.8,260740,False,False,True,False,100,-1.258346515849674
policy,49884,9826,9776,1787.8,260741,False,True,True,False,100,-1.4442354518700582
policy,49970,9843,9793,1791.2,260742,False,False,False,True,86,-1.1652051701164754
policy,50070,9863,9813,1795.2,260743,False,False,True,False,100,-1.3563934232304893
policy,50170,9883,9833,1799.1,260744,False,False,True,False,100,-1.266017503171021
policy,50270,9903,9853,1803.1,260745,False,False,True,False,100,-1.2808904863494814
policy,50281,9906,9856,1803.6,260746,False,False,False,True,11,-0.6120800576116316
policy,50381,9926,9876,1807.3,260747,False,False,True,False,100,-1.2151882292912641
policy,50481,9946,9896,1811.1,260748,False,False,True,False,100,-1.601422335312535
policy,50581,9966,9916,1815.0,260749,False,False,True,False,100,-1.507702457560995
policy,50681,9986,9936,1818.9,260750,False,False,True,False,100,-1.4310943794121262
policy,50781,10006,9956,1823.2,260751,False,False,True,False,100,-1.3609156128100393
policy,50881,10026,9976,1827.3,260752,False,False,True,False,100,-1.4038729905071148
policy,50981,10046,9996,1831.4,260753,False,False,True,False,100,-1.1380247810001474
policy,50998,10049,9999,1832.1,260754,False,False,False,True,17,-0.8090634603769593
policy,51098,10069,10019,1836.0,260755,False,False,True,False,100,-1.464252324806153
policy,51154,10080,10030,1838.2,260756,False,False,False,True,56,-0.863347882825688
policy,51254,10100,10050,1842.3,260757,False,True,True,False,100,-1.4384560971242757
policy,51354,10120,10070,1846.4,260758,False,False,True,False,100,-1.2370556580932432
policy,51388,10127,10077,1847.8,260759,False,False,False,True,34,-0.823715334946634
policy,51430,10135,10085,1849.5,260760,False,False,False,True,42,-0.8697074594154399
policy,51472,10144,10094,1851.4,260761,False,False,False,True,42,-0.9955957722037898
policy,51552,10160,10110,1854.7,260762,False,True,False,True,80,-1.1155317763605794
policy,51568,10163,10113,1855.4,260763,False,False,False,True,16,-0.9888293626243856
policy,51624,10174,10124,1857.6,260764,False,False,False,True,56,-1.1944893167211683
policy,51724,10194,10144,1861.4,260765,False,False,True,False,100,-1.2666495918526837
policy,51824,10214,10164,1865.5,260766,False,True,True,False,100,-1.2720909074021187
policy,51924,10234,10184,1869.6,260767,False,False,True,False,100,-1.3971988198778782
policy,52023,10254,10204,1874.2,260768,False,False,False,True,99,-1.3386041739966523
policy,52123,10274,10224,1878.8,260769,False,False,True,False,100,-1.1993795833784637
policy,52223,10294,10244,1883.3,260770,False,False,True,False,100,-1.5956294400453594
policy,52231,10296,10246,1883.7,260771,False,False,False,True,8,-0.6099571344663335
policy,52331,10316,10266,1888.6,260772,False,True,True,False,100,-1.5428524097406286
policy,52431,10336,10286,1893.1,260773,False,False,True,False,100,-1.3536269787851931
policy,52453,10340,10290,1894.0,260774,False,False,False,True,22,-0.8542448501641142
policy,52553,10360,10310,1898.7,260775,False,True,True,False,100,-1.3365030491711645
policy,52653,10380,10330,1903.4,260776,False,False,True,False,100,-1.4014899159807668
policy,52753,10400,10350,1907.9,260777,False,False,True,False,100,-1.2295120226064724
policy,52758,10401,10351,1908.2,260778,False,False,False,True,5,-0.6564192241320517
policy,52858,10421,10371,1912.6,260779,False,False,True,False,100,-1.4493333251724958
policy,52958,10441,10391,1917.0,260780,False,False,True,False,100,-1.663167136115471
policy,53058,10461,10411,1921.4,260781,False,False,True,False,100,-1.3589913426995381
policy,53141,10478,10428,1925.2,260782,False,False,False,True,83,-1.2250035287806078
policy,53241,10498,10448,1929.6,260783,False,False,True,False,100,-1.7286254891320771
policy,53341,10518,10468,1934.0,260784,False,True,True,False,100,-1.6347951252986015
policy,53438,10537,10487,1938.4,260785,False,False,False,True,97,-1.6815003018021404
policy,53538,10557,10507,1942.5,260786,False,True,True,False,100,-1.5247118331871654
policy,53638,10577,10527,1946.8,260787,False,False,True,False,100,-1.4603829770164736
policy,53738,10597,10547,1951.0,260788,False,True,True,False,100,-1.571686944928374
policy,53808,10611,10561,1954.0,260789,False,False,False,True,70,-0.9679919754245379
policy,53908,10631,10581,1958.2,260790,False,True,True,False,100,-1.5019630594841964
policy,54008,10651,10601,1962.3,260791,False,False,True,False,100,-1.660206990769618
policy,54015,10652,10602,1962.5,260792,False,False,False,True,7,-0.8083913930978852
policy,54070,10663,10613,1964.8,260793,False,False,False,True,55,-0.8859486673826285
policy,54170,10683,10633,1969.3,260794,False,False,True,False,100,-1.5711651599440604
policy,54199,10689,10639,1970.5,260795,False,False,False,True,29,-0.9581273880619945
policy,54279,10705,10655,1973.8,260796,False,False,False,True,80,-1.004278137463824
policy,54379,10725,10675,1978.1,260797,False,True,True,False,100,-1.4800150799220573
policy,54453,10740,10690,1981.4,260798,False,False,False,True,74,-1.1255937046425926
policy,54529,10755,10705,1984.5,260799,False,False,False,True,76,-1.3375522494928147
policy,54629,10775,10725,1988.6,260800,False,False,True,False,100,-1.4529690500811774
policy,54729,10795,10745,1993.3,260801,False,True,True,False,100,-1.5975534963600708
policy,54738,10797,10747,1993.7,260802,False,False,False,True,9,-0.8271104005851113
policy,54816,10813,10763,1997.5,260803,False,True,False,True,78,-1.3802093693507742
policy,54916,10833,10783,2002.2,260804,False,False,True,False,100,-1.7959474395712198
policy,55016,10853,10803,2006.6,260805,False,False,True,False,100,-1.421264949018843
policy,55116,10873,10823,2011.2,260806,False,False,True,False,100,-1.3763614723536415
policy,55216,10893,10843,2015.8,260807,False,False,True,False,100,-1.378685621836388
policy,55296,10909,10859,2019.3,260808,False,False,False,True,80,-1.0801450435501607
policy,55396,10929,10879,2023.7,260809,False,False,True,False,100,-1.4939494695485107
policy,55496,10949,10899,2028.1,260810,False,False,True,False,100,-1.2589645240042908
policy,55537,10957,10907,2029.8,260811,False,False,False,True,41,-1.0624406584024981
policy,55637,10977,10927,2034.0,260812,False,False,True,False,100,-1.391673658386053
policy,55737,10997,10947,2038.1,260813,False,True,True,False,100,-1.2310312565800314
policy,55837,11017,10967,2042.5,260814,False,False,True,False,100,-1.626847144249316
policy,55937,11037,10987,2046.9,260815,False,False,True,False,100,-1.2810324529578123
policy,56037,11057,11007,2051.3,260816,False,False,True,False,100,-1.5890955240396964
policy,56123,11074,11024,2055.0,260817,False,True,False,True,86,-1.7051834419226384
policy,56223,11094,11044,2059.6,260818,False,False,True,False,100,-1.5825906630059248
policy,56323,11114,11064,2064.0,260819,False,False,True,False,100,-1.5017411982983038
policy,56341,11118,11068,2064.8,260820,False,False,False,True,18,-0.7119468880207263
policy,56394,11128,11078,2067.0,260821,False,False,False,True,53,-1.096609262973971
policy,56494,11148,11098,2071.2,260822,False,False,True,False,100,-1.6732022237082194
policy,56582,11166,11116,2074.9,260823,False,False,False,True,88,-1.28501998215244
policy,56682,11186,11136,2079.3,260824,False,False,True,False,100,-1.5811029683215825
policy,56782,11206,11156,2083.6,260825,False,False,True,False,100,-1.1200358778855801
policy,56840,11217,11167,2085.9,260826,False,False,False,True,58,-0.8441837667029874
policy,56940,11237,11187,2090.3,260827,False,False,True,False,100,-1.5461708939988426
policy,56987,11247,11197,2092.5,260828,False,False,False,True,47,-0.8977226620658028
policy,57087,11267,11217,2096.7,260829,False,False,True,False,100,-1.4371677753756977
policy,57125,11274,11224,2098.1,260830,False,False,False,True,38,-1.0468733445004115
policy,57225,11294,11244,2102.2,260831,False,False,True,False,100,-1.4130339321233638
policy,57268,11303,11253,2104.3,260832,False,False,False,True,43,-1.0471536808031578
policy,57368,11323,11273,2108.3,260833,False,False,True,False,100,-1.1320161579587795
policy,57458,11341,11291,2111.9,260834,False,False,False,True,90,-1.2992404185875677
policy,57558,11361,11311,2116.2,260835,False,False,True,False,100,-1.5301374944934354
policy,57612,11372,11322,2118.5,260836,True,True,False,False,54,0.8190202751749162
policy,57712,11392,11342,2122.9,260837,False,False,True,False,100,-1.0817437501983715
policy,57801,11410,11360,2126.7,260838,False,False,False,True,89,-1.2357307617264899
policy,57901,11430,11380,2130.8,260839,False,False,False,True,100,-1.2565992565686428
policy,57976,11445,11395,2133.8,260840,False,False,False,True,75,-1.4012966019041646
policy,58044,11458,11408,2136.5,260841,False,False,False,True,68,-0.8953133156349521
policy,58144,11478,11428,2140.6,260842,False,False,True,False,100,-1.459348910683397
policy,58192,11488,11438,2142.7,260843,False,False,False,True,48,-1.0320761588872418
policy,58292,11508,11458,2146.9,260844,False,False,True,False,100,-1.1553796026221566
policy,58392,11528,11478,2151.5,260845,False,False,True,False,100,-1.2135016159939536
policy,58492,11548,11498,2155.5,260846,False,False,True,False,100,-1.1706401331803196
policy,58592,11568,11518,2159.5,260847,False,False,True,False,100,-1.3554526997723197
policy,58692,11588,11538,2163.4,260848,False,False,True,False,100,-1.4549583184815111
policy,58792,11608,11558,2167.3,260849,False,False,True,False,100,-1.3921158849156077
policy,58892,11628,11578,2171.3,260850,False,False,True,False,100,-1.5518547050759288
policy,58925,11634,11584,2172.5,260851,False,False,False,True,33,-0.8511554491880695
policy,59025,11654,11604,2176.5,260852,False,False,True,False,100,-1.5272156746458618
policy,59062,11662,11612,2178.1,260853,False,False,False,True,37,-0.7653052559786133
policy,59162,11682,11632,2182.2,260854,False,False,True,False,100,-1.5467968906064342
policy,59262,11702,11652,2186.2,260855,False,False,True,False,100,-1.5142010144512414
policy,59292,11708,11658,2187.4,260856,False,False,False,True,30,-0.9599492741065587
policy,59392,11728,11678,2191.9,260857,False,False,True,False,100,-1.3283510747316358
policy,59425,11734,11684,2193.9,260858,False,True,False,True,33,-0.9822615112470583
policy,59454,11740,11690,2196.0,260859,False,False,False,True,29,-0.9750679631861429
policy,59521,11754,11704,2200.6,260860,False,False,False,True,67,-1.1117149164290454
policy,59621,11774,11724,2207.3,260861,False,False,True,False,100,-1.1653028871821949
policy,59721,11794,11744,2214.6,260862,False,False,True,False,100,-1.417326454664425
policy,59821,11814,11764,2220.7,260863,False,True,True,False,100,-1.7930571999458822
policy,59921,11834,11784,2227.4,260864,False,False,True,False,100,-1.2087894689632128
policy,60021,11854,11804,2234.0,260865,False,False,True,False,100,-1.3050120677416275
policy,60121,11874,11824,2240.6,260866,False,False,True,False,100,-1.6080208831394966
policy,60195,11888,11838,2245.2,260867,False,False,False,True,74,-1.258737242559346
policy,60295,11908,11858,2251.7,260868,False,False,True,False,100,-1.2435914276431248
policy,60321,11914,11864,2253.6,260869,False,False,False,True,26,-0.682004008047439
policy,60421,11934,11884,2260.2,260870,False,False,True,False,100,-1.2466188870492043
policy,60521,11954,11904,2266.7,260871,False,False,True,False,100,-1.544275050204584
policy,60621,11974,11924,2273.0,260872,False,False,True,False,100,-1.0228350282299514
policy,60720,11993,11943,2279.0,260873,False,False,False,True,99,-1.3127777184736393
policy,60820,12013,11963,2285.7,260874,False,False,True,False,100,-1.445316571497778
policy,60920,12033,11983,2292.6,260875,False,True,True,False,100,-1.3391097611606495
policy,61020,12053,12003,2299.3,260876,False,False,True,False,100,-1.5554555063102016
policy,61120,12073,12023,2306.2,260877,False,False,True,False,100,-1.520950488726587
policy,61220,12093,12043,2313.2,260878,False,False,True,False,100,-1.6180509004865993
policy,61306,12111,12061,2319.0,260879,False,False,False,True,86,-1.248907671554379
policy,61388,12127,12077,2324.1,260880,False,False,False,True,82,-1.4794269850189634
policy,61410,12131,12081,2325.4,260881,False,False,False,True,22,-0.864953552291999
policy,61510,12151,12101,2331.9,260882,False,True,True,False,100,-1.3806149134505468
policy,61517,12153,12103,2332.5,260883,False,False,False,True,7,-0.7960471775638096
policy,61617,12173,12123,2338.8,260884,False,False,True,False,100,-1.3189910785265697
policy,61717,12193,12143,2343.3,260885,False,True,True,False,100,-1.603459753284132
policy,61817,12213,12163,2347.9,260886,False,False,True,False,100,-1.3626736560737007
policy,61915,12232,12182,2352.1,260887,False,True,False,True,98,-1.424862807871986
policy,61970,12243,12193,2354.4,260888,False,False,False,True,55,-0.9139947430385631
policy,62070,12263,12213,2358.7,260889,False,False,True,False,100,-1.5200166678297569
policy,62170,12283,12233,2363.1,260890,False,False,True,False,100,-1.2968348077824947
policy,62270,12303,12253,2367.3,260891,False,False,True,False,100,-1.3211719030721212
policy,62361,12322,12272,2371.2,260892,False,False,False,True,91,-1.5130103904501866
policy,62461,12342,12292,2375.5,260893,False,False,True,False,100,-1.343369602482408
policy,62561,12362,12312,2379.7,260894,False,False,True,False,100,-1.1885902889235105
policy,62661,12382,12332,2383.6,260895,False,False,True,False,100,-1.3945583669691923
policy,62761,12402,12352,2387.7,260896,False,False,True,False,100,-1.0948182096094359
policy,62858,12421,12371,2391.9,260897,True,True,False,False,97,0.43836657264595735
policy,62958,12441,12391,2396.4,260898,False,False,True,False,100,-1.4830682255597454
policy,63053,12460,12410,2400.9,260899,False,False,False,True,95,-1.546805384970659
policy,63116,12473,12423,2404.0,260900,False,False,False,True,63,-1.3719010829069733
policy,63216,12493,12443,2408.3,260901,False,False,True,False,100,-1.3663708862762802
policy,63316,12513,12463,2412.6,260902,False,True,True,False,100,-1.3668669672801035
policy,63416,12533,12483,2417.0,260903,False,False,True,False,100,-1.2436745043010067
policy,63516,12553,12503,2421.0,260904,False,False,True,False,100,-1.2240730115927665
policy,63616,12573,12523,2424.8,260905,False,False,True,False,100,-1.6801356874410063
policy,63716,12593,12543,2428.8,260906,False,False,True,False,100,-1.4339572568448524
policy,63816,12613,12563,2432.9,260907,False,False,True,False,100,-1.2212105696819702
policy,63916,12633,12583,2437.2,260908,False,True,True,False,100,-1.4506531746923992
policy,64016,12653,12603,2441.8,260909,False,False,True,False,100,-1.3070369406397018
policy,64116,12673,12623,2446.1,260910,False,False,True,False,100,-1.670082499172727
policy,64216,12693,12643,2450.1,260911,False,False,True,False,100,-1.5295981731158277
policy,64297,12709,12659,2453.2,260912,False,False,False,True,81,-1.6260201838667578
policy,64397,12729,12679,2457.1,260913,False,False,True,False,100,-1.6611148706251075
policy,64497,12749,12699,2461.2,260914,False,False,True,False,100,-1.3471336726504872
policy,64597,12769,12719,2465.3,260915,False,True,True,False,100,-1.720314363998117
policy,64622,12774,12724,2466.3,260916,False,False,False,True,25,-0.6782129593081812
policy,64722,12794,12744,2470.4,260917,False,False,True,False,100,-1.544828588759435
policy,64822,12814,12764,2474.7,260918,False,False,True,False,100,-1.3751147309190088
policy,64922,12834,12784,2478.6,260919,False,False,True,False,100,-1.1124574208209266
policy,65022,12854,12804,2482.7,260920,False,False,True,False,100,-1.2618717171016611
policy,65122,12874,12824,2486.8,260921,False,False,True,False,100,-1.538996817293142
policy,65222,12894,12844,2491.1,260922,False,False,True,False,100,-1.232316976539587
policy,65281,12906,12856,2493.5,260923,False,False,False,True,59,-1.219983692916593
policy,65381,12926,12876,2497.6,260924,False,True,True,False,100,-1.5457044902297254
policy,65481,12946,12896,2501.6,260925,False,False,True,False,100,-1.4073406403386124
policy,65581,12966,12916,2505.6,260926,False,False,True,False,100,-1.4254910677637103
policy,65620,12973,12923,2507.1,260927,False,False,False,True,39,-0.8106035607112623
policy,65719,12993,12943,2511.1,260928,False,False,False,True,99,-1.3599809439025747
policy,65819,13013,12963,2515.3,260929,False,False,True,False,100,-1.4114188932650573
policy,65919,13033,12983,2519.2,260930,False,True,True,False,100,-1.4745651015296102
policy,66019,13053,13003,2523.2,260931,False,False,True,False,100,-1.3777015102679295
policy,66119,13073,13023,2527.4,260932,False,False,True,False,100,-1.626240155775994
policy,66219,13093,13043,2531.5,260933,False,False,True,False,100,-1.5406526682193833
policy,66319,13113,13063,2535.7,260934,False,False,True,False,100,-1.1707873853406288
policy,66349,13119,13069,2536.9,260935,False,False,False,True,30,-0.8759998118273886
policy,66449,13139,13089,2540.8,260936,False,True,True,False,100,-1.38228624783418
policy,66512,13152,13102,2543.7,260937,False,False,False,True,63,-0.9963286265686238
policy,66612,13172,13122,2547.9,260938,False,False,True,False,100,-1.498817987132685
policy,66712,13192,13142,2551.9,260939,False,False,True,False,100,-1.4877629497981228
policy,66812,13212,13162,2555.9,260940,False,False,True,False,100,-1.2984337622165545
policy,66912,13232,13182,2560.0,260941,False,False,True,False,100,-1.1827851286941404
policy,67012,13252,13202,2564.2,260942,False,False,True,False,100,-1.4129468497750532
policy,67112,13272,13222,2568.4,260943,False,False,True,False,100,-1.1258313874711923
policy,67212,13292,13242,2572.5,260944,False,False,True,False,100,-1.4677773793466464
policy,67312,13312,13262,2576.6,260945,False,False,True,False,100,-1.2963448685927672
policy,67341,13318,13268,2577.8,260946,False,False,False,True,29,-0.890805704341596
policy,67441,13338,13288,2581.9,260947,False,False,True,False,100,-1.445085518616961
policy,67513,13352,13302,2584.7,260948,False,False,False,True,72,-1.1916661693089572
policy,67613,13372,13322,2588.9,260949,False,True,True,False,100,-1.2387011514685518
policy,67713,13392,13342,2593.1,260950,False,False,True,False,100,-1.1059660775290188
policy,67813,13412,13362,2597.2,260951,False,False,True,False,100,-1.3486073200397297
policy,67841,13418,13368,2598.4,260952,False,False,False,True,28,-0.7827587005287919
policy,67941,13438,13388,2602.3,260953,False,False,True,False,100,-1.7078632110658283
policy,68041,13458,13408,2606.3,260954,False,False,True,False,100,-1.623671221928725
policy,68141,13478,13428,2610.3,260955,False,False,True,False,100,-1.234504986441717
policy,68241,13498,13448,2614.4,260956,False,False,True,False,100,-1.6085921342951857
policy,68300,13509,13459,2616.6,260957,False,False,False,True,59,-1.004223232515046
policy,68396,13529,13479,2620.8,260958,False,False,False,True,96,-1.3708430227608233
policy,68496,13549,13499,2624.9,260959,False,False,True,False,100,-1.5698735688678156
policy,68596,13569,13519,2629.1,260960,False,True,True,False,100,-1.464281363418324
policy,68696,13589,13539,2633.2,260961,False,True,True,False,100,-1.562540213138959
policy,68796,13609,13559,2637.3,260962,False,False,True,False,100,-1.314035644241314
policy,68896,13629,13579,2641.3,260963,False,False,True,False,100,-1.2107921305935052
policy,68996,13649,13599,2645.5,260964,False,True,True,False,100,-1.4947826609804973
policy,69096,13669,13619,2649.5,260965,False,False,True,False,100,-1.2956638805035732
policy,69143,13678,13628,2651.4,260966,False,False,False,True,47,-0.9421850392014355
policy,69155,13680,13630,2651.8,260967,False,False,False,True,12,-0.7082868617228807
policy,69255,13700,13650,2655.9,260968,False,False,True,False,100,-1.3180341606442503
policy,69355,13720,13670,2660.1,260969,False,True,True,False,100,-1.6469820119475735
policy,69455,13740,13690,2664.2,260970,False,True,True,False,100,-1.6070539927463665
policy,69555,13760,13710,2668.3,260971,False,False,True,False,100,-1.211167587424786
policy,69597,13769,13719,2670.0,260972,False,False,False,True,42,-1.0319490698178768
policy,69665,13782,13732,2672.5,260973,False,False,False,True,68,-1.2355147407723626
policy,69765,13802,13752,2676.5,260974,False,False,True,False,100,-1.5689310482410517
policy,69787,13807,13757,2677.5,260975,False,False,False,True,22,-0.9267282078454239
policy,69887,13827,13777,2681.6,260976,False,False,True,False,100,-1.4595388444514312
policy,69987,13847,13797,2685.6,260977,False,False,True,False,100,-1.654655519987636
policy,70087,13867,13817,2689.8,260978,False,True,True,False,100,-1.5817352444184793
policy,70187,13887,13837,2694.0,260979,False,False,True,False,100,-1.449940234854814
policy,70287,13907,13857,2698.2,260980,False,False,True,False,100,-1.4754675275019808
policy,70387,13927,13877,2702.3,260981,False,False,True,False,100,-1.625955350652304
policy,70487,13947,13897,2706.9,260982,False,False,True,False,100,-1.39468343515939
policy,70587,13967,13917,2711.0,260983,False,False,True,False,100,-1.2707460982892484
policy,70687,13987,13937,2715.1,260984,False,False,True,False,100,-1.5394437307680426
policy,70787,14007,13957,2719.3,260985,False,False,True,False,100,-1.8033959384941336
policy,70880,14025,13975,2723.2,260986,True,True,False,False,93,0.4105611412764649
policy,70980,14045,13995,2727.5,260987,False,False,True,False,100,-1.5296190306942705
policy,71080,14065,14015,2731.9,260988,False,False,True,False,100,-1.5813467714265483
policy,71119,14073,14023,2733.5,260989,False,False,False,True,39,-0.9621796660393811
policy,71219,14093,14043,2737.7,260990,False,False,True,False,100,-1.4362097880828464
policy,71319,14113,14063,2741.9,260991,False,True,True,False,100,-1.312280689512198
policy,71419,14133,14083,2745.8,260992,False,False,True,False,100,-1.4497124514095605
policy,71519,14153,14103,2749.7,260993,False,False,True,False,100,-1.410991146207758
policy,71619,14173,14123,2754.4,260994,False,True,True,False,100,-1.7482508657108395
policy,71719,14193,14143,2758.7,260995,False,True,True,False,100,-1.6397075666693939
policy,71801,14210,14160,2762.4,260996,False,False,False,True,82,-1.390133980285728
policy,71901,14230,14180,2766.8,260997,False,False,True,False,100,-1.642016165165382
policy,72001,14250,14200,2771.2,260998,False,False,True,False,100,-1.3290736403834282
policy,72101,14270,14220,2775.4,260999,False,False,True,False,100,-1.5053707791540485
policy,72201,14290,14240,2779.4,261000,False,False,True,False,100,-1.4177515581095415
policy,72301,14310,14260,2783.5,261001,False,False,True,False,100,-1.451011586380566
policy,72401,14330,14280,2787.6,261002,False,False,True,False,100,-1.451518838713416
policy,72434,14336,14286,2788.9,261003,False,True,False,True,33,-1.043950208039949
policy,72534,14356,14306,2793.2,261004,False,True,True,False,100,-1.6252060864757794
policy,72634,14376,14326,2797.4,261005,False,True,True,False,100,-1.6623963603762846
policy,72734,14396,14346,2801.5,261006,False,False,True,False,100,-1.502912399929607
policy,72834,14416,14366,2805.7,261007,False,True,True,False,100,-1.2456525777970515
policy,72934,14436,14386,2810.0,261008,False,False,True,False,100,-1.336915957867363
policy,73034,14456,14406,2814.2,261009,False,False,True,False,100,-1.637516311581312
policy,73134,14476,14426,2818.4,261010,False,True,True,False,100,-1.589514000044613
policy,73181,14486,14436,2820.5,261011,False,False,False,True,47,-1.0479977976256156
policy,73281,14506,14456,2824.9,261012,False,False,True,False,100,-1.3098714880533058
policy,73381,14526,14476,2829.0,261013,False,False,True,False,100,-1.5408230090302206
policy,73481,14546,14496,2833.2,261014,False,False,True,False,100,-1.6115671079408447
policy,73581,14566,14516,2837.3,261015,False,False,True,False,100,-1.2701688012119727
policy,73681,14586,14536,2841.4,261016,False,False,False,True,100,-1.4124359629542402
policy,73781,14606,14556,2845.5,261017,False,False,True,False,100,-1.7903329466134035
policy,73790,14607,14557,2845.7,261018,False,False,False,True,9,-0.7816113736022545
policy,73873,14624,14574,2849.3,261019,False,False,False,True,83,-1.2148682258006307
policy,73955,14640,14590,2853.4,261020,False,False,False,True,82,-1.4211932835775731
policy,74053,14660,14610,2860.2,261021,False,False,False,True,98,-1.4889442462216782
policy,74141,14678,14628,2866.5,261022,True,True,False,False,88,0.3261144597446244
policy,74158,14681,14631,2867.6,261023,False,False,False,True,17,-0.8373826996710318
policy,74216,14693,14643,2871.7,261024,False,False,False,True,58,-1.2067792232205239
policy,74316,14713,14663,2878.6,261025,False,False,True,False,100,-1.5666353456826705
policy,74324,14714,14664,2878.9,261026,False,False,False,True,8,-0.7012598542836619
policy,74362,14722,14672,2881.5,261027,False,False,False,True,38,-1.2302104621917622
policy,74462,14742,14692,2888.1,261028,False,False,True,False,100,-1.280258120752909
policy,74558,14761,14711,2894.8,261029,False,False,False,True,96,-1.5955006011518509
policy,74658,14781,14731,2901.7,261030,False,False,True,False,100,-1.36285250318404
policy,74758,14801,14751,2908.2,261031,False,False,True,False,100,-1.5124928096673567
policy,74858,14821,14771,2915.0,261032,False,False,True,False,100,-1.370475254657839
policy,74958,14841,14791,2921.8,261033,False,False,True,False,100,-1.2576974046425815
policy,75058,14861,14811,2929.0,261034,False,False,True,False,100,-1.5382770166364554
policy,75158,14881,14831,2935.6,261035,False,False,True,False,100,-1.575734578729085
policy,75178,14885,14835,2936.9,261036,False,False,False,True,20,-0.6925233940691959
policy,75278,14905,14855,2943.6,261037,False,False,True,False,100,-1.4995157823870278
policy,75366,14923,14873,2949.8,261038,False,False,False,True,88,-1.1066988394506097
policy,75466,14943,14893,2956.3,261039,False,False,True,False,100,-1.70508979117549
policy,75566,14963,14913,2962.9,261040,False,False,True,False,100,-1.3940617186485578
policy,75666,14983,14933,2969.5,261041,False,False,True,False,100,-1.2206630448687434
policy,75766,15003,14953,2976.4,261042,False,False,True,False,100,-1.3804191869387321
policy,75866,15023,14973,2983.9,261043,False,False,True,False,100,-1.163594655694067
policy,75966,15043,14993,2991.7,261044,False,True,True,False,100,-1.5669934129805083
policy,76066,15063,15013,2999.2,261045,False,False,True,False,100,-1.3324903109514585
policy,76166,15083,15033,3007.3,261046,False,True,True,False,100,-1.6162528023686566
policy,76196,15089,15039,3009.3,261047,False,False,False,True,30,-0.8158134934246088
policy,76296,15109,15059,3016.4,261048,False,False,True,False,100,-1.4621067441701374
policy,76396,15129,15079,3023.4,261049,False,False,True,False,100,-1.2781170252428975
policy,76442,15138,15088,3026.8,261050,False,False,False,True,46,-0.9145161566895152
policy,76542,15158,15108,3033.6,261051,False,True,True,False,100,-1.5289792138315947
policy,76642,15178,15128,3040.0,261052,False,False,True,False,100,-1.7137631420918453
policy,76742,15198,15148,3046.7,261053,False,False,True,False,100,-1.258513446933263
policy,76766,15203,15153,3048.9,261054,False,False,False,True,24,-0.9549966765518723
policy,76866,15223,15173,3055.3,261055,False,False,True,False,100,-1.3243743631255316
policy,76966,15243,15193,3060.3,261056,False,False,True,False,100,-1.5691022250295716
policy,77066,15263,15213,3064.6,261057,False,False,True,False,100,-1.539193701258569
policy,77166,15283,15233,3069.3,261058,False,True,True,False,100,-1.6168623904461081
policy,77266,15303,15253,3074.3,261059,False,False,True,False,100,-1.1890914800944745
policy,77366,15323,15273,3078.7,261060,False,True,True,False,100,-1.6695654374812015
policy,77466,15343,15293,3083.1,261061,False,False,True,False,100,-1.2645192549697593
policy,77566,15363,15313,3087.6,261062,False,False,True,False,100,-1.2508059049016746
policy,77666,15383,15333,3091.8,261063,False,True,True,False,100,-1.414485995646184
policy,77743,15398,15348,3095.1,261064,False,False,False,True,77,-1.092757839079717
policy,77843,15418,15368,3099.5,261065,False,False,True,False,100,-1.4530176318970314
policy,77943,15438,15388,3104.0,261066,False,False,True,False,100,-1.3776419238222637
policy,78006,15451,15401,3106.9,261067,False,False,False,True,63,-1.204493495411084
policy,78106,15471,15421,3111.2,261068,False,False,True,False,100,-1.3116817865307548
policy,78206,15491,15441,3115.3,261069,False,False,True,False,100,-1.3285299211136778
policy,78306,15511,15461,3119.3,261070,False,False,True,False,100,-1.4878213899304313
policy,78406,15531,15481,3123.2,261071,False,False,True,False,100,-1.369418117288245
policy,78506,15551,15501,3127.4,261072,False,True,True,False,100,-1.5568550105819834
policy,78606,15571,15521,3131.6,261073,False,False,True,False,100,-1.5442857435546309
policy,78706,15591,15541,3136.1,261074,False,False,True,False,100,-1.4773857677943631
policy,78806,15611,15561,3140.4,261075,False,False,True,False,100,-1.4912822976418403
policy,78906,15631,15581,3144.2,261076,False,True,True,False,100,-1.7247776647870987
policy,79006,15651,15601,3148.3,261077,False,False,True,False,100,-1.6177034772978027
policy,79106,15671,15621,3152.3,261078,False,True,True,False,100,-1.2155022294627391
policy,79206,15691,15641,3155.9,261079,False,True,True,False,100,-1.5014613895789812
policy,79306,15711,15661,3159.6,261080,False,False,True,False,100,-1.3799514825920478
policy,79406,15731,15681,3163.4,261081,False,False,True,False,100,-1.6086275009902922
policy,79435,15736,15686,3164.3,261082,False,False,False,True,29,-0.7718999391686342
policy,79535,15756,15706,3168.2,261083,False,True,True,False,100,-1.4750428630719254
policy,79609,15771,15721,3171.2,261084,False,True,False,True,74,-1.3629152893924679
policy,79709,15791,15741,3175.3,261085,False,True,True,False,100,-1.6664389553965013
policy,79809,15811,15761,3179.1,261086,False,False,True,False,100,-1.3807218070564984
policy,79835,15816,15766,3180.1,261087,False,False,False,True,26,-0.9907711759916378
policy,79935,15836,15786,3183.8,261088,False,False,True,False,100,-1.257058820517905
policy,80035,15856,15806,3187.8,261089,False,True,True,False,100,-1.602721458860058
policy,80063,15862,15812,3188.9,261090,False,False,False,True,28,-0.6967213419618834
policy,80163,15882,15832,3192.8,261091,False,False,True,False,100,-1.2392532809834504
policy,80263,15902,15852,3196.4,261092,False,True,True,False,100,-1.5311836438896518
policy,80363,15922,15872,3200.2,261093,False,False,True,False,100,-1.8102571725898682
policy,80463,15942,15892,3204.0,261094,False,False,True,False,100,-1.4320258254115923
policy,80563,15962,15912,3207.8,261095,False,True,True,False,100,-1.4171566591731157
policy,80663,15982,15932,3211.5,261096,False,False,True,False,100,-1.5663875677994574
policy,80763,16002,15952,3215.3,261097,False,False,True,False,100,-1.46145827777611
policy,80863,16022,15972,3219.2,261098,False,False,True,False,100,-1.1870495107352834
policy,80963,16042,15992,3223.0,261099,False,False,True,False,100,-1.4425823179387198
policy,81063,16062,16012,3226.7,261100,False,False,True,False,100,-1.4996231326355385
policy,81163,16082,16032,3230.3,261101,False,False,True,False,100,-1.4876610943118025
policy,81263,16102,16052,3234.0,261102,False,True,True,False,100,-1.4883623825755667
policy,81285,16106,16056,3234.7,261103,False,False,False,True,22,-0.8876247024784222
policy,81385,16126,16076,3238.4,261104,False,False,True,False,100,-1.480520482122897
policy,81485,16146,16096,3242.3,261105,False,False,True,False,100,-1.4678469599227717
policy,81513,16152,16102,3243.4,261106,False,False,False,True,28,-0.8114152897260493
policy,81613,16172,16122,3247.3,261107,False,False,True,False,100,-1.4551549271234931
policy,81713,16192,16142,3251.3,261108,False,False,True,False,100,-1.3976294790463861
policy,81813,16212,16162,3255.2,261109,False,False,True,False,100,-1.563126498001333
policy,81913,16232,16182,3259.0,261110,False,False,True,False,100,-1.5109966851547538
policy,82013,16252,16202,3262.8,261111,False,False,True,False,100,-1.6630987121837393
policy,82035,16256,16206,3263.5,261112,False,False,False,True,22,-1.0893336503444337
policy,82052,16260,16210,3264.3,261113,False,False,False,True,17,-0.7705123726339695
policy,82145,16278,16228,3267.7,261114,False,False,False,True,93,-1.1729127915773567
policy,82245,16298,16248,3271.5,261115,False,True,True,False,100,-1.3140311342992441
policy,82345,16318,16268,3275.4,261116,False,True,True,False,100,-1.2360836457858027
policy,82445,16338,16288,3279.3,261117,False,False,True,False,100,-1.3682787641354395
policy,82545,16358,16308,3283.4,261118,False,True,True,False,100,-1.335301872930479
policy,82645,16378,16328,3287.1,261119,False,False,True,False,100,-1.7110050322836234
policy,82745,16398,16348,3290.9,261120,False,True,True,False,100,-1.2039193006656845
policy,82771,16404,16354,3292.0,261121,False,False,False,True,26,-0.781257662079665
policy,82855,16420,16370,3294.9,261122,False,True,False,True,84,-1.294574973931594
policy,82955,16440,16390,3298.5,261123,False,False,True,False,100,-1.6145715660921
policy,82988,16447,16397,3299.8,261124,False,False,False,True,33,-1.014267002696759
policy,83088,16467,16417,3303.5,261125,False,False,True,False,100,-1.6613654927799621
policy,83188,16487,16437,3307.6,261126,False,False,True,False,100,-1.5255237288348678
policy,83288,16507,16457,3311.2,261127,False,False,True,False,100,-1.3705721063084597
policy,83388,16527,16477,3314.8,261128,False,True,True,False,100,-1.3531080925329937
policy,83488,16547,16497,3318.5,261129,False,True,True,False,100,-1.8260628468868538
policy,83588,16567,16517,3322.3,261130,False,False,True,False,100,-1.37722567464103
policy,83688,16587,16537,3326.0,261131,False,False,True,False,100,-1.4522341714265248
policy,83712,16592,16542,3326.9,261132,False,False,False,True,24,-0.9028718413222803
policy,83812,16612,16562,3330.5,261133,False,True,True,False,100,-1.487701341665914
policy,83912,16632,16582,3334.2,261134,False,True,True,False,100,-1.7096704067125208
policy,84012,16652,16602,3338.0,261135,False,False,True,False,100,-1.345983125402613
policy,84112,16672,16622,3341.9,261136,False,True,True,False,100,-1.5229239805972024
policy,84212,16692,16642,3346.0,261137,False,False,True,False,100,-1.28144844604805
policy,84312,16712,16662,3350.7,261138,False,True,True,False,100,-1.3283253025474293
policy,84412,16732,16682,3354.5,261139,False,False,True,False,100,-1.3164651930522733
policy,84512,16752,16702,3358.2,261140,False,False,True,False,100,-1.147464365857346
policy,84612,16772,16722,3361.9,261141,False,True,True,False,100,-1.7158286180364595
policy,84712,16792,16742,3365.6,261142,False,True,True,False,100,-1.4629869753423421
policy,84812,16812,16762,3369.8,261143,False,False,True,False,100,-1.5191532234033958
policy,84912,16832,16782,3373.8,261144,False,False,True,False,100,-1.306014525421889
policy,85012,16852,16802,3377.5,261145,False,False,True,False,100,-1.2459517382587264
policy,85112,16872,16822,3381.0,261146,False,False,True,False,100,-1.4631718429647753
policy,85212,16892,16842,3384.7,261147,False,False,True,False,100,-1.6735956635275446
policy,85240,16897,16847,3385.6,261148,False,False,False,True,28,-0.7827892165195007
policy,85340,16917,16867,3389.4,261149,False,True,True,False,100,-1.4257221595140361
policy,85412,16932,16882,3392.2,261150,False,False,False,True,72,-1.415539998499964
policy,85512,16952,16902,3396.1,261151,False,True,True,False,100,-1.5279577819773085
policy,85612,16972,16922,3399.8,261152,False,False,True,False,100,-1.6923594964286355
policy,85626,16975,16925,3400.4,261153,False,False,False,True,14,-0.9318535605624478
policy,85726,16995,16945,3404.0,261154,False,False,True,False,100,-1.3047568722288685
policy,85806,17011,16961,3406.9,261155,False,False,False,True,80,-1.2305228302748459
policy,85906,17031,16981,3410.6,261156,False,False,True,False,100,-1.341915420706187
policy,86006,17051,17001,3414.3,261157,False,False,True,False,100,-1.6363183782742516
policy,86105,17070,17020,3417.8,261158,False,False,False,True,99,-1.3021743178123573
policy,86205,17090,17040,3421.6,261159,False,False,True,False,100,-1.427452264474757
policy,86305,17110,17060,3425.4,261160,False,False,True,False,100,-1.6536986357958212
policy,86405,17130,17080,3429.1,261161,False,False,True,False,100,-1.7099930983733773
policy,86495,17148,17098,3432.5,261162,False,True,False,True,90,-1.2178014023873038
policy,86595,17168,17118,3436.2,261163,False,False,True,False,100,-1.5917565384334125
policy,86695,17188,17138,3439.7,261164,False,True,True,False,100,-1.3859303116553108
policy,86795,17208,17158,3443.3,261165,False,False,True,False,100,-1.4256541776723992
policy,86895,17228,17178,3447.0,261166,False,False,True,False,100,-1.496073250863414
policy,86995,17248,17198,3450.8,261167,False,False,True,False,100,-1.2900219901251244
policy,87095,17268,17218,3454.6,261168,False,True,True,False,100,-1.472543716030369
policy,87195,17288,17238,3460.0,261169,False,False,True,False,100,-1.466068898268253
policy,87265,17302,17252,3464.9,261170,False,False,False,True,70,-1.064872918172858
policy,87365,17322,17272,3471.5,261171,False,False,True,False,100,-1.3588744424741739
policy,87465,17342,17292,3477.6,261172,False,False,True,False,100,-1.4714938275006222
policy,87559,17361,17311,3483.4,261173,False,False,False,True,94,-1.7508691831872507
policy,87659,17381,17331,3489.7,261174,False,True,True,False,100,-1.3069095740233836
policy,87738,17397,17347,3494.7,261175,False,False,False,True,79,-1.4033451634992422
policy,87838,17417,17367,3500.4,261176,False,False,True,False,100,-1.79215979794529
policy,87938,17437,17387,3505.6,261177,False,False,True,False,100,-1.786117278938268
policy,88031,17456,17406,3510.7,261178,False,False,False,True,93,-1.5363399683118966
policy,88131,17476,17426,3516.1,261179,False,False,True,False,100,-1.4242490655500033
policy,88231,17496,17446,3521.7,261180,False,False,True,False,100,-1.228331266844322
policy,88331,17516,17466,3527.6,261181,False,False,True,False,100,-1.6212327434076519
policy,88431,17536,17486,3533.5,261182,False,False,True,False,100,-1.6687878472507292
policy,88531,17556,17506,3538.2,261183,False,False,True,False,100,-1.3359186537284065
policy,88631,17576,17526,3542.1,261184,False,False,True,False,100,-1.8533304065921912
policy,88731,17596,17546,3545.8,261185,False,False,True,False,100,-1.5904836113573624
policy,88831,17616,17566,3549.7,261186,False,True,True,False,100,-1.5955951951982081
policy,88891,17628,17578,3552.1,261187,False,False,False,True,60,-1.0002471830418591
policy,88991,17648,17598,3555.9,261188,False,False,True,False,100,-1.329590889894798
policy,89091,17668,17618,3559.8,261189,False,False,True,False,100,-1.2922616765142354
policy,89191,17688,17638,3563.7,261190,False,False,True,False,100,-1.2492445300273678
policy,89291,17708,17658,3567.4,261191,False,True,True,False,100,-1.7617008112604178
policy,89296,17709,17659,3567.6,261192,False,False,False,True,5,-0.6186643758919332
policy,89396,17729,17679,3571.4,261193,False,True,True,False,100,-1.5605954313508867
policy,89496,17749,17699,3575.1,261194,False,True,True,False,100,-1.3442413425414637
policy,89596,17769,17719,3578.8,261195,False,True,True,False,100,-1.4153806130820459
policy,89696,17789,17739,3582.7,261196,False,False,True,False,100,-1.4631912771800812
policy,89796,17809,17759,3586.6,261197,False,False,True,False,100,-1.4445421932482847
policy,89896,17829,17779,3590.3,261198,False,False,True,False,100,-1.4940719372848983
policy,89996,17849,17799,3594.1,261199,False,False,True,False,100,-1.4645700256732317
policy,90096,17869,17819,3598.0,261200,False,True,True,False,100,-1.2644549252031223
policy,90196,17889,17839,3601.7,261201,False,False,True,False,100,-1.3446836389875823
policy,90296,17909,17859,3605.5,261202,False,False,True,False,100,-1.1922877042485358
policy,90396,17929,17879,3609.6,261203,False,False,True,False,100,-1.3116021230258188
policy,90496,17949,17899,3613.5,261204,False,False,True,False,100,-1.2982390779524713
policy,90596,17969,17919,3617.1,261205,False,True,True,False,100,-1.8040356727624738
policy,90696,17989,17939,3620.9,261206,False,False,True,False,100,-1.3507352342273933
policy,90796,18009,17959,3624.8,261207,False,True,True,False,100,-1.4459499446130786
policy,90814,18012,17962,3625.4,261208,False,False,False,True,18,-0.7229448963669032
policy,90895,18028,17978,3628.5,261209,False,True,False,True,81,-1.322394522366948
policy,90995,18048,17998,3632.5,261210,False,False,True,False,100,-1.4987065340334569
policy,91095,18068,18018,3636.2,261211,False,False,True,False,100,-1.33163384380437
policy,91170,18083,18033,3639.1,261212,False,True,False,True,75,-1.5643120533557355
policy,91270,18103,18053,3643.3,261213,False,False,True,False,100,-1.281085997554964
policy,91368,18123,18073,3647.2,261214,False,False,False,True,98,-1.3275690617608704
policy,91468,18143,18093,3651.0,261215,False,True,True,False,100,-1.6089486239656778
policy,91540,18157,18107,3653.7,261216,False,False,False,True,72,-1.0160907228265068
policy,91640,18177,18127,3657.4,261217,False,False,True,False,100,-1.4234146031983441
policy,91740,18197,18147,3661.2,261218,False,True,True,False,100,-1.7130683813161867
policy,91780,18205,18155,3662.8,261219,False,False,False,True,40,-1.0870584574461102
policy,91880,18225,18175,3666.6,261220,False,False,True,False,100,-1.48862838854592
policy,91957,18241,18191,3669.7,261221,True,True,False,False,77,0.5532454631657453
policy,92057,18261,18211,3674.2,261222,False,False,True,False,100,-1.4172428595396163
policy,92157,18281,18231,3678.2,261223,False,False,True,False,100,-1.3469380027840372
policy,92257,18301,18251,3682.0,261224,False,False,True,False,100,-1.381322595991401
policy,92357,18321,18271,3686.0,261225,False,False,True,False,100,-1.4807210602157643
policy,92389,18327,18277,3687.2,261226,False,True,False,True,32,-1.0642644989832946
policy,92489,18347,18297,3691.2,261227,False,False,True,False,100,-1.327378754934276
policy,92589,18367,18317,3695.2,261228,False,False,True,False,100,-1.612665714707365
policy,92689,18387,18337,3699.2,261229,False,True,True,False,100,-1.1881362143686172
policy,92789,18407,18357,3703.2,261230,False,False,True,False,100,-1.6415013602521484
policy,92889,18427,18377,3707.0,261231,False,True,True,False,100,-1.3901438733367202
policy,92989,18447,18397,3710.6,261232,False,True,True,False,100,-1.4565235490843893
policy,93089,18467,18417,3714.3,261233,False,True,True,False,100,-1.4647935991001328
policy,93127,18475,18425,3715.8,261234,False,False,False,True,38,-1.1044423729583583
policy,93227,18495,18445,3719.7,261235,False,True,True,False,100,-1.2602936699995557
policy,93327,18515,18465,3723.8,261236,False,False,True,False,100,-1.5266115392107258
policy,93427,18535,18485,3727.7,261237,False,False,True,False,100,-1.4632042982230216
policy,93527,18555,18505,3731.6,261238,False,True,True,False,100,-1.3825611434582816
policy,93627,18575,18525,3735.4,261239,False,False,True,False,100,-1.1678523796930267
policy,93727,18595,18545,3739.1,261240,False,True,True,False,100,-1.445555300216593
policy,93827,18615,18565,3742.8,261241,False,False,True,False,100,-1.3265398455438757
policy,93927,18635,18585,3746.6,261242,False,False,True,False,100,-1.5561227933423425
policy,94018,18653,18603,3750.1,261243,True,True,False,False,91,0.5961290644613461
policy,94118,18673,18623,3754.0,261244,False,False,True,False,100,-1.4734497225697103
policy,94218,18693,18643,3757.7,261245,False,False,True,False,100,-1.3258233134595843
policy,94318,18713,18663,3761.3,261246,False,False,True,False,100,-1.4379596783792103
policy,94391,18728,18678,3764.0,261247,False,True,False,True,73,-1.2445538186259681
policy,94481,18746,18696,3767.4,261248,False,True,False,True,90,-1.398774505018065
policy,94581,18766,18716,3771.3,261249,False,True,True,False,100,-1.5834734889808892
policy,94681,18786,18736,3775.2,261250,False,True,True,False,100,-1.70013469161039
policy,94781,18806,18756,3779.0,261251,False,False,True,False,100,-1.6760839375048917
policy,94881,18826,18776,3782.7,261252,False,False,True,False,100,-1.4545967408569533
policy,94981,18846,18796,3786.4,261253,False,False,True,False,100,-1.508228626586312
policy,95081,18866,18816,3790.1,261254,False,False,True,False,100,-1.3190538091136474
policy,95164,18882,18832,3793.0,261255,True,True,False,False,83,0.45406911864408395
policy,95264,18902,18852,3796.7,261256,False,False,True,False,100,-1.2598172003896455
policy,95364,18922,18872,3800.4,261257,False,False,True,False,100,-1.484830876006686
policy,95464,18942,18892,3804.2,261258,False,False,True,False,100,-1.4580633516641113
policy,95564,18962,18912,3808.1,261259,False,False,True,False,100,-1.4164645451251345
policy,95664,18982,18932,3812.1,261260,False,True,True,False,100,-1.3286360111781612
policy,95764,19002,18952,3816.1,261261,False,False,True,False,100,-1.2259830026746794
policy,95864,19022,18972,3819.9,261262,False,False,True,False,100,-1.8036375720276965
policy,95964,19042,18992,3823.7,261263,False,False,True,False,100,-1.6086551006079017
policy,96064,19062,19012,3827.6,261264,False,False,True,False,100,-1.230274372401653
policy,96164,19082,19032,3831.3,261265,False,True,True,False,100,-1.4014972173119853
policy,96264,19102,19052,3835.2,261266,False,False,True,False,100,-1.4929271447205155
policy,96364,19122,19072,3839.0,261267,False,True,True,False,100,-1.545190351897561
policy,96464,19142,19092,3842.9,261268,False,False,True,False,100,-1.344360040636746
policy,96559,19161,19111,3846.4,261269,True,True,False,False,95,0.5766130247816986
policy,96659,19181,19131,3850.2,261270,False,True,True,False,100,-1.5679360613425695
policy,96759,19201,19151,3854.0,261271,False,False,True,False,100,-1.212380007783791
policy,96859,19221,19171,3857.7,261272,False,False,True,False,100,-1.2944828819755754
policy,96959,19241,19191,3861.5,261273,False,False,True,False,100,-1.1816416830756007
policy,96981,19246,19196,3862.5,261274,False,False,False,True,22,-0.7361806531935744
policy,97081,19266,19216,3866.4,261275,False,False,True,False,100,-1.1782138398568194
policy,97181,19286,19236,3870.4,261276,False,True,True,False,100,-1.5789980731511104
policy,97254,19300,19250,3873.0,261277,True,True,False,False,73,0.49479154144350745
policy,97354,19320,19270,3876.7,261278,False,False,True,False,100,-1.3691228723969229
policy,97454,19340,19290,3880.4,261279,False,True,True,False,100,-1.3780312918244382
policy,97554,19360,19310,3884.1,261280,False,False,True,False,100,-1.3554999477516865
policy,97654,19380,19330,3887.8,261281,False,False,True,False,100,-1.6549224916130956
policy,97754,19400,19350,3891.6,261282,False,True,True,False,100,-1.3301419955312483
policy,97854,19420,19370,3895.4,261283,False,False,True,False,100,-1.5281407516563468
policy,97954,19440,19390,3899.0,261284,False,False,True,False,100,-1.450481528462165
policy,98054,19460,19410,3902.7,261285,False,True,True,False,100,-1.3311157596370435
policy,98154,19480,19430,3906.4,261286,False,False,True,False,100,-1.5384936872862252
policy,98226,19495,19445,3909.4,261287,False,False,False,True,72,-0.9932475979071966
policy,98326,19515,19465,3913.1,261288,False,True,True,False,100,-1.462802748190162
policy,98426,19535,19485,3917.0,261289,False,False,True,False,100,-1.6925477933884032
policy,98526,19555,19505,3920.7,261290,False,False,True,False,100,-1.498942985703032
policy,98626,19575,19525,3924.5,261291,False,False,True,False,100,-1.7078320107721428
policy,98726,19595,19545,3928.5,261292,False,False,True,False,100,-1.581675964343313
policy,98826,19615,19565,3932.3,261293,False,False,True,False,100,-1.1973523977580567
policy,98926,19635,19585,3936.0,261294,False,False,True,False,100,-1.568995202231728
policy,99026,19655,19605,3939.7,261295,False,False,True,False,100,-1.42280255432488
policy,99126,19675,19625,3943.5,261296,False,False,True,False,100,-1.6726853641866979
policy,99226,19695,19645,3947.3,261297,False,True,True,False,100,-1.7606988448033616
policy,99326,19715,19665,3951.7,261298,False,False,True,False,100,-1.6817403148543644
policy,99426,19735,19685,3955.6,261299,False,False,True,False,100,-1.5771473972240289
policy,99526,19755,19705,3959.5,261300,False,False,True,False,100,-1.1667926912320117
policy,99626,19775,19725,3963.3,261301,False,False,True,False,100,-1.6368336643763683
policy,99726,19795,19745,3966.9,261302,False,False,True,False,100,-1.4411164009423558
policy,99826,19815,19765,3970.6,261303,False,False,True,False,100,-1.5509680098584266
policy,99926,19835,19785,3974.3,261304,False,False,True,False,100,-1.5628687470543425
policy,99957,19841,19791,3975.4,261305,False,False,False,True,31,-0.8944601104110348
policy,100057,19861,19811,3979.2,261306,False,True,True,False,100,-1.4435809010895437
policy,100157,19881,19831,3983.1,261307,False,True,True,False,100,-1.6221878345309173
policy,100257,19901,19851,3986.7,261308,False,True,True,False,100,-1.5800739932603713
policy,100357,19921,19871,3990.4,261309,False,False,True,False,100,-1.3756106334899343
policy,100457,19941,19891,3994.1,261310,False,False,True,False,100,-1.4799934390596077
policy,100557,19961,19911,3998.1,261311,False,False,True,False,100,-1.4601218438556964
policy,100657,19981,19931,4002.0,261312,False,True,True,False,100,-1.65781335747991
policy,100757,20001,19951,4006.1,261313,False,False,True,False,100,-1.1007146448342242
policy,100857,20021,19971,4010.2,261314,False,True,True,False,100,-1.5953945913856487
policy,100957,20041,19991,4013.8,261315,False,False,True,False,100,-1.4445565187260718
policy,100997,20049,19999,4015.3,261316,False,False,False,True,40,-0.7882356961202962
policy,101097,20069,20019,4019.0,261317,False,False,True,False,100,-1.6398536209960377
policy,101197,20089,20039,4022.8,261318,False,True,True,False,100,-1.7165783509398875
policy,101297,20109,20059,4026.6,261319,False,False,True,False,100,-1.6407224190297356
policy,101397,20129,20079,4030.5,261320,False,False,True,False,100,-1.611241132750518
policy,101497,20149,20099,4034.4,261321,False,False,True,False,100,-1.3522842957481793
policy,101597,20169,20119,4038.3,261322,False,True,True,False,100,-1.6288964276309847
policy,101661,20182,20132,4040.9,261323,False,True,False,True,64,-1.1953547225272012
policy,101761,20202,20152,4044.9,261324,False,True,True,False,100,-1.5059037967927393
policy,101838,20217,20167,4047.7,261325,True,True,False,False,77,0.42040050906085724
policy,101938,20237,20187,4051.3,261326,False,False,True,False,100,-1.5948344260514609
policy,102038,20257,20207,4055.0,261327,False,True,True,False,100,-1.4431134638662142
policy,102138,20277,20227,4058.6,261328,False,True,True,False,100,-1.351915047046531
policy,102178,20285,20235,4060.1,261329,False,True,False,True,40,-0.988635259926756
policy,102278,20305,20255,4063.8,261330,False,True,True,False,100,-1.580987871859951
policy,102378,20325,20275,4067.6,261331,False,False,True,False,100,-1.3859419775792907
policy,102478,20345,20295,4071.5,261332,False,False,True,False,100,-1.673080845181268
policy,102558,20361,20311,4074.6,261333,False,False,False,True,80,-1.189690628528518
policy,102638,20377,20327,4077.6,261334,True,True,False,False,80,0.4193334943369983
policy,102738,20397,20347,4081.2,261335,False,False,True,False,100,-1.5590740992600036
policy,102785,20406,20356,4082.8,261336,False,False,False,True,47,-1.015104059536291
policy,102885,20426,20376,4086.6,261337,False,False,True,False,100,-1.3196479439445685
policy,102985,20446,20396,4090.3,261338,False,False,True,False,100,-1.486325645508224
policy,103085,20466,20416,4094.2,261339,False,False,True,False,100,-1.1691235359810384
policy,103185,20486,20436,4098.3,261340,False,False,True,False,100,-1.4007258888623981
policy,103285,20506,20456,4102.2,261341,False,False,True,False,100,-1.4502308932788763
policy,103333,20516,20466,4104.1,261342,False,True,False,True,48,-1.086198208863755
policy,103433,20536,20486,4107.9,261343,False,False,True,False,100,-1.4470717082608182
policy,103533,20556,20506,4111.5,261344,False,True,True,False,100,-1.3322107934837177
policy,103600,20569,20519,4113.8,261345,True,True,False,False,67,0.5538002852626722
policy,103700,20589,20539,4117.5,261346,False,True,True,False,100,-1.7550545122544352
policy,103800,20609,20559,4121.2,261347,False,True,True,False,100,-1.3259153352432103
policy,103900,20629,20579,4125.0,261348,False,True,True,False,100,-1.601093694458795
policy,103991,20648,20598,4128.6,261349,False,True,False,True,91,-1.5097707841201133
policy,104091,20668,20618,4132.3,261350,False,True,True,False,100,-1.7934597796296223
policy,104191,20688,20638,4136.0,261351,False,False,True,False,100,-1.3998183202192385
policy,104291,20708,20658,4139.8,261352,False,True,True,False,100,-1.2629263092331886
policy,104380,20725,20675,4143.0,261353,True,True,False,False,89,0.45594497395978817
policy,104480,20745,20695,4146.8,261354,False,False,True,False,100,-1.7411323378231787
policy,104580,20765,20715,4150.6,261355,False,False,True,False,100,-1.2409083763414532
policy,104680,20785,20735,4154.5,261356,False,False,True,False,100,-1.5876123745254451
policy,104780,20805,20755,4158.3,261357,False,False,True,False,100,-1.4049960634585048
policy,104880,20825,20775,4162.3,261358,False,False,True,False,100,-1.4263536997606763
policy,104980,20845,20795,4166.3,261359,False,True,True,False,100,-1.5713621811935743
policy,105080,20865,20815,4170.2,261360,False,False,True,False,100,-1.3337197554273579
policy,105128,20875,20825,4172.1,261361,True,True,False,False,48,0.6759263126785702
policy,105228,20895,20845,4176.0,261362,False,True,True,False,100,-1.6084098455069147
policy,105328,20915,20865,4180.0,261363,False,False,True,False,100,-1.4623661305766942
policy,105428,20935,20885,4183.8,261364,False,False,True,False,100,-1.3227344016016405
policy,105528,20955,20905,4187.6,261365,False,True,True,False,100,-1.3545892092339344
policy,105628,20975,20925,4191.7,261366,False,False,True,False,100,-1.413500075755389
policy,105652,20980,20930,4192.7,261367,False,False,False,True,24,-0.6984575336456051
policy,105752,21000,20950,4196.7,261368,False,True,True,False,100,-1.5888978773714115
policy,105852,21020,20970,4200.6,261369,False,True,True,False,100,-1.5555538387380832
policy,105923,21034,20984,4203.3,261370,False,False,False,True,71,-1.0799111641505592
policy,106023,21054,21004,4207.6,261371,False,False,True,False,100,-1.3328513556105714
policy,106123,21074,21024,4211.4,261372,False,True,True,False,100,-1.585139891185209
policy,106139,21077,21027,4212.0,261373,False,False,False,True,16,-0.7730360175927307
policy,106239,21097,21047,4215.8,261374,False,True,True,False,100,-1.7371280978917012
policy,106339,21117,21067,4219.6,261375,False,False,True,False,100,-1.721777491763251
policy,106439,21137,21087,4223.4,261376,False,False,True,False,100,-1.4155637367555536
policy,106539,21157,21107,4227.1,261377,False,False,True,False,100,-1.2997177415719585
policy,106639,21177,21127,4230.9,261378,False,False,True,False,100,-1.7339133481409537
policy,106726,21195,21145,4234.4,261379,True,True,False,False,87,0.5490002374283819
policy,106826,21215,21165,4238.4,261380,False,False,True,False,100,-1.5992533026864382
policy,106926,21235,21185,4242.3,261381,False,True,True,False,100,-1.4526550457826837
policy,107014,21252,21202,4245.7,261382,False,False,False,True,88,-1.3078627079646967
policy,107114,21272,21222,4249.7,261383,False,True,True,False,100,-1.611333291346186
policy,107179,21285,21235,4252.2,261384,False,False,False,True,65,-1.3016509056030703
policy,107279,21305,21255,4255.9,261385,False,True,True,False,100,-1.4678037129403618
policy,107379,21325,21275,4259.8,261386,False,False,True,False,100,-1.3534778254715851
policy,107479,21345,21295,4263.9,261387,False,False,True,False,100,-1.3828960178241727
policy,107579,21365,21315,4267.9,261388,False,False,True,False,100,-1.5020450743516953
policy,107679,21385,21335,4272.1,261389,False,True,True,False,100,-1.764224310764531
policy,107779,21405,21355,4275.9,261390,False,False,True,False,100,-1.5264119835531997
policy,107879,21425,21375,4279.8,261391,False,True,True,False,100,-1.4122939853405245
policy,107979,21445,21395,4283.8,261392,False,False,True,False,100,-1.830371868199514
policy,108079,21465,21415,4287.6,261393,False,True,True,False,100,-1.605738671348997
policy,108179,21485,21435,4291.4,261394,False,False,True,False,100,-1.609933982028867
policy,108275,21504,21454,4295.0,261395,True,True,False,False,96,0.18762000743123153
policy,108375,21524,21474,4298.9,261396,False,True,True,False,100,-1.5078784673859538
policy,108430,21535,21485,4301.1,261397,False,False,False,True,55,-1.0642310262982062
policy,108530,21555,21505,4304.7,261398,False,True,True,False,100,-1.5003428604085232
policy,108630,21575,21525,4308.4,261399,False,False,True,False,100,-1.3758215076465388
policy,108730,21595,21545,4312.1,261400,False,False,True,False,100,-1.4659671997974884
policy,108830,21615,21565,4315.9,261401,False,True,True,False,100,-1.6019599379214289
policy,108930,21635,21585,4319.7,261402,False,True,True,False,100,-1.6866489354683534
policy,109030,21655,21605,4323.6,261403,False,False,True,False,100,-1.1454359458535261
policy,109130,21675,21625,4327.4,261404,False,False,True,False,100,-1.5803974955163924
policy,109230,21695,21645,4331.1,261405,False,True,True,False,100,-1.5686585675841644
policy,109330,21715,21665,4334.7,261406,False,False,True,False,100,-1.3087380130439117
policy,109430,21735,21685,4338.6,261407,False,False,True,False,100,-1.3260574315829123
policy,109530,21755,21705,4342.5,261408,False,True,True,False,100,-1.3996365257022323
policy,109630,21775,21725,4346.2,261409,False,False,True,False,100,-1.2710411504514612
policy,109730,21795,21745,4350.0,261410,False,True,True,False,100,-1.5467339013658332
policy,109830,21815,21765,4354.3,261411,False,False,True,False,100,-1.5052281705514345
policy,109930,21835,21785,4358.3,261412,False,False,True,False,100,-1.5279599386821228
policy,110030,21855,21805,4362.4,261413,False,True,True,False,100,-1.5396794265591782
policy,110049,21859,21809,4363.2,261414,False,False,False,True,19,-0.7513120163716183
policy,110149,21879,21829,4367.2,261415,False,False,True,False,100,-1.3485801812995946
policy,110202,21890,21840,4369.4,261416,True,True,False,False,53,0.6105451154908158
policy,110302,21910,21860,4373.7,261417,False,True,True,False,100,-1.7448621173287961
policy,110402,21930,21880,4377.7,261418,False,False,True,False,100,-1.7082858061732868
policy,110500,21949,21899,4381.6,261419,True,True,False,False,98,0.3280827901719796
policy,110600,21969,21919,4385.9,261420,False,False,True,False,100,-1.3053465883437303
policy,110610,21971,21921,4386.3,261421,False,False,False,True,10,-0.8917583800579724
policy,110710,21991,21941,4390.2,261422,False,False,True,False,100,-1.216132015887975
policy,110810,22011,21961,4394.2,261423,False,False,True,False,100,-1.304972012401814
policy,110910,22031,21981,4398.3,261424,False,False,True,False,100,-1.5327228561437543
policy,111010,22051,22001,4402.5,261425,False,True,True,False,100,-1.4408545111748414
policy,111110,22071,22021,4406.8,261426,False,True,True,False,100,-1.3342277498954038
policy,111115,22072,22022,4407.0,261427,False,False,False,True,5,-0.5628883289110335
policy,111215,22092,22042,4411.0,261428,False,True,True,False,100,-1.192527099885595
policy,111315,22112,22062,4415.1,261429,False,False,True,False,100,-1.4282840024945895
policy,111415,22132,22082,4419.2,261430,False,True,True,False,100,-1.1926947576213127
policy,111515,22152,22102,4423.2,261431,False,False,True,False,100,-1.2926683774449494
policy,111538,22157,22107,4424.1,261432,False,False,False,True,23,-0.7568928662550924
policy,111622,22174,22124,4427.7,261433,False,False,False,True,84,-1.3378721101601845
policy,111722,22194,22144,4431.8,261434,False,True,True,False,100,-1.8082605864851091
policy,111822,22214,22164,4436.0,261435,False,False,True,False,100,-1.5970152724729123
policy,111922,22234,22184,4440.1,261436,False,False,True,False,100,-1.4376978995152268
policy,112022,22254,22204,4444.1,261437,False,False,True,False,100,-1.3352859491767624
policy,112122,22274,22224,4448.3,261438,False,False,True,False,100,-1.7312095290302532
policy,112222,22294,22244,4452.5,261439,False,True,True,False,100,-1.71094990914201
policy,112322,22314,22264,4456.5,261440,False,False,True,False,100,-1.418809160348759
policy,112422,22334,22284,4460.6,261441,False,False,True,False,100,-1.3662328033550546
policy,112522,22354,22304,4464.8,261442,False,False,True,False,100,-1.2748178631635498
policy,112622,22374,22324,4468.9,261443,False,False,True,False,100,-1.5019395703644283
policy,112722,22394,22344,4472.9,261444,False,False,True,False,100,-1.445005916289019
policy,112760,22401,22351,4474.4,261445,False,True,False,True,38,-1.112471421562345
policy,112860,22421,22371,4478.5,261446,False,True,True,False,100,-1.6147259511580767
policy,112960,22441,22391,4482.8,261447,False,False,True,False,100,-1.5112403409008515
policy,113060,22461,22411,4487.0,261448,False,True,True,False,100,-1.467171338037765
policy,113142,22478,22428,4490.7,261449,True,True,False,False,82,0.5579217611128645
policy,113242,22498,22448,4495.1,261450,False,False,True,False,100,-1.2614693225673403
policy,113288,22507,22457,4497.0,261451,False,False,False,True,46,-1.000945851839842
policy,113388,22527,22477,4500.9,261452,False,False,True,False,100,-1.235918738641084
policy,113488,22547,22497,4504.9,261453,False,False,True,False,100,-1.6252583002575292
policy,113588,22567,22517,4509.3,261454,False,True,True,False,100,-1.5146774328780181
policy,113688,22587,22537,4513.4,261455,False,True,True,False,100,-1.488421531476254
policy,113788,22607,22557,4517.7,261456,False,True,True,False,100,-1.6964278160914135
policy,113888,22627,22577,4521.9,261457,False,True,True,False,100,-1.6369322019009303
policy,113988,22647,22597,4526.3,261458,False,True,True,False,100,-1.7125315857823524
policy,114088,22667,22617,4530.4,261459,False,True,True,False,100,-1.6467919590084832
policy,114188,22687,22637,4534.2,261460,False,False,True,False,100,-1.2698355156406576
policy,114288,22707,22657,4538.1,261461,False,False,True,False,100,-1.2436176326788373
policy,114388,22727,22677,4542.2,261462,False,False,True,False,100,-1.3965503014914977
policy,114443,22738,22688,4544.4,261463,True,True,False,False,55,0.6319210549436118
policy,114543,22758,22708,4548.5,261464,False,False,True,False,100,-1.4029134697433276
policy,114643,22778,22728,4553.3,261465,False,True,True,False,100,-1.5399253021426977
policy,114743,22798,22748,4557.6,261466,False,False,True,False,100,-1.2742621573570567
policy,114843,22818,22768,4561.6,261467,False,True,True,False,100,-1.4996617770337335
policy,114943,22838,22788,4565.6,261468,False,False,True,False,100,-1.3029075114587916
policy,115043,22858,22808,4569.6,261469,False,False,True,False,100,-1.672852232501828
policy,115143,22878,22828,4573.7,261470,False,False,True,False,100,-1.3946558700684784
policy,115243,22898,22848,4577.9,261471,False,False,True,False,100,-1.6004636459678268
policy,115343,22918,22868,4582.2,261472,False,True,True,False,100,-1.5834672653681903
policy,115443,22938,22888,4586.6,261473,False,True,True,False,100,-1.8752692054782785
policy,115543,22958,22908,4591.0,261474,False,True,True,False,100,-1.649647722902861
policy,115643,22978,22928,4595.1,261475,False,True,True,False,100,-1.7459993380533712
policy,115743,22998,22948,4599.3,261476,False,False,True,False,100,-1.455541565075357
policy,115843,23018,22968,4603.8,261477,False,True,True,False,100,-1.6216731581082522
policy,115943,23038,22988,4608.1,261478,False,True,True,False,100,-1.6756276614009358
policy,116043,23058,23008,4612.5,261479,False,False,True,False,100,-1.3114263632496834
policy,116122,23074,23024,4616.2,261480,True,True,False,False,79,0.5057240431598088
policy,116222,23094,23044,4620.8,261481,False,True,True,False,100,-1.2521612999946528
policy,116322,23114,23064,4624.9,261482,False,False,True,False,100,-1.3235894247774675
policy,116422,23134,23084,4628.9,261483,False,False,True,False,100,-1.2381952758877968
policy,116522,23154,23104,4633.0,261484,False,False,True,False,100,-1.4063025347999325
policy,116622,23174,23124,4637.3,261485,False,False,True,False,100,-1.4937750246731267
policy,116722,23194,23144,4641.7,261486,False,False,True,False,100,-1.4177920549055614
policy,116822,23214,23164,4646.2,261487,False,True,True,False,100,-1.5020714627565444
policy,116922,23234,23184,4650.6,261488,False,True,True,False,100,-1.7095812536524526
policy,117022,23254,23204,4654.9,261489,False,True,True,False,100,-1.2966015504394273
policy,117122,23274,23224,4658.9,261490,False,False,True,False,100,-1.5588013648318841
policy,117196,23289,23239,4662.1,261491,False,False,False,True,74,-1.3231277660701397
policy,117296,23309,23259,4666.4,261492,False,False,True,False,100,-1.3347735964683278
policy,117396,23329,23279,4670.7,261493,False,False,True,False,100,-1.241977305037074
policy,117477,23345,23295,4674.1,261494,True,True,False,False,81,0.6620256935313984
policy,117577,23365,23315,4678.6,261495,False,False,True,False,100,-1.5458663490715938
policy,117677,23385,23335,4682.6,261496,False,True,True,False,100,-1.4556830194342623
policy,117777,23405,23355,4686.6,261497,False,False,True,False,100,-1.790909541342109
policy,117877,23425,23375,4690.7,261498,False,False,True,False,100,-1.2798646415515682
policy,117977,23445,23395,4695.0,261499,False,True,True,False,100,-1.3695130928713715
policy,118077,23465,23415,4699.2,261500,False,False,True,False,100,-1.3800976489955907
policy,118111,23472,23422,4700.7,261501,False,False,False,True,34,-0.7948207608246567
policy,118211,23492,23442,4705.2,261502,False,False,True,False,100,-1.2717389575473832
policy,118311,23512,23462,4709.3,261503,False,False,True,False,100,-1.4024351857689092
policy,118383,23526,23476,4712.2,261504,False,True,False,True,72,-1.3180349764277925
policy,118483,23546,23496,4716.1,261505,False,False,True,False,100,-1.5286725133863865
policy,118583,23566,23516,4720.2,261506,False,False,True,False,100,-1.3252713591407055
policy,118611,23572,23522,4721.4,261507,False,False,False,True,28,-0.7016099429711872
policy,118711,23592,23542,4725.4,261508,False,False,True,False,100,-1.8395508279778818
policy,118811,23612,23562,4729.7,261509,False,True,True,False,100,-1.2161475798627062
policy,118911,23632,23582,4734.0,261510,False,False,True,False,100,-1.73798628592496
policy,118950,23639,23589,4735.5,261511,False,False,False,True,39,-0.9864099240447324
policy,119050,23659,23609,4739.8,261512,False,True,True,False,100,-1.8625225503363567
policy,119070,23663,23613,4740.6,261513,False,False,False,True,20,-0.9543897039560045
policy,119170,23683,23633,4745.0,261514,False,True,True,False,100,-1.2525851218249124
policy,119270,23703,23653,4749.4,261515,False,False,True,False,100,-1.2315602006212898
policy,119370,23723,23673,4753.6,261516,False,False,True,False,100,-1.7828311758272801
policy,119470,23743,23693,4757.9,261517,False,True,True,False,100,-1.3878567940370314
policy,119570,23763,23713,4762.0,261518,False,False,True,False,100,-1.4221599589396456
policy,119670,23783,23733,4766.2,261519,False,True,True,False,100,-1.7346689026503246
policy,119770,23803,23753,4770.2,261520,False,False,True,False,100,-1.536069200305029
policy,119870,23823,23773,4774.2,261521,False,False,True,False,100,-1.5657864751375052
policy,119970,23843,23793,4778.3,261522,False,False,True,False,100,-1.3466222345488954
policy,119979,23845,23795,4778.7,261523,False,False,False,True,9,-0.801713037028705
policy,120079,23865,23815,4783.1,261524,False,True,True,False,100,-1.6045015538269056
policy,120179,23885,23835,4787.2,261525,False,False,True,False,100,-1.5383907416194054
policy,120279,23905,23855,4791.4,261526,False,True,True,False,100,-1.708836935991913
policy,120379,23925,23875,4795.5,261527,False,False,True,False,100,-1.5880491530117486
policy,120479,23945,23895,4799.8,261528,False,False,True,False,100,-1.198200551065012
policy,120579,23965,23915,4803.8,261529,False,True,True,False,100,-1.348240864224287
policy,120679,23985,23935,4807.9,261530,False,True,True,False,100,-1.2937738820388756
policy,120779,24005,23955,4812.3,261531,False,True,True,False,100,-1.4358751017795655
policy,120879,24025,23975,4816.6,261532,False,False,True,False,100,-1.5474814644011423
policy,120979,24045,23995,4820.8,261533,False,True,True,False,100,-1.6703811107003597
policy,121079,24065,24015,4824.9,261534,False,True,True,False,100,-1.5749129814567964
policy,121179,24085,24035,4829.0,261535,False,True,True,False,100,-1.493777840001685
policy,121230,24095,24045,4831.3,261536,True,True,False,False,51,0.7225512969466446
policy,121330,24115,24065,4835.5,261537,False,False,True,False,100,-1.2825252935498228
policy,121430,24135,24085,4839.7,261538,False,False,True,False,100,-1.3786352498651748
policy,121530,24155,24105,4844.0,261539,False,False,True,False,100,-1.6299341690074072
policy,121630,24175,24125,4848.4,261540,False,True,True,False,100,-1.4257246771577177
policy,121730,24195,24145,4852.5,261541,False,True,True,False,100,-1.4764521131112165
policy,121830,24215,24165,4856.5,261542,False,True,True,False,100,-1.5551144311516008
policy,121902,24230,24180,4859.5,261543,False,True,False,True,72,-1.27529630110135
policy,121995,24248,24198,4863.2,261544,True,True,False,False,93,0.36767163039047546
policy,122095,24268,24218,4867.4,261545,False,False,True,False,100,-1.4666115887772646
policy,122195,24288,24238,4871.6,261546,False,False,True,False,100,-1.6695722435970657
policy,122295,24308,24258,4875.8,261547,False,True,True,False,100,-1.6468733769147637
policy,122395,24328,24278,4880.0,261548,False,True,True,False,100,-1.5701552195055704
policy,122495,24348,24298,4884.2,261549,False,False,True,False,100,-1.2554333317227737
policy,122595,24368,24318,4888.3,261550,False,True,True,False,100,-1.3513504112062367
policy,122695,24388,24338,4892.6,261551,False,True,True,False,100,-1.572696294758018
policy,122795,24408,24358,4897.3,261552,False,False,True,False,100,-1.448442674112484
policy,122894,24428,24378,4901.7,261553,True,True,False,False,99,0.41838064123701635
policy,122994,24448,24398,4906.2,261554,False,False,True,False,100,-1.56003100913105
policy,123094,24468,24418,4910.6,261555,False,False,True,False,100,-1.533825030624143
policy,123194,24488,24438,4914.9,261556,False,False,True,False,100,-1.3448860984213569
policy,123294,24508,24458,4919.0,261557,False,True,True,False,100,-1.4507638108575773
policy,123394,24528,24478,4923.2,261558,False,True,True,False,100,-1.3205489041506988
policy,123494,24548,24498,4927.6,261559,False,False,True,False,100,-1.1965919634663345
policy,123594,24568,24518,4931.9,261560,False,False,True,False,100,-1.317597702420048
policy,123694,24588,24538,4936.0,261561,False,False,True,False,100,-1.452990432249643
policy,123732,24596,24546,4937.7,261562,False,False,False,True,38,-0.7617857628555786
policy,123832,24616,24566,4941.9,261563,False,False,True,False,100,-1.196427160953696
policy,123932,24636,24586,4946.2,261564,False,False,True,False,100,-1.3785826136438755
policy,124032,24656,24606,4950.3,261565,False,True,True,False,100,-1.4636822281234518
policy,124132,24676,24626,4954.5,261566,False,False,True,False,100,-1.3496892426154905
policy,124203,24690,24640,4957.6,261567,False,False,False,True,71,-1.2598911957504455
policy,124303,24710,24660,4961.8,261568,False,True,True,False,100,-1.6724196595292216
policy,124324,24714,24664,4962.7,261569,False,False,False,True,21,-0.9159617426566238
policy,124424,24734,24684,4966.9,261570,False,False,True,False,100,-1.299238124260071
policy,124514,24752,24702,4970.8,261571,False,True,False,True,90,-1.518855259036985
policy,124614,24772,24722,4975.0,261572,False,True,True,False,100,-1.4451598819769944
policy,124714,24792,24742,4979.1,261573,False,False,True,False,100,-1.4974100630939389
policy,124814,24812,24762,4983.5,261574,False,True,True,False,100,-1.4748285975168929
policy,124914,24832,24782,4987.8,261575,False,False,True,False,100,-1.39117014618477
policy,125014,24852,24802,4992.1,261576,False,True,True,False,100,-1.5162097148280402
policy,125114,24872,24822,4996.4,261577,False,True,True,False,100,-1.4873303197755425
policy,125158,24881,24831,4998.3,261578,False,True,False,True,44,-1.1669306494038247
policy,125258,24901,24851,5002.5,261579,False,True,True,False,100,-1.588839558096034
policy,125358,24921,24871,5006.6,261580,False,False,True,False,100,-1.7372718996479946
policy,125398,24929,24879,5008.2,261581,False,False,False,True,40,-0.8469438192393692
policy,125498,24949,24899,5012.4,261582,False,False,True,False,100,-1.339907502655819
policy,125598,24969,24919,5016.7,261583,False,False,True,False,100,-1.4448774973636738
policy,125698,24989,24939,5020.9,261584,False,False,True,False,100,-1.455324835028877
policy,125773,25004,24954,5024.0,261585,True,True,False,False,75,0.42555045490089416
policy,125873,25024,24974,5028.3,261586,False,False,True,False,100,-1.372939145422289
policy,125973,25044,24994,5032.4,261587,False,False,True,False,100,-1.467274895042936
policy,126073,25064,25014,5036.6,261588,False,False,True,False,100,-1.427308198332969
policy,126173,25084,25034,5041.0,261589,False,True,True,False,100,-1.634152417445344
policy,126273,25104,25054,5045.5,261590,False,True,True,False,100,-1.3524850381935245
policy,126373,25124,25074,5049.6,261591,False,True,True,False,100,-1.597694325610406
policy,126473,25144,25094,5053.7,261592,False,False,True,False,100,-1.215087179248078
policy,126573,25164,25114,5057.8,261593,False,False,True,False,100,-1.5136876693969443
policy,126673,25184,25134,5062.2,261594,False,True,True,False,100,-1.6675690005425685
policy,126773,25204,25154,5066.3,261595,False,True,True,False,100,-1.7897220298514953
policy,126873,25224,25174,5070.5,261596,False,False,True,False,100,-1.362852807180829
policy,126934,25236,25186,5073.0,261597,True,True,False,False,61,0.48481671644346125
policy,127034,25256,25206,5077.4,261598,False,False,True,False,100,-1.5390901507811026
policy,127134,25276,25226,5081.8,261599,False,False,True,False,100,-1.412927721862812
policy,127234,25296,25246,5085.9,261600,False,False,True,False,100,-1.3506672156067308
policy,127334,25316,25266,5090.0,261601,False,True,True,False,100,-1.7363284742464047
policy,127434,25336,25286,5094.1,261602,False,False,True,False,100,-1.2748470019166325
policy,127534,25356,25306,5098.3,261603,False,True,True,False,100,-1.5382630624420583
policy,127634,25376,25326,5102.6,261604,False,True,True,False,100,-1.4461055831870218
policy,127734,25396,25346,5107.1,261605,False,True,True,False,100,-1.529514776924144
policy,127834,25416,25366,5112.0,261606,False,False,True,False,100,-1.6526378046359624
policy,127926,25435,25385,5116.0,261607,True,True,False,False,92,0.3472360164730951
policy,128026,25455,25405,5120.1,261608,False,False,True,False,100,-1.461801995778135
policy,128126,25475,25425,5124.2,261609,False,True,True,False,100,-1.595964636763835
policy,128226,25495,25445,5128.5,261610,False,True,True,False,100,-1.5163958023758306
policy,128326,25515,25465,5132.8,261611,False,False,True,False,100,-1.423991070056882
policy,128426,25535,25485,5137.3,261612,False,True,True,False,100,-1.2870619497080642
policy,128526,25555,25505,5141.8,261613,False,True,True,False,100,-1.5116599644059807
policy,128530,25555,25505,5141.8,261614,False,False,False,True,4,-0.6725172599878327
policy,128630,25575,25525,5146.1,261615,False,False,True,False,100,-1.597409552666678
policy,128708,25591,25541,5149.5,261616,True,True,False,False,78,0.44754054068105953
policy,128808,25611,25561,5154.3,261617,False,False,True,False,100,-1.6682255796452239
policy,128908,25631,25581,5158.5,261618,False,False,True,False,100,-1.5636841336074956
policy,129004,25650,25600,5162.5,261619,False,False,False,True,96,-1.4305946352502619
policy,129104,25670,25620,5166.9,261620,False,True,False,True,100,-1.6032824984075507
policy,129204,25690,25640,5171.5,261621,False,False,True,False,100,-1.6811603954608656
policy,129304,25710,25660,5175.8,261622,False,False,True,False,100,-1.4003870141199515
policy,129404,25730,25680,5180.0,261623,False,False,True,False,100,-1.3271194848799948
policy,129504,25750,25700,5184.2,261624,False,False,True,False,100,-1.7210975998697537
policy,129537,25757,25707,5185.7,261625,False,False,False,True,33,-0.7393771925667363
policy,129637,25777,25727,5189.9,261626,False,True,True,False,100,-1.3153461933746282
policy,129670,25783,25733,5191.2,261627,False,False,False,True,33,-0.8999904615674384
policy,129770,25803,25753,5195.5,261628,False,False,True,False,100,-1.3993512690610412
policy,129870,25823,25773,5200.2,261629,False,False,True,False,100,-1.2989072300941964
policy,129970,25843,25793,5204.6,261630,False,False,True,False,100,-1.3966886414882684
policy,130070,25863,25813,5208.7,261631,False,True,True,False,100,-1.4558375254920404
policy,130170,25883,25833,5213.2,261632,False,False,True,False,100,-1.4635263846281594
policy,130270,25903,25853,5217.6,261633,False,False,True,False,100,-1.590163871958489
policy,130363,25922,25872,5221.7,261634,False,True,False,True,93,-1.619184695578363
policy,130463,25942,25892,5226.1,261635,False,False,True,False,100,-1.4117224025397137
policy,130563,25962,25912,5230.8,261636,False,True,True,False,100,-1.6678072917838391
policy,130663,25982,25932,5235.3,261637,False,True,True,False,100,-1.6169842159993943
policy,130763,26002,25952,5239.6,261638,False,False,True,False,100,-1.4874149602770645
policy,130863,26022,25972,5243.7,261639,False,False,True,False,100,-1.581149032763495
policy,130963,26042,25992,5247.7,261640,False,False,True,False,100,-1.7181748741818823
policy,130977,26045,25995,5248.4,261641,False,False,False,True,14,-0.8566887043907482
policy,131077,26065,26015,5252.6,261642,False,True,True,False,100,-1.4454454535394377
policy,131177,26085,26035,5256.9,261643,False,False,True,False,100,-1.390098444064673
policy,131277,26105,26055,5261.5,261644,False,True,True,False,100,-1.4798585203754113
policy,131354,26120,26070,5265.0,261645,True,True,False,False,77,0.49372336740227574
policy,131454,26140,26090,5269.0,261646,False,True,True,False,100,-1.4373379234709138
policy,131554,26160,26110,5273.1,261647,False,False,True,False,100,-1.3106802032930758
policy,131654,26180,26130,5277.4,261648,False,True,True,False,100,-1.4192726997775906
policy,131731,26196,26146,5280.9,261649,True,True,False,False,77,0.6153707460664917
policy,131754,26200,26150,5281.8,261650,False,False,False,True,23,-0.8043304946256429
policy,131854,26220,26170,5286.2,261651,False,True,True,False,100,-1.385855709535067
policy,131954,26240,26190,5291.0,261652,False,False,True,False,100,-1.3262208430742186
policy,132054,26260,26210,5295.2,261653,False,True,True,False,100,-1.8382283204551757
policy,132154,26280,26230,5299.2,261654,False,True,True,False,100,-1.421984698303579
policy,132254,26300,26250,5303.3,261655,False,False,True,False,100,-1.3815552450441784
policy,132354,26320,26270,5307.3,261656,False,False,True,False,100,-1.5469000085830582
policy,132454,26340,26290,5311.5,261657,False,True,True,False,100,-1.312085161218698
policy,132554,26360,26310,5315.7,261658,False,True,True,False,100,-1.6720057590266406
policy,132654,26380,26330,5319.9,261659,False,False,True,False,100,-1.5386784834815512
policy,132754,26400,26350,5324.2,261660,False,False,True,False,100,-1.7662934855165693
policy,132854,26420,26370,5328.4,261661,False,False,True,False,100,-1.5138319938281073
policy,132954,26440,26390,5332.6,261662,False,True,True,False,100,-1.310168644375014
policy,133054,26460,26410,5336.8,261663,False,True,True,False,100,-1.3388629367807636
policy,133154,26480,26430,5341.0,261664,False,False,True,False,100,-1.360586358986022
policy,133254,26500,26450,5345.4,261665,False,True,True,False,100,-1.3618843855960638
policy,133354,26520,26470,5349.8,261666,False,False,True,False,100,-1.463613837221362
policy,133373,26524,26474,5350.7,261667,False,False,False,True,19,-0.841297049510439
policy,133473,26544,26494,5355.3,261668,False,False,True,False,100,-1.3355856311264516
policy,133573,26564,26514,5359.7,261669,False,True,True,False,100,-1.5576857272319473
policy,133673,26584,26534,5364.1,261670,False,False,True,False,100,-1.2668127791092698
policy,133773,26604,26554,5368.3,261671,False,True,True,False,100,-1.3936815820874706
policy,133873,26624,26574,5372.4,261672,False,True,True,False,100,-1.4260923290670044
policy,133973,26644,26594,5376.6,261673,False,False,True,False,100,-1.5226654494682133
policy,134073,26664,26614,5380.9,261674,False,False,True,False,100,-1.7078838459200931
policy,134173,26684,26634,5385.2,261675,False,True,True,False,100,-1.30059953598089
policy,134273,26704,26654,5389.5,261676,False,True,True,False,100,-1.2955535020882905
policy,134373,26724,26674,5393.8,261677,False,False,True,False,100,-1.5435525372329804
policy,134473,26744,26694,5397.9,261678,False,False,True,False,100,-1.2996850049615827
policy,134516,26753,26703,5399.8,261679,False,False,False,True,43,-1.0129012696615134
policy,134616,26773,26723,5404.3,261680,False,True,True,False,100,-1.5309576667436862
policy,134716,26793,26743,5408.5,261681,False,True,True,False,100,-1.4906012009149294
policy,134804,26810,26760,5412.6,261682,True,True,False,False,88,0.44003257770834836
policy,134904,26830,26780,5417.0,261683,False,True,True,False,100,-1.668388318216576
policy,134924,26834,26784,5418.0,261684,False,False,False,True,20,-0.866154139995724
policy,135003,26850,26800,5421.6,261685,False,False,False,True,79,-1.0053653544904222
policy,135103,26870,26820,5425.8,261686,False,True,True,False,100,-1.6248065203389115
policy,135203,26890,26840,5429.9,261687,False,True,True,False,100,-1.3399572004662736
policy,135303,26910,26860,5434.2,261688,False,False,True,False,100,-1.3796563960919546
policy,135403,26930,26880,5438.3,261689,False,False,True,False,100,-1.5765856087573837
policy,135503,26950,26900,5442.8,261690,False,False,True,False,100,-1.2805883017266713
policy,135603,26970,26920,5447.1,261691,False,True,True,False,100,-1.480385742127852
policy,135703,26990,26940,5451.5,261692,False,True,True,False,100,-1.4678890585687743
policy,135803,27010,26960,5455.7,261693,False,True,True,False,100,-1.4724491831712263
policy,135903,27030,26980,5459.7,261694,False,True,True,False,100,-1.5031708552212422
policy,135959,27041,26991,5462.0,261695,True,True,False,False,56,0.6852473115778652
policy,136059,27061,27011,5466.3,261696,False,True,True,False,100,-1.6041180682974665
policy,136086,27067,27017,5467.6,261697,False,False,False,True,27,-0.8504435765203304
policy,136137,27077,27027,5469.7,261698,False,False,False,True,51,-1.0154838023548816
policy,136208,27091,27041,5472.7,261699,True,True,False,False,71,0.718246733883256
policy,136308,27111,27061,5477.1,261700,False,False,True,False,100,-1.30147014159514
policy,136325,27114,27064,5477.8,261701,False,False,False,True,17,-0.8433104514203984
policy,136425,27134,27084,5482.0,261702,False,True,True,False,100,-1.3159319059974397
policy,136525,27154,27104,5486.1,261703,False,False,True,False,100,-1.5484064730595557
policy,136625,27174,27124,5490.3,261704,False,False,True,False,100,-1.1240775003588386
policy,136725,27194,27144,5494.4,261705,False,False,True,False,100,-1.6408199460279702
policy,136825,27214,27164,5498.6,261706,False,False,True,False,100,-1.2085083709819093
policy,136925,27234,27184,5502.7,261707,False,False,True,False,100,-1.3592315828920052
policy,137025,27254,27204,5506.8,261708,False,False,True,False,100,-1.6433462658103681
policy,137125,27274,27224,5511.0,261709,False,False,True,False,100,-1.470511397395858
policy,137192,27288,27238,5513.8,261710,True,True,False,False,67,0.48601573698901124
policy,137292,27308,27258,5516.8,261711,False,True,True,False,100,-1.5381990966488615
policy,137392,27328,27278,5519.3,261712,False,True,True,False,100,-1.5665641150675418
policy,137492,27348,27298,5521.8,261713,False,False,True,False,100,-1.5012752287293918
policy,137592,27368,27318,5524.6,261714,False,True,True,False,100,-1.5675598594898763
