phase,env_steps,model_updates,ac_updates,elapsed_seconds,scene,success,pickup,timeout,oob,length,return_
prefill,100,0,0,0.9,250000,False,False,True,False,100,-1.3223818269350471
prefill,200,0,0,1.0,250001,False,False,True,False,100,-1.368535746512731
prefill,300,0,0,1.0,250002,False,False,True,False,100,-1.4904921352155056
prefill,400,0,0,1.0,250003,False,False,True,False,100,-1.3299339761661386
prefill,447,0,0,1.0,250004,False,False,False,True,47,-1.0192066226570602
prefill,547,0,0,1.0,250005,False,False,True,False,100,-1.4341195075107982
prefill,634,0,0,1.0,250006,False,False,False,True,87,-1.3149747365225353
prefill,700,0,0,1.0,250007,False,False,False,True,66,-1.1528117191358294
prefill,730,0,0,1.0,250008,False,False,False,True,30,-0.8601759190055405
prefill,830,0,0,1.0,250009,False,False,True,False,100,-1.3735628921569283
prefill,930,0,0,1.0,250010,False,False,True,False,100,-1.4084738776262942
prefill,1030,0,0,1.1,250011,False,False,True,False,100,-1.7784313976084947
policy,1074,58,8,19.4,250012,False,False,False,True,44,-0.8438001111207589
policy,1174,78,28,21.9,250013,False,True,False,True,100,-1.5681822134094152
policy,1274,98,48,24.3,250014,False,False,True,False,100,-1.1037293810440845
policy,1374,118,68,26.8,250015,False,False,True,False,100,-1.1794585989194897
policy,1474,138,88,29.3,250016,False,False,True,False,100,-1.5330604287980913
policy,1574,158,108,31.8,250017,False,False,True,False,100,-1.346515144761165
policy,1674,178,128,34.3,250018,False,False,True,False,100,-1.7040795667414197
policy,1774,198,148,36.8,250019,False,False,True,False,100,-1.4964980633941225
policy,1819,207,157,38.0,250020,False,False,False,True,45,-0.818255140375034
policy,1903,224,174,40.1,250021,False,False,False,True,84,-1.3438156238868046
policy,2003,244,194,42.6,250022,False,False,True,False,100,-1.1280492542817284
policy,2103,264,214,45.2,250023,False,False,True,False,100,-1.2309732073681723
policy,2203,284,234,47.9,250024,False,False,True,False,100,-1.5982367201608756
policy,2303,304,254,50.6,250025,False,False,True,False,100,-1.157729872388361
policy,2403,324,274,53.3,250026,False,False,True,False,100,-1.2442570867414418
policy,2501,344,294,56.1,250027,False,False,False,True,98,-1.4251528943936598
policy,2601,364,314,58.7,250028,False,False,True,False,100,-1.4494066248404813
policy,2701,384,334,61.2,250029,False,False,True,False,100,-1.083050433595767
policy,2801,404,354,63.8,250030,False,False,True,False,100,-1.471471055484193
policy,2817,407,357,64.2,250031,False,False,False,True,16,-1.01667442535336
policy,2848,413,363,65.0,250032,False,False,False,True,31,-0.7713564209680637
policy,2948,433,383,67.6,250033,False,False,True,False,100,-1.6988914496184737
policy,3048,453,403,70.3,250034,False,False,True,False,100,-1.5096208902857726
policy,3148,473,423,73.0,250035,False,False,True,False,100,-1.531541595347719
policy,3188,481,431,74.1,250036,False,False,False,True,40,-1.147277052809108
policy,3288,501,451,77.0,250037,False,False,True,False,100,-1.218291043162436
policy,3299,503,453,77.3,250038,False,False,False,True,11,-0.6420328902498342
policy,3399,523,473,80.2,250039,False,False,True,False,100,-1.4098635674682922
policy,3421,528,478,80.9,250040,False,False,False,True,22,-0.8486491801371998
policy,3521,548,498,83.9,250041,False,False,True,False,100,-1.1780787215112003
policy,3621,568,518,86.8,250042,False,False,True,False,100,-1.7022631488652542
policy,3721,588,538,89.6,250043,False,False,True,False,100,-1.334851996511897
policy,3821,608,558,92.5,250044,False,False,True,False,100,-1.5121600889042717
policy,3893,622,572,94.5,250045,False,False,False,True,72,-1.2815289560329215
policy,3993,642,592,97.3,250046,False,False,True,False,100,-1.670752410206964
policy,4053,654,604,98.9,250047,False,False,False,True,60,-1.0089864386008518
policy,4153,674,624,101.7,250048,False,False,True,False,100,-1.163026830153303
policy,4235,690,640,103.8,250049,False,False,False,True,82,-1.085743632760579
policy,4335,710,660,106.6,250050,False,False,True,False,100,-1.6167008346704261
policy,4435,730,680,109.4,250051,False,False,True,False,100,-1.4809034948793351
policy,4535,750,700,112.3,250052,False,False,True,False,100,-1.3215430711479934
policy,4635,770,720,115.1,250053,False,False,True,False,100,-1.4767462601074803
policy,4735,790,740,118.1,250054,False,False,True,False,100,-1.3349609240370928
policy,4776,799,749,119.4,250055,False,False,False,True,41,-0.9968440876756737
policy,4876,819,769,122.2,250056,False,False,True,False,100,-1.3539438684906537
policy,4976,839,789,125.0,250057,False,False,True,False,100,-1.2258701603883502
policy,5022,848,798,126.3,250058,False,False,False,True,46,-0.9829663178145986
policy,5122,868,818,129.3,250059,False,False,True,False,100,-1.1537332211554303
policy,5171,878,828,130.8,250060,False,False,False,True,49,-1.0802036761165719
policy,5271,898,848,133.9,250061,False,False,True,False,100,-1.6029055325707358
policy,5307,905,855,134.9,250062,False,False,False,True,36,-0.7528740963892824
policy,5407,925,875,137.9,250063,False,False,True,False,100,-1.1026944493047104
policy,5507,945,895,140.9,250064,False,False,True,False,100,-1.4811087088423114
policy,5607,965,915,143.9,250065,False,False,True,False,100,-1.4796546689492407
policy,5707,985,935,146.6,250066,False,False,True,False,100,-1.5092329054150393
policy,5807,1005,955,149.4,250067,False,False,True,False,100,-1.3550876243909196
policy,5907,1025,975,152.1,250068,False,False,True,False,100,-1.643942028170504
policy,6007,1045,995,154.9,250069,False,False,True,False,100,-1.2961543549110717
policy,6107,1065,1015,157.7,250070,False,False,True,False,100,-1.2239964743724656
policy,6207,1085,1035,160.6,250071,False,False,True,False,100,-1.105017989283336
policy,6307,1105,1055,163.6,250072,False,False,True,False,100,-1.7705395080937874
policy,6407,1125,1075,166.6,250073,False,False,True,False,100,-1.7581913158932865
policy,6507,1145,1095,169.6,250074,False,False,True,False,100,-1.4543232909843953
policy,6607,1165,1115,172.5,250075,False,False,True,False,100,-1.4063772704144186
policy,6707,1185,1135,175.2,250076,False,False,True,False,100,-1.6305508900175005
policy,6807,1205,1155,178.0,250077,False,False,True,False,100,-1.2680480420351563
policy,6907,1225,1175,180.7,250078,False,False,True,False,100,-1.2687695305888318
policy,7007,1245,1195,183.6,250079,False,False,True,False,100,-1.3728122354485288
policy,7107,1265,1215,186.4,250080,False,False,True,False,100,-1.3255850910019702
policy,7207,1285,1235,189.3,250081,False,False,True,False,100,-1.2101305033503824
policy,7307,1305,1255,192.2,250082,False,False,True,False,100,-1.430721800839706
policy,7407,1325,1275,195.2,250083,False,False,True,False,100,-1.0840545066669507
policy,7507,1345,1295,198.2,250084,False,False,True,False,100,-1.2653930315105866
policy,7607,1365,1315,201.0,250085,False,False,True,False,100,-1.7105537966325493
policy,7707,1385,1335,203.8,250086,False,False,True,False,100,-1.726552188250774
policy,7807,1405,1355,206.6,250087,False,False,True,False,100,-1.2999988969404106
policy,7907,1425,1375,209.5,250088,False,False,True,False,100,-1.3206135244945698
policy,8007,1445,1395,212.5,250089,False,False,True,False,100,-1.4898800453146146
policy,8048,1453,1403,213.7,250090,False,False,False,True,41,-0.7739315147275496
policy,8148,1473,1423,216.5,250091,False,False,True,False,100,-1.129223998756887
policy,8248,1493,1443,219.3,250092,False,False,True,False,100,-1.2105265875371614
policy,8319,1507,1457,221.3,250093,False,False,False,True,71,-1.2703119895057866
policy,8419,1527,1477,224.1,250094,False,False,True,False,100,-1.4045872255409577
policy,8516,1547,1497,226.8,250095,False,False,False,True,97,-1.4091282819304134
policy,8616,1567,1517,229.7,250096,False,False,True,False,100,-1.2944321784131887
policy,8716,1587,1537,232.5,250097,False,True,True,False,100,-1.4631264514428177
policy,8816,1607,1557,235.4,250098,False,True,True,False,100,-1.6519070053376894
policy,8916,1627,1577,238.3,250099,False,False,True,False,100,-1.305358744870514
policy,9016,1647,1597,241.2,250100,False,False,True,False,100,-1.6897746749593
policy,9116,1667,1617,244.3,250101,False,False,True,False,100,-1.307729008103614
policy,9216,1687,1637,247.5,250102,False,False,True,False,100,-1.4827976035451602
policy,9316,1707,1657,250.6,250103,False,False,True,False,100,-1.5767152592338738
policy,9375,1718,1668,252.2,250104,False,False,False,True,59,-1.1692120692899994
policy,9475,1738,1688,255.1,250105,False,False,True,False,100,-1.0956181321399519
policy,9575,1758,1708,258.1,250106,False,False,True,False,100,-1.6111245811908583
policy,9599,1763,1713,258.8,250107,False,False,False,True,24,-0.6950180062414569
policy,9684,1780,1730,261.3,250108,False,False,False,True,85,-1.2752665405367682
policy,9784,1800,1750,264.1,250109,False,False,True,False,100,-1.6741434101748087
policy,9884,1820,1770,267.0,250110,False,False,True,False,100,-1.2491448185411167
policy,9984,1840,1790,270.0,250111,False,False,True,False,100,-1.5562857963396501
policy,10084,1860,1810,273.0,250112,False,False,True,False,100,-1.1683591387256747
policy,10184,1880,1830,275.8,250113,False,False,True,False,100,-1.1144506957748581
policy,10284,1900,1850,278.6,250114,False,False,True,False,100,-1.5976470701862198
policy,10384,1920,1870,281.5,250115,False,False,True,False,100,-1.4774910457396522
policy,10406,1925,1875,282.2,250116,False,False,False,True,22,-0.7277801554717857
policy,10506,1945,1895,285.4,250117,False,False,True,False,100,-1.098670012387635
policy,10582,1960,1910,287.7,250118,False,False,False,True,76,-1.1508436668237267
policy,10682,1980,1930,290.9,250119,False,False,True,False,100,-1.18866255524518
policy,10781,2000,1950,294.0,250120,False,False,False,True,99,-1.0709480345302504
policy,10881,2020,1970,297.2,250121,False,False,True,False,100,-1.2015534960836256
policy,10981,2040,1990,300.0,250122,False,False,True,False,100,-1.5744330774384427
policy,11031,2050,2000,301.7,250123,False,False,False,True,50,-0.8362963773453262
policy,11131,2070,2020,304.8,250124,False,False,True,False,100,-1.492919690271482
policy,11231,2090,2040,307.8,250125,False,False,True,False,100,-1.2325311155461782
policy,11331,2110,2060,310.8,250126,False,False,True,False,100,-1.2457681309686761
policy,11431,2130,2080,314.0,250127,False,False,True,False,100,-1.2182993924194077
policy,11531,2150,2100,317.2,250128,False,False,True,False,100,-1.1358076839191908
policy,11584,2160,2110,318.9,250129,False,False,False,True,53,-0.9893587532470448
policy,11684,2180,2130,322.1,250130,False,False,True,False,100,-1.3307959040072768
policy,11784,2200,2150,325.3,250131,False,False,True,False,100,-1.2281969801875225
policy,11884,2220,2170,328.1,250132,False,False,True,False,100,-1.3876043158833244
policy,11984,2240,2190,331.0,250133,False,False,True,False,100,-1.371617404311363
policy,12084,2260,2210,334.0,250134,False,False,True,False,100,-1.223188429651966
policy,12184,2280,2230,337.1,250135,False,False,True,False,100,-1.3955213514351685
policy,12284,2300,2250,340.2,250136,False,False,True,False,100,-1.1855024760935318
policy,12384,2320,2270,343.4,250137,False,False,True,False,100,-1.3957426029685833
policy,12484,2340,2290,346.7,250138,False,False,True,False,100,-1.6764615277624393
policy,12584,2360,2310,350.1,250139,False,False,True,False,100,-1.5349302869899901
policy,12684,2380,2330,353.2,250140,False,False,True,False,100,-1.6223040101541748
policy,12743,2392,2342,354.9,250141,False,False,False,True,59,-1.1455410537579547
policy,12843,2412,2362,357.8,250142,False,True,True,False,100,-1.7191466278762597
policy,12943,2432,2382,360.8,250143,False,False,True,False,100,-1.5399069917714217
policy,13043,2452,2402,363.9,250144,False,False,True,False,100,-1.3987170351924543
policy,13143,2472,2422,367.2,250145,False,False,True,False,100,-1.3748114702500671
policy,13243,2492,2442,370.6,250146,False,False,True,False,100,-1.5380390901643572
policy,13343,2512,2462,374.1,250147,False,False,True,False,100,-1.423244871257738
policy,13443,2532,2482,377.6,250148,False,False,True,False,100,-1.4304593813705986
policy,13543,2552,2502,380.9,250149,False,True,True,False,100,-1.5499656897185046
policy,13643,2572,2522,384.0,250150,False,False,True,False,100,-1.515869132443648
policy,13741,2592,2542,387.0,250151,False,False,False,True,98,-1.4100608744346115
policy,13753,2594,2544,387.3,250152,False,False,False,True,12,-0.7328661786058738
policy,13853,2614,2564,390.2,250153,False,False,True,False,100,-1.1605815604734395
policy,13953,2634,2584,393.3,250154,False,False,True,False,100,-1.384042968900627
policy,14053,2654,2604,396.4,250155,False,False,True,False,100,-1.4184097285827881
policy,14141,2672,2622,399.1,250156,False,False,False,True,88,-1.136696347802181
policy,14241,2692,2642,402.2,250157,False,False,True,False,100,-1.330382384701025
policy,14276,2699,2649,403.3,250158,False,False,False,True,35,-0.7959207699980851
policy,14376,2719,2669,406.4,250159,False,False,True,False,100,-1.4356236155940856
policy,14476,2739,2689,409.5,250160,False,False,True,False,100,-1.5014686270088338
policy,14576,2759,2709,412.7,250161,False,False,True,False,100,-1.6529207742070802
policy,14659,2775,2725,415.1,250162,False,False,False,True,83,-1.3464175217730316
policy,14759,2795,2745,418.2,250163,False,False,True,False,100,-1.4466917552711729
policy,14804,2804,2754,419.6,250164,False,False,False,True,45,-1.1504612592842531
policy,14866,2817,2767,421.6,250165,False,False,False,True,62,-1.1492177406906077
policy,14966,2837,2787,424.7,250166,False,False,True,False,100,-1.4751066112929752
policy,15066,2857,2807,427.9,250167,False,False,True,False,100,-1.3430062872612982
policy,15166,2877,2827,431.2,250168,False,False,True,False,100,-1.3485536553004582
policy,15266,2897,2847,434.3,250169,False,False,True,False,100,-1.3326072232611674
policy,15366,2917,2867,437.6,250170,False,True,True,False,100,-1.5384706197293505
policy,15466,2937,2887,440.9,250171,False,False,True,False,100,-1.5156856181329186
policy,15566,2957,2907,444.2,250172,False,False,True,False,100,-1.5391506110759232
policy,15666,2977,2927,447.5,250173,False,False,True,False,100,-1.3251932364975767
policy,15766,2997,2947,450.8,250174,False,False,True,False,100,-1.2931600986438931
policy,15866,3017,2967,454.2,250175,False,False,True,False,100,-1.6654274226972787
policy,15966,3037,2987,457.6,250176,False,False,True,False,100,-1.6635841612303006
policy,16066,3057,3007,460.9,250177,False,False,True,False,100,-1.5554569435919143
policy,16166,3077,3027,464.1,250178,False,False,True,False,100,-1.5846727154881322
policy,16266,3097,3047,467.3,250179,False,False,True,False,100,-1.5996893268722794
policy,16366,3117,3067,470.7,250180,False,False,True,False,100,-1.3180864808113892
policy,16466,3137,3087,473.9,250181,False,False,True,False,100,-1.1558466349929755
policy,16566,3157,3107,477.3,250182,False,False,True,False,100,-1.4409720404200037
policy,16666,3177,3127,480.7,250183,False,False,True,False,100,-1.423731967092938
policy,16766,3197,3147,484.3,250184,False,False,True,False,100,-1.50593659820811
policy,16866,3217,3167,487.7,250185,False,False,True,False,100,-1.1307688176477753
policy,16966,3237,3187,491.2,250186,False,False,True,False,100,-1.470841020223964
policy,17053,3254,3204,493.9,250187,False,False,False,True,87,-1.345766528007936
policy,17153,3274,3224,497.2,250188,False,False,True,False,100,-1.172670036861102
policy,17219,3287,3237,499.2,250189,False,False,False,True,66,-1.1829534711854328
policy,17319,3307,3257,502.4,250190,False,False,True,False,100,-1.0925962879618714
policy,17418,3327,3277,505.5,250191,False,False,False,True,99,-1.3623717469605978
policy,17518,3347,3297,508.7,250192,False,False,True,False,100,-1.2152366208865906
policy,17618,3367,3317,511.8,250193,False,False,True,False,100,-1.3827271275662474
policy,17718,3387,3337,514.9,250194,False,False,True,False,100,-1.5239488968292365
policy,17818,3407,3357,517.9,250195,False,False,True,False,100,-1.4744082119832558
policy,17918,3427,3377,520.9,250196,False,False,True,False,100,-1.2997323588138325
policy,18018,3447,3397,524.0,250197,False,False,True,False,100,-1.0864693691152048
policy,18118,3467,3417,527.2,250198,False,False,True,False,100,-1.1071358435779701
policy,18218,3487,3437,530.5,250199,False,False,True,False,100,-1.616079901888671
policy,18318,3507,3457,533.9,250200,False,False,True,False,100,-1.1414162536600694
policy,18368,3517,3467,535.6,250201,False,False,False,True,50,-1.0476969706110382
policy,18468,3537,3487,539.2,250202,False,False,True,False,100,-1.6130374144134696
policy,18555,3554,3504,541.9,250203,False,False,False,True,87,-1.3744238228985384
policy,18655,3574,3524,545.0,250204,False,False,True,False,100,-1.373358823131637
policy,18755,3594,3544,548.0,250205,False,False,True,False,100,-1.4506989181574013
policy,18855,3614,3564,551.2,250206,False,False,True,False,100,-1.3218955128867975
policy,18955,3634,3584,554.3,250207,False,False,True,False,100,-1.2612821156801748
policy,18988,3641,3591,555.4,250208,False,False,False,True,33,-0.9261311975620705
policy,19088,3661,3611,558.6,250209,False,False,True,False,100,-1.5629731935805526
policy,19188,3681,3631,561.8,250210,False,False,True,False,100,-1.4262770129156912
policy,19288,3701,3651,564.9,250211,False,False,True,False,100,-1.3107935730286693
policy,19388,3721,3671,568.1,250212,False,False,True,False,100,-1.394122366007951
policy,19416,3727,3677,569.0,250213,False,False,False,True,28,-0.9362163083396549
policy,19516,3747,3697,572.2,250214,False,False,True,False,100,-1.5959383544611483
policy,19616,3767,3717,575.5,250215,False,False,True,False,100,-1.5574569953814503
policy,19686,3781,3731,577.7,250216,False,False,False,True,70,-1.1572131514094783
policy,19786,3801,3751,580.8,250217,False,False,True,False,100,-1.676625165700333
policy,19886,3821,3771,583.9,250218,False,False,True,False,100,-1.1455019091106293
policy,19986,3841,3791,587.0,250219,False,False,True,False,100,-1.3941714301725698
policy,20086,3861,3811,590.1,250220,False,False,True,False,100,-1.7476122925645738
policy,20186,3881,3831,593.2,250221,False,False,True,False,100,-1.3077223813512515
policy,20213,3886,3836,594.0,250222,False,False,False,True,27,-0.7731853259539276
policy,20313,3906,3856,597.1,250223,False,False,True,False,100,-1.3544877508451052
policy,20413,3926,3876,600.3,250224,False,False,True,False,100,-1.325305775299623
policy,20513,3946,3896,603.8,250225,False,False,True,False,100,-1.4617881645446387
policy,20613,3966,3916,607.1,250226,False,False,True,False,100,-1.5379931740254031
policy,20713,3986,3936,610.3,250227,False,False,True,False,100,-1.4482923380976154
policy,20813,4006,3956,614.0,250228,False,False,True,False,100,-1.5926589995393963
policy,20913,4026,3976,617.2,250229,False,False,True,False,100,-1.2486504091689694
policy,21013,4046,3996,620.5,250230,False,False,True,False,100,-1.2795674734422295
policy,21113,4066,4016,623.6,250231,False,False,True,False,100,-1.210470909190056
policy,21213,4086,4036,626.7,250232,False,False,True,False,100,-1.60689086789409
policy,21313,4106,4056,629.9,250233,False,True,True,False,100,-1.3380960882377164
policy,21331,4110,4060,630.6,250234,False,False,False,True,18,-0.8536447101051263
policy,21431,4130,4080,633.7,250235,False,False,True,False,100,-1.155846135650601
policy,21531,4150,4100,637.0,250236,False,False,True,False,100,-1.2356975697289794
policy,21631,4170,4120,640.2,250237,False,False,True,False,100,-1.4785055182523652
policy,21731,4190,4140,643.5,250238,False,False,True,False,100,-1.3373577371143313
policy,21831,4210,4160,646.9,250239,False,False,True,False,100,-1.0905328913337156
policy,21931,4230,4180,650.1,250240,False,False,True,False,100,-1.4949785066094217
policy,22031,4250,4200,653.3,250241,False,False,True,False,100,-1.8357483033758826
policy,22035,4250,4200,653.3,250242,False,False,False,True,4,-0.6672614702395052
policy,22135,4270,4220,656.6,250243,False,False,True,False,100,-1.632879108444667
policy,22235,4290,4240,659.9,250244,False,False,True,False,100,-1.3395896787334287
policy,22335,4310,4260,663.3,250245,False,False,True,False,100,-1.5392569403456884
policy,22435,4330,4280,666.5,250246,False,False,True,False,100,-1.1358168311205294
policy,22534,4350,4300,669.7,250247,False,False,False,True,99,-1.4186332424485797
policy,22634,4370,4320,672.8,250248,False,False,True,False,100,-1.2653491500191745
policy,22734,4390,4340,675.9,250249,False,False,True,False,100,-1.6127389430831127
policy,22834,4410,4360,679.0,250250,False,False,True,False,100,-1.3144537857553544
policy,22934,4430,4380,682.2,250251,False,False,True,False,100,-1.6215778968571581
policy,23034,4450,4400,685.3,250252,False,False,True,False,100,-1.3349599872846096
policy,23134,4470,4420,688.6,250253,False,False,True,False,100,-1.258489308131626
policy,23156,4475,4425,689.4,250254,False,False,False,True,22,-0.7543620760989034
policy,23256,4495,4445,692.8,250255,False,False,True,False,100,-1.1648584034157912
policy,23262,4496,4446,692.9,250256,False,False,False,True,6,-0.6041851268754557
policy,23362,4516,4466,696.4,250257,False,False,True,False,100,-1.4275487621997471
policy,23437,4531,4481,699.1,250258,False,False,False,True,75,-1.0654657573482538
policy,23537,4551,4501,702.3,250259,False,False,True,False,100,-1.5081591633470137
policy,23637,4571,4521,705.4,250260,False,False,True,False,100,-1.401850412312752
policy,23737,4591,4541,708.5,250261,False,False,True,False,100,-1.4768470285153101
policy,23837,4611,4561,711.7,250262,False,False,True,False,100,-1.4577560761605586
policy,23919,4627,4577,714.4,250263,False,False,False,True,82,-1.2958591638947472
policy,24019,4647,4597,717.7,250264,False,False,True,False,100,-1.2624013678747619
policy,24119,4667,4617,721.1,250265,False,False,True,False,100,-1.5973139918290422
policy,24219,4687,4637,724.6,250266,False,False,True,False,100,-1.7432706959594422
policy,24319,4707,4657,727.9,250267,False,False,True,False,100,-1.4858131522113893
policy,24419,4727,4677,731.0,250268,False,False,True,False,100,-1.4312148799629032
policy,24519,4747,4697,734.2,250269,False,False,True,False,100,-1.501881124162973
policy,24619,4767,4717,737.4,250270,False,False,True,False,100,-1.2994775611673233
policy,24719,4787,4737,740.5,250271,False,False,True,False,100,-1.1662754874415437
policy,24819,4807,4757,743.7,250272,False,False,True,False,100,-1.5728753577546308
policy,24919,4827,4777,747.0,250273,False,False,True,False,100,-1.4118575978016452
policy,25019,4847,4797,750.4,250274,False,False,True,False,100,-1.096773508540011
policy,25119,4867,4817,753.8,250275,False,False,True,False,100,-1.3330123322413512
policy,25153,4874,4824,754.9,250276,False,False,False,True,34,-0.8264513528739228
policy,25218,4887,4837,757.0,250277,False,False,False,True,65,-0.9743909390696972
policy,25318,4907,4857,760.3,250278,False,False,True,False,100,-1.7570516585818483
policy,25418,4927,4877,763.5,250279,False,False,True,False,100,-1.238993027848872
policy,25518,4947,4897,766.8,250280,False,False,True,False,100,-1.4283744589105436
policy,25618,4967,4917,770.1,250281,False,False,True,False,100,-1.3773680259523087
policy,25718,4987,4937,773.3,250282,False,False,True,False,100,-1.168973987795293
policy,25818,5007,4957,776.6,250283,False,False,True,False,100,-1.3385905634803288
policy,25918,5027,4977,779.9,250284,False,False,True,False,100,-1.7270754366680772
policy,26009,5045,4995,782.9,250285,False,False,False,True,91,-1.5436138260916148
policy,26109,5065,5015,786.4,250286,False,False,True,False,100,-1.6322139924135517
policy,26209,5085,5035,790.0,250287,False,False,True,False,100,-1.5379278369423428
policy,26309,5105,5055,793.3,250288,False,False,True,False,100,-1.1731789807863773
policy,26409,5125,5075,796.8,250289,False,False,True,False,100,-1.436683090582997
policy,26509,5145,5095,800.1,250290,False,False,True,False,100,-1.428274692073678
policy,26609,5165,5115,803.3,250291,False,False,True,False,100,-1.1228925866920714
policy,26709,5185,5135,806.6,250292,False,False,True,False,100,-1.3612551036922067
policy,26809,5205,5155,809.9,250293,False,False,True,False,100,-1.1859840835054274
policy,26909,5225,5175,813.2,250294,False,False,True,False,100,-1.0865302390369322
policy,27009,5245,5195,816.6,250295,False,False,True,False,100,-1.6041023973304314
policy,27109,5265,5215,819.9,250296,False,False,True,False,100,-1.5750355330418089
policy,27146,5273,5223,821.2,250297,False,False,False,True,37,-0.9306339266908505
policy,27246,5293,5243,824.6,250298,False,False,True,False,100,-1.6281929443188878
policy,27346,5313,5263,828.0,250299,False,False,True,False,100,-1.337928371509898
policy,27446,5333,5283,831.3,250300,False,False,True,False,100,-1.3050296094083353
policy,27546,5353,5303,834.6,250301,False,False,True,False,100,-1.3697495942000482
policy,27646,5373,5323,838.0,250302,False,False,True,False,100,-1.7377271180616134
policy,27746,5393,5343,841.5,250303,False,False,True,False,100,-1.172567079649418
policy,27775,5398,5348,842.3,250304,False,False,False,True,29,-0.8060593610103421
policy,27786,5401,5351,842.9,250305,False,False,False,True,11,-0.6819849794825088
policy,27886,5421,5371,846.3,250306,False,False,True,False,100,-1.2622193090262086
policy,27971,5438,5388,849.0,250307,False,False,False,True,85,-1.3094883539565358
policy,28071,5458,5408,852.3,250308,False,False,True,False,100,-1.1398898396572943
policy,28171,5478,5428,856.0,250309,False,False,True,False,100,-1.3628103366984696
policy,28271,5498,5448,859.6,250310,False,False,True,False,100,-1.4317618465765256
policy,28371,5518,5468,863.1,250311,False,False,True,False,100,-1.3260408419089886
policy,28379,5519,5469,863.3,250312,False,False,False,True,8,-0.6523187381774868
policy,28479,5539,5489,867.0,250313,False,False,True,False,100,-1.1756242251106963
policy,28504,5544,5494,867.8,250314,False,False,False,True,25,-0.9643181790244808
policy,28604,5564,5514,871.2,250315,False,False,True,False,100,-1.2524887457795604
policy,28704,5584,5534,874.6,250316,False,False,True,False,100,-1.4932241368785628
policy,28804,5604,5554,878.1,250317,False,False,True,False,100,-1.451263566594546
policy,28904,5624,5574,881.6,250318,False,False,True,False,100,-1.1350576246305681
policy,29004,5644,5594,885.1,250319,False,False,True,False,100,-1.5144266252770293
policy,29053,5654,5604,887.0,250320,False,False,False,True,49,-1.1563989356893192
policy,29153,5674,5624,890.5,250321,False,False,True,False,100,-1.171602290623976
policy,29253,5694,5644,894.1,250322,False,False,True,False,100,-1.295266700471759
policy,29353,5714,5664,897.6,250323,False,False,True,False,100,-1.2733255782086164
policy,29453,5734,5684,901.4,250324,False,False,True,False,100,-1.2351431848923842
policy,29553,5754,5704,904.9,250325,False,False,True,False,100,-1.1238533759074119
policy,29653,5774,5724,908.5,250326,False,False,True,False,100,-1.1026221870830872
policy,29672,5778,5728,909.1,250327,False,False,False,True,19,-0.9105040601927942
policy,29772,5798,5748,912.5,250328,False,False,True,False,100,-1.796150584090217
policy,29872,5818,5768,915.8,250329,False,False,True,False,100,-1.2679716866734492
policy,29947,5833,5783,918.2,250330,False,False,False,True,75,-1.2502739094860842
policy,30047,5853,5803,921.4,250331,False,False,True,False,100,-1.3775120953984081
policy,30147,5873,5823,924.7,250332,False,False,True,False,100,-1.1878068713416372
policy,30247,5893,5843,928.1,250333,False,False,True,False,100,-1.5902576600929323
policy,30347,5913,5863,931.4,250334,False,False,True,False,100,-1.237903921885633
policy,30447,5933,5883,934.6,250335,False,False,True,False,100,-1.2335769139164658
policy,30547,5953,5903,937.9,250336,False,False,True,False,100,-1.3030790004981405
policy,30647,5973,5923,941.2,250337,False,False,True,False,100,-1.4104457208875267
policy,30747,5993,5943,944.5,250338,False,False,True,False,100,-1.1157705129124946
policy,30847,6013,5963,947.6,250339,False,False,True,False,100,-1.2559755945592828
policy,30947,6033,5983,950.8,250340,False,False,True,False,100,-1.5861308598503592
policy,31047,6053,6003,954.2,250341,False,False,True,False,100,-1.6865899450398176
policy,31147,6073,6023,957.6,250342,False,False,True,False,100,-1.1182156863491863
policy,31247,6093,6043,961.0,250343,False,False,True,False,100,-1.4116526707339538
policy,31347,6113,6063,964.4,250344,False,False,True,False,100,-1.4862884257004834
policy,31447,6133,6083,967.9,250345,False,False,True,False,100,-1.4144215306724566
policy,31547,6153,6103,971.4,250346,False,False,True,False,100,-1.6743187408757958
policy,31647,6173,6123,974.9,250347,False,False,True,False,100,-1.587428016306683
policy,31747,6193,6143,978.2,250348,False,False,True,False,100,-1.2616994327613966
policy,31847,6213,6163,981.6,250349,False,False,True,False,100,-1.4956601472532134
policy,31947,6233,6183,985.0,250350,False,False,True,False,100,-1.3009416228661592
policy,32047,6253,6203,988.4,250351,False,False,True,False,100,-1.3765353663933175
policy,32147,6273,6223,992.0,250352,False,False,True,False,100,-1.2187042516205078
policy,32247,6293,6243,995.5,250353,False,False,True,False,100,-1.2470524391234468
policy,32347,6313,6263,999.1,250354,False,False,True,False,100,-1.587511172726631
policy,32426,6329,6279,1001.9,250355,False,False,False,True,79,-1.098720708748255
policy,32526,6349,6299,1005.3,250356,False,False,True,False,100,-1.6847585637241917
policy,32581,6360,6310,1007.2,250357,False,False,False,True,55,-1.1172792983852449
policy,32681,6380,6330,1010.7,250358,False,False,True,False,100,-1.3333784353315052
policy,32781,6400,6350,1014.3,250359,False,False,True,False,100,-1.3220275181650332
policy,32853,6414,6364,1016.9,250360,False,False,False,True,72,-1.1842513178134182
policy,32953,6434,6384,1020.7,250361,False,False,True,False,100,-1.2491554577274049
policy,33053,6454,6404,1024.4,250362,False,False,True,False,100,-1.6014082156192653
policy,33064,6456,6406,1024.8,250363,False,False,False,True,11,-0.7609329048932982
policy,33078,6459,6409,1025.3,250364,False,False,False,True,14,-0.7569275743034565
policy,33093,6462,6412,1025.8,250365,False,False,False,True,15,-0.667339976534729
policy,33136,6471,6421,1027.3,250366,False,False,False,True,43,-0.885922597752621
policy,33205,6484,6434,1029.4,250367,False,False,False,True,69,-1.0688929662045445
policy,33265,6496,6446,1031.5,250368,False,False,False,True,60,-1.1432475652806056
policy,33365,6516,6466,1034.9,250369,False,False,True,False,100,-1.6597795240798985
policy,33465,6536,6486,1038.5,250370,False,False,True,False,100,-1.3464620433465546
policy,33565,6556,6506,1042.2,250371,False,False,True,False,100,-1.4495639117540673
policy,33665,6576,6526,1046.0,250372,False,False,True,False,100,-1.466623355017487
policy,33714,6586,6536,1047.9,250373,False,False,False,True,49,-1.1167314563965929
policy,33814,6606,6556,1051.7,250374,False,False,True,False,100,-1.218274121465755
policy,33914,6626,6576,1055.3,250375,False,False,True,False,100,-1.3324673936936176
policy,33998,6643,6593,1058.4,250376,False,False,False,True,84,-1.1285230729690827
policy,34021,6648,6598,1059.3,250377,False,False,False,True,23,-0.7182822297760652
policy,34097,6663,6613,1061.9,250378,False,False,False,True,76,-1.4345313805335382
policy,34197,6683,6633,1065.2,250379,False,False,True,False,100,-1.269996799774843
policy,34297,6703,6653,1068.7,250380,False,False,True,False,100,-1.167090555971437
policy,34397,6723,6673,1072.3,250381,False,False,True,False,100,-1.6967803363649687
policy,34497,6743,6693,1076.1,250382,False,False,True,False,100,-1.1283475545970323
policy,34597,6763,6713,1080.0,250383,False,False,True,False,100,-1.4459122633748955
policy,34618,6767,6717,1080.8,250384,False,False,False,True,21,-0.7788765531346846
policy,34718,6787,6737,1084.7,250385,False,False,True,False,100,-1.2069105268509395
policy,34818,6807,6757,1088.2,250386,False,False,True,False,100,-1.1868087461416104
policy,34918,6827,6777,1091.5,250387,False,False,True,False,100,-1.5370830010037189
policy,34933,6830,6780,1092.1,250388,False,False,False,True,15,-0.6891190032862761
policy,35033,6850,6800,1095.5,250389,False,False,True,False,100,-1.6738658239903064
policy,35096,6863,6813,1097.8,250390,False,False,False,True,63,-0.9544746285494987
policy,35196,6883,6833,1101.4,250391,False,False,True,False,100,-1.4631731322132693
policy,35296,6903,6853,1105.1,250392,False,False,True,False,100,-1.2509753011915217
policy,35396,6923,6873,1109.0,250393,False,False,True,False,100,-1.474656883325709
policy,35496,6943,6893,1112.9,250394,False,False,True,False,100,-1.3649096893223387
policy,35596,6963,6913,1116.7,250395,False,False,True,False,100,-1.496327801563107
policy,35696,6983,6933,1120.2,250396,False,False,True,False,100,-1.261652918825031
policy,35796,7003,6953,1123.6,250397,False,False,True,False,100,-1.5321161483616994
policy,35846,7013,6963,1125.3,250398,False,True,False,True,50,-1.056773586943731
policy,35946,7033,6983,1128.8,250399,False,False,True,False,100,-1.4225308785581587
policy,35983,7040,6990,1130.0,250400,False,False,False,True,37,-0.897610300727012
policy,36021,7048,6998,1131.4,250401,False,False,False,True,38,-0.9086896079053763
policy,36121,7068,7018,1134.9,250402,False,False,True,False,100,-1.0859601829635621
policy,36141,7072,7022,1135.6,250403,False,False,False,True,20,-0.7406874359571949
policy,36241,7092,7042,1139.2,250404,False,False,True,False,100,-1.2830752318062353
policy,36341,7112,7062,1142.8,250405,False,False,True,False,100,-1.3006485876565543
policy,36378,7119,7069,1144.2,250406,False,False,False,True,37,-0.905523262371223
policy,36478,7139,7089,1148.0,250407,False,False,True,False,100,-1.2416044342824697
policy,36578,7159,7109,1151.8,250408,False,False,True,False,100,-1.2244074093014035
policy,36678,7179,7129,1155.6,250409,False,False,True,False,100,-1.4445862211814526
policy,36778,7199,7149,1159.4,250410,False,False,True,False,100,-1.3238824866103935
policy,36878,7219,7169,1163.0,250411,False,False,True,False,100,-1.5904129571088164
policy,36978,7239,7189,1166.9,250412,False,False,True,False,100,-1.4427440582569067
policy,37078,7259,7209,1170.5,250413,False,False,True,False,100,-1.3415371729578016
policy,37178,7279,7229,1174.0,250414,False,False,True,False,100,-1.1865884152032633
policy,37235,7290,7240,1176.0,250415,False,True,False,True,57,-1.0555495271401105
policy,37276,7299,7249,1177.5,250416,False,False,False,True,41,-0.9073398429646755
policy,37322,7308,7258,1179.2,250417,False,True,False,True,46,-0.9653410125275623
policy,37422,7328,7278,1182.8,250418,False,False,True,False,100,-1.5909707531832038
policy,37522,7348,7298,1186.5,250419,False,False,True,False,100,-1.6624106145078859
policy,37622,7368,7318,1190.3,250420,False,False,True,False,100,-1.4892047749545534
policy,37722,7388,7338,1193.9,250421,False,False,True,False,100,-1.1052014803424923
policy,37822,7408,7358,1197.6,250422,False,False,True,False,100,-1.3833652887118961
policy,37922,7428,7378,1201.4,250423,False,False,True,False,100,-1.1168633695541272
policy,38017,7447,7397,1205.4,250424,False,False,False,True,95,-1.4741635850261223
policy,38117,7467,7417,1209.2,250425,False,False,True,False,100,-1.3947884970700493
policy,38172,7478,7428,1211.3,250426,False,False,False,True,55,-1.2689052407904933
policy,38272,7498,7448,1215.5,250427,False,False,True,False,100,-1.3738535420032636
policy,38372,7518,7468,1219.2,250428,False,False,True,False,100,-1.2908359140949694
policy,38472,7538,7488,1222.6,250429,False,False,True,False,100,-1.4297830412223722
policy,38572,7558,7508,1226.0,250430,False,False,True,False,100,-1.2981522963640715
policy,38672,7578,7528,1229.6,250431,False,False,True,False,100,-1.2446333150016637
policy,38772,7598,7548,1233.3,250432,False,False,True,False,100,-1.3077397751465836
policy,38872,7618,7568,1237.1,250433,False,False,True,False,100,-1.2099223533233003
policy,38972,7638,7588,1241.2,250434,False,False,True,False,100,-1.3105530727800305
policy,39072,7658,7608,1245.2,250435,False,False,True,False,100,-1.0963061983101938
policy,39133,7670,7620,1247.4,250436,False,False,False,True,61,-1.0844987442770244
policy,39233,7690,7640,1251.0,250437,False,False,True,False,100,-1.1615688517350196
policy,39333,7710,7660,1254.7,250438,False,False,True,False,100,-1.5348331104377428
policy,39340,7711,7661,1254.9,250439,False,False,False,True,7,-0.645961821993353
policy,39440,7731,7681,1258.6,250440,False,False,True,False,100,-1.3615248712519308
policy,39540,7751,7701,1262.3,250441,False,False,True,False,100,-1.1798448250325793
policy,39640,7771,7721,1265.7,250442,False,False,True,False,100,-1.3795209609908519
policy,39740,7791,7741,1269.2,250443,False,False,True,False,100,-1.5198672726943907
policy,39840,7811,7761,1272.8,250444,False,False,True,False,100,-1.1267652803885568
policy,39940,7831,7781,1276.4,250445,False,False,True,False,100,-1.4525027279623068
policy,40040,7851,7801,1280.0,250446,False,False,True,False,100,-1.2978644048772419
policy,40140,7871,7821,1283.9,250447,False,False,True,False,100,-1.1028019542220395
policy,40240,7891,7841,1287.6,250448,False,False,True,False,100,-1.5608626906673622
policy,40340,7911,7861,1291.8,250449,False,False,True,False,100,-1.3601325455662578
policy,40440,7931,7881,1295.6,250450,False,False,True,False,100,-1.4137825292602622
policy,40540,7951,7901,1299.2,250451,False,False,True,False,100,-1.3277721799583706
policy,40640,7971,7921,1302.7,250452,False,False,True,False,100,-1.7324199648054315
policy,40740,7991,7941,1306.6,250453,False,False,True,False,100,-1.4549846146083647
policy,40840,8011,7961,1310.1,250454,False,False,True,False,100,-1.4206773997240387
policy,40940,8031,7981,1313.6,250455,False,False,True,False,100,-1.659396818665023
policy,41040,8051,8001,1317.5,250456,False,False,True,False,100,-1.4068695290430009
policy,41140,8071,8021,1321.6,250457,False,False,True,False,100,-1.1716804741743583
policy,41240,8091,8041,1325.7,250458,False,False,True,False,100,-1.480748824657897
policy,41340,8111,8061,1329.8,250459,False,False,True,False,100,-1.557224147651802
policy,41440,8131,8081,1333.9,250460,False,False,True,False,100,-1.382008089652879
policy,41540,8151,8101,1337.6,250461,False,False,True,False,100,-1.5501890159828
policy,41547,8153,8103,1338.0,250462,False,False,False,True,7,-0.7979162319310132
policy,41647,8173,8123,1341.5,250463,False,False,True,False,100,-1.3074196004415723
policy,41747,8193,8143,1345.2,250464,False,False,True,False,100,-1.52382500910146
policy,41847,8213,8163,1348.9,250465,False,False,True,False,100,-1.2038646540329685
policy,41868,8217,8167,1349.6,250466,False,False,False,True,21,-0.8484628367386245
policy,41968,8237,8187,1353.4,250467,False,False,True,False,100,-1.5229509031543516
policy,41987,8241,8191,1354.2,250468,False,False,False,True,19,-0.8519280304759592
policy,42087,8261,8211,1358.2,250469,False,False,True,False,100,-1.6308037967338507
policy,42187,8281,8231,1361.9,250470,False,False,True,False,100,-1.372905369275066
policy,42287,8301,8251,1365.9,250471,False,False,True,False,100,-1.508711147930701
policy,42387,8321,8271,1369.8,250472,False,False,True,False,100,-1.2108393442349914
policy,42487,8341,8291,1373.5,250473,False,False,True,False,100,-1.2439823580728073
policy,42587,8361,8311,1377.2,250474,False,False,True,False,100,-1.338383535247253
policy,42687,8381,8331,1380.7,250475,False,False,True,False,100,-1.2154992564712492
policy,42787,8401,8351,1384.2,250476,False,True,True,False,100,-1.5842554611888553
policy,42887,8421,8371,1387.8,250477,False,False,True,False,100,-1.2887414683623026
policy,42987,8441,8391,1391.6,250478,False,False,True,False,100,-1.3138462052031035
policy,43087,8461,8411,1395.4,250479,False,False,True,False,100,-1.3867876955941347
policy,43187,8481,8431,1399.4,250480,False,False,True,False,100,-1.425313778886423
policy,43287,8501,8451,1403.6,250481,False,False,True,False,100,-1.446018507959841
policy,43387,8521,8471,1408.0,250482,False,True,True,False,100,-1.6160886355653643
policy,43487,8541,8491,1411.8,250483,False,False,True,False,100,-1.5555442617467843
policy,43587,8561,8511,1415.5,250484,False,False,True,False,100,-1.3213996353207542
policy,43687,8581,8531,1419.1,250485,False,False,True,False,100,-1.6527485706269212
policy,43787,8601,8551,1422.9,250486,False,False,True,False,100,-1.4422840928268803
policy,43887,8621,8571,1427.2,250487,False,False,True,False,100,-1.5445024984441513
policy,43987,8641,8591,1431.1,250488,False,False,True,False,100,-1.2743315715037062
policy,44087,8661,8611,1434.9,250489,False,False,True,False,100,-1.5369850714187878
policy,44187,8681,8631,1438.6,250490,False,False,True,False,100,-1.3183812412769502
policy,44287,8701,8651,1442.1,250491,False,False,True,False,100,-1.2642817924231955
policy,44387,8721,8671,1445.8,250492,False,False,True,False,100,-1.2615503415149245
policy,44487,8741,8691,1449.5,250493,False,False,True,False,100,-1.6662353958827762
policy,44587,8761,8711,1453.1,250494,False,False,True,False,100,-1.7555498194151458
policy,44687,8781,8731,1456.6,250495,False,False,True,False,100,-1.4615553968198238
policy,44787,8801,8751,1460.3,250496,False,False,True,False,100,-1.3985620823915696
policy,44887,8821,8771,1463.9,250497,False,False,True,False,100,-1.2405973672070632
policy,44913,8826,8776,1464.8,250498,False,False,False,True,26,-0.9036692779086554
policy,45013,8846,8796,1468.4,250499,False,False,True,False,100,-1.6236709527823225
policy,45113,8866,8816,1472.0,250500,False,False,True,False,100,-1.6158448295606935
policy,45213,8886,8836,1476.5,250501,False,False,True,False,100,-1.3302584825691404
policy,45313,8906,8856,1480.7,250502,False,False,True,False,100,-1.5501895126817231
policy,45383,8920,8870,1483.6,250503,False,False,False,True,70,-1.2567352515459989
policy,45483,8940,8890,1488.0,250504,False,False,True,False,100,-1.3730907517499142
policy,45583,8960,8910,1492.1,250505,False,False,True,False,100,-1.07369921788074
policy,45683,8980,8930,1496.3,250506,False,False,True,False,100,-1.8021234274378233
policy,45783,9000,8950,1500.4,250507,False,False,True,False,100,-1.3289378605278492
policy,45883,9020,8970,1505.0,250508,False,False,True,False,100,-1.627831053189213
policy,45929,9029,8979,1507.1,250509,False,False,False,True,46,-0.8395165387681758
policy,46029,9049,8999,1511.3,250510,False,False,True,False,100,-1.7921836217717262
policy,46129,9069,9019,1515.4,250511,False,False,True,False,100,-1.283439548463439
policy,46180,9079,9029,1517.4,250512,False,False,False,True,51,-1.0758834934333938
policy,46280,9099,9049,1521.5,250513,False,False,True,False,100,-1.3905095036268986
policy,46380,9119,9069,1525.7,250514,False,False,True,False,100,-1.3550544773579047
policy,46480,9139,9089,1530.1,250515,False,False,True,False,100,-1.689130217357711
policy,46580,9159,9109,1535.0,250516,False,False,True,False,100,-1.2961427609536793
policy,46680,9179,9129,1539.2,250517,False,False,True,False,100,-1.5424187342604132
policy,46780,9199,9149,1543.3,250518,False,False,True,False,100,-1.5931032826193663
policy,46880,9219,9169,1547.7,250519,False,False,True,False,100,-1.759926762673714
policy,46980,9239,9189,1551.7,250520,False,False,True,False,100,-1.4954720704011466
policy,47080,9259,9209,1555.5,250521,False,False,True,False,100,-1.1061504423294348
policy,47180,9279,9229,1559.4,250522,False,False,True,False,100,-1.5421007821441697
policy,47280,9299,9249,1563.7,250523,False,False,True,False,100,-1.5200479976794818
policy,47323,9308,9258,1565.5,250524,False,False,False,True,43,-0.8301600676504183
policy,47423,9328,9278,1569.3,250525,False,False,True,False,100,-1.2399029237398533
policy,47523,9348,9298,1573.0,250526,False,False,True,False,100,-1.2121954420272019
policy,47623,9368,9318,1576.7,250527,False,False,True,False,100,-1.2830446074880102
policy,47723,9388,9338,1580.6,250528,False,False,True,False,100,-1.7696732499033594
policy,47823,9408,9358,1584.5,250529,False,False,True,False,100,-1.275209469561247
policy,47848,9413,9363,1585.4,250530,False,False,False,True,25,-1.0268203946514778
policy,47888,9421,9371,1586.9,250531,False,False,False,True,40,-1.2307211728640894
policy,47988,9441,9391,1590.6,250532,False,False,True,False,100,-1.088928236272026
policy,48088,9461,9411,1594.3,250533,False,False,True,False,100,-1.6291309253322026
policy,48188,9481,9431,1598.1,250534,False,False,True,False,100,-1.6069308903256445
policy,48288,9501,9451,1601.9,250535,False,False,True,False,100,-1.4694336725113393
policy,48316,9507,9457,1603.1,250536,False,False,False,True,28,-0.7027919759244606
policy,48416,9527,9477,1607.0,250537,False,False,True,False,100,-1.5019713602284601
policy,48424,9528,9478,1607.2,250538,False,False,False,True,8,-0.6289473128026672
policy,48524,9548,9498,1611.3,250539,False,False,True,False,100,-1.5343383570663915
policy,48624,9568,9518,1615.1,250540,False,False,True,False,100,-1.3266680651314857
policy,48666,9577,9527,1616.8,250541,False,False,False,True,42,-1.0081106873026773
policy,48730,9589,9539,1619.0,250542,False,False,False,True,64,-1.3980691071610845
policy,48830,9609,9559,1622.8,250543,False,False,True,False,100,-1.370017421467225
policy,48930,9629,9579,1626.8,250544,False,False,True,False,100,-1.0926485294459023
policy,49030,9649,9599,1630.5,250545,False,False,True,False,100,-1.524440366253022
policy,49130,9669,9619,1634.0,250546,False,False,True,False,100,-1.1855791794196198
policy,49230,9689,9639,1637.7,250547,False,False,True,False,100,-1.1640498729478042
policy,49330,9709,9659,1641.5,250548,False,False,True,False,100,-1.0634876207969701
policy,49347,9713,9663,1642.3,250549,False,False,False,True,17,-0.6944177744632607
policy,49357,9715,9665,1642.7,250550,False,False,False,True,10,-0.6977959911189633
policy,49427,9729,9679,1645.6,250551,False,False,False,True,70,-1.2139434568807346
policy,49527,9749,9699,1649.5,250552,False,False,True,False,100,-1.5035526129861463
policy,49627,9769,9719,1653.3,250553,False,False,True,False,100,-1.262062683406791
policy,49653,9774,9724,1654.2,250554,False,False,False,True,26,-0.8774981454720074
policy,49753,9794,9744,1658.0,250555,False,False,True,False,100,-1.5700698817130991
policy,49853,9814,9764,1661.6,250556,False,False,True,False,100,-1.0841475686347974
policy,49916,9827,9777,1663.9,250557,False,False,False,True,63,-1.3309050347408364
policy,50016,9847,9797,1667.4,250558,False,False,True,False,100,-1.1508241436556055
policy,50063,9856,9806,1669.0,250559,False,False,False,True,47,-1.150829514579677
policy,50163,9876,9826,1672.5,250560,False,False,True,False,100,-1.1545979029323417
policy,50194,9882,9832,1673.6,250561,False,False,False,True,31,-0.8985417757891003
policy,50294,9902,9852,1677.2,250562,False,False,True,False,100,-1.629161179567379
policy,50394,9922,9872,1680.8,250563,False,False,True,False,100,-1.2102786663681506
policy,50494,9942,9892,1684.8,250564,False,False,True,False,100,-1.2320322979778269
policy,50594,9962,9912,1688.8,250565,False,False,True,False,100,-1.3073545511709108
policy,50606,9965,9915,1689.4,250566,False,False,False,True,12,-0.6492156307856531
policy,50641,9972,9922,1690.8,250567,False,False,False,True,35,-0.7607416668596424
policy,50656,9975,9925,1691.4,250568,False,False,False,True,15,-0.8156246586192368
policy,50694,9982,9932,1692.6,250569,False,False,False,True,38,-1.0319039684987814
policy,50726,9989,9939,1694.0,250570,False,False,False,True,32,-0.8140896358592642
policy,50826,10009,9959,1697.7,250571,False,False,True,False,100,-1.5294270596622201
policy,50836,10011,9961,1698.1,250572,False,False,False,True,10,-0.7796719696871726
policy,50877,10019,9969,1699.6,250573,False,False,False,True,41,-0.9611480986621275
policy,50977,10039,9989,1703.3,250574,False,False,True,False,100,-1.5199957448124306
policy,51005,10044,9994,1704.2,250575,False,False,False,True,28,-0.8481675490035308
policy,51040,10051,10001,1705.5,250576,False,False,False,True,35,-0.7415358180418563
policy,51110,10065,10015,1708.0,250577,False,False,False,True,70,-1.0806272417206801
policy,51127,10069,10019,1708.7,250578,False,False,False,True,17,-0.8181904429893555
policy,51209,10085,10035,1711.6,250579,False,False,False,True,82,-1.2573999267449993
policy,51241,10092,10042,1712.9,250580,False,False,False,True,32,-0.769976189879464
policy,51341,10112,10062,1716.7,250581,False,False,True,False,100,-1.1224690324706976
policy,51392,10122,10072,1718.6,250582,False,False,False,True,51,-1.0713330536507366
policy,51492,10142,10092,1722.5,250583,False,False,True,False,100,-1.4530486151310755
policy,51557,10155,10105,1725.1,250584,False,False,False,True,65,-1.0862717273072096
policy,51631,10170,10120,1728.1,250585,False,False,False,True,74,-1.0185388598728518
policy,51639,10171,10121,1728.3,250586,False,False,False,True,8,-0.7330964467493538
policy,51739,10191,10141,1732.2,250587,False,False,True,False,100,-1.4754043418638085
policy,51817,10207,10157,1735.1,250588,False,False,False,True,78,-1.0944047528805543
policy,51871,10218,10168,1737.0,250589,False,False,False,True,54,-1.1946167468291327
policy,51971,10238,10188,1740.5,250590,False,False,True,False,100,-1.3470140881361734
policy,51999,10243,10193,1741.4,250591,False,False,False,True,28,-0.874332018057147
policy,52046,10253,10203,1743.1,250592,False,False,False,True,47,-1.1298141300817082
policy,52092,10262,10212,1744.8,250593,False,False,False,True,46,-1.1490381086504244
policy,52128,10269,10219,1746.1,250594,False,False,False,True,36,-0.8563843960006259
policy,52228,10289,10239,1749.9,250595,False,False,True,False,100,-1.4768847743426963
policy,52328,10309,10259,1753.8,250596,False,False,True,False,100,-1.6648967533326307
policy,52359,10315,10265,1755.1,250597,False,False,False,True,31,-0.894412800013871
policy,52386,10321,10271,1756.5,250598,False,False,False,True,27,-0.7852123248578684
policy,52442,10332,10282,1758.8,250599,False,False,False,True,56,-0.8904510506972803
policy,52542,10352,10302,1762.8,250600,False,False,True,False,100,-1.3545863879036646
policy,52573,10358,10308,1763.9,250601,False,False,False,True,31,-1.0198186872154715
policy,52602,10364,10314,1765.1,250602,False,False,False,True,29,-0.84132983948742
policy,52702,10384,10334,1768.9,250603,False,True,True,False,100,-1.6410765260478444
policy,52802,10404,10354,1772.5,250604,False,False,True,False,100,-1.1257527666185971
policy,52902,10424,10374,1776.3,250605,False,False,True,False,100,-1.2853462042393229
policy,52922,10428,10378,1777.1,250606,False,False,False,True,20,-0.8275209284508049
policy,53022,10448,10398,1781.1,250607,False,False,True,False,100,-1.259970948343629
policy,53122,10468,10418,1785.1,250608,False,False,True,False,100,-1.305021417085995
policy,53222,10488,10438,1789.0,250609,False,False,True,False,100,-1.1393880621258867
policy,53322,10508,10458,1793.1,250610,False,False,True,False,100,-1.4745011527839709
policy,53354,10514,10464,1794.2,250611,False,False,False,True,32,-0.9024064860523264
policy,53370,10517,10467,1794.8,250612,False,False,False,True,16,-0.6300014431330736
policy,53408,10525,10475,1796.3,250613,False,False,False,True,38,-1.0392234428495084
policy,53508,10545,10495,1800.0,250614,False,False,True,False,100,-1.4746704287159051
policy,53525,10548,10498,1800.6,250615,False,False,False,True,17,-0.8464570435805234
policy,53547,10553,10503,1801.6,250616,False,False,False,True,22,-0.9917132481657123
policy,53604,10564,10514,1803.8,250617,False,False,False,True,57,-1.2552797350099294
policy,53625,10568,10518,1804.6,250618,False,False,False,True,21,-0.7698548064960602
policy,53648,10573,10523,1805.5,250619,False,False,False,True,23,-0.9263431816455504
policy,53748,10593,10543,1809.3,250620,False,False,True,False,100,-1.4910982820466094
policy,53790,10601,10551,1810.9,250621,False,False,False,True,42,-0.8888382504279992
policy,53813,10606,10556,1811.9,250622,False,False,False,True,23,-0.8104730290347837
policy,53913,10626,10576,1816.3,250623,False,False,True,False,100,-1.3815610600819557
policy,53948,10633,10583,1817.6,250624,False,False,False,True,35,-0.7724094777237234
policy,53993,10642,10592,1819.4,250625,False,False,False,True,45,-1.0861110927633253
policy,54093,10662,10612,1823.2,250626,False,False,True,False,100,-1.6975337577582739
policy,54193,10682,10632,1826.9,250627,False,True,True,False,100,-1.5034451960849227
policy,54205,10684,10634,1827.3,250628,False,False,False,True,12,-0.6879385372979595
policy,54305,10704,10654,1831.0,250629,False,False,True,False,100,-1.4383470728703762
policy,54320,10707,10657,1831.5,250630,False,False,False,True,15,-0.6634755220953135
policy,54420,10727,10677,1835.5,250631,False,False,True,False,100,-1.285014576273213
policy,54520,10747,10697,1839.8,250632,False,False,True,False,100,-1.5971818670021136
policy,54557,10755,10705,1841.4,250633,False,False,False,True,37,-0.9286354559004086
policy,54605,10764,10714,1843.2,250634,False,False,False,True,48,-1.1574145903612578
policy,54705,10784,10734,1846.8,250635,False,False,True,False,100,-1.527352638335608
policy,54788,10801,10751,1849.9,250636,False,False,False,True,83,-1.3497130744367336
policy,54806,10805,10755,1850.6,250637,False,False,False,True,18,-0.7243793547667206
policy,54906,10825,10775,1855.5,250638,False,False,True,False,100,-1.434027801174417
policy,54947,10833,10783,1857.0,250639,False,False,False,True,41,-0.9237443116863082
policy,55047,10853,10803,1860.9,250640,False,False,True,False,100,-1.712239403962136
policy,55048,10853,10803,1860.9,250641,False,False,False,True,1,-0.5597527242150457
policy,55148,10873,10823,1864.6,250642,False,False,True,False,100,-1.3007978096728976
policy,55248,10893,10843,1868.4,250643,False,False,True,False,100,-1.3850476489403785
policy,55348,10913,10863,1872.1,250644,False,False,True,False,100,-1.5506902614793647
policy,55448,10933,10883,1876.0,250645,False,False,True,False,100,-1.3213619724653412
policy,55548,10953,10903,1880.0,250646,False,False,True,False,100,-1.2727948644987404
policy,55590,10961,10911,1881.5,250647,False,False,False,True,42,-1.0319156538003025
policy,55690,10981,10931,1885.1,250648,False,False,True,False,100,-1.6163244830312042
policy,55790,11001,10951,1888.6,250649,False,False,True,False,100,-1.2434183960156346
policy,55819,11007,10957,1889.7,250650,False,False,False,True,29,-0.6936042954869044
policy,55825,11008,10958,1889.8,250651,False,False,False,True,6,-0.6981786515849615
policy,55925,11028,10978,1893.5,250652,False,False,True,False,100,-1.324558178951444
policy,56025,11048,10998,1897.3,250653,False,False,True,False,100,-1.6437852666291857
policy,56125,11068,11018,1901.5,250654,False,False,True,False,100,-1.4450594091500713
policy,56225,11088,11038,1905.2,250655,False,True,True,False,100,-1.3191149390645711
policy,56284,11100,11050,1907.3,250656,False,False,False,True,59,-0.9740116859316841
policy,56344,11112,11062,1909.4,250657,False,False,False,True,60,-1.2417741348445286
policy,56403,11124,11074,1911.7,250658,False,False,False,True,59,-1.0412773107560236
policy,56487,11141,11091,1914.6,250659,False,False,False,True,84,-1.2990008655689604
policy,56499,11143,11093,1915.0,250660,False,False,False,True,12,-0.7481081971622372
policy,56599,11163,11113,1918.7,250661,False,True,True,False,100,-1.4264396046271914
policy,56699,11183,11133,1922.3,250662,False,False,True,False,100,-1.1260717236101183
policy,56755,11194,11144,1924.1,250663,False,False,False,True,56,-1.1641330953415778
policy,56785,11200,11150,1925.2,250664,False,False,False,True,30,-1.1665244393233665
policy,56831,11210,11160,1926.8,250665,False,False,False,True,46,-1.167681399568699
policy,56863,11216,11166,1927.8,250666,False,False,False,True,32,-0.8029733267445749
policy,56963,11236,11186,1931.2,250667,False,False,True,False,100,-1.6459761268181559
policy,57063,11256,11206,1934.8,250668,False,False,True,False,100,-1.2053740543577818
policy,57135,11270,11220,1937.4,250669,False,False,False,True,72,-1.0977053138153308
policy,57165,11276,11226,1938.5,250670,False,False,False,True,30,-0.9370583513971855
policy,57219,11287,11237,1940.5,250671,False,False,False,True,54,-1.0588922542714096
policy,57319,11307,11257,1944.3,250672,False,False,True,False,100,-1.3418690550188312
policy,57330,11309,11259,1944.7,250673,False,False,False,True,11,-0.6895179358614953
policy,57369,11317,11267,1946.1,250674,False,False,False,True,39,-0.7894108493026907
policy,57469,11337,11287,1949.6,250675,False,False,True,False,100,-1.5383999468687561
policy,57501,11344,11294,1950.8,250676,False,False,False,True,32,-1.0148576816723645
policy,57601,11364,11314,1954.4,250677,False,False,True,False,100,-1.3616128549898332
policy,57611,11366,11316,1954.8,250678,False,False,False,True,10,-0.5956501953640114
policy,57711,11386,11336,1958.6,250679,False,False,True,False,100,-1.401133516025744
policy,57811,11406,11356,1962.3,250680,False,False,True,False,100,-1.6637280052278525
policy,57911,11426,11376,1966.2,250681,False,False,True,False,100,-1.5245998114628876
policy,58011,11446,11396,1969.9,250682,False,False,True,False,100,-1.3157234422899087
policy,58111,11466,11416,1973.3,250683,False,False,True,False,100,-1.5112844614896492
policy,58211,11486,11436,1976.9,250684,False,False,True,False,100,-1.6895303729974909
policy,58311,11506,11456,1980.3,250685,False,False,True,False,100,-1.1183927830638174
policy,58411,11526,11476,1983.5,250686,False,False,True,False,100,-1.355341038973422
policy,58511,11546,11496,1986.8,250687,False,False,True,False,100,-1.1595560516095118
policy,58611,11566,11516,1990.0,250688,False,False,True,False,100,-1.4297144310083136
policy,58668,11577,11527,1991.9,250689,False,False,False,True,57,-0.9519555071098074
policy,58702,11584,11534,1993.1,250690,False,False,False,True,34,-1.1219691921769717
policy,58802,11604,11554,1996.5,250691,False,False,True,False,100,-1.3911587842306046
policy,58902,11624,11574,2000.1,250692,False,False,True,False,100,-1.8288377541765652
policy,59002,11644,11594,2003.7,250693,False,False,True,False,100,-1.1762348911629192
policy,59102,11664,11614,2007.4,250694,False,False,True,False,100,-1.212564186193984
policy,59171,11678,11628,2009.7,250695,False,False,False,True,69,-0.9978151051732467
policy,59271,11698,11648,2012.9,250696,False,False,True,False,100,-1.5197682305945024
policy,59371,11718,11668,2016.0,250697,False,False,True,False,100,-1.51051558113133
policy,59469,11737,11687,2019.1,250698,False,False,False,True,98,-1.2628551566891426
policy,59569,11757,11707,2022.3,250699,False,False,True,False,100,-1.3438136495400266
policy,59669,11777,11727,2025.7,250700,False,False,True,False,100,-1.1600724518989725
policy,59769,11797,11747,2029.1,250701,False,False,True,False,100,-1.4566497117844097
policy,59869,11817,11767,2032.7,250702,False,False,True,False,100,-1.3053083545569923
policy,59969,11837,11787,2036.3,250703,False,False,True,False,100,-1.4306356143243453
policy,60056,11855,11805,2039.4,250704,False,False,False,True,87,-1.0669988027735815
policy,60156,11875,11825,2042.8,250705,False,False,True,False,100,-1.4691146681535037
policy,60256,11895,11845,2045.9,250706,False,False,True,False,100,-1.228270994746981
policy,60319,11907,11857,2047.8,250707,False,False,False,True,63,-1.047143342697626
policy,60336,11911,11861,2048.4,250708,False,False,False,True,17,-0.7152888220950604
policy,60377,11919,11869,2049.7,250709,False,False,False,True,41,-0.7760239692407875
policy,60477,11939,11889,2052.9,250710,False,False,True,False,100,-1.7076180051518985
policy,60513,11946,11896,2054.1,250711,False,False,False,True,36,-0.9607372504147951
policy,60552,11954,11904,2055.4,250712,False,False,False,True,39,-0.8499131104622816
policy,60652,11974,11924,2058.6,250713,False,False,True,False,100,-1.131653456072096
policy,60665,11976,11926,2059.0,250714,False,False,False,True,13,-0.6539920285518157
policy,60765,11996,11946,2062.2,250715,False,False,True,False,100,-1.3725681684840594
policy,60865,12016,11966,2065.4,250716,False,False,True,False,100,-1.4750823089211047
policy,60956,12035,11985,2068.4,250717,False,False,False,True,91,-1.109718215085323
policy,61056,12055,12005,2071.6,250718,False,False,True,False,100,-1.7980142179276308
policy,61156,12075,12025,2074.8,250719,False,False,True,False,100,-1.2744853817945647
policy,61165,12076,12026,2075.0,250720,False,False,False,True,9,-0.6921239541829217
policy,61265,12096,12046,2078.3,250721,False,False,True,False,100,-1.223462569910135
policy,61365,12116,12066,2081.6,250722,False,False,True,False,100,-1.5016010725024724
policy,61411,12126,12076,2083.3,250723,False,False,False,True,46,-0.9055375388602803
policy,61511,12146,12096,2086.8,250724,False,False,True,False,100,-1.4812284494820382
policy,61611,12166,12116,2090.1,250725,False,False,True,False,100,-1.4205884297094205
policy,61711,12186,12136,2093.5,250726,False,False,True,False,100,-1.1334297290008766
policy,61811,12206,12156,2096.6,250727,False,False,True,False,100,-1.2619152416733306
policy,61911,12226,12176,2099.8,250728,False,False,True,False,100,-1.1788507364891165
policy,61957,12235,12185,2101.2,250729,False,False,False,True,46,-1.0975571084898668
policy,62057,12255,12205,2104.8,250730,False,False,True,False,100,-1.2727509183237156
policy,62072,12258,12208,2105.3,250731,False,False,False,True,15,-0.8350696774367133
policy,62143,12272,12222,2107.6,250732,False,False,False,True,71,-1.2713232738015994
policy,62243,12292,12242,2110.9,250733,False,False,True,False,100,-1.295945637459282
policy,62343,12312,12262,2114.3,250734,False,False,True,False,100,-1.1867190929299496
policy,62443,12332,12282,2117.8,250735,False,False,True,False,100,-1.3027283988165634
policy,62541,12352,12302,2121.1,250736,False,False,False,True,98,-1.1089957154567536
policy,62573,12358,12308,2122.1,250737,False,False,False,True,32,-0.8518199475933399
policy,62673,12378,12328,2125.2,250738,False,False,True,False,100,-1.6566470041927812
policy,62722,12388,12338,2126.7,250739,False,False,False,True,49,-1.0282234774071262
policy,62731,12390,12340,2127.0,250740,False,False,False,True,9,-0.6918649395317993
policy,62804,12404,12354,2129.3,250741,False,False,False,True,73,-1.2895280815369015
policy,62904,12424,12374,2132.5,250742,False,False,True,False,100,-1.6796459755610342
policy,62924,12428,12378,2133.2,250743,False,False,False,True,20,-0.8573061947141701
policy,62955,12434,12384,2134.2,250744,False,False,False,True,31,-1.0263862342753014
policy,63055,12454,12404,2137.5,250745,False,False,True,False,100,-1.300726522992345
policy,63120,12467,12417,2139.7,250746,False,False,False,True,65,-1.3548308737386021
policy,63220,12487,12437,2143.2,250747,False,False,True,False,100,-1.349329693663738
policy,63298,12503,12453,2146.0,250748,False,False,False,True,78,-1.326009092773402
policy,63398,12523,12473,2149.8,250749,False,False,True,False,100,-1.1543063408258993
policy,63498,12543,12493,2153.0,250750,False,False,True,False,100,-1.256138830099299
policy,63598,12563,12513,2156.2,250751,False,False,True,False,100,-1.2109904501143098
policy,63640,12571,12521,2157.4,250752,False,False,False,True,42,-0.8149972163290953
policy,63695,12582,12532,2159.2,250753,False,False,False,True,55,-1.3238266632980085
policy,63764,12596,12546,2161.4,250754,False,False,False,True,69,-1.1074003428237986
policy,63804,12604,12554,2162.7,250755,False,False,False,True,40,-0.8339859077464769
policy,63904,12624,12574,2166.0,250756,False,False,True,False,100,-1.429794859117773
policy,64004,12644,12594,2169.3,250757,False,False,True,False,100,-1.2875526604076555
policy,64050,12653,12603,2170.9,250758,False,False,False,True,46,-1.0588254697439767
policy,64150,12673,12623,2174.1,250759,False,False,True,False,100,-1.5155298881576342
policy,64250,12693,12643,2177.4,250760,False,False,True,False,100,-1.467510170350136
policy,64350,12713,12663,2180.8,250761,False,False,True,False,100,-1.4347142007840903
policy,64353,12714,12664,2181.0,250762,False,False,False,True,3,-0.824962471902487
policy,64453,12734,12684,2184.1,250763,False,False,True,False,100,-1.2918230284611676
policy,64512,12746,12696,2186.0,250764,False,False,False,True,59,-0.9572909061504757
policy,64612,12766,12716,2189.2,250765,False,False,True,False,100,-1.219565796646879
policy,64712,12786,12736,2192.5,250766,False,False,True,False,100,-1.4448984892186045
policy,64812,12806,12756,2195.9,250767,False,False,True,False,100,-1.6068754192466237
policy,64845,12812,12762,2196.9,250768,False,False,False,True,33,-0.9453507460342625
policy,64862,12816,12766,2197.6,250769,False,False,False,True,17,-0.7271349613058389
policy,64911,12826,12776,2199.4,250770,False,False,False,True,49,-0.8058955804311838
policy,64953,12834,12784,2200.8,250771,False,False,False,True,42,-0.8560366339395247
policy,65053,12854,12804,2204.2,250772,False,False,True,False,100,-1.4160176943242828
policy,65110,12865,12815,2206.0,250773,False,False,False,True,57,-0.9743498423518517
policy,65210,12885,12835,2209.3,250774,False,False,True,False,100,-1.3068671494237685
policy,65236,12891,12841,2210.3,250775,False,False,False,True,26,-0.8720965357739746
policy,65336,12911,12861,2213.7,250776,False,False,True,False,100,-1.464722103587004
policy,65411,12926,12876,2216.2,250777,False,False,False,True,75,-1.2732394787013903
policy,65496,12943,12893,2219.0,250778,False,False,False,True,85,-1.072828610528799
policy,65548,12953,12903,2220.5,250779,False,False,False,True,52,-1.1403995616053764
policy,65558,12955,12905,2220.9,250780,False,False,False,True,10,-0.7279898744908504
policy,65658,12975,12925,2223.9,250781,False,False,True,False,100,-1.1242649071771662
policy,65758,12995,12945,2227.0,250782,False,False,True,False,100,-1.3697492591831792
policy,65858,13015,12965,2230.2,250783,False,False,True,False,100,-1.7884251414761025
policy,65919,13027,12977,2232.2,250784,False,False,False,True,61,-1.2215464836064323
policy,66019,13047,12997,2235.5,250785,False,False,True,False,100,-1.732986374751564
policy,66119,13067,13017,2238.8,250786,False,False,True,False,100,-1.308885055832164
policy,66219,13087,13037,2242.2,250787,False,False,True,False,100,-1.3877386734007775
policy,66270,13097,13047,2243.8,250788,False,False,False,True,51,-0.961985191097096
policy,66299,13103,13053,2244.7,250789,False,False,False,True,29,-0.887397627468773
policy,66399,13123,13073,2247.9,250790,False,False,True,False,100,-1.327320106252617
policy,66492,13142,13092,2250.9,250791,False,False,False,True,93,-1.2923102913823055
policy,66585,13160,13110,2253.7,250792,False,False,False,True,93,-1.649154382235523
policy,66660,13175,13125,2256.0,250793,False,False,False,True,75,-1.0870278841442016
policy,66760,13195,13145,2259.1,250794,False,False,True,False,100,-1.183378275683854
policy,66795,13202,13152,2260.2,250795,False,False,False,True,35,-1.0634011272594839
policy,66895,13222,13172,2263.3,250796,False,False,True,False,100,-1.6771573309611605
policy,66917,13227,13177,2264.1,250797,False,False,False,True,22,-0.8306769758602659
policy,67017,13247,13197,2267.4,250798,False,False,True,False,100,-1.7551456377330656
policy,67117,13267,13217,2270.8,250799,False,False,True,False,100,-1.448966161815991
policy,67217,13287,13237,2274.5,250800,False,False,True,False,100,-1.182550202025671
policy,67317,13307,13257,2278.2,250801,False,False,True,False,100,-1.4712782833787938
policy,67342,13312,13262,2279.0,250802,False,False,False,True,25,-0.996476837071396
policy,67365,13316,13266,2279.7,250803,False,False,False,True,23,-0.797157975937203
policy,67465,13336,13286,2283.0,250804,False,False,True,False,100,-1.2141328896836927
policy,67565,13356,13306,2286.2,250805,False,False,True,False,100,-1.6415133026324806
policy,67588,13361,13311,2287.0,250806,False,False,False,True,23,-0.8208804744988224
policy,67688,13381,13331,2290.1,250807,False,False,True,False,100,-1.0784762316222238
policy,67763,13396,13346,2292.4,250808,False,False,False,True,75,-1.2246947541235575
policy,67863,13416,13366,2295.6,250809,False,False,True,False,100,-1.3644689261853131
policy,67921,13428,13378,2297.6,250810,False,False,False,True,58,-1.1221318436567114
policy,68021,13448,13398,2301.0,250811,False,False,True,False,100,-1.3544389019328706
policy,68121,13468,13418,2304.4,250812,False,False,True,False,100,-1.6773231270874382
policy,68221,13488,13438,2307.8,250813,False,False,True,False,100,-1.3291157424011795
policy,68321,13508,13458,2311.3,250814,False,False,True,False,100,-1.6653726985278483
policy,68421,13528,13478,2314.8,250815,False,False,True,False,100,-1.1632172760763526
policy,68521,13548,13498,2317.9,250816,False,False,True,False,100,-1.4322595843223884
policy,68621,13568,13518,2321.0,250817,False,False,True,False,100,-1.2404786979739422
policy,68721,13588,13538,2324.1,250818,False,False,True,False,100,-1.550068001200008
policy,68821,13608,13558,2327.2,250819,False,False,True,False,100,-1.2509354452973387
policy,68921,13628,13578,2330.5,250820,False,False,True,False,100,-1.4456953858077028
policy,69021,13648,13598,2333.9,250821,False,False,True,False,100,-1.1065136063343957
policy,69121,13668,13618,2337.4,250822,False,False,True,False,100,-1.36201268289572
policy,69221,13688,13638,2341.0,250823,False,False,True,False,100,-1.5670908326222908
policy,69321,13708,13658,2344.5,250824,False,False,True,False,100,-1.3592018931953205
policy,69421,13728,13678,2348.1,250825,False,False,True,False,100,-1.6104955845098983
policy,69521,13748,13698,2351.5,250826,False,True,True,False,100,-1.411771938290479
policy,69621,13768,13718,2354.6,250827,False,False,True,False,100,-1.266042652741751
policy,69721,13788,13738,2357.7,250828,False,False,True,False,100,-1.3792623336321788
policy,69821,13808,13758,2360.8,250829,False,False,True,False,100,-1.1143452934255587
policy,69870,13817,13767,2362.2,250830,False,False,False,True,49,-1.1658979735788646
policy,69911,13826,13776,2363.6,250831,False,False,False,True,41,-0.9764834399168579
policy,70011,13846,13796,2366.9,250832,False,False,True,False,100,-1.1697830534271025
policy,70111,13866,13816,2370.2,250833,False,False,True,False,100,-1.2408962076494032
policy,70124,13868,13818,2370.6,250834,False,False,False,True,13,-0.8811441983349162
policy,70146,13873,13823,2371.4,250835,False,False,False,True,22,-0.8191250547221968
policy,70246,13893,13843,2375.0,250836,False,False,True,False,100,-1.2423403865016467
policy,70346,13913,13863,2378.5,250837,False,True,True,False,100,-1.367276314277633
policy,70397,13923,13873,2380.3,250838,False,False,False,True,51,-1.01803705449947
policy,70430,13929,13879,2381.3,250839,False,False,False,True,33,-1.16127885599841
policy,70530,13949,13899,2384.5,250840,False,False,True,False,100,-1.2999950408476901
policy,70630,13969,13919,2387.9,250841,False,False,True,False,100,-1.8097231587750098
policy,70677,13979,13929,2389.5,250842,False,False,False,True,47,-1.0335654147152717
policy,70777,13999,13949,2392.7,250843,False,False,True,False,100,-1.3412860895748104
policy,70877,14019,13969,2396.1,250844,False,False,True,False,100,-1.4962164264186901
policy,70903,14024,13974,2396.9,250845,False,False,False,True,26,-0.7864747443781123
policy,71003,14044,13994,2400.4,250846,False,False,True,False,100,-1.3222746243421204
policy,71089,14061,14011,2404.0,250847,False,False,False,True,86,-1.309854803449135
policy,71189,14081,14031,2407.8,250848,False,False,True,False,100,-1.4773123400808799
policy,71289,14101,14051,2411.5,250849,False,False,True,False,100,-1.406269412083963
policy,71389,14121,14071,2415.4,250850,False,False,True,False,100,-1.4803582230950163
policy,71489,14141,14091,2418.8,250851,False,False,True,False,100,-1.1668942666204918
policy,71589,14161,14111,2422.2,250852,False,False,True,False,100,-1.2962735805635153
policy,71689,14181,14131,2425.5,250853,False,False,True,False,100,-1.7421884383668123
policy,71789,14201,14151,2428.8,250854,False,False,True,False,100,-1.1326849356811202
policy,71854,14214,14164,2430.9,250855,False,False,False,True,65,-1.0786347146346258
policy,71954,14234,14184,2434.4,250856,False,False,True,False,100,-1.5023323548238607
policy,71991,14242,14192,2435.8,250857,False,False,False,True,37,-0.9623325152960613
policy,72024,14248,14198,2437.0,250858,False,False,False,True,33,-0.9773846701525781
policy,72124,14268,14218,2440.4,250859,False,False,True,False,100,-1.541693658692985
policy,72224,14288,14238,2443.7,250860,False,False,True,False,100,-1.2858888628381124
policy,72304,14304,14254,2446.2,250861,False,False,False,True,80,-1.348193068122939
policy,72404,14324,14274,2449.4,250862,False,False,True,False,100,-1.7377272567348605
policy,72504,14344,14294,2452.5,250863,False,False,True,False,100,-1.3228802524095813
policy,72507,14345,14295,2452.7,250864,False,False,False,True,3,-0.6813791354948443
policy,72580,14359,14309,2454.9,250865,False,False,False,True,73,-1.2743479779822653
policy,72680,14379,14329,2458.1,250866,False,False,True,False,100,-1.1213552740132897
policy,72780,14399,14349,2461.4,250867,False,False,True,False,100,-1.3104797952576854
policy,72834,14410,14360,2463.2,250868,False,False,False,True,54,-0.8721296129619752
policy,72896,14423,14373,2465.5,250869,False,False,False,True,62,-1.3146444517968987
policy,72990,14441,14391,2468.6,250870,False,False,False,True,94,-1.1377045943033546
policy,73090,14461,14411,2472.2,250871,False,False,True,False,100,-1.4302267082705176
policy,73190,14481,14431,2475.5,250872,False,False,True,False,100,-1.6912850827084314
policy,73226,14489,14439,2476.8,250873,False,False,False,True,36,-0.9352732497911898
policy,73313,14506,14456,2479.5,250874,False,False,False,True,87,-1.3386194794490405
policy,73413,14526,14476,2482.7,250875,False,False,True,False,100,-1.0946168155940432
policy,73513,14546,14496,2485.9,250876,False,False,True,False,100,-1.4105335184509995
policy,73613,14566,14516,2489.3,250877,False,False,True,False,100,-1.31757756008374
policy,73713,14586,14536,2492.8,250878,False,False,True,False,100,-1.2557435541070003
policy,73798,14603,14553,2495.9,250879,False,False,False,True,85,-1.396575048909245
policy,73898,14623,14573,2499.8,250880,False,False,True,False,100,-1.2273651793722578
policy,73992,14642,14592,2503.3,250881,False,True,False,True,94,-1.6266482650434915
policy,74092,14662,14612,2506.6,250882,False,False,True,False,100,-1.1596832181867718
policy,74192,14682,14632,2509.7,250883,False,False,True,False,100,-1.591704269328024
policy,74214,14686,14636,2510.3,250884,False,False,False,True,22,-0.755223944705175
policy,74314,14706,14656,2513.5,250885,False,False,True,False,100,-1.1210255292627807
policy,74414,14726,14676,2516.7,250886,False,False,True,False,100,-1.7141874892673992
policy,74514,14746,14696,2520.0,250887,False,False,True,False,100,-1.5596650280172475
policy,74555,14754,14704,2521.3,250888,False,False,False,True,41,-1.0208914779366685
policy,74648,14773,14723,2524.5,250889,False,False,False,True,93,-1.4541702901109317
policy,74695,14782,14732,2526.0,250890,False,False,False,True,47,-1.012706017038854
policy,74795,14802,14752,2529.5,250891,False,False,True,False,100,-1.229503545384924
policy,74895,14822,14772,2532.9,250892,False,False,True,False,100,-1.2238761268181195
policy,74995,14842,14792,2536.2,250893,False,False,True,False,100,-1.2648590548658767
policy,75095,14862,14812,2539.6,250894,False,False,True,False,100,-1.3767592185154116
policy,75195,14882,14832,2543.0,250895,False,False,True,False,100,-1.5584853024184842
policy,75295,14902,14852,2546.3,250896,False,False,True,False,100,-1.7738565734260847
policy,75395,14922,14872,2549.4,250897,False,False,True,False,100,-1.3250879799156825
policy,75495,14942,14892,2552.7,250898,False,False,True,False,100,-1.4454887755634678
policy,75593,14962,14912,2555.9,250899,False,False,False,True,98,-1.1043208570443854
policy,75686,14981,14931,2558.9,250900,False,False,False,True,93,-1.1773064327294693
policy,75786,15001,14951,2562.2,250901,False,False,True,False,100,-1.1219192321862084
policy,75818,15007,14957,2563.1,250902,False,False,False,True,32,-0.9664358427927859
policy,75918,15027,14977,2566.4,250903,False,False,True,False,100,-1.3693229400206473
policy,76018,15047,14997,2569.8,250904,False,False,True,False,100,-1.3218731325730633
policy,76118,15067,15017,2573.3,250905,False,False,True,False,100,-1.2908968571701376
policy,76126,15069,15019,2573.6,250906,False,False,False,True,8,-0.6863675263356237
policy,76226,15089,15039,2577.0,250907,False,False,True,False,100,-1.5768251207602062
policy,76292,15102,15052,2579.1,250908,False,False,False,True,66,-1.2667851216804555
policy,76392,15122,15072,2582.6,250909,False,False,True,False,100,-1.5029261942896672
policy,76492,15142,15092,2586.0,250910,False,False,True,False,100,-1.1393243122998848
policy,76521,15148,15098,2587.0,250911,False,False,False,True,29,-0.8524853280966933
policy,76621,15168,15118,2590.2,250912,False,False,True,False,100,-1.3624207351690365
policy,76721,15188,15138,2593.5,250913,False,False,True,False,100,-1.424232297011598
policy,76821,15208,15158,2597.0,250914,False,True,True,False,100,-1.7741975084143824
policy,76921,15228,15178,2600.5,250915,False,False,True,False,100,-1.097764322927465
policy,77021,15248,15198,2604.1,250916,False,False,True,False,100,-1.4459370545153387
policy,77114,15266,15216,2607.1,250917,False,True,False,True,93,-1.4570856557721983
policy,77214,15286,15236,2610.5,250918,False,True,True,False,100,-1.2321788701375094
policy,77314,15306,15256,2613.6,250919,False,False,True,False,100,-1.6508493997941585
policy,77414,15326,15276,2616.8,250920,False,False,True,False,100,-1.8708701081637455
policy,77514,15346,15296,2619.9,250921,False,False,True,False,100,-1.3918761254804393
policy,77614,15366,15316,2623.2,250922,False,False,True,False,100,-1.1790057027230452
policy,77640,15371,15321,2624.1,250923,False,False,False,True,26,-0.9004500914232277
policy,77740,15391,15341,2627.5,250924,False,False,True,False,100,-1.453186449433098
policy,77840,15411,15361,2631.0,250925,False,False,True,False,100,-1.5857748913172194
policy,77940,15431,15381,2634.4,250926,False,False,True,False,100,-1.3440523781374587
policy,78040,15451,15401,2637.8,250927,False,False,True,False,100,-1.3474685921977994
policy,78121,15468,15418,2640.6,250928,False,False,False,True,81,-1.1428115484853494
policy,78221,15488,15438,2643.8,250929,False,False,True,False,100,-1.3559618728685554
policy,78321,15508,15458,2647.1,250930,False,False,True,False,100,-1.4735559974194645
policy,78421,15528,15478,2650.5,250931,False,False,True,False,100,-1.0949107236817395
policy,78521,15548,15498,2654.0,250932,False,False,True,False,100,-1.506992998082033
policy,78621,15568,15518,2657.4,250933,False,False,True,False,100,-1.5798453083580914
policy,78721,15588,15538,2660.7,250934,False,False,True,False,100,-1.3715160688834358
policy,78763,15596,15546,2661.9,250935,False,False,False,True,42,-1.003621905999169
policy,78863,15616,15566,2665.1,250936,False,True,True,False,100,-1.5336459939406506
policy,78963,15636,15586,2668.4,250937,False,False,True,False,100,-1.4227314201147663
policy,79063,15656,15606,2671.5,250938,False,False,True,False,100,-1.5423625930262708
policy,79163,15676,15626,2674.6,250939,False,False,True,False,100,-1.2542050794969246
policy,79263,15696,15646,2677.8,250940,False,False,True,False,100,-1.153632648443848
policy,79363,15716,15666,2681.0,250941,False,False,True,False,100,-1.2660810809569587
policy,79463,15736,15686,2684.2,250942,False,True,True,False,100,-1.1996813230923975
policy,79563,15756,15706,2687.7,250943,False,False,True,False,100,-1.6134140466900102
policy,79663,15776,15726,2691.0,250944,False,False,True,False,100,-1.525746599616484
policy,79763,15796,15746,2694.4,250945,False,False,True,False,100,-1.5074126707742213
policy,79863,15816,15766,2697.7,250946,False,False,True,False,100,-1.4463731731101208
policy,79963,15836,15786,2700.9,250947,False,False,True,False,100,-1.4013012599433368
policy,79992,15842,15792,2701.9,250948,False,False,False,True,29,-0.7194450331000521
policy,80059,15855,15805,2704.4,250949,False,False,False,True,67,-1.1223840940111551
policy,80079,15859,15809,2705.1,250950,False,False,False,True,20,-0.8351672678096109
policy,80117,15867,15817,2706.3,250951,False,False,False,True,38,-1.0410726227860032
policy,80217,15887,15837,2709.8,250952,False,False,True,False,100,-1.191283645122901
policy,80317,15907,15857,2713.1,250953,False,False,True,False,100,-1.4432857878717202
policy,80354,15914,15864,2714.2,250954,False,False,False,True,37,-0.919177827390678
policy,80392,15922,15872,2715.5,250955,False,False,False,True,38,-1.1118198708282259
policy,80492,15942,15892,2718.7,250956,False,False,True,False,100,-1.2818182273644805
policy,80592,15962,15912,2722.0,250957,False,False,True,False,100,-1.2666135269899745
policy,80692,15982,15932,2725.4,250958,False,False,True,False,100,-1.4877414904840658
policy,80792,16002,15952,2728.8,250959,False,False,True,False,100,-1.3893969518775966
policy,80892,16022,15972,2732.4,250960,False,False,True,False,100,-1.4015934141826543
policy,80992,16042,15992,2736.2,250961,False,False,True,False,100,-1.5387792470880117
policy,81092,16062,16012,2739.6,250962,False,False,True,False,100,-1.3240933230303957
policy,81192,16082,16032,2743.2,250963,False,False,True,False,100,-1.4975380652172987
policy,81292,16102,16052,2746.5,250964,False,False,True,False,100,-1.6169788329634418
policy,81392,16122,16072,2749.7,250965,False,False,True,False,100,-1.362113768652459
policy,81423,16128,16078,2750.7,250966,False,False,False,True,31,-0.7382435472654767
policy,81523,16148,16098,2754.2,250967,False,False,True,False,100,-1.464665793778954
policy,81623,16168,16118,2757.7,250968,False,False,True,False,100,-1.5986150430722639
policy,81722,16188,16138,2761.1,250969,False,False,False,True,99,-1.3177696810076591
policy,81822,16208,16158,2764.7,250970,False,True,True,False,100,-1.5751130254513117
policy,81922,16228,16178,2768.2,250971,False,False,True,False,100,-1.4223247714866054
policy,81926,16229,16179,2768.4,250972,False,False,False,True,4,-0.6597814896842635
policy,82026,16249,16199,2772.0,250973,False,False,True,False,100,-1.3997048717600755
policy,82126,16269,16219,2775.6,250974,False,False,True,False,100,-1.591001671463895
policy,82226,16289,16239,2779.2,250975,False,False,True,False,100,-1.4382648652333079
policy,82326,16309,16259,2782.6,250976,False,False,True,False,100,-1.4156448728781192
policy,82426,16329,16279,2786.0,250977,False,False,True,False,100,-1.4268170903740427
policy,82526,16349,16299,2789.5,250978,False,False,True,False,100,-1.433344938636167
policy,82626,16369,16319,2792.9,250979,False,False,True,False,100,-1.6284558203226585
policy,82705,16384,16334,2795.6,250980,False,False,False,True,79,-1.1949241919819995
policy,82780,16399,16349,2798.3,250981,False,False,False,True,75,-1.4272066365968759
policy,82880,16419,16369,2801.9,250982,False,False,True,False,100,-1.2600329032668514
policy,82980,16439,16389,2805.5,250983,False,False,True,False,100,-1.6003367665286161
policy,83080,16459,16409,2809.4,250984,False,False,True,False,100,-1.592653995433957
policy,83180,16479,16429,2813.0,250985,False,False,True,False,100,-1.5797577095659014
policy,83244,16492,16442,2815.3,250986,False,False,False,True,64,-1.0973393724407363
policy,83300,16503,16453,2817.3,250987,False,False,False,True,56,-1.0174122915327954
policy,83400,16523,16473,2820.7,250988,False,False,True,False,100,-1.4039041510681227
policy,83500,16543,16493,2824.2,250989,False,False,True,False,100,-1.442973869039752
policy,83600,16563,16513,2827.6,250990,False,False,True,False,100,-1.8542728737834953
policy,83700,16583,16533,2831.1,250991,False,False,True,False,100,-1.2566422406895874
policy,83800,16603,16553,2834.6,250992,False,False,True,False,100,-1.3460886175213274
policy,83900,16623,16573,2838.2,250993,False,False,True,False,100,-1.5308463933181586
policy,84000,16643,16593,2841.6,250994,False,False,True,False,100,-1.0892525285016015
policy,84029,16649,16599,2842.6,250995,False,False,False,True,29,-0.9108400282983289
policy,84129,16669,16619,2845.9,250996,False,False,True,False,100,-1.339926931314484
policy,84229,16689,16639,2849.2,250997,False,False,True,False,100,-1.448649832522002
policy,84329,16709,16659,2852.6,250998,False,False,True,False,100,-1.271055823920603
policy,84350,16713,16663,2853.2,250999,False,False,False,True,21,-0.9881226508629833
policy,84397,16723,16673,2854.9,251000,False,False,False,True,47,-1.0646488507935552
policy,84497,16743,16693,2858.3,251001,False,False,True,False,100,-1.4945540109420912
policy,84597,16763,16713,2861.9,251002,False,False,True,False,100,-1.509176004067542
policy,84697,16783,16733,2865.3,251003,False,False,True,False,100,-1.7972649630301565
policy,84797,16803,16753,2868.6,251004,False,False,True,False,100,-1.5129120548488866
policy,84827,16809,16759,2869.6,251005,False,False,False,True,30,-0.825790481998038
policy,84855,16814,16764,2870.5,251006,False,False,False,True,28,-0.8677438621729454
policy,84955,16834,16784,2873.9,251007,False,False,True,False,100,-1.188868004852872
policy,85055,16854,16804,2877.5,251008,False,False,True,False,100,-1.1506698978967633
policy,85155,16874,16824,2881.0,251009,False,False,True,False,100,-1.5066406625398008
policy,85192,16882,16832,2882.4,251010,False,False,False,True,37,-0.9098046730878636
policy,85292,16902,16852,2885.8,251011,False,False,True,False,100,-1.7454021401783186
policy,85392,16922,16872,2889.3,251012,False,False,True,False,100,-1.55543573432668
policy,85492,16942,16892,2892.8,251013,False,False,True,False,100,-1.439070507920617
policy,85592,16962,16912,2896.4,251014,False,False,True,False,100,-1.2115634855180557
policy,85692,16982,16932,2900.2,251015,False,False,True,False,100,-1.545993994787715
policy,85792,17002,16952,2903.8,251016,False,True,True,False,100,-1.2249875529161351
policy,85829,17009,16959,2905.1,251017,False,False,False,True,37,-0.7633492482796596
policy,85929,17029,16979,2908.6,251018,False,False,True,False,100,-1.3813512653432314
policy,85989,17041,16991,2910.7,251019,False,False,False,True,60,-1.2046243259916656
policy,86089,17061,17011,2914.2,251020,False,False,True,False,100,-1.3904963628734217
policy,86120,17067,17017,2915.2,251021,False,False,False,True,31,-0.8406859719198463
policy,86220,17087,17037,2918.7,251022,False,False,True,False,100,-1.4491077124585283
policy,86320,17107,17057,2922.2,251023,False,False,True,False,100,-1.4422517169260933
policy,86333,17110,17060,2922.8,251024,False,False,False,True,13,-0.8276091745737275
policy,86433,17130,17080,2926.6,251025,False,False,True,False,100,-1.3380591914434221
policy,86533,17150,17100,2930.3,251026,False,False,True,False,100,-1.5053488522729692
policy,86633,17170,17120,2933.7,251027,False,False,True,False,100,-1.5555011151615403
policy,86702,17184,17134,2936.0,251028,False,False,False,True,69,-1.1326373855409018
policy,86802,17204,17154,2939.3,251029,False,False,True,False,100,-1.3283256306319848
policy,86902,17224,17174,2942.7,251030,False,False,True,False,100,-1.2667123488742658
policy,87002,17244,17194,2946.1,251031,False,False,True,False,100,-1.1765269050296294
policy,87102,17264,17214,2949.5,251032,False,False,True,False,100,-1.5406132351154112
policy,87174,17278,17228,2952.0,251033,False,False,False,True,72,-1.085882812445376
policy,87274,17298,17248,2955.6,251034,False,False,True,False,100,-1.4912746405912203
policy,87374,17318,17268,2959.3,251035,False,False,True,False,100,-1.2324832577659766
policy,87474,17338,17288,2963.0,251036,False,False,True,False,100,-1.4882838713587256
policy,87574,17358,17308,2966.3,251037,False,False,True,False,100,-1.517959875835297
policy,87674,17378,17328,2969.5,251038,False,False,True,False,100,-1.3934755588105947
policy,87774,17398,17348,2972.8,251039,False,False,True,False,100,-1.2308569168087722
policy,87831,17410,17360,2974.7,251040,False,False,False,True,57,-0.8474904560315932
policy,87931,17430,17380,2978.4,251041,False,False,True,False,100,-1.5342041397597022
policy,88031,17450,17400,2982.0,251042,False,False,True,False,100,-1.7889208406362225
policy,88066,17457,17407,2983.3,251043,False,False,False,True,35,-0.8943728360181855
policy,88086,17461,17411,2984.1,251044,False,False,False,True,20,-0.8175801047326401
policy,88186,17481,17431,2987.6,251045,False,False,True,False,100,-1.4281892666562246
policy,88286,17501,17451,2991.2,251046,False,False,True,False,100,-1.497420617312182
policy,88386,17521,17471,2994.7,251047,False,False,True,False,100,-1.4673156722604834
policy,88434,17530,17480,2996.3,251048,False,False,False,True,48,-1.1618501363513047
policy,88534,17550,17500,2999.7,251049,False,False,True,False,100,-1.1152107250791992
policy,88634,17570,17520,3003.3,251050,False,False,True,False,100,-1.353824375687882
policy,88734,17590,17540,3007.4,251051,False,False,True,False,100,-1.4342135138377918
policy,88783,17600,17550,3009.1,251052,False,False,False,True,49,-0.9652581109384974
policy,88868,17617,17567,3012.0,251053,False,False,False,True,85,-1.4666026214270886
policy,88968,17637,17587,3016.1,251054,False,False,True,False,100,-1.262413994072538
policy,89068,17657,17607,3019.6,251055,False,False,True,False,100,-1.233949291155077
policy,89168,17677,17627,3023.1,251056,False,False,True,False,100,-1.615314646267219
policy,89268,17697,17647,3027.0,251057,False,False,True,False,100,-1.1818865532443634
policy,89368,17717,17667,3030.7,251058,False,False,True,False,100,-1.3674958791278873
policy,89421,17728,17678,3032.6,251059,False,False,False,True,53,-1.2428070566805907
policy,89521,17748,17698,3036.0,251060,False,False,True,False,100,-1.1728621240970725
policy,89621,17768,17718,3039.5,251061,False,True,True,False,100,-1.4477624523002002
policy,89721,17788,17738,3042.8,251062,False,False,True,False,100,-1.2192733833494271
policy,89756,17795,17745,3044.0,251063,False,False,False,True,35,-0.958067676526327
policy,89856,17815,17765,3047.4,251064,False,False,True,False,100,-1.235435742770385
policy,89956,17835,17785,3050.7,251065,False,False,True,False,100,-1.461927552224398
policy,90056,17855,17805,3054.1,251066,False,False,True,False,100,-1.4349340716811567
policy,90156,17875,17825,3057.5,251067,False,False,True,False,100,-1.1575465492152748
policy,90256,17895,17845,3060.8,251068,False,False,True,False,100,-1.5321485980633054
policy,90310,17905,17855,3062.4,251069,False,False,False,True,54,-1.237706444806618
policy,90410,17925,17875,3065.7,251070,False,False,True,False,100,-1.243195578129999
policy,90492,17942,17892,3068.6,251071,False,False,False,True,82,-1.129710250017657
policy,90592,17962,17912,3072.1,251072,False,False,True,False,100,-1.1999867832738653
policy,90692,17982,17932,3075.6,251073,False,False,True,False,100,-1.391539955850856
policy,90792,18002,17952,3079.3,251074,False,False,True,False,100,-1.458513277485543
policy,90892,18022,17972,3083.0,251075,False,False,True,False,100,-1.4361919946949295
policy,90992,18042,17992,3086.5,251076,False,False,True,False,100,-1.2454854390947154
policy,91092,18062,18012,3089.9,251077,False,True,True,False,100,-1.3806960138730462
policy,91192,18082,18032,3093.3,251078,False,True,True,False,100,-1.4571273877113025
policy,91292,18102,18052,3096.6,251079,False,False,True,False,100,-1.5560865445710164
policy,91392,18122,18072,3099.9,251080,False,False,True,False,100,-1.5252492324392017
policy,91492,18142,18092,3103.4,251081,False,False,True,False,100,-1.4927440778272418
policy,91592,18162,18112,3106.7,251082,False,False,True,False,100,-1.4547628717438479
policy,91692,18182,18132,3110.0,251083,False,False,True,False,100,-1.2776250212487161
policy,91792,18202,18152,3113.4,251084,False,False,True,False,100,-1.3792653406378612
policy,91842,18212,18162,3115.1,251085,False,False,False,True,50,-1.044946096277054
policy,91942,18232,18182,3118.6,251086,False,True,True,False,100,-1.5149529702940994
policy,91957,18235,18185,3119.1,251087,False,False,False,True,15,-0.6704872527550638
policy,92057,18255,18205,3122.6,251088,False,False,True,False,100,-1.4805110554710934
policy,92157,18275,18225,3126.0,251089,False,False,True,False,100,-1.395259577372555
policy,92257,18295,18245,3129.4,251090,False,False,True,False,100,-1.4522590618312257
policy,92357,18315,18265,3132.8,251091,False,False,True,False,100,-1.3208145592165081
policy,92457,18335,18285,3136.1,251092,False,False,True,False,100,-1.6161565625958674
policy,92557,18355,18305,3139.4,251093,False,False,True,False,100,-1.1533216698170325
policy,92657,18375,18325,3142.7,251094,False,False,True,False,100,-1.4440221902327264
policy,92757,18395,18345,3146.1,251095,False,False,True,False,100,-1.3868937996446289
policy,92857,18415,18365,3149.6,251096,False,False,True,False,100,-1.2445014015968148
policy,92957,18435,18385,3153.3,251097,False,False,True,False,100,-1.3781263740222325
policy,93057,18455,18405,3157.1,251098,False,False,True,False,100,-1.7523764225337177
policy,93110,18465,18415,3159.0,251099,False,False,False,True,53,-1.1139475833967214
policy,93210,18485,18435,3162.7,251100,False,False,True,False,100,-1.1849731103814838
policy,93310,18505,18455,3166.4,251101,False,False,True,False,100,-1.3078380996306265
policy,93388,18521,18471,3169.1,251102,False,False,False,True,78,-1.2840428914546322
policy,93488,18541,18491,3172.4,251103,False,False,True,False,100,-1.4096679648749557
policy,93520,18547,18497,3173.5,251104,False,False,False,True,32,-0.9485641795060306
policy,93620,18567,18517,3177.0,251105,False,False,True,False,100,-1.4659234411725681
policy,93720,18587,18537,3180.6,251106,False,False,True,False,100,-1.322895837545402
policy,93820,18607,18557,3184.4,251107,False,False,True,False,100,-1.3335790916624084
policy,93920,18627,18577,3188.3,251108,False,False,True,False,100,-1.2373038425822769
policy,94020,18647,18597,3192.2,251109,False,False,True,False,100,-1.2566722075978976
policy,94120,18667,18617,3195.7,251110,False,False,True,False,100,-1.2116959270195449
policy,94220,18687,18637,3199.0,251111,False,False,True,False,100,-1.4046168954657139
policy,94320,18707,18657,3202.4,251112,False,False,True,False,100,-1.430197203264693
policy,94420,18727,18677,3205.8,251113,False,False,True,False,100,-1.3778583259999793
policy,94520,18747,18697,3209.4,251114,False,False,True,False,100,-1.5822820274471727
policy,94576,18759,18709,3211.6,251115,False,False,False,True,56,-1.2987660966806902
policy,94676,18779,18729,3215.3,251116,False,False,True,False,100,-1.486350798288858
policy,94776,18799,18749,3219.1,251117,False,False,True,False,100,-1.3102930759522364
policy,94876,18819,18769,3222.8,251118,False,False,True,False,100,-1.1520561940340586
policy,94976,18839,18789,3226.3,251119,False,False,True,False,100,-1.3724336083380466
policy,95076,18859,18809,3229.8,251120,False,False,True,False,100,-1.3741964524312111
policy,95176,18879,18829,3233.3,251121,False,False,True,False,100,-1.708420340801912
policy,95276,18899,18849,3236.9,251122,False,False,True,False,100,-1.695473313526971
policy,95331,18910,18860,3238.9,251123,False,False,False,True,55,-0.9799443579950766
policy,95431,18930,18880,3242.7,251124,False,False,True,False,100,-1.183671651413021
policy,95531,18950,18900,3246.3,251125,False,False,True,False,100,-1.5451455848502849
policy,95631,18970,18920,3249.8,251126,False,False,True,False,100,-1.404423111026731
policy,95731,18990,18940,3253.5,251127,False,False,True,False,100,-1.1947094619212062
policy,95831,19010,18960,3257.1,251128,False,False,True,False,100,-1.3854087968019504
policy,95871,19018,18968,3258.5,251129,False,False,False,True,40,-0.9699410615227821
policy,95971,19038,18988,3262.0,251130,False,False,True,False,100,-1.2274782812831737
policy,96071,19058,19008,3265.6,251131,False,False,True,False,100,-1.2645955616704012
policy,96171,19078,19028,3269.3,251132,False,False,True,False,100,-1.204907900340773
policy,96271,19098,19048,3273.0,251133,False,False,True,False,100,-1.6387197404867564
policy,96371,19118,19068,3276.6,251134,False,False,True,False,100,-1.6741789535764773
policy,96471,19138,19088,3280.1,251135,False,False,True,False,100,-1.4746108534374678
policy,96524,19148,19098,3281.8,251136,False,False,False,True,53,-1.1923858187818654
policy,96624,19168,19118,3285.5,251137,False,False,True,False,100,-1.196319550864807
policy,96724,19188,19138,3289.3,251138,False,False,True,False,100,-1.1643549544145502
policy,96824,19208,19158,3292.9,251139,False,False,True,False,100,-1.2121362547964851
policy,96839,19211,19161,3293.4,251140,False,False,False,True,15,-0.7948565126327156
policy,96934,19230,19180,3297.1,251141,False,False,False,True,95,-1.2485895138249736
policy,97034,19250,19200,3301.0,251142,False,False,True,False,100,-1.5744740029050006
policy,97134,19270,19220,3305.3,251143,False,False,True,False,100,-1.8173957062985098
policy,97234,19290,19240,3308.9,251144,False,False,True,False,100,-1.39371376001271
policy,97334,19310,19260,3312.4,251145,False,False,True,False,100,-1.615630394083055
policy,97434,19330,19280,3316.0,251146,False,False,True,False,100,-1.4359479324239333
policy,97534,19350,19300,3319.7,251147,False,False,True,False,100,-1.5766851347435549
policy,97634,19370,19320,3323.4,251148,False,False,True,False,100,-1.6342063608798094
policy,97734,19390,19340,3326.9,251149,False,False,True,False,100,-1.41436582076579
policy,97834,19410,19360,3330.5,251150,False,False,True,False,100,-1.432483963462163
policy,97852,19414,19364,3331.3,251151,False,False,False,True,18,-0.7598713557848207
policy,97952,19434,19384,3334.9,251152,False,False,True,False,100,-1.1642705253081338
policy,98052,19454,19404,3338.4,251153,False,False,True,False,100,-1.2224022898557236
policy,98152,19474,19424,3341.8,251154,False,False,True,False,100,-1.1999008888327936
policy,98252,19494,19444,3345.2,251155,False,False,True,False,100,-1.182116392403838
policy,98352,19514,19464,3348.6,251156,False,False,True,False,100,-1.285911629635075
policy,98452,19534,19484,3352.1,251157,False,False,True,False,100,-1.7037543178525612
policy,98552,19554,19504,3355.6,251158,False,False,True,False,100,-1.2262486032125808
policy,98652,19574,19524,3359.1,251159,False,False,True,False,100,-1.1840743839852972
policy,98752,19594,19544,3362.9,251160,False,True,True,False,100,-1.6420346144256968
policy,98852,19614,19564,3366.5,251161,False,False,True,False,100,-1.4780060353976956
policy,98952,19634,19584,3369.9,251162,False,False,True,False,100,-1.3896748621275312
policy,99052,19654,19604,3373.4,251163,False,False,True,False,100,-1.2243225790379104
policy,99152,19674,19624,3376.9,251164,False,False,True,False,100,-1.8064282650587402
policy,99252,19694,19644,3380.4,251165,False,False,True,False,100,-1.6377464845708012
policy,99352,19714,19664,3384.0,251166,False,False,True,False,100,-1.6066714746253419
policy,99452,19734,19684,3387.7,251167,False,False,True,False,100,-1.595600202864213
policy,99552,19754,19704,3391.6,251168,False,False,True,False,100,-1.5573660652753798
policy,99652,19774,19724,3395.5,251169,False,False,True,False,100,-1.1560812553448936
policy,99752,19794,19744,3399.2,251170,False,False,True,False,100,-1.4757479700694436
policy,99852,19814,19764,3402.7,251171,False,False,True,False,100,-1.3831853150871027
policy,99952,19834,19784,3406.4,251172,False,False,True,False,100,-1.2321563242709543
policy,99973,19838,19788,3407.1,251173,False,False,False,True,21,-0.9145347711555409
policy,100040,19851,19801,3409.3,251174,False,False,False,True,67,-1.0804177101864156
policy,100140,19871,19821,3413.0,251175,False,False,True,False,100,-1.161357066370294
policy,100240,19891,19841,3416.6,251176,False,False,True,False,100,-1.5035482304691725
policy,100314,19906,19856,3419.2,251177,False,False,False,True,74,-1.3539042650604618
policy,100414,19926,19876,3422.8,251178,False,False,True,False,100,-1.129260572025229
policy,100491,19942,19892,3425.6,251179,False,False,False,True,77,-1.2336212047062736
policy,100591,19962,19912,3429.2,251180,False,False,True,False,100,-1.341408052870741
policy,100691,19982,19932,3432.8,251181,False,False,True,False,100,-1.1929184783531355
policy,100791,20002,19952,3436.5,251182,False,False,True,False,100,-1.1904148359489473
policy,100891,20022,19972,3440.3,251183,False,False,True,False,100,-1.3439075543369476
policy,100991,20042,19992,3443.9,251184,False,True,True,False,100,-1.3802535631762054
policy,101035,20050,20000,3445.3,251185,False,False,False,True,44,-1.0196940457599313
policy,101135,20070,20020,3449.0,251186,False,False,True,False,100,-1.3798846318909037
policy,101235,20090,20040,3452.4,251187,False,False,True,False,100,-1.2590945972979644
policy,101335,20110,20060,3455.9,251188,False,False,True,False,100,-1.6066959417543005
policy,101435,20130,20080,3459.5,251189,False,True,True,False,100,-1.8017160726442727
policy,101535,20150,20100,3463.3,251190,False,False,True,False,100,-1.4730269126953983
policy,101635,20170,20120,3467.0,251191,False,False,True,False,100,-1.2730183212361896
policy,101735,20190,20140,3470.9,251192,False,False,True,False,100,-1.2024502879057475
policy,101835,20210,20160,3474.6,251193,False,False,True,False,100,-1.3592439597692576
policy,101935,20230,20180,3478.2,251194,False,False,True,False,100,-1.1264318000650837
policy,101976,20239,20189,3479.8,251195,False,False,False,True,41,-1.0624822366394464
policy,102054,20254,20204,3482.6,251196,False,False,False,True,78,-1.2947820434869668
policy,102154,20274,20224,3486.1,251197,False,False,True,False,100,-1.384163534350808
policy,102254,20294,20244,3489.6,251198,False,False,True,False,100,-1.4945810082846076
policy,102354,20314,20264,3493.2,251199,False,False,True,False,100,-1.13393108967635
policy,102454,20334,20284,3496.9,251200,False,False,True,False,100,-1.2055456944514347
policy,102554,20354,20304,3500.7,251201,False,False,True,False,100,-1.6026724586912142
policy,102654,20374,20324,3504.4,251202,False,False,True,False,100,-1.5228551810662436
policy,102754,20394,20344,3507.7,251203,False,False,True,False,100,-1.0652608885003518
policy,102854,20414,20364,3511.0,251204,False,False,True,False,100,-1.346317127295022
policy,102873,20418,20368,3511.7,251205,False,False,False,True,19,-0.703556083348353
policy,102973,20438,20388,3515.1,251206,False,False,True,False,100,-1.5824807871294335
policy,103073,20458,20408,3518.6,251207,False,False,True,False,100,-1.1905340220575316
policy,103173,20478,20428,3522.2,251208,False,False,True,False,100,-1.5579913732911321
policy,103210,20485,20435,3523.4,251209,False,False,False,True,37,-1.060553039450981
policy,103310,20505,20455,3527.0,251210,False,False,True,False,100,-1.1786557365485089
policy,103410,20525,20475,3530.8,251211,False,False,True,False,100,-1.3852550727199413
policy,103510,20545,20495,3534.6,251212,False,False,True,False,100,-1.5059648336024996
policy,103610,20565,20515,3538.1,251213,False,False,True,False,100,-1.3595993440459244
policy,103710,20585,20535,3541.6,251214,False,False,True,False,100,-1.3743509490480945
policy,103810,20605,20555,3545.0,251215,False,False,True,False,100,-1.4624720352355056
policy,103910,20625,20575,3548.6,251216,False,False,True,False,100,-1.3925239998764618
policy,104010,20645,20595,3552.0,251217,False,False,True,False,100,-1.561835324158658
policy,104110,20665,20615,3555.6,251218,False,False,True,False,100,-1.442233084863095
policy,104210,20685,20635,3559.2,251219,False,False,True,False,100,-1.5008242059569912
policy,104310,20705,20655,3562.8,251220,False,False,True,False,100,-1.5398613210957133
policy,104410,20725,20675,3566.4,251221,False,False,True,False,100,-1.391973602873519
policy,104510,20745,20695,3570.2,251222,False,False,True,False,100,-1.1924268498907453
policy,104610,20765,20715,3574.1,251223,False,False,True,False,100,-1.3708911058649265
policy,104710,20785,20735,3577.9,251224,False,False,True,False,100,-1.6244467546916668
policy,104755,20794,20744,3579.6,251225,False,False,False,True,45,-0.9937833831693977
policy,104855,20814,20764,3583.4,251226,False,False,True,False,100,-1.4394207837025297
policy,104955,20834,20784,3586.9,251227,False,False,True,False,100,-1.1501774708965797
policy,105055,20854,20804,3590.5,251228,False,False,True,False,100,-1.1655512293071855
policy,105155,20874,20824,3593.9,251229,False,False,True,False,100,-1.1885065515379163
policy,105255,20894,20844,3597.4,251230,False,False,True,False,100,-1.3979369558567742
policy,105355,20914,20864,3601.1,251231,False,False,True,False,100,-1.786370590210415
policy,105455,20934,20884,3605.0,251232,False,False,True,False,100,-1.5569706516618194
policy,105555,20954,20904,3609.1,251233,False,False,True,False,100,-1.5217172156709189
policy,105655,20974,20924,3613.2,251234,False,False,True,False,100,-1.3328213554703146
policy,105755,20994,20944,3616.8,251235,False,False,True,False,100,-1.4092842682740994
policy,105855,21014,20964,3620.3,251236,False,False,True,False,100,-1.5508336782629712
policy,105955,21034,20984,3623.7,251237,False,False,True,False,100,-1.4093997876473237
policy,106055,21054,21004,3627.2,251238,False,False,True,False,100,-1.209853728381446
policy,106117,21067,21017,3629.5,251239,False,False,False,True,62,-0.9934615884504051
policy,106217,21087,21037,3633.3,251240,False,False,True,False,100,-1.3171231301466184
policy,106317,21107,21057,3636.8,251241,False,False,True,False,100,-1.4954433278419272
policy,106417,21127,21077,3640.1,251242,False,False,True,False,100,-1.3460781954756014
policy,106517,21147,21097,3643.5,251243,False,False,True,False,100,-1.3856769006064007
policy,106617,21167,21117,3646.9,251244,False,False,True,False,100,-1.6697654515885438
policy,106632,21170,21120,3647.4,251245,False,False,False,True,15,-0.8005640475436836
policy,106732,21190,21140,3651.0,251246,False,False,True,False,100,-1.3404058516860848
policy,106832,21210,21160,3654.7,251247,False,False,True,False,100,-1.2884087702303892
policy,106932,21230,21180,3658.1,251248,False,False,True,False,100,-1.4284478980609958
policy,107032,21250,21200,3661.5,251249,False,False,True,False,100,-1.2553171436645094
policy,107132,21270,21220,3665.1,251250,False,False,True,False,100,-1.2946821640899395
policy,107171,21278,21228,3666.5,251251,False,False,False,True,39,-0.9253163278997127
policy,107271,21298,21248,3670.2,251252,False,False,True,False,100,-1.695005823272791
policy,107371,21318,21268,3673.8,251253,False,True,True,False,100,-1.6516675704534847
policy,107471,21338,21288,3677.2,251254,False,False,True,False,100,-1.5425298075524734
policy,107571,21358,21308,3680.5,251255,False,False,True,False,100,-1.3285791732330112
policy,107671,21378,21328,3683.9,251256,False,False,True,False,100,-1.6188478467617746
policy,107771,21398,21348,3687.4,251257,False,False,True,False,100,-1.185666230181397
policy,107871,21418,21368,3690.9,251258,False,False,True,False,100,-1.2011213917570003
policy,107897,21423,21373,3691.8,251259,False,False,False,True,26,-0.8776689406865632
policy,107910,21425,21375,3692.2,251260,False,False,False,True,13,-0.7881764788794644
policy,108010,21445,21395,3695.9,251261,False,False,True,False,100,-1.4409489776644988
policy,108110,21465,21415,3699.9,251262,False,False,True,False,100,-1.3290883775111704
policy,108210,21485,21435,3703.6,251263,False,False,True,False,100,-1.1969366365901244
policy,108310,21505,21455,3707.3,251264,False,False,True,False,100,-1.482928997700836
policy,108410,21525,21475,3710.9,251265,False,False,True,False,100,-1.225118833322524
policy,108510,21545,21495,3714.4,251266,False,False,True,False,100,-1.2033323435172434
policy,108610,21565,21515,3717.8,251267,False,False,True,False,100,-1.4374625429893635
policy,108710,21585,21535,3721.3,251268,False,False,True,False,100,-1.754566509729255
policy,108810,21605,21555,3724.9,251269,False,False,True,False,100,-1.3125243521771224
policy,108910,21625,21575,3728.3,251270,False,False,True,False,100,-1.2628393838195109
policy,109010,21645,21595,3731.8,251271,False,False,True,False,100,-1.429484164149363
policy,109110,21665,21615,3735.2,251272,False,False,True,False,100,-1.3186271129087803
policy,109151,21674,21624,3736.8,251273,False,False,False,True,41,-0.8224174024667059
policy,109251,21694,21644,3740.3,251274,False,False,True,False,100,-1.1821477039112547
policy,109351,21714,21664,3744.0,251275,False,False,True,False,100,-1.2899106831709366
policy,109451,21734,21684,3747.7,251276,False,False,True,False,100,-1.5686113966155195
policy,109551,21754,21704,3751.6,251277,False,False,True,False,100,-1.2481393591150984
policy,109651,21774,21724,3755.2,251278,False,False,True,False,100,-1.2023028960202071
policy,109751,21794,21744,3758.6,251279,False,False,True,False,100,-1.1191769167509937
policy,109851,21814,21764,3762.0,251280,False,False,True,False,100,-1.3242763367579484
policy,109896,21823,21773,3763.5,251281,False,False,False,True,45,-0.8764768017633002
policy,109996,21843,21793,3767.1,251282,False,False,True,False,100,-1.4432003857058389
policy,110096,21863,21813,3770.7,251283,False,False,True,False,100,-1.3885406785925247
policy,110109,21865,21815,3771.0,251284,False,False,False,True,13,-0.8098897030309521
policy,110209,21885,21835,3774.6,251285,False,False,True,False,100,-1.5003700555512585
policy,110259,21895,21845,3776.4,251286,False,False,False,True,50,-1.1129292635231933
policy,110359,21915,21865,3780.2,251287,False,False,True,False,100,-1.2886680529489556
policy,110459,21935,21885,3784.1,251288,False,False,True,False,100,-1.1824242195523182
policy,110559,21955,21905,3787.6,251289,False,False,True,False,100,-1.385045921850192
policy,110659,21975,21925,3790.9,251290,False,False,True,False,100,-1.737358947631452
policy,110759,21995,21945,3794.4,251291,False,False,True,False,100,-1.3070828611214667
policy,110859,22015,21965,3798.3,251292,False,False,True,False,100,-1.6731386406893294
policy,110959,22035,21985,3802.3,251293,False,True,True,False,100,-1.3227634653535623
policy,111059,22055,22005,3806.4,251294,False,False,True,False,100,-1.4679830863670582
policy,111159,22075,22025,3810.1,251295,False,False,True,False,100,-1.4615152820833
policy,111259,22095,22045,3813.5,251296,False,False,True,False,100,-1.2348502464654305
policy,111359,22115,22065,3817.0,251297,False,False,True,False,100,-1.2722939421504909
policy,111379,22119,22069,3817.7,251298,False,False,False,True,20,-0.7495780309901996
policy,111479,22139,22089,3821.3,251299,False,False,True,False,100,-1.2364900364347902
policy,111579,22159,22109,3824.8,251300,False,False,True,False,100,-1.2380856059037173
policy,111679,22179,22129,3828.3,251301,False,False,True,False,100,-1.3732197336762337
policy,111779,22199,22149,3831.9,251302,False,False,True,False,100,-1.3918679818191657
policy,111879,22219,22169,3835.6,251303,False,False,True,False,100,-1.230084873723966
policy,111979,22239,22189,3839.3,251304,False,False,True,False,100,-1.1822600255187883
policy,112079,22259,22209,3843.1,251305,False,False,True,False,100,-1.1596123765229913
policy,112179,22279,22229,3846.8,251306,False,False,True,False,100,-1.5878139191635592
policy,112279,22299,22249,3850.5,251307,False,False,True,False,100,-1.2571119708093712
policy,112379,22319,22269,3854.3,251308,False,False,True,False,100,-1.2120490882084247
policy,112479,22339,22289,3857.9,251309,False,False,True,False,100,-1.3995074572703492
policy,112500,22343,22293,3858.6,251310,False,False,False,True,21,-0.7692268578892112
policy,112568,22357,22307,3861.2,251311,False,False,False,True,68,-1.191630882743333
policy,112668,22377,22327,3865.0,251312,False,False,True,False,100,-1.5872118023803932
policy,112768,22397,22347,3869.0,251313,False,False,True,False,100,-1.5230655621114646
policy,112868,22417,22367,3873.1,251314,False,False,True,False,100,-1.884945852642081
policy,112880,22419,22369,3873.5,251315,False,False,False,True,12,-0.7049228835359818
policy,112980,22439,22389,3877.8,251316,False,False,True,False,100,-1.4708727006275726
policy,113080,22459,22409,3881.6,251317,False,False,True,False,100,-1.346899413857837
policy,113117,22467,22417,3883.1,251318,False,False,False,True,37,-1.0130865605713308
policy,113217,22487,22437,3886.7,251319,False,False,True,False,100,-1.5053181423932698
policy,113317,22507,22457,3890.2,251320,False,False,True,False,100,-1.086324317492433
policy,113417,22527,22477,3893.6,251321,False,False,True,False,100,-1.4505908071346725
policy,113517,22547,22497,3897.1,251322,False,False,True,False,100,-1.3472709490765928
policy,113617,22567,22517,3900.5,251323,False,False,True,False,100,-1.2748948400597742
policy,113717,22587,22537,3903.9,251324,False,False,True,False,100,-1.226849405850267
policy,113817,22607,22557,3908.0,251325,False,False,True,False,100,-1.3501111595160942
policy,113917,22627,22577,3911.9,251326,False,False,True,False,100,-1.140471461635115
policy,113953,22634,22584,3913.1,251327,False,False,False,True,36,-0.8949321006666615
policy,113968,22637,22587,3913.6,251328,False,False,False,True,15,-0.7713140796501977
policy,114005,22644,22594,3914.9,251329,False,False,False,True,37,-1.263074861054807
policy,114105,22664,22614,3918.5,251330,False,False,True,False,100,-1.345114053825753
policy,114205,22684,22634,3922.0,251331,False,False,True,False,100,-1.2283274888412825
policy,114216,22687,22637,3922.6,251332,False,False,False,True,11,-0.9313339283505685
policy,114269,22697,22647,3924.3,251333,False,False,False,True,53,-1.1443936533875068
policy,114319,22707,22657,3926.2,251334,False,True,False,True,50,-1.2196958400200222
policy,114419,22727,22677,3929.7,251335,False,False,True,False,100,-1.3167602993242964
policy,114519,22747,22697,3933.4,251336,False,False,True,False,100,-1.2975955849674896
policy,114574,22758,22708,3935.6,251337,False,False,False,True,55,-1.2086983656231292
policy,114674,22778,22728,3939.3,251338,False,False,True,False,100,-1.3079443828423165
policy,114774,22798,22748,3942.9,251339,False,False,True,False,100,-1.1399420010825427
policy,114815,22806,22756,3944.3,251340,False,False,False,True,41,-1.0682084692680867
policy,114870,22817,22767,3946.3,251341,False,False,False,True,55,-0.9973496910707669
policy,114970,22837,22787,3950.0,251342,False,False,True,False,100,-1.2887819920244095
policy,115070,22857,22807,3953.7,251343,False,False,True,False,100,-1.2027505630672723
policy,115170,22877,22827,3957.3,251344,False,False,True,False,100,-1.249011363141552
policy,115270,22897,22847,3961.0,251345,False,True,True,False,100,-1.8126244193224443
policy,115370,22917,22867,3964.8,251346,False,False,True,False,100,-1.6695934370960057
policy,115470,22937,22887,3968.7,251347,False,False,True,False,100,-1.1343723554465757
policy,115570,22957,22907,3972.5,251348,False,False,True,False,100,-1.4457268830579668
policy,115670,22977,22927,3976.2,251349,False,False,True,False,100,-1.371433656459887
policy,115770,22997,22947,3980.1,251350,False,False,True,False,100,-1.6618810738965313
policy,115870,23017,22967,3984.0,251351,False,False,True,False,100,-1.2500761561591185
policy,115970,23037,22987,3987.7,251352,False,False,True,False,100,-1.7943899857699586
policy,116070,23057,23007,3991.2,251353,False,False,True,False,100,-1.2037107015352713
policy,116170,23077,23027,3994.7,251354,False,False,True,False,100,-1.3246116842205278
policy,116270,23097,23047,3998.4,251355,False,False,True,False,100,-1.5439304697094522
policy,116370,23117,23067,4002.0,251356,False,True,True,False,100,-1.4081203666927502
policy,116470,23137,23087,4005.6,251357,False,False,True,False,100,-1.2458495892684966
policy,116570,23157,23107,4009.3,251358,False,False,True,False,100,-1.5664800322935801
policy,116612,23166,23116,4011.0,251359,False,False,False,True,42,-1.0247571345551159
policy,116712,23186,23136,4014.8,251360,False,False,True,False,100,-1.303139635314631
policy,116812,23206,23156,4019.0,251361,False,False,True,False,100,-1.3962861130820692
policy,116912,23226,23176,4022.9,251362,False,False,True,False,100,-1.695716013018396
policy,117012,23246,23196,4027.0,251363,False,False,True,False,100,-1.6106772710635362
policy,117112,23266,23216,4030.9,251364,False,False,True,False,100,-1.390057832804557
policy,117212,23286,23236,4034.9,251365,False,False,True,False,100,-1.2914121988926084
policy,117312,23306,23256,4038.7,251366,False,False,True,False,100,-1.3375682634414243
policy,117381,23320,23270,4041.4,251367,False,False,False,True,69,-1.1075769683568941
policy,117481,23340,23290,4045.2,251368,False,False,True,False,100,-1.1283483763324516
policy,117581,23360,23310,4049.1,251369,False,False,True,False,100,-1.5284603400548624
policy,117681,23380,23330,4052.9,251370,False,False,True,False,100,-1.543362225694314
policy,117781,23400,23350,4056.5,251371,False,False,True,False,100,-1.3270424495581228
policy,117808,23405,23355,4057.3,251372,False,False,False,True,27,-0.7569973096355676
policy,117908,23425,23375,4060.9,251373,False,False,True,False,100,-1.1464027280405245
policy,118008,23445,23395,4064.5,251374,False,False,True,False,100,-1.1638858535438419
policy,118108,23465,23415,4068.1,251375,False,False,True,False,100,-1.1060602770436787
policy,118174,23478,23428,4070.4,251376,False,False,False,True,66,-1.4481349072448972
policy,118274,23498,23448,4074.0,251377,False,False,True,False,100,-1.0893953630787587
policy,118318,23507,23457,4075.6,251378,False,False,False,True,44,-0.9662970233776172
policy,118418,23527,23477,4079.3,251379,False,False,True,False,100,-1.4202431530157846
policy,118518,23547,23497,4083.0,251380,False,False,True,False,100,-1.4752015017192364
policy,118618,23567,23517,4086.7,251381,False,False,True,False,100,-1.2634015856084977
policy,118718,23587,23537,4090.1,251382,False,False,True,False,100,-1.7842222785395374
policy,118818,23607,23557,4093.5,251383,False,False,True,False,100,-1.35816353786407
policy,118918,23627,23577,4097.0,251384,False,False,True,False,100,-1.777992534033302
policy,119018,23647,23597,4100.4,251385,False,False,True,False,100,-1.478274053748567
policy,119118,23667,23617,4104.0,251386,False,False,True,False,100,-1.2206789970665253
policy,119218,23687,23637,4107.5,251387,False,False,True,False,100,-1.4663943994717494
policy,119246,23693,23643,4108.6,251388,False,False,False,True,28,-1.0612422327330802
policy,119346,23713,23663,4112.1,251389,False,False,True,False,100,-1.1609122167287835
policy,119446,23733,23683,4115.7,251390,False,False,True,False,100,-1.436541247353666
policy,119452,23734,23684,4115.9,251391,False,False,False,True,6,-0.749376174389171
policy,119502,23744,23694,4117.7,251392,False,False,False,True,50,-1.0023363294402623
policy,119602,23764,23714,4121.5,251393,False,False,True,False,100,-1.1423538736266199
policy,119702,23784,23734,4125.0,251394,False,False,True,False,100,-1.164561037910844
policy,119802,23804,23754,4128.6,251395,False,False,True,False,100,-1.3466837346368146
policy,119894,23822,23772,4131.9,251396,False,False,False,True,92,-1.1880128908352006
policy,119994,23842,23792,4135.6,251397,False,False,True,False,100,-1.4756501260999346
policy,120094,23862,23812,4139.4,251398,False,False,True,False,100,-1.3392174104697108
policy,120141,23872,23822,4141.3,251399,False,False,False,True,47,-1.1299838281564776
policy,120170,23877,23827,4142.2,251400,False,False,False,True,29,-0.9358426107810776
policy,120270,23897,23847,4146.0,251401,False,False,True,False,100,-1.6125606311365979
policy,120370,23917,23867,4149.9,251402,False,False,True,False,100,-1.286035332537121
policy,120470,23937,23887,4153.7,251403,False,False,True,False,100,-1.6830137604243167
policy,120570,23957,23907,4157.4,251404,False,False,True,False,100,-1.4629049609199138
policy,120670,23977,23927,4160.8,251405,False,False,True,False,100,-1.2334939165890697
policy,120770,23997,23947,4164.2,251406,False,False,True,False,100,-1.6751776463091068
policy,120870,24017,23967,4167.9,251407,False,False,True,False,100,-1.1767437840534187
policy,120970,24037,23987,4171.5,251408,False,False,True,False,100,-1.3070213219212716
policy,121070,24057,24007,4175.3,251409,False,False,True,False,100,-1.3559234552271486
policy,121170,24077,24027,4179.1,251410,False,False,True,False,100,-1.2908549740192856
policy,121270,24097,24047,4182.9,251411,False,False,True,False,100,-1.6303494006760515
policy,121370,24117,24067,4186.6,251412,False,False,True,False,100,-1.4820699145359497
policy,121470,24137,24087,4190.1,251413,False,False,True,False,100,-1.347208005934529
policy,121508,24145,24095,4191.5,251414,False,False,False,True,38,-0.870120132645519
policy,121608,24165,24115,4195.0,251415,False,False,True,False,100,-1.2007167358318371
policy,121708,24185,24135,4198.5,251416,False,False,True,False,100,-1.6095942720640086
policy,121808,24205,24155,4202.2,251417,False,False,True,False,100,-1.611262713366577
policy,121862,24216,24166,4204.3,251418,False,False,False,True,54,-1.1420458440017742
policy,121962,24236,24186,4208.7,251419,False,False,True,False,100,-1.7201885567342716
policy,122062,24256,24206,4213.2,251420,False,False,True,False,100,-1.111361362475403
policy,122162,24276,24226,4217.1,251421,False,False,True,False,100,-1.1431098254357868
policy,122262,24296,24246,4220.8,251422,False,False,True,False,100,-1.3142626035504625
policy,122362,24316,24266,4224.4,251423,False,False,True,False,100,-1.2925521271846807
policy,122462,24336,24286,4227.8,251424,False,False,True,False,100,-1.449604824273114
policy,122562,24356,24306,4231.3,251425,False,False,True,False,100,-1.6127454647987864
policy,122662,24376,24326,4234.9,251426,False,False,True,False,100,-1.2825312058422966
policy,122762,24396,24346,4238.5,251427,False,False,True,False,100,-1.349625489768403
policy,122862,24416,24366,4242.2,251428,False,False,True,False,100,-1.860195170395452
policy,122962,24436,24386,4246.1,251429,False,False,True,False,100,-1.3165179790870738
policy,123062,24456,24406,4249.7,251430,False,False,True,False,100,-1.0970518740028838
policy,123162,24476,24426,4253.2,251431,False,False,True,False,100,-1.4068444783588925
policy,123262,24496,24446,4256.9,251432,False,False,True,False,100,-1.1015615392114433
policy,123362,24516,24466,4260.6,251433,False,True,True,False,100,-1.759954335991691
policy,123459,24535,24485,4264.1,251434,False,False,False,True,97,-1.4429078928274717
policy,123474,24538,24488,4264.6,251435,False,False,False,True,15,-0.7399208970626967
policy,123574,24558,24508,4268.3,251436,False,False,True,False,100,-1.531644375124543
policy,123600,24563,24513,4269.3,251437,False,False,False,True,26,-0.9091470776718269
policy,123700,24583,24533,4272.9,251438,False,False,True,False,100,-1.468106143835637
policy,123739,24591,24541,4274.4,251439,False,False,False,True,39,-1.091023379935499
policy,123839,24611,24561,4277.8,251440,False,False,True,False,100,-1.5251085568057
policy,123884,24620,24570,4279.4,251441,False,False,False,True,45,-0.8973747790329192
policy,123984,24640,24590,4283.1,251442,False,False,True,False,100,-1.2829609640797712
policy,124084,24660,24610,4286.7,251443,False,False,True,False,100,-1.3394517571975444
policy,124126,24669,24619,4288.3,251444,False,False,False,True,42,-1.1367064165330283
policy,124226,24689,24639,4292.1,251445,False,False,True,False,100,-1.6034779660770242
policy,124326,24709,24659,4295.9,251446,False,False,True,False,100,-1.3951280591365574
policy,124426,24729,24679,4299.7,251447,False,False,True,False,100,-1.7029556668756052
policy,124526,24749,24699,4303.5,251448,False,False,True,False,100,-1.391243256819082
policy,124626,24769,24719,4307.0,251449,False,False,True,False,100,-1.4684397799608366
policy,124726,24789,24739,4310.3,251450,False,False,True,False,100,-1.2571131956439943
policy,124754,24794,24744,4311.2,251451,False,False,False,True,28,-0.7464957312312139
policy,124854,24814,24764,4314.6,251452,False,False,True,False,100,-1.6984531476685822
policy,124954,24834,24784,4318.2,251453,False,False,True,False,100,-1.173394419615263
policy,124989,24841,24791,4319.5,251454,False,False,False,True,35,-0.8716949266371419
policy,125027,24849,24799,4320.9,251455,False,False,False,True,38,-0.9913791522289352
policy,125127,24869,24819,4324.8,251456,False,False,True,False,100,-1.3187477385109438
policy,125227,24889,24839,4328.5,251457,False,False,True,False,100,-1.4151040125808318
policy,125300,24903,24853,4331.1,251458,False,False,False,True,73,-1.3248430821914376
policy,125400,24923,24873,4334.8,251459,False,False,True,False,100,-1.2521279099530245
policy,125500,24943,24893,4338.4,251460,False,False,True,False,100,-1.808035333644536
policy,125600,24963,24913,4342.0,251461,False,False,True,False,100,-1.2575228525456152
policy,125700,24983,24933,4345.6,251462,False,False,True,False,100,-1.3051660703030374
policy,125800,25003,24953,4349.1,251463,False,False,True,False,100,-1.0916801112328847
policy,125900,25023,24973,4352.7,251464,False,False,True,False,100,-1.4337496690634721
policy,125947,25033,24983,4354.5,251465,False,False,False,True,47,-1.0310365334564704
policy,126013,25046,24996,4356.8,251466,False,False,False,True,66,-1.0832436377914425
policy,126113,25066,25016,4360.4,251467,False,False,True,False,100,-1.5874120579048823
policy,126213,25086,25036,4363.8,251468,False,False,True,False,100,-1.4818342304380359
policy,126313,25106,25056,4367.2,251469,False,False,True,False,100,-1.3541634111413199
policy,126371,25118,25068,4369.3,251470,False,False,False,True,58,-0.8950904357375498
policy,126471,25138,25088,4372.8,251471,False,False,True,False,100,-1.6385840691475104
policy,126571,25158,25108,4376.2,251472,False,False,True,False,100,-1.1430648284083316
policy,126671,25178,25128,4379.8,251473,False,False,True,False,100,-1.188315708018356
policy,126771,25198,25148,4383.4,251474,False,False,True,False,100,-1.246937474497158
policy,126871,25218,25168,4387.2,251475,False,False,True,False,100,-1.4759404640191298
policy,126971,25238,25188,4390.9,251476,False,False,True,False,100,-1.1882771440700655
policy,127071,25258,25208,4394.4,251477,False,False,True,False,100,-1.2111183916001553
policy,127171,25278,25228,4398.0,251478,False,False,True,False,100,-1.6431229680036252
policy,127248,25293,25243,4400.7,251479,False,False,False,True,77,-1.4035555526854948
policy,127348,25313,25263,4404.3,251480,False,False,True,False,100,-1.6423518877281698
policy,127448,25333,25283,4408.1,251481,False,False,True,False,100,-1.5815216920420727
policy,127548,25353,25303,4411.8,251482,False,False,True,False,100,-1.3345231439528515
policy,127648,25373,25323,4415.3,251483,False,False,True,False,100,-1.8240766405730757
policy,127748,25393,25343,4418.8,251484,False,False,True,False,100,-1.48684833734436
policy,127848,25413,25363,4422.2,251485,False,False,True,False,100,-1.1918866902696417
policy,127948,25433,25383,4425.7,251486,False,False,True,False,100,-1.333638377186319
policy,128048,25453,25403,4429.3,251487,False,False,True,False,100,-1.434560763246703
policy,128148,25473,25423,4433.1,251488,False,False,True,False,100,-1.2608498851692578
policy,128248,25493,25443,4436.9,251489,False,False,True,False,100,-1.1382865905874975
policy,128348,25513,25463,4440.5,251490,False,False,True,False,100,-1.2831936810395494
policy,128448,25533,25483,4444.0,251491,False,False,True,False,100,-1.3779068395177088
policy,128548,25553,25503,4447.5,251492,False,False,True,False,100,-1.1584660803208973
policy,128574,25558,25508,4448.4,251493,False,False,False,True,26,-0.7250802011226762
policy,128674,25578,25528,4451.9,251494,False,False,True,False,100,-1.4617771628819656
policy,128744,25592,25542,4454.6,251495,False,False,False,True,70,-1.155652724346988
policy,128844,25612,25562,4458.5,251496,False,False,True,False,100,-1.2773597870444784
policy,128944,25632,25582,4462.5,251497,False,False,True,False,100,-1.4956461856274839
policy,129044,25652,25602,4466.6,251498,False,False,True,False,100,-1.4634956424875765
policy,129144,25672,25622,4470.7,251499,False,False,True,False,100,-1.168147222914767
policy,129244,25692,25642,4474.5,251500,False,False,True,False,100,-1.6867059395867265
policy,129344,25712,25662,4478.3,251501,False,False,True,False,100,-1.1737184703737427
policy,129444,25732,25682,4482.1,251502,False,False,True,False,100,-1.3159068159582907
policy,129544,25752,25702,4486.1,251503,False,False,True,False,100,-1.3143482219667657
policy,129644,25772,25722,4490.1,251504,False,False,True,False,100,-1.2003641513467151
policy,129744,25792,25742,4493.9,251505,False,False,True,False,100,-1.7199714195155165
policy,129844,25812,25762,4497.7,251506,False,False,True,False,100,-1.3483399750673715
policy,129944,25832,25782,4501.5,251507,False,False,True,False,100,-1.6518104140938998
policy,130044,25852,25802,4505.4,251508,False,False,True,False,100,-1.3446546488071989
policy,130144,25872,25822,4509.6,251509,False,False,True,False,100,-1.4364550344038016
policy,130185,25880,25830,4511.2,251510,False,False,False,True,41,-0.9545601317037031
policy,130285,25900,25850,4515.1,251511,False,False,True,False,100,-1.5464620256005164
policy,130385,25920,25870,4518.7,251512,False,False,True,False,100,-1.3190054722215592
policy,130485,25940,25890,4522.4,251513,False,False,True,False,100,-1.2413840556541211
policy,130487,25941,25891,4522.6,251514,False,False,False,True,2,-0.8821638741547979
policy,130587,25961,25911,4526.5,251515,False,False,True,False,100,-1.7339654059861067
policy,130687,25981,25931,4530.0,251516,False,False,True,False,100,-1.5580005293399375
policy,130787,26001,25951,4533.5,251517,False,False,True,False,100,-1.2322805412701436
policy,130887,26021,25971,4536.9,251518,False,False,True,False,100,-1.5478161383233657
policy,130987,26041,25991,4540.3,251519,False,False,True,False,100,-1.4545829131975112
policy,131087,26061,26011,4543.8,251520,False,False,True,False,100,-1.1711020875639595
policy,131187,26081,26031,4547.4,251521,False,False,True,False,100,-1.222251882818358
policy,131287,26101,26051,4550.9,251522,False,False,True,False,100,-1.4024526874601735
policy,131387,26121,26071,4554.3,251523,False,False,True,False,100,-1.5890089800111646
policy,131487,26141,26091,4557.7,251524,False,False,True,False,100,-1.6746488718128199
policy,131587,26161,26111,4561.3,251525,False,False,True,False,100,-1.4181392155700678
policy,131621,26168,26118,4562.5,251526,False,False,False,True,34,-1.0516075004568664
policy,131721,26188,26138,4566.3,251527,False,False,True,False,100,-1.7988712432743241
policy,131821,26208,26158,4569.9,251528,False,False,True,False,100,-1.508077900986207
policy,131921,26228,26178,4573.4,251529,False,False,True,False,100,-1.0777528527318165
policy,132021,26248,26198,4576.9,251530,False,False,True,False,100,-1.5237937033125273
policy,132121,26268,26218,4580.3,251531,False,False,True,False,100,-1.2506200491952684
policy,132221,26288,26238,4583.8,251532,False,False,True,False,100,-1.3209795679182728
policy,132321,26308,26258,4587.2,251533,False,False,True,False,100,-1.5014084544185156
policy,132421,26328,26278,4590.6,251534,False,False,True,False,100,-1.4553186350588734
policy,132521,26348,26298,4594.2,251535,False,False,True,False,100,-1.393932207519665
policy,132621,26368,26318,4598.0,251536,False,False,True,False,100,-1.3740847267329097
policy,132721,26388,26338,4601.6,251537,False,False,True,False,100,-1.8259801951771015
policy,132821,26408,26358,4605.1,251538,False,False,True,False,100,-1.604660316514078
policy,132921,26428,26378,4608.6,251539,False,False,True,False,100,-1.6324100443394975
policy,132964,26436,26386,4610.0,251540,False,False,False,True,43,-0.9133740051940944
policy,133064,26456,26406,4613.6,251541,False,False,True,False,100,-1.2849077949060046
policy,133124,26468,26418,4615.8,251542,False,False,False,True,60,-0.8551190482435547
policy,133224,26488,26438,4619.5,251543,False,False,True,False,100,-1.7059251698198659
policy,133324,26508,26458,4623.2,251544,False,False,True,False,100,-1.3152165384609191
policy,133424,26528,26478,4626.9,251545,False,False,True,False,100,-1.3644752732714205
policy,133524,26548,26498,4630.5,251546,False,False,True,False,100,-1.1769262818226238
policy,133624,26568,26518,4633.9,251547,False,True,True,False,100,-1.8989011759001233
policy,133724,26588,26538,4637.2,251548,False,False,True,False,100,-1.4185413214827705
policy,133824,26608,26558,4640.6,251549,False,False,True,False,100,-1.8105529558549185
policy,133924,26628,26578,4644.1,251550,False,False,True,False,100,-1.4427584053948015
policy,134024,26648,26598,4647.7,251551,False,False,True,False,100,-1.190395599452938
policy,134124,26668,26618,4651.3,251552,False,True,True,False,100,-1.386422493448502
policy,134181,26680,26630,4653.4,251553,False,False,False,True,57,-1.032337004609279
policy,134281,26700,26650,4656.7,251554,False,False,True,False,100,-1.6185596971339273
policy,134381,26720,26670,4660.0,251555,False,False,True,False,100,-1.2662807744245645
policy,134386,26721,26671,4660.2,251556,False,False,False,True,5,-0.7287176467829442
policy,134411,26726,26676,4661.0,251557,False,False,False,True,25,-0.9176104618877604
policy,134511,26746,26696,4664.4,251558,False,False,True,False,100,-1.2559961625450446
policy,134611,26766,26716,4667.9,251559,False,False,True,False,100,-1.7337314657022493
policy,134711,26786,26736,4671.4,251560,False,False,True,False,100,-1.117743637330027
policy,134811,26806,26756,4675.2,251561,False,False,True,False,100,-1.1500273641335932
policy,134911,26826,26776,4678.9,251562,False,False,True,False,100,-1.2528390538763061
policy,135011,26846,26796,4682.6,251563,False,False,True,False,100,-1.3130190056098665
policy,135111,26866,26816,4686.0,251564,False,False,True,False,100,-1.2496208714704227
policy,135211,26886,26836,4689.4,251565,False,False,True,False,100,-1.1082305980011538
policy,135311,26906,26856,4692.7,251566,False,False,True,False,100,-1.2641704020654516
policy,135396,26923,26873,4695.6,251567,False,False,False,True,85,-1.3522790320607458
policy,135496,26943,26893,4699.0,251568,False,False,True,False,100,-1.3066971504272447
policy,135596,26963,26913,4702.5,251569,False,False,True,False,100,-1.115267234710515
policy,135696,26983,26933,4706.0,251570,False,False,True,False,100,-1.5067201186687544
policy,135731,26990,26940,4707.3,251571,False,False,False,True,35,-0.8758100603353351
policy,135747,26993,26943,4707.8,251572,False,False,False,True,16,-0.849019026769285
policy,135847,27013,26963,4711.3,251573,False,False,True,False,100,-1.599483720869433
policy,135947,27033,26983,4714.6,251574,False,False,True,False,100,-1.356222347675328
policy,136047,27053,27003,4717.3,251575,False,False,True,False,100,-1.47820304225659
policy,136147,27073,27023,4719.6,251576,False,False,True,False,100,-1.1598253312638303
policy,136163,27076,27026,4720.0,251577,False,False,False,True,16,-0.8516117872213105
policy,136263,27096,27046,4722.2,251578,False,False,True,False,100,-1.1371458983922245
policy,136363,27116,27066,4724.6,251579,False,False,True,False,100,-1.5324752098396313
policy,136463,27136,27086,4726.9,251580,False,False,True,False,100,-1.3452015251658724
policy,136563,27156,27106,4729.2,251581,False,False,True,False,100,-1.5791893012522331
policy,136663,27176,27126,4731.5,251582,False,False,True,False,100,-1.470345326458641
policy,136690,27181,27131,4732.1,251583,False,False,False,True,27,-0.7874052397630231
policy,136695,27182,27132,4732.2,251584,False,False,False,True,5,-0.7840276148963523
policy,136795,27202,27152,4734.5,251585,False,False,True,False,100,-1.5605654403952702
policy,136852,27214,27164,4735.8,251586,False,False,False,True,57,-1.0466462724885643
policy,136952,27234,27184,4738.1,251587,False,False,True,False,100,-1.555498761897311
policy,137052,27254,27204,4740.3,251588,False,False,True,False,100,-1.207411987006462
policy,137152,27274,27224,4742.6,251589,False,False,True,False,100,-1.6534481752960466
policy,137252,27294,27244,4745.0,251590,False,False,True,False,100,-1.1731453196292454
policy,137352,27314,27264,4747.4,251591,False,False,True,False,100,-1.3674507626056864
policy,137452,27334,27284,4749.7,251592,False,False,True,False,100,-1.1237037746368674
policy,137552,27354,27304,4752.0,251593,False,False,True,False,100,-1.6033119443942998
policy,137601,27364,27314,4753.1,251594,False,False,False,True,49,-1.1678726201922078
