phase,env_steps,model_updates,ac_updates,elapsed_seconds,scene,success,pickup,timeout,oob,length,return_
prefill,100,0,0,0.9,250000,False,False,True,False,100,-1.3223818269350471
prefill,200,0,0,0.9,250001,False,False,True,False,100,-1.368535746512731
prefill,300,0,0,1.0,250002,False,False,True,False,100,-1.4904921352155056
prefill,400,0,0,1.0,250003,False,False,True,False,100,-1.3299339761661386
prefill,447,0,0,1.0,250004,False,False,False,True,47,-1.0192066226570602
prefill,547,0,0,1.0,250005,False,False,True,False,100,-1.4341195075107982
prefill,634,0,0,1.0,250006,False,False,False,True,87,-1.3149747365225353
prefill,700,0,0,1.0,250007,False,False,False,True,66,-1.1528117191358294
prefill,730,0,0,1.0,250008,False,False,False,True,30,-0.8601759190055405
prefill,830,0,0,1.0,250009,False,False,True,False,100,-1.3735628921569283
prefill,930,0,0,1.0,250010,False,False,True,False,100,-1.4084738776262942
prefill,1030,0,0,1.0,250011,False,False,True,False,100,-1.7784313976084947
policy,1130,69,19,21.2,250012,False,False,True,False,100,-1.1676476655579562
policy,1230,89,39,23.8,250013,False,False,True,False,100,-1.431659016951781
policy,1330,109,59,26.3,250014,False,False,True,False,100,-1.1172806032317932
policy,1423,128,78,28.7,250015,False,False,False,True,93,-1.1294535666481014
policy,1523,148,98,31.3,250016,False,False,True,False,100,-1.5456594524445815
policy,1623,168,118,33.8,250017,False,False,True,False,100,-1.369805822762462
policy,1723,188,138,36.7,250018,False,False,True,False,100,-1.6710039187538768
policy,1823,208,158,39.3,250019,False,False,True,False,100,-1.5206201433194235
policy,1840,211,161,39.7,250020,False,False,False,True,17,-0.6586432044646657
policy,1902,224,174,41.3,250021,False,False,False,True,62,-1.180629753707778
policy,2002,244,194,44.0,250022,False,False,True,False,100,-1.1268107757873227
policy,2102,264,214,46.7,250023,False,False,True,False,100,-1.2246154507851776
policy,2202,284,234,49.4,250024,False,False,True,False,100,-1.5898629046175854
policy,2302,304,254,51.9,250025,False,False,True,False,100,-1.14637090348795
policy,2402,324,274,55.0,250026,False,False,True,False,100,-1.2437361772651827
policy,2502,344,294,57.6,250027,False,False,True,False,100,-1.4498239978117962
policy,2602,364,314,60.2,250028,False,False,True,False,100,-1.4526918326310225
policy,2702,384,334,62.9,250029,False,False,True,False,100,-1.0876375050724119
policy,2802,404,354,65.6,250030,False,False,True,False,100,-1.4957603169195413
policy,2817,407,357,66.0,250031,False,False,False,True,15,-1.0078782198371967
policy,2835,410,360,66.4,250032,False,False,False,True,18,-0.6933941531333251
policy,2935,430,380,69.2,250033,False,False,True,False,100,-1.6936523829843635
policy,3035,450,400,72.0,250034,False,False,True,False,100,-1.5304319801480557
policy,3135,470,420,74.7,250035,False,True,True,False,100,-1.570574299525402
policy,3179,479,429,76.0,250036,False,False,False,True,44,-1.1774459452275072
policy,3279,499,449,79.0,250037,False,False,True,False,100,-1.1583778876964705
policy,3294,502,452,79.4,250038,False,False,False,True,15,-0.6646743646953421
policy,3394,522,472,82.1,250039,False,False,True,False,100,-1.4061341803936678
policy,3483,540,490,84.5,250040,False,False,False,True,89,-1.3181580144915692
policy,3583,560,510,87.3,250041,False,False,True,False,100,-1.1822556512019065
policy,3683,580,530,90.1,250042,False,False,True,False,100,-1.6886667186595936
policy,3775,598,548,92.7,250043,False,False,False,True,92,-1.2741280463074176
policy,3875,618,568,95.5,250044,False,False,True,False,100,-1.493092707063282
policy,3901,624,574,96.4,250045,False,False,False,True,26,-0.9369534273403323
policy,4001,644,594,99.1,250046,False,False,True,False,100,-1.6751873776590231
policy,4101,664,614,101.8,250047,False,False,True,False,100,-1.2495794478483453
policy,4201,684,634,104.5,250048,False,False,True,False,100,-1.1790513652526107
policy,4301,704,654,107.1,250049,False,False,True,False,100,-1.1709249411093032
policy,4401,724,674,109.8,250050,False,False,True,False,100,-1.5837572212009157
policy,4501,744,694,112.5,250051,False,False,True,False,100,-1.5011918876455557
policy,4601,764,714,115.2,250052,False,False,True,False,100,-1.3543136530979087
policy,4701,784,734,117.8,250053,False,False,True,False,100,-1.4847831489424057
policy,4744,792,742,118.8,250054,False,False,False,True,43,-0.9527641740303732
policy,4754,794,744,119.1,250055,False,False,False,True,10,-0.7740272457457522
policy,4780,799,749,119.8,250056,False,False,False,True,26,-0.8335073423167185
policy,4880,819,769,122.4,250057,False,False,True,False,100,-1.2831165709457972
policy,4980,839,789,125.0,250058,False,False,True,False,100,-1.3484114990650269
policy,4992,842,792,125.4,250059,False,False,False,True,12,-0.6488028758681319
policy,5024,848,798,126.3,250060,False,False,False,True,32,-0.9571011492897512
policy,5124,868,818,128.9,250061,False,False,True,False,100,-1.5789906636542201
policy,5153,874,824,129.7,250062,False,False,False,True,29,-0.7136518264452163
policy,5253,894,844,132.4,250063,False,False,True,False,100,-1.1364656829458013
policy,5330,909,859,134.4,250064,False,False,False,True,77,-1.3236591345271727
policy,5430,929,879,137.1,250065,False,False,True,False,100,-1.497302229040068
policy,5530,949,899,139.8,250066,False,False,True,False,100,-1.5178888642354238
policy,5559,955,905,140.6,250067,False,False,False,True,29,-0.8717962448942845
policy,5659,975,925,143.3,250068,False,False,True,False,100,-1.6254658901428791
policy,5759,995,945,146.1,250069,False,False,True,False,100,-1.323590172469304
policy,5859,1015,965,148.9,250070,False,False,True,False,100,-1.2627478454501224
policy,5959,1035,985,151.7,250071,False,False,True,False,100,-1.0878973281877553
policy,6059,1055,1005,154.4,250072,False,False,True,False,100,-1.7682958005851277
policy,6159,1075,1025,157.2,250073,False,False,True,False,100,-1.7725786987281147
policy,6259,1095,1045,160.0,250074,False,False,True,False,100,-1.4590789114441325
policy,6359,1115,1065,162.8,250075,False,False,True,False,100,-1.4082169038267296
policy,6459,1135,1085,165.6,250076,False,False,True,False,100,-1.6316277264329653
policy,6559,1155,1105,168.3,250077,False,False,True,False,100,-1.2774432756220537
policy,6659,1175,1125,171.0,250078,False,False,True,False,100,-1.290664252637921
policy,6700,1183,1133,172.1,250079,False,False,False,True,41,-0.9330981131273499
policy,6800,1203,1153,174.8,250080,False,False,True,False,100,-1.3057792119734772
policy,6900,1223,1173,177.6,250081,False,False,True,False,100,-1.207402298707023
policy,6990,1241,1191,180.1,250082,False,False,False,True,90,-1.3463330237390019
policy,7090,1261,1211,183.0,250083,False,False,True,False,100,-1.08896269974331
policy,7190,1281,1231,186.0,250084,False,False,True,False,100,-1.2826938074937104
policy,7290,1301,1251,188.8,250085,False,False,True,False,100,-1.6876486872535055
policy,7390,1321,1271,191.5,250086,False,False,True,False,100,-1.759631767642397
policy,7490,1341,1291,194.2,250087,False,False,True,False,100,-1.2848329545110815
policy,7590,1361,1311,197.0,250088,False,False,True,False,100,-1.3250994515190886
policy,7673,1378,1328,199.3,250089,False,False,False,True,83,-1.3402509284052444
policy,7773,1398,1348,202.0,250090,False,False,True,False,100,-1.1135993144374035
policy,7873,1418,1368,204.7,250091,False,False,True,False,100,-1.143583208048668
policy,7973,1438,1388,207.4,250092,False,False,True,False,100,-1.1911194660329587
policy,8068,1457,1407,210.0,250093,False,False,False,True,95,-1.4195667354933972
policy,8168,1477,1427,212.7,250094,False,False,True,False,100,-1.3914871809832852
policy,8268,1497,1447,215.4,250095,False,False,True,False,100,-1.4316466860651715
policy,8368,1517,1467,218.2,250096,False,False,True,False,100,-1.2918999746070514
policy,8468,1537,1487,220.9,250097,False,False,True,False,100,-1.419025904664477
policy,8568,1557,1507,223.6,250098,False,False,True,False,100,-1.5825553044299876
policy,8668,1577,1527,226.3,250099,False,False,True,False,100,-1.2926019833054423
policy,8768,1597,1547,229.1,250100,False,False,True,False,100,-1.6828160499221008
policy,8868,1617,1567,231.9,250101,False,False,True,False,100,-1.3096023315891672
policy,8968,1637,1587,234.6,250102,False,False,True,False,100,-1.4219524867687565
policy,9065,1656,1606,237.2,250103,False,False,False,True,97,-1.5248095126481735
policy,9159,1675,1625,239.8,250104,False,False,False,True,94,-1.4127894691654919
policy,9259,1695,1645,242.5,250105,False,False,True,False,100,-1.1475921945919423
policy,9359,1715,1665,245.3,250106,False,True,True,False,100,-1.6613617205628421
policy,9395,1722,1672,246.2,250107,False,False,False,True,36,-0.7614910891332369
policy,9495,1742,1692,249.0,250108,False,False,True,False,100,-1.387828898730619
policy,9595,1762,1712,251.8,250109,False,False,True,False,100,-1.6723248421485057
policy,9695,1782,1732,254.5,250110,False,False,True,False,100,-1.2425746787420353
policy,9795,1802,1752,257.2,250111,False,False,True,False,100,-1.5274898106151662
policy,9895,1822,1772,260.0,250112,False,False,True,False,100,-1.1753152494639663
policy,9995,1842,1792,262.7,250113,False,False,True,False,100,-1.1120551624512718
policy,10095,1862,1812,265.4,250114,False,False,True,False,100,-1.6020914771296977
policy,10195,1882,1832,268.1,250115,False,False,True,False,100,-1.4573721041823096
policy,10229,1889,1839,269.0,250116,False,False,False,True,34,-0.7994023739539892
policy,10329,1909,1859,271.8,250117,False,False,True,False,100,-1.1096876678277918
policy,10402,1924,1874,273.8,250118,False,False,False,True,73,-1.1288406628910341
policy,10502,1944,1894,276.5,250119,False,False,True,False,100,-1.185122858066808
policy,10602,1964,1914,279.2,250120,False,False,True,False,100,-1.0903223687829793
policy,10702,1984,1934,281.9,250121,False,False,True,False,100,-1.191658595679494
policy,10758,1995,1945,283.4,250122,False,False,False,True,56,-1.2240068511513098
policy,10823,2008,1958,285.2,250123,False,False,False,True,65,-0.9232595772958336
policy,10923,2028,1978,287.9,250124,False,False,True,False,100,-1.4946154084209788
policy,11023,2048,1998,290.6,250125,False,False,True,False,100,-1.2415503339673195
policy,11038,2051,2001,291.0,250126,False,False,False,True,15,-0.7119239118979886
policy,11138,2071,2021,293.8,250127,False,False,True,False,100,-1.220401964765791
policy,11238,2091,2041,296.5,250128,False,False,True,False,100,-1.1351088895485155
policy,11319,2107,2057,298.7,250129,False,False,False,True,81,-1.1747930583512736
policy,11419,2127,2077,301.8,250130,False,False,True,False,100,-1.361698893148287
policy,11519,2147,2097,304.7,250131,False,False,True,False,100,-1.2414373818159574
policy,11619,2167,2117,307.4,250132,False,False,True,False,100,-1.3729046094719126
policy,11719,2187,2137,310.2,250133,False,False,True,False,100,-1.349657587351634
policy,11819,2207,2157,312.9,250134,False,False,True,False,100,-1.2420502421477533
policy,11919,2227,2177,315.7,250135,False,False,True,False,100,-1.374197868781112
policy,11985,2240,2190,317.5,250136,False,False,False,True,66,-0.9845090136883355
policy,12085,2260,2210,320.2,250137,False,False,True,False,100,-1.4180867583481218
policy,12169,2277,2227,322.6,250138,False,True,False,True,84,-1.5463080447527378
policy,12269,2297,2247,325.3,250139,False,False,True,False,100,-1.5527049791313798
policy,12369,2317,2267,328.1,250140,False,False,True,False,100,-1.6157179847291028
policy,12469,2337,2287,330.8,250141,False,False,True,False,100,-1.4375751506290142
policy,12569,2357,2307,333.6,250142,False,False,True,False,100,-1.6531193643308828
policy,12669,2377,2327,336.3,250143,False,False,True,False,100,-1.5623059218696342
policy,12769,2397,2347,339.1,250144,False,False,True,False,100,-1.3911302606461802
policy,12869,2417,2367,342.0,250145,False,False,True,False,100,-1.4012439498320994
policy,12969,2437,2387,344.9,250146,False,False,True,False,100,-1.4945499518431742
policy,13069,2457,2407,347.8,250147,False,False,True,False,100,-1.4022867479402015
policy,13169,2477,2427,350.6,250148,False,False,True,False,100,-1.41797447326336
policy,13269,2497,2447,353.4,250149,False,False,True,False,100,-1.5185725379083184
policy,13369,2517,2467,356.2,250150,False,False,True,False,100,-1.4977343009979138
policy,13469,2537,2487,359.0,250151,False,False,True,False,100,-1.4613683136353455
policy,13480,2539,2489,359.3,250152,False,False,False,True,11,-0.7264347681569672
policy,13580,2559,2509,362.1,250153,False,False,True,False,100,-1.1481568886690663
policy,13680,2579,2529,364.9,250154,False,False,True,False,100,-1.3834024955181778
policy,13780,2599,2549,367.8,250155,False,False,True,False,100,-1.4641797255985596
policy,13809,2605,2555,368.6,250156,False,False,False,True,29,-0.7806619071450402
policy,13909,2625,2575,371.4,250157,False,False,True,False,100,-1.3278474219959011
policy,14009,2645,2595,374.2,250158,False,False,True,False,100,-1.2000739581159647
policy,14109,2665,2615,377.1,250159,False,False,True,False,100,-1.4063048365843152
policy,14209,2685,2635,380.0,250160,False,False,True,False,100,-1.5176309973272804
policy,14309,2705,2655,382.8,250161,False,False,True,False,100,-1.629531632697831
policy,14409,2725,2675,385.7,250162,False,False,True,False,100,-1.5535665227551032
policy,14426,2729,2679,386.2,250163,False,False,False,True,17,-0.8324662561703745
policy,14526,2749,2699,389.1,250164,False,False,True,False,100,-1.5943758372926071
policy,14589,2761,2711,391.0,250165,False,False,False,True,63,-1.177979154295159
policy,14631,2770,2720,392.3,250166,False,False,False,True,42,-1.0357980579688406
policy,14731,2790,2740,395.3,250167,False,False,True,False,100,-1.3461434737014304
policy,14763,2796,2746,396.3,250168,False,False,False,True,32,-0.8566300600304616
policy,14852,2814,2764,399.0,250169,False,False,False,True,89,-1.2429664274803063
policy,14952,2834,2784,402.0,250170,False,False,True,False,100,-1.4688101472061261
policy,15052,2854,2804,404.9,250171,False,False,True,False,100,-1.5394422065222086
policy,15152,2874,2824,407.9,250172,False,False,True,False,100,-1.5519113070661628
policy,15252,2894,2844,410.8,250173,False,False,True,False,100,-1.305219680177228
policy,15352,2914,2864,413.7,250174,False,False,True,False,100,-1.289036147690122
policy,15452,2934,2884,416.6,250175,False,False,True,False,100,-1.6840713962731169
policy,15552,2954,2904,419.5,250176,False,False,True,False,100,-1.7064938278316952
policy,15652,2974,2924,422.6,250177,False,False,True,False,100,-1.5384019739635821
policy,15752,2994,2944,425.5,250178,False,False,True,False,100,-1.5994967149923394
policy,15852,3014,2964,428.4,250179,False,False,True,False,100,-1.6312478072686951
policy,15952,3034,2984,431.3,250180,False,False,True,False,100,-1.314605501678273
policy,15965,3036,2986,431.6,250181,False,False,False,True,13,-0.621551347693615
policy,16030,3049,2999,433.5,250182,False,False,False,True,65,-1.1774230580183973
policy,16130,3069,3019,436.4,250183,False,False,True,False,100,-1.391864791228555
policy,16230,3089,3039,439.3,250184,False,False,True,False,100,-1.534893803868699
policy,16330,3109,3059,442.1,250185,False,False,True,False,100,-1.1206981226171218
policy,16430,3129,3079,445.0,250186,False,False,True,False,100,-1.4769824198915855
policy,16530,3149,3099,447.9,250187,False,False,True,False,100,-1.3893602676922365
policy,16630,3169,3119,450.7,250188,False,False,True,False,100,-1.1607414463842398
policy,16730,3189,3139,453.6,250189,False,False,True,False,100,-1.4245281924884174
policy,16830,3209,3159,456.5,250190,False,False,True,False,100,-1.1023507897553069
policy,16930,3229,3179,459.4,250191,False,False,True,False,100,-1.3783518766284013
policy,17030,3249,3199,462.4,250192,False,False,True,False,100,-1.1856518771092253
policy,17130,3269,3219,465.3,250193,False,False,True,False,100,-1.3524708788350122
policy,17230,3289,3239,468.3,250194,False,False,True,False,100,-1.517148466757789
policy,17330,3309,3259,471.1,250195,False,False,True,False,100,-1.4813543260555337
policy,17430,3329,3279,474.0,250196,False,False,True,False,100,-1.2858822010195707
policy,17476,3339,3289,475.6,250197,False,False,False,True,46,-0.7844020687508941
policy,17576,3359,3309,478.5,250198,False,False,True,False,100,-1.097772516976139
policy,17676,3379,3329,481.4,250199,False,False,True,False,100,-1.6243667577883
policy,17776,3399,3349,484.3,250200,False,False,True,False,100,-1.1439998012560815
policy,17876,3419,3369,487.4,250201,False,False,True,False,100,-1.393529630533323
policy,17956,3435,3385,489.8,250202,False,False,False,True,80,-1.4595269784912341
policy,18056,3455,3405,492.9,250203,False,False,True,False,100,-1.470749928435838
policy,18135,3470,3420,495.2,250204,False,False,False,True,79,-1.1991023820590376
policy,18235,3490,3440,498.4,250205,False,False,True,False,100,-1.4311726202552477
policy,18282,3500,3450,499.9,250206,False,False,False,True,47,-0.9773984120030939
policy,18344,3512,3462,501.7,250207,False,False,False,True,62,-1.0276946976571573
policy,18395,3522,3472,503.1,250208,False,False,False,True,51,-1.0502873280613652
policy,18495,3542,3492,506.1,250209,False,False,True,False,100,-1.5331909259609344
policy,18532,3550,3500,507.2,250210,False,False,False,True,37,-0.955934354707549
policy,18632,3570,3520,510.2,250211,False,False,True,False,100,-1.2969785271602436
policy,18732,3590,3540,513.2,250212,False,False,True,False,100,-1.3938908470167075
policy,18832,3610,3560,516.2,250213,False,False,True,False,100,-1.4654210150247655
policy,18932,3630,3580,519.3,250214,False,False,True,False,100,-1.607749211054726
policy,19017,3647,3597,522.0,250215,False,False,False,True,85,-1.4199315693781482
policy,19051,3654,3604,523.1,250216,False,False,False,True,34,-0.9164156707490353
policy,19151,3674,3624,526.0,250217,False,False,True,False,100,-1.6967742983737337
policy,19251,3694,3644,528.9,250218,False,False,True,False,100,-1.1533239655187812
policy,19351,3714,3664,531.8,250219,False,False,True,False,100,-1.3870431641375491
policy,19451,3734,3684,534.7,250220,False,False,True,False,100,-1.6958140406267816
policy,19551,3754,3704,537.7,250221,False,False,True,False,100,-1.3005265670678843
policy,19584,3760,3710,538.6,250222,False,False,False,True,33,-0.8094717223329573
policy,19684,3780,3730,541.6,250223,False,False,True,False,100,-1.3571929638363789
policy,19784,3800,3750,544.7,250224,False,False,True,False,100,-1.3618009399340956
policy,19884,3820,3770,547.9,250225,False,False,True,False,100,-1.466633362580989
policy,19984,3840,3790,551.0,250226,False,False,True,False,100,-1.524852598576596
policy,20084,3860,3810,554.1,250227,False,False,True,False,100,-1.4164754734590355
policy,20184,3880,3830,557.0,250228,False,False,True,False,100,-1.5708523161472387
policy,20246,3893,3843,559.3,250229,False,False,False,True,62,-1.0058257143445355
policy,20346,3913,3863,562.8,250230,False,False,True,False,100,-1.2860476623447714
policy,20446,3933,3883,566.3,250231,False,False,True,False,100,-1.2125063643323406
policy,20546,3953,3903,569.3,250232,False,False,True,False,100,-1.591395745063926
policy,20646,3973,3923,572.3,250233,False,False,True,False,100,-1.2940723945719905
policy,20746,3993,3943,575.4,250234,False,False,True,False,100,-1.4529559326332224
policy,20846,4013,3963,578.5,250235,False,False,True,False,100,-1.1893762130357852
policy,20946,4033,3983,581.6,250236,False,False,True,False,100,-1.181332310290918
policy,21046,4053,4003,584.6,250237,False,False,True,False,100,-1.4665207474425723
policy,21146,4073,4023,587.6,250238,False,False,True,False,100,-1.3461823997484696
policy,21246,4093,4043,590.5,250239,False,False,True,False,100,-1.104564288830613
policy,21346,4113,4063,593.5,250240,False,False,True,False,100,-1.4950703511874652
policy,21441,4132,4082,596.4,250241,False,False,False,True,95,-1.8033810203581893
policy,21447,4133,4083,596.5,250242,False,False,False,True,6,-0.6801620624820913
policy,21547,4153,4103,599.6,250243,False,False,True,False,100,-1.6477149613420365
policy,21647,4173,4123,603.0,250244,False,False,True,False,100,-1.3472134778767293
policy,21747,4193,4143,606.1,250245,False,False,True,False,100,-1.50050873095602
policy,21847,4213,4163,609.2,250246,False,False,True,False,100,-1.103252257247651
policy,21947,4233,4183,612.3,250247,False,False,True,False,100,-1.3715638084096964
policy,21969,4237,4187,612.9,250248,False,False,False,True,22,-0.7670576066145632
policy,22069,4257,4207,615.9,250249,False,False,True,False,100,-1.5935101964827028
policy,22169,4277,4227,618.9,250250,False,False,True,False,100,-1.3151838213931932
policy,22269,4297,4247,622.0,250251,False,False,True,False,100,-1.62265184301034
policy,22369,4317,4267,625.0,250252,False,False,True,False,100,-1.3522363961583048
policy,22402,4324,4274,626.1,250253,False,False,False,True,33,-0.8346704916655155
policy,22438,4331,4281,627.1,250254,False,False,False,True,36,-0.8426046556233386
policy,22510,4345,4295,629.2,250255,False,False,False,True,72,-1.0134791071017732
policy,22610,4365,4315,632.2,250256,False,False,True,False,100,-1.1388859721278604
policy,22710,4385,4335,635.2,250257,False,False,True,False,100,-1.4188227502190536
policy,22727,4389,4339,635.8,250258,False,False,False,True,17,-0.7114540274921316
policy,22793,4402,4352,637.8,250259,False,False,False,True,66,-1.252811073461018
policy,22893,4422,4372,640.9,250260,False,False,True,False,100,-1.4099140193903914
policy,22993,4442,4392,644.0,250261,False,False,True,False,100,-1.447033771565529
policy,23093,4462,4412,647.0,250262,False,False,True,False,100,-1.443296910647578
policy,23193,4482,4432,650.1,250263,False,False,True,False,100,-1.4401599902788143
policy,23293,4502,4452,653.0,250264,False,False,True,False,100,-1.2763647033228835
policy,23393,4522,4472,656.0,250265,False,False,True,False,100,-1.5905354599923034
policy,23438,4531,4481,657.3,250266,False,False,False,True,45,-1.2749939158984431
policy,23538,4551,4501,660.3,250267,False,False,True,False,100,-1.4556640406881474
policy,23635,4570,4520,663.2,250268,False,False,False,True,97,-1.4016770876861935
policy,23735,4590,4540,666.2,250269,False,False,True,False,100,-1.5435993633122775
policy,23835,4610,4560,669.3,250270,False,False,True,False,100,-1.3041408477409648
policy,23935,4630,4580,672.4,250271,False,False,True,False,100,-1.1923188451994582
policy,24035,4650,4600,675.7,250272,False,False,True,False,100,-1.5883813042191803
policy,24059,4655,4605,676.9,250273,False,False,False,True,24,-0.8706698720409279
policy,24159,4675,4625,680.2,250274,False,False,True,False,100,-1.1202378937052304
policy,24259,4695,4645,683.2,250275,False,False,True,False,100,-1.315665744832275
policy,24322,4708,4658,685.1,250276,False,False,False,True,63,-1.00448647248899
policy,24422,4728,4678,688.1,250277,False,False,True,False,100,-1.162228621981253
policy,24522,4748,4698,691.2,250278,False,False,True,False,100,-1.7408307487859136
policy,24622,4768,4718,694.2,250279,False,False,True,False,100,-1.239256686125123
policy,24722,4788,4738,697.3,250280,False,False,True,False,100,-1.4278927035193762
policy,24775,4798,4748,698.9,250281,False,False,False,True,53,-1.0389215095007063
policy,24875,4818,4768,702.0,250282,False,False,True,False,100,-1.1807856174632239
policy,24975,4838,4788,705.2,250283,False,False,True,False,100,-1.358049758204856
policy,25075,4858,4808,708.5,250284,False,False,True,False,100,-1.718555050246367
policy,25175,4878,4828,711.8,250285,False,False,True,False,100,-1.6368497712429702
policy,25275,4898,4848,716.5,250286,False,False,True,False,100,-1.6200995738516415
policy,25375,4918,4868,721.4,250287,False,False,True,False,100,-1.5244543796687993
policy,25475,4938,4888,726.4,250288,False,False,True,False,100,-1.159789787214785
policy,25575,4958,4908,730.8,250289,False,False,True,False,100,-1.432248006279643
policy,25675,4978,4928,733.8,250290,False,False,True,False,100,-1.4429874124608486
policy,25775,4998,4948,737.0,250291,False,False,True,False,100,-1.1310224756974496
policy,25875,5018,4968,740.2,250292,False,False,True,False,100,-1.3507944882996408
policy,25975,5038,4988,743.4,250293,False,False,True,False,100,-1.1805643748042502
policy,25985,5040,4990,743.7,250294,False,False,False,True,10,-0.5965770862669608
policy,26085,5060,5010,747.0,250295,False,False,True,False,100,-1.6182336281280882
policy,26185,5080,5030,750.2,250296,False,False,True,False,100,-1.5781447222138745
policy,26285,5100,5050,753.2,250297,False,False,True,False,100,-1.3756849110187528
policy,26385,5120,5070,756.3,250298,False,False,True,False,100,-1.6388461301054087
policy,26485,5140,5090,759.4,250299,False,False,True,False,100,-1.314636872528453
policy,26585,5160,5110,762.6,250300,False,False,True,False,100,-1.3198373533113972
policy,26655,5174,5124,765.0,250301,False,False,False,True,70,-1.1703012854970403
policy,26755,5194,5144,768.5,250302,False,False,True,False,100,-1.7324760877646987
policy,26855,5214,5164,771.8,250303,False,False,True,False,100,-1.177151533786542
policy,26955,5234,5184,775.1,250304,False,False,True,False,100,-1.2411597893195432
policy,26998,5243,5193,776.6,250305,False,False,False,True,43,-0.8808289790430417
policy,27098,5263,5213,779.8,250306,False,False,True,False,100,-1.269483711243125
policy,27198,5283,5233,783.0,250307,False,False,True,False,100,-1.4414847886479523
policy,27298,5303,5253,786.2,250308,False,False,True,False,100,-1.132348577233656
policy,27398,5323,5273,789.4,250309,False,False,True,False,100,-1.3277733909823133
policy,27498,5343,5293,792.8,250310,False,False,True,False,100,-1.4305431201588412
policy,27598,5363,5313,796.2,250311,False,False,True,False,100,-1.3213474722231182
policy,27602,5364,5314,796.4,250312,False,False,False,True,4,-0.6279275157233759
policy,27702,5384,5334,800.0,250313,False,False,True,False,100,-1.1846873642973694
policy,27713,5386,5336,800.3,250314,False,False,False,True,11,-0.8555642757193045
policy,27813,5406,5356,803.7,250315,False,False,True,False,100,-1.288031915256645
policy,27913,5426,5376,806.9,250316,False,False,True,False,100,-1.5044004633213235
policy,28013,5446,5396,810.0,250317,False,False,True,False,100,-1.4350398834415703
policy,28113,5466,5416,813.1,250318,False,False,True,False,100,-1.1260380147629836
policy,28213,5486,5436,816.2,250319,False,False,True,False,100,-1.5268211083390568
policy,28313,5506,5456,819.3,250320,False,False,True,False,100,-1.5679882283379447
policy,28359,5515,5465,820.8,250321,False,False,False,True,46,-0.8495141897632807
policy,28459,5535,5485,824.0,250322,False,False,True,False,100,-1.3324387390156351
policy,28559,5555,5505,827.3,250323,False,False,True,False,100,-1.2640952326958317
policy,28635,5570,5520,829.6,250324,False,False,False,True,76,-1.062385767839081
policy,28689,5581,5531,831.3,250325,False,False,False,True,54,-0.8576246740293845
policy,28789,5601,5551,834.4,250326,False,False,True,False,100,-1.1075506702052855
policy,28889,5621,5571,837.5,250327,False,False,True,False,100,-1.541296797763391
policy,28989,5641,5591,840.6,250328,False,False,True,False,100,-1.7752558562684397
policy,29089,5661,5611,844.1,250329,False,False,True,False,100,-1.2486803958222346
policy,29189,5681,5631,847.7,250330,False,False,True,False,100,-1.417871956482871
policy,29289,5701,5651,851.4,250331,False,False,True,False,100,-1.3742198683301012
policy,29389,5721,5671,854.9,250332,False,False,True,False,100,-1.2078427780238
policy,29448,5733,5683,857.0,250333,False,False,False,True,59,-1.2783728466091386
policy,29548,5753,5703,860.6,250334,False,False,True,False,100,-1.2624437926631946
policy,29648,5773,5723,863.9,250335,False,False,True,False,100,-1.2476453212286467
policy,29692,5782,5732,865.4,250336,False,False,False,True,44,-0.9288172906669978
policy,29792,5802,5752,868.5,250337,False,False,True,False,100,-1.396559231242072
policy,29892,5822,5772,871.7,250338,False,False,True,False,100,-1.101070710905287
policy,29923,5828,5778,872.7,250339,False,False,False,True,31,-0.8190789321473744
policy,30023,5848,5798,876.0,250340,False,False,True,False,100,-1.6187679588333004
policy,30045,5852,5802,876.7,250341,False,False,False,True,22,-1.0253067050241107
policy,30145,5872,5822,880.0,250342,False,False,True,False,100,-1.1495478152681877
policy,30245,5892,5842,883.4,250343,False,False,True,False,100,-1.3942280208337317
policy,30279,5899,5849,884.6,250344,False,False,False,True,34,-0.9900959045730615
policy,30379,5919,5869,888.5,250345,False,False,True,False,100,-1.3852050421314566
policy,30479,5939,5889,892.2,250346,False,False,True,False,100,-1.6551231807983122
policy,30579,5959,5909,895.8,250347,False,False,True,False,100,-1.5854373665686756
policy,30679,5979,5929,899.5,250348,False,False,True,False,100,-1.2607413701841588
policy,30779,5999,5949,903.1,250349,False,False,True,False,100,-1.48906986759943
policy,30869,6017,5967,906.0,250350,False,False,False,True,90,-1.243707036598368
policy,30969,6037,5987,909.3,250351,False,False,True,False,100,-1.351037531547505
policy,31069,6057,6007,912.6,250352,False,False,True,False,100,-1.2171442723800845
policy,31142,6072,6022,915.1,250353,False,False,False,True,73,-1.0755049434168238
policy,31242,6092,6042,918.5,250354,False,False,True,False,100,-1.5334652443552867
policy,31342,6112,6062,922.1,250355,False,False,True,False,100,-1.2647097468564759
policy,31442,6132,6082,925.8,250356,False,False,True,False,100,-1.646563940511942
policy,31471,6138,6088,926.8,250357,False,False,False,True,29,-0.9263226505755298
policy,31571,6158,6108,930.2,250358,False,False,True,False,100,-1.3401319908783806
policy,31671,6178,6128,933.5,250359,False,False,True,False,100,-1.3201571283698756
policy,31771,6198,6148,936.9,250360,False,False,True,False,100,-1.377040143917171
policy,31871,6218,6168,940.2,250361,False,False,True,False,100,-1.241983108435579
policy,31971,6238,6188,943.6,250362,False,True,True,False,100,-1.6241979419246195
policy,31978,6239,6189,943.8,250363,False,False,False,True,7,-0.7332925895750677
policy,31990,6241,6191,944.1,250364,False,False,False,True,12,-0.7434203404190223
policy,32069,6257,6207,946.9,250365,False,False,False,True,79,-1.072930013268456
policy,32134,6270,6220,949.2,250366,False,False,False,True,65,-1.0179340228753673
policy,32234,6290,6240,952.8,250367,False,False,True,False,100,-1.2020656203493973
policy,32317,6307,6257,955.9,250368,False,False,False,True,83,-1.3074941731032468
policy,32345,6312,6262,956.8,250369,False,False,False,True,28,-1.0476043376890962
policy,32402,6324,6274,958.9,250370,False,False,False,True,57,-1.0481250754691351
policy,32463,6336,6286,960.9,250371,False,False,False,True,61,-1.162240740644803
policy,32505,6344,6294,962.3,250372,False,False,False,True,42,-1.0389508021931753
policy,32605,6364,6314,965.8,250373,False,False,True,False,100,-1.5029553060148189
policy,32705,6384,6334,969.2,250374,False,False,True,False,100,-1.2276355880496106
policy,32805,6404,6354,972.6,250375,False,False,True,False,100,-1.301888977851088
policy,32905,6424,6374,976.1,250376,False,False,True,False,100,-1.2435781014165401
policy,32922,6428,6378,976.8,250377,False,False,False,True,17,-0.6827938955858884
policy,33022,6448,6398,980.3,250378,False,False,True,False,100,-1.669540140929238
policy,33094,6462,6412,982.5,250379,False,False,False,True,72,-1.1130928366179016
policy,33194,6482,6432,985.8,250380,False,False,True,False,100,-1.1605350947665554
policy,33294,6502,6452,989.0,250381,False,False,True,False,100,-1.7015149540183387
policy,33394,6522,6472,992.3,250382,False,False,True,False,100,-1.0849031517635659
policy,33494,6542,6492,995.6,250383,False,False,True,False,100,-1.443096959200798
policy,33518,6547,6497,996.4,250384,False,False,False,True,24,-0.7993484626469591
policy,33618,6567,6517,999.8,250385,False,False,True,False,100,-1.1948680756310697
policy,33718,6587,6537,1003.4,250386,False,False,True,False,100,-1.1904163047902203
policy,33793,6602,6552,1006.0,250387,False,False,False,True,75,-1.3520566857087286
policy,33818,6607,6557,1006.9,250388,False,False,False,True,25,-0.7495777541420143
policy,33918,6627,6577,1010.4,250389,False,False,True,False,100,-1.6933818345548048
policy,33962,6636,6586,1011.9,250390,False,False,False,True,44,-0.8431304470872838
policy,34017,6647,6597,1013.8,250391,False,False,False,True,55,-1.0978061152228493
policy,34078,6659,6609,1015.8,250392,False,False,False,True,61,-0.9978517448850402
policy,34178,6679,6629,1019.2,250393,False,False,True,False,100,-1.49092345403277
policy,34278,6699,6649,1022.8,250394,False,False,True,False,100,-1.363242331726514
policy,34378,6719,6669,1026.3,250395,False,False,True,False,100,-1.44897932371707
policy,34467,6737,6687,1029.3,250396,False,False,False,True,89,-1.174372626766515
policy,34567,6757,6707,1032.7,250397,False,False,True,False,100,-1.5131245443964139
policy,34651,6774,6724,1035.6,250398,False,False,False,True,84,-1.239397222478039
policy,34727,6789,6739,1038.1,250399,False,False,False,True,76,-1.2554415265732872
policy,34827,6809,6759,1041.4,250400,False,False,True,False,100,-1.3209480523796486
policy,34864,6816,6766,1042.6,250401,False,False,False,True,37,-0.901014988804397
policy,34964,6836,6786,1046.0,250402,False,False,True,False,100,-1.0874918370941282
policy,35064,6856,6806,1049.4,250403,False,False,True,False,100,-1.2347260370998798
policy,35123,6868,6818,1051.3,250404,False,True,False,True,59,-1.0619505926968382
policy,35223,6888,6838,1054.5,250405,False,False,True,False,100,-1.3179334442422599
policy,35278,6899,6849,1056.3,250406,False,False,False,True,55,-1.0237129627492247
policy,35378,6919,6869,1059.5,250407,False,False,True,False,100,-1.2289853250529308
policy,35453,6934,6884,1062.1,250408,False,False,False,True,75,-1.0728416818796382
policy,35553,6954,6904,1065.5,250409,False,False,True,False,100,-1.4768059503490338
policy,35590,6961,6911,1066.8,250410,False,False,False,True,37,-0.8774069074051067
policy,35690,6981,6931,1070.3,250411,False,False,True,False,100,-1.5955016740522479
policy,35790,7001,6951,1073.9,250412,False,False,True,False,100,-1.4479937118556747
policy,35832,7010,6960,1075.5,250413,False,False,False,True,42,-0.9330405828570189
policy,35932,7030,6980,1078.8,250414,False,False,True,False,100,-1.1345348082016036
policy,36029,7049,6999,1081.8,250415,False,False,False,True,97,-1.253584963156023
policy,36069,7057,7007,1083.2,250416,False,False,False,True,40,-0.9013350559448299
policy,36129,7069,7019,1085.2,250417,False,False,False,True,60,-1.0422434203223352
policy,36229,7089,7039,1088.7,250418,False,False,True,False,100,-1.6332684536673137
policy,36294,7102,7052,1091.1,250419,False,False,False,True,65,-1.365915339095241
policy,36393,7122,7072,1094.6,250420,False,False,False,True,99,-1.4373547117921794
policy,36493,7142,7092,1098.1,250421,False,False,True,False,100,-1.0685177056342567
policy,36593,7162,7112,1101.5,250422,False,False,True,False,100,-1.2811455741281517
policy,36693,7182,7132,1104.9,250423,False,False,True,False,100,-1.1280676480565606
policy,36793,7202,7152,1108.4,250424,False,False,True,False,100,-1.5061942979315068
policy,36893,7222,7172,1111.7,250425,False,False,True,False,100,-1.382785240881777
policy,36993,7242,7192,1115.0,250426,False,False,True,False,100,-1.6053550258368643
policy,37093,7262,7212,1118.2,250427,False,False,True,False,100,-1.3524861658543723
policy,37193,7282,7232,1121.4,250428,False,False,True,False,100,-1.3254995708518877
policy,37254,7294,7244,1123.3,250429,False,False,False,True,61,-1.158156768370785
policy,37354,7314,7264,1126.5,250430,False,False,True,False,100,-1.2454586235028975
policy,37454,7334,7284,1129.8,250431,False,False,True,False,100,-1.2701659143484112
policy,37512,7346,7296,1131.8,250432,False,False,False,True,58,-1.0299675630602056
policy,37599,7363,7313,1134.6,250433,False,False,False,True,87,-1.1435320283352877
policy,37699,7383,7333,1137.9,250434,False,False,True,False,100,-1.3115379539701735
policy,37784,7400,7350,1140.6,250435,False,False,False,True,85,-0.9838802866608869
policy,37884,7420,7370,1143.8,250436,False,False,True,False,100,-1.3020336500038654
policy,37984,7440,7390,1146.9,250437,False,False,True,False,100,-1.1291903988846443
policy,38084,7460,7410,1150.1,250438,False,False,True,False,100,-1.431729219547956
policy,38089,7461,7411,1150.3,250439,False,False,False,True,5,-0.6337775165336559
policy,38157,7475,7425,1152.7,250440,False,False,False,True,68,-1.1128040421397942
policy,38257,7495,7445,1156.0,250441,False,False,True,False,100,-1.2266354738959702
policy,38357,7515,7465,1159.4,250442,False,False,True,False,100,-1.380905927256836
policy,38457,7535,7485,1162.9,250443,False,False,False,True,100,-1.5313396211219512
policy,38545,7552,7502,1165.9,250444,False,False,False,True,88,-1.053969728062612
policy,38645,7572,7522,1169.2,250445,False,False,True,False,100,-1.4213158281548854
policy,38696,7583,7533,1171.0,250446,False,False,False,True,51,-0.950873060576068
policy,38780,7599,7549,1173.7,250447,False,False,False,True,84,-1.0404940325856291
policy,38846,7613,7563,1176.1,250448,False,False,False,True,66,-1.2991843378082284
policy,38883,7620,7570,1177.3,250449,False,False,False,True,37,-0.9302283782505362
policy,38983,7640,7590,1180.7,250450,False,False,True,False,100,-1.3216009317442763
policy,39071,7658,7608,1183.6,250451,False,False,False,True,88,-1.1956823911245886
policy,39171,7678,7628,1187.0,250452,False,False,True,False,100,-1.6665053085085808
policy,39230,7689,7639,1188.8,250453,False,False,False,True,59,-1.1541285922071731
policy,39319,7707,7657,1192.0,250454,False,False,False,True,89,-1.2955885131168094
policy,39419,7727,7677,1195.2,250455,False,False,True,False,100,-1.6175108265888136
policy,39508,7745,7695,1198.1,250456,False,False,False,True,89,-1.3834834549330468
policy,39608,7765,7715,1201.4,250457,False,False,True,False,100,-1.0730288283010692
policy,39665,7776,7726,1203.5,250458,False,False,False,True,57,-1.152276288678331
policy,39740,7791,7741,1206.1,250459,False,False,False,True,75,-1.3599023740234282
policy,39840,7811,7761,1209.6,250460,False,False,True,False,100,-1.3526619407359393
policy,39940,7831,7781,1213.0,250461,False,False,True,False,100,-1.57973727458885
policy,39949,7833,7783,1213.4,250462,False,False,False,True,9,-0.8130687703459012
policy,40049,7853,7803,1216.8,250463,False,True,True,False,100,-1.3713363611142197
policy,40123,7868,7818,1219.2,250464,False,False,False,True,74,-1.3003891463184782
policy,40167,7877,7827,1220.8,250465,False,False,False,True,44,-0.8656828773834464
policy,40267,7897,7847,1223.9,250466,False,True,True,False,100,-1.4630122433558317
policy,40332,7910,7860,1226.0,250467,False,False,False,True,65,-1.235520836965787
policy,40353,7914,7864,1226.7,250468,False,False,False,True,21,-0.8662335195750698
policy,40399,7923,7873,1228.3,250469,False,False,False,True,46,-1.2064354157151334
policy,40499,7943,7893,1231.5,250470,False,False,True,False,100,-1.3699510573767344
policy,40539,7951,7901,1232.8,250471,False,False,False,True,40,-1.0406953409271138
policy,40639,7971,7921,1236.1,250472,False,False,True,False,100,-1.169197169236272
policy,40739,7991,7941,1239.3,250473,False,False,True,False,100,-1.2278843372120054
policy,40839,8011,7961,1242.6,250474,False,False,True,False,100,-1.3506389104576206
policy,40889,8021,7971,1244.2,250475,False,False,False,True,50,-0.9053652766489035
policy,40989,8041,7991,1247.8,250476,False,False,True,False,100,-1.5393664299682297
policy,41019,8047,7997,1248.9,250477,False,False,False,True,30,-0.8288945348651725
policy,41056,8055,8005,1250.2,250478,False,False,False,True,37,-0.8947809444024981
policy,41123,8068,8018,1252.4,250479,False,False,False,True,67,-1.1654144592602589
policy,41223,8088,8038,1255.7,250480,False,False,True,False,100,-1.433861707120497
policy,41323,8108,8058,1259.0,250481,False,True,True,False,100,-1.4862592370320449
policy,41423,8128,8078,1262.4,250482,False,True,True,False,100,-1.5546702627650064
policy,41481,8140,8090,1264.4,250483,False,True,False,True,58,-1.2287706733659047
policy,41544,8152,8102,1266.4,250484,False,False,False,True,63,-1.048848672324658
policy,41605,8164,8114,1268.5,250485,False,False,False,True,61,-1.3529575452256672
policy,41699,8183,8133,1271.9,250486,False,False,False,True,94,-1.3709120416525886
policy,41732,8190,8140,1273.1,250487,False,False,False,True,33,-1.0155095490296522
policy,41832,8210,8160,1276.9,250488,False,False,True,False,100,-1.2580238751831327
policy,41928,8229,8179,1280.1,250489,False,False,False,True,96,-1.482063612108537
policy,42028,8249,8199,1283.4,250490,False,False,True,False,100,-1.2904100094686077
policy,42128,8269,8219,1286.6,250491,False,False,True,False,100,-1.2605837054190188
policy,42228,8289,8239,1289.7,250492,False,False,True,False,100,-1.2784272854446486
policy,42297,8303,8253,1291.9,250493,False,False,False,True,69,-1.424645399274806
policy,42397,8323,8273,1295.1,250494,False,True,True,False,100,-1.7807538149838935
policy,42497,8343,8293,1298.3,250495,False,True,True,False,100,-1.4961811017625366
policy,42572,8358,8308,1300.8,250496,False,False,False,True,75,-1.167388642696808
policy,42672,8378,8328,1304.1,250497,False,False,True,False,100,-1.273046807704415
policy,42772,8398,8348,1307.5,250498,False,False,False,True,100,-1.4428082441982661
policy,42811,8406,8356,1308.8,250499,False,False,False,True,39,-1.129231765867327
policy,42892,8422,8372,1311.4,250500,False,False,False,True,81,-1.520683921068894
policy,42917,8427,8377,1312.2,250501,False,False,False,True,25,-0.8250962111245695
policy,43009,8445,8395,1315.1,250502,False,False,False,True,92,-1.5008682128300084
policy,43057,8455,8405,1316.8,250503,False,False,False,True,48,-1.1034449105885962
policy,43132,8470,8420,1319.2,250504,False,False,False,True,75,-1.1984716188686806
policy,43172,8478,8428,1320.5,250505,False,False,False,True,40,-0.757709025979988
policy,43224,8488,8438,1322.1,250506,False,False,False,True,52,-1.3310351018293594
policy,43320,8507,8457,1325.1,250507,False,False,False,True,96,-1.3055586408485635
policy,43401,8524,8474,1327.8,250508,False,False,False,True,81,-1.440627474819907
policy,43501,8544,8494,1331.0,250509,False,False,True,False,100,-1.1649588680156495
policy,43554,8554,8504,1332.6,250510,False,False,False,True,53,-1.2943401774817342
policy,43654,8574,8524,1336.1,250511,False,False,True,False,100,-1.3054239693641692
policy,43745,8592,8542,1339.3,250512,False,False,False,True,91,-1.3957120765429196
policy,43819,8607,8557,1341.8,250513,False,False,False,True,74,-1.263529353908881
policy,43919,8627,8577,1345.1,250514,False,False,True,False,100,-1.3719386502071895
policy,43991,8642,8592,1347.9,250515,False,False,False,True,72,-1.445806600115632
policy,44091,8662,8612,1351.3,250516,False,False,True,False,100,-1.3019523572164062
policy,44191,8682,8632,1354.7,250517,False,False,True,False,100,-1.5072160392583007
policy,44291,8702,8652,1358.0,250518,False,False,True,False,100,-1.5610333254946154
policy,44391,8722,8672,1361.3,250519,False,False,True,False,100,-1.7687658045447878
policy,44491,8742,8692,1364.7,250520,False,False,True,False,100,-1.4783891024257874
policy,44527,8749,8699,1366.0,250521,False,False,False,True,36,-0.754813966633139
policy,44563,8756,8706,1367.3,250522,False,False,False,True,36,-1.0379736075478576
policy,44595,8762,8712,1368.3,250523,False,False,False,True,32,-0.9982998101288609
policy,44645,8772,8722,1370.0,250524,False,False,False,True,50,-0.8709160816153088
policy,44680,8779,8729,1371.2,250525,False,False,False,True,35,-0.8381497493241443
policy,44741,8792,8742,1373.4,250526,False,False,False,True,61,-0.9571760194301597
policy,44841,8812,8762,1376.9,250527,False,False,True,False,100,-1.2843085539540415
policy,44908,8825,8775,1379.2,250528,False,False,False,True,67,-1.4735300266224174
policy,45008,8845,8795,1382.9,250529,False,False,True,False,100,-1.2934506870974436
policy,45041,8852,8802,1384.1,250530,False,False,False,True,33,-1.0931994475228861
policy,45090,8861,8811,1385.7,250531,False,True,False,True,49,-1.3188354059564698
policy,45190,8881,8831,1389.0,250532,False,False,True,False,100,-1.0777116126407194
policy,45290,8901,8851,1392.2,250533,False,False,True,False,100,-1.5806295793428413
policy,45366,8917,8867,1395.0,250534,False,False,False,True,76,-1.4179264602135324
policy,45466,8937,8887,1398.5,250535,False,False,True,False,100,-1.5334164568628113
policy,45496,8943,8893,1399.5,250536,False,False,False,True,30,-0.7152767652973373
policy,45553,8954,8904,1401.4,250537,False,False,False,True,57,-1.1752770700547948
policy,45598,8963,8913,1403.0,250538,False,False,False,True,45,-0.8467562951779142
policy,45671,8978,8928,1405.5,250539,False,False,False,True,73,-1.3548398677481601
policy,45771,8998,8948,1409.0,250540,False,False,True,False,100,-1.3079101790765413
policy,45802,9004,8954,1410.1,250541,False,False,False,True,31,-0.9279704734021514
policy,45836,9011,8961,1411.3,250542,False,False,False,True,34,-1.127744750213257
policy,45888,9021,8971,1413.1,250543,False,False,False,True,52,-1.0324230501458274
policy,45918,9027,8977,1414.1,250544,False,False,False,True,30,-0.713685085153077
policy,46012,9046,8996,1417.3,250545,False,False,False,True,94,-1.4785732145455721
policy,46110,9065,9015,1420.4,250546,False,False,False,True,98,-1.1765508377449256
policy,46167,9077,9027,1422.4,250547,False,False,False,True,57,-0.896992198646145
policy,46191,9082,9032,1423.2,250548,False,False,False,True,24,-0.6631611923517381
policy,46223,9088,9038,1424.1,250549,False,False,False,True,32,-0.7875502474849272
policy,46247,9093,9043,1425.0,250550,False,False,False,True,24,-0.788061649259095
policy,46347,9113,9063,1428.3,250551,False,False,True,False,100,-1.4152516965406607
policy,46431,9130,9080,1431.1,250552,False,False,False,True,84,-1.3543272009018539
policy,46531,9150,9100,1434.3,250553,False,False,True,False,100,-1.2970984777654553
policy,46549,9153,9103,1434.8,250554,False,False,False,True,18,-0.8212670487793097
policy,46649,9173,9123,1438.2,250555,False,False,True,False,100,-1.600811447210483
policy,46749,9193,9143,1441.5,250556,False,False,True,False,100,-1.0788795803881692
policy,46849,9213,9163,1445.0,250557,False,False,True,False,100,-1.6060461310578797
policy,46906,9225,9175,1447.1,250558,False,False,False,True,57,-0.8951813939479554
policy,46968,9237,9187,1449.3,250559,False,False,False,True,62,-1.2788981775604684
policy,47068,9257,9207,1453.0,250560,False,False,True,False,100,-1.1640777910202584
policy,47168,9277,9227,1456.3,250561,False,False,True,False,100,-1.3895068273225044
policy,47268,9297,9247,1459.7,250562,False,False,True,False,100,-1.6159986891599933
policy,47368,9317,9267,1463.0,250563,False,False,True,False,100,-1.1337095582878607
policy,47460,9335,9285,1466.0,250564,False,False,False,True,92,-1.226208611996457
policy,47560,9355,9305,1469.5,250565,False,False,True,False,100,-1.3097851331933172
policy,47583,9360,9310,1470.3,250566,False,False,False,True,23,-0.7144255885126829
policy,47629,9369,9319,1471.8,250567,False,False,False,True,46,-0.8156977057550858
policy,47651,9374,9324,1472.7,250568,False,False,False,True,22,-0.8650947163164378
policy,47696,9383,9333,1474.2,250569,False,False,False,True,45,-1.1006002234313073
policy,47716,9387,9337,1474.9,250570,False,False,False,True,20,-0.7434637321912412
policy,47778,9399,9349,1477.0,250571,False,False,False,True,62,-1.206413856961912
policy,47860,9415,9365,1479.7,250572,False,False,False,True,82,-1.2972802103986094
policy,47904,9424,9374,1481.2,250573,False,False,False,True,44,-0.9556480989409386
policy,48004,9444,9394,1484.6,250574,False,False,True,False,100,-1.5947346947393308
policy,48036,9451,9401,1485.9,250575,False,False,False,True,32,-0.8734961804876443
policy,48136,9471,9421,1489.5,250576,False,False,True,False,100,-1.1217312523865335
policy,48236,9491,9441,1493.2,250577,False,False,True,False,100,-1.32248385850753
policy,48260,9495,9445,1493.9,250578,False,False,False,True,24,-0.8669793178452048
policy,48357,9515,9465,1497.6,250579,False,False,False,True,97,-1.2722404008364991
policy,48390,9521,9471,1498.6,250580,False,False,False,True,33,-0.7768229057978329
policy,48435,9530,9480,1500.2,250581,False,False,False,True,45,-0.7996865411171401
policy,48496,9543,9493,1502.6,250582,False,False,False,True,61,-1.1668856279139463
policy,48567,9557,9507,1505.0,250583,False,False,False,True,71,-1.3026466091886404
policy,48625,9568,9518,1506.9,250584,False,False,False,True,58,-1.0632986887623184
policy,48723,9588,9538,1510.5,250585,False,False,False,True,98,-1.1395823823170104
policy,48823,9608,9558,1514.0,250586,False,False,True,False,100,-1.3710067772095715
policy,48923,9628,9578,1517.7,250587,False,False,True,False,100,-1.564561584841008
policy,49006,9645,9595,1520.9,250588,False,False,False,True,83,-1.1430598902378148
policy,49106,9665,9615,1524.5,250589,False,False,True,False,100,-1.5904038966558063
policy,49160,9675,9625,1526.3,250590,False,False,False,True,54,-1.0017680166516896
policy,49197,9683,9633,1527.6,250591,False,False,False,True,37,-0.9236586160872182
policy,49244,9692,9642,1529.1,250592,False,False,False,True,47,-1.1043040787729215
policy,49344,9712,9662,1532.5,250593,False,False,True,False,100,-1.558428953875795
policy,49444,9732,9682,1535.9,250594,False,False,True,False,100,-1.2712675184369537
policy,49480,9739,9689,1537.0,250595,False,False,False,True,36,-0.9908824510341833
policy,49535,9750,9700,1538.8,250596,False,False,False,True,55,-1.2332441519570163
policy,49554,9754,9704,1539.4,250597,False,False,False,True,19,-0.8124616166555119
policy,49654,9774,9724,1542.8,250598,False,False,True,False,100,-1.2701302615402665
policy,49754,9794,9744,1546.3,250599,False,False,True,False,100,-1.1762522385630008
policy,49854,9814,9764,1549.8,250600,False,False,True,False,100,-1.349616820599992
policy,49921,9828,9778,1552.7,250601,False,False,False,True,67,-1.285405544220302
policy,50015,9846,9796,1556.2,250602,False,False,False,True,94,-1.3018153335751363
policy,50115,9866,9816,1559.8,250603,False,False,True,False,100,-1.5590959474310002
policy,50215,9886,9836,1563.5,250604,False,False,True,False,100,-1.0972527479598835
policy,50312,9906,9856,1566.9,250605,False,False,False,True,97,-1.2047617466612843
policy,50412,9926,9876,1570.6,250606,False,False,True,False,100,-1.387407835124996
policy,50512,9946,9896,1574.0,250607,False,False,True,False,100,-1.2696593058305883
policy,50612,9966,9916,1577.5,250608,False,False,True,False,100,-1.2991465178892705
policy,50712,9986,9936,1581.1,250609,False,False,True,False,100,-1.1267118092145874
policy,50812,10006,9956,1584.8,250610,False,False,True,False,100,-1.475653334169686
policy,50848,10013,9963,1586.2,250611,False,False,False,True,36,-0.9377501897324438
policy,50866,10017,9967,1587.0,250612,False,False,False,True,18,-0.6406678813504716
policy,50934,10030,9980,1589.3,250613,False,False,False,True,68,-1.2661224529230102
policy,51034,10050,10000,1592.7,250614,False,False,True,False,100,-1.42695488081637
policy,51047,10053,10003,1593.3,250615,False,False,False,True,13,-0.8170483288233719
policy,51147,10073,10023,1596.8,250616,False,True,True,False,100,-1.642550608743226
policy,51239,10091,10041,1600.1,250617,False,False,False,True,92,-1.5381028086261477
policy,51290,10101,10051,1601.8,250618,False,False,False,True,51,-0.9634227365074293
policy,51331,10110,10060,1603.3,250619,False,False,False,True,41,-1.060750237619584
policy,51410,10125,10075,1605.8,250620,False,False,False,True,79,-1.3417446919018639
policy,51510,10145,10095,1609.2,250621,False,False,True,False,100,-1.2719701679292852
policy,51531,10150,10100,1610.1,250622,False,False,False,True,21,-0.7979646777798197
policy,51631,10170,10120,1613.8,250623,False,False,True,False,100,-1.3509634741533616
policy,51721,10188,10138,1617.0,250624,False,False,False,True,90,-1.1267172729311437
policy,51821,10208,10158,1620.8,250625,False,False,True,False,100,-1.5203442611893265
policy,51921,10228,10178,1624.4,250626,False,False,True,False,100,-1.6757287471711626
policy,52021,10248,10198,1627.9,250627,False,False,True,False,100,-1.4033373900825732
policy,52121,10268,10218,1631.4,250628,False,False,True,False,100,-1.2369306476003956
policy,52221,10288,10238,1634.8,250629,False,False,True,False,100,-1.4814007090062375
policy,52242,10292,10242,1635.5,250630,False,False,False,True,21,-0.6977353624806486
policy,52312,10306,10256,1637.9,250631,False,False,False,True,70,-1.0766418901050396
policy,52412,10326,10276,1641.5,250632,False,False,True,False,100,-1.6175771259956924
policy,52446,10333,10283,1642.7,250633,False,False,False,True,34,-0.9124314556551965
policy,52546,10353,10303,1646.3,250634,False,False,True,False,100,-1.5832922665550906
policy,52646,10373,10323,1649.9,250635,False,False,True,False,100,-1.546425275059157
policy,52746,10393,10343,1653.7,250636,False,False,True,False,100,-1.4674426154661904
policy,52846,10413,10363,1657.3,250637,False,False,True,False,100,-1.2387686573947188
policy,52946,10433,10383,1661.1,250638,False,False,True,False,100,-1.4180196374755627
policy,53046,10453,10403,1664.7,250639,False,False,True,False,100,-1.3255564269370401
policy,53146,10473,10423,1668.4,250640,False,False,True,False,100,-1.7443419238634315
policy,53157,10475,10425,1668.8,250641,False,False,False,True,11,-0.6156956235410566
policy,53196,10483,10433,1670.1,250642,False,False,False,True,39,-0.9065329617887983
policy,53296,10503,10453,1673.7,250643,False,False,True,False,100,-1.371304563400758
policy,53396,10523,10473,1677.2,250644,False,False,True,False,100,-1.5602470865959588
policy,53496,10543,10493,1680.8,250645,False,False,True,False,100,-1.3882219571917718
policy,53587,10561,10511,1684.0,250646,False,False,False,True,91,-1.228034157758034
policy,53687,10581,10531,1687.8,250647,False,False,True,False,100,-1.4703675773512037
policy,53785,10600,10550,1691.1,250648,False,False,False,True,98,-1.5540907668579318
policy,53885,10620,10570,1694.6,250649,False,False,True,False,100,-1.2238286267129332
policy,53915,10626,10576,1695.7,250650,False,False,False,True,30,-0.6997720831573209
policy,53941,10632,10582,1696.8,250651,False,False,False,True,26,-0.8311820643504175
policy,54041,10652,10602,1700.4,250652,False,False,True,False,100,-1.3270292899228577
policy,54141,10672,10622,1704.1,250653,False,False,True,False,100,-1.5865490196527585
policy,54241,10692,10642,1707.7,250654,False,False,True,False,100,-1.42260814574839
policy,54341,10712,10662,1711.2,250655,False,False,True,False,100,-1.2779597490110084
policy,54441,10732,10682,1714.9,250656,False,False,True,False,100,-1.244349706120175
policy,54541,10752,10702,1718.6,250657,False,False,True,False,100,-1.581552197135292
policy,54641,10772,10722,1722.1,250658,False,False,True,False,100,-1.334931346525202
policy,54741,10792,10742,1725.6,250659,False,False,True,False,100,-1.4504876264165647
policy,54767,10797,10747,1726.5,250660,False,False,False,True,26,-0.8426044226504683
policy,54867,10817,10767,1730.2,250661,False,False,True,False,100,-1.426629439198405
policy,54895,10822,10772,1731.0,250662,False,False,False,True,28,-0.7179682101151775
policy,54995,10842,10792,1734.4,250663,False,False,True,False,100,-1.5333659613237818
policy,55053,10854,10804,1736.5,250664,False,False,False,True,58,-1.3977521487375575
policy,55122,10868,10818,1738.9,250665,False,False,False,True,69,-1.3511770077306098
policy,55222,10888,10838,1742.3,250666,False,False,True,False,100,-1.2255712737665516
policy,55322,10908,10858,1745.9,250667,False,False,True,False,100,-1.651914074193635
policy,55422,10928,10878,1749.5,250668,False,False,True,False,100,-1.2022125247611164
policy,55522,10948,10898,1753.0,250669,False,False,True,False,100,-1.2686319546436176
policy,55539,10951,10901,1753.5,250670,False,False,False,True,17,-0.8448328587077323
policy,55586,10961,10911,1755.2,250671,False,False,False,True,47,-1.0144352874784872
policy,55658,10975,10925,1757.5,250672,False,False,False,True,72,-1.1582098071799152
policy,55702,10984,10934,1758.9,250673,False,False,False,True,44,-0.8974467163233875
policy,55723,10988,10938,1759.6,250674,False,False,False,True,21,-0.6877769017697206
policy,55758,10995,10945,1760.7,250675,False,False,False,True,35,-1.0162911157158676
policy,55823,11008,10958,1762.8,250676,False,False,False,True,65,-1.2570547348411008
policy,55923,11028,10978,1766.1,250677,False,False,True,False,100,-1.3629827116713165
policy,55932,11030,10980,1766.4,250678,False,False,False,True,9,-0.59018603558624
policy,55977,11039,10989,1767.9,250679,False,False,False,True,45,-1.0067651902934704
policy,56026,11049,10999,1769.7,250680,False,False,False,True,49,-1.2293874858622378
policy,56092,11062,11012,1771.9,250681,False,False,False,True,66,-1.3084896993165667
policy,56134,11070,11020,1773.4,250682,False,False,False,True,42,-0.9374149282782542
policy,56234,11090,11040,1776.8,250683,False,False,True,False,100,-1.4831108796000594
policy,56334,11110,11060,1780.4,250684,False,True,True,False,100,-1.6784444104499228
policy,56434,11130,11080,1784.2,250685,False,False,True,False,100,-1.1191949722720778
policy,56491,11142,11092,1786.3,250686,False,False,False,True,57,-1.0608350234438637
policy,56591,11162,11112,1789.8,250687,False,False,True,False,100,-1.1879658224420817
policy,56691,11182,11132,1793.1,250688,False,False,True,False,100,-1.4202048100383626
policy,56791,11202,11152,1796.7,250689,False,False,True,False,100,-1.2030899049181836
policy,56891,11222,11172,1800.4,250690,False,False,True,False,100,-1.710242102871495
policy,56937,11231,11181,1802.1,250691,False,False,False,True,46,-1.007665114768643
policy,57000,11243,11193,1804.4,250692,False,False,False,True,63,-1.4940780354954126
policy,57100,11263,11213,1807.8,250693,False,False,True,False,100,-1.1704633120318988
policy,57200,11283,11233,1811.3,250694,False,False,True,False,100,-1.2060642560043129
policy,57280,11299,11249,1814.2,250695,False,False,False,True,80,-1.1606745802028706
policy,57323,11308,11258,1815.8,250696,False,False,False,True,43,-1.0941419906984793
policy,57423,11328,11278,1819.7,250697,False,False,True,False,100,-1.5441645181859565
policy,57489,11341,11291,1822.1,250698,False,False,False,True,66,-1.075177640333373
policy,57589,11361,11311,1825.7,250699,False,False,True,False,100,-1.3665273892180227
policy,57638,11371,11321,1827.3,250700,False,True,False,True,49,-0.8904477154542849
policy,57738,11391,11341,1830.8,250701,False,False,True,False,100,-1.4461086612152014
policy,57838,11411,11361,1834.2,250702,False,False,True,False,100,-1.264385399923663
policy,57888,11421,11371,1836.0,250703,False,False,False,True,50,-1.066414193602331
policy,57988,11441,11391,1839.7,250704,False,False,True,False,100,-1.2050388378808634
policy,58037,11451,11401,1841.5,250705,False,False,False,True,49,-1.086305838079754
policy,58137,11471,11421,1845.1,250706,False,False,True,False,100,-1.2290898976825124
policy,58237,11491,11441,1848.9,250707,False,False,True,False,100,-1.3324497234689074
policy,58262,11496,11446,1849.9,250708,False,False,False,True,25,-0.764106845794817
policy,58314,11506,11456,1851.6,250709,False,False,False,True,52,-0.8440249653467657
policy,58394,11522,11472,1854.3,250710,False,False,False,True,80,-1.5361696852730853
policy,58438,11531,11481,1855.8,250711,False,False,False,True,44,-1.0168748666113248
policy,58471,11538,11488,1856.9,250712,False,False,False,True,33,-0.814849638731657
policy,58561,11556,11506,1859.9,250713,False,False,False,True,90,-1.009389800822552
policy,58565,11556,11506,1859.9,250714,False,False,False,True,4,-0.6014618754055445
policy,58642,11572,11522,1862.6,250715,False,False,False,True,77,-1.291004838847794
policy,58742,11592,11542,1866.2,250716,False,False,True,False,100,-1.5195613493696343
policy,58842,11612,11562,1870.0,250717,False,False,True,False,100,-1.180813018066788
policy,58916,11627,11577,1872.9,250718,False,False,False,True,74,-1.527196322149234
policy,58966,11637,11587,1874.8,250719,False,False,False,True,50,-0.9406129599523883
policy,59034,11650,11600,1877.7,250720,False,False,False,True,68,-1.0787373065183492
policy,59056,11655,11605,1878.6,250721,False,False,False,True,22,-0.7462812032444559
policy,59094,11662,11612,1879.8,250722,False,False,False,True,38,-1.0211445216192376
policy,59125,11668,11618,1880.9,250723,False,False,False,True,31,-0.8265837548778348
policy,59195,11682,11632,1883.4,250724,False,False,False,True,70,-1.305092386448874
policy,59258,11695,11645,1885.6,250725,False,False,False,True,63,-1.157242347922945
policy,59311,11706,11656,1887.4,250726,False,False,False,True,53,-0.8594162068930905
policy,59411,11726,11676,1890.7,250727,False,False,True,False,100,-1.260792635641587
policy,59445,11732,11682,1891.7,250728,False,False,False,True,34,-0.7898134205038239
policy,59482,11740,11690,1892.9,250729,False,False,False,True,37,-1.035685596461454
policy,59514,11746,11696,1893.9,250730,False,False,False,True,32,-0.8382520044493315
policy,59537,11751,11701,1894.7,250731,False,False,False,True,23,-0.8935718011578405
policy,59637,11771,11721,1897.9,250732,False,False,True,False,100,-1.4991697078029733
policy,59683,11780,11730,1899.4,250733,False,False,False,True,46,-0.9330786118135511
policy,59783,11800,11750,1902.6,250734,False,False,True,False,100,-1.2216773570481008
policy,59883,11820,11770,1905.9,250735,False,False,True,False,100,-1.3110600829944097
policy,59913,11826,11776,1906.8,250736,False,False,False,True,30,-0.7320405709552162
policy,60013,11846,11796,1910.1,250737,False,False,True,False,100,-1.2818676697043425
policy,60113,11866,11816,1913.4,250738,False,False,True,False,100,-1.6475538227999242
policy,60213,11886,11836,1916.6,250739,False,False,True,False,100,-1.3872829449361122
policy,60233,11890,11840,1917.3,250740,False,False,False,True,20,-0.7623256038139994
policy,60298,11903,11853,1919.5,250741,False,False,False,True,65,-1.232471733204127
policy,60398,11923,11873,1922.8,250742,False,False,True,False,100,-1.6800535920426811
policy,60498,11943,11893,1926.2,250743,False,False,True,False,100,-1.448128561270683
policy,60564,11956,11906,1928.4,250744,False,False,False,True,66,-1.3050589726599187
policy,60585,11960,11910,1929.2,250745,False,False,False,True,21,-0.7460209737904775
policy,60685,11980,11930,1932.7,250746,False,False,True,False,100,-1.6562737637867126
policy,60785,12000,11950,1936.0,250747,False,False,True,False,100,-1.343458877680671
policy,60885,12020,11970,1939.4,250748,False,False,True,False,100,-1.5180875151585844
policy,60985,12040,11990,1942.9,250749,False,False,True,False,100,-1.1338365114469682
policy,61085,12060,12010,1946.1,250750,False,False,True,False,100,-1.2704999685703473
policy,61185,12080,12030,1949.5,250751,False,False,True,False,100,-1.2503192336099933
policy,61212,12086,12036,1950.5,250752,False,False,False,True,27,-0.7277500734512927
policy,61312,12106,12056,1953.9,250753,False,False,True,False,100,-1.7034643510414242
policy,61412,12126,12076,1957.3,250754,False,False,True,False,100,-1.289012268378202
policy,61459,12135,12085,1958.8,250755,False,False,False,True,47,-0.884299941128035
policy,61500,12143,12093,1960.2,250756,False,False,False,True,41,-1.0027545176502426
policy,61531,12150,12100,1961.4,250757,False,False,False,True,31,-0.8470664184779004
policy,61631,12170,12120,1964.9,250758,False,False,True,False,100,-1.4521326241449344
policy,61725,12188,12138,1967.9,250759,False,False,False,True,94,-1.5252308763586664
policy,61825,12208,12158,1971.3,250760,False,False,True,False,100,-1.5187504380700083
policy,61925,12228,12178,1974.6,250761,False,False,True,False,100,-1.4245710444368451
policy,62025,12248,12198,1977.9,250762,False,True,True,False,100,-1.6446187225141027
policy,62070,12257,12207,1979.4,250763,False,False,False,True,45,-0.9089365896963408
policy,62120,12267,12217,1981.1,250764,False,False,False,True,50,-0.9016656431723311
policy,62220,12287,12237,1984.5,250765,False,False,True,False,100,-1.2241518923127144
policy,62320,12307,12257,1987.7,250766,False,False,True,False,100,-1.4252916788323733
policy,62420,12327,12277,1991.0,250767,False,False,True,False,100,-1.6576230649713892
policy,62520,12347,12297,1994.3,250768,False,False,True,False,100,-1.430608885372961
policy,62530,12349,12299,1994.6,250769,False,False,False,True,10,-0.6832458738937508
policy,62563,12356,12306,1995.8,250770,False,False,False,True,33,-0.719443288864634
policy,62663,12376,12326,1999.1,250771,False,False,True,False,100,-1.240365364734147
policy,62763,12396,12346,2002.6,250772,False,False,True,False,100,-1.3676610495117063
policy,62814,12406,12356,2004.4,250773,False,False,False,True,51,-0.9441915154217094
policy,62834,12410,12360,2005.1,250774,False,False,False,True,20,-0.7832519358109091
policy,62892,12422,12372,2007.4,250775,False,False,False,True,58,-1.1106029895360368
policy,62963,12436,12386,2009.9,250776,False,False,False,True,71,-1.2906930153535234
policy,63063,12456,12406,2013.3,250777,False,False,True,False,100,-1.4361231023869556
policy,63107,12465,12415,2014.8,250778,False,False,False,True,44,-0.838546245534538
policy,63135,12470,12420,2015.7,250779,False,False,False,True,28,-0.9671730744317059
policy,63147,12473,12423,2016.2,250780,False,False,False,True,12,-0.7412462263800511
policy,63230,12489,12439,2018.9,250781,False,False,False,True,83,-1.0333048059937426
policy,63330,12509,12459,2022.3,250782,False,False,True,False,100,-1.3797068793308482
policy,63430,12529,12479,2025.7,250783,False,False,True,False,100,-1.7957752795810178
policy,63530,12549,12499,2029.1,250784,False,False,True,False,100,-1.5455286408190436
policy,63630,12569,12519,2032.6,250785,False,False,True,False,100,-1.7031953706364726
policy,63730,12589,12539,2036.1,250786,False,False,True,False,100,-1.313582954773475
policy,63806,12605,12555,2038.7,250787,False,False,False,True,76,-1.2453046675990977
policy,63847,12613,12563,2040.0,250788,False,False,False,True,41,-0.9030224321228848
policy,63865,12616,12566,2040.5,250789,False,False,False,True,18,-0.8126908713401668
policy,63965,12636,12586,2043.7,250790,False,False,True,False,100,-1.3476346582796994
policy,64065,12656,12606,2047.2,250791,False,False,True,False,100,-1.3600431413784073
policy,64165,12676,12626,2050.6,250792,False,True,True,False,100,-1.7261887051705667
policy,64265,12696,12646,2054.0,250793,False,False,True,False,100,-1.243249541147575
policy,64365,12716,12666,2057.7,250794,False,False,True,False,100,-1.2049674779929211
policy,64465,12736,12686,2061.2,250795,False,False,True,False,100,-1.5935680511986574
policy,64565,12756,12706,2064.8,250796,False,False,True,False,100,-1.6856837856389135
policy,64590,12761,12711,2065.7,250797,False,False,False,True,25,-0.8494576945363581
policy,64647,12773,12723,2067.8,250798,False,False,False,True,57,-1.35644969432889
policy,64733,12790,12740,2071.0,250799,False,True,False,True,86,-1.3863227620061886
policy,64802,12804,12754,2073.6,250800,False,False,False,True,69,-0.9877386215258317
policy,64863,12816,12766,2075.6,250801,False,False,False,True,61,-1.1872233001241441
policy,64963,12836,12786,2078.9,250802,False,False,True,False,100,-1.6534344537387669
policy,64983,12840,12790,2079.6,250803,False,False,False,True,20,-0.7788944768043847
policy,65083,12860,12810,2083.0,250804,False,False,True,False,100,-1.1956412521626445
policy,65163,12876,12826,2085.9,250805,False,False,False,True,80,-1.4102898784875235
policy,65208,12885,12835,2087.5,250806,False,False,False,True,45,-0.9655986395535194
policy,65308,12905,12855,2091.1,250807,False,False,True,False,100,-1.0993454827867533
policy,65337,12911,12861,2092.2,250808,False,False,False,True,29,-0.9000547606274616
policy,65437,12931,12881,2095.9,250809,False,False,True,False,100,-1.3750870546413392
policy,65511,12946,12896,2098.6,250810,False,False,False,True,74,-1.245688928814257
policy,65568,12957,12907,2100.7,250811,False,False,False,True,57,-1.058625594122198
policy,65591,12962,12912,2101.7,250812,False,False,False,True,23,-1.008728886708231
policy,65613,12966,12916,2102.4,250813,False,False,False,True,22,-0.8019735398137431
policy,65667,12977,12927,2104.4,250814,False,False,False,True,54,-1.3022591266244399
policy,65767,12997,12947,2108.0,250815,False,False,True,False,100,-1.135300724092212
policy,65867,13017,12967,2111.4,250816,False,False,True,False,100,-1.3839480466450649
policy,65913,13026,12976,2113.0,250817,False,False,False,True,46,-0.8984881370910776
policy,66013,13046,12996,2116.3,250818,False,False,True,False,100,-1.5393524778912908
policy,66113,13066,13016,2120.1,250819,False,False,True,False,100,-1.2528535363156998
policy,66213,13086,13036,2123.9,250820,False,False,True,False,100,-1.4424593829859718
policy,66313,13106,13056,2127.6,250821,False,False,True,False,100,-1.0842783656943846
policy,66413,13126,13076,2131.1,250822,False,False,True,False,100,-1.340976713849964
policy,66513,13146,13096,2134.6,250823,False,False,True,False,100,-1.5626396457142249
policy,66613,13166,13116,2137.8,250824,False,False,True,False,100,-1.3621801889567309
policy,66713,13186,13136,2141.2,250825,False,False,True,False,100,-1.6124422105496523
policy,66774,13198,13148,2143.1,250826,False,False,False,True,61,-1.133853590787844
policy,66874,13218,13168,2146.4,250827,False,False,True,False,100,-1.281891990958
policy,66974,13238,13188,2149.8,250828,False,False,True,False,100,-1.3620327745209395
policy,67074,13258,13208,2153.2,250829,False,False,True,False,100,-1.0928904435628364
policy,67095,13262,13212,2153.9,250830,False,False,False,True,21,-0.9436066000596903
policy,67195,13282,13232,2157.3,250831,False,False,True,False,100,-1.3419265773074196
policy,67295,13302,13252,2160.9,250832,False,False,True,False,100,-1.1703725821267303
policy,67342,13312,13262,2162.8,250833,False,False,False,True,47,-0.8966316760159466
policy,67359,13315,13265,2163.5,250834,False,False,False,True,17,-0.9118761183777669
policy,67459,13335,13285,2168.2,250835,False,False,True,False,100,-1.4129794775858686
policy,67515,13346,13296,2170.1,250836,False,False,False,True,56,-0.9255132128796437
policy,67615,13366,13316,2173.7,250837,False,False,True,False,100,-1.3339645768001847
policy,67715,13386,13336,2177.8,250838,False,False,True,False,100,-1.3808096419519627
policy,67815,13406,13356,2181.3,250839,False,False,True,False,100,-1.775005310692722
policy,67915,13426,13376,2184.6,250840,False,False,True,False,100,-1.2775879048322514
policy,67939,13431,13381,2185.5,250841,False,False,False,True,24,-1.1175121574726465
policy,67963,13436,13386,2186.4,250842,False,False,False,True,24,-0.869340717211684
policy,68063,13456,13406,2189.9,250843,False,False,True,False,100,-1.3561660678623464
policy,68086,13461,13411,2190.8,250844,False,False,False,True,23,-0.9153713091468192
policy,68097,13463,13413,2191.2,250845,False,False,False,True,11,-0.6919481623668048
policy,68197,13483,13433,2194.7,250846,False,False,True,False,100,-1.3204210868126116
policy,68297,13503,13453,2198.1,250847,False,False,True,False,100,-1.428181073902301
policy,68357,13515,13465,2200.1,250848,False,False,False,True,60,-1.1343641236400088
policy,68457,13535,13485,2203.4,250849,False,False,True,False,100,-1.402935295714736
policy,68476,13539,13489,2204.1,250850,False,False,False,True,19,-0.8584455359419196
policy,68576,13559,13509,2207.4,250851,False,False,True,False,100,-1.2049749524836233
policy,68676,13579,13529,2211.0,250852,False,False,True,False,100,-1.2977680002934158
policy,68741,13592,13542,2213.3,250853,False,False,False,True,65,-1.4214251167722782
policy,68835,13610,13560,2216.3,250854,False,False,False,True,94,-1.1106976478082962
policy,68935,13630,13580,2219.8,250855,False,False,True,False,100,-1.2994511481352284
policy,69035,13650,13600,2223.2,250856,False,False,True,False,100,-1.4865966596705746
policy,69135,13670,13620,2226.6,250857,False,False,True,False,100,-1.4290996121495563
policy,69235,13690,13640,2230.0,250858,False,False,True,False,100,-1.4606725713169042
policy,69335,13710,13660,2233.4,250859,False,False,True,False,100,-1.511754119373108
policy,69435,13730,13680,2236.7,250860,False,False,True,False,100,-1.297273980857168
policy,69535,13750,13700,2240.0,250861,False,False,True,False,100,-1.5329998786799068
policy,69635,13770,13720,2243.3,250862,False,False,True,False,100,-1.7410428728359708
policy,69735,13790,13740,2246.5,250863,False,False,True,False,100,-1.3494207875018853
policy,69738,13791,13741,2246.7,250864,False,False,False,True,3,-0.6813821518335246
policy,69838,13811,13761,2250.0,250865,False,False,True,False,100,-1.4577695051849926
policy,69938,13831,13781,2253.4,250866,False,False,True,False,100,-1.1609464244867083
policy,70038,13851,13801,2256.9,250867,False,False,True,False,100,-1.314101240436455
policy,70138,13871,13821,2260.5,250868,False,False,True,False,100,-1.1387981636129512
policy,70158,13875,13825,2261.2,250869,False,False,False,True,20,-0.9727284576076417
policy,70258,13895,13845,2264.5,250870,False,False,True,False,100,-1.233910452287951
policy,70358,13915,13865,2267.8,250871,False,False,True,False,100,-1.4362912029545531
policy,70458,13935,13885,2271.0,250872,False,False,True,False,100,-1.6825247853926388
policy,70530,13949,13899,2273.4,250873,False,False,False,True,72,-1.1800150913776237
policy,70630,13969,13919,2277.0,250874,False,False,True,False,100,-1.4381558136277897
policy,70683,13980,13930,2278.8,250875,False,False,False,True,53,-0.8445567224668102
policy,70783,14000,13950,2282.2,250876,False,False,True,False,100,-1.4533630580804808
policy,70883,14020,13970,2285.5,250877,False,False,True,False,100,-1.3380045839094952
policy,70983,14040,13990,2288.9,250878,False,False,True,False,100,-1.2518158771829513
policy,71059,14055,14005,2291.5,250879,False,False,False,True,76,-1.3043228861358596
policy,71142,14072,14022,2294.3,250880,False,False,False,True,83,-1.106286043304065
policy,71242,14092,14042,2297.6,250881,False,False,True,False,100,-1.6199784074211183
policy,71342,14112,14062,2301.0,250882,False,False,True,False,100,-1.1780602133666804
policy,71403,14124,14074,2303.0,250883,False,False,False,True,61,-1.2668779796043177
policy,71433,14130,14080,2304.0,250884,False,False,False,True,30,-0.8049410588419934
policy,71533,14150,14100,2307.4,250885,False,False,True,False,100,-1.12795821590209
policy,71586,14161,14111,2309.3,250886,False,False,False,True,53,-1.3110253509849197
policy,71686,14181,14131,2312.7,250887,False,False,True,False,100,-1.563122021507003
policy,71786,14201,14151,2316.0,250888,False,False,True,False,100,-1.4672793494455745
policy,71860,14215,14165,2318.4,250889,False,False,False,True,74,-1.2828792916479836
policy,71960,14235,14185,2321.7,250890,False,False,True,False,100,-1.374889162927905
policy,72060,14255,14205,2324.9,250891,False,False,True,False,100,-1.313716912806239
policy,72155,14274,14224,2328.0,250892,False,False,False,True,95,-1.1745692334547295
policy,72210,14285,14235,2329.8,250893,False,False,False,True,55,-0.9731142135996964
policy,72310,14305,14255,2333.2,250894,False,False,True,False,100,-1.4378286996228742
policy,72410,14325,14275,2336.8,250895,False,False,True,False,100,-1.5680750870449631
policy,72510,14345,14295,2340.3,250896,False,False,True,False,100,-1.75120907831686
policy,72592,14362,14312,2343.3,250897,False,False,False,True,82,-1.1916936416349198
policy,72692,14382,14332,2346.8,250898,False,False,True,False,100,-1.4659132799382841
policy,72760,14395,14345,2349.2,250899,False,False,False,True,68,-0.9303231547639603
policy,72860,14415,14365,2352.7,250900,False,False,True,False,100,-1.2365100565789555
policy,72960,14435,14385,2356.2,250901,False,False,True,False,100,-1.0715259164060342
policy,73060,14455,14405,2359.6,250902,False,False,True,False,100,-1.4976935303889913
policy,73160,14475,14425,2363.0,250903,False,False,True,False,100,-1.3384479675689742
policy,73211,14486,14436,2364.8,250904,False,False,False,True,51,-1.0019775560470252
policy,73311,14506,14456,2368.3,250905,False,False,True,False,100,-1.3325759071142256
policy,73411,14526,14476,2371.9,250906,False,False,True,False,100,-1.290458667405042
policy,73511,14546,14496,2375.7,250907,False,False,True,False,100,-1.582257329313023
policy,73611,14566,14516,2379.3,250908,False,False,True,False,100,-1.5561054088800086
policy,73711,14586,14536,2382.8,250909,False,False,True,False,100,-1.5176791523068274
policy,73811,14606,14556,2386.3,250910,False,False,True,False,100,-1.1156479608284622
policy,73911,14626,14576,2389.7,250911,False,False,True,False,100,-1.3657906539441171
policy,74011,14646,14596,2393.1,250912,False,False,True,False,100,-1.358003942355171
policy,74111,14666,14616,2396.6,250913,False,False,True,False,100,-1.4317828075192716
policy,74211,14686,14636,2400.2,250914,False,False,True,False,100,-1.7311246519129524
policy,74311,14706,14656,2404.4,250915,False,False,True,False,100,-1.1077876460332987
policy,74411,14726,14676,2408.1,250916,False,False,True,False,100,-1.4141040138218905
policy,74451,14734,14684,2409.5,250917,False,False,False,True,40,-1.0320091428151383
policy,74551,14754,14704,2413.0,250918,False,False,True,False,100,-1.160292880051554
policy,74651,14774,14724,2416.7,250919,False,False,True,False,100,-1.6517268251191597
policy,74751,14794,14744,2420.1,250920,False,True,True,False,100,-1.8734178251391171
policy,74766,14797,14747,2420.6,250921,False,False,False,True,15,-0.7687162042296627
policy,74866,14817,14767,2424.1,250922,False,False,True,False,100,-1.200656551912447
policy,74966,14837,14787,2427.6,250923,False,False,True,False,100,-1.458016361690892
policy,75066,14857,14807,2431.0,250924,False,False,True,False,100,-1.440337319509179
policy,75166,14877,14827,2434.5,250925,False,False,True,False,100,-1.5923898919790882
policy,75225,14888,14838,2436.4,250926,False,False,False,True,59,-1.0857809197017403
policy,75325,14908,14858,2440.0,250927,False,False,True,False,100,-1.3554363117828676
policy,75425,14928,14878,2443.5,250928,False,False,True,False,100,-1.3002404322347267
policy,75525,14948,14898,2447.0,250929,False,False,True,False,100,-1.3912492890648591
policy,75574,14958,14908,2449.0,250930,False,False,False,True,49,-1.0727763676580255
policy,75674,14978,14928,2452.8,250931,False,False,True,False,100,-1.1103817019378344
policy,75774,14998,14948,2456.1,250932,False,False,True,False,100,-1.5121308665857898
policy,75874,15018,14968,2459.5,250933,False,False,True,False,100,-1.579875932109863
policy,75974,15038,14988,2463.1,250934,False,False,True,False,100,-1.426723683543823
policy,76060,15055,15005,2466.0,250935,False,False,False,True,86,-1.3115696922781215
policy,76160,15075,15025,2469.4,250936,False,False,True,False,100,-1.5239567997207377
policy,76260,15095,15045,2472.8,250937,False,False,True,False,100,-1.4425611548529444
policy,76360,15115,15065,2476.6,250938,False,False,True,False,100,-1.5501980592803557
policy,76460,15135,15085,2480.0,250939,False,False,True,False,100,-1.2640967751760777
policy,76560,15155,15105,2483.4,250940,False,False,True,False,100,-1.1775341418253382
policy,76660,15175,15125,2486.8,250941,False,False,True,False,100,-1.2590159048024705
policy,76760,15195,15145,2490.2,250942,False,False,True,False,100,-1.1389348845907987
policy,76860,15215,15165,2493.6,250943,False,False,True,False,100,-1.5745958897027155
policy,76960,15235,15185,2497.2,250944,False,False,True,False,100,-1.5193193304318027
policy,77060,15255,15205,2500.6,250945,False,False,True,False,100,-1.5414268896691121
policy,77160,15275,15225,2503.9,250946,False,False,True,False,100,-1.414077802285448
policy,77260,15295,15245,2507.2,250947,False,False,True,False,100,-1.394890209135701
policy,77296,15303,15253,2508.5,250948,False,False,False,True,36,-0.7626686239050979
policy,77396,15323,15273,2511.9,250949,False,False,True,False,100,-1.326493948664345
policy,77471,15338,15288,2514.4,250950,False,False,False,True,75,-1.2218343974634946
policy,77539,15351,15301,2516.6,250951,False,False,False,True,68,-1.26887852611459
policy,77572,15358,15308,2517.8,250952,False,False,False,True,33,-0.7644276694064076
policy,77635,15370,15320,2520.0,250953,False,False,False,True,63,-1.1579334089066284
policy,77735,15390,15340,2523.6,250954,False,False,True,False,100,-1.34842957821532
policy,77835,15410,15360,2527.1,250955,False,False,True,False,100,-1.6332750639385731
policy,77935,15430,15380,2530.7,250956,False,False,True,False,100,-1.2842879651983132
policy,78035,15450,15400,2534.2,250957,False,False,True,False,100,-1.2760440576521281
policy,78135,15470,15420,2537.6,250958,False,False,True,False,100,-1.4706822668428159
policy,78235,15490,15440,2540.9,250959,False,False,True,False,100,-1.4043051131221
policy,78335,15510,15460,2544.2,250960,False,False,True,False,100,-1.402883619929078
policy,78435,15530,15480,2547.6,250961,False,False,True,False,100,-1.5459885012123795
policy,78535,15550,15500,2550.9,250962,False,False,True,False,100,-1.2811877847431594
policy,78629,15569,15519,2554.3,250963,False,False,False,True,94,-1.475956234289038
policy,78729,15589,15539,2557.9,250964,False,False,True,False,100,-1.6196930273200065
policy,78829,15609,15559,2561.4,250965,False,False,True,False,100,-1.3378295426123707
policy,78898,15623,15573,2563.6,250966,False,False,False,True,69,-0.9475195373352026
policy,78998,15643,15593,2567.2,250967,False,False,True,False,100,-1.4421260505878217
policy,79098,15663,15613,2570.5,250968,False,False,True,False,100,-1.5965319340326285
policy,79154,15674,15624,2572.3,250969,False,False,False,True,56,-1.009105821555343
policy,79254,15694,15644,2575.7,250970,False,False,True,False,100,-1.5607187458950111
policy,79354,15714,15664,2579.1,250971,False,False,True,False,100,-1.4153207317567968
policy,79367,15717,15667,2579.7,250972,False,False,False,True,13,-0.7174256918506661
policy,79467,15737,15687,2583.2,250973,False,False,True,False,100,-1.4185586074900671
policy,79567,15757,15707,2587.0,250974,False,False,True,False,100,-1.6014676626633864
policy,79667,15777,15727,2590.5,250975,False,False,True,False,100,-1.4466460577833251
policy,79767,15797,15747,2593.8,250976,False,False,True,False,100,-1.4203832885761982
policy,79867,15817,15767,2597.2,250977,False,True,True,False,100,-1.450111410213713
policy,79967,15837,15787,2600.5,250978,False,False,True,False,100,-1.406496703874427
policy,80066,15857,15807,2603.9,250979,False,False,False,True,99,-1.648545350525291
policy,80149,15873,15823,2606.6,250980,False,False,False,True,83,-1.1945315369539589
policy,80249,15893,15843,2610.1,250981,False,True,True,False,100,-1.6767303358575871
policy,80349,15913,15863,2613.8,250982,False,False,True,False,100,-1.2329488491056981
policy,80449,15933,15883,2617.3,250983,False,False,True,False,100,-1.5791791638899244
policy,80549,15953,15903,2620.8,250984,False,False,True,False,100,-1.5730611273061355
policy,80649,15973,15923,2624.4,250985,False,False,True,False,100,-1.5654357139048192
policy,80749,15993,15943,2627.9,250986,False,False,True,False,100,-1.3752507675669063
policy,80849,16013,15963,2631.2,250987,False,False,True,False,100,-1.3416437825007383
policy,80949,16033,15983,2634.4,250988,False,False,True,False,100,-1.4240640186315046
policy,81049,16053,16003,2637.8,250989,False,False,True,False,100,-1.4158536800993256
policy,81149,16073,16023,2641.1,250990,False,True,True,False,100,-1.873916512072468
policy,81229,16089,16039,2643.9,250991,False,False,False,True,80,-1.140374919324973
policy,81329,16109,16059,2647.5,250992,False,False,True,False,100,-1.3492443358970327
policy,81429,16129,16079,2651.1,250993,False,False,True,False,100,-1.5154426697255787
policy,81529,16149,16099,2655.0,250994,False,False,True,False,100,-1.1723954631849745
policy,81568,16157,16107,2656.4,250995,False,False,False,True,39,-0.9825663300969502
policy,81668,16177,16127,2659.8,250996,False,False,True,False,100,-1.298451945054839
policy,81768,16197,16147,2663.1,250997,False,False,True,False,100,-1.447204398300587
policy,81868,16217,16167,2666.4,250998,False,False,True,False,100,-1.288365491607498
policy,81944,16232,16182,2669.0,250999,False,False,False,True,76,-1.4428668273662275
policy,82044,16252,16202,2672.4,251000,False,False,True,False,100,-1.445734348053827
policy,82144,16272,16222,2675.9,251001,False,False,True,False,100,-1.4893081637499666
policy,82200,16283,16233,2678.0,251002,False,False,False,True,56,-1.1639909012346745
policy,82300,16303,16253,2681.6,251003,False,False,True,False,100,-1.7913120102706748
policy,82400,16323,16273,2685.0,251004,False,False,True,False,100,-1.4892634895471402
policy,82487,16341,16291,2688.2,251005,False,False,False,True,87,-1.1418631664543755
policy,82503,16344,16294,2688.7,251006,False,False,False,True,16,-0.785942034190301
policy,82603,16364,16314,2692.0,251007,False,False,True,False,100,-1.1794964453598316
policy,82703,16384,16334,2695.3,251008,False,False,True,False,100,-1.0929258023545652
policy,82803,16404,16354,2698.7,251009,False,False,True,False,100,-1.5031024324224183
policy,82903,16424,16374,2702.0,251010,False,False,True,False,100,-1.3492054369318724
policy,83003,16444,16394,2705.9,251011,False,False,True,False,100,-1.7332067130268336
policy,83103,16464,16414,2709.4,251012,False,False,True,False,100,-1.5336344156281676
policy,83137,16471,16421,2710.7,251013,False,False,False,True,34,-0.9375091786993517
policy,83237,16491,16441,2714.3,251014,False,False,True,False,100,-1.1339032430310034
policy,83337,16511,16461,2717.8,251015,False,False,True,False,100,-1.5167917187304871
policy,83422,16528,16478,2720.8,251016,False,False,False,True,85,-1.1162280474088386
policy,83522,16548,16498,2724.3,251017,False,False,True,False,100,-1.1546389711452183
policy,83622,16568,16518,2727.7,251018,False,False,True,False,100,-1.4157744096322964
policy,83675,16578,16528,2729.4,251019,False,False,False,True,53,-1.14977963441371
policy,83775,16598,16548,2733.1,251020,False,False,True,False,100,-1.412633209220721
policy,83800,16603,16553,2734.0,251021,False,False,False,True,25,-0.8000706192948022
policy,83900,16623,16573,2737.4,251022,False,False,True,False,100,-1.4069647886351937
policy,84000,16643,16593,2740.8,251023,False,False,True,False,100,-1.4516188716755978
policy,84057,16655,16605,2742.8,251024,False,False,False,True,57,-1.1540643298164355
policy,84157,16675,16625,2746.4,251025,False,False,True,False,100,-1.3033134865196216
policy,84257,16695,16645,2750.0,251026,False,False,True,False,100,-1.4634815751777825
policy,84357,16715,16665,2753.5,251027,False,False,True,False,100,-1.5662676338641677
policy,84457,16735,16685,2757.1,251028,False,False,True,False,100,-1.3479802017999756
policy,84557,16755,16705,2760.7,251029,False,False,True,False,100,-1.3193650047731307
policy,84657,16775,16725,2764.2,251030,False,False,True,False,100,-1.2560308761190995
policy,84757,16795,16745,2767.9,251031,False,False,True,False,100,-1.2143001684079744
policy,84857,16815,16765,2771.5,251032,False,False,True,False,100,-1.5489124135936616
policy,84907,16825,16775,2773.3,251033,False,False,False,True,50,-0.9499598274613477
policy,85007,16845,16795,2776.9,251034,False,False,True,False,100,-1.4593164075463316
policy,85107,16865,16815,2780.2,251035,False,False,True,False,100,-1.2323404639734812
policy,85207,16885,16835,2783.7,251036,False,False,True,False,100,-1.458573252896045
policy,85307,16905,16855,2787.2,251037,False,False,False,True,100,-1.5101174037904401
policy,85407,16925,16875,2790.6,251038,False,False,True,False,100,-1.3656672411202857
policy,85507,16945,16895,2794.1,251039,False,False,True,False,100,-1.2321970706032914
policy,85607,16965,16915,2797.4,251040,False,False,True,False,100,-1.1056160554643906
policy,85707,16985,16935,2800.8,251041,False,True,True,False,100,-1.5329382055673735
policy,85807,17005,16955,2804.2,251042,False,False,True,False,100,-1.817773589925098
policy,85823,17008,16958,2804.7,251043,False,False,False,True,16,-0.7679260286965279
policy,85836,17011,16961,2805.2,251044,False,False,False,True,13,-0.7686948127770366
policy,85936,17031,16981,2808.6,251045,False,False,True,False,100,-1.434315583012006
policy,86036,17051,17001,2811.9,251046,False,False,True,False,100,-1.527475460698951
policy,86136,17071,17021,2815.3,251047,False,False,True,False,100,-1.4610874717450375
policy,86236,17091,17041,2818.8,251048,False,False,True,False,100,-1.6008218538270902
policy,86336,17111,17061,2822.4,251049,False,False,True,False,100,-1.1175412388035055
policy,86422,17128,17078,2825.6,251050,False,False,False,True,86,-1.2435507306643765
policy,86522,17148,17098,2829.2,251051,False,False,True,False,100,-1.416800941214792
policy,86622,17168,17118,2832.6,251052,False,False,True,False,100,-1.297057804343794
policy,86722,17188,17138,2836.0,251053,False,True,True,False,100,-1.6137357139599124
policy,86822,17208,17158,2839.5,251054,False,False,True,False,100,-1.2523463830313144
policy,86922,17228,17178,2843.1,251055,False,False,True,False,100,-1.1922585905003362
policy,87022,17248,17198,2846.5,251056,False,False,True,False,100,-1.6151569552833678
policy,87122,17268,17218,2850.0,251057,False,False,True,False,100,-1.1772906181168876
policy,87222,17288,17238,2853.4,251058,False,False,True,False,100,-1.3009050433398537
policy,87322,17308,17258,2856.8,251059,False,False,True,False,100,-1.6397765653088083
policy,87422,17328,17278,2860.3,251060,False,False,True,False,100,-1.1613411393122637
policy,87491,17342,17292,2862.7,251061,False,False,False,True,69,-1.2012621448884633
policy,87591,17362,17312,2866.2,251062,False,False,True,False,100,-1.239367635107582
policy,87654,17374,17324,2868.2,251063,False,False,False,True,63,-1.165633823710572
policy,87754,17394,17344,2871.7,251064,False,False,True,False,100,-1.2597966517442303
policy,87854,17414,17364,2875.1,251065,False,False,True,False,100,-1.4749367120462398
policy,87954,17434,17384,2878.4,251066,False,False,True,False,100,-1.4473182269445544
policy,87988,17441,17391,2879.6,251067,False,False,False,True,34,-0.7664287643363716
policy,88088,17461,17411,2883.1,251068,False,False,True,False,100,-1.5282797242065074
policy,88188,17481,17431,2886.6,251069,False,False,True,False,100,-1.6433064902177326
policy,88288,17501,17451,2890.2,251070,False,False,True,False,100,-1.186139857070668
policy,88388,17521,17471,2893.9,251071,False,False,True,False,100,-1.2535560898345999
policy,88488,17541,17491,2897.7,251072,False,False,True,False,100,-1.172917553474315
policy,88588,17561,17511,2901.2,251073,False,False,True,False,100,-1.3814471664306893
policy,88688,17581,17531,2904.5,251074,False,False,True,False,100,-1.4606451680698915
policy,88788,17601,17551,2907.8,251075,False,False,True,False,100,-1.4045474036879417
policy,88888,17621,17571,2911.3,251076,False,False,True,False,100,-1.2130633760033014
policy,88988,17641,17591,2914.7,251077,False,False,True,False,100,-1.3478999166526258
policy,89088,17661,17611,2918.1,251078,False,False,True,False,100,-1.4239597496750247
policy,89188,17681,17631,2921.6,251079,False,False,True,False,100,-1.5764209908816602
policy,89288,17701,17651,2925.1,251080,False,False,True,False,100,-1.5347444631128835
policy,89388,17721,17671,2928.7,251081,False,False,True,False,100,-1.5654095890897328
policy,89488,17741,17691,2932.1,251082,False,False,True,False,100,-1.4220541875323103
policy,89588,17761,17711,2935.4,251083,False,False,True,False,100,-1.3001696528268996
policy,89688,17781,17731,2938.8,251084,False,False,True,False,100,-1.3313504650379302
policy,89788,17801,17751,2942.1,251085,False,False,True,False,100,-1.4244415607135186
policy,89888,17821,17771,2945.6,251086,False,False,True,False,100,-1.5019735888189396
policy,89988,17841,17791,2949.1,251087,False,False,True,False,100,-1.191644024010164
policy,90088,17861,17811,2952.6,251088,False,False,True,False,100,-1.451401007130365
policy,90188,17881,17831,2956.0,251089,False,False,True,False,100,-1.3652633133847687
policy,90288,17901,17851,2959.3,251090,False,False,True,False,100,-1.4794960689421603
policy,90388,17921,17871,2962.6,251091,False,False,True,False,100,-1.3139738363802476
policy,90488,17941,17891,2965.9,251092,False,False,True,False,100,-1.6324679470151948
policy,90588,17961,17911,2969.2,251093,False,False,True,False,100,-1.1456927823015703
policy,90688,17981,17931,2972.6,251094,False,False,True,False,100,-1.4482544778735682
policy,90788,18001,17951,2976.0,251095,False,False,True,False,100,-1.359369657343401
policy,90888,18021,17971,2979.5,251096,False,False,True,False,100,-1.2263859267892094
policy,90988,18041,17991,2983.0,251097,False,False,True,False,100,-1.4082819908609667
policy,91088,18061,18011,2986.6,251098,False,False,True,False,100,-1.7660306100253054
policy,91188,18081,18031,2990.1,251099,False,False,True,False,100,-1.4836852625161028
policy,91288,18101,18051,2993.5,251100,False,False,True,False,100,-1.171763299839326
policy,91388,18121,18071,2996.8,251101,False,False,True,False,100,-1.3128942014140417
policy,91488,18141,18091,3000.1,251102,False,False,True,False,100,-1.4912837029054353
policy,91588,18161,18111,3003.5,251103,False,False,True,False,100,-1.4072917132557747
policy,91688,18181,18131,3007.4,251104,False,True,True,False,100,-1.4573220652858385
policy,91788,18201,18151,3010.8,251105,False,False,True,False,100,-1.4884991994863848
policy,91888,18221,18171,3014.3,251106,False,False,True,False,100,-1.3254330219356651
policy,91988,18241,18191,3017.9,251107,False,False,True,False,100,-1.3695541751376932
policy,92088,18261,18211,3021.4,251108,False,False,True,False,100,-1.2565634987777567
policy,92188,18281,18231,3024.8,251109,False,False,True,False,100,-1.2538845323351553
policy,92288,18301,18251,3028.4,251110,False,False,True,False,100,-1.195668831765559
policy,92388,18321,18271,3031.7,251111,False,False,True,False,100,-1.3890620176564377
policy,92488,18341,18291,3035.0,251112,False,False,True,False,100,-1.4815880837794744
policy,92583,18360,18310,3038.2,251113,False,False,False,True,95,-1.3474530594866252
policy,92683,18380,18330,3041.6,251114,False,False,True,False,100,-1.6094024157792821
policy,92783,18400,18350,3044.9,251115,False,False,True,False,100,-1.664119509771788
policy,92883,18420,18370,3048.3,251116,False,False,True,False,100,-1.5381036214131607
policy,92983,18440,18390,3051.9,251117,False,False,True,False,100,-1.3414837727254074
policy,93083,18460,18410,3055.5,251118,False,False,True,False,100,-1.1348108305964124
policy,93183,18480,18430,3058.9,251119,False,False,True,False,100,-1.3505677858907057
policy,93283,18500,18450,3062.2,251120,False,False,True,False,100,-1.382986273526719
policy,93383,18520,18470,3065.6,251121,False,False,True,False,100,-1.6737517430317017
policy,93483,18540,18490,3069.2,251122,False,False,True,False,100,-1.661092922002997
policy,93583,18560,18510,3072.7,251123,False,True,True,False,100,-1.3223895100560212
policy,93683,18580,18530,3077.1,251124,False,False,True,False,100,-1.1618403911617414
policy,93701,18584,18534,3077.8,251125,False,False,False,True,18,-0.909652193968465
policy,93801,18604,18554,3081.8,251126,False,False,True,False,100,-1.3908282281026856
policy,93901,18624,18574,3085.2,251127,False,False,True,False,100,-1.1768374485121504
policy,94001,18644,18594,3088.7,251128,False,False,True,False,100,-1.4041474961548575
policy,94101,18664,18614,3092.1,251129,False,False,True,False,100,-1.4119016928191075
policy,94201,18684,18634,3095.4,251130,False,False,True,False,100,-1.1869499013185831
policy,94301,18704,18654,3098.8,251131,False,False,True,False,100,-1.263619193361413
policy,94401,18724,18674,3102.5,251132,False,False,True,False,100,-1.1950780007620292
policy,94501,18744,18694,3106.8,251133,False,False,True,False,100,-1.636445988627481
policy,94601,18764,18714,3110.8,251134,False,False,True,False,100,-1.70830728083554
policy,94701,18784,18734,3114.9,251135,False,False,True,False,100,-1.5440694975562765
policy,94801,18804,18754,3118.5,251136,False,False,True,False,100,-1.5754572374413747
policy,94901,18824,18774,3122.1,251137,False,False,True,False,100,-1.2165314863076633
policy,95001,18844,18794,3125.6,251138,False,False,True,False,100,-1.2153126743015312
policy,95101,18864,18814,3129.2,251139,False,False,True,False,100,-1.182486546770454
policy,95147,18873,18823,3130.8,251140,False,False,False,True,46,-1.0226656937343823
policy,95247,18893,18843,3134.4,251141,False,False,True,False,100,-1.2310135408097516
policy,95280,18899,18849,3135.5,251142,False,False,False,True,33,-1.0531600384359798
policy,95380,18919,18869,3139.5,251143,False,False,True,False,100,-1.835807865180816
policy,95480,18939,18889,3143.4,251144,False,False,True,False,100,-1.4003226154617616
policy,95580,18959,18909,3147.2,251145,False,False,True,False,100,-1.588553747921737
policy,95680,18979,18929,3151.0,251146,False,False,True,False,100,-1.4495048992068646
policy,95780,18999,18949,3154.6,251147,False,False,True,False,100,-1.591089887663584
policy,95880,19019,18969,3158.5,251148,False,False,True,False,100,-1.6647046652874413
policy,95932,19030,18980,3160.6,251149,False,False,False,True,52,-1.049737178466351
policy,96032,19050,19000,3164.2,251150,False,False,True,False,100,-1.4502048872841846
policy,96132,19070,19020,3167.9,251151,False,False,True,False,100,-1.317258274468183
policy,96232,19090,19040,3171.6,251152,False,False,True,False,100,-1.1651863506200693
policy,96332,19110,19060,3175.2,251153,False,False,True,False,100,-1.1980607526254388
policy,96432,19130,19080,3178.7,251154,False,False,True,False,100,-1.212712510300379
policy,96532,19150,19100,3182.3,251155,False,True,True,False,100,-1.2610729270738228
policy,96632,19170,19120,3185.8,251156,False,False,True,False,100,-1.3007042911973616
policy,96732,19190,19140,3189.2,251157,False,False,True,False,100,-1.7041073033868626
policy,96832,19210,19160,3192.6,251158,False,False,True,False,100,-1.2227894801268642
policy,96882,19220,19170,3194.3,251159,False,False,False,True,50,-0.8799714725793001
policy,96982,19240,19190,3197.7,251160,False,False,True,False,100,-1.5919083281571493
policy,97082,19260,19210,3201.3,251161,False,False,True,False,100,-1.5127132728321684
policy,97182,19280,19230,3205.1,251162,False,False,True,False,100,-1.407202152133292
policy,97282,19300,19250,3208.6,251163,False,False,True,False,100,-1.2361111067841133
policy,97332,19310,19260,3210.4,251164,False,False,False,True,50,-1.3457858849831033
policy,97432,19330,19280,3213.8,251165,False,False,True,False,100,-1.6324275911312625
policy,97532,19350,19300,3217.4,251166,False,False,True,False,100,-1.597314183883801
policy,97589,19361,19311,3219.4,251167,False,False,False,True,57,-1.2538196451222015
policy,97689,19381,19331,3222.9,251168,False,False,True,False,100,-1.5320147568818356
policy,97789,19401,19351,3226.5,251169,False,False,True,False,100,-1.184200118244058
policy,97889,19421,19371,3230.1,251170,False,False,True,False,100,-1.4727364542834196
policy,97989,19441,19391,3233.6,251171,False,False,True,False,100,-1.3947276423346735
policy,98089,19461,19411,3237.0,251172,False,False,True,False,100,-1.2253659853553827
policy,98189,19481,19431,3240.5,251173,False,False,True,False,100,-1.5358212252959471
policy,98289,19501,19451,3244.0,251174,False,False,True,False,100,-1.3333693042066588
policy,98389,19521,19471,3247.6,251175,False,False,True,False,100,-1.1658373718009538
policy,98489,19541,19491,3251.0,251176,False,False,True,False,100,-1.4715901429758957
policy,98589,19561,19511,3254.4,251177,False,False,True,False,100,-1.5863952928733518
policy,98689,19581,19531,3257.7,251178,False,False,True,False,100,-1.0987914136536552
policy,98789,19601,19551,3261.1,251179,False,False,True,False,100,-1.3620141380881572
policy,98889,19621,19571,3264.6,251180,False,False,True,False,100,-1.3599840481789953
policy,98989,19641,19591,3268.1,251181,False,False,True,False,100,-1.2081783234754147
policy,99079,19659,19609,3271.2,251182,False,False,False,True,90,-1.1094864718837778
policy,99179,19679,19629,3274.7,251183,False,False,True,False,100,-1.2997523847304309
policy,99279,19699,19649,3278.2,251184,False,False,True,False,100,-1.3606888005090976
policy,99379,19719,19669,3281.9,251185,False,False,True,False,100,-1.4145535432876157
policy,99479,19739,19689,3285.4,251186,False,False,True,False,100,-1.352518331465989
policy,99579,19759,19709,3288.8,251187,False,False,True,False,100,-1.267045627000761
policy,99679,19779,19729,3292.2,251188,False,False,True,False,100,-1.5611744038496835
policy,99738,19791,19741,3294.3,251189,False,False,False,True,59,-1.3924939234569078
policy,99838,19811,19761,3297.9,251190,False,False,True,False,100,-1.4785674888474705
policy,99938,19831,19781,3301.6,251191,False,False,True,False,100,-1.2737127272635107
policy,100038,19851,19801,3305.5,251192,False,False,True,False,100,-1.1981519558700624
policy,100138,19871,19821,3309.0,251193,False,False,True,False,100,-1.4264700619629744
policy,100238,19891,19841,3312.5,251194,False,False,True,False,100,-1.1247035640237533
policy,100278,19899,19849,3314.0,251195,False,False,False,True,40,-1.0610110850963514
policy,100378,19919,19869,3317.6,251196,False,False,True,False,100,-1.4702282150809367
policy,100478,19939,19889,3321.2,251197,False,False,True,False,100,-1.3973497947715348
policy,100578,19959,19909,3324.9,251198,False,False,True,False,100,-1.4817201698717624
policy,100678,19979,19929,3328.5,251199,False,False,True,False,100,-1.1519983500537494
policy,100778,19999,19949,3332.2,251200,False,False,True,False,100,-1.2227546930756799
policy,100878,20019,19969,3335.8,251201,False,False,True,False,100,-1.6127749106776401
policy,100978,20039,19989,3339.5,251202,False,False,True,False,100,-1.5403657240048898
policy,101078,20059,20009,3343.2,251203,False,False,True,False,100,-1.077495876774333
policy,101178,20079,20029,3346.7,251204,False,False,True,False,100,-1.3371892742321934
policy,101278,20099,20049,3350.0,251205,False,False,True,False,100,-1.2040539614381425
policy,101378,20119,20069,3353.3,251206,False,True,True,False,100,-1.6324358241573413
policy,101478,20139,20089,3356.7,251207,False,False,True,False,100,-1.2257702294417725
policy,101578,20159,20109,3360.2,251208,False,False,True,False,100,-1.5720110827453837
policy,101590,20161,20111,3360.5,251209,False,False,False,True,12,-0.8657473054154552
policy,101690,20181,20131,3364.1,251210,False,False,True,False,100,-1.162957736187832
policy,101735,20190,20140,3365.7,251211,False,False,False,True,45,-0.9790565194597505
policy,101835,20210,20160,3369.6,251212,False,False,True,False,100,-1.4935473463724591
policy,101935,20230,20180,3373.4,251213,False,False,True,False,100,-1.380641558431922
policy,102035,20250,20200,3377.0,251214,False,False,True,False,100,-1.3556788019561834
policy,102135,20270,20220,3380.4,251215,False,False,True,False,100,-1.4998276837398548
policy,102235,20290,20240,3383.9,251216,False,False,True,False,100,-1.4460448452489927
policy,102335,20310,20260,3387.2,251217,False,False,True,False,100,-1.578400502468638
policy,102435,20330,20280,3390.6,251218,False,False,True,False,100,-1.5233086350846585
policy,102535,20350,20300,3394.1,251219,False,False,True,False,100,-1.5023229334589583
policy,102635,20370,20320,3397.6,251220,False,False,True,False,100,-1.5558461618210484
policy,102735,20390,20340,3401.6,251221,False,False,True,False,100,-1.3687260830293053
policy,102835,20410,20360,3405.6,251222,False,False,True,False,100,-1.2013575292875693
policy,102935,20430,20380,3409.1,251223,False,False,True,False,100,-1.3808137088733348
policy,103035,20450,20400,3412.6,251224,False,False,True,False,100,-1.6401343471409846
policy,103125,20468,20418,3415.7,251225,False,True,False,True,90,-1.329482388371137
policy,103220,20487,20437,3419.0,251226,False,False,False,True,95,-1.4583258641806824
policy,103320,20507,20457,3422.8,251227,False,False,True,False,100,-1.1721040613039917
policy,103380,20519,20469,3424.9,251228,False,False,False,True,60,-0.9298478444619125
policy,103480,20539,20489,3428.4,251229,False,False,True,False,100,-1.1952165954606353
policy,103522,20548,20498,3430.0,251230,False,False,False,True,42,-0.9843395439679269
policy,103622,20568,20518,3433.6,251231,False,True,True,False,100,-1.8319716822809275
policy,103722,20588,20538,3437.0,251232,False,False,True,False,100,-1.5622528495869261
policy,103822,20608,20558,3440.5,251233,False,False,True,False,100,-1.5187365573122813
policy,103922,20628,20578,3444.1,251234,False,False,True,False,100,-1.3424380021917584
policy,104022,20648,20598,3447.7,251235,False,False,True,False,100,-1.4035701420006343
policy,104066,20657,20607,3449.2,251236,False,False,False,True,44,-1.1224244435783512
policy,104166,20677,20627,3452.7,251237,False,False,True,False,100,-1.3929070019512015
policy,104266,20697,20647,3456.3,251238,False,False,True,False,100,-1.2300860046891273
policy,104366,20717,20667,3459.8,251239,False,False,True,False,100,-1.25294230866497
policy,104466,20737,20687,3463.4,251240,False,False,True,False,100,-1.297244407769011
policy,104566,20757,20707,3467.0,251241,False,False,True,False,100,-1.4980344207623215
policy,104666,20777,20727,3470.6,251242,False,False,True,False,100,-1.381246994228833
policy,104766,20797,20747,3474.4,251243,False,False,True,False,100,-1.3874739919474006
policy,104866,20817,20767,3478.0,251244,False,True,True,False,100,-1.7136024413239914
policy,104966,20837,20787,3481.7,251245,False,False,True,False,100,-1.3924964588463435
policy,105040,20851,20801,3484.1,251246,False,False,False,True,74,-1.1784998983950623
policy,105140,20871,20821,3487.5,251247,False,False,True,False,100,-1.285297849274666
policy,105240,20891,20841,3490.9,251248,False,False,True,False,100,-1.4239213297678035
policy,105265,20896,20846,3491.8,251249,False,False,False,True,25,-0.7636358837192788
policy,105365,20916,20866,3495.3,251250,False,False,True,False,100,-1.2803648370588696
policy,105373,20918,20868,3495.7,251251,False,False,False,True,8,-0.7160341761269788
policy,105473,20938,20888,3499.4,251252,False,False,True,False,100,-1.720059006924687
policy,105530,20949,20899,3501.4,251253,False,False,False,True,57,-1.2822757312547264
policy,105560,20955,20905,3502.5,251254,False,False,False,True,30,-1.0009152623850661
policy,105581,20960,20910,3503.4,251255,False,False,False,True,21,-0.7890379401990344
policy,105681,20980,20930,3506.9,251256,False,False,True,False,100,-1.5891930209619396
policy,105781,21000,20950,3510.5,251257,False,False,True,False,100,-1.19388616934757
policy,105881,21020,20970,3514.0,251258,False,False,True,False,100,-1.2506551321510464
policy,105981,21040,20990,3517.5,251259,False,False,True,False,100,-1.4397017381822437
policy,106001,21044,20994,3518.2,251260,False,False,False,True,20,-0.8379609307571101
policy,106101,21064,21014,3521.7,251261,False,False,True,False,100,-1.4893202511694055
policy,106201,21084,21034,3525.3,251262,False,False,True,False,100,-1.3788317189707422
policy,106301,21104,21054,3528.9,251263,False,False,True,False,100,-1.2551755589538307
policy,106358,21115,21065,3530.9,251264,False,False,False,True,57,-1.1659017920363473
policy,106458,21135,21085,3534.3,251265,False,False,True,False,100,-1.2150306279689322
policy,106502,21144,21094,3535.9,251266,False,False,False,True,44,-0.8536060465274324
policy,106602,21164,21114,3539.3,251267,False,False,True,False,100,-1.435462491523516
policy,106702,21184,21134,3543.0,251268,False,True,True,False,100,-1.7824396738188986
policy,106802,21204,21154,3546.5,251269,False,False,True,False,100,-1.3391746817384371
policy,106831,21210,21160,3547.5,251270,False,False,False,True,29,-0.7962485090557787
policy,106931,21230,21180,3551.0,251271,False,False,True,False,100,-1.415266993270654
policy,107031,21250,21200,3554.5,251272,False,False,True,False,100,-1.3106843997704878
policy,107050,21253,21203,3555.1,251273,False,False,False,True,19,-0.6954990993006672
policy,107150,21273,21223,3558.7,251274,False,False,True,False,100,-1.1905228768393203
policy,107250,21293,21243,3562.5,251275,False,False,True,False,100,-1.2849018100265424
policy,107350,21313,21263,3566.4,251276,False,False,True,False,100,-1.54859698782021
policy,107450,21333,21283,3570.0,251277,False,False,True,False,100,-1.2637135805070976
policy,107550,21353,21303,3573.6,251278,False,False,True,False,100,-1.2309540488269732
policy,107650,21373,21323,3577.3,251279,False,False,True,False,100,-1.1534305666997837
policy,107750,21393,21343,3581.0,251280,False,False,True,False,100,-1.315362313525916
policy,107850,21413,21363,3584.6,251281,False,False,True,False,100,-1.2504810435210567
policy,107950,21433,21383,3588.3,251282,False,False,True,False,100,-1.4593688302415795
policy,108050,21453,21403,3591.9,251283,False,False,True,False,100,-1.3732798796162569
policy,108150,21473,21423,3595.6,251284,False,True,True,False,100,-1.471903751984155
policy,108161,21476,21426,3596.1,251285,False,False,False,True,11,-0.8293266202614578
policy,108258,21495,21445,3599.6,251286,False,False,False,True,97,-1.4540170110019686
policy,108358,21515,21465,3603.4,251287,False,False,True,False,100,-1.346019185787641
policy,108458,21535,21485,3607.6,251288,False,False,True,False,100,-1.1837552197256906
policy,108558,21555,21505,3611.4,251289,False,False,True,False,100,-1.390213412588703
policy,108658,21575,21525,3615.4,251290,False,False,True,False,100,-1.7226708323451647
policy,108758,21595,21545,3619.2,251291,False,False,True,False,100,-1.2991729058895107
policy,108858,21615,21565,3623.0,251292,False,False,True,False,100,-1.6707565548673555
policy,108958,21635,21585,3626.9,251293,False,False,True,False,100,-1.3084471837126919
policy,109025,21648,21598,3629.3,251294,False,False,False,True,67,-1.2161569803868033
policy,109125,21668,21618,3633.0,251295,False,False,True,False,100,-1.51188662232133
policy,109225,21688,21638,3636.7,251296,False,False,True,False,100,-1.2541898094172264
policy,109325,21708,21658,3640.5,251297,False,False,True,False,100,-1.283881449201227
policy,109425,21728,21678,3644.3,251298,False,False,True,False,100,-1.2594730591118783
policy,109458,21735,21685,3645.6,251299,False,False,False,True,33,-0.8187808028522341
policy,109558,21755,21705,3649.1,251300,False,False,True,False,100,-1.2693344619291114
policy,109658,21775,21725,3652.6,251301,False,False,True,False,100,-1.387072404582549
policy,109758,21795,21745,3656.0,251302,False,False,True,False,100,-1.3926984310220876
policy,109817,21807,21757,3658.0,251303,False,False,False,True,59,-0.9625030791840081
policy,109917,21827,21777,3661.5,251304,False,False,True,False,100,-1.1894903021944803
policy,110002,21844,21794,3664.6,251305,False,False,False,True,85,-1.072586624337382
policy,110102,21864,21814,3668.3,251306,False,False,True,False,100,-1.5941141419670497
policy,110202,21884,21834,3671.9,251307,False,False,True,False,100,-1.2488569896339268
policy,110302,21904,21854,3675.5,251308,False,False,True,False,100,-1.2306906451851212
policy,110402,21924,21874,3679.9,251309,False,True,True,False,100,-1.4505931991605148
policy,110412,21926,21876,3680.2,251310,False,False,False,True,10,-0.6986450631597811
policy,110478,21939,21889,3682.7,251311,False,False,False,True,66,-1.1882360996153085
policy,110578,21959,21909,3686.3,251312,False,False,True,False,100,-1.5746541762451653
policy,110625,21968,21918,3687.8,251313,False,False,False,True,47,-1.116796243313184
policy,110725,21988,21938,3691.3,251314,False,False,True,False,100,-1.882618711043291
policy,110825,22008,21958,3694.9,251315,False,False,True,False,100,-1.3003715018394382
policy,110925,22028,21978,3698.6,251316,False,False,True,False,100,-1.4529560316277395
policy,111025,22048,21998,3702.2,251317,False,False,True,False,100,-1.401052730349164
policy,111048,22053,22003,3703.1,251318,False,False,False,True,23,-0.9082187869193874
policy,111148,22073,22023,3706.6,251319,False,False,True,False,100,-1.518430835213438
policy,111184,22080,22030,3707.8,251320,False,False,False,True,36,-0.7391863998738267
policy,111284,22100,22050,3711.5,251321,False,False,True,False,100,-1.4517707394080939
policy,111384,22120,22070,3715.2,251322,False,False,True,False,100,-1.4081438784571771
policy,111435,22130,22080,3717.1,251323,False,False,False,True,51,-0.9604567402349122
policy,111535,22150,22100,3720.9,251324,False,False,True,False,100,-1.230802432923583
policy,111635,22170,22120,3724.5,251325,False,False,True,False,100,-1.3553220666066539
policy,111735,22190,22140,3728.2,251326,False,False,True,False,100,-1.1483849239164516
policy,111756,22195,22145,3729.1,251327,False,False,False,True,21,-0.7948752396055178
policy,111789,22201,22151,3730.2,251328,False,False,False,True,33,-0.893438472777342
policy,111889,22221,22171,3733.7,251329,False,False,True,False,100,-1.8349650087144498
policy,111989,22241,22191,3737.3,251330,False,False,True,False,100,-1.3761471475502554
policy,112009,22245,22195,3738.0,251331,False,False,False,True,20,-0.7184012459948377
policy,112045,22252,22202,3739.3,251332,False,False,False,True,36,-1.1414080981824946
policy,112145,22272,22222,3743.0,251333,False,False,True,False,100,-1.489313005310184
policy,112245,22292,22242,3746.7,251334,False,False,True,False,100,-1.6200709048774482
policy,112345,22312,22262,3750.5,251335,False,False,True,False,100,-1.3463311481016698
policy,112445,22332,22282,3754.1,251336,False,False,True,False,100,-1.288687382828895
policy,112545,22352,22302,3757.6,251337,False,False,True,False,100,-1.5439564038993998
policy,112645,22372,22322,3761.1,251338,False,False,True,False,100,-1.2913513779556338
policy,112695,22382,22332,3762.9,251339,False,False,False,True,50,-0.8574917286436705
policy,112704,22384,22334,3763.2,251340,False,False,False,True,9,-0.8245663033024732
policy,112728,22389,22339,3764.1,251341,False,False,False,True,24,-0.8000278908846616
policy,112828,22409,22359,3767.7,251342,False,False,True,False,100,-1.2715848887108958
policy,112925,22428,22378,3771.0,251343,False,False,False,True,97,-1.1440227208260185
policy,113025,22448,22398,3774.5,251344,False,False,True,False,100,-1.2642406812677376
policy,113112,22466,22416,3777.9,251345,False,False,False,True,87,-1.6799110045139902
policy,113212,22486,22436,3781.6,251346,False,False,True,False,100,-1.6840611947666768
policy,113312,22506,22456,3785.2,251347,False,False,True,False,100,-1.1535597184543005
policy,113364,22516,22466,3787.1,251348,False,False,False,True,52,-1.0672884933356441
policy,113464,22536,22486,3790.9,251349,False,False,True,False,100,-1.372682923900137
policy,113564,22556,22506,3794.5,251350,False,False,True,False,100,-1.6887131885744193
policy,113664,22576,22526,3798.1,251351,False,False,True,False,100,-1.244426107985029
policy,113764,22596,22546,3801.8,251352,False,False,True,False,100,-1.80102611021651
policy,113864,22616,22566,3805.6,251353,False,False,True,False,100,-1.2464690852001221
policy,113964,22636,22586,3809.4,251354,False,False,True,False,100,-1.3548348043689518
policy,114032,22650,22600,3812.1,251355,False,False,False,True,68,-1.2736153803427386
policy,114111,22666,22616,3815.0,251356,False,False,False,True,79,-1.2046129939192767
policy,114165,22676,22626,3816.9,251357,False,False,False,True,54,-0.9506686212056552
policy,114249,22693,22643,3820.1,251358,False,False,False,True,84,-1.4298893194839117
policy,114349,22713,22663,3823.9,251359,False,False,True,False,100,-1.4440712846082076
policy,114449,22733,22683,3827.5,251360,False,False,True,False,100,-1.3388068364526657
policy,114549,22753,22703,3831.1,251361,False,False,True,False,100,-1.396681138000534
policy,114649,22773,22723,3834.9,251362,False,False,True,False,100,-1.7086285222536852
policy,114725,22788,22738,3837.6,251363,False,False,False,True,76,-1.4056168135650666
policy,114825,22808,22758,3841.1,251364,False,False,True,False,100,-1.3904265310076709
policy,114925,22828,22778,3844.9,251365,False,False,True,False,100,-1.306766422097315
policy,115025,22848,22798,3848.4,251366,False,False,True,False,100,-1.3302979240350479
policy,115125,22868,22818,3852.0,251367,False,False,True,False,100,-1.3392567182255837
policy,115225,22888,22838,3855.8,251368,False,False,True,False,100,-1.0451856215979196
policy,115325,22908,22858,3859.8,251369,False,False,True,False,100,-1.5511872328943679
policy,115425,22928,22878,3863.7,251370,False,False,True,False,100,-1.547945566399365
policy,115525,22948,22898,3867.6,251371,False,False,True,False,100,-1.2943107246018493
policy,115625,22968,22918,3871.1,251372,False,False,True,False,100,-1.2347064681765023
policy,115725,22988,22938,3874.7,251373,False,False,True,False,100,-1.1520699748262055
policy,115825,23008,22958,3878.3,251374,False,False,True,False,100,-1.151594719463629
policy,115925,23028,22978,3882.1,251375,False,False,True,False,100,-1.094393580205098
policy,115985,23040,22990,3884.4,251376,False,False,False,True,60,-1.3818692550533518
policy,116085,23060,23010,3887.9,251377,False,False,True,False,100,-1.0919209760618784
policy,116115,23066,23016,3889.0,251378,False,False,False,True,30,-0.8768039077725619
policy,116215,23086,23036,3892.4,251379,False,False,True,False,100,-1.4399063436661093
policy,116315,23106,23056,3895.9,251380,False,False,True,False,100,-1.5036128673615798
policy,116415,23126,23076,3899.4,251381,False,False,True,False,100,-1.2361086228039624
policy,116515,23146,23096,3903.1,251382,False,False,True,False,100,-1.7932078246093437
policy,116578,23159,23109,3905.3,251383,False,False,False,True,63,-1.1155094777075993
policy,116678,23179,23129,3909.1,251384,False,False,True,False,100,-1.7876150016323922
policy,116778,23199,23149,3912.6,251385,False,False,True,False,100,-1.543230753691724
policy,116878,23219,23169,3916.1,251386,False,False,True,False,100,-1.2267678135436995
policy,116978,23239,23189,3919.7,251387,False,False,True,False,100,-1.5031452329044859
policy,117078,23259,23209,3923.2,251388,False,False,True,False,100,-1.6523053403954575
policy,117178,23279,23229,3926.7,251389,False,False,True,False,100,-1.1512021894228046
policy,117278,23299,23249,3930.2,251390,False,False,True,False,100,-1.453713813621656
policy,117281,23300,23250,3930.3,251391,False,False,False,True,3,-0.7279657464609195
policy,117381,23320,23270,3934.0,251392,False,False,True,False,100,-1.3812748911536836
policy,117421,23328,23278,3935.5,251393,False,False,False,True,40,-0.8004216094400642
policy,117521,23348,23298,3939.1,251394,False,False,True,False,100,-1.1621156597955693
policy,117621,23368,23318,3942.6,251395,False,False,True,False,100,-1.3754126503077237
policy,117721,23388,23338,3946.2,251396,False,False,True,False,100,-1.261536118133663
policy,117760,23395,23345,3947.4,251397,False,False,False,True,39,-1.0240940960525085
policy,117860,23415,23365,3950.9,251398,False,False,True,False,100,-1.3743552261507421
policy,117898,23423,23373,3952.3,251399,False,False,False,True,38,-1.0584754351429773
policy,117998,23443,23393,3955.9,251400,False,False,True,False,100,-1.4783219586792913
policy,118098,23463,23413,3959.4,251401,False,False,True,False,100,-1.5539652792004344
policy,118198,23483,23433,3962.8,251402,False,False,True,False,100,-1.286230639927187
policy,118298,23503,23453,3966.2,251403,False,False,True,False,100,-1.665865949960851
policy,118398,23523,23473,3969.6,251404,False,False,True,False,100,-1.442110940194103
policy,118409,23525,23475,3970.0,251405,False,False,False,True,11,-0.6761671816183927
policy,118488,23541,23491,3972.7,251406,False,False,False,True,79,-1.4866887432923428
policy,118519,23547,23497,3973.7,251407,False,False,False,True,31,-0.7710537150460568
policy,118551,23554,23504,3974.9,251408,False,False,False,True,32,-0.859993197276465
policy,118651,23574,23524,3978.6,251409,False,False,True,False,100,-1.3979895713081059
policy,118751,23594,23544,3982.3,251410,False,False,True,False,100,-1.2727514779799156
policy,118851,23614,23564,3986.1,251411,False,False,True,False,100,-1.6503234019592243
policy,118951,23634,23584,3989.8,251412,False,False,True,False,100,-1.5233433416454774
policy,119042,23652,23602,3993.0,251413,False,False,False,True,91,-1.2510484247233742
policy,119083,23660,23610,3994.4,251414,False,False,False,True,41,-0.8935378417144517
policy,119183,23680,23630,3997.9,251415,False,False,True,False,100,-1.2451565803316536
policy,119283,23700,23650,4001.4,251416,False,False,True,False,100,-1.594021593260152
policy,119363,23716,23666,4004.1,251417,False,False,False,True,80,-1.4196589496306282
policy,119376,23719,23669,4004.6,251418,False,False,False,True,13,-0.8374471617078605
policy,119476,23739,23689,4008.1,251419,False,False,True,False,100,-1.737652223543394
policy,119576,23759,23709,4011.8,251420,False,False,True,False,100,-1.218448293876936
policy,119676,23779,23729,4015.6,251421,False,False,False,True,100,-1.1655681136179254
policy,119776,23799,23749,4019.4,251422,False,False,True,False,100,-1.3100557016645458
policy,119876,23819,23769,4023.5,251423,False,False,True,False,100,-1.331380255967975
policy,119976,23839,23789,4027.1,251424,False,False,True,False,100,-1.4805206957838168
policy,120076,23859,23809,4030.5,251425,False,False,True,False,100,-1.6495697928674586
policy,120176,23879,23829,4034.1,251426,False,False,True,False,100,-1.3027889663059926
policy,120276,23899,23849,4037.6,251427,False,False,True,False,100,-1.408763532348448
policy,120376,23919,23869,4041.1,251428,False,False,True,False,100,-1.8624137476197804
policy,120476,23939,23889,4044.7,251429,False,False,True,False,100,-1.333795593805706
policy,120533,23950,23900,4046.8,251430,False,False,False,True,57,-0.8576548482134461
policy,120633,23970,23920,4050.7,251431,False,False,True,False,100,-1.4267985828229506
policy,120733,23990,23940,4054.7,251432,False,False,True,False,100,-1.1085657639827755
policy,120812,24006,23956,4057.9,251433,False,False,False,True,79,-1.5161625252206585
policy,120876,24019,23969,4060.4,251434,False,False,False,True,64,-1.1730758158909282
policy,120883,24020,23970,4060.6,251435,False,False,False,True,7,-0.6880039165016043
policy,120909,24025,23975,4061.5,251436,False,False,False,True,26,-0.9579081715730653
policy,121009,24045,23995,4065.1,251437,False,False,True,False,100,-1.4769353827678438
policy,121109,24065,24015,4068.6,251438,False,False,True,False,100,-1.4962008757016714
policy,121209,24085,24035,4072.1,251439,False,False,True,False,100,-1.5654586095565
policy,121264,24096,24046,4074.0,251440,False,False,False,True,55,-1.190637292699805
policy,121364,24116,24066,4077.5,251441,False,False,True,False,100,-1.2649597766896377
policy,121464,24136,24086,4081.1,251442,False,False,True,False,100,-1.3142534186664696
policy,121493,24142,24092,4082.2,251443,False,False,False,True,29,-0.8625469430372771
policy,121593,24162,24112,4085.9,251444,False,True,True,False,100,-1.6267980998970875
policy,121693,24182,24132,4089.7,251445,False,False,True,False,100,-1.6519854822031628
policy,121793,24202,24152,4093.6,251446,False,False,True,False,100,-1.409667787601939
policy,121893,24222,24172,4097.2,251447,False,True,True,False,100,-1.7254588712171985
policy,121993,24242,24192,4100.8,251448,False,False,True,False,100,-1.4404002559616957
policy,122093,24262,24212,4104.3,251449,False,False,True,False,100,-1.529244386777917
policy,122193,24282,24232,4108.0,251450,False,False,True,False,100,-1.2631043140809077
policy,122217,24287,24237,4108.9,251451,False,False,False,True,24,-0.7190287671282249
policy,122317,24307,24257,4112.5,251452,False,False,True,False,100,-1.7097445938380353
policy,122417,24327,24277,4116.1,251453,False,False,True,False,100,-1.2511412705986669
policy,122450,24333,24283,4117.3,251454,False,False,False,True,33,-0.8569459055216455
policy,122475,24338,24288,4118.2,251455,False,False,False,True,25,-0.8973486100103156
policy,122575,24358,24308,4121.9,251456,False,False,True,False,100,-1.341857807515277
policy,122675,24378,24328,4125.4,251457,False,False,True,False,100,-1.4193912963967494
policy,122775,24398,24348,4129.2,251458,False,False,True,False,100,-1.5332574544848256
policy,122875,24418,24368,4132.9,251459,False,False,True,False,100,-1.233024546086427
policy,122975,24438,24388,4136.5,251460,False,False,True,False,100,-1.8236717170659997
policy,123075,24458,24408,4140.1,251461,False,False,True,False,100,-1.245878930272504
policy,123132,24470,24420,4142.3,251462,False,False,False,True,57,-1.0265729892528452
policy,123201,24484,24434,4144.8,251463,False,False,False,True,69,-0.9105440149395212
policy,123301,24504,24454,4148.6,251464,False,False,True,False,100,-1.4457632835849212
policy,123367,24517,24467,4151.0,251465,False,False,False,True,66,-1.1677508513681878
policy,123467,24537,24487,4154.4,251466,False,False,True,False,100,-1.3254914891228788
policy,123565,24556,24506,4157.7,251467,False,False,False,True,98,-1.6135189772052865
policy,123621,24568,24518,4159.8,251468,False,False,False,True,56,-1.1653235207641446
policy,123653,24574,24524,4160.9,251469,False,False,False,True,32,-0.8924488424372929
policy,123753,24594,24544,4164.4,251470,False,False,True,False,100,-1.1661798204343101
policy,123803,24604,24554,4166.3,251471,False,False,False,True,50,-1.2280748063667581
policy,123903,24624,24574,4170.0,251472,False,False,True,False,100,-1.1423705368585946
policy,123923,24628,24578,4170.8,251473,False,False,False,True,20,-0.7117014656726679
policy,124023,24648,24598,4174.8,251474,False,False,True,False,100,-1.2926033231571277
policy,124123,24668,24618,4178.5,251475,False,False,True,False,100,-1.5084523308370308
policy,124152,24674,24624,4179.6,251476,False,False,False,True,29,-0.7678085873523347
policy,124252,24694,24644,4183.3,251477,False,False,True,False,100,-1.2140783017868253
policy,124352,24714,24664,4186.9,251478,False,False,True,False,100,-1.6268873870852856
policy,124372,24718,24668,4187.6,251479,False,False,False,True,20,-0.9494245148264936
policy,124450,24733,24683,4190.3,251480,False,False,False,True,78,-1.4811029817779096
policy,124550,24753,24703,4194.2,251481,False,False,True,False,100,-1.5776925019854453
policy,124566,24757,24707,4194.9,251482,False,False,False,True,16,-0.7562728880107626
policy,124666,24777,24727,4198.7,251483,False,False,True,False,100,-1.833941077909452
policy,124766,24797,24747,4202.5,251484,False,False,True,False,100,-1.4886214085692493
policy,124822,24808,24758,4204.6,251485,False,False,False,True,56,-0.9380873654348051
policy,124922,24828,24778,4208.5,251486,False,False,True,False,100,-1.3402592837478293
policy,125022,24848,24798,4212.3,251487,False,False,True,False,100,-1.4195483621236744
policy,125122,24868,24818,4216.3,251488,False,False,True,False,100,-1.281058345715723
policy,125222,24888,24838,4220.1,251489,False,False,True,False,100,-1.1362543976787207
policy,125300,24903,24853,4222.8,251490,False,False,False,True,78,-1.1199826187787962
policy,125400,24923,24873,4226.3,251491,False,False,True,False,100,-1.4024622987758648
policy,125500,24943,24893,4230.0,251492,False,False,True,False,100,-1.1595802583855852
policy,125533,24950,24900,4231.2,251493,False,False,False,True,33,-0.7659489887790574
policy,125633,24970,24920,4234.8,251494,False,False,True,False,100,-1.42895420921763
policy,125647,24973,24923,4235.4,251495,False,False,False,True,14,-0.7722593705833871
policy,125739,24991,24941,4238.5,251496,False,False,False,True,92,-1.2472577476907132
policy,125839,25011,24961,4241.9,251497,False,False,True,False,100,-1.499233871248032
policy,125869,25017,24967,4242.9,251498,False,False,False,True,30,-0.9450490607461604
policy,125969,25037,24987,4246.4,251499,False,False,True,False,100,-1.1983542762799286
policy,126069,25057,25007,4249.8,251500,False,False,True,False,100,-1.7192931638098838
policy,126136,25071,25021,4252.3,251501,False,False,False,True,67,-0.9513208194564828
policy,126236,25091,25041,4255.8,251502,False,False,True,False,100,-1.299852761287208
policy,126336,25111,25061,4259.3,251503,False,False,True,False,100,-1.3216020426947421
policy,126360,25115,25065,4260.0,251504,False,False,False,True,24,-0.726088993772616
policy,126460,25135,25085,4263.6,251505,False,False,True,False,100,-1.7330696154652094
policy,126516,25147,25097,4265.7,251506,False,False,False,True,56,-1.0451959816528946
policy,126554,25154,25104,4266.9,251507,False,False,False,True,38,-1.146395978236265
policy,126654,25174,25124,4270.4,251508,False,False,True,False,100,-1.3709436471917522
policy,126754,25194,25144,4273.7,251509,False,False,True,False,100,-1.4305900359536077
policy,126772,25198,25148,4274.4,251510,False,False,False,True,18,-0.7965313352320673
policy,126872,25218,25168,4278.4,251511,False,False,True,False,100,-1.5538019956467295
policy,126972,25238,25188,4281.8,251512,False,False,True,False,100,-1.2825562574435196
policy,127072,25258,25208,4285.2,251513,False,False,True,False,100,-1.2777970747456322
policy,127074,25258,25208,4285.2,251514,False,False,False,True,2,-0.8821640848755534
policy,127174,25278,25228,4288.7,251515,False,False,True,False,100,-1.7208206996336408
policy,127274,25298,25248,4292.1,251516,False,False,True,False,100,-1.5760333534358284
policy,127365,25316,25266,4295.3,251517,False,False,False,True,91,-1.143931886138568
policy,127402,25324,25274,4296.6,251518,False,False,False,True,37,-1.0577815505201933
policy,127502,25344,25294,4300.3,251519,False,False,True,False,100,-1.4643257871542312
policy,127602,25364,25314,4303.7,251520,False,False,True,False,100,-1.169338925285691
policy,127610,25365,25315,4303.9,251521,False,False,False,True,8,-0.6374298411043002
policy,127710,25385,25335,4307.3,251522,False,False,True,False,100,-1.4172204264647714
policy,127747,25393,25343,4308.7,251523,False,False,False,True,37,-1.0901601522130069
policy,127827,25409,25359,4311.5,251524,False,True,False,True,80,-1.5483258885442972
policy,127913,25426,25376,4314.6,251525,False,True,False,True,86,-1.3676573585179357
policy,128013,25446,25396,4318.3,251526,False,False,True,False,100,-1.591499759925485
policy,128079,25459,25409,4320.8,251527,False,False,False,True,66,-1.5002287790932978
policy,128179,25479,25429,4324.6,251528,False,False,True,False,100,-1.5170271843930858
policy,128212,25486,25436,4325.9,251529,False,False,False,True,33,-0.7078709074209436
policy,128312,25506,25456,4329.5,251530,False,False,True,False,100,-1.5330180599537004
policy,128354,25514,25464,4330.9,251531,False,False,False,True,42,-0.8724260324047248
policy,128449,25533,25483,4334.4,251532,False,False,False,True,95,-1.3078551636832136
policy,128549,25553,25503,4337.9,251533,False,False,True,False,100,-1.527431743317251
policy,128611,25566,25516,4340.2,251534,False,False,False,True,62,-1.2076574831712426
policy,128711,25586,25536,4343.7,251535,False,False,True,False,100,-1.3909349187294158
policy,128811,25606,25556,4347.4,251536,False,False,True,False,100,-1.2867352095355786
policy,128855,25614,25564,4348.8,251537,False,True,False,True,44,-1.3213343310298298
policy,128955,25634,25584,4352.6,251538,False,False,True,False,100,-1.597895842222552
policy,129010,25645,25595,4354.7,251539,False,False,False,True,55,-1.252352349021896
policy,129110,25665,25615,4358.4,251540,False,False,True,False,100,-1.308282789909845
policy,129204,25684,25634,4361.7,251541,False,False,False,True,94,-1.2346395740319134
policy,129304,25704,25654,4365.2,251542,False,False,True,False,100,-1.1099659977929026
policy,129404,25724,25674,4368.8,251543,False,False,True,False,100,-1.680478471064259
policy,129504,25744,25694,4372.2,251544,False,False,True,False,100,-1.2593128339762674
policy,129530,25749,25699,4373.1,251545,False,False,False,True,26,-0.8600702591793519
policy,129568,25757,25707,4374.5,251546,False,False,False,True,38,-0.8060066871024133
policy,129644,25772,25722,4377.2,251547,False,False,False,True,76,-1.6263167848083526
policy,129704,25784,25734,4379.4,251548,False,False,False,True,60,-1.1142660916669482
policy,129804,25804,25754,4382.9,251549,False,False,True,False,100,-1.8269214803414937
policy,129904,25824,25774,4386.4,251550,False,False,True,False,100,-1.4663296886706276
policy,129946,25833,25783,4387.9,251551,False,False,False,True,42,-0.8419736707323942
policy,130046,25853,25803,4391.4,251552,False,False,True,False,100,-1.3765996769275048
policy,130088,25861,25811,4392.8,251553,False,False,False,True,42,-0.9337508177031233
policy,130186,25881,25831,4396.4,251554,False,False,False,True,98,-1.5964325629259577
policy,130286,25901,25851,4400.1,251555,False,False,True,False,100,-1.2543060923160139
policy,130320,25907,25857,4401.2,251556,False,False,False,True,34,-0.9323531613984772
policy,130420,25927,25877,4404.9,251557,False,False,True,False,100,-1.4811768387576274
policy,130520,25947,25897,4408.5,251558,False,False,True,False,100,-1.25889707135174
policy,130615,25966,25916,4411.9,251559,False,False,False,True,95,-1.6433125286817225
policy,130715,25986,25936,4415.3,251560,False,False,True,False,100,-1.1348538345702082
policy,130815,26006,25956,4418.9,251561,False,False,True,False,100,-1.137405934709929
policy,130915,26026,25976,4422.5,251562,False,False,True,False,100,-1.273796899901297
policy,131015,26046,25996,4426.0,251563,False,False,True,False,100,-1.3477314276596721
policy,131032,26050,26000,4426.7,251564,False,False,False,True,17,-0.7184171963507232
policy,131132,26070,26020,4430.2,251565,False,False,True,False,100,-1.1234496747533522
policy,131168,26077,26027,4431.4,251566,False,False,False,True,36,-0.841426594858809
policy,131268,26097,26047,4434.9,251567,False,False,True,False,100,-1.4486374157502304
policy,131368,26117,26067,4438.4,251568,False,False,True,False,100,-1.340405669234063
policy,131463,26136,26086,4441.8,251569,False,False,False,True,95,-1.095634673868331
policy,131563,26156,26106,4445.2,251570,False,False,True,False,100,-1.5502067470068672
policy,131623,26168,26118,4447.2,251571,False,False,False,True,60,-1.036327206424477
policy,131634,26170,26120,4447.6,251572,False,False,False,True,11,-0.8122384204123471
policy,131734,26190,26140,4451.1,251573,False,False,True,False,100,-1.6322637481641227
policy,131834,26210,26160,4454.6,251574,False,False,True,False,100,-1.380224715661218
policy,131864,26216,26166,4455.8,251575,False,False,False,True,30,-0.9574220062156314
policy,131920,26227,26177,4457.8,251576,False,False,False,True,56,-0.8928129464929432
policy,131939,26231,26181,4458.6,251577,False,False,False,True,19,-0.8758942149136153
policy,132039,26251,26201,4462.2,251578,False,False,True,False,100,-1.1470652183432086
policy,132121,26268,26218,4465.2,251579,False,False,False,True,82,-1.3423997752643642
policy,132221,26288,26238,4468.7,251580,False,False,True,False,100,-1.36604489554894
policy,132304,26304,26254,4471.5,251581,False,False,False,True,83,-1.4607025438463102
policy,132404,26324,26274,4475.1,251582,False,False,True,False,100,-1.47750863407135
policy,132504,26344,26294,4478.7,251583,False,False,True,False,100,-1.2501105283504437
policy,132517,26347,26297,4479.2,251584,False,False,False,True,13,-0.8442701265460695
policy,132606,26365,26315,4482.4,251585,False,False,False,True,89,-1.470736685422857
policy,132687,26381,26331,4485.2,251586,False,False,False,True,81,-1.2135954781234302
policy,132721,26388,26338,4486.4,251587,False,False,False,True,34,-1.0251882354291284
policy,132821,26408,26358,4489.8,251588,False,False,True,False,100,-1.2020861965352494
policy,132921,26428,26378,4493.3,251589,False,False,True,False,100,-1.6562395940621044
policy,133021,26448,26398,4497.2,251590,False,False,True,False,100,-1.1368872729217294
policy,133121,26468,26418,4500.7,251591,False,False,True,False,100,-1.3585564853003083
policy,133136,26471,26421,4501.3,251592,False,False,False,True,15,-0.6204660348169837
policy,133236,26491,26441,4504.9,251593,False,False,True,False,100,-1.6091831096364988
policy,133269,26497,26447,4506.0,251594,False,False,False,True,33,-1.0464399035462026
policy,133369,26517,26467,4510.0,251595,False,False,True,False,100,-1.530233082035315
policy,133428,26529,26479,4512.1,251596,False,False,False,True,59,-1.0410831436641164
policy,133456,26535,26485,4513.1,251597,False,False,False,True,28,-0.914866791584017
policy,133556,26555,26505,4517.0,251598,False,False,True,False,100,-1.355909552485624
policy,133656,26575,26525,4520.7,251599,False,False,True,False,100,-1.2567269370542282
policy,133741,26592,26542,4523.6,251600,False,False,False,True,85,-1.4133620389752926
policy,133784,26600,26550,4525.0,251601,False,False,False,True,43,-1.0261107113614263
policy,133884,26620,26570,4528.5,251602,False,False,True,False,100,-1.4308758445094656
policy,133984,26640,26590,4532.2,251603,False,False,True,False,100,-1.2705958017373171
policy,134031,26650,26600,4534.0,251604,False,False,False,True,47,-0.9526815091945131
policy,134131,26670,26620,4537.8,251605,False,False,True,False,100,-1.4442774498896167
policy,134145,26672,26622,4538.1,251606,False,False,False,True,14,-0.7524685239938018
policy,134230,26689,26639,4541.4,251607,False,False,False,True,85,-1.186057822460345
policy,134284,26700,26650,4543.5,251608,False,False,False,True,54,-1.1369355049832712
policy,134373,26718,26668,4547.3,251609,False,False,False,True,89,-1.5359366850285614
policy,134420,26727,26677,4549.0,251610,False,False,False,True,47,-1.1917474801860244
policy,134520,26747,26697,4553.1,251611,False,False,True,False,100,-1.2460797316155414
policy,134620,26767,26717,4556.7,251612,False,False,True,False,100,-1.271842725246335
policy,134643,26772,26722,4557.6,251613,False,False,False,True,23,-0.8160896594649645
policy,134715,26786,26736,4560.1,251614,False,False,False,True,72,-1.3405465091754687
policy,134735,26790,26740,4560.8,251615,False,False,False,True,20,-0.6854115406778483
policy,134835,26810,26760,4564.3,251616,False,False,True,False,100,-1.198359392165553
policy,134935,26830,26780,4568.5,251617,False,False,True,False,100,-1.2515998597081817
policy,134962,26836,26786,4569.9,251618,False,False,False,True,27,-0.7846621468836689
policy,135007,26845,26795,4571.9,251619,False,False,False,True,45,-1.1000478551696844
policy,135107,26865,26815,4576.2,251620,False,False,True,False,100,-1.2693229603845841
policy,135207,26885,26835,4580.3,251621,False,False,True,False,100,-1.1153551707584157
policy,135300,26903,26853,4584.0,251622,False,False,False,True,93,-1.2880314272794047
policy,135400,26923,26873,4588.4,251623,False,False,True,False,100,-1.1793320158434302
policy,135405,26924,26874,4588.6,251624,False,False,False,True,5,-0.8327420033998928
policy,135440,26931,26881,4590.2,251625,False,False,False,True,35,-0.8508534949281852
policy,135540,26951,26901,4594.3,251626,False,False,True,False,100,-1.2001564378665739
policy,135640,26971,26921,4598.4,251627,False,False,True,False,100,-1.4567426065135622
policy,135740,26991,26941,4602.0,251628,False,False,True,False,100,-1.4611795475980118
policy,135780,26999,26949,4603.4,251629,False,False,False,True,40,-0.8776092314911008
policy,135880,27019,26969,4607.0,251630,False,False,True,False,100,-1.6229066474677794
policy,135912,27026,26976,4608.3,251631,False,False,False,True,32,-0.8292400805484773
policy,136002,27044,26994,4611.7,251632,False,False,False,True,90,-1.6122130002900126
policy,136081,27060,27010,4614.6,251633,False,False,False,True,79,-1.2713719628325055
policy,136138,27071,27021,4616.6,251634,False,False,False,True,57,-0.9656355337350276
policy,136176,27079,27029,4618.0,251635,False,False,False,True,38,-1.0448684475900922
policy,136240,27091,27041,4620.2,251636,False,False,False,True,64,-1.379544495537226
policy,136340,27111,27061,4623.8,251637,False,False,True,False,100,-1.600705285921197
policy,136440,27131,27081,4627.7,251638,False,False,True,False,100,-1.1285569121953882
policy,136540,27151,27101,4631.6,251639,False,False,True,False,100,-1.6524204308553778
policy,136640,27171,27121,4635.4,251640,False,False,False,True,100,-1.5443535472465972
policy,136740,27191,27141,4639.1,251641,False,False,True,False,100,-1.1951722435429581
policy,136801,27204,27154,4641.5,251642,False,False,False,True,61,-0.9420631104410035
policy,136814,27206,27156,4641.9,251643,False,False,False,True,13,-0.7849966777540593
policy,136843,27212,27162,4643.0,251644,False,False,False,True,29,-0.8128943259801812
policy,136861,27216,27166,4643.8,251645,False,False,False,True,18,-0.7485534652395038
policy,136913,27226,27176,4645.6,251646,False,False,False,True,52,-1.0513966390510037
policy,136931,27230,27180,4646.3,251647,False,False,False,True,18,-0.8198561875435497
policy,137031,27250,27200,4649.8,251648,False,False,True,False,100,-1.1892007471681687
policy,137131,27270,27220,4653.4,251649,False,False,True,False,100,-1.2620896355948608
policy,137175,27278,27228,4654.8,251650,False,False,False,True,44,-1.1877081864499786
policy,137275,27298,27248,4658.6,251651,False,False,True,False,100,-1.3000156936396543
policy,137342,27312,27262,4661.2,251652,False,False,False,True,67,-1.0113861222672522
policy,137411,27326,27276,4663.8,251653,False,False,False,True,69,-1.2374265963524873
policy,137445,27332,27282,4664.9,251654,False,False,False,True,34,-1.0133966869205118
policy,137508,27345,27295,4667.4,251655,False,False,False,True,63,-1.1066453404835022
policy,137572,27358,27308,4669.8,251656,False,False,False,True,64,-1.0908157707467112
policy,137595,27362,27312,4670.6,251657,False,False,False,True,23,-0.950936364234789
