phase,env_steps,model_updates,ac_updates,elapsed_seconds,scene,success,pickup,timeout,oob,length,return_
prefill,100,0,0,0.8,260000,False,False,True,False,100,-1.2951948468520302
prefill,140,0,0,0.8,260001,False,False,False,True,40,-0.9006491209350415
prefill,221,0,0,0.8,260002,False,False,False,True,81,-1.2613845627652882
prefill,321,0,0,0.8,260003,False,False,True,False,100,-1.1277146558327111
prefill,420,0,0,0.8,260004,False,False,False,True,99,-1.5690788799078565
prefill,463,0,0,0.8,260005,False,False,False,True,43,-0.9372476372563913
prefill,563,0,0,0.9,260006,False,False,True,False,100,-1.5976643195628475
prefill,663,0,0,0.9,260007,False,False,True,False,100,-1.2760920794341466
prefill,763,0,0,0.9,260008,False,False,True,False,100,-1.369080745617056
prefill,800,0,0,0.9,260009,False,False,False,True,37,-0.8477890845152164
prefill,900,0,0,0.9,260010,False,False,True,False,100,-1.3260065668240024
prefill,1000,0,0,0.9,260011,False,False,True,False,100,-1.8117488469886962
policy,1036,57,7,19.4,260012,False,False,False,True,36,-0.8028425330939313
policy,1044,58,8,19.5,260013,False,False,False,True,8,-0.767503916268053
policy,1087,67,17,20.7,260014,False,False,False,True,43,-1.1328960653245086
policy,1187,87,37,23.3,260015,False,False,True,False,100,-1.3590715796174062
policy,1287,107,57,25.9,260016,False,False,True,False,100,-1.3442653979125703
policy,1359,121,71,27.6,260017,False,False,False,True,72,-1.2206299762045214
policy,1458,141,91,30.2,260018,False,False,False,True,99,-1.1757163242126891
policy,1549,159,109,32.6,260019,False,False,False,True,91,-1.5561176220831066
policy,1627,175,125,34.8,260020,False,False,False,True,78,-1.546668062753237
policy,1727,195,145,37.7,260021,False,False,True,False,100,-1.2971972319989966
policy,1759,201,151,38.5,260022,False,False,False,True,32,-0.8252487440533743
policy,1859,221,171,41.2,260023,False,False,True,False,100,-1.4975764682388064
policy,1959,241,191,44.0,260024,False,False,True,False,100,-1.5469263921056156
policy,1977,245,195,44.5,260025,False,False,False,True,18,-0.7074444516238315
policy,2077,265,215,47.3,260026,False,False,True,False,100,-1.2455746089865491
policy,2139,277,227,48.9,260027,False,False,False,True,62,-0.9930145886587587
policy,2239,297,247,51.6,260028,False,False,True,False,100,-1.3521055229241892
policy,2339,317,267,54.7,260029,False,False,True,False,100,-1.2540895451801133
policy,2439,337,287,57.6,260030,False,False,True,False,100,-1.4106724805352542
policy,2539,357,307,60.4,260031,False,False,True,False,100,-1.1408145088751034
policy,2639,377,327,63.3,260032,False,False,True,False,100,-1.121188760271167
policy,2667,383,333,64.2,260033,False,False,False,True,28,-0.8681493570968778
policy,2767,403,353,67.0,260034,False,False,True,False,100,-1.3079948991782873
policy,2867,423,373,69.9,260035,False,False,True,False,100,-1.3192101336494662
policy,2967,443,393,72.6,260036,False,False,True,False,100,-1.562870958354499
policy,3067,463,413,75.4,260037,False,False,True,False,100,-1.2973819377505578
policy,3167,483,433,78.7,260038,False,False,True,False,100,-1.1594865987821705
policy,3267,503,453,81.7,260039,False,False,True,False,100,-1.2357102592616687
policy,3299,509,459,82.6,260040,False,False,False,True,32,-0.9484616251777571
policy,3399,529,479,85.5,260041,False,False,True,False,100,-1.4162813609085219
policy,3499,549,499,88.3,260042,False,False,True,False,100,-1.3803654317017466
policy,3599,569,519,91.0,260043,False,False,True,False,100,-1.699381907814609
policy,3699,589,539,93.8,260044,False,False,True,False,100,-1.524732245951141
policy,3799,609,559,96.6,260045,False,False,True,False,100,-1.3659273268543273
policy,3899,629,579,99.5,260046,False,False,True,False,100,-1.2189761536854593
policy,3999,649,599,102.4,260047,False,False,True,False,100,-1.5616716388005019
policy,4099,669,619,105.2,260048,False,False,True,False,100,-1.3098265755892864
policy,4133,676,626,106.1,260049,False,False,False,True,34,-0.9465095881621146
policy,4233,696,646,108.9,260050,False,False,True,False,100,-1.2343685316970823
policy,4333,716,666,111.7,260051,False,False,True,False,100,-1.6508345902277848
policy,4433,736,686,114.4,260052,False,False,True,False,100,-1.1380558401389784
policy,4527,755,705,117.0,260053,False,False,False,True,94,-1.3762798138915355
policy,4627,775,725,119.7,260054,False,False,True,False,100,-1.3665865702447237
policy,4727,795,745,122.5,260055,False,False,True,False,100,-1.4918647386576827
policy,4824,814,764,125.2,260056,False,False,False,True,97,-1.315585230722092
policy,4924,834,784,128.2,260057,False,False,True,False,100,-1.4366764015746818
policy,5024,854,804,131.2,260058,False,False,True,False,100,-1.2259669782135967
policy,5116,873,823,133.9,260059,False,False,False,True,92,-1.0296837313526017
policy,5216,893,843,136.8,260060,False,False,True,False,100,-1.1960123459791416
policy,5316,913,863,139.6,260061,False,False,True,False,100,-1.3939047045228623
policy,5416,933,883,142.4,260062,False,False,True,False,100,-1.5524441463798513
policy,5516,953,903,145.3,260063,False,False,True,False,100,-1.6158653082086227
policy,5616,973,923,148.1,260064,False,False,True,False,100,-1.4921418404433973
policy,5716,993,943,151.1,260065,False,False,True,False,100,-1.512063876779815
policy,5816,1013,963,154.1,260066,False,False,True,False,100,-1.3948509219070282
policy,5916,1033,983,157.2,260067,False,False,True,False,100,-1.286205105491667
policy,6016,1053,1003,160.2,260068,False,False,True,False,100,-1.7363783284655
policy,6116,1073,1023,163.1,260069,False,False,True,False,100,-1.3908344946984275
policy,6216,1093,1043,165.9,260070,False,False,True,False,100,-1.6071345374778412
policy,6316,1113,1063,168.6,260071,False,False,True,False,100,-1.1141064953431463
policy,6416,1133,1083,171.4,260072,False,False,True,False,100,-1.259345279793619
policy,6420,1133,1083,171.4,260073,False,False,False,True,4,-0.6542950900758172
policy,6520,1153,1103,174.1,260074,False,False,True,False,100,-1.5438754639855863
policy,6620,1173,1123,176.9,260075,False,False,True,False,100,-1.1667746989379437
policy,6720,1193,1143,179.7,260076,False,False,True,False,100,-1.5473834702404963
policy,6773,1204,1154,181.3,260077,False,False,False,True,53,-1.2961971063961832
policy,6873,1224,1174,184.2,260078,False,False,True,False,100,-1.1039804863838976
policy,6973,1244,1194,187.2,260079,False,False,True,False,100,-1.2216340188127068
policy,7034,1256,1206,188.9,260080,False,False,False,True,61,-1.1241036856848075
policy,7134,1276,1226,191.7,260081,False,False,True,False,100,-1.3714219812029098
policy,7234,1296,1246,194.4,260082,False,False,True,False,100,-1.0881760253227228
policy,7334,1316,1266,197.3,260083,False,False,True,False,100,-1.728670377292537
policy,7406,1331,1281,199.3,260084,False,False,False,True,72,-1.1147057923294459
policy,7506,1351,1301,202.1,260085,False,False,True,False,100,-1.2600788354283514
policy,7606,1371,1321,204.9,260086,False,False,True,False,100,-1.631753636885784
policy,7706,1391,1341,207.8,260087,False,False,True,False,100,-1.3742608856160985
policy,7806,1411,1361,210.7,260088,False,False,True,False,100,-1.277373002030357
policy,7900,1429,1379,213.5,260089,False,False,False,True,94,-1.2273627896778194
policy,7934,1436,1386,214.5,260090,False,False,False,True,34,-0.9155371928048066
policy,8034,1456,1406,217.5,260091,False,False,True,False,100,-1.1582483300374569
policy,8134,1476,1426,220.4,260092,False,False,True,False,100,-1.2675125429788425
policy,8182,1486,1436,221.9,260093,False,False,False,True,48,-1.299926058097945
policy,8282,1506,1456,224.6,260094,False,False,True,False,100,-1.4760505656004246
policy,8289,1507,1457,224.7,260095,False,False,False,True,7,-0.5861435791802112
policy,8350,1519,1469,226.3,260096,False,False,False,True,61,-1.152336209881348
policy,8450,1539,1489,229.1,260097,False,False,True,False,100,-1.4789607011951964
policy,8487,1547,1497,230.2,260098,False,False,False,True,37,-1.072332509009989
policy,8587,1567,1517,233.0,260099,False,False,True,False,100,-1.4961364581886678
policy,8687,1587,1537,235.9,260100,False,False,True,False,100,-1.3221643405650565
policy,8787,1607,1557,238.9,260101,False,False,False,True,100,-1.151839928398645
policy,8866,1623,1573,241.3,260102,False,False,False,True,79,-1.0240099855301223
policy,8966,1643,1593,244.4,260103,False,False,True,False,100,-1.2650403109686936
policy,9066,1663,1613,247.5,260104,False,False,True,False,100,-1.322343041692199
policy,9166,1683,1633,250.3,260105,False,False,True,False,100,-1.1763325149707793
policy,9266,1703,1653,253.0,260106,False,False,True,False,100,-1.6403315962532203
policy,9366,1723,1673,255.9,260107,False,False,True,False,100,-1.3531437498053323
policy,9466,1743,1693,258.8,260108,False,False,True,False,100,-1.1596604504187453
policy,9539,1757,1707,260.9,260109,False,False,False,True,73,-0.9399202333840243
policy,9639,1777,1727,263.8,260110,False,False,True,False,100,-1.1275561370712666
policy,9739,1797,1747,266.9,260111,False,False,True,False,100,-1.2193519679489888
policy,9821,1814,1764,269.5,260112,False,False,False,True,82,-1.3178340515424922
policy,9921,1834,1784,272.5,260113,False,False,True,False,100,-1.4274115215950893
policy,10021,1854,1804,275.3,260114,False,False,True,False,100,-1.18865811640653
policy,10121,1874,1824,278.1,260115,False,False,True,False,100,-1.534912202606744
policy,10221,1894,1844,280.9,260116,False,False,True,False,100,-1.3270328305278722
policy,10321,1914,1864,283.7,260117,False,False,True,False,100,-1.2343404459543494
policy,10421,1934,1884,286.7,260118,False,False,True,False,100,-1.2390317224861098
policy,10436,1937,1887,287.1,260119,False,False,False,True,15,-0.7943904879829302
policy,10536,1957,1907,290.1,260120,False,False,True,False,100,-1.467578444468366
policy,10636,1977,1927,293.1,260121,False,False,True,False,100,-1.3703807138683457
policy,10736,1997,1947,296.2,260122,False,False,True,False,100,-1.5757195996177409
policy,10821,2014,1964,298.8,260123,False,False,False,True,85,-1.3333542707044095
policy,10921,2034,1984,302.0,260124,False,False,True,False,100,-1.648312127266406
policy,11021,2054,2004,305.0,260125,False,False,True,False,100,-1.1657455786892692
policy,11121,2074,2024,307.9,260126,False,False,True,False,100,-1.123991204652795
policy,11221,2094,2044,310.7,260127,False,False,True,False,100,-1.7269395992769916
policy,11321,2114,2064,313.6,260128,False,False,True,False,100,-1.5871747165254517
policy,11421,2134,2084,316.6,260129,False,False,True,False,100,-1.3904692936182668
policy,11521,2154,2104,319.7,260130,False,False,True,False,100,-1.338909317789341
policy,11621,2174,2124,322.7,260131,False,False,True,False,100,-1.1473952823577807
policy,11721,2194,2144,325.7,260132,False,False,True,False,100,-1.6849453676200496
policy,11811,2212,2162,328.4,260133,False,False,False,True,90,-1.0717143063465424
policy,11911,2232,2182,331.3,260134,False,False,True,False,100,-1.7065071757993109
policy,12011,2252,2202,334.1,260135,False,False,True,False,100,-1.7421065526912047
policy,12065,2262,2212,335.6,260136,False,False,False,True,54,-0.8646649906374089
policy,12134,2276,2226,337.5,260137,False,False,False,True,69,-0.9797941586931549
policy,12234,2296,2246,340.4,260138,False,False,True,False,100,-1.160111737239466
policy,12334,2316,2266,343.3,260139,False,False,True,False,100,-1.2214723032026884
policy,12434,2336,2286,346.3,260140,False,False,True,False,100,-1.6040467416144977
policy,12534,2356,2306,349.3,260141,False,False,True,False,100,-1.6149078019428111
policy,12606,2371,2321,351.4,260142,False,False,False,True,72,-1.1087642843342573
policy,12706,2391,2341,354.3,260143,False,False,True,False,100,-1.4610851088241223
policy,12806,2411,2361,357.1,260144,False,False,True,False,100,-1.5745388204151998
policy,12906,2431,2381,360.1,260145,False,False,True,False,100,-1.4742244540974592
policy,12914,2432,2382,360.2,260146,False,False,False,True,8,-0.5831339728850027
policy,12981,2446,2396,362.3,260147,False,False,False,True,67,-0.9375128280398957
policy,13064,2462,2412,364.6,260148,False,False,False,True,83,-1.4574523947889104
policy,13164,2482,2432,367.6,260149,False,False,True,False,100,-1.8005408209638243
policy,13264,2502,2452,370.7,260150,False,False,True,False,100,-1.4938912209045079
policy,13298,2509,2459,371.7,260151,False,False,False,True,34,-1.0297162666832649
policy,13371,2524,2474,374.0,260152,False,False,False,True,73,-1.0796029094695583
policy,13471,2544,2494,376.8,260153,False,False,True,False,100,-1.1809591460593778
policy,13556,2561,2511,379.3,260154,False,False,False,True,85,-1.502187795869534
policy,13656,2581,2531,382.2,260155,False,False,True,False,100,-1.7310206287973546
policy,13722,2594,2544,384.1,260156,False,False,False,True,66,-1.151587578931852
policy,13822,2614,2564,387.1,260157,False,False,True,False,100,-1.4875226213737553
policy,13922,2634,2584,390.2,260158,False,False,True,False,100,-1.342133703941585
policy,14022,2654,2604,393.4,260159,False,False,True,False,100,-1.1903274289687502
policy,14100,2669,2619,395.7,260160,False,False,False,True,78,-0.9659968815814237
policy,14200,2689,2639,398.9,260161,False,False,True,False,100,-1.4065581582144713
policy,14300,2709,2659,402.1,260162,False,False,True,False,100,-1.468633011972647
policy,14400,2729,2679,405.4,260163,False,False,True,False,100,-1.5376775522589892
policy,14500,2749,2699,408.4,260164,False,False,True,False,100,-1.498370596757764
policy,14600,2769,2719,411.3,260165,False,False,True,False,100,-1.4351671010536067
policy,14609,2771,2721,411.6,260166,False,False,False,True,9,-0.7613694903486676
policy,14709,2791,2741,414.6,260167,False,False,True,False,100,-1.302508865121259
policy,14765,2802,2752,416.3,260168,False,False,False,True,56,-1.1122753000355705
policy,14865,2822,2772,419.4,260169,False,False,True,False,100,-1.6391186313434452
policy,14901,2830,2780,420.5,260170,False,False,False,True,36,-0.8462517673561976
policy,15001,2850,2800,423.8,260171,False,False,True,False,100,-1.3202902762660338
policy,15018,2853,2803,424.2,260172,False,False,False,True,17,-0.7761127981740951
policy,15118,2873,2823,427.3,260173,False,False,True,False,100,-1.602843430045879
policy,15218,2893,2843,430.3,260174,False,False,True,False,100,-1.2647250359258586
policy,15318,2913,2863,433.3,260175,False,False,True,False,100,-1.5860794150698916
policy,15418,2933,2883,436.3,260176,False,False,True,False,100,-1.3002299318026067
policy,15518,2953,2903,439.4,260177,False,False,True,False,100,-1.7359943296481377
policy,15618,2973,2923,442.5,260178,False,False,True,False,100,-1.065551246811879
policy,15718,2993,2943,445.7,260179,False,False,True,False,100,-1.6007605037145174
policy,15818,3013,2963,448.8,260180,False,False,True,False,100,-1.501928567407003
policy,15918,3033,2983,451.9,260181,False,False,True,False,100,-1.145382429039578
policy,16018,3053,3003,455.2,260182,False,False,True,False,100,-1.3168067300728987
policy,16118,3073,3023,458.2,260183,False,False,True,False,100,-1.3155554873278712
policy,16218,3093,3043,461.2,260184,False,False,True,False,100,-1.1013756682917104
policy,16318,3113,3063,464.2,260185,False,False,True,False,100,-1.1873983317023953
policy,16330,3115,3065,464.5,260186,False,False,False,True,12,-0.6915371229971605
policy,16430,3135,3085,467.7,260187,False,False,True,False,100,-1.7479837109050607
policy,16530,3155,3105,471.0,260188,False,False,True,False,100,-1.4252272062115225
policy,16630,3175,3125,474.1,260189,False,False,True,False,100,-1.5551433147442904
policy,16730,3195,3145,477.2,260190,False,False,True,False,100,-1.6622391535214802
policy,16830,3215,3165,480.3,260191,False,False,True,False,100,-1.4665004391623202
policy,16930,3235,3185,483.5,260192,False,False,True,False,100,-1.7924694341578906
policy,17030,3255,3205,486.5,260193,False,False,True,False,100,-1.3570351798462341
policy,17107,3271,3221,488.9,260194,False,False,False,True,77,-1.5143988323590332
policy,17114,3272,3222,489.1,260195,False,False,False,True,7,-0.6646662835932664
policy,17205,3290,3240,491.8,260196,False,False,False,True,91,-1.333746710559567
policy,17305,3310,3260,494.8,260197,False,False,True,False,100,-1.3819789457747405
policy,17358,3321,3271,496.5,260198,False,False,False,True,53,-1.009753719465012
policy,17458,3341,3291,499.7,260199,False,False,True,False,100,-1.2337119245279966
policy,17558,3361,3311,502.9,260200,False,False,True,False,100,-1.3649806663955149
policy,17658,3381,3331,506.1,260201,False,False,True,False,100,-1.4049915742324544
policy,17758,3401,3351,509.1,260202,False,False,True,False,100,-1.164826788289221
policy,17839,3417,3367,511.5,260203,False,False,False,True,81,-1.304417368674326
policy,17863,3422,3372,512.2,260204,False,False,False,True,24,-0.6848874925191433
policy,17963,3442,3392,515.2,260205,False,True,True,False,100,-1.6719954711360194
policy,18063,3462,3412,518.3,260206,False,False,True,False,100,-1.2774111733453504
policy,18163,3482,3432,521.5,260207,False,False,True,False,100,-1.7443825870080034
policy,18263,3502,3452,524.9,260208,False,False,True,False,100,-1.5861730958209095
policy,18363,3522,3472,528.3,260209,False,False,True,False,100,-1.5322415995015337
policy,18448,3539,3489,531.1,260210,False,False,False,True,85,-1.1886202931254843
policy,18548,3559,3509,534.1,260211,False,False,False,True,100,-1.2989056314810914
policy,18648,3579,3529,537.1,260212,False,False,True,False,100,-1.2318866043742585
policy,18748,3599,3549,540.1,260213,False,False,True,False,100,-1.4193142045374092
policy,18848,3619,3569,543.3,260214,False,False,True,False,100,-1.1427683104259314
policy,18875,3624,3574,544.0,260215,False,False,False,True,27,-0.8558336360667178
policy,18975,3644,3594,547.3,260216,False,False,True,False,100,-1.4405030619572305
policy,19075,3664,3614,550.6,260217,False,False,True,False,100,-1.3919435377799105
policy,19175,3684,3634,553.6,260218,False,False,True,False,100,-1.4751136967648937
policy,19275,3704,3654,556.7,260219,False,False,True,False,100,-1.4376202711973116
policy,19375,3724,3674,560.2,260220,False,False,True,False,100,-1.4346797765599517
policy,19475,3744,3694,563.8,260221,False,False,True,False,100,-1.143196251803805
policy,19575,3764,3714,567.1,260222,False,False,True,False,100,-1.420003523487319
policy,19625,3774,3724,568.7,260223,False,False,False,True,50,-1.130121603123405
policy,19694,3788,3738,570.9,260224,False,False,False,True,69,-1.3553693641119602
policy,19794,3808,3758,573.9,260225,False,False,True,False,100,-1.1498500230346753
policy,19894,3828,3778,577.0,260226,False,False,True,False,100,-1.1362212233480342
policy,19994,3848,3798,580.2,260227,False,False,True,False,100,-1.3898662001341489
policy,20094,3868,3818,583.5,260228,False,False,True,False,100,-1.4965363019282822
policy,20194,3888,3838,586.6,260229,False,False,True,False,100,-1.1119147449587876
policy,20294,3908,3858,589.8,260230,False,False,True,False,100,-1.665429307261579
policy,20394,3928,3878,593.0,260231,False,False,True,False,100,-1.3063547873553625
policy,20494,3948,3898,596.2,260232,False,False,True,False,100,-1.3348255247844145
policy,20594,3968,3918,599.2,260233,False,False,True,False,100,-1.5671142481435467
policy,20694,3988,3938,602.8,260234,False,False,True,False,100,-1.5562880876446399
policy,20764,4002,3952,605.0,260235,False,False,False,True,70,-1.0581302491097477
policy,20842,4018,3968,607.4,260236,False,False,False,True,78,-1.1250654228633004
policy,20863,4022,3972,608.1,260237,False,False,False,True,21,-0.6581167374949535
policy,20963,4042,3992,611.1,260238,False,True,True,False,100,-1.5690113136839057
policy,21063,4062,4012,614.1,260239,False,False,True,False,100,-1.0793224880107959
policy,21163,4082,4032,617.1,260240,False,False,True,False,100,-1.2552333980788224
policy,21235,4096,4046,619.2,260241,False,False,False,True,72,-1.4502221842522909
policy,21335,4116,4066,622.4,260242,False,False,True,False,100,-1.5575192215550455
policy,21435,4136,4086,625.4,260243,False,False,True,False,100,-1.6700132046556915
policy,21535,4156,4106,628.5,260244,False,False,True,False,100,-1.2669650393132184
policy,21635,4176,4126,631.6,260245,False,False,True,False,100,-1.5548134238757152
policy,21735,4196,4146,634.8,260246,False,False,True,False,100,-1.4315556207115496
policy,21835,4216,4166,637.8,260247,False,False,True,False,100,-1.4584744909749179
policy,21866,4223,4173,638.9,260248,False,False,False,True,31,-0.8994968634596961
policy,21966,4243,4193,641.9,260249,False,False,True,False,100,-1.2433306231063836
policy,22066,4263,4213,644.9,260250,False,False,True,False,100,-1.2318218577516877
policy,22142,4278,4228,647.2,260251,False,False,False,True,76,-1.2047996050244127
policy,22182,4286,4236,648.5,260252,False,False,False,True,40,-1.0157307175820083
policy,22282,4306,4256,651.7,260253,False,False,True,False,100,-1.2678375810929978
policy,22337,4317,4267,653.4,260254,False,False,False,True,55,-1.1543197523910727
policy,22437,4337,4287,656.7,260255,False,True,True,False,100,-1.4360811660703825
policy,22537,4357,4307,660.0,260256,False,False,True,False,100,-1.2484580557537353
policy,22637,4377,4327,663.2,260257,False,False,True,False,100,-1.1845084836313955
policy,22665,4382,4332,664.0,260258,False,False,False,True,28,-0.9534647369928386
policy,22765,4402,4352,667.1,260259,False,False,True,False,100,-1.1647774123053578
policy,22865,4422,4372,670.1,260260,False,False,True,False,100,-1.3268622333563003
policy,22948,4439,4389,672.7,260261,False,False,False,True,83,-1.1641521930984644
policy,23048,4459,4409,675.8,260262,False,False,True,False,100,-1.4952674825582652
policy,23148,4479,4429,679.4,260263,False,False,True,False,100,-1.208065495566219
policy,23176,4485,4435,680.4,260264,False,False,False,True,28,-1.0208167404142714
policy,23264,4502,4452,683.0,260265,False,False,False,True,88,-1.3224291950528448
policy,23306,4511,4461,684.4,260266,False,False,False,True,42,-0.8492894693923994
policy,23406,4531,4481,687.6,260267,False,True,True,False,100,-1.7854016380204292
policy,23433,4536,4486,688.4,260268,False,False,False,True,27,-0.7457617345693042
policy,23435,4536,4486,688.4,260269,False,False,False,True,2,-0.7084177852109464
policy,23521,4554,4504,691.4,260270,False,False,False,True,86,-1.247464828022192
policy,23621,4574,4524,694.4,260271,False,False,True,False,100,-1.4260311764039866
policy,23718,4593,4543,697.3,260272,False,False,False,True,97,-1.2907536628602774
policy,23818,4613,4563,700.4,260273,False,False,True,False,100,-1.6818844619585618
policy,23864,4622,4572,701.9,260274,False,False,False,True,46,-0.9347736998508037
policy,23964,4642,4592,705.0,260275,False,False,True,False,100,-1.3417620200422347
policy,24064,4662,4612,708.1,260276,False,False,True,False,100,-1.255749683297272
policy,24164,4682,4632,711.4,260277,False,False,True,False,100,-1.4171954781199552
policy,24223,4694,4644,713.6,260278,False,False,False,True,59,-1.1357303642946655
policy,24291,4708,4658,717.3,260279,False,False,False,True,68,-0.9529971845309706
policy,24391,4728,4678,722.3,260280,False,False,True,False,100,-1.4054390458530117
policy,24488,4747,4697,727.0,260281,False,False,False,True,97,-1.0784930052240722
policy,24588,4767,4717,731.2,260282,False,True,True,False,100,-1.6751002955939387
policy,24637,4777,4727,732.7,260283,False,False,False,True,49,-1.1615431389250985
policy,24737,4797,4747,735.8,260284,False,False,True,False,100,-1.206574959064866
policy,24837,4817,4767,738.9,260285,False,False,True,False,100,-1.3273588976455324
policy,24890,4827,4777,740.4,260286,False,False,False,True,53,-1.1980650429870823
policy,24990,4847,4797,743.6,260287,False,False,True,False,100,-1.4155906666091647
policy,25090,4867,4817,746.6,260288,False,False,True,False,100,-1.6360314287189102
policy,25190,4887,4837,749.7,260289,False,False,True,False,100,-1.4616538251537028
policy,25290,4907,4857,752.8,260290,False,False,True,False,100,-1.103011122786723
policy,25390,4927,4877,756.0,260291,False,False,True,False,100,-1.3337198977420925
policy,25490,4947,4897,759.1,260292,False,False,True,False,100,-1.3624023817472835
policy,25590,4967,4917,762.2,260293,False,False,False,True,100,-1.3196323366900815
policy,25615,4972,4922,762.9,260294,False,False,False,True,25,-0.6803031864177947
policy,25715,4992,4942,766.0,260295,False,False,True,False,100,-1.2312228697077892
policy,25815,5012,4962,769.3,260296,False,False,True,False,100,-1.3264930812349986
policy,25915,5032,4982,772.4,260297,False,False,True,False,100,-1.1576033395918057
policy,26015,5052,5002,775.5,260298,False,False,True,False,100,-1.4359361983097245
policy,26115,5072,5022,778.6,260299,False,False,True,False,100,-1.3306952533408836
policy,26215,5092,5042,781.7,260300,False,False,True,False,100,-1.5704201199472285
policy,26315,5112,5062,784.8,260301,False,False,True,False,100,-1.3831844545091478
policy,26415,5132,5082,788.0,260302,False,False,True,False,100,-1.277613066703117
policy,26515,5152,5102,791.3,260303,False,False,True,False,100,-1.489642048629237
policy,26615,5172,5122,794.6,260304,False,False,True,False,100,-1.2775963556732435
policy,26715,5192,5142,798.0,260305,False,False,True,False,100,-1.2583078509107906
policy,26815,5212,5162,801.4,260306,False,False,True,False,100,-1.5498068306802644
policy,26915,5232,5182,804.6,260307,False,False,True,False,100,-1.159187268384402
policy,27015,5252,5202,807.7,260308,False,False,True,False,100,-1.6892051858790533
policy,27056,5261,5211,809.1,260309,False,False,False,True,41,-0.8549983302339225
policy,27156,5281,5231,812.2,260310,False,False,True,False,100,-1.586710784112661
policy,27230,5295,5245,814.3,260311,False,False,False,True,74,-1.2640169981521308
policy,27330,5315,5265,817.5,260312,False,False,True,False,100,-1.3065468586227345
policy,27430,5335,5285,820.7,260313,False,False,True,False,100,-1.2986694744753073
policy,27530,5355,5305,824.0,260314,False,False,True,False,100,-1.3828641107851583
policy,27630,5375,5325,827.2,260315,False,False,True,False,100,-1.0827378700856034
policy,27730,5395,5345,830.3,260316,False,False,True,False,100,-1.2860342931756057
policy,27773,5404,5354,831.7,260317,False,False,False,True,43,-1.0580817921144408
policy,27873,5424,5374,834.7,260318,False,True,True,False,100,-1.810485820524304
policy,27973,5444,5394,837.9,260319,False,False,True,False,100,-1.4875961933441
policy,28043,5458,5408,840.2,260320,False,False,False,True,70,-1.0755531026505938
policy,28143,5478,5428,843.6,260321,False,False,True,False,100,-1.3624710433737541
policy,28234,5496,5446,847.2,260322,False,False,False,True,91,-1.2738204126677377
policy,28334,5516,5466,850.8,260323,False,False,True,False,100,-1.2775139356969802
policy,28350,5519,5469,851.3,260324,False,False,False,True,16,-0.949697963623359
policy,28450,5539,5489,854.8,260325,False,False,True,False,100,-1.7186197251720905
policy,28550,5559,5509,858.3,260326,False,False,True,False,100,-1.6234765313797028
policy,28650,5579,5529,861.7,260327,False,False,True,False,100,-1.4099063485290924
policy,28679,5585,5535,862.7,260328,False,False,False,True,29,-0.9383675770359796
policy,28779,5605,5555,865.9,260329,False,False,True,False,100,-1.6357447188543826
policy,28879,5625,5575,869.2,260330,False,False,True,False,100,-1.3865515048169237
policy,28979,5645,5595,872.6,260331,False,False,True,False,100,-1.6003555833903713
policy,29079,5665,5615,876.0,260332,False,False,True,False,100,-1.276087224494834
policy,29179,5685,5635,879.3,260333,False,False,True,False,100,-1.23759339280722
policy,29279,5705,5655,882.7,260334,False,False,True,False,100,-1.5336478535809894
policy,29379,5725,5675,886.3,260335,False,False,True,False,100,-1.2394097862449556
policy,29417,5733,5683,887.9,260336,False,False,False,True,38,-0.8527876090396209
policy,29517,5753,5703,891.5,260337,False,False,True,False,100,-1.7381180852028872
policy,29617,5773,5723,894.9,260338,False,False,True,False,100,-1.4602626543321389
policy,29664,5782,5732,896.4,260339,False,False,False,True,47,-0.9396931892022342
policy,29764,5802,5752,899.7,260340,False,False,True,False,100,-1.4464017496714483
policy,29864,5822,5772,903.1,260341,False,False,True,False,100,-1.325574402615136
policy,29964,5842,5792,906.3,260342,False,False,True,False,100,-1.189667713533651
policy,30034,5856,5806,908.6,260343,False,False,False,True,70,-1.5450787498522607
policy,30134,5876,5826,911.8,260344,False,False,True,False,100,-1.56126691306667
policy,30234,5896,5846,915.1,260345,False,False,True,False,100,-1.2744836909034634
policy,30238,5897,5847,915.3,260346,False,False,False,True,4,-0.7772256317143531
policy,30312,5912,5862,917.8,260347,False,False,False,True,74,-1.100551567187416
policy,30412,5932,5882,921.0,260348,False,False,True,False,100,-1.4359394958791514
policy,30459,5941,5891,922.4,260349,False,False,False,True,47,-0.9192226248362125
policy,30559,5961,5911,925.7,260350,False,False,True,False,100,-1.1017526097440444
policy,30659,5981,5931,929.1,260351,False,False,True,False,100,-1.7583766815903175
policy,30759,6001,5951,932.3,260352,False,False,True,False,100,-1.2803388092692003
policy,30832,6016,5966,934.8,260353,False,False,False,True,73,-1.0697241613022674
policy,30932,6036,5986,938.0,260354,False,False,True,False,100,-1.7973501304954107
policy,30967,6043,5993,939.2,260355,False,False,False,True,35,-0.8153432196839463
policy,31067,6063,6013,942.6,260356,False,False,True,False,100,-1.7188694457755107
policy,31096,6069,6019,943.7,260357,False,False,False,True,29,-0.7837316638065601
policy,31132,6076,6026,945.0,260358,False,False,False,True,36,-0.7688535698314711
policy,31232,6096,6046,948.6,260359,False,False,True,False,100,-1.3193318445228623
policy,31332,6116,6066,952.1,260360,False,False,True,False,100,-1.2999016848634288
policy,31432,6136,6086,955.9,260361,False,False,True,False,100,-1.3719016483762052
policy,31532,6156,6106,959.6,260362,False,False,True,False,100,-1.2087259475528997
policy,31572,6164,6114,961.0,260363,False,False,False,True,40,-0.8503903096805274
policy,31672,6184,6134,964.2,260364,False,False,True,False,100,-1.6124614886934925
policy,31772,6204,6154,967.6,260365,False,False,True,False,100,-1.3277467806085579
policy,31872,6224,6174,970.9,260366,False,False,True,False,100,-1.6099937653576344
policy,31909,6231,6181,972.0,260367,False,False,False,True,37,-0.906343581764552
policy,31938,6237,6187,973.0,260368,False,False,False,True,29,-1.0248944097611479
policy,32038,6257,6207,976.4,260369,False,False,True,False,100,-1.7827615100133698
policy,32119,6273,6223,979.1,260370,False,False,False,True,81,-1.1005544817981194
policy,32199,6289,6239,982.0,260371,False,False,False,True,80,-1.1638215288511555
policy,32238,6297,6247,983.4,260372,False,False,False,True,39,-0.7802906124518707
policy,32309,6311,6261,986.0,260373,False,False,False,True,71,-1.3665660564025643
policy,32409,6331,6281,989.8,260374,False,False,True,False,100,-1.5076384647263803
policy,32509,6351,6301,993.0,260375,False,False,True,False,100,-1.5896803135723472
policy,32609,6371,6321,996.2,260376,False,False,True,False,100,-1.4469512196325403
policy,32709,6391,6341,999.4,260377,False,False,True,False,100,-1.7023647988637716
policy,32809,6411,6361,1002.7,260378,False,False,True,False,100,-1.5455738919953683
policy,32909,6431,6381,1006.2,260379,False,False,True,False,100,-1.3540525658738258
policy,32936,6437,6387,1007.3,260380,False,False,False,True,27,-0.7173632222996222
policy,33036,6457,6407,1010.9,260381,False,False,True,False,100,-1.157397698145147
policy,33136,6477,6427,1014.6,260382,False,False,True,False,100,-1.3686241864346353
policy,33236,6497,6447,1018.0,260383,False,False,True,False,100,-1.321349205571269
policy,33336,6517,6467,1021.2,260384,False,False,True,False,100,-1.64053781645366
policy,33408,6531,6481,1023.5,260385,False,False,False,True,72,-0.9798555591468466
policy,33508,6551,6501,1026.8,260386,False,False,True,False,100,-1.7069405660836021
policy,33608,6571,6521,1030.4,260387,False,False,True,False,100,-1.4774959604533116
policy,33708,6591,6541,1033.9,260388,False,False,True,False,100,-1.303798418151241
policy,33808,6611,6561,1037.6,260389,False,False,True,False,100,-1.7265350818632303
policy,33908,6631,6581,1041.5,260390,False,False,True,False,100,-1.4567548862035522
policy,34008,6651,6601,1045.2,260391,False,False,True,False,100,-1.4036710338683842
policy,34068,6663,6613,1047.1,260392,False,False,False,True,60,-0.9661052893259185
policy,34093,6668,6618,1047.9,260393,False,False,False,True,25,-0.7579142588943184
policy,34134,6676,6626,1049.1,260394,False,False,False,True,41,-0.7665047485539593
policy,34234,6696,6646,1052.3,260395,False,False,True,False,100,-1.2759455511476472
policy,34334,6716,6666,1055.5,260396,False,False,True,False,100,-1.3893321236857021
policy,34434,6736,6686,1058.7,260397,False,False,True,False,100,-1.213851799740636
policy,34534,6756,6706,1062.0,260398,False,False,True,False,100,-1.4313732204263196
policy,34634,6776,6726,1065.5,260399,False,False,True,False,100,-1.082611383036924
policy,34734,6796,6746,1068.8,260400,False,False,True,False,100,-1.2534463735361916
policy,34834,6816,6766,1072.4,260401,False,False,True,False,100,-1.4764900185706333
policy,34934,6836,6786,1076.0,260402,False,False,True,False,100,-1.6942315191747777
policy,35034,6856,6806,1079.2,260403,False,False,True,False,100,-1.192567019006794
policy,35134,6876,6826,1082.3,260404,False,False,False,True,100,-1.4224634302214467
policy,35207,6891,6841,1084.7,260405,False,False,False,True,73,-1.338019832017325
policy,35307,6911,6861,1087.9,260406,False,False,True,False,100,-1.2181933103257363
policy,35407,6931,6881,1091.2,260407,False,False,True,False,100,-1.628567881847048
policy,35507,6951,6901,1094.7,260408,False,False,True,False,100,-1.5885148873135797
policy,35595,6968,6918,1097.8,260409,False,False,False,True,88,-1.2619888564476949
policy,35680,6985,6935,1101.1,260410,False,False,False,True,85,-1.2100158917212536
policy,35780,7005,6955,1104.8,260411,False,False,True,False,100,-1.6049377110214569
policy,35880,7025,6975,1108.3,260412,False,False,True,False,100,-1.266138178782948
policy,35980,7045,6995,1111.6,260413,False,False,True,False,100,-1.7269112229705135
policy,36080,7065,7015,1114.8,260414,False,False,True,False,100,-1.4624568462935477
policy,36103,7070,7020,1115.6,260415,False,False,False,True,23,-0.6844470658530264
policy,36203,7090,7040,1118.9,260416,False,False,True,False,100,-1.6878294466573993
policy,36303,7110,7060,1122.2,260417,False,False,True,False,100,-1.2191625318239687
policy,36403,7130,7080,1125.7,260418,False,False,True,False,100,-1.430140144604926
policy,36503,7150,7100,1129.3,260419,False,False,True,False,100,-1.4588485294602225
policy,36603,7170,7120,1133.0,260420,False,False,True,False,100,-1.3400654781072951
policy,36703,7190,7140,1136.6,260421,False,False,True,False,100,-1.450624142014505
policy,36803,7210,7160,1139.8,260422,False,False,True,False,100,-1.7785466046499694
policy,36865,7222,7172,1141.7,260423,False,False,False,True,62,-1.4365277930384293
policy,36965,7242,7192,1144.9,260424,False,False,True,False,100,-1.4944320574107424
policy,37065,7262,7212,1148.2,260425,False,False,True,False,100,-1.0522199439395359
policy,37165,7282,7232,1151.7,260426,False,False,True,False,100,-1.1171851651797287
policy,37265,7302,7252,1155.3,260427,False,False,True,False,100,-1.2350588519212429
policy,37365,7322,7272,1158.9,260428,False,False,True,False,100,-1.1671239113514975
policy,37465,7342,7292,1162.4,260429,False,False,True,False,100,-1.4364322513145535
policy,37565,7362,7312,1165.8,260430,False,False,True,False,100,-1.5611112613698845
policy,37657,7381,7331,1169.2,260431,False,False,False,True,92,-1.4703891298669043
policy,37757,7401,7351,1172.6,260432,False,False,True,False,100,-1.707758034704559
policy,37857,7421,7371,1176.1,260433,False,False,True,False,100,-1.615557555022804
policy,37957,7441,7391,1179.6,260434,False,False,True,False,100,-1.5575548818080094
policy,38005,7450,7400,1181.4,260435,False,False,False,True,48,-0.8842173627630985
policy,38105,7470,7420,1184.9,260436,False,False,True,False,100,-1.1027329060044444
policy,38205,7490,7440,1188.7,260437,False,False,True,False,100,-1.2356544336905626
policy,38305,7510,7460,1192.2,260438,False,False,True,False,100,-1.1341334718026899
policy,38405,7530,7480,1195.7,260439,False,False,True,False,100,-1.2192963300089086
policy,38505,7550,7500,1198.9,260440,False,False,True,False,100,-1.1853238610673429
policy,38605,7570,7520,1202.4,260441,False,False,True,False,100,-1.298571479181752
policy,38705,7590,7540,1205.7,260442,False,False,True,False,100,-1.221633229122379
policy,38805,7610,7560,1209.0,260443,False,False,True,False,100,-1.3112212713170066
policy,38872,7624,7574,1211.4,260444,False,False,False,True,67,-1.2095531069245238
policy,38922,7634,7584,1213.1,260445,False,False,False,True,50,-0.99871112689355
policy,39022,7654,7604,1216.7,260446,False,False,True,False,100,-1.4900307795463936
policy,39122,7674,7624,1220.5,260447,False,False,True,False,100,-1.4693958867085122
policy,39222,7694,7644,1224.2,260448,False,False,True,False,100,-1.2324334247349442
policy,39322,7714,7664,1227.3,260449,False,False,True,False,100,-1.5433751062567511
policy,39350,7719,7669,1228.2,260450,False,False,False,True,28,-0.7652621062144154
policy,39450,7739,7689,1231.5,260451,False,False,True,False,100,-1.4482544004042897
policy,39472,7744,7694,1232.4,260452,False,False,False,True,22,-0.8658404498413477
policy,39572,7764,7714,1235.6,260453,False,False,True,False,100,-1.2224190822391297
policy,39631,7776,7726,1237.6,260454,False,False,False,True,59,-1.0205043259066835
policy,39731,7796,7746,1241.0,260455,False,False,True,False,100,-1.182541407104552
policy,39771,7804,7754,1242.3,260456,False,False,False,True,40,-1.0711427731040426
policy,39871,7824,7774,1245.8,260457,False,False,True,False,100,-1.4283706639408684
policy,39971,7844,7794,1249.8,260458,False,False,True,False,100,-1.7273411849694567
policy,40043,7858,7808,1252.2,260459,False,False,False,True,72,-1.399160456220273
policy,40143,7878,7828,1255.4,260460,False,False,True,False,100,-1.4985760380035211
policy,40243,7898,7848,1258.5,260461,False,False,True,False,100,-1.5102052433254292
policy,40343,7918,7868,1261.7,260462,False,False,True,False,100,-1.127957375284882
policy,40443,7938,7888,1264.9,260463,False,False,True,False,100,-1.2402022694588437
policy,40507,7951,7901,1267.1,260464,False,False,False,True,64,-0.9734903161841555
policy,40607,7971,7921,1270.3,260465,False,False,True,False,100,-1.5038889610756003
policy,40668,7983,7933,1272.2,260466,False,False,False,True,61,-0.8819160178741106
policy,40768,8003,7953,1275.5,260467,False,False,True,False,100,-1.1506359278335774
policy,40810,8011,7961,1277.2,260468,False,False,False,True,42,-1.2686055400067189
policy,40910,8031,7981,1280.6,260469,False,False,True,False,100,-1.1325058448338696
policy,41010,8051,8001,1284.0,260470,False,False,True,False,100,-1.1775925184878648
policy,41110,8071,8021,1287.7,260471,False,False,True,False,100,-1.4953483169498583
policy,41210,8091,8041,1291.0,260472,False,False,True,False,100,-1.2104734751711146
policy,41310,8111,8061,1294.4,260473,False,False,True,False,100,-1.3624535080189586
policy,41358,8121,8071,1296.1,260474,False,False,False,True,48,-0.9337856344410209
policy,41458,8141,8091,1299.6,260475,False,False,True,False,100,-1.510666071922913
policy,41526,8155,8105,1301.9,260476,False,False,False,True,68,-1.2606085679047985
policy,41620,8173,8123,1304.9,260477,False,False,False,True,94,-1.2082052079974024
policy,41661,8182,8132,1306.5,260478,False,False,False,True,41,-0.7611585089983028
policy,41761,8202,8152,1310.0,260479,False,False,True,False,100,-1.2871256249240295
policy,41817,8213,8163,1311.9,260480,False,False,False,True,56,-1.054387710240486
policy,41917,8233,8183,1315.3,260481,False,False,True,False,100,-1.3886908934132878
policy,42017,8253,8203,1318.6,260482,False,False,True,False,100,-1.625315956175229
policy,42117,8273,8223,1322.0,260483,False,False,True,False,100,-1.4541621730099448
policy,42194,8288,8238,1324.6,260484,False,False,False,True,77,-1.2379427531412717
policy,42294,8308,8258,1327.8,260485,False,False,True,False,100,-1.393648131340894
policy,42394,8328,8278,1330.9,260486,False,False,True,False,100,-1.5801600011405283
policy,42494,8348,8298,1334.2,260487,False,False,True,False,100,-1.5959899753277766
policy,42577,8365,8315,1336.9,260488,False,False,False,True,83,-1.3180041529348117
policy,42677,8385,8335,1340.2,260489,False,False,True,False,100,-1.561371281449251
policy,42777,8405,8355,1343.5,260490,False,True,True,False,100,-1.6014097770082736
policy,42877,8425,8375,1346.9,260491,False,False,True,False,100,-1.1262821664257594
policy,42977,8445,8395,1350.3,260492,False,False,True,False,100,-1.4494967889393817
policy,43077,8465,8415,1353.5,260493,False,False,True,False,100,-1.5275203674175115
policy,43177,8485,8435,1356.7,260494,False,False,True,False,100,-1.4324449604853233
policy,43216,8493,8443,1357.9,260495,False,False,False,True,39,-1.221566512595795
policy,43283,8506,8456,1360.0,260496,False,False,False,True,67,-1.2731653498327238
policy,43383,8526,8476,1363.2,260497,False,False,True,False,100,-1.1521388455549921
policy,43483,8546,8496,1366.4,260498,False,False,True,False,100,-1.3677857656644512
policy,43583,8566,8516,1369.6,260499,False,False,True,False,100,-1.2340746469149075
policy,43683,8586,8536,1372.7,260500,False,False,True,False,100,-1.4752629547645295
policy,43738,8597,8547,1374.5,260501,False,False,False,True,55,-1.2610074005184126
policy,43838,8617,8567,1377.8,260502,False,False,True,False,100,-1.4043935440886415
policy,43938,8637,8587,1381.2,260503,False,False,True,False,100,-1.493274262631259
policy,44038,8657,8607,1384.6,260504,False,False,True,False,100,-1.2213518556827605
policy,44138,8677,8627,1388.1,260505,False,False,True,False,100,-1.4381074676184955
policy,44238,8697,8647,1391.6,260506,False,False,True,False,100,-1.518995441193533
policy,44336,8717,8667,1394.9,260507,False,False,False,True,98,-1.3442394428126747
policy,44436,8737,8687,1398.1,260508,False,False,True,False,100,-1.5054471648884604
policy,44536,8757,8707,1401.5,260509,False,False,True,False,100,-1.3484909759639476
policy,44636,8777,8727,1404.9,260510,False,False,True,False,100,-1.266712291365733
policy,44736,8797,8747,1408.2,260511,False,False,True,False,100,-1.3552046413596834
policy,44836,8817,8767,1411.5,260512,False,False,True,False,100,-1.2931936197521052
policy,44936,8837,8787,1415.0,260513,False,False,True,False,100,-1.4674889920780085
policy,45036,8857,8807,1418.5,260514,False,False,True,False,100,-1.2186594127684887
policy,45136,8877,8827,1421.9,260515,False,False,True,False,100,-1.4399014654212763
policy,45236,8897,8847,1425.3,260516,False,False,True,False,100,-1.3783385539084345
policy,45336,8917,8867,1428.8,260517,False,False,True,False,100,-1.307320205521985
policy,45436,8937,8887,1432.2,260518,False,False,True,False,100,-1.3238159091556976
policy,45472,8944,8894,1433.3,260519,False,False,False,True,36,-0.7555880964252736
policy,45563,8962,8912,1436.2,260520,False,False,False,True,91,-1.132586422679885
policy,45663,8982,8932,1439.6,260521,False,False,True,False,100,-1.2945557893878994
policy,45763,9002,8952,1443.0,260522,False,False,True,False,100,-1.3172321736599413
policy,45863,9022,8972,1446.5,260523,False,False,True,False,100,-1.2535059385645155
policy,45963,9042,8992,1450.2,260524,False,False,True,False,100,-1.4696452601028216
policy,46063,9062,9012,1453.9,260525,False,False,True,False,100,-1.1294795197377254
policy,46163,9082,9032,1457.6,260526,False,False,True,False,100,-1.6413009060912471
policy,46263,9102,9052,1461.1,260527,False,False,True,False,100,-1.18284650810046
policy,46271,9104,9054,1461.4,260528,False,False,False,True,8,-0.7722509139006823
policy,46371,9124,9074,1464.8,260529,False,False,True,False,100,-1.6092555504258899
policy,46471,9144,9094,1468.2,260530,False,False,True,False,100,-1.3297028018754251
policy,46571,9164,9114,1471.5,260531,False,False,True,False,100,-1.3632790313409928
policy,46671,9184,9134,1474.8,260532,False,False,True,False,100,-1.1801277658224565
policy,46771,9204,9154,1478.3,260533,False,False,True,False,100,-1.1272280674051052
policy,46798,9209,9159,1479.2,260534,False,False,False,True,27,-0.8604833573703372
policy,46844,9218,9168,1480.8,260535,False,False,False,True,46,-1.0687268804807606
policy,46901,9230,9180,1483.1,260536,False,False,False,True,57,-1.0310478051542673
policy,47001,9250,9200,1486.9,260537,False,False,True,False,100,-1.389071959349473
policy,47097,9269,9219,1490.3,260538,False,False,False,True,96,-1.4652169484169106
policy,47197,9289,9239,1494.0,260539,False,False,True,False,100,-1.4184304602466786
policy,47297,9309,9259,1497.5,260540,False,False,True,False,100,-1.4293228385831394
policy,47397,9329,9279,1500.9,260541,False,False,True,False,100,-1.4336197993694229
policy,47497,9349,9299,1504.6,260542,False,False,True,False,100,-1.07388820548237
policy,47597,9369,9319,1508.1,260543,False,False,True,False,100,-1.5013449237830998
policy,47697,9389,9339,1511.7,260544,False,False,True,False,100,-1.5283764105066122
policy,47797,9409,9359,1515.5,260545,False,False,True,False,100,-1.389578303036731
policy,47897,9429,9379,1519.1,260546,False,False,True,False,100,-1.5452210350730162
policy,47997,9449,9399,1522.7,260547,False,False,True,False,100,-1.3357230069247115
policy,48097,9469,9419,1526.2,260548,False,False,True,False,100,-1.6026338950666108
policy,48197,9489,9439,1529.7,260549,False,False,True,False,100,-1.0909286840396328
policy,48297,9509,9459,1533.2,260550,False,False,True,False,100,-1.2537376447552009
policy,48397,9529,9479,1536.5,260551,False,False,True,False,100,-1.3052861050670757
policy,48497,9549,9499,1539.9,260552,False,False,True,False,100,-1.6408787428102825
policy,48597,9569,9519,1543.4,260553,False,False,True,False,100,-1.193504382612609
policy,48697,9589,9539,1547.1,260554,False,False,True,False,100,-1.4128201837000478
policy,48797,9609,9559,1550.6,260555,False,False,True,False,100,-1.380118126348769
policy,48897,9629,9579,1554.5,260556,False,False,True,False,100,-1.1382350189214137
policy,48997,9649,9599,1558.1,260557,False,False,True,False,100,-1.566178011025211
policy,49097,9669,9619,1561.7,260558,False,False,True,False,100,-1.752910319659126
policy,49197,9689,9639,1565.2,260559,False,False,True,False,100,-1.1551351664108334
policy,49297,9709,9659,1568.6,260560,False,False,True,False,100,-1.2814712006527729
policy,49397,9729,9679,1572.0,260561,False,False,True,False,100,-1.1762245968120297
policy,49497,9749,9699,1575.3,260562,False,False,True,False,100,-1.1855432240712813
policy,49589,9767,9717,1578.2,260563,False,False,False,True,92,-1.226087270181095
policy,49689,9787,9737,1581.6,260564,False,False,True,False,100,-1.3756843119805378
policy,49789,9807,9757,1585.2,260565,False,False,True,False,100,-1.2531020552821222
policy,49889,9827,9777,1588.7,260566,False,False,True,False,100,-1.2473433567674863
policy,49989,9847,9797,1592.1,260567,False,False,True,False,100,-1.217823808190031
policy,50089,9867,9817,1595.7,260568,False,False,True,False,100,-1.6878666874778738
policy,50189,9887,9837,1599.3,260569,False,False,True,False,100,-1.1041055483431053
policy,50288,9907,9857,1602.8,260570,False,False,False,True,99,-1.5897299238496714
policy,50388,9927,9877,1606.0,260571,False,False,True,False,100,-1.1935016725904801
policy,50488,9947,9897,1609.3,260572,False,False,True,False,100,-1.5393575671805682
policy,50588,9967,9917,1612.7,260573,False,False,True,False,100,-1.081013010323782
policy,50646,9979,9929,1614.8,260574,False,False,False,True,58,-1.2598976744903185
policy,50746,9999,9949,1618.2,260575,False,False,True,False,100,-1.270169851417029
policy,50846,10019,9969,1621.7,260576,False,False,True,False,100,-1.2113951397569522
policy,50946,10039,9989,1625.4,260577,False,False,True,False,100,-1.333247867334981
policy,51046,10059,10009,1629.1,260578,False,False,True,False,100,-1.4094185592197621
policy,51146,10079,10029,1632.6,260579,False,False,True,False,100,-1.2776677027215704
policy,51246,10099,10049,1636.1,260580,False,False,True,False,100,-1.6752008352489054
policy,51346,10119,10069,1639.6,260581,False,False,True,False,100,-1.1317073874222168
policy,51373,10124,10074,1640.5,260582,False,False,False,True,27,-0.7045084385749085
policy,51397,10129,10079,1641.4,260583,False,False,False,True,24,-0.8014290915502371
policy,51497,10149,10099,1644.9,260584,False,False,True,False,100,-1.164753104322899
policy,51597,10169,10119,1648.4,260585,False,False,True,False,100,-1.2957808285807841
policy,51624,10174,10124,1649.3,260586,False,False,False,True,27,-0.8154185410584927
policy,51724,10194,10144,1652.9,260587,False,False,True,False,100,-1.2142331928712369
policy,51824,10214,10164,1656.6,260588,False,False,True,False,100,-1.264543011927692
policy,51924,10234,10184,1660.3,260589,False,False,True,False,100,-1.660026431836366
policy,52024,10254,10204,1664.0,260590,False,False,True,False,100,-1.450972562148229
policy,52124,10274,10224,1667.8,260591,False,False,True,False,100,-1.4049046696696648
policy,52202,10290,10240,1670.5,260592,False,False,False,True,78,-1.0978587287908261
policy,52302,10310,10260,1674.0,260593,False,False,True,False,100,-1.5024301869248176
policy,52402,10330,10280,1677.5,260594,False,False,True,False,100,-1.1782519063509147
policy,52502,10350,10300,1681.0,260595,False,False,True,False,100,-1.2627076282124625
policy,52602,10370,10320,1684.6,260596,False,False,True,False,100,-1.413832653772155
policy,52702,10390,10340,1688.2,260597,False,False,True,False,100,-1.0879538414875327
policy,52802,10410,10360,1691.8,260598,False,False,True,False,100,-1.3549446559149108
policy,52902,10430,10380,1695.4,260599,False,False,True,False,100,-1.5843662878038405
policy,52960,10441,10391,1697.5,260600,False,False,False,True,58,-1.303271189264754
policy,53060,10461,10411,1701.3,260601,False,False,True,False,100,-1.5904354336117739
policy,53160,10481,10431,1704.8,260602,False,False,True,False,100,-1.4098893482302255
policy,53260,10501,10451,1708.5,260603,False,False,True,False,100,-1.4241374482331666
policy,53273,10504,10454,1709.1,260604,False,False,False,True,13,-0.7154952562429122
policy,53312,10512,10462,1710.5,260605,False,False,False,True,39,-0.9506811306217033
policy,53412,10532,10482,1714.0,260606,False,False,True,False,100,-1.1834850770118095
policy,53482,10546,10496,1716.6,260607,False,False,False,True,70,-1.1522346004207509
policy,53582,10566,10516,1720.0,260608,False,False,True,False,100,-1.600528965895434
policy,53682,10586,10536,1723.4,260609,False,False,True,False,100,-1.5823387917128886
policy,53782,10606,10556,1726.7,260610,False,False,True,False,100,-1.543212169912155
policy,53882,10626,10576,1730.5,260611,False,False,True,False,100,-1.6408454374399875
policy,53982,10646,10596,1734.0,260612,False,False,True,False,100,-1.3798909998009246
policy,54082,10666,10616,1737.5,260613,False,False,True,False,100,-1.0849781689999214
policy,54156,10681,10631,1740.2,260614,False,False,False,True,74,-1.135976422031361
policy,54235,10696,10646,1742.9,260615,False,False,False,True,79,-1.3191649982457638
policy,54335,10716,10666,1746.3,260616,False,False,True,False,100,-1.435058504499183
policy,54435,10736,10686,1749.6,260617,False,False,True,False,100,-1.687762818006083
policy,54535,10756,10706,1752.9,260618,False,False,True,False,100,-1.2955042382217872
policy,54546,10759,10709,1753.4,260619,False,False,False,True,11,-0.7675517375870956
policy,54646,10779,10729,1756.8,260620,False,False,True,False,100,-1.2801890961105744
policy,54746,10799,10749,1760.3,260621,False,False,True,False,100,-1.341933932141532
policy,54833,10816,10766,1763.3,260622,False,False,False,True,87,-1.3682475923739839
policy,54880,10825,10775,1765.0,260623,False,False,False,True,47,-0.8945515923108138
policy,54980,10845,10795,1768.7,260624,False,False,True,False,100,-1.3436754268126472
policy,55080,10865,10815,1772.4,260625,False,False,True,False,100,-1.3595750640085122
policy,55180,10885,10835,1775.9,260626,False,False,True,False,100,-1.4246369649671573
policy,55280,10905,10855,1779.4,260627,False,False,True,False,100,-1.3922836260818552
policy,55380,10925,10875,1783.0,260628,False,False,True,False,100,-1.4442416762919765
policy,55480,10945,10895,1786.7,260629,False,False,True,False,100,-1.3696937897765458
policy,55572,10964,10914,1790.0,260630,False,False,False,True,92,-1.1395135423232325
policy,55630,10975,10925,1791.8,260631,False,False,False,True,58,-0.887806166858432
policy,55636,10977,10927,1792.1,260632,False,False,False,True,6,-0.6230631200926093
policy,55736,10997,10947,1795.7,260633,False,False,True,False,100,-1.2607555614124322
policy,55780,11005,10955,1797.2,260634,False,False,False,True,44,-1.0790039782127117
policy,55880,11025,10975,1800.9,260635,False,True,True,False,100,-1.3628266719537847
policy,55909,11031,10981,1802.0,260636,False,False,False,True,29,-0.7828981308299998
policy,55949,11039,10989,1803.9,260637,False,False,False,True,40,-0.8228412104567573
policy,55997,11049,10999,1805.8,260638,False,False,False,True,48,-0.8140879326549642
policy,56097,11069,11019,1809.4,260639,False,False,True,False,100,-1.2314421908481061
policy,56197,11089,11039,1812.9,260640,False,True,True,False,100,-1.69661137314242
policy,56297,11109,11059,1816.4,260641,False,False,True,False,100,-1.823624847288849
policy,56332,11116,11066,1817.6,260642,False,False,False,True,35,-0.8044776705341915
policy,56432,11136,11086,1821.0,260643,False,False,True,False,100,-1.4628416021087702
policy,56532,11156,11106,1824.5,260644,False,False,True,False,100,-1.2268989935259493
policy,56586,11167,11117,1826.4,260645,False,False,False,True,54,-1.0009164256724385
policy,56686,11187,11137,1829.8,260646,False,False,True,False,100,-1.4570851072606539
policy,56758,11201,11151,1832.4,260647,False,False,False,True,72,-0.980692153670483
policy,56858,11221,11171,1835.9,260648,False,False,True,False,100,-1.2888661363934613
policy,56958,11241,11191,1839.3,260649,False,False,True,False,100,-1.3659258050900995
policy,57058,11261,11211,1842.9,260650,False,False,True,False,100,-1.3795206419965291
policy,57158,11281,11231,1846.5,260651,False,False,True,False,100,-1.2047307163383327
policy,57258,11301,11251,1849.9,260652,False,False,True,False,100,-1.4287063859102296
policy,57358,11321,11271,1853.2,260653,False,False,True,False,100,-1.4573752939097522
policy,57458,11341,11291,1856.7,260654,False,False,True,False,100,-1.1046666669648286
policy,57558,11361,11311,1860.1,260655,False,False,True,False,100,-1.4430827178009165
policy,57614,11372,11322,1862.0,260656,False,False,False,True,56,-1.1059479362800784
policy,57714,11392,11342,1865.6,260657,False,False,True,False,100,-1.5242573163803326
policy,57814,11412,11362,1869.2,260658,False,False,False,True,100,-1.3526760186734834
policy,57823,11414,11364,1869.6,260659,False,False,False,True,9,-0.9085015571979171
policy,57923,11434,11384,1873.3,260660,False,False,True,False,100,-1.5184139247379336
policy,58023,11454,11404,1877.5,260661,False,False,True,False,100,-1.6598329657982784
policy,58123,11474,11424,1881.1,260662,False,False,True,False,100,-1.1230082114256736
policy,58208,11491,11441,1884.1,260663,False,False,False,True,85,-1.566745580652442
policy,58308,11511,11461,1887.4,260664,False,False,True,False,100,-1.5532504843485482
policy,58408,11531,11481,1890.7,260665,False,False,True,False,100,-1.1579401906920967
policy,58508,11551,11501,1894.1,260666,False,False,True,False,100,-1.441138154731386
policy,58608,11571,11521,1897.7,260667,False,False,True,False,100,-1.4021117124694582
policy,58708,11591,11541,1901.2,260668,False,False,True,False,100,-1.3165017695574934
policy,58808,11611,11561,1904.8,260669,False,False,True,False,100,-1.2632788978992786
policy,58895,11628,11578,1907.9,260670,False,False,False,True,87,-1.237192497291813
policy,58971,11644,11594,1910.9,260671,False,False,False,True,76,-1.2684274608246617
policy,58981,11646,11596,1911.2,260672,False,False,False,True,10,-0.6900526756515784
policy,59081,11666,11616,1914.8,260673,False,False,True,False,100,-1.0912479495056244
policy,59181,11686,11636,1918.2,260674,False,False,True,False,100,-1.3439852273777273
policy,59281,11706,11656,1921.6,260675,False,False,True,False,100,-1.1593001604377298
policy,59381,11726,11676,1925.1,260676,False,False,True,False,100,-1.4475257055891988
policy,59422,11734,11684,1926.6,260677,False,False,False,True,41,-0.8830997620057621
policy,59522,11754,11704,1930.1,260678,False,False,True,False,100,-1.4244047729210894
policy,59622,11774,11724,1933.4,260679,False,False,True,False,100,-1.6110447159475032
policy,59722,11794,11744,1936.9,260680,False,False,True,False,100,-1.5080251499636361
policy,59822,11814,11764,1940.5,260681,False,False,True,False,100,-1.516334905318276
policy,59922,11834,11784,1944.2,260682,False,False,True,False,100,-1.562783219108779
policy,60022,11854,11804,1947.7,260683,False,False,True,False,100,-1.0930606757224706
policy,60095,11868,11818,1950.2,260684,False,False,False,True,73,-1.4156994440900204
policy,60195,11888,11838,1953.7,260685,False,False,True,False,100,-1.568102515161989
policy,60295,11908,11858,1957.1,260686,False,False,True,False,100,-1.1144632481718166
policy,60384,11926,11876,1960.2,260687,False,False,False,True,89,-1.057366312942253
policy,60484,11946,11896,1963.6,260688,False,False,True,False,100,-1.2681126199084893
policy,60584,11966,11916,1967.3,260689,False,False,True,False,100,-1.4717329886123853
policy,60684,11986,11936,1971.1,260690,False,False,True,False,100,-1.5567819438882893
policy,60784,12006,11956,1975.0,260691,False,False,True,False,100,-1.516192608386549
policy,60884,12026,11976,1978.3,260692,False,False,True,False,100,-1.3875698512251857
policy,60984,12046,11996,1981.7,260693,False,False,True,False,100,-1.495138522319028
policy,61084,12066,12016,1985.1,260694,False,False,True,False,100,-1.6674430233156556
policy,61100,12069,12019,1985.6,260695,False,False,False,True,16,-0.8666058098367823
policy,61200,12089,12039,1989.1,260696,False,False,True,False,100,-1.397206073289815
policy,61300,12109,12059,1992.8,260697,False,False,True,False,100,-1.1718373656493526
policy,61340,12117,12067,1994.2,260698,False,False,False,True,40,-1.2237332182328777
policy,61341,12118,12068,1994.4,260699,False,False,False,True,1,-0.5616960378496818
policy,61441,12138,12088,1998.1,260700,False,False,True,False,100,-1.24520116622166
policy,61541,12158,12108,2001.9,260701,False,False,True,False,100,-1.5611796458656535
policy,61641,12178,12128,2005.2,260702,False,False,True,False,100,-1.5324304373975584
policy,61741,12198,12148,2008.8,260703,False,False,True,False,100,-1.555789300071357
policy,61841,12218,12168,2012.2,260704,False,False,True,False,100,-1.185082339691602
policy,61941,12238,12188,2015.7,260705,False,False,True,False,100,-1.6921886428423805
policy,62041,12258,12208,2019.4,260706,False,False,True,False,100,-1.4043394145067198
policy,62141,12278,12228,2023.1,260707,False,False,True,False,100,-1.7165973081203032
policy,62241,12298,12248,2026.5,260708,False,False,True,False,100,-1.209287753255919
policy,62320,12313,12263,2029.0,260709,False,False,False,True,79,-1.193961749099655
policy,62420,12333,12283,2032.6,260710,False,False,True,False,100,-1.2908434241913291
policy,62520,12353,12303,2036.1,260711,False,False,True,False,100,-1.1588339709229603
policy,62620,12373,12323,2039.4,260712,False,False,True,False,100,-1.4516954150459673
policy,62659,12381,12331,2040.7,260713,False,False,False,True,39,-0.9149357045012478
policy,62759,12401,12351,2043.9,260714,False,False,True,False,100,-1.5288390767876128
policy,62859,12421,12371,2047.3,260715,False,False,True,False,100,-1.578910872184709
policy,62959,12441,12391,2050.7,260716,False,False,True,False,100,-1.3385381149440048
policy,63059,12461,12411,2054.1,260717,False,False,True,False,100,-1.6180510672397634
policy,63062,12462,12412,2054.3,260718,False,False,False,True,3,-0.7264886607520051
policy,63162,12482,12432,2057.8,260719,False,False,True,False,100,-1.3504256292776384
policy,63262,12502,12452,2061.4,260720,False,False,True,False,100,-1.6544077907115415
policy,63287,12507,12457,2062.3,260721,False,False,False,True,25,-0.7698781655440164
policy,63387,12527,12477,2065.8,260722,False,False,True,False,100,-1.4989121937684766
policy,63487,12547,12497,2069.2,260723,False,False,True,False,100,-1.3006927833409225
policy,63587,12567,12517,2072.7,260724,False,False,True,False,100,-1.5275824964847675
policy,63687,12587,12537,2076.1,260725,False,False,True,False,100,-1.6021811711529959
policy,63787,12607,12557,2079.6,260726,False,False,True,False,100,-1.202844910372385
policy,63887,12627,12577,2083.2,260727,False,False,True,False,100,-1.3153408297194829
policy,63987,12647,12597,2086.8,260728,False,False,True,False,100,-1.4127873271228826
policy,64046,12659,12609,2088.9,260729,False,False,False,True,59,-1.0001310767661558
policy,64146,12679,12629,2092.6,260730,False,False,True,False,100,-1.7880674830229255
policy,64246,12699,12649,2096.1,260731,False,False,True,False,100,-1.7672291842342034
policy,64252,12700,12650,2096.3,260732,False,False,False,True,6,-0.6330876647961878
policy,64352,12720,12670,2099.6,260733,False,False,True,False,100,-1.3237315671752459
policy,64452,12740,12690,2103.7,260734,False,False,True,False,100,-1.5049931334110174
policy,64520,12753,12703,2106.0,260735,False,False,False,True,68,-0.9444079752053458
policy,64620,12773,12723,2109.7,260736,False,False,True,False,100,-1.6643432086816594
policy,64720,12793,12743,2113.3,260737,False,False,True,False,100,-1.4292048373876831
policy,64820,12813,12763,2116.8,260738,False,False,True,False,100,-1.2400814541756318
policy,64892,12828,12778,2119.9,260739,False,False,False,True,72,-0.9351954195840815
policy,64992,12848,12798,2123.7,260740,False,False,True,False,100,-1.2348533479340011
policy,65047,12859,12809,2125.7,260741,False,False,False,True,55,-1.006073038345622
policy,65138,12877,12827,2129.0,260742,False,False,False,True,91,-1.0767089858915082
policy,65238,12897,12847,2132.4,260743,False,False,True,False,100,-1.2781503381659083
policy,65269,12903,12853,2133.4,260744,False,False,False,True,31,-0.8375562636388783
policy,65294,12908,12858,2134.2,260745,False,False,False,True,25,-0.7443877787544029
policy,65327,12915,12865,2135.4,260746,False,False,False,True,33,-0.7332200955515242
policy,65427,12935,12885,2138.8,260747,False,False,True,False,100,-1.2139399623699942
policy,65479,12945,12895,2140.5,260748,False,False,False,True,52,-1.1933613439894848
policy,65529,12955,12905,2142.3,260749,False,False,False,True,50,-1.0868482927038392
policy,65629,12975,12925,2146.1,260750,False,False,True,False,100,-1.4324690896842223
policy,65729,12995,12945,2149.8,260751,False,False,True,False,100,-1.3771059979835902
policy,65829,13015,12965,2153.4,260752,False,False,True,False,100,-1.5263780912560065
policy,65929,13035,12985,2156.9,260753,False,False,True,False,100,-1.1046125334177308
policy,66011,13052,13002,2160.0,260754,False,False,False,True,82,-1.2578792324399477
policy,66111,13072,13022,2163.9,260755,False,False,True,False,100,-1.4999675140626771
policy,66211,13092,13042,2168.5,260756,False,False,True,False,100,-1.1669586141360102
policy,66311,13112,13062,2172.0,260757,False,False,True,False,100,-1.433271394233235
policy,66411,13132,13082,2175.8,260758,False,False,True,False,100,-1.2438834643837728
policy,66511,13152,13102,2179.8,260759,False,False,True,False,100,-1.2222610566699919
policy,66554,13160,13110,2181.3,260760,False,False,False,True,43,-0.8614920232885523
policy,66650,13179,13129,2184.8,260761,False,False,False,True,96,-1.3685412912205166
policy,66750,13199,13149,2188.6,260762,False,False,True,False,100,-1.0784644384889395
policy,66850,13219,13169,2192.3,260763,False,False,True,False,100,-1.741575815999494
policy,66950,13239,13189,2195.8,260764,False,False,True,False,100,-1.5132307140476349
policy,67010,13251,13201,2197.8,260765,False,False,False,True,60,-0.9554273228648604
policy,67110,13271,13221,2201.1,260766,False,False,True,False,100,-1.121033452492665
policy,67210,13291,13241,2204.4,260767,False,False,True,False,100,-1.3700378582515325
policy,67291,13308,13258,2207.4,260768,False,False,False,True,81,-1.1022240942031354
policy,67391,13328,13278,2210.9,260769,False,False,True,False,100,-1.2068293738966074
policy,67491,13348,13298,2214.5,260770,False,False,True,False,100,-1.5228683622267478
policy,67527,13355,13305,2215.8,260771,False,False,False,True,36,-0.7689646442699252
policy,67571,13364,13314,2217.4,260772,False,False,False,True,44,-1.0216980102875524
policy,67653,13380,13330,2220.1,260773,False,False,False,True,82,-1.2334964649370965
policy,67753,13400,13350,2223.7,260774,False,False,True,False,100,-1.4139350868254001
policy,67798,13409,13359,2225.3,260775,False,False,False,True,45,-0.8600971412296681
policy,67839,13417,13367,2226.6,260776,False,False,False,True,41,-0.9117963325262237
policy,67939,13437,13387,2229.9,260777,False,False,True,False,100,-1.148022505148694
policy,67949,13439,13389,2230.2,260778,False,False,False,True,10,-0.6881782562670427
policy,68049,13459,13409,2233.5,260779,False,False,True,False,100,-1.5153353359311974
policy,68149,13479,13429,2236.9,260780,False,False,True,False,100,-1.7317079651864842
policy,68249,13499,13449,2240.4,260781,False,False,True,False,100,-1.3145185939865018
policy,68349,13519,13469,2243.9,260782,False,False,True,False,100,-1.310114330156178
policy,68434,13536,13486,2247.0,260783,False,False,False,True,85,-1.6153803964454738
policy,68534,13556,13506,2250.6,260784,False,False,True,False,100,-1.545713762131788
policy,68569,13563,13513,2251.8,260785,False,False,False,True,35,-1.1346097593474487
policy,68624,13574,13524,2253.7,260786,False,False,False,True,55,-1.0593651075494024
policy,68698,13589,13539,2256.2,260787,False,False,False,True,74,-1.2108728946244587
policy,68713,13592,13542,2256.7,260788,False,False,False,True,15,-0.8143386085925375
policy,68811,13612,13562,2259.9,260789,False,False,False,True,98,-1.0910559425391173
policy,68911,13632,13582,2263.2,260790,False,False,True,False,100,-1.3715847680576907
policy,68971,13644,13594,2265.2,260791,False,False,False,True,60,-1.3645195504768473
policy,69046,13659,13609,2267.8,260792,False,False,False,True,75,-1.3192872503688846
policy,69090,13667,13617,2269.3,260793,False,False,False,True,44,-0.7638501268939952
policy,69190,13687,13637,2273.0,260794,False,False,True,False,100,-1.5375621293986774
policy,69290,13707,13657,2276.8,260795,False,False,True,False,100,-1.5106250967163293
policy,69348,13719,13669,2278.8,260796,False,False,False,True,58,-0.8769463957516377
policy,69383,13726,13676,2280.1,260797,False,False,False,True,35,-0.9356404934466873
policy,69483,13746,13696,2283.4,260798,False,False,True,False,100,-1.2810073816655816
policy,69546,13759,13709,2285.6,260799,False,False,False,True,63,-1.1749454450172077
policy,69596,13769,13719,2287.3,260800,False,False,False,True,50,-1.0403246402010504
policy,69674,13784,13734,2289.9,260801,False,False,False,True,78,-1.2898851805084997
policy,69686,13787,13737,2290.5,260802,False,False,False,True,12,-0.8498131529852329
policy,69716,13793,13743,2291.5,260803,False,False,False,True,30,-0.9874865971367062
policy,69771,13804,13754,2293.5,260804,False,False,False,True,55,-1.397888990470261
policy,69774,13804,13754,2293.5,260805,False,False,False,True,3,-0.7138339342120845
policy,69806,13811,13761,2294.8,260806,False,False,False,True,32,-0.909179177698048
policy,69896,13829,13779,2298.1,260807,False,False,False,True,90,-1.3369099470133758
policy,69961,13842,13792,2300.5,260808,False,False,False,True,65,-0.9950417467194208
policy,70018,13853,13803,2302.5,260809,False,False,False,True,57,-1.1610676085562337
policy,70118,13873,13823,2305.9,260810,False,False,True,False,100,-1.2850030511534243
policy,70177,13885,13835,2307.9,260811,False,False,False,True,59,-1.169569680916342
policy,70198,13889,13839,2308.6,260812,False,False,False,True,21,-0.767538249757958
policy,70230,13895,13845,2309.7,260813,False,False,False,True,32,-0.7448667924738719
policy,70276,13905,13855,2311.3,260814,False,False,False,True,46,-1.1360792935021258
policy,70303,13910,13860,2312.2,260815,False,False,False,True,27,-0.7605727984841486
policy,70365,13922,13872,2314.1,260816,False,False,False,True,62,-1.2844730628117198
policy,70465,13942,13892,2317.5,260817,False,False,True,False,100,-1.815625759011519
policy,70498,13949,13899,2318.7,260818,False,False,False,True,33,-0.9883714171575468
policy,70598,13969,13919,2322.0,260819,False,False,True,False,100,-1.5058700550103723
policy,70647,13979,13929,2323.7,260820,False,False,False,True,49,-0.9038172205538064
policy,70747,13999,13949,2327.1,260821,False,False,True,False,100,-1.4212116498849374
policy,70815,14012,13962,2329.3,260822,False,False,False,True,68,-1.3966930454217366
policy,70915,14032,13982,2332.6,260823,False,False,True,False,100,-1.3167285526725852
policy,71001,14050,14000,2335.7,260824,False,False,False,True,86,-1.5123892843478148
policy,71052,14060,14010,2337.4,260825,False,False,False,True,51,-0.8174037597002872
policy,71124,14074,14024,2339.6,260826,False,False,False,True,72,-0.9361431419546578
policy,71187,14087,14037,2341.7,260827,False,False,False,True,63,-1.2176959347998677
policy,71242,14098,14048,2343.5,260828,False,False,False,True,55,-0.9424479478102192
policy,71257,14101,14051,2343.9,260829,False,False,False,True,15,-0.7713865549662873
policy,71357,14121,14071,2347.2,260830,False,False,True,False,100,-1.5207774242987329
policy,71457,14141,14091,2350.5,260831,False,False,True,False,100,-1.4527996524696047
policy,71505,14150,14100,2351.9,260832,False,False,False,True,48,-1.051862022033459
policy,71529,14155,14105,2352.8,260833,False,False,False,True,24,-0.70961026740199
policy,71585,14166,14116,2354.7,260834,False,False,False,True,56,-1.0824637344624222
policy,71685,14186,14136,2358.3,260835,False,False,True,False,100,-1.482186124065505
policy,71770,14203,14153,2361.3,260836,False,False,False,True,85,-1.3488648872285924
policy,71816,14213,14163,2363.0,260837,False,False,False,True,46,-0.7918524593862128
policy,71887,14227,14177,2365.3,260838,False,False,False,True,71,-1.0553281423370464
policy,71927,14235,14185,2366.6,260839,False,False,False,True,40,-0.9385254467236037
policy,71953,14240,14190,2367.4,260840,False,False,False,True,26,-0.9682587405596187
policy,72053,14260,14210,2370.6,260841,False,False,True,False,100,-1.1050217812858727
policy,72073,14264,14214,2371.3,260842,False,False,False,True,20,-0.9099948572658892
policy,72173,14284,14234,2374.6,260843,False,False,True,False,100,-1.3445829378258922
policy,72246,14299,14249,2377.2,260844,False,False,False,True,73,-0.9738490128889379
policy,72335,14316,14266,2380.2,260845,False,False,False,True,89,-1.200057254340958
policy,72363,14322,14272,2381.2,260846,False,False,False,True,28,-0.7154539964451895
policy,72463,14342,14292,2384.7,260847,False,False,True,False,100,-1.3940909625732005
policy,72563,14362,14312,2388.2,260848,False,False,True,False,100,-1.347957012914126
policy,72663,14382,14332,2391.4,260849,False,False,True,False,100,-1.329999847819595
policy,72733,14396,14346,2393.8,260850,False,False,False,True,70,-1.320386435633642
policy,72833,14416,14366,2397.2,260851,False,False,True,False,100,-1.2813359650242764
policy,72858,14421,14371,2398.0,260852,False,False,False,True,25,-0.9069851138991203
policy,72958,14441,14391,2401.6,260853,False,False,True,False,100,-1.0940664703811496
policy,73058,14461,14411,2405.4,260854,False,False,True,False,100,-1.6655870119482141
policy,73158,14481,14431,2408.7,260855,False,False,True,False,100,-1.4689514175080598
policy,73239,14497,14447,2411.3,260856,False,False,False,True,81,-1.3472810579058248
policy,73339,14517,14467,2414.6,260857,False,False,True,False,100,-1.2154000317035485
policy,73439,14537,14487,2418.1,260858,False,False,True,False,100,-1.4511215915163844
policy,73499,14549,14499,2420.2,260859,False,False,False,True,60,-1.1977967045268674
policy,73559,14561,14511,2422.3,260860,False,False,False,True,60,-1.0715510032949103
policy,73659,14581,14531,2425.8,260861,False,False,True,False,100,-1.1062476073637906
policy,73759,14601,14551,2429.3,260862,False,False,True,False,100,-1.361732630911531
policy,73838,14617,14567,2432.1,260863,False,False,False,True,79,-1.5656178944332964
policy,73938,14637,14587,2435.4,260864,False,False,True,False,100,-1.1690868522272622
policy,74038,14657,14607,2438.9,260865,False,False,True,False,100,-1.1580282753126967
policy,74072,14664,14614,2440.2,260866,False,False,False,True,34,-1.0328407776171797
policy,74172,14684,14634,2443.7,260867,False,False,True,False,100,-1.3954108403483512
policy,74272,14704,14654,2447.4,260868,False,False,True,False,100,-1.3131514487297946
policy,74310,14711,14661,2448.9,260869,False,False,False,True,38,-0.7491562692899429
policy,74410,14731,14681,2452.8,260870,False,False,True,False,100,-1.201256219484926
policy,74510,14751,14701,2456.3,260871,False,False,True,False,100,-1.45289882450317
policy,74536,14757,14707,2457.4,260872,False,False,False,True,26,-0.6774949420928871
policy,74636,14777,14727,2461.1,260873,False,False,True,False,100,-1.2290321858747197
policy,74692,14788,14738,2463.1,260874,False,False,False,True,56,-1.1042174990538345
policy,74791,14808,14758,2466.6,260875,False,False,False,True,99,-1.1872940337733024
policy,74890,14827,14777,2469.9,260876,False,False,False,True,99,-1.4756214153135114
policy,74973,14844,14794,2472.9,260877,False,False,False,True,83,-1.2938854735656058
policy,75014,14852,14802,2474.3,260878,False,False,False,True,41,-1.156732993667171
policy,75107,14871,14821,2478.2,260879,False,False,False,True,93,-1.2195151497389434
policy,75207,14891,14841,2481.7,260880,False,False,True,False,100,-1.588359340815328
policy,75275,14904,14854,2484.0,260881,False,False,False,True,68,-1.1909898444177829
policy,75375,14924,14874,2487.7,260882,False,False,True,False,100,-1.2668113152312097
policy,75398,14929,14879,2488.6,260883,False,False,False,True,23,-0.9156729254278066
policy,75498,14949,14899,2492.0,260884,False,False,True,False,100,-1.2020035782462637
policy,75598,14969,14919,2495.5,260885,False,False,True,False,100,-1.4875943609474844
policy,75661,14982,14932,2497.9,260886,False,False,False,True,63,-1.1078160971250068
policy,75748,14999,14949,2501.1,260887,False,False,False,True,87,-1.3101022186966746
policy,75848,15019,14969,2504.9,260888,False,False,True,False,100,-1.2138968325355939
policy,75948,15039,14989,2508.9,260889,False,False,True,False,100,-1.4980137190935003
policy,75973,15044,14994,2509.9,260890,False,False,False,True,25,-0.7224688338527455
policy,76019,15053,15003,2511.7,260891,False,False,False,True,46,-0.8799843392668882
policy,76119,15073,15023,2515.3,260892,False,False,True,False,100,-1.5700608220153613
policy,76219,15093,15043,2519.0,260893,False,False,True,False,100,-1.2575857082919741
policy,76319,15113,15063,2522.4,260894,False,False,True,False,100,-1.177888264690661
policy,76419,15133,15083,2525.9,260895,False,False,True,False,100,-1.3506595076831802
policy,76519,15153,15103,2529.6,260896,False,False,True,False,100,-1.1229160580494708
policy,76619,15173,15123,2533.1,260897,False,False,True,False,100,-1.4907789686208757
policy,76719,15193,15143,2536.7,260898,False,False,True,False,100,-1.4193360286476135
policy,76819,15213,15163,2540.3,260899,False,False,True,False,100,-1.5771288880005496
policy,76919,15233,15183,2543.8,260900,False,False,True,False,100,-1.6502622077023252
policy,76965,15242,15192,2545.4,260901,False,False,False,True,46,-0.9735786421219588
policy,77012,15252,15202,2547.2,260902,False,False,False,True,47,-0.9354463248209535
policy,77112,15272,15222,2550.5,260903,False,False,True,False,100,-1.182352163897457
policy,77154,15280,15230,2551.9,260904,False,False,False,True,42,-0.804332819184157
policy,77254,15300,15250,2555.2,260905,False,False,True,False,100,-1.6115198432915563
policy,77261,15302,15252,2555.5,260906,False,False,False,True,7,-0.6971389691902486
policy,77361,15322,15272,2558.9,260907,False,False,True,False,100,-1.248525204247653
policy,77424,15334,15284,2560.8,260908,False,False,False,True,63,-1.1434909944798854
policy,77497,15349,15299,2563.3,260909,False,False,False,True,73,-0.989248363027803
policy,77597,15369,15319,2567.0,260910,False,False,True,False,100,-1.6376573346936634
policy,77697,15389,15339,2570.4,260911,False,False,True,False,100,-1.4766572174519261
policy,77797,15409,15359,2573.9,260912,False,False,True,False,100,-1.815995364133893
policy,77897,15429,15379,2577.3,260913,False,False,True,False,100,-1.6063090574760235
policy,77997,15449,15399,2580.8,260914,False,False,True,False,100,-1.339327661122722
policy,78066,15463,15413,2583.3,260915,False,False,False,True,69,-1.3695232924373921
policy,78166,15483,15433,2587.0,260916,False,False,True,False,100,-1.0869870457056479
policy,78266,15503,15453,2590.6,260917,False,False,True,False,100,-1.5932804104080267
policy,78320,15513,15463,2592.4,260918,False,False,False,True,54,-1.012678706438386
policy,78420,15533,15483,2595.7,260919,False,False,True,False,100,-1.1500046213974222
policy,78520,15553,15503,2599.0,260920,False,False,True,False,100,-1.1957257073798768
policy,78620,15573,15523,2602.3,260921,False,False,True,False,100,-1.5473794447511624
policy,78679,15585,15535,2604.2,260922,False,False,False,True,59,-0.8736974425074097
policy,78779,15605,15555,2607.5,260923,False,False,True,False,100,-1.512882795036568
policy,78879,15625,15575,2610.9,260924,False,False,True,False,100,-1.379148200451942
policy,78888,15627,15577,2611.3,260925,False,False,False,True,9,-0.7136288329077936
policy,78988,15647,15597,2614.6,260926,False,False,True,False,100,-1.4254292588236848
policy,79088,15667,15617,2618.3,260927,False,False,True,False,100,-1.1192499728708862
policy,79154,15680,15630,2620.6,260928,False,False,False,True,66,-1.185528034988495
policy,79254,15700,15650,2624.2,260929,False,False,True,False,100,-1.3341699308660289
policy,79280,15705,15655,2625.0,260930,False,False,False,True,26,-0.8497173304548133
policy,79380,15725,15675,2628.4,260931,False,False,True,False,100,-1.315071484248646
policy,79480,15745,15695,2631.8,260932,False,False,True,False,100,-1.6290952581199505
policy,79540,15757,15707,2633.8,260933,False,False,False,True,60,-1.2303269572431965
policy,79630,15775,15725,2636.9,260934,False,False,False,True,90,-1.0411482936808971
policy,79730,15795,15745,2640.3,260935,False,False,True,False,100,-1.3460531302794911
policy,79830,15815,15765,2643.7,260936,False,False,True,False,100,-1.2226835669982228
policy,79930,15835,15785,2647.2,260937,False,False,True,False,100,-1.1737643969246543
policy,80030,15855,15805,2650.7,260938,False,False,True,False,100,-1.4329931010606354
policy,80104,15870,15820,2653.3,260939,False,False,False,True,74,-1.2306770450522229
policy,80204,15890,15840,2656.7,260940,False,False,True,False,100,-1.3706128466795457
policy,80292,15908,15858,2659.9,260941,False,False,False,True,88,-1.0327929766203299
policy,80392,15928,15878,2663.6,260942,False,False,True,False,100,-1.3026723716958561
policy,80455,15940,15890,2665.9,260943,False,False,False,True,63,-0.8659228243902959
policy,80555,15960,15910,2669.3,260944,False,False,True,False,100,-1.3761456253544442
policy,80655,15980,15930,2672.7,260945,False,False,True,False,100,-1.3555672596809671
policy,80693,15988,15938,2674.1,260946,False,False,False,True,38,-0.9436680209414882
policy,80750,15999,15949,2676.0,260947,False,False,False,True,57,-1.1591492423492984
policy,80782,16006,15956,2677.3,260948,False,False,False,True,32,-0.9038016841974548
policy,80882,16026,15976,2680.7,260949,False,False,True,False,100,-1.1325686374611088
policy,80982,16046,15996,2684.0,260950,False,False,True,False,100,-1.1299442292439936
policy,81082,16066,16016,2687.4,260951,False,False,True,False,100,-1.3123294706523008
policy,81152,16080,16030,2690.0,260952,False,False,False,True,70,-1.0399330370913378
policy,81231,16096,16046,2692.8,260953,False,False,False,True,79,-1.4783795288739592
policy,81284,16106,16056,2694.7,260954,False,False,False,True,53,-1.2103385867934708
policy,81384,16126,16076,2698.2,260955,False,False,True,False,100,-1.1529353817716772
policy,81484,16146,16096,2701.7,260956,False,False,True,False,100,-1.533055869925217
policy,81584,16166,16116,2705.5,260957,False,False,True,False,100,-1.2106989474585252
policy,81646,16179,16129,2707.8,260958,False,False,False,True,62,-1.0888210363063684
policy,81687,16187,16137,2709.1,260959,False,False,False,True,41,-1.0282836960485644
policy,81736,16197,16147,2710.9,260960,False,False,False,True,49,-1.012335504354958
policy,81836,16217,16167,2714.3,260961,False,False,True,False,100,-1.606637514623452
policy,81936,16237,16187,2717.9,260962,False,False,True,False,100,-1.2772974161824378
policy,82036,16257,16207,2721.5,260963,False,False,True,False,100,-1.2058409912676744
policy,82136,16277,16227,2725.1,260964,False,False,True,False,100,-1.4384287164275118
policy,82148,16279,16229,2725.4,260965,False,False,False,True,12,-0.7314045484497658
policy,82248,16299,16249,2728.9,260966,False,False,True,False,100,-1.212294376123262
policy,82279,16305,16255,2730.0,260967,False,False,False,True,31,-0.8267041707303062
policy,82379,16325,16275,2733.7,260968,False,False,True,False,100,-1.3080897565344451
policy,82453,16340,16290,2736.2,260969,False,False,False,True,74,-1.3395880098945558
policy,82495,16348,16298,2737.6,260970,False,False,False,True,42,-1.0352455415121549
policy,82595,16368,16318,2741.0,260971,False,False,True,False,100,-1.1140190263767358
policy,82695,16388,16338,2744.4,260972,False,True,True,False,100,-1.4665675859973377
policy,82795,16408,16358,2747.9,260973,False,False,True,False,100,-1.4508707829982814
policy,82895,16428,16378,2751.6,260974,False,False,True,False,100,-1.4982552113373389
policy,82995,16448,16398,2755.4,260975,False,False,True,False,100,-1.5164857579658424
policy,83095,16468,16418,2758.9,260976,False,False,True,False,100,-1.5208790042458162
policy,83128,16475,16425,2760.0,260977,False,False,False,True,33,-1.0966985928783126
policy,83228,16495,16445,2763.3,260978,False,False,True,False,100,-1.547914930536275
policy,83236,16497,16447,2763.7,260979,False,False,False,True,8,-0.7054640297472685
policy,83336,16517,16467,2767.2,260980,False,False,True,False,100,-1.5086567453181234
policy,83394,16528,16478,2769.2,260981,False,False,False,True,58,-1.2478093352383859
policy,83422,16534,16484,2770.3,260982,False,False,False,True,28,-0.9167504535229218
policy,83472,16544,16494,2772.1,260983,False,False,False,True,50,-0.8896794361597844
policy,83518,16553,16503,2773.8,260984,False,False,False,True,46,-1.1388110835812597
policy,83618,16573,16523,2777.3,260985,False,False,True,False,100,-1.8708173269303148
policy,83707,16591,16541,2780.4,260986,False,False,False,True,89,-1.4492065731302728
policy,83737,16597,16547,2781.4,260987,False,False,False,True,30,-0.9184648341132318
policy,83837,16617,16567,2784.9,260988,False,False,True,False,100,-1.5384047935000824
policy,83937,16637,16587,2788.4,260989,False,False,True,False,100,-1.3730386163275852
policy,83980,16645,16595,2789.8,260990,False,False,False,True,43,-0.969409619576977
policy,84080,16665,16615,2793.0,260991,False,False,True,False,100,-1.1384655189434731
policy,84090,16667,16617,2793.3,260992,False,False,False,True,10,-0.7638658492944564
policy,84190,16687,16637,2796.6,260993,False,False,True,False,100,-1.3624521050481528
policy,84290,16707,16657,2800.0,260994,False,False,True,False,100,-1.6732867867134884
policy,84390,16727,16677,2803.4,260995,False,False,True,False,100,-1.5229397917075667
policy,84490,16747,16697,2807.0,260996,False,False,True,False,100,-1.5268516178560096
policy,84590,16767,16717,2810.7,260997,False,False,True,False,100,-1.6740040835641459
policy,84690,16787,16737,2814.4,260998,False,False,True,False,100,-1.2268024246166185
policy,84790,16807,16757,2818.0,260999,False,False,True,False,100,-1.4179132162110277
policy,84890,16827,16777,2821.3,261000,False,False,True,False,100,-1.399385496456024
policy,84990,16847,16797,2824.5,261001,False,False,True,False,100,-1.4751077016622918
policy,85090,16867,16817,2827.9,261002,False,False,True,False,100,-1.4793797639247057
policy,85118,16873,16823,2828.9,261003,False,False,False,True,28,-0.9911431445255678
policy,85218,16893,16843,2832.2,261004,False,False,True,False,100,-1.5994354990213822
policy,85318,16913,16863,2835.7,261005,False,False,True,False,100,-1.5634471536524632
policy,85418,16933,16883,2839.2,261006,False,False,True,False,100,-1.421471463505438
policy,85470,16943,16893,2841.0,261007,False,False,False,True,52,-0.846322777540361
policy,85570,16963,16913,2844.8,261008,False,False,True,False,100,-1.3695216148427574
policy,85670,16983,16933,2848.5,261009,False,False,True,False,100,-1.7006053724821553
policy,85770,17003,16953,2852.1,261010,False,False,True,False,100,-1.4780413080884718
policy,85804,17010,16960,2853.3,261011,False,False,False,True,34,-0.9434523774237981
policy,85904,17030,16980,2856.6,261012,False,False,True,False,100,-1.2466267704654892
policy,86004,17050,17000,2860.0,261013,False,False,True,False,100,-1.4288084433777342
policy,86014,17052,17002,2860.3,261014,False,False,False,True,10,-0.821407813838097
policy,86032,17056,17006,2861.0,261015,False,False,False,True,18,-0.6779131350528439
policy,86124,17074,17024,2864.0,261016,False,False,False,True,92,-1.2346750236669064
policy,86153,17080,17030,2865.1,261017,False,False,False,True,29,-1.1754028881580678
policy,86163,17082,17032,2865.4,261018,False,False,False,True,10,-0.78867434792701
policy,86203,17090,17040,2866.8,261019,False,False,False,True,40,-0.868658718610074
policy,86303,17110,17060,2870.3,261020,False,False,True,False,100,-1.6061759364459536
policy,86380,17125,17075,2872.9,261021,False,False,False,True,77,-1.2393267016788743
policy,86431,17136,17086,2874.8,261022,False,False,False,True,51,-1.3047624699604117
policy,86449,17139,17089,2875.3,261023,False,False,False,True,18,-0.8418083476684513
policy,86477,17145,17095,2876.2,261024,False,False,False,True,28,-0.9467884571599705
policy,86577,17165,17115,2879.5,261025,False,False,True,False,100,-1.5461341706472596
policy,86590,17167,17117,2879.8,261026,False,False,False,True,13,-0.7343043555336533
policy,86688,17187,17137,2883.1,261027,False,True,False,True,98,-1.7839157568997517
policy,86758,17201,17151,2885.5,261028,False,False,False,True,70,-1.0977682067806762
policy,86858,17221,17171,2888.9,261029,False,False,True,False,100,-1.6456841036454213
policy,86958,17241,17191,2892.4,261030,False,False,True,False,100,-1.2975417489973735
policy,86993,17248,17198,2893.6,261031,False,False,False,True,35,-0.9623959572359099
policy,87093,17268,17218,2897.2,261032,False,False,True,False,100,-1.2911298326485705
policy,87193,17288,17238,2900.9,261033,False,False,True,False,100,-1.1155372058698632
policy,87293,17308,17258,2904.6,261034,False,False,True,False,100,-1.468822824978158
policy,87351,17320,17270,2906.5,261035,False,False,False,True,58,-1.1531542895632507
policy,87376,17325,17275,2907.4,261036,False,False,False,True,25,-0.7185786499019648
policy,87476,17345,17295,2910.8,261037,False,False,True,False,100,-1.4991596292439489
policy,87576,17365,17315,2914.2,261038,False,False,True,False,100,-1.149445049571783
policy,87661,17382,17332,2917.2,261039,False,False,False,True,85,-1.552023882352652
policy,87701,17390,17340,2918.6,261040,False,False,False,True,40,-0.935339425181916
policy,87801,17410,17360,2922.1,261041,False,False,True,False,100,-1.1696974697263156
policy,87901,17430,17380,2925.7,261042,False,True,True,False,100,-1.3874381980518378
policy,87917,17433,17383,2926.3,261043,False,False,False,True,16,-0.6781208689202056
policy,87984,17446,17396,2928.6,261044,False,False,False,True,67,-1.2280516410456621
policy,88022,17454,17404,2930.1,261045,False,False,False,True,38,-0.8550278418137327
policy,88120,17473,17423,2933.6,261046,False,False,False,True,98,-1.5060791188029932
policy,88144,17478,17428,2934.4,261047,False,False,False,True,24,-0.7736026463722574
policy,88175,17484,17434,2935.5,261048,False,False,False,True,31,-1.0353558034121833
policy,88204,17490,17440,2936.5,261049,False,False,False,True,29,-0.8529440073532594
policy,88255,17500,17450,2938.2,261050,False,False,False,True,51,-0.938736151862365
policy,88322,17514,17464,2940.6,261051,False,False,False,True,67,-1.2156257982467364
policy,88422,17534,17484,2944.1,261052,False,False,True,False,100,-1.7457503090898512
policy,88441,17538,17488,2944.8,261053,False,False,False,True,19,-0.6644379516627319
policy,88446,17539,17489,2945.0,261054,False,False,False,True,5,-0.8013076527957776
policy,88546,17559,17509,2948.5,261055,False,False,True,False,100,-1.1884320612652925
policy,88646,17579,17529,2951.9,261056,False,False,True,False,100,-1.5592191685777084
policy,88731,17596,17546,2954.9,261057,False,False,False,True,85,-1.3924202042750544
policy,88831,17616,17566,2958.5,261058,False,False,True,False,100,-1.5454379405852565
policy,88839,17617,17567,2958.7,261059,False,False,False,True,8,-0.6214422113770139
policy,88939,17637,17587,2962.4,261060,False,False,True,False,100,-1.5613780852048906
policy,89039,17657,17607,2966.0,261061,False,False,True,False,100,-1.1788361095231217
policy,89083,17666,17616,2967.6,261062,False,False,False,True,44,-0.9512706270192763
policy,89140,17677,17627,2969.5,261063,False,False,False,True,57,-1.0298963080445542
policy,89186,17687,17637,2971.3,261064,False,False,False,True,46,-0.8392281981105809
policy,89236,17697,17647,2973.0,261065,False,False,False,True,50,-1.00907788588052
policy,89336,17717,17667,2976.3,261066,False,False,True,False,100,-1.3012771885482626
policy,89360,17721,17671,2977.0,261067,False,False,False,True,24,-0.8557119345726009
policy,89460,17741,17691,2980.4,261068,False,False,True,False,100,-1.253853402902123
policy,89520,17753,17703,2982.4,261069,False,False,False,True,60,-1.1009079055520363
policy,89537,17757,17707,2983.1,261070,False,False,False,True,17,-0.8189925704811418
policy,89602,17770,17720,2985.3,261071,False,False,False,True,65,-0.9985115231257939
policy,89702,17790,17740,2988.9,261072,False,False,True,False,100,-1.4185689885892865
policy,89802,17810,17760,2992.5,261073,False,False,True,False,100,-1.5247411972674159
policy,89865,17822,17772,2994.6,261074,False,False,False,True,63,-1.171043607982063
policy,89922,17834,17784,2996.8,261075,False,False,False,True,57,-1.067563062600815
policy,89978,17845,17795,2998.8,261076,False,False,False,True,56,-1.2579670740664173
policy,90078,17865,17815,3002.4,261077,False,False,True,False,100,-1.5774444513413157
policy,90129,17875,17825,3004.2,261078,False,False,False,True,51,-0.8077487742093625
policy,90197,17889,17839,3007.1,261079,False,False,False,True,68,-1.140476865952692
policy,90233,17896,17846,3008.3,261080,False,False,False,True,36,-0.8453474157516385
policy,90299,17909,17859,3010.6,261081,False,False,False,True,66,-1.3484493509211801
policy,90327,17915,17865,3011.7,261082,False,False,False,True,28,-0.7536444459190945
policy,90350,17919,17869,3012.4,261083,False,False,False,True,23,-0.8397934882539579
policy,90391,17928,17878,3014.0,261084,False,False,False,True,41,-1.0424183401340357
policy,90491,17948,17898,3017.5,261085,False,False,True,False,100,-1.5008627208935552
policy,90591,17968,17918,3021.1,261086,False,False,True,False,100,-1.3868715770747475
policy,90691,17988,17938,3024.8,261087,False,False,True,False,100,-1.5771290228165165
policy,90752,18000,17950,3026.9,261088,False,False,False,True,61,-0.9813584308764864
policy,90826,18015,17965,3029.6,261089,False,False,False,True,74,-1.3594148848105903
policy,90876,18025,17975,3031.4,261090,False,False,False,True,50,-0.8086179827575537
policy,90920,18033,17983,3032.9,261091,False,False,False,True,44,-0.9343857212868718
policy,91020,18053,18003,3036.7,261092,False,False,True,False,100,-1.443970445231828
policy,91120,18073,18023,3040.2,261093,False,False,True,False,100,-1.8004814501212048
policy,91220,18093,18043,3043.6,261094,False,False,True,False,100,-1.3252590460569238
policy,91320,18113,18063,3047.2,261095,False,False,True,False,100,-1.3259063150488704
policy,91420,18133,18083,3050.8,261096,False,False,True,False,100,-1.4548721343398618
policy,91520,18153,18103,3054.4,261097,False,False,True,False,100,-1.417471757630771
policy,91620,18173,18123,3058.0,261098,False,False,True,False,100,-1.082839467700646
policy,91641,18178,18128,3058.9,261099,False,False,False,True,21,-0.8226222314058894
policy,91737,18197,18147,3062.3,261100,False,False,False,True,96,-1.3591350267311484
policy,91760,18201,18151,3063.0,261101,False,False,False,True,23,-0.8525599316447132
policy,91860,18221,18171,3066.6,261102,False,False,True,False,100,-1.4515718471217334
policy,91960,18241,18191,3070.1,261103,False,False,True,False,100,-1.461016117791371
policy,92060,18261,18211,3073.7,261104,False,False,True,False,100,-1.4167693844599212
policy,92160,18281,18231,3078.3,261105,False,False,True,False,100,-1.468575151106625
policy,92252,18300,18250,3082.1,261106,False,False,False,True,92,-1.2481943162114038
policy,92306,18311,18261,3084.0,261107,False,False,False,True,54,-1.0331809207813634
policy,92344,18318,18268,3085.3,261108,False,False,False,True,38,-0.9265550356704191
policy,92422,18334,18284,3088.2,261109,False,False,False,True,78,-1.3449640228573894
policy,92469,18343,18293,3089.9,261110,False,False,False,True,47,-1.0568626087677053
policy,92541,18358,18308,3092.8,261111,False,False,False,True,72,-1.4419569517764326
policy,92565,18362,18312,3093.5,261112,False,False,False,True,24,-1.1072923764824212
policy,92599,18369,18319,3094.8,261113,False,False,False,True,34,-0.8800131985927904
policy,92684,18386,18336,3097.8,261114,False,False,False,True,85,-1.0704026119255923
policy,92693,18388,18338,3098.1,261115,False,False,False,True,9,-0.6314184714666385
policy,92786,18407,18357,3101.8,261116,False,False,False,True,93,-1.040050954402532
policy,92886,18427,18377,3105.9,261117,False,False,True,False,100,-1.3493561080984802
policy,92923,18434,18384,3107.2,261118,False,False,False,True,37,-0.7876867033752459
policy,92940,18437,18387,3107.9,261119,False,False,False,True,17,-0.9743810028106463
policy,93024,18454,18404,3111.3,261120,False,False,False,True,84,-0.9818004011580262
policy,93124,18474,18424,3115.2,261121,False,False,True,False,100,-1.2393624338493
policy,93224,18494,18444,3118.8,261122,False,False,True,False,100,-1.3146252659472353
policy,93314,18512,18462,3121.9,261123,False,False,False,True,90,-1.488237295572437
policy,93379,18525,18475,3124.2,261124,False,False,False,True,65,-1.2588977464210998
policy,93427,18535,18485,3125.9,261125,False,False,False,True,48,-1.1794079268377335
policy,93527,18555,18505,3129.5,261126,False,False,True,False,100,-1.4981726695465687
policy,93586,18567,18517,3131.8,261127,False,True,False,True,59,-1.1654912054140767
policy,93686,18587,18537,3135.6,261128,False,False,True,False,100,-1.3100306135944968
policy,93786,18607,18557,3139.2,261129,False,False,True,False,100,-1.7978739488999493
policy,93850,18619,18569,3141.4,261130,False,False,False,True,64,-1.1060295307110592
policy,93950,18639,18589,3144.9,261131,False,False,True,False,100,-1.3659259682287497
policy,93979,18645,18595,3145.9,261132,False,False,False,True,29,-0.9382545785433145
policy,94079,18665,18615,3149.4,261133,False,False,True,False,100,-1.3431076288392936
policy,94179,18685,18635,3152.9,261134,False,False,True,False,100,-1.6116404410026213
policy,94253,18700,18650,3155.6,261135,False,False,False,True,74,-1.0816668857172178
policy,94353,18720,18670,3159.5,261136,False,False,True,False,100,-1.4955433032955772
policy,94453,18740,18690,3163.3,261137,False,False,True,False,100,-1.2203554234238583
policy,94553,18760,18710,3167.3,261138,False,False,True,False,100,-1.171119147852965
policy,94637,18777,18727,3170.6,261139,False,False,False,True,84,-1.1564111466850893
policy,94641,18778,18728,3170.7,261140,False,False,False,True,4,-0.5626412716082485
policy,94741,18798,18748,3174.4,261141,False,False,True,False,100,-1.6368529516374148
policy,94841,18818,18768,3177.8,261142,False,False,True,False,100,-1.315762897782287
policy,94941,18838,18788,3181.3,261143,False,False,True,False,100,-1.5233235389655628
policy,95041,18858,18808,3184.8,261144,False,False,True,False,100,-1.25979548733133
policy,95068,18863,18813,3185.6,261145,False,False,False,True,27,-0.6904202220011616
policy,95168,18883,18833,3189.0,261146,False,False,True,False,100,-1.4019750627029266
policy,95268,18903,18853,3192.5,261147,False,False,True,False,100,-1.6235732633197872
policy,95293,18908,18858,3193.4,261148,False,False,False,True,25,-0.7538070843553553
policy,95393,18928,18878,3197.1,261149,False,False,True,False,100,-1.3404887286555682
policy,95493,18948,18898,3201.0,261150,False,False,True,False,100,-1.5350789256669757
policy,95593,18968,18918,3204.9,261151,False,False,True,False,100,-1.3904043490606082
policy,95618,18973,18923,3205.9,261152,False,False,False,True,25,-1.0082488707664454
policy,95718,18993,18943,3209.4,261153,False,False,True,False,100,-1.6069019316508732
policy,95818,19013,18963,3212.8,261154,False,False,True,False,100,-1.2278784593113599
policy,95918,19033,18983,3216.4,261155,False,False,True,False,100,-1.4167347184140244
policy,96018,19053,19003,3220.0,261156,False,False,True,False,100,-1.319107761665319
policy,96118,19073,19023,3223.5,261157,False,False,True,False,100,-1.6167705823234018
policy,96218,19093,19043,3227.0,261158,False,False,True,False,100,-1.1613584711753313
policy,96318,19113,19063,3230.6,261159,False,False,True,False,100,-1.369824839258667
policy,96418,19133,19083,3234.3,261160,False,False,True,False,100,-1.6447617480670593
policy,96518,19153,19103,3237.9,261161,False,False,True,False,100,-1.6718216389341989
policy,96618,19173,19123,3241.5,261162,False,False,True,False,100,-1.1045335567243517
policy,96718,19193,19143,3245.2,261163,False,False,True,False,100,-1.4960977908491004
policy,96818,19213,19163,3249.1,261164,False,False,True,False,100,-1.2041284669240917
policy,96918,19233,19183,3252.5,261165,False,False,True,False,100,-1.402014881966441
policy,96927,19235,19185,3252.8,261166,False,False,False,True,9,-0.8114507938050481
policy,97027,19255,19205,3256.2,261167,False,False,True,False,100,-1.2184121976165108
policy,97084,19266,19216,3258.0,261168,False,False,False,True,57,-1.0446570928326346
policy,97184,19286,19236,3261.5,261169,False,False,True,False,100,-1.4784890612095163
policy,97284,19306,19256,3265.0,261170,False,False,True,False,100,-1.2076052493370297
policy,97384,19326,19276,3268.8,261171,False,False,True,False,100,-1.3049700492353278
policy,97484,19346,19296,3272.4,261172,False,False,True,False,100,-1.4629103819891824
policy,97584,19366,19316,3275.7,261173,False,False,True,False,100,-1.7826119929556006
policy,97684,19386,19336,3279.1,261174,False,False,True,False,100,-1.138096762368659
policy,97784,19406,19356,3282.5,261175,False,False,True,False,100,-1.5310204662492912
policy,97884,19426,19376,3286.0,261176,False,False,True,False,100,-1.7252772387463953
policy,97984,19446,19396,3289.5,261177,False,False,True,False,100,-1.7928773977947003
policy,98084,19466,19416,3293.2,261178,False,False,True,False,100,-1.5169049279439075
policy,98184,19486,19436,3297.0,261179,False,False,True,False,100,-1.3966312596532107
policy,98284,19506,19456,3300.5,261180,False,False,True,False,100,-1.175474672824905
policy,98295,19508,19458,3300.9,261181,False,False,False,True,11,-0.8308697116305758
policy,98395,19528,19478,3304.4,261182,False,False,True,False,100,-1.6726076482842598
policy,98469,19543,19493,3307.4,261183,False,False,False,True,74,-1.0307732898932798
policy,98569,19563,19513,3310.8,261184,False,False,True,False,100,-1.8815151726234505
policy,98669,19583,19533,3314.2,261185,False,False,True,False,100,-1.5370709414753785
policy,98769,19603,19553,3317.7,261186,False,False,True,False,100,-1.484591168954992
policy,98869,19623,19573,3321.4,261187,False,False,True,False,100,-1.240921012600525
policy,98969,19643,19593,3325.2,261188,False,False,True,False,100,-1.1644446116183613
policy,99069,19663,19613,3329.0,261189,False,False,True,False,100,-1.1782612766810412
policy,99169,19683,19633,3332.5,261190,False,False,True,False,100,-1.182320566357924
policy,99269,19703,19653,3336.1,261191,False,False,True,False,100,-1.7295858596033045
policy,99324,19714,19664,3338.2,261192,False,False,False,True,55,-0.9296001350798402
policy,99424,19734,19684,3342.0,261193,False,False,True,False,100,-1.5537308169160562
policy,99505,19750,19700,3344.9,261194,False,False,False,True,81,-1.0368501670560688
policy,99525,19754,19704,3345.6,261195,False,False,False,True,20,-0.7689776209807
policy,99572,19764,19714,3347.4,261196,False,False,False,True,47,-1.0497584516471483
policy,99641,19778,19728,3350.0,261197,False,False,False,True,69,-1.1509600306265777
policy,99690,19787,19737,3351.7,261198,False,False,False,True,49,-1.019662791450135
policy,99790,19807,19757,3355.3,261199,False,False,True,False,100,-1.423889195230216
policy,99890,19827,19777,3358.8,261200,False,False,True,False,100,-1.1609526696111596
policy,99951,19840,19790,3361.0,261201,False,False,False,True,61,-0.9497807564950577
policy,100051,19860,19810,3364.3,261202,False,False,True,False,100,-1.1384604939062228
policy,100131,19876,19826,3367.0,261203,False,False,False,True,80,-1.1298891365588484
policy,100186,19887,19837,3368.9,261204,False,True,False,True,55,-1.0356106798031284
policy,100271,19904,19854,3371.9,261205,False,False,False,True,85,-1.6184372636431423
policy,100361,19922,19872,3375.1,261206,False,False,False,True,90,-1.2168303343580877
policy,100389,19927,19877,3376.0,261207,False,False,False,True,28,-0.8417391747487111
policy,100441,19938,19888,3378.0,261208,False,False,False,True,52,-0.93071626060449
policy,100541,19958,19908,3381.6,261209,False,False,True,False,100,-1.3788674170951785
policy,100641,19978,19928,3385.4,261210,False,False,True,False,100,-1.29541655195297
policy,100690,19987,19937,3387.2,261211,False,False,False,True,49,-0.9186206581144243
policy,100790,20007,19957,3390.8,261212,False,False,True,False,100,-1.738955394860762
policy,100890,20027,19977,3394.5,261213,False,False,True,False,100,-1.1650408237157166
policy,100990,20047,19997,3397.9,261214,False,False,True,False,100,-1.2387664803784955
policy,101009,20051,20001,3398.7,261215,False,False,False,True,19,-0.8710028019205265
policy,101109,20071,20021,3402.7,261216,False,False,True,False,100,-1.1083258205850426
policy,101172,20084,20034,3405.2,261217,False,False,False,True,63,-1.0449200287609528
policy,101272,20104,20054,3408.8,261218,False,False,True,False,100,-1.6475814294172817
policy,101372,20124,20074,3412.3,261219,False,False,True,False,100,-1.5378896303453802
policy,101472,20144,20094,3415.9,261220,False,False,True,False,100,-1.3124230014819207
policy,101572,20164,20114,3419.7,261221,False,False,True,False,100,-1.552215699941069
policy,101672,20184,20134,3423.4,261222,False,False,True,False,100,-1.2786995879653507
policy,101726,20195,20145,3425.3,261223,False,False,False,True,54,-0.979877736246545
policy,101757,20201,20151,3426.3,261224,False,False,False,True,31,-0.8143788760426907
policy,101857,20221,20171,3429.7,261225,False,False,True,False,100,-1.4558782245794462
policy,101957,20241,20191,3433.2,261226,False,False,True,False,100,-1.5912562411802476
policy,101984,20246,20196,3434.0,261227,False,False,False,True,27,-0.7679847814044867
policy,102006,20251,20201,3434.9,261228,False,False,False,True,22,-0.9682022992162067
policy,102106,20271,20221,3438.4,261229,False,False,True,False,100,-1.0898292782228127
policy,102206,20291,20241,3442.0,261230,False,False,True,False,100,-1.5509422669409918
policy,102278,20305,20255,3444.6,261231,False,False,False,True,72,-1.0569160832424358
policy,102378,20325,20275,3448.5,261232,False,False,True,False,100,-1.3474843219141697
policy,102478,20345,20295,3452.4,261233,False,False,True,False,100,-1.3591098643310242
policy,102578,20365,20315,3456.1,261234,False,False,True,False,100,-1.6008323310615853
policy,102678,20385,20335,3459.8,261235,False,False,True,False,100,-1.1590402868270915
policy,102778,20405,20355,3463.4,261236,False,False,True,False,100,-1.4545991480826364
policy,102874,20424,20374,3466.7,261237,False,False,False,True,96,-1.2770336913241747
policy,102926,20435,20385,3468.7,261238,False,False,False,True,52,-0.9757792307090389
policy,103026,20455,20405,3472.4,261239,False,False,True,False,100,-1.1185932403267271
policy,103126,20475,20425,3476.0,261240,False,False,True,False,100,-1.390539974409213
policy,103226,20495,20445,3479.6,261241,False,False,True,False,100,-1.248657831545937
policy,103326,20515,20465,3483.3,261242,False,False,True,False,100,-1.4850736669399132
policy,103426,20535,20485,3487.1,261243,False,False,True,False,100,-1.3278216941569223
policy,103500,20549,20499,3489.7,261244,False,False,False,True,74,-1.3041057920703671
policy,103600,20569,20519,3493.1,261245,False,False,True,False,100,-1.2581407190328726
policy,103700,20589,20539,3496.5,261246,False,False,True,False,100,-1.37268810614176
policy,103800,20609,20559,3499.9,261247,False,False,True,False,100,-1.413714832708957
policy,103900,20629,20579,3503.3,261248,False,False,True,False,100,-1.3750383546794382
policy,104000,20649,20599,3506.8,261249,False,False,True,False,100,-1.4782603524757223
policy,104032,20656,20606,3508.0,261250,False,False,False,True,32,-1.0371071929520541
policy,104132,20676,20626,3511.6,261251,False,False,True,False,100,-1.6469937507552557
policy,104232,20696,20646,3515.4,261252,False,False,True,False,100,-1.400882945040533
policy,104332,20716,20666,3519.1,261253,False,False,True,False,100,-1.451554234891085
policy,104432,20736,20686,3522.6,261254,False,False,True,False,100,-1.291208017062119
policy,104532,20756,20706,3526.5,261255,False,False,True,False,100,-1.5793516989803351
policy,104632,20776,20726,3530.2,261256,False,False,True,False,100,-1.175846873006291
policy,104713,20792,20742,3533.0,261257,False,False,False,True,81,-1.2636509311171058
policy,104813,20812,20762,3536.6,261258,False,False,True,False,100,-1.360558280256525
policy,104913,20832,20782,3540.2,261259,False,False,True,False,100,-1.3337759350589655
policy,105013,20852,20802,3543.9,261260,False,False,True,False,100,-1.1730965531495028
policy,105113,20872,20822,3547.6,261261,False,False,True,False,100,-1.1148501819743268
policy,105193,20888,20838,3550.6,261262,False,True,False,True,80,-1.6175158125570905
policy,105257,20901,20851,3553.1,261263,False,False,False,True,64,-1.3007170331833777
policy,105357,20921,20871,3556.9,261264,False,False,True,False,100,-1.087335674833791
policy,105457,20941,20891,3560.8,261265,False,False,True,False,100,-1.288807050423076
policy,105557,20961,20911,3564.9,261266,False,False,True,False,100,-1.4328571565019164
policy,105636,20977,20927,3568.1,261267,False,False,False,True,79,-1.2009832758468804
policy,105736,20997,20947,3571.8,261268,False,False,False,True,100,-1.2277627000315299
policy,105836,21017,20967,3575.5,261269,False,False,True,False,100,-1.3357111526144338
policy,105936,21037,20987,3579.4,261270,False,False,True,False,100,-1.4277042214641364
policy,106020,21053,21003,3582.5,261271,False,False,False,True,84,-1.1540915465803752
policy,106120,21073,21023,3586.1,261272,False,False,True,False,100,-1.2564016437661931
policy,106177,21085,21035,3588.3,261273,False,False,False,True,57,-0.8933269477189069
policy,106277,21105,21055,3592.1,261274,False,False,True,False,100,-1.2085217679882256
policy,106377,21125,21075,3596.0,261275,False,False,True,False,100,-1.0883746092964577
policy,106477,21145,21095,3599.7,261276,False,False,True,False,100,-1.4930923496580073
policy,106577,21165,21115,3603.2,261277,False,False,True,False,100,-1.7135034195085384
policy,106677,21185,21135,3606.9,261278,False,False,True,False,100,-1.2853589549490048
policy,106707,21191,21141,3608.0,261279,False,False,False,True,30,-0.8004130561802787
policy,106807,21211,21161,3611.6,261280,False,False,True,False,100,-1.3084842071228633
policy,106880,21225,21175,3614.0,261281,False,False,False,True,73,-1.3763600272344279
policy,106980,21245,21195,3617.7,261282,False,False,True,False,100,-1.1924459066860802
policy,107080,21265,21215,3621.2,261283,False,False,True,False,100,-1.5309186056379138
policy,107128,21275,21225,3623.1,261284,False,False,False,True,48,-1.0422867744417155
policy,107142,21278,21228,3623.7,261285,False,False,False,True,14,-0.6876127648492008
policy,107192,21288,21238,3625.7,261286,False,False,False,True,50,-1.0401333532292099
policy,107292,21308,21258,3629.3,261287,False,False,True,False,100,-1.1066751255738172
policy,107344,21318,21268,3631.1,261288,False,False,False,True,52,-1.0243551745432669
policy,107444,21338,21288,3634.8,261289,False,False,True,False,100,-1.6569141643933563
policy,107544,21358,21308,3638.5,261290,False,False,True,False,100,-1.4677132860069704
policy,107644,21378,21328,3642.4,261291,False,True,True,False,100,-1.6973850605612324
policy,107744,21398,21348,3646.1,261292,False,False,True,False,100,-1.5638934506369813
policy,107752,21400,21350,3646.5,261293,False,False,False,True,8,-0.6261520739271822
policy,107828,21415,21365,3649.2,261294,False,False,False,True,76,-1.338369969592215
policy,107928,21435,21385,3652.9,261295,False,False,True,False,100,-1.3426672174969538
policy,107978,21445,21395,3654.7,261296,False,False,False,True,50,-1.2343300837170483
policy,107987,21447,21397,3655.1,261297,False,False,False,True,9,-0.9172168541954278
policy,108044,21458,21408,3657.0,261298,False,False,False,True,57,-1.3507909436465457
policy,108083,21466,21416,3658.5,261299,False,False,False,True,39,-1.0250656202387523
policy,108183,21486,21436,3662.0,261300,False,False,True,False,100,-1.0985356569202045
policy,108283,21506,21456,3665.5,261301,False,False,True,False,100,-1.5969272666972656
policy,108383,21526,21476,3669.1,261302,False,False,True,False,100,-1.2839688039058446
policy,108442,21538,21488,3671.2,261303,False,False,False,True,59,-1.177814968289656
policy,108489,21547,21497,3672.9,261304,False,False,False,True,47,-1.0894349142472928
policy,108589,21567,21517,3677.0,261305,False,False,True,False,100,-1.3439255929723188
policy,108625,21574,21524,3678.2,261306,False,False,False,True,36,-0.887337726254612
policy,108725,21594,21544,3681.8,261307,False,False,True,False,100,-1.575694842653335
policy,108825,21614,21564,3685.4,261308,False,False,True,False,100,-1.5346605091936392
policy,108925,21634,21584,3689.0,261309,False,False,True,False,100,-1.229352378274664
policy,108953,21640,21590,3690.2,261310,False,False,False,True,28,-0.8537803594861284
policy,109053,21660,21610,3693.9,261311,False,False,True,False,100,-1.3743250588257383
policy,109153,21680,21630,3697.6,261312,False,False,True,False,100,-1.6415219940948895
policy,109190,21687,21637,3698.9,261313,False,False,False,True,37,-0.7373251249137848
policy,109290,21707,21657,3702.6,261314,False,False,True,False,100,-1.4873828958178854
policy,109366,21723,21673,3705.6,261315,False,False,False,True,76,-1.3124405906019712
policy,109426,21735,21685,3707.8,261316,False,False,False,True,60,-0.8750280442776079
policy,109526,21755,21705,3711.4,261317,False,False,True,False,100,-1.5202824363885992
policy,109626,21775,21725,3715.0,261318,False,False,True,False,100,-1.6160856365035197
policy,109726,21795,21745,3718.6,261319,False,False,True,False,100,-1.5144732033035797
policy,109758,21801,21751,3719.6,261320,False,False,False,True,32,-0.9452958939516491
policy,109822,21814,21764,3722.1,261321,False,False,False,True,64,-1.0082754725002876
policy,109922,21834,21784,3725.8,261322,False,False,True,False,100,-1.5172698763857428
policy,110022,21854,21804,3729.5,261323,False,False,True,False,100,-1.3829245503639598
policy,110028,21855,21805,3729.7,261324,False,False,False,True,6,-0.727654887444411
policy,110128,21875,21825,3733.3,261325,False,False,True,False,100,-1.7239241800319332
policy,110160,21881,21831,3734.4,261326,False,True,False,True,32,-1.0748314885573078
policy,110260,21901,21851,3738.1,261327,False,False,True,False,100,-1.3382507725395736
policy,110360,21921,21871,3741.7,261328,False,False,True,False,100,-1.2133589070616093
policy,110416,21933,21883,3743.8,261329,False,False,False,True,56,-1.0910965770109193
policy,110516,21953,21903,3747.5,261330,False,False,True,False,100,-1.4333171558112643
policy,110616,21973,21923,3751.4,261331,False,False,True,False,100,-1.2437912323514366
policy,110644,21978,21928,3752.4,261332,False,False,False,True,28,-0.9816651718871614
policy,110744,21998,21948,3756.3,261333,False,False,True,False,100,-1.2122378635787567
policy,110842,22018,21968,3760.2,261334,False,False,False,True,98,-1.6653970001393366
policy,110942,22038,21988,3764.1,261335,False,False,True,False,100,-1.4628297307509353
policy,111042,22058,22008,3767.9,261336,False,False,True,False,100,-1.3495534943194718
policy,111142,22078,22028,3771.4,261337,False,False,True,False,100,-1.2735367529902615
policy,111242,22098,22048,3774.9,261338,False,False,True,False,100,-1.3428957951911378
policy,111342,22118,22068,3778.6,261339,False,False,True,False,100,-1.0881424815563654
policy,111368,22123,22073,3779.5,261340,False,False,False,True,26,-0.8331407115075603
policy,111468,22143,22093,3783.3,261341,False,False,True,False,100,-1.3762453262668943
policy,111508,22151,22101,3784.8,261342,False,False,False,True,40,-1.020906171795586
policy,111606,22171,22121,3788.5,261343,False,False,False,True,98,-1.3264833907725304
policy,111694,22188,22138,3791.6,261344,False,False,False,True,88,-1.1334241178422595
policy,111785,22206,22156,3794.8,261345,False,False,False,True,91,-1.6045766632643117
policy,111863,22222,22172,3797.6,261346,False,False,False,True,78,-1.4980768180889694
policy,111963,22242,22192,3801.2,261347,False,False,True,False,100,-1.1940770386542572
policy,112013,22252,22202,3803.1,261348,False,False,False,True,50,-1.078268446371418
policy,112113,22272,22222,3806.9,261349,False,False,True,False,100,-1.5240993370985496
policy,112213,22292,22242,3810.7,261350,False,False,True,False,100,-1.788037087767765
policy,112313,22312,22262,3814.5,261351,False,False,True,False,100,-1.269684022091254
policy,112413,22332,22282,3818.3,261352,False,False,True,False,100,-1.1673041865723954
policy,112513,22352,22302,3822.0,261353,False,False,True,False,100,-1.505492552283399
policy,112613,22372,22322,3825.7,261354,False,False,True,False,100,-1.647056065996943
policy,112713,22392,22342,3829.4,261355,False,False,True,False,100,-1.1340622846561343
policy,112769,22403,22353,3831.3,261356,False,False,False,True,56,-1.173035807519351
policy,112869,22423,22373,3834.9,261357,False,False,True,False,100,-1.3059296146950057
policy,112965,22442,22392,3838.4,261358,False,False,False,True,96,-1.3157576136766822
policy,113065,22462,22412,3842.2,261359,False,False,True,False,100,-1.5314632000515709
policy,113165,22482,22432,3846.2,261360,False,False,True,False,100,-1.1961877470013027
policy,113265,22502,22452,3850.0,261361,False,False,True,False,100,-1.756517369092883
policy,113365,22522,22472,3853.9,261362,False,False,True,False,100,-1.4921699401586526
policy,113465,22542,22492,3857.7,261363,False,False,True,False,100,-1.420694387938562
policy,113565,22562,22512,3861.6,261364,False,False,True,False,100,-1.2281444769479608
policy,113665,22582,22532,3865.2,261365,False,False,True,False,100,-1.2380663801433522
policy,113719,22593,22543,3867.2,261366,False,False,False,True,54,-0.9993905604283744
policy,113819,22613,22563,3870.8,261367,False,False,True,False,100,-1.1221197911410339
policy,113919,22633,22583,3874.5,261368,False,False,False,True,100,-1.584292572331906
policy,113978,22645,22595,3876.7,261369,False,False,False,True,59,-1.1277242942873567
policy,114046,22659,22609,3879.3,261370,False,False,False,True,68,-1.0112513933745562
policy,114110,22671,22621,3881.7,261371,False,False,False,True,64,-0.9689183853120891
policy,114210,22691,22641,3885.6,261372,False,False,True,False,100,-1.4852269482170155
policy,114238,22697,22647,3886.7,261373,False,False,False,True,28,-0.8517579771228829
policy,114338,22717,22667,3890.6,261374,False,False,True,False,100,-1.6595715160708366
policy,114438,22737,22687,3894.6,261375,False,False,True,False,100,-1.6525409850034598
policy,114538,22757,22707,3898.1,261376,False,False,True,False,100,-1.382618362640222
policy,114638,22777,22727,3901.7,261377,False,False,True,False,100,-1.2050734032059074
policy,114738,22797,22747,3905.3,261378,False,False,True,False,100,-1.6785086889390177
policy,114838,22817,22767,3909.3,261379,False,False,True,False,100,-1.4238350090299037
policy,114938,22837,22787,3913.0,261380,False,False,True,False,100,-1.5799662657941944
policy,115038,22857,22807,3916.8,261381,False,False,True,False,100,-1.33222937078953
policy,115048,22859,22809,3917.2,261382,False,False,False,True,10,-0.7083989582543896
policy,115148,22879,22829,3921.3,261383,False,False,True,False,100,-1.4551574645391043
policy,115248,22899,22849,3925.7,261384,False,False,True,False,100,-1.5858005761057203
policy,115348,22919,22869,3929.6,261385,False,False,True,False,100,-1.3748934893929419
policy,115448,22939,22889,3933.2,261386,False,False,True,False,100,-1.2268670905330323
policy,115537,22957,22907,3936.6,261387,False,False,False,True,89,-1.1778237972746544
policy,115637,22977,22927,3940.1,261388,False,False,True,False,100,-1.4708509630499071
policy,115737,22997,22947,3943.7,261389,False,False,True,False,100,-1.7316558243558715
policy,115837,23017,22967,3947.5,261390,False,False,True,False,100,-1.382625512148376
policy,115937,23037,22987,3951.3,261391,False,False,True,False,100,-1.2315382476833432
policy,116006,23051,23001,3954.1,261392,False,False,False,True,69,-1.5592429807800656
policy,116043,23058,23008,3955.4,261393,False,False,False,True,37,-1.040137075929339
policy,116143,23078,23028,3959.3,261394,False,False,True,False,100,-1.4687993110018651
policy,116243,23098,23048,3963.1,261395,False,False,True,False,100,-1.823263824964194
policy,116277,23105,23055,3964.4,261396,False,False,False,True,34,-0.9808911564530725
policy,116347,23119,23069,3966.8,261397,False,False,False,True,70,-1.1746110448987999
policy,116447,23139,23089,3970.3,261398,False,False,True,False,100,-1.408914937692926
policy,116502,23150,23100,3972.2,261399,False,False,False,True,55,-0.9507184817527055
policy,116525,23154,23104,3972.9,261400,False,False,False,True,23,-0.811642317320547
policy,116625,23174,23124,3976.5,261401,False,False,True,False,100,-1.4808609477369155
policy,116696,23189,23139,3979.2,261402,False,False,False,True,71,-1.3324126451195504
policy,116741,23198,23148,3980.9,261403,False,False,False,True,45,-0.7765148502103801
policy,116841,23218,23168,3984.7,261404,False,False,True,False,100,-1.5131603896909014
policy,116941,23238,23188,3988.5,261405,False,False,True,False,100,-1.4512735354234083
policy,117041,23258,23208,3992.5,261406,False,False,True,False,100,-1.2508960306975192
policy,117141,23278,23228,3996.3,261407,False,False,True,False,100,-1.2441978712959378
policy,117241,23298,23248,3999.7,261408,False,False,True,False,100,-1.2698678863624402
policy,117341,23318,23268,4003.1,261409,False,False,True,False,100,-1.1949039282624812
policy,117435,23336,23286,4006.3,261410,False,False,False,True,94,-1.3674948747093227
policy,117535,23356,23306,4009.9,261411,False,False,True,False,100,-1.3968649044101098
policy,117574,23364,23314,4011.3,261412,False,False,False,True,39,-1.0271973255657847
policy,117674,23384,23334,4015.0,261413,False,False,True,False,100,-1.3822442887380775
policy,117774,23404,23354,4019.0,261414,False,False,True,False,100,-1.2715675342975798
policy,117802,23410,23360,4020.1,261415,False,False,False,True,28,-0.7745489612506201
policy,117902,23430,23380,4023.8,261416,False,False,True,False,100,-1.7915504706927674
policy,118002,23450,23400,4027.5,261417,False,False,True,False,100,-1.6379906641786235
policy,118102,23470,23420,4031.0,261418,False,False,True,False,100,-1.6527401956907168
policy,118202,23490,23440,4034.6,261419,False,False,True,False,100,-1.606047916034234
policy,118302,23510,23460,4038.2,261420,False,False,True,False,100,-1.169283711052937
policy,118326,23515,23465,4039.2,261421,False,False,False,True,24,-1.0057437713869817
policy,118381,23526,23476,4041.2,261422,False,False,False,True,55,-0.8354545687635437
policy,118464,23542,23492,4044.3,261423,False,False,False,True,83,-1.07333987302465
policy,118564,23562,23512,4048.1,261424,False,False,True,False,100,-1.4857305492436255
policy,118664,23582,23532,4052.0,261425,False,False,True,False,100,-1.4191892762612628
policy,118764,23602,23552,4055.9,261426,False,False,True,False,100,-1.1952700850848093
policy,118795,23608,23558,4057.2,261427,False,False,False,True,31,-0.7022417595469752
policy,118895,23628,23578,4061.0,261428,False,False,True,False,100,-1.1035892633943956
policy,118995,23648,23598,4064.7,261429,False,False,True,False,100,-1.2825852464909961
policy,119095,23668,23618,4068.5,261430,False,False,True,False,100,-1.1351466271758097
policy,119195,23688,23638,4072.0,261431,False,False,True,False,100,-1.222663001278276
policy,119295,23708,23658,4075.7,261432,False,False,True,False,100,-1.2519566175000647
policy,119316,23713,23663,4076.6,261433,False,False,False,True,21,-0.7822520637782955
policy,119416,23733,23683,4080.3,261434,False,False,True,False,100,-1.7771497496279314
policy,119516,23753,23703,4083.9,261435,False,False,True,False,100,-1.4593098709949677
policy,119600,23769,23719,4086.6,261436,False,False,False,True,84,-1.2890616884506163
policy,119700,23789,23739,4090.0,261437,False,False,True,False,100,-1.2141378663835651
policy,119800,23809,23759,4093.4,261438,False,False,True,False,100,-1.729739455073363
policy,119873,23824,23774,4096.1,261439,False,False,False,True,73,-1.4069496911199928
policy,119899,23829,23779,4097.1,261440,False,False,False,True,26,-0.8652933325612777
policy,119999,23849,23799,4100.8,261441,False,False,True,False,100,-1.2548231415995075
policy,120099,23869,23819,4104.5,261442,False,False,True,False,100,-1.1605739152913723
policy,120187,23887,23837,4108.0,261443,False,False,False,True,88,-1.3311952016818887
policy,120287,23907,23857,4111.9,261444,False,False,True,False,100,-1.3507554862938649
policy,120387,23927,23877,4115.7,261445,False,False,True,False,100,-1.5741733437688286
policy,120487,23947,23897,4119.3,261446,False,False,True,False,100,-1.5550354521249716
policy,120587,23967,23917,4123.1,261447,False,False,True,False,100,-1.4966672771240526
policy,120628,23975,23925,4124.6,261448,False,False,False,True,41,-0.9564045371373026
policy,120664,23982,23932,4126.0,261449,False,False,False,True,36,-0.9833142841124782
policy,120716,23993,23943,4128.1,261450,False,False,False,True,52,-0.8807060918572416
policy,120816,24013,23963,4131.8,261451,False,False,True,False,100,-1.3355934995452028
policy,120916,24033,23983,4135.5,261452,False,False,True,False,100,-1.1558672240184433
policy,121016,24053,24003,4139.1,261453,False,False,True,False,100,-1.5696552858751838
policy,121116,24073,24023,4142.8,261454,False,False,True,False,100,-1.42461861035855
policy,121216,24093,24043,4146.5,261455,False,False,True,False,100,-1.339720069025352
policy,121266,24103,24053,4148.4,261456,False,False,False,True,50,-1.18982693262772
policy,121298,24109,24059,4149.6,261457,False,False,False,True,32,-1.0384275873329283
policy,121301,24110,24060,4149.8,261458,False,False,False,True,3,-0.833567886981334
policy,121401,24130,24080,4153.6,261459,False,False,True,False,100,-1.5923439468700775
policy,121501,24150,24100,4157.5,261460,False,False,True,False,100,-1.2281703090683576
policy,121519,24153,24103,4158.1,261461,False,False,False,True,18,-0.6575314011920007
policy,121619,24173,24123,4161.6,261462,False,False,True,False,100,-1.2911195142368865
policy,121679,24185,24135,4163.7,261463,False,False,False,True,60,-1.366872581434826
policy,121766,24203,24153,4166.9,261464,False,False,False,True,87,-1.1807844702804542
policy,121849,24219,24169,4169.7,261465,False,False,False,True,83,-1.2772781435517984
policy,121949,24239,24189,4173.5,261466,False,False,True,False,100,-1.1389988880261892
policy,122049,24259,24209,4177.3,261467,False,False,True,False,100,-1.4199944505183817
policy,122149,24279,24229,4181.3,261468,False,False,True,False,100,-1.2062364431303418
policy,122249,24299,24249,4185.3,261469,False,False,True,False,100,-1.5886437964640936
policy,122349,24319,24269,4188.9,261470,False,False,True,False,100,-1.3791085053226997
policy,122449,24339,24289,4192.7,261471,False,False,True,False,100,-1.4761529527574377
policy,122549,24359,24309,4196.5,261472,False,False,True,False,100,-1.43290667544789
policy,122649,24379,24329,4200.3,261473,False,True,True,False,100,-1.8641869101785753
policy,122749,24399,24349,4204.0,261474,False,False,True,False,100,-1.6369679607168293
policy,122849,24419,24369,4208.1,261475,False,False,True,False,100,-1.6859731120337453
policy,122949,24439,24389,4211.9,261476,False,False,True,False,100,-1.3335417293511147
policy,123049,24459,24409,4216.0,261477,False,False,True,False,100,-1.5264575556389999
policy,123108,24471,24421,4218.4,261478,False,False,False,True,59,-1.2426501082518766
policy,123208,24491,24441,4222.2,261479,False,False,True,False,100,-1.233483159904111
policy,123308,24511,24461,4225.9,261480,False,False,True,False,100,-1.5943635820949935
policy,123408,24531,24481,4229.6,261481,False,False,True,False,100,-1.128954137759286
policy,123508,24551,24501,4233.4,261482,False,False,True,False,100,-1.2787213111389102
policy,123608,24571,24521,4237.0,261483,False,False,True,False,100,-1.1367476952911812
policy,123708,24591,24541,4240.6,261484,False,False,True,False,100,-1.374776459099031
policy,123808,24611,24561,4244.1,261485,False,False,True,False,100,-1.4589127108160045
policy,123881,24626,24576,4246.7,261486,False,False,False,True,73,-1.109613262292378
policy,123981,24646,24596,4250.4,261487,False,False,True,False,100,-1.3437017823901585
policy,124081,24666,24616,4254.1,261488,False,False,True,False,100,-1.6046872962156096
policy,124181,24686,24636,4258.0,261489,False,False,True,False,100,-1.166322203682783
policy,124281,24706,24656,4261.7,261490,False,False,True,False,100,-1.462480715625094
policy,124381,24726,24676,4265.5,261491,False,False,True,False,100,-1.4315911224653894
policy,124481,24746,24696,4269.2,261492,False,False,True,False,100,-1.2840719348299794
policy,124568,24763,24713,4272.2,261493,False,False,False,True,87,-1.0890470077572716
policy,124668,24783,24733,4275.7,261494,False,False,True,False,100,-1.3191449194059255
policy,124768,24803,24753,4279.8,261495,False,False,True,False,100,-1.437262828482051
policy,124868,24823,24773,4283.5,261496,False,False,True,False,100,-1.3784702650084109
policy,124968,24843,24793,4287.3,261497,False,False,True,False,100,-1.728085344076924
policy,125068,24863,24813,4290.9,261498,False,False,True,False,100,-1.2495866125698272
policy,125168,24883,24833,4294.7,261499,False,False,True,False,100,-1.2228440260522144
policy,125268,24903,24853,4298.5,261500,False,False,True,False,100,-1.2477742048617722
policy,125368,24923,24873,4302.1,261501,False,False,True,False,100,-1.1551119021057277
policy,125468,24943,24893,4305.8,261502,False,False,True,False,100,-1.2224596141013273
policy,125568,24963,24913,4309.3,261503,False,False,True,False,100,-1.3726308582864766
policy,125668,24983,24933,4313.0,261504,False,False,True,False,100,-1.4381884628289745
policy,125768,25003,24953,4316.8,261505,False,False,True,False,100,-1.3822272395623527
policy,125868,25023,24973,4320.9,261506,False,False,True,False,100,-1.2400502024425615
policy,125968,25043,24993,4325.1,261507,False,False,True,False,100,-1.0856792012401257
policy,126068,25063,25013,4329.1,261508,False,False,True,False,100,-1.8171525303656233
policy,126168,25083,25033,4332.9,261509,False,False,True,False,100,-1.0799980411660934
policy,126268,25103,25053,4336.7,261510,False,False,True,False,100,-1.6726835990901685
policy,126368,25123,25073,4340.2,261511,False,False,True,False,100,-1.3984416406440754
policy,126468,25143,25093,4343.7,261512,False,False,True,False,100,-1.8298941627630843
policy,126568,25163,25113,4347.3,261513,False,False,True,False,100,-1.5759567662057634
policy,126668,25183,25133,4350.8,261514,False,False,True,False,100,-1.1400445393343217
policy,126768,25203,25153,4354.4,261515,False,False,True,False,100,-1.0945541363654285
policy,126868,25223,25173,4357.9,261516,False,False,True,False,100,-1.7042621714354942
policy,126907,25231,25181,4359.4,261517,False,False,False,True,39,-0.9074118529204992
policy,127007,25251,25201,4363.1,261518,False,False,True,False,100,-1.3538675524030657
policy,127107,25271,25221,4366.7,261519,False,False,True,False,100,-1.689445655701039
policy,127207,25291,25241,4370.1,261520,False,False,True,False,100,-1.4244193189651355
policy,127307,25311,25261,4373.7,261521,False,False,True,False,100,-1.4655393077010823
policy,127407,25331,25281,4377.3,261522,False,False,True,False,100,-1.298605219966082
policy,127455,25340,25290,4379.0,261523,False,False,False,True,48,-1.0966840485449838
policy,127555,25360,25310,4382.5,261524,False,False,True,False,100,-1.5447519947858752
policy,127655,25380,25330,4385.9,261525,False,False,True,False,100,-1.5049617085049762
policy,127755,25400,25350,4389.3,261526,False,False,True,False,100,-1.627200808179292
policy,127827,25415,25365,4391.8,261527,False,False,False,True,72,-1.3276420004235505
policy,127927,25435,25385,4395.3,261528,False,False,True,False,100,-1.1908596763653552
policy,128027,25455,25405,4398.8,261529,False,False,True,False,100,-1.2808498310813108
policy,128127,25475,25425,4402.4,261530,False,False,True,False,100,-1.1674138144500867
policy,128193,25488,25438,4404.6,261531,False,False,False,True,66,-1.104300224455087
policy,128275,25504,25454,4407.3,261532,False,False,False,True,82,-1.3695282990576567
policy,128375,25524,25474,4410.7,261533,False,False,True,False,100,-1.5751073076817157
policy,128475,25544,25494,4414.2,261534,False,False,True,False,100,-1.5096713287208803
policy,128510,25551,25501,4415.4,261535,False,False,False,True,35,-0.9213686715519918
policy,128610,25571,25521,4419.3,261536,False,False,True,False,100,-1.6494375611426357
policy,128710,25591,25541,4423.0,261537,False,False,True,False,100,-1.2897995546766192
policy,128810,25611,25561,4426.7,261538,False,False,True,False,100,-1.216624095679049
policy,128910,25631,25581,4430.1,261539,False,False,True,False,100,-1.545585357556602
policy,128967,25643,25593,4432.2,261540,False,False,False,True,57,-1.0484675537738732
policy,129067,25663,25613,4435.7,261541,False,False,True,False,100,-1.3504560175735119
policy,129167,25683,25633,4439.4,261542,False,False,True,False,100,-1.5016123210849857
policy,129267,25703,25653,4443.1,261543,False,False,True,False,100,-1.4056249858261425
policy,129367,25723,25673,4446.9,261544,False,False,True,False,100,-1.6396234848260351
policy,129467,25743,25693,4450.7,261545,False,False,True,False,100,-1.4269026731037664
policy,129567,25763,25713,4454.5,261546,False,False,True,False,100,-1.6664078858187383
policy,129667,25783,25733,4458.2,261547,False,False,True,False,100,-1.631065775825709
policy,129767,25803,25753,4461.8,261548,False,False,True,False,100,-1.4628677260876635
policy,129867,25823,25773,4465.4,261549,False,False,True,False,100,-1.1083569970067524
policy,129967,25843,25793,4469.2,261550,False,False,True,False,100,-1.2228952714409986
policy,130067,25863,25813,4472.9,261551,False,False,True,False,100,-1.480809438110993
policy,130167,25883,25833,4476.4,261552,False,False,True,False,100,-1.3417798035576733
policy,130267,25903,25853,4480.0,261553,False,False,True,False,100,-1.4277441402077007
policy,130367,25923,25873,4483.6,261554,False,False,True,False,100,-1.4142069105579054
policy,130467,25943,25893,4487.1,261555,False,False,True,False,100,-1.4486784656207974
policy,130567,25963,25913,4490.5,261556,False,False,True,False,100,-1.2507148690036423
policy,130661,25982,25932,4494.0,261557,False,False,False,True,94,-1.3281871379875996
policy,130761,26002,25952,4497.9,261558,False,False,True,False,100,-1.2899490302484033
policy,130861,26022,25972,4501.5,261559,False,False,True,False,100,-1.116212376749873
policy,130961,26042,25992,4505.3,261560,False,False,True,False,100,-1.288994898427871
policy,131061,26062,26012,4509.4,261561,False,False,True,False,100,-1.3607451514794455
policy,131161,26082,26032,4512.8,261562,False,False,True,False,100,-1.1018191323336595
policy,131261,26102,26052,4516.6,261563,False,False,True,False,100,-1.1352169031951655
policy,131361,26122,26072,4520.2,261564,False,False,True,False,100,-1.3673896434443555
policy,131461,26142,26092,4523.7,261565,False,False,True,False,100,-1.3962278627117326
policy,131561,26162,26112,4527.4,261566,False,False,True,False,100,-1.2823035115460577
policy,131661,26182,26132,4531.2,261567,False,False,True,False,100,-1.3539798071151217
policy,131708,26191,26141,4533.0,261568,False,False,False,True,47,-1.2079387579017007
policy,131752,26200,26150,4534.7,261569,False,False,False,True,44,-1.089011038272583
policy,131852,26220,26170,4538.8,261570,False,False,True,False,100,-1.2326094033240305
policy,131952,26240,26190,4542.5,261571,False,False,True,False,100,-1.4702675545312407
policy,132052,26260,26210,4546.6,261572,False,False,True,False,100,-1.2794984711883008
policy,132152,26280,26230,4550.4,261573,False,False,True,False,100,-1.3573592487851778
policy,132252,26300,26250,4554.4,261574,False,False,True,False,100,-1.3725369305616686
policy,132352,26320,26270,4558.2,261575,False,False,True,False,100,-1.276377551031009
policy,132438,26337,26287,4561.4,261576,False,False,False,True,86,-1.26772857153112
policy,132538,26357,26307,4565.2,261577,False,False,True,False,100,-1.3809355910315244
policy,132638,26377,26327,4569.8,261578,False,False,True,False,100,-1.5903852344358949
policy,132688,26387,26337,4572.0,261579,False,False,False,True,50,-1.128085006334261
policy,132788,26407,26357,4576.2,261580,False,False,True,False,100,-1.6752212334064698
policy,132888,26427,26377,4580.3,261581,False,False,True,False,100,-1.1758007447978827
policy,132988,26447,26397,4584.0,261582,False,False,True,False,100,-1.285363445577703
policy,133088,26467,26417,4588.0,261583,False,False,True,False,100,-1.3603125811502899
policy,133188,26487,26437,4592.0,261584,False,False,True,False,100,-1.3760535005706642
policy,133288,26507,26457,4596.0,261585,False,True,True,False,100,-1.7846837430486708
policy,133388,26527,26477,4599.8,261586,False,False,True,False,100,-1.2813861552987396
policy,133488,26547,26497,4603.4,261587,False,False,True,False,100,-1.4864376064466311
policy,133588,26567,26517,4607.0,261588,False,False,True,False,100,-1.2748967321228413
policy,133688,26587,26537,4610.6,261589,False,False,True,False,100,-1.5569946371433365
policy,133788,26607,26557,4614.2,261590,False,False,True,False,100,-1.1998209063335343
policy,133888,26627,26577,4617.7,261591,False,False,True,False,100,-1.4765895160992522
policy,133988,26647,26597,4621.2,261592,False,False,True,False,100,-1.1908283062704472
policy,134088,26667,26617,4624.8,261593,False,False,True,False,100,-1.3311838681080437
policy,134128,26675,26625,4626.4,261594,False,False,False,True,40,-1.0805040435330941
policy,134138,26677,26627,4626.9,261595,False,False,False,True,10,-0.9458121566175792
policy,134238,26697,26647,4631.1,261596,False,False,True,False,100,-1.2665075013258753
policy,134338,26717,26667,4635.0,261597,False,False,True,False,100,-1.8647598434857957
policy,134438,26737,26687,4638.6,261598,False,False,True,False,100,-1.4866725122911855
policy,134538,26757,26707,4642.2,261599,False,False,True,False,100,-1.3212773981310002
policy,134638,26777,26727,4645.8,261600,False,False,True,False,100,-1.2447753650674975
policy,134738,26797,26747,4649.4,261601,False,False,True,False,100,-1.6602077232751014
policy,134838,26817,26767,4652.9,261602,False,False,True,False,100,-1.241451945824676
policy,134938,26837,26787,4656.5,261603,False,False,True,False,100,-1.441197563742191
policy,135038,26857,26807,4660.1,261604,False,False,True,False,100,-1.3345821645383014
policy,135061,26862,26812,4661.0,261605,False,False,False,True,23,-0.8515708343670725
policy,135161,26882,26832,4664.7,261606,False,False,True,False,100,-1.6135283988989877
policy,135261,26902,26852,4668.3,261607,False,False,True,False,100,-1.6414916171146021
policy,135361,26922,26872,4671.7,261608,False,False,True,False,100,-1.4325647901931429
policy,135461,26942,26892,4675.0,261609,False,False,True,False,100,-1.4535903480367138
policy,135561,26962,26912,4677.8,261610,False,False,True,False,100,-1.458424671997331
policy,135644,26978,26928,4679.7,261611,False,False,False,True,83,-1.191183641842608
policy,135744,26998,26948,4682.2,261612,False,False,True,False,100,-1.27569776037087
policy,135844,27018,26968,4684.6,261613,False,False,True,False,100,-1.4133927548815457
policy,135944,27038,26988,4687.1,261614,False,False,True,False,100,-1.3211659822019204
policy,136044,27058,27008,4689.5,261615,False,False,True,False,100,-1.5198593027995164
policy,136138,27077,27027,4691.7,261616,False,False,False,True,94,-1.6229895764142839
policy,136238,27097,27047,4694.1,261617,False,False,True,False,100,-1.6212196534461842
policy,136338,27117,27067,4696.5,261618,False,False,True,False,100,-1.4583092807774996
policy,136438,27137,27087,4699.0,261619,False,False,True,False,100,-1.3712608821641958
policy,136538,27157,27107,4701.5,261620,False,False,True,False,100,-1.477403034919871
policy,136638,27177,27127,4704.0,261621,False,False,True,False,100,-1.6325085526782104
policy,136738,27197,27147,4706.6,261622,False,False,True,False,100,-1.1921125345822272
policy,136838,27217,27167,4709.0,261623,False,False,True,False,100,-1.2290996341035365
policy,136938,27237,27187,4711.4,261624,False,False,True,False,100,-1.725112971775217
policy,137038,27257,27207,4713.8,261625,False,False,True,False,100,-1.1200987143185677
policy,137138,27277,27227,4716.2,261626,False,True,True,False,100,-1.2960904887867426
policy,137210,27291,27241,4717.9,261627,False,False,False,True,72,-1.156030448697316
policy,137310,27311,27261,4720.4,261628,False,False,True,False,100,-1.3258745085688644
policy,137410,27331,27281,4722.8,261629,False,False,True,False,100,-1.2239885992641673
policy,137510,27351,27301,4725.3,261630,False,False,True,False,100,-1.2924039168005979
policy,137547,27359,27309,4726.3,261631,False,False,False,True,37,-0.8937906928002266
policy,137647,27379,27329,4728.7,261632,False,False,True,False,100,-1.3805532958909308
